o Water_reed_02_Cube.043
usemtl Grass
v 15.249287605285645 1.9545049667358398 5.095372200012207
v 15.113205909729004 2.1971449851989746 5.227732181549072
v 15.044227600097656 2.245716094970703 5.190248012542725
v 15.249287605285645 1.9545049667358398 5.095372200012207
v 15.044227600097656 2.245716094970703 5.190248012542725
v 15.190938949584961 1.9884450435638428 5.047039031982422
v 15.190938949584961 1.9884450435638428 5.047039031982422
v 15.044227600097656 2.245716094970703 5.190248012542725
v 15.051858901977539 2.270850896835327 5.188849925994873
v 15.190938949584961 1.9884450435638428 5.047039031982422
v 15.051858901977539 2.270850896835327 5.188849925994873
v 15.203104019165039 2.0055739879608154 5.037199974060059
v 15.203104019165039 2.0055739879608154 5.037199974060059
v 15.051858901977539 2.270850896835327 5.188849925994873
v 15.120931625366211 2.2221360206604004 5.226499080657959
v 15.203104019165039 2.0055739879608154 5.037199974060059
v 15.120931625366211 2.2221360206604004 5.226499080657959
v 15.261384963989258 1.9723010063171387 5.085906028747559
v 15.261384963989258 1.9723010063171387 5.085906028747559
v 15.120931625366211 2.2221360206604004 5.226499080657959
v 15.113205909729004 2.1971449851989746 5.227732181549072
v 15.261384963989258 1.9723010063171387 5.085906028747559
v 15.113205909729004 2.1971449851989746 5.227732181549072
v 15.249287605285645 1.9545049667358398 5.095372200012207
v 15.337214469909668 1.2393360137939453 4.967313766479492
v 15.345540046691895 1.2403680086135864 4.958625793457031
v 15.377269744873047 1.2408570051193237 4.989141941070557
v 15.337214469909668 1.2393360137939453 4.967313766479492
v 15.377269744873047 1.2408570051193237 4.989141941070557
v 15.368945121765137 1.2398250102996826 4.997829914093018
v 15.051858901977539 2.270850896835327 5.188849925994873
v 15.044227600097656 2.245716094970703 5.190248012542725
v 14.916878700256348 2.4169631004333496 5.393992900848389
v 15.051858901977539 2.270850896835327 5.188849925994873
v 14.916878700256348 2.4169631004333496 5.393992900848389
v 14.916878700256348 2.4169631004333496 5.393992900848389
v 14.916878700256348 2.4169631004333496 5.393992900848389
v 14.916878700256348 2.4169631004333496 5.393992900848389
v 14.916878700256348 2.4169631004333496 5.393992900848389
v 14.916878700256348 2.4169631004333496 5.393992900848389
v 14.916878700256348 2.4169631004333496 5.393992900848389
v 14.916878700256348 2.4169631004333496 5.393992900848389
v 15.120931625366211 2.2221360206604004 5.226499080657959
v 15.051858901977539 2.270850896835327 5.188849925994873
v 14.916878700256348 2.4169631004333496 5.393992900848389
v 15.120931625366211 2.2221360206604004 5.226499080657959
v 14.916878700256348 2.4169631004333496 5.393992900848389
v 14.916878700256348 2.4169631004333496 5.393992900848389
v 15.044227600097656 2.245716094970703 5.190248012542725
v 15.113205909729004 2.1971449851989746 5.227732181549072
v 14.916878700256348 2.4169631004333496 5.393992900848389
v 15.113205909729004 2.1971449851989746 5.227732181549072
v 14.916878700256348 2.4169631004333496 5.393992900848389
v 14.916878700256348 2.4169631004333496 5.393992900848389
v 15.113205909729004 2.1971449851989746 5.227732181549072
v 15.120931625366211 2.2221360206604004 5.226499080657959
v 14.916878700256348 2.4169631004333496 5.393992900848389
v 15.113205909729004 2.1971449851989746 5.227732181549072
v 14.916878700256348 2.4169631004333496 5.393992900848389
v 14.916878700256348 2.4169631004333496 5.393992900848389
v 15.377269744873047 1.2408570051193237 4.989141941070557
v 15.35209846496582 1.612833023071289 5.004524230957031
v 15.340130805969238 1.6113309860229492 5.016852855682373
v 15.377269744873047 1.2408570051193237 4.989141941070557
v 15.340130805969238 1.6113309860229492 5.016852855682373
v 15.368945121765137 1.2398250102996826 4.997829914093018
v 15.35209846496582 1.612833023071289 5.004524230957031
v 15.261384963989258 1.9723010063171387 5.085906028747559
v 15.249287605285645 1.9545049667358398 5.095372200012207
v 15.35209846496582 1.612833023071289 5.004524230957031
v 15.249287605285645 1.9545049667358398 5.095372200012207
v 15.340130805969238 1.6113309860229492 5.016852855682373
v 15.345540046691895 1.2403680086135864 4.958625793457031
v 15.306678771972656 1.6192870140075684 4.960874080657959
v 15.35209846496582 1.612833023071289 5.004524230957031
v 15.345540046691895 1.2403680086135864 4.958625793457031
v 15.35209846496582 1.612833023071289 5.004524230957031
v 15.377269744873047 1.2408570051193237 4.989141941070557
v 15.306678771972656 1.6192870140075684 4.960874080657959
v 15.203104019165039 2.0055739879608154 5.037199974060059
v 15.261384963989258 1.9723010063171387 5.085906028747559
v 15.306678771972656 1.6192870140075684 4.960874080657959
v 15.261384963989258 1.9723010063171387 5.085906028747559
v 15.35209846496582 1.612833023071289 5.004524230957031
v 15.337214469909668 1.2393360137939453 4.967313766479492
v 15.294639587402344 1.6177749633789062 4.973278999328613
v 15.306678771972656 1.6192870140075684 4.960874080657959
v 15.337214469909668 1.2393360137939453 4.967313766479492
v 15.306678771972656 1.6192870140075684 4.960874080657959
v 15.345540046691895 1.2403680086135864 4.958625793457031
v 15.294639587402344 1.6177749633789062 4.973278999328613
v 15.190938949584961 1.9884450435638428 5.047039031982422
v 15.203104019165039 2.0055739879608154 5.037199974060059
v 15.294639587402344 1.6177749633789062 4.973278999328613
v 15.203104019165039 2.0055739879608154 5.037199974060059
v 15.306678771972656 1.6192870140075684 4.960874080657959
v 15.368945121765137 1.2398250102996826 4.997829914093018
v 15.340130805969238 1.6113309860229492 5.016852855682373
v 15.294639587402344 1.6177749633789062 4.973278999328613
v 15.368945121765137 1.2398250102996826 4.997829914093018
v 15.294639587402344 1.6177749633789062 4.973278999328613
v 15.337214469909668 1.2393360137939453 4.967313766479492
v 15.340130805969238 1.6113309860229492 5.016852855682373
v 15.249287605285645 1.9545049667358398 5.095372200012207
v 15.190938949584961 1.9884450435638428 5.047039031982422
v 15.340130805969238 1.6113309860229492 5.016852855682373
v 15.190938949584961 1.9884450435638428 5.047039031982422
v 15.294639587402344 1.6177749633789062 4.973278999328613
v 15.762248992919922 1.8936549425125122 4.495518207550049
v 15.932534217834473 2.234807014465332 4.33915376663208
v 15.990830421447754 2.2666549682617188 4.407299041748047
v 15.762248992919922 1.8936549425125122 4.495518207550049
v 15.990830421447754 2.2666549682617188 4.407299041748047
v 15.81402587890625 1.9159220457077026 4.562519073486328
v 15.81402587890625 1.9159220457077026 4.562519073486328
v 15.990830421447754 2.2666549682617188 4.407299041748047
v 15.983602523803711 2.2884979248046875 4.407467842102051
v 15.81402587890625 1.9159220457077026 4.562519073486328
v 15.983602523803711 2.2884979248046875 4.407467842102051
v 15.831033706665039 1.9563469886779785 4.557648181915283
v 15.831033706665039 1.9563469886779785 4.557648181915283
v 15.983602523803711 2.2884979248046875 4.407467842102051
v 15.925237655639648 2.2566139698028564 4.339126110076904
v 15.831033706665039 1.9563469886779785 4.557648181915283
v 15.925237655639648 2.2566139698028564 4.339126110076904
v 15.74928092956543 1.9054820537567139 4.503355979919434
v 15.74928092956543 1.9054820537567139 4.503355979919434
v 15.925237655639648 2.2566139698028564 4.339126110076904
v 15.932534217834473 2.234807014465332 4.33915376663208
v 15.74928092956543 1.9054820537567139 4.503355979919434
v 15.932534217834473 2.234807014465332 4.33915376663208
v 15.762248992919922 1.8936549425125122 4.495518207550049
v 15.67125415802002 1.2369829416275024 4.637872219085693
v 15.66316032409668 1.2397899627685547 4.643736839294434
v 15.6356201171875 1.2456769943237305 4.602877140045166
v 15.67125415802002 1.2369829416275024 4.637872219085693
v 15.6356201171875 1.2456769943237305 4.602877140045166
v 15.64371395111084 1.2428690195083618 4.597012996673584
v 15.983602523803711 2.2884979248046875 4.407467842102051
v 15.990830421447754 2.2666549682617188 4.407299041748047
v 16.132604598999023 2.4360570907592773 4.204805850982666
v 15.983602523803711 2.2884979248046875 4.407467842102051
v 16.132604598999023 2.4360570907592773 4.204805850982666
v 16.132604598999023 2.4360570907592773 4.204805850982666
v 16.132604598999023 2.4360570907592773 4.204805850982666
v 16.132604598999023 2.4360570907592773 4.204805850982666
v 16.132604598999023 2.4360570907592773 4.204805850982666
v 16.132604598999023 2.4360570907592773 4.204805850982666
v 16.132604598999023 2.4360570907592773 4.204805850982666
v 16.132604598999023 2.4360570907592773 4.204805850982666
v 15.925237655639648 2.2566139698028564 4.339126110076904
v 15.983602523803711 2.2884979248046875 4.407467842102051
v 16.132604598999023 2.4360570907592773 4.204805850982666
v 15.925237655639648 2.2566139698028564 4.339126110076904
v 16.132604598999023 2.4360570907592773 4.204805850982666
v 16.132604598999023 2.4360570907592773 4.204805850982666
v 15.990830421447754 2.2666549682617188 4.407299041748047
v 15.932534217834473 2.234807014465332 4.33915376663208
v 16.132604598999023 2.4360570907592773 4.204805850982666
v 15.932534217834473 2.234807014465332 4.33915376663208
v 16.132604598999023 2.4360570907592773 4.204805850982666
v 16.132604598999023 2.4360570907592773 4.204805850982666
v 15.932534217834473 2.234807014465332 4.33915376663208
v 15.925237655639648 2.2566139698028564 4.339126110076904
v 16.132604598999023 2.4360570907592773 4.204805850982666
v 15.925237655639648 2.2566139698028564 4.339126110076904
v 16.132604598999023 2.4360570907592773 4.204805850982666
v 16.132604598999023 2.4360570907592773 4.204805850982666
v 15.6356201171875 1.2456769943237305 4.602877140045166
v 15.65576171875 1.4805840253829956 4.5667500495910645
v 15.666335105895996 1.4780750274658203 4.559582233428955
v 15.6356201171875 1.2456769943237305 4.602877140045166
v 15.666335105895996 1.4780750274658203 4.559582233428955
v 15.64371395111084 1.2428690195083618 4.597012996673584
v 15.65576171875 1.4805840253829956 4.5667500495910645
v 15.74928092956543 1.9054820537567139 4.503355979919434
v 15.762248992919922 1.8936549425125122 4.495518207550049
v 15.65576171875 1.4805840253829956 4.5667500495910645
v 15.762248992919922 1.8936549425125122 4.495518207550049
v 15.666335105895996 1.4780750274658203 4.559582233428955
v 15.66316032409668 1.2397899627685547 4.643736839294434
v 15.713471412658691 1.4872620105743408 4.603157043457031
v 15.65576171875 1.4805840253829956 4.5667500495910645
v 15.66316032409668 1.2397899627685547 4.643736839294434
v 15.65576171875 1.4805840253829956 4.5667500495910645
v 15.6356201171875 1.2456769943237305 4.602877140045166
v 15.713471412658691 1.4872620105743408 4.603157043457031
v 15.831033706665039 1.9563469886779785 4.557648181915283
v 15.74928092956543 1.9054820537567139 4.503355979919434
v 15.713471412658691 1.4872620105743408 4.603157043457031
v 15.74928092956543 1.9054820537567139 4.503355979919434
v 15.65576171875 1.4805840253829956 4.5667500495910645
v 15.67125415802002 1.2369829416275024 4.637872219085693
v 15.70221996307373 1.4835669994354248 4.610443115234375
v 15.66316032409668 1.2397899627685547 4.643736839294434
v 15.70221996307373 1.4835669994354248 4.610443115234375
v 15.713471412658691 1.4872620105743408 4.603157043457031
v 15.66316032409668 1.2397899627685547 4.643736839294434
v 15.70221996307373 1.4835669994354248 4.610443115234375
v 15.81402587890625 1.9159220457077026 4.562519073486328
v 15.831033706665039 1.9563469886779785 4.557648181915283
v 15.70221996307373 1.4835669994354248 4.610443115234375
v 15.831033706665039 1.9563469886779785 4.557648181915283
v 15.713471412658691 1.4872620105743408 4.603157043457031
v 15.64371395111084 1.2428690195083618 4.597012996673584
v 15.666335105895996 1.4780750274658203 4.559582233428955
v 15.70221996307373 1.4835669994354248 4.610443115234375
v 15.64371395111084 1.2428690195083618 4.597012996673584
v 15.70221996307373 1.4835669994354248 4.610443115234375
v 15.67125415802002 1.2369829416275024 4.637872219085693
v 15.666335105895996 1.4780750274658203 4.559582233428955
v 15.762248992919922 1.8936549425125122 4.495518207550049
v 15.81402587890625 1.9159220457077026 4.562519073486328
v 15.666335105895996 1.4780750274658203 4.559582233428955
v 15.81402587890625 1.9159220457077026 4.562519073486328
v 15.70221996307373 1.4835669994354248 4.610443115234375
v 15.262998580932617 1.8975720405578613 4.444386959075928
v 15.16995620727539 2.209774971008301 4.267508029937744
v 15.252013206481934 2.240200996398926 4.230713844299316
v 15.262998580932617 1.8975720405578613 4.444386959075928
v 15.252013206481934 2.240200996398926 4.230713844299316
v 15.342910766601562 1.9169880151748657 4.4134840965271
v 15.342910766601562 1.9169880151748657 4.4134840965271
v 15.252013206481934 2.240200996398926 4.230713844299316
v 15.250373840332031 2.2621119022369385 4.237526893615723
v 15.342910766601562 1.9169880151748657 4.4134840965271
v 15.250373840332031 2.2621119022369385 4.237526893615723
v 15.347229957580566 1.9286530017852783 4.428250789642334
v 15.347229957580566 1.9286530017852783 4.428250789642334
v 15.250373840332031 2.2621119022369385 4.237526893615723
v 15.168107986450195 2.231611967086792 4.274343967437744
v 15.347229957580566 1.9286530017852783 4.428250789642334
v 15.168107986450195 2.231611967086792 4.274343967437744
v 15.267056465148926 1.9093339443206787 4.45905876159668
v 15.267056465148926 1.9093339443206787 4.45905876159668
v 15.168107986450195 2.231611967086792 4.274343967437744
v 15.16995620727539 2.209774971008301 4.267508029937744
v 15.267056465148926 1.9093339443206787 4.45905876159668
v 15.16995620727539 2.209774971008301 4.267508029937744
v 15.262998580932617 1.8975720405578613 4.444386959075928
v 15.36028003692627 1.2314039468765259 4.599502086639404
v 15.36348819732666 1.233394980430603 4.609169006347656
v 15.316275596618652 1.2348239421844482 4.62458610534668
v 15.36028003692627 1.2314039468765259 4.599502086639404
v 15.316275596618652 1.2348239421844482 4.62458610534668
v 15.313067436218262 1.2328330278396606 4.614918231964111
v 15.250373840332031 2.2621119022369385 4.237526893615723
v 15.252013206481934 2.240200996398926 4.230713844299316
v 15.099752426147461 2.410370111465454 4.036697864532471
v 15.250373840332031 2.2621119022369385 4.237526893615723
v 15.099752426147461 2.410370111465454 4.036697864532471
v 15.099752426147461 2.410370111465454 4.036697864532471
v 15.099752426147461 2.410370111465454 4.036697864532471
v 15.099752426147461 2.410370111465454 4.036697864532471
v 15.099752426147461 2.410370111465454 4.036697864532471
v 15.099752426147461 2.410370111465454 4.036697864532471
v 15.099752426147461 2.410370111465454 4.036697864532471
v 15.099752426147461 2.410370111465454 4.036697864532471
v 15.168107986450195 2.231611967086792 4.274343967437744
v 15.250373840332031 2.2621119022369385 4.237526893615723
v 15.099752426147461 2.410370111465454 4.036697864532471
v 15.250373840332031 2.2621119022369385 4.237526893615723
v 15.099752426147461 2.410370111465454 4.036697864532471
v 15.099752426147461 2.410370111465454 4.036697864532471
v 15.252013206481934 2.240200996398926 4.230713844299316
v 15.16995620727539 2.209774971008301 4.267508029937744
v 15.099752426147461 2.410370111465454 4.036697864532471
v 15.16995620727539 2.209774971008301 4.267508029937744
v 15.099752426147461 2.410370111465454 4.036697864532471
v 15.099752426147461 2.410370111465454 4.036697864532471
v 15.16995620727539 2.209774971008301 4.267508029937744
v 15.168107986450195 2.231611967086792 4.274343967437744
v 15.099752426147461 2.410370111465454 4.036697864532471
v 15.16995620727539 2.209774971008301 4.267508029937744
v 15.099752426147461 2.410370111465454 4.036697864532471
v 15.099752426147461 2.410370111465454 4.036697864532471
v 15.316275596618652 1.2348239421844482 4.62458610534668
v 15.294587135314941 1.481598973274231 4.576170921325684
v 15.290608406066895 1.4790409803390503 4.563827991485596
v 15.316275596618652 1.2348239421844482 4.62458610534668
v 15.290608406066895 1.4790409803390503 4.563827991485596
v 15.313067436218262 1.2328330278396606 4.614918231964111
v 15.294587135314941 1.481598973274231 4.576170921325684
v 15.267056465148926 1.9093339443206787 4.45905876159668
v 15.262998580932617 1.8975720405578613 4.444386959075928
v 15.294587135314941 1.481598973274231 4.576170921325684
v 15.262998580932617 1.8975720405578613 4.444386959075928
v 15.290608406066895 1.4790409803390503 4.563827991485596
v 15.36348819732666 1.233394980430603 4.609169006347656
v 15.354602813720703 1.4848359823226929 4.5559821128845215
v 15.294587135314941 1.481598973274231 4.576170921325684
v 15.36348819732666 1.233394980430603 4.609169006347656
v 15.294587135314941 1.481598973274231 4.576170921325684
v 15.316275596618652 1.2348239421844482 4.62458610534668
v 15.354602813720703 1.4848359823226929 4.5559821128845215
v 15.347229957580566 1.9286530017852783 4.428250789642334
v 15.267056465148926 1.9093339443206787 4.45905876159668
v 15.354602813720703 1.4848359823226929 4.5559821128845215
v 15.267056465148926 1.9093339443206787 4.45905876159668
v 15.294587135314941 1.481598973274231 4.576170921325684
v 15.36028003692627 1.2314039468765259 4.599502086639404
v 15.350601196289062 1.4822640419006348 4.543572902679443
v 15.354602813720703 1.4848359823226929 4.5559821128845215
v 15.36028003692627 1.2314039468765259 4.599502086639404
v 15.354602813720703 1.4848359823226929 4.5559821128845215
v 15.36348819732666 1.233394980430603 4.609169006347656
v 15.350601196289062 1.4822640419006348 4.543572902679443
v 15.342910766601562 1.9169880151748657 4.4134840965271
v 15.347229957580566 1.9286530017852783 4.428250789642334
v 15.350601196289062 1.4822640419006348 4.543572902679443
v 15.347229957580566 1.9286530017852783 4.428250789642334
v 15.354602813720703 1.4848359823226929 4.5559821128845215
v 15.313067436218262 1.2328330278396606 4.614918231964111
v 15.290608406066895 1.4790409803390503 4.563827991485596
v 15.350601196289062 1.4822640419006348 4.543572902679443
v 15.313067436218262 1.2328330278396606 4.614918231964111
v 15.350601196289062 1.4822640419006348 4.543572902679443
v 15.36028003692627 1.2314039468765259 4.599502086639404
v 15.290608406066895 1.4790409803390503 4.563827991485596
v 15.262998580932617 1.8975720405578613 4.444386959075928
v 15.342910766601562 1.9169880151748657 4.4134840965271
v 15.290608406066895 1.4790409803390503 4.563827991485596
v 15.342910766601562 1.9169880151748657 4.4134840965271
v 15.350601196289062 1.4822640419006348 4.543572902679443
v 15.663866996765137 1.9171619415283203 5.087292194366455
v 15.743157386779785 2.2330949306488037 5.328107833862305
v 15.658982276916504 2.2623178958892822 5.3597187995910645
v 15.663866996765137 1.9171619415283203 5.087292194366455
v 15.658982276916504 2.2623178958892822 5.3597187995910645
v 15.585736274719238 1.9311800003051758 5.111029148101807
v 15.585736274719238 1.9311800003051758 5.111029148101807
v 15.658982276916504 2.2623178958892822 5.3597187995910645
v 15.661565780639648 2.284743070602417 5.354241847991943
v 15.585736274719238 1.9311800003051758 5.111029148101807
v 15.661565780639648 2.284743070602417 5.354241847991943
v 15.582627296447754 1.944517970085144 5.096714973449707
v 15.582627296447754 1.944517970085144 5.096714973449707
v 15.661565780639648 2.284743070602417 5.354241847991943
v 15.745962142944336 2.2554609775543213 5.322587966918945
v 15.582627296447754 1.944517970085144 5.096714973449707
v 15.745962142944336 2.2554609775543213 5.322587966918945
v 15.660874366760254 1.9302170276641846 5.0728888511657715
v 15.660874366760254 1.9302170276641846 5.0728888511657715
v 15.745962142944336 2.2554609775543213 5.322587966918945
v 15.743157386779785 2.2330949306488037 5.328107833862305
v 15.660874366760254 1.9302170276641846 5.0728888511657715
v 15.743157386779785 2.2330949306488037 5.328107833862305
v 15.663866996765137 1.9171619415283203 5.087292194366455
v 15.547959327697754 1.2505899667739868 4.923455238342285
v 15.545510292053223 1.2530889511108398 4.91366720199585
v 15.5936861038208 1.2537009716033936 4.901662826538086
v 15.547959327697754 1.2505899667739868 4.923455238342285
v 15.5936861038208 1.2537009716033936 4.901662826538086
v 15.596135139465332 1.2512019872665405 4.9114508628845215
v 15.661565780639648 2.284743070602417 5.354241847991943
v 15.658982276916504 2.2623178958892822 5.3597187995910645
v 15.799899101257324 2.4205288887023926 5.573441982269287
v 15.661565780639648 2.284743070602417 5.354241847991943
v 15.799899101257324 2.4205288887023926 5.573441982269287
v 15.799899101257324 2.4205288887023926 5.573441982269287
v 15.799899101257324 2.4205288887023926 5.573441982269287
v 15.799899101257324 2.4205288887023926 5.573441982269287
v 15.799899101257324 2.4205288887023926 5.573441982269287
v 15.799899101257324 2.4205288887023926 5.573441982269287
v 15.799899101257324 2.4205288887023926 5.573441982269287
v 15.799899101257324 2.4205288887023926 5.573441982269287
v 15.745962142944336 2.2554609775543213 5.322587966918945
v 15.661565780639648 2.284743070602417 5.354241847991943
v 15.799899101257324 2.4205288887023926 5.573441982269287
v 15.661565780639648 2.284743070602417 5.354241847991943
v 15.799899101257324 2.4205288887023926 5.573441982269287
v 15.799899101257324 2.4205288887023926 5.573441982269287
v 15.658982276916504 2.2623178958892822 5.3597187995910645
v 15.743157386779785 2.2330949306488037 5.328107833862305
v 15.799899101257324 2.4205288887023926 5.573441982269287
v 15.743157386779785 2.2330949306488037 5.328107833862305
v 15.799899101257324 2.4205288887023926 5.573441982269287
v 15.799899101257324 2.4205288887023926 5.573441982269287
v 15.743157386779785 2.2330949306488037 5.328107833862305
v 15.745962142944336 2.2554609775543213 5.322587966918945
v 15.799899101257324 2.4205288887023926 5.573441982269287
v 15.745962142944336 2.2554609775543213 5.322587966918945
v 15.799899101257324 2.4205288887023926 5.573441982269287
v 15.799899101257324 2.4205288887023926 5.573441982269287
v 15.5936861038208 1.2537009716033936 4.901662826538086
v 15.613170623779297 1.5180439949035645 4.941711902618408
v 15.61618709564209 1.51453697681427 4.954362869262695
v 15.5936861038208 1.2537009716033936 4.901662826538086
v 15.61618709564209 1.51453697681427 4.954362869262695
v 15.596135139465332 1.2512019872665405 4.9114508628845215
v 15.613170623779297 1.5180439949035645 4.941711902618408
v 15.660874366760254 1.9302170276641846 5.0728888511657715
v 15.663866996765137 1.9171619415283203 5.087292194366455
v 15.613170623779297 1.5180439949035645 4.941711902618408
v 15.663866996765137 1.9171619415283203 5.087292194366455
v 15.61618709564209 1.51453697681427 4.954362869262695
v 15.545510292053223 1.2530889511108398 4.91366720199585
v 15.551003456115723 1.5224629640579224 4.957936763763428
v 15.613170623779297 1.5180439949035645 4.941711902618408
v 15.545510292053223 1.2530889511108398 4.91366720199585
v 15.613170623779297 1.5180439949035645 4.941711902618408
v 15.5936861038208 1.2537009716033936 4.901662826538086
v 15.551003456115723 1.5224629640579224 4.957936763763428
v 15.582627296447754 1.944517970085144 5.096714973449707
v 15.660874366760254 1.9302170276641846 5.0728888511657715
v 15.551003456115723 1.5224629640579224 4.957936763763428
v 15.660874366760254 1.9302170276641846 5.0728888511657715
v 15.613170623779297 1.5180439949035645 4.941711902618408
v 15.547959327697754 1.2505899667739868 4.923455238342285
v 15.554096221923828 1.5189299583435059 4.970637798309326
v 15.551003456115723 1.5224629640579224 4.957936763763428
v 15.547959327697754 1.2505899667739868 4.923455238342285
v 15.551003456115723 1.5224629640579224 4.957936763763428
v 15.545510292053223 1.2530889511108398 4.91366720199585
v 15.554096221923828 1.5189299583435059 4.970637798309326
v 15.585736274719238 1.9311800003051758 5.111029148101807
v 15.582627296447754 1.944517970085144 5.096714973449707
v 15.554096221923828 1.5189299583435059 4.970637798309326
v 15.582627296447754 1.944517970085144 5.096714973449707
v 15.551003456115723 1.5224629640579224 4.957936763763428
v 15.596135139465332 1.2512019872665405 4.9114508628845215
v 15.61618709564209 1.51453697681427 4.954362869262695
v 15.554096221923828 1.5189299583435059 4.970637798309326
v 15.596135139465332 1.2512019872665405 4.9114508628845215
v 15.554096221923828 1.5189299583435059 4.970637798309326
v 15.547959327697754 1.2505899667739868 4.923455238342285
v 15.61618709564209 1.51453697681427 4.954362869262695
v 15.663866996765137 1.9171619415283203 5.087292194366455
v 15.585736274719238 1.9311800003051758 5.111029148101807
v 15.61618709564209 1.51453697681427 4.954362869262695
v 15.585736274719238 1.9311800003051758 5.111029148101807
v 15.554096221923828 1.5189299583435059 4.970637798309326
v 15.830889701843262 1.7558619976043701 4.785285949707031
v 15.909662246704102 1.9738249778747559 4.7593607902526855
v 15.910390853881836 1.999822974205017 4.822075843811035
v 15.830889701843262 1.7558619976043701 4.785285949707031
v 15.910390853881836 1.999822974205017 4.822075843811035
v 15.825004577636719 1.7753889560699463 4.8424859046936035
v 15.825004577636719 1.7753889560699463 4.8424859046936035
v 15.910390853881836 1.999822974205017 4.822075843811035
v 15.902105331420898 2.0133450031280518 4.81898307800293
v 15.825004577636719 1.7753889560699463 4.8424859046936035
v 15.902105331420898 2.0133450031280518 4.81898307800293
v 15.814162254333496 1.7834819555282593 4.840099811553955
v 15.814162254333496 1.7834819555282593 4.840099811553955
v 15.902105331420898 2.0133450031280518 4.81898307800293
v 15.901545524597168 1.9878220558166504 4.7560811042785645
v 15.814162254333496 1.7834819555282593 4.840099811553955
v 15.901545524597168 1.9878220558166504 4.7560811042785645
v 15.820212364196777 1.7623389959335327 4.784244060516357
v 15.820212364196777 1.7623389959335327 4.784244060516357
v 15.901545524597168 1.9878220558166504 4.7560811042785645
v 15.909662246704102 1.9738249778747559 4.7593607902526855
v 15.820212364196777 1.7623389959335327 4.784244060516357
v 15.909662246704102 1.9738249778747559 4.7593607902526855
v 15.830889701843262 1.7558619976043701 4.785285949707031
v 15.75358772277832 1.2440520524978638 4.845033168792725
v 15.745983123779297 1.2449769973754883 4.84392786026001
v 15.751087188720703 1.2432210445404053 4.8072710037231445
v 15.75358772277832 1.2440520524978638 4.845033168792725
v 15.751087188720703 1.2432210445404053 4.8072710037231445
v 15.758691787719727 1.2422959804534912 4.808375835418701
v 15.902105331420898 2.0133450031280518 4.81898307800293
v 15.910390853881836 1.999822974205017 4.822075843811035
v 16.037324905395508 2.162734031677246 4.756875991821289
v 15.910390853881836 1.999822974205017 4.822075843811035
v 16.037324905395508 2.162734031677246 4.756875991821289
v 16.037324905395508 2.162734031677246 4.756875991821289
v 16.037324905395508 2.162734031677246 4.756875991821289
v 16.037324905395508 2.162734031677246 4.756875991821289
v 16.037324905395508 2.162734031677246 4.756875991821289
v 16.037324905395508 2.162734031677246 4.756875991821289
v 16.037324905395508 2.162734031677246 4.756875991821289
v 16.037324905395508 2.162734031677246 4.756875991821289
v 15.901545524597168 1.9878220558166504 4.7560811042785645
v 15.902105331420898 2.0133450031280518 4.81898307800293
v 16.037324905395508 2.162734031677246 4.756875991821289
v 15.901545524597168 1.9878220558166504 4.7560811042785645
v 16.037324905395508 2.162734031677246 4.756875991821289
v 16.037324905395508 2.162734031677246 4.756875991821289
v 15.910390853881836 1.999822974205017 4.822075843811035
v 15.909662246704102 1.9738249778747559 4.7593607902526855
v 16.037324905395508 2.162734031677246 4.756875991821289
v 15.909662246704102 1.9738249778747559 4.7593607902526855
v 16.037324905395508 2.162734031677246 4.756875991821289
v 16.037324905395508 2.162734031677246 4.756875991821289
v 15.909662246704102 1.9738249778747559 4.7593607902526855
v 15.901545524597168 1.9878220558166504 4.7560811042785645
v 16.037324905395508 2.162734031677246 4.756875991821289
v 15.901545524597168 1.9878220558166504 4.7560811042785645
v 16.037324905395508 2.162734031677246 4.756875991821289
v 16.037324905395508 2.162734031677246 4.756875991821289
v 15.751087188720703 1.2432210445404053 4.8072710037231445
v 15.768080711364746 1.4616349935531616 4.793163776397705
v 15.7774076461792 1.460405945777893 4.794613838195801
v 15.751087188720703 1.2432210445404053 4.8072710037231445
v 15.7774076461792 1.460405945777893 4.794613838195801
v 15.758691787719727 1.2422959804534912 4.808375835418701
v 15.768080711364746 1.4616349935531616 4.793163776397705
v 15.820212364196777 1.7623389959335327 4.784244060516357
v 15.830889701843262 1.7558619976043701 4.785285949707031
v 15.768080711364746 1.4616349935531616 4.793163776397705
v 15.830889701843262 1.7558619976043701 4.785285949707031
v 15.7774076461792 1.460405945777893 4.794613838195801
v 15.745983123779297 1.2449769973754883 4.84392786026001
v 15.761903762817383 1.4673559665679932 4.837997913360596
v 15.768080711364746 1.4616349935531616 4.793163776397705
v 15.745983123779297 1.2449769973754883 4.84392786026001
v 15.768080711364746 1.4616349935531616 4.793163776397705
v 15.751087188720703 1.2432210445404053 4.8072710037231445
v 15.761903762817383 1.4673559665679932 4.837997913360596
v 15.814162254333496 1.7834819555282593 4.840099811553955
v 15.820212364196777 1.7623389959335327 4.784244060516357
v 15.761903762817383 1.4673559665679932 4.837997913360596
v 15.820212364196777 1.7623389959335327 4.784244060516357
v 15.768080711364746 1.4616349935531616 4.793163776397705
v 15.75358772277832 1.2440520524978638 4.845033168792725
v 15.771269798278809 1.466115951538086 4.839436054229736
v 15.761903762817383 1.4673559665679932 4.837997913360596
v 15.75358772277832 1.2440520524978638 4.845033168792725
v 15.761903762817383 1.4673559665679932 4.837997913360596
v 15.745983123779297 1.2449769973754883 4.84392786026001
v 15.771269798278809 1.466115951538086 4.839436054229736
v 15.825004577636719 1.7753889560699463 4.8424859046936035
v 15.814162254333496 1.7834819555282593 4.840099811553955
v 15.771269798278809 1.466115951538086 4.839436054229736
v 15.814162254333496 1.7834819555282593 4.840099811553955
v 15.761903762817383 1.4673559665679932 4.837997913360596
v 15.758691787719727 1.2422959804534912 4.808375835418701
v 15.7774076461792 1.460405945777893 4.794613838195801
v 15.771269798278809 1.466115951538086 4.839436054229736
v 15.758691787719727 1.2422959804534912 4.808375835418701
v 15.771269798278809 1.466115951538086 4.839436054229736
v 15.75358772277832 1.2440520524978638 4.845033168792725
v 15.7774076461792 1.460405945777893 4.794613838195801
v 15.830889701843262 1.7558619976043701 4.785285949707031
v 15.825004577636719 1.7753889560699463 4.8424859046936035
v 15.7774076461792 1.460405945777893 4.794613838195801
v 15.825004577636719 1.7753889560699463 4.8424859046936035
v 15.771269798278809 1.466115951538086 4.839436054229736
v 15.453080177307129 1.679090976715088 4.554541110992432
v 15.434464454650879 2.0575919151306152 4.4517598152160645
v 15.498690605163574 2.080841064453125 4.4563140869140625
v 15.453080177307129 1.679090976715088 4.554541110992432
v 15.498690605163574 2.080841064453125 4.4563140869140625
v 15.508045196533203 1.6982589960098267 4.5601959228515625
v 15.508045196533203 1.6982589960098267 4.5601959228515625
v 15.498690605163574 2.080841064453125 4.4563140869140625
v 15.495828628540039 2.0918760299682617 4.466882228851318
v 15.508045196533203 1.6982589960098267 4.5601959228515625
v 15.495828628540039 2.0918760299682617 4.466882228851318
v 15.505960464477539 1.7041740417480469 4.5710320472717285
v 15.505960464477539 1.7041740417480469 4.5710320472717285
v 15.495828628540039 2.0918760299682617 4.466882228851318
v 15.43152141571045 2.06862211227417 4.462228775024414
v 15.505960464477539 1.7041740417480469 4.5710320472717285
v 15.43152141571045 2.06862211227417 4.462228775024414
v 15.450952529907227 1.6849550008773804 4.565170764923096
v 15.450952529907227 1.6849550008773804 4.565170764923096
v 15.43152141571045 2.06862211227417 4.462228775024414
v 15.434464454650879 2.0575919151306152 4.4517598152160645
v 15.450952529907227 1.6849550008773804 4.565170764923096
v 15.434464454650879 2.0575919151306152 4.4517598152160645
v 15.453080177307129 1.679090976715088 4.554541110992432
v 15.485081672668457 1.231840968132019 4.621038913726807
v 15.484027862548828 1.2324539422988892 4.628688812255859
v 15.447346687316895 1.2324550151824951 4.62368106842041
v 15.485081672668457 1.231840968132019 4.621038913726807
v 15.447346687316895 1.2324550151824951 4.62368106842041
v 15.448399543762207 1.2318429946899414 4.616031169891357
v 15.495828628540039 2.0918760299682617 4.466882228851318
v 15.498690605163574 2.080841064453125 4.4563140869140625
v 15.43592643737793 2.2754158973693848 4.367545127868652
v 15.498690605163574 2.080841064453125 4.4563140869140625
v 15.43592643737793 2.2754158973693848 4.367545127868652
v 15.43592643737793 2.2754158973693848 4.367545127868652
v 15.43592643737793 2.2754158973693848 4.367545127868652
v 15.43592643737793 2.2754158973693848 4.367545127868652
v 15.43592643737793 2.2754158973693848 4.367545127868652
v 15.43592643737793 2.2754158973693848 4.367545127868652
v 15.43592643737793 2.2754158973693848 4.367545127868652
v 15.43592643737793 2.2754158973693848 4.367545127868652
v 15.43152141571045 2.06862211227417 4.462228775024414
v 15.495828628540039 2.0918760299682617 4.466882228851318
v 15.43592643737793 2.2754158973693848 4.367545127868652
v 15.495828628540039 2.0918760299682617 4.466882228851318
v 15.43592643737793 2.2754158973693848 4.367545127868652
v 15.43592643737793 2.2754158973693848 4.367545127868652
v 15.498690605163574 2.080841064453125 4.4563140869140625
v 15.434464454650879 2.0575919151306152 4.4517598152160645
v 15.43592643737793 2.2754158973693848 4.367545127868652
v 15.434464454650879 2.0575919151306152 4.4517598152160645
v 15.43592643737793 2.2754158973693848 4.367545127868652
v 15.43592643737793 2.2754158973693848 4.367545127868652
v 15.434464454650879 2.0575919151306152 4.4517598152160645
v 15.43152141571045 2.06862211227417 4.462228775024414
v 15.43592643737793 2.2754158973693848 4.367545127868652
v 15.43152141571045 2.06862211227417 4.462228775024414
v 15.43592643737793 2.2754158973693848 4.367545127868652
v 15.43592643737793 2.2754158973693848 4.367545127868652
v 15.447346687316895 1.2324550151824951 4.62368106842041
v 15.449726104736328 1.4053230285644531 4.604633808135986
v 15.450849533081055 1.4054980278015137 4.59561014175415
v 15.447346687316895 1.2324550151824951 4.62368106842041
v 15.450849533081055 1.4054980278015137 4.59561014175415
v 15.448399543762207 1.2318429946899414 4.616031169891357
v 15.449726104736328 1.4053230285644531 4.604633808135986
v 15.450952529907227 1.6849550008773804 4.565170764923096
v 15.453080177307129 1.679090976715088 4.554541110992432
v 15.449726104736328 1.4053230285644531 4.604633808135986
v 15.453080177307129 1.679090976715088 4.554541110992432
v 15.450849533081055 1.4054980278015137 4.59561014175415
v 15.484027862548828 1.2324539422988892 4.628688812255859
v 15.486458778381348 1.4128769636154175 4.61110782623291
v 15.449726104736328 1.4053230285644531 4.604633808135986
v 15.484027862548828 1.2324539422988892 4.628688812255859
v 15.449726104736328 1.4053230285644531 4.604633808135986
v 15.447346687316895 1.2324550151824951 4.62368106842041
v 15.486458778381348 1.4128769636154175 4.61110782623291
v 15.505960464477539 1.7041740417480469 4.5710320472717285
v 15.450952529907227 1.6849550008773804 4.565170764923096
v 15.486458778381348 1.4128769636154175 4.61110782623291
v 15.450952529907227 1.6849550008773804 4.565170764923096
v 15.449726104736328 1.4053230285644531 4.604633808135986
v 15.485081672668457 1.231840968132019 4.621038913726807
v 15.487775802612305 1.4121429920196533 4.60211181640625
v 15.486458778381348 1.4128769636154175 4.61110782623291
v 15.485081672668457 1.231840968132019 4.621038913726807
v 15.486458778381348 1.4128769636154175 4.61110782623291
v 15.484027862548828 1.2324539422988892 4.628688812255859
v 15.487775802612305 1.4121429920196533 4.60211181640625
v 15.508045196533203 1.6982589960098267 4.5601959228515625
v 15.505960464477539 1.7041740417480469 4.5710320472717285
v 15.487775802612305 1.4121429920196533 4.60211181640625
v 15.505960464477539 1.7041740417480469 4.5710320472717285
v 15.486458778381348 1.4128769636154175 4.61110782623291
v 15.448399543762207 1.2318429946899414 4.616031169891357
v 15.450849533081055 1.4054980278015137 4.59561014175415
v 15.487775802612305 1.4121429920196533 4.60211181640625
v 15.448399543762207 1.2318429946899414 4.616031169891357
v 15.487775802612305 1.4121429920196533 4.60211181640625
v 15.485081672668457 1.231840968132019 4.621038913726807
v 15.450849533081055 1.4054980278015137 4.59561014175415
v 15.453080177307129 1.679090976715088 4.554541110992432
v 15.508045196533203 1.6982589960098267 4.5601959228515625
v 15.450849533081055 1.4054980278015137 4.59561014175415
v 15.508045196533203 1.6982589960098267 4.5601959228515625
v 15.487775802612305 1.4121429920196533 4.60211181640625
v 15.597808837890625 1.7003740072250366 4.741790771484375
v 15.648137092590332 2.0962491035461426 4.713992118835449
v 15.640063285827637 2.121222972869873 4.777344226837158
v 15.597808837890625 1.7003740072250366 4.741790771484375
v 15.640063285827637 2.121222972869873 4.777344226837158
v 15.589306831359863 1.7240240573883057 4.795009136199951
v 15.589306831359863 1.7240240573883057 4.795009136199951
v 15.640063285827637 2.121222972869873 4.777344226837158
v 15.627497673034668 2.129734992980957 4.774248123168945
v 15.589306831359863 1.7240240573883057 4.795009136199951
v 15.627497673034668 2.129734992980957 4.774248123168945
v 15.57792854309082 1.728700041770935 4.79279899597168
v 15.57792854309082 1.728700041770935 4.79279899597168
v 15.627497673034668 2.129734992980957 4.774248123168945
v 15.635649681091309 2.104722023010254 4.710844993591309
v 15.57792854309082 1.728700041770935 4.79279899597168
v 15.635649681091309 2.104722023010254 4.710844993591309
v 15.586751937866211 1.7049859762191772 4.739512920379639
v 15.586751937866211 1.7049859762191772 4.739512920379639
v 15.635649681091309 2.104722023010254 4.710844993591309
v 15.648137092590332 2.0962491035461426 4.713992118835449
v 15.586751937866211 1.7049859762191772 4.739512920379639
v 15.648137092590332 2.0962491035461426 4.713992118835449
v 15.597808837890625 1.7003740072250366 4.741790771484375
v 15.59357738494873 1.2604520320892334 4.783947944641113
v 15.585923194885254 1.2599749565124512 4.782867908477783
v 15.591146469116211 1.2597140073776245 4.74619197845459
v 15.59357738494873 1.2604520320892334 4.783947944641113
v 15.591146469116211 1.2597140073776245 4.74619197845459
v 15.598799705505371 1.2601909637451172 4.74727201461792
v 15.627497673034668 2.129734992980957 4.774248123168945
v 15.640063285827637 2.121222972869873 4.777344226837158
v 15.701412200927734 2.3250200748443604 4.710815906524658
v 15.640063285827637 2.121222972869873 4.777344226837158
v 15.701412200927734 2.3250200748443604 4.710815906524658
v 15.701412200927734 2.3250200748443604 4.710815906524658
v 15.701412200927734 2.3250200748443604 4.710815906524658
v 15.701412200927734 2.3250200748443604 4.710815906524658
v 15.701412200927734 2.3250200748443604 4.710815906524658
v 15.701412200927734 2.3250200748443604 4.710815906524658
v 15.701412200927734 2.3250200748443604 4.710815906524658
v 15.701412200927734 2.3250200748443604 4.710815906524658
v 15.635649681091309 2.104722023010254 4.710844993591309
v 15.627497673034668 2.129734992980957 4.774248123168945
v 15.701412200927734 2.3250200748443604 4.710815906524658
v 15.627497673034668 2.129734992980957 4.774248123168945
v 15.701412200927734 2.3250200748443604 4.710815906524658
v 15.701412200927734 2.3250200748443604 4.710815906524658
v 15.640063285827637 2.121222972869873 4.777344226837158
v 15.648137092590332 2.0962491035461426 4.713992118835449
v 15.701412200927734 2.3250200748443604 4.710815906524658
v 15.648137092590332 2.0962491035461426 4.713992118835449
v 15.701412200927734 2.3250200748443604 4.710815906524658
v 15.701412200927734 2.3250200748443604 4.710815906524658
v 15.648137092590332 2.0962491035461426 4.713992118835449
v 15.635649681091309 2.104722023010254 4.710844993591309
v 15.701412200927734 2.3250200748443604 4.710815906524658
v 15.635649681091309 2.104722023010254 4.710844993591309
v 15.701412200927734 2.3250200748443604 4.710815906524658
v 15.701412200927734 2.3250200748443604 4.710815906524658
v 15.591146469116211 1.2597140073776245 4.74619197845459
v 15.586237907409668 1.4299160242080688 4.744800090789795
v 15.594968795776367 1.4309970140457153 4.74598503112793
v 15.591146469116211 1.2597140073776245 4.74619197845459
v 15.594968795776367 1.4309970140457153 4.74598503112793
v 15.598799705505371 1.2601909637451172 4.74727201461792
v 15.586237907409668 1.4299160242080688 4.744800090789795
v 15.586751937866211 1.7049859762191772 4.739512920379639
v 15.597808837890625 1.7003740072250366 4.741790771484375
v 15.586237907409668 1.4299160242080688 4.744800090789795
v 15.597808837890625 1.7003740072250366 4.741790771484375
v 15.594968795776367 1.4309970140457153 4.74598503112793
v 15.585923194885254 1.2599749565124512 4.782867908477783
v 15.578310012817383 1.4410929679870605 4.780481815338135
v 15.586237907409668 1.4299160242080688 4.744800090789795
v 15.585923194885254 1.2599749565124512 4.782867908477783
v 15.586237907409668 1.4299160242080688 4.744800090789795
v 15.591146469116211 1.2597140073776245 4.74619197845459
v 15.578310012817383 1.4410929679870605 4.780481815338135
v 15.57792854309082 1.728700041770935 4.79279899597168
v 15.586751937866211 1.7049859762191772 4.739512920379639
v 15.578310012817383 1.4410929679870605 4.780481815338135
v 15.586751937866211 1.7049859762191772 4.739512920379639
v 15.586237907409668 1.4299160242080688 4.744800090789795
v 15.59357738494873 1.2604520320892334 4.783947944641113
v 15.587312698364258 1.4416420459747314 4.781829833984375
v 15.578310012817383 1.4410929679870605 4.780481815338135
v 15.59357738494873 1.2604520320892334 4.783947944641113
v 15.578310012817383 1.4410929679870605 4.780481815338135
v 15.585923194885254 1.2599749565124512 4.782867908477783
v 15.587312698364258 1.4416420459747314 4.781829833984375
v 15.589306831359863 1.7240240573883057 4.795009136199951
v 15.57792854309082 1.728700041770935 4.79279899597168
v 15.587312698364258 1.4416420459747314 4.781829833984375
v 15.57792854309082 1.728700041770935 4.79279899597168
v 15.578310012817383 1.4410929679870605 4.780481815338135
v 15.598799705505371 1.2601909637451172 4.74727201461792
v 15.594968795776367 1.4309970140457153 4.74598503112793
v 15.587312698364258 1.4416420459747314 4.781829833984375
v 15.598799705505371 1.2601909637451172 4.74727201461792
v 15.587312698364258 1.4416420459747314 4.781829833984375
v 15.59357738494873 1.2604520320892334 4.783947944641113
v 15.594968795776367 1.4309970140457153 4.74598503112793
v 15.597808837890625 1.7003740072250366 4.741790771484375
v 15.589306831359863 1.7240240573883057 4.795009136199951
v 15.594968795776367 1.4309970140457153 4.74598503112793
v 15.589306831359863 1.7240240573883057 4.795009136199951
v 15.587312698364258 1.4416420459747314 4.781829833984375
v 15.324966430664062 1.673745036125183 4.844120979309082
v 15.25019645690918 2.064908981323242 4.884815216064453
v 15.242037773132324 2.089402914047241 4.821423053741455
v 15.324966430664062 1.673745036125183 4.844120979309082
v 15.242037773132324 2.089402914047241 4.821423053741455
v 15.319595336914062 1.6971039772033691 4.790460109710693
v 15.319595336914062 1.6971039772033691 4.790460109710693
v 15.242037773132324 2.089402914047241 4.821423053741455
v 15.254255294799805 2.0989010334014893 4.82170295715332
v 15.319595336914062 1.6971039772033691 4.790460109710693
v 15.254255294799805 2.0989010334014893 4.82170295715332
v 15.330779075622559 1.7026710510253906 4.790102005004883
v 15.330779075622559 1.7026710510253906 4.790102005004883
v 15.254255294799805 2.0989010334014893 4.82170295715332
v 15.262351989746094 2.07436203956604 4.885161876678467
v 15.330779075622559 1.7026710510253906 4.790102005004883
v 15.262351989746094 2.07436203956604 4.885161876678467
v 15.335859298706055 1.679224967956543 4.84390115737915
v 15.335859298706055 1.679224967956543 4.84390115737915
v 15.262351989746094 2.07436203956604 4.885161876678467
v 15.25019645690918 2.064908981323242 4.884815216064453
v 15.335859298706055 1.679224967956543 4.84390115737915
v 15.25019645690918 2.064908981323242 4.884815216064453
v 15.324966430664062 1.673745036125183 4.844120979309082
v 15.354522705078125 1.2348370552062988 4.801092147827148
v 15.362247467041016 1.2349640130996704 4.800439834594727
v 15.365283012390137 1.234900951385498 4.837357044219971
v 15.354522705078125 1.2348370552062988 4.801092147827148
v 15.365283012390137 1.234900951385498 4.837357044219971
v 15.357559204101562 1.2347739934921265 4.838007926940918
v 15.254255294799805 2.0989010334014893 4.82170295715332
v 15.242037773132324 2.089402914047241 4.821423053741455
v 15.180458068847656 2.2888638973236084 4.901487827301025
v 15.242037773132324 2.089402914047241 4.821423053741455
v 15.180458068847656 2.2888638973236084 4.901487827301025
v 15.180458068847656 2.2888638973236084 4.901487827301025
v 15.180458068847656 2.2888638973236084 4.901487827301025
v 15.180458068847656 2.2888638973236084 4.901487827301025
v 15.180458068847656 2.2888638973236084 4.901487827301025
v 15.180458068847656 2.2888638973236084 4.901487827301025
v 15.180458068847656 2.2888638973236084 4.901487827301025
v 15.180458068847656 2.2888638973236084 4.901487827301025
v 15.262351989746094 2.07436203956604 4.885161876678467
v 15.254255294799805 2.0989010334014893 4.82170295715332
v 15.180458068847656 2.2888638973236084 4.901487827301025
v 15.262351989746094 2.07436203956604 4.885161876678467
v 15.180458068847656 2.2888638973236084 4.901487827301025
v 15.180458068847656 2.2888638973236084 4.901487827301025
v 15.242037773132324 2.089402914047241 4.821423053741455
v 15.25019645690918 2.064908981323242 4.884815216064453
v 15.180458068847656 2.2888638973236084 4.901487827301025
v 15.25019645690918 2.064908981323242 4.884815216064453
v 15.180458068847656 2.2888638973236084 4.901487827301025
v 15.180458068847656 2.2888638973236084 4.901487827301025
v 15.25019645690918 2.064908981323242 4.884815216064453
v 15.262351989746094 2.07436203956604 4.885161876678467
v 15.180458068847656 2.2888638973236084 4.901487827301025
v 15.262351989746094 2.07436203956604 4.885161876678467
v 15.180458068847656 2.2888638973236084 4.901487827301025
v 15.180458068847656 2.2888638973236084 4.901487827301025
v 15.365283012390137 1.234900951385498 4.837357044219971
v 15.35703182220459 1.404979944229126 4.837761878967285
v 15.348189353942871 1.4053709506988525 4.838552951812744
v 15.365283012390137 1.234900951385498 4.837357044219971
v 15.348189353942871 1.4053709506988525 4.838552951812744
v 15.357559204101562 1.2347739934921265 4.838007926940918
v 15.35703182220459 1.404979944229126 4.837761878967285
v 15.335859298706055 1.679224967956543 4.84390115737915
v 15.324966430664062 1.673745036125183 4.844120979309082
v 15.35703182220459 1.404979944229126 4.837761878967285
v 15.324966430664062 1.673745036125183 4.844120979309082
v 15.348189353942871 1.4053709506988525 4.838552951812744
v 15.362247467041016 1.2349640130996704 4.800439834594727
v 15.355987548828125 1.4161449670791626 4.801231861114502
v 15.35703182220459 1.404979944229126 4.837761878967285
v 15.362247467041016 1.2349640130996704 4.800439834594727
v 15.35703182220459 1.404979944229126 4.837761878967285
v 15.365283012390137 1.234900951385498 4.837357044219971
v 15.355987548828125 1.4161449670791626 4.801231861114502
v 15.330779075622559 1.7026710510253906 4.790102005004883
v 15.335859298706055 1.679224967956543 4.84390115737915
v 15.355987548828125 1.4161449670791626 4.801231861114502
v 15.335859298706055 1.679224967956543 4.84390115737915
v 15.35703182220459 1.404979944229126 4.837761878967285
v 15.354522705078125 1.2348370552062988 4.801092147827148
v 15.34688663482666 1.415982961654663 4.801924228668213
v 15.355987548828125 1.4161449670791626 4.801231861114502
v 15.354522705078125 1.2348370552062988 4.801092147827148
v 15.355987548828125 1.4161449670791626 4.801231861114502
v 15.362247467041016 1.2349640130996704 4.800439834594727
v 15.34688663482666 1.415982961654663 4.801924228668213
v 15.319595336914062 1.6971039772033691 4.790460109710693
v 15.330779075622559 1.7026710510253906 4.790102005004883
v 15.34688663482666 1.415982961654663 4.801924228668213
v 15.330779075622559 1.7026710510253906 4.790102005004883
v 15.355987548828125 1.4161449670791626 4.801231861114502
v 15.357559204101562 1.2347739934921265 4.838007926940918
v 15.348189353942871 1.4053709506988525 4.838552951812744
v 15.34688663482666 1.415982961654663 4.801924228668213
v 15.357559204101562 1.2347739934921265 4.838007926940918
v 15.34688663482666 1.415982961654663 4.801924228668213
v 15.354522705078125 1.2348370552062988 4.801092147827148
v 15.348189353942871 1.4053709506988525 4.838552951812744
v 15.324966430664062 1.673745036125183 4.844120979309082
v 15.319595336914062 1.6971039772033691 4.790460109710693
v 15.348189353942871 1.4053709506988525 4.838552951812744
v 15.319595336914062 1.6971039772033691 4.790460109710693
v 15.34688663482666 1.415982961654663 4.801924228668213
vt 0.5416669845581055 0
vt 0.625 0
vt 0.625 0.25
vt 0.5416669845581055 0
vt 0.625 0.25
vt 0.5416669845581055 0.25
vt 0.5416669845581055 0.25
vt 0.625 0.25
vt 0.625 0.5
vt 0.5416669845581055 0.25
vt 0.625 0.5
vt 0.5416669845581055 0.5
vt 0.5416669845581055 0.5
vt 0.625 0.5
vt 0.625 0.75
vt 0.5416669845581055 0.5
vt 0.625 0.75
vt 0.5416669845581055 0.75
vt 0.5416669845581055 0.75
vt 0.625 0.75
vt 0.625 1
vt 0.5416669845581055 0.75
vt 0.625 1
vt 0.5416669845581055 1
vt 0.125 0.5
vt 0.375 0.5
vt 0.375 0.75
vt 0.125 0.5
vt 0.375 0.75
vt 0.125 0.75
vt 0.625 0.5
vt 0.625 0.25
vt 0.625 0.25
vt 0.625 0.5
vt 0.625 0.25
vt 0.625 0.5
vt 0.625 0.5
vt 0.875 0.5
vt 0.625 0.75
vt 0.875 0.5
vt 0.875 0.75
vt 0.625 0.75
vt 0.625 0.75
vt 0.625 0.5
vt 0.625 0.5
vt 0.625 0.75
vt 0.625 0.5
vt 0.625 0.75
vt 0.625 0.25
vt 0.625 0
vt 0.625 0.25
vt 0.625 0
vt 0.625 0
vt 0.625 0.25
vt 0.625 1
vt 0.625 0.75
vt 0.625 0.75
vt 0.625 1
vt 0.625 0.75
vt 0.625 1
vt 0.375 0.75
vt 0.45833298563957214 0.75
vt 0.45833298563957214 1
vt 0.375 0.75
vt 0.45833298563957214 1
vt 0.375 1
vt 0.45833298563957214 0.75
vt 0.5416669845581055 0.75
vt 0.5416669845581055 1
vt 0.45833298563957214 0.75
vt 0.5416669845581055 1
vt 0.45833298563957214 1
vt 0.375 0.5
vt 0.45833298563957214 0.5
vt 0.45833298563957214 0.75
vt 0.375 0.5
vt 0.45833298563957214 0.75
vt 0.375 0.75
vt 0.45833298563957214 0.5
vt 0.5416669845581055 0.5
vt 0.5416669845581055 0.75
vt 0.45833298563957214 0.5
vt 0.5416669845581055 0.75
vt 0.45833298563957214 0.75
vt 0.375 0.25
vt 0.45833298563957214 0.25
vt 0.45833298563957214 0.5
vt 0.375 0.25
vt 0.45833298563957214 0.5
vt 0.375 0.5
vt 0.45833298563957214 0.25
vt 0.5416669845581055 0.25
vt 0.5416669845581055 0.5
vt 0.45833298563957214 0.25
vt 0.5416669845581055 0.5
vt 0.45833298563957214 0.5
vt 0.375 0
vt 0.45833298563957214 0
vt 0.45833298563957214 0.25
vt 0.375 0
vt 0.45833298563957214 0.25
vt 0.375 0.25
vt 0.45833298563957214 0
vt 0.5416669845581055 0
vt 0.5416669845581055 0.25
vt 0.45833298563957214 0
vt 0.5416669845581055 0.25
vt 0.45833298563957214 0.25
vt 0.5416669845581055 0
vt 0.625 0
vt 0.625 0.25
vt 0.5416669845581055 0
vt 0.625 0.25
vt 0.5416669845581055 0.25
vt 0.5416669845581055 0.25
vt 0.625 0.25
vt 0.625 0.5
vt 0.5416669845581055 0.25
vt 0.625 0.5
vt 0.5416669845581055 0.5
vt 0.5416669845581055 0.5
vt 0.625 0.5
vt 0.625 0.75
vt 0.5416669845581055 0.5
vt 0.625 0.75
vt 0.5416669845581055 0.75
vt 0.5416669845581055 0.75
vt 0.625 0.75
vt 0.625 1
vt 0.5416669845581055 0.75
vt 0.625 1
vt 0.5416669845581055 1
vt 0.125 0.5
vt 0.375 0.5
vt 0.375 0.75
vt 0.125 0.5
vt 0.375 0.75
vt 0.125 0.75
vt 0.625 0.5
vt 0.625 0.25
vt 0.625 0.25
vt 0.625 0.5
vt 0.625 0.25
vt 0.625 0.5
vt 0.625 0.5
vt 0.875 0.5
vt 0.625 0.75
vt 0.875 0.5
vt 0.875 0.75
vt 0.625 0.75
vt 0.625 0.75
vt 0.625 0.5
vt 0.625 0.5
vt 0.625 0.75
vt 0.625 0.5
vt 0.625 0.75
vt 0.625 0.25
vt 0.625 0
vt 0.625 0.25
vt 0.625 0
vt 0.625 0
vt 0.625 0.25
vt 0.625 1
vt 0.625 0.75
vt 0.625 1
vt 0.625 0.75
vt 0.625 0.75
vt 0.625 1
vt 0.375 0.75
vt 0.45833298563957214 0.75
vt 0.45833298563957214 1
vt 0.375 0.75
vt 0.45833298563957214 1
vt 0.375 1
vt 0.45833298563957214 0.75
vt 0.5416669845581055 0.75
vt 0.5416669845581055 1
vt 0.45833298563957214 0.75
vt 0.5416669845581055 1
vt 0.45833298563957214 1
vt 0.375 0.5
vt 0.45833298563957214 0.5
vt 0.45833298563957214 0.75
vt 0.375 0.5
vt 0.45833298563957214 0.75
vt 0.375 0.75
vt 0.45833298563957214 0.5
vt 0.5416669845581055 0.5
vt 0.5416669845581055 0.75
vt 0.45833298563957214 0.5
vt 0.5416669845581055 0.75
vt 0.45833298563957214 0.75
vt 0.375 0.25
vt 0.45833298563957214 0.25
vt 0.375 0.5
vt 0.45833298563957214 0.25
vt 0.45833298563957214 0.5
vt 0.375 0.5
vt 0.45833298563957214 0.25
vt 0.5416669845581055 0.25
vt 0.5416669845581055 0.5
vt 0.45833298563957214 0.25
vt 0.5416669845581055 0.5
vt 0.45833298563957214 0.5
vt 0.375 0
vt 0.45833298563957214 0
vt 0.45833298563957214 0.25
vt 0.375 0
vt 0.45833298563957214 0.25
vt 0.375 0.25
vt 0.45833298563957214 0
vt 0.5416669845581055 0
vt 0.5416669845581055 0.25
vt 0.45833298563957214 0
vt 0.5416669845581055 0.25
vt 0.45833298563957214 0.25
vt 0.5416669845581055 0
vt 0.625 0
vt 0.625 0.25
vt 0.5416669845581055 0
vt 0.625 0.25
vt 0.5416669845581055 0.25
vt 0.5416669845581055 0.25
vt 0.625 0.25
vt 0.625 0.5
vt 0.5416669845581055 0.25
vt 0.625 0.5
vt 0.5416669845581055 0.5
vt 0.5416669845581055 0.5
vt 0.625 0.5
vt 0.625 0.75
vt 0.5416669845581055 0.5
vt 0.625 0.75
vt 0.5416669845581055 0.75
vt 0.5416669845581055 0.75
vt 0.625 0.75
vt 0.625 1
vt 0.5416669845581055 0.75
vt 0.625 1
vt 0.5416669845581055 1
vt 0.125 0.5
vt 0.375 0.5
vt 0.375 0.75
vt 0.125 0.5
vt 0.375 0.75
vt 0.125 0.75
vt 0.625 0.5
vt 0.625 0.25
vt 0.625 0.25
vt 0.625 0.5
vt 0.625 0.25
vt 0.625 0.5
vt 0.625 0.5
vt 0.875 0.5
vt 0.625 0.75
vt 0.875 0.5
vt 0.875 0.75
vt 0.625 0.75
vt 0.625 0.75
vt 0.625 0.5
vt 0.625 0.75
vt 0.625 0.5
vt 0.625 0.5
vt 0.625 0.75
vt 0.625 0.25
vt 0.625 0
vt 0.625 0.25
vt 0.625 0
vt 0.625 0
vt 0.625 0.25
vt 0.625 1
vt 0.625 0.75
vt 0.625 0.75
vt 0.625 1
vt 0.625 0.75
vt 0.625 1
vt 0.375 0.75
vt 0.45833298563957214 0.75
vt 0.45833298563957214 1
vt 0.375 0.75
vt 0.45833298563957214 1
vt 0.375 1
vt 0.45833298563957214 0.75
vt 0.5416669845581055 0.75
vt 0.5416669845581055 1
vt 0.45833298563957214 0.75
vt 0.5416669845581055 1
vt 0.45833298563957214 1
vt 0.375 0.5
vt 0.45833298563957214 0.5
vt 0.45833298563957214 0.75
vt 0.375 0.5
vt 0.45833298563957214 0.75
vt 0.375 0.75
vt 0.45833298563957214 0.5
vt 0.5416669845581055 0.5
vt 0.5416669845581055 0.75
vt 0.45833298563957214 0.5
vt 0.5416669845581055 0.75
vt 0.45833298563957214 0.75
vt 0.375 0.25
vt 0.45833298563957214 0.25
vt 0.45833298563957214 0.5
vt 0.375 0.25
vt 0.45833298563957214 0.5
vt 0.375 0.5
vt 0.45833298563957214 0.25
vt 0.5416669845581055 0.25
vt 0.5416669845581055 0.5
vt 0.45833298563957214 0.25
vt 0.5416669845581055 0.5
vt 0.45833298563957214 0.5
vt 0.375 0
vt 0.45833298563957214 0
vt 0.45833298563957214 0.25
vt 0.375 0
vt 0.45833298563957214 0.25
vt 0.375 0.25
vt 0.45833298563957214 0
vt 0.5416669845581055 0
vt 0.5416669845581055 0.25
vt 0.45833298563957214 0
vt 0.5416669845581055 0.25
vt 0.45833298563957214 0.25
vt 0.5416669845581055 0
vt 0.625 0
vt 0.625 0.25
vt 0.5416669845581055 0
vt 0.625 0.25
vt 0.5416669845581055 0.25
vt 0.5416669845581055 0.25
vt 0.625 0.25
vt 0.625 0.5
vt 0.5416669845581055 0.25
vt 0.625 0.5
vt 0.5416669845581055 0.5
vt 0.5416669845581055 0.5
vt 0.625 0.5
vt 0.625 0.75
vt 0.5416669845581055 0.5
vt 0.625 0.75
vt 0.5416669845581055 0.75
vt 0.5416669845581055 0.75
vt 0.625 0.75
vt 0.625 1
vt 0.5416669845581055 0.75
vt 0.625 1
vt 0.5416669845581055 1
vt 0.125 0.5
vt 0.375 0.5
vt 0.375 0.75
vt 0.125 0.5
vt 0.375 0.75
vt 0.125 0.75
vt 0.625 0.5
vt 0.625 0.25
vt 0.625 0.25
vt 0.625 0.5
vt 0.625 0.25
vt 0.625 0.5
vt 0.625 0.5
vt 0.875 0.5
vt 0.625 0.75
vt 0.875 0.5
vt 0.875 0.75
vt 0.625 0.75
vt 0.625 0.75
vt 0.625 0.5
vt 0.625 0.75
vt 0.625 0.5
vt 0.625 0.5
vt 0.625 0.75
vt 0.625 0.25
vt 0.625 0
vt 0.625 0.25
vt 0.625 0
vt 0.625 0
vt 0.625 0.25
vt 0.625 1
vt 0.625 0.75
vt 0.625 1
vt 0.625 0.75
vt 0.625 0.75
vt 0.625 1
vt 0.375 0.75
vt 0.45833298563957214 0.75
vt 0.45833298563957214 1
vt 0.375 0.75
vt 0.45833298563957214 1
vt 0.375 1
vt 0.45833298563957214 0.75
vt 0.5416669845581055 0.75
vt 0.5416669845581055 1
vt 0.45833298563957214 0.75
vt 0.5416669845581055 1
vt 0.45833298563957214 1
vt 0.375 0.5
vt 0.45833298563957214 0.5
vt 0.45833298563957214 0.75
vt 0.375 0.5
vt 0.45833298563957214 0.75
vt 0.375 0.75
vt 0.45833298563957214 0.5
vt 0.5416669845581055 0.5
vt 0.5416669845581055 0.75
vt 0.45833298563957214 0.5
vt 0.5416669845581055 0.75
vt 0.45833298563957214 0.75
vt 0.375 0.25
vt 0.45833298563957214 0.25
vt 0.45833298563957214 0.5
vt 0.375 0.25
vt 0.45833298563957214 0.5
vt 0.375 0.5
vt 0.45833298563957214 0.25
vt 0.5416669845581055 0.25
vt 0.5416669845581055 0.5
vt 0.45833298563957214 0.25
vt 0.5416669845581055 0.5
vt 0.45833298563957214 0.5
vt 0.375 0
vt 0.45833298563957214 0
vt 0.45833298563957214 0.25
vt 0.375 0
vt 0.45833298563957214 0.25
vt 0.375 0.25
vt 0.45833298563957214 0
vt 0.5416669845581055 0
vt 0.5416669845581055 0.25
vt 0.45833298563957214 0
vt 0.5416669845581055 0.25
vt 0.45833298563957214 0.25
vt 0.5416669845581055 0
vt 0.625 0
vt 0.625 0.25
vt 0.5416669845581055 0
vt 0.625 0.25
vt 0.5416669845581055 0.25
vt 0.5416669845581055 0.25
vt 0.625 0.25
vt 0.625 0.5
vt 0.5416669845581055 0.25
vt 0.625 0.5
vt 0.5416669845581055 0.5
vt 0.5416669845581055 0.5
vt 0.625 0.5
vt 0.625 0.75
vt 0.5416669845581055 0.5
vt 0.625 0.75
vt 0.5416669845581055 0.75
vt 0.5416669845581055 0.75
vt 0.625 0.75
vt 0.625 1
vt 0.5416669845581055 0.75
vt 0.625 1
vt 0.5416669845581055 1
vt 0.125 0.5
vt 0.375 0.5
vt 0.375 0.75
vt 0.125 0.5
vt 0.375 0.75
vt 0.125 0.75
vt 0.625 0.5
vt 0.625 0.25
vt 0.625 0.5
vt 0.625 0.25
vt 0.625 0.25
vt 0.625 0.5
vt 0.625 0.5
vt 0.875 0.5
vt 0.625 0.75
vt 0.875 0.5
vt 0.875 0.75
vt 0.625 0.75
vt 0.625 0.75
vt 0.625 0.5
vt 0.625 0.5
vt 0.625 0.75
vt 0.625 0.5
vt 0.625 0.75
vt 0.625 0.25
vt 0.625 0
vt 0.625 0.25
vt 0.625 0
vt 0.625 0
vt 0.625 0.25
vt 0.625 1
vt 0.625 0.75
vt 0.625 1
vt 0.625 0.75
vt 0.625 0.75
vt 0.625 1
vt 0.375 0.75
vt 0.45833298563957214 0.75
vt 0.45833298563957214 1
vt 0.375 0.75
vt 0.45833298563957214 1
vt 0.375 1
vt 0.45833298563957214 0.75
vt 0.5416669845581055 0.75
vt 0.5416669845581055 1
vt 0.45833298563957214 0.75
vt 0.5416669845581055 1
vt 0.45833298563957214 1
vt 0.375 0.5
vt 0.45833298563957214 0.5
vt 0.45833298563957214 0.75
vt 0.375 0.5
vt 0.45833298563957214 0.75
vt 0.375 0.75
vt 0.45833298563957214 0.5
vt 0.5416669845581055 0.5
vt 0.5416669845581055 0.75
vt 0.45833298563957214 0.5
vt 0.5416669845581055 0.75
vt 0.45833298563957214 0.75
vt 0.375 0.25
vt 0.45833298563957214 0.25
vt 0.45833298563957214 0.5
vt 0.375 0.25
vt 0.45833298563957214 0.5
vt 0.375 0.5
vt 0.45833298563957214 0.25
vt 0.5416669845581055 0.25
vt 0.5416669845581055 0.5
vt 0.45833298563957214 0.25
vt 0.5416669845581055 0.5
vt 0.45833298563957214 0.5
vt 0.375 0
vt 0.45833298563957214 0
vt 0.45833298563957214 0.25
vt 0.375 0
vt 0.45833298563957214 0.25
vt 0.375 0.25
vt 0.45833298563957214 0
vt 0.5416669845581055 0
vt 0.5416669845581055 0.25
vt 0.45833298563957214 0
vt 0.5416669845581055 0.25
vt 0.45833298563957214 0.25
vt 0.5416669845581055 0
vt 0.625 0
vt 0.625 0.25
vt 0.5416669845581055 0
vt 0.625 0.25
vt 0.5416669845581055 0.25
vt 0.5416669845581055 0.25
vt 0.625 0.25
vt 0.625 0.5
vt 0.5416669845581055 0.25
vt 0.625 0.5
vt 0.5416669845581055 0.5
vt 0.5416669845581055 0.5
vt 0.625 0.5
vt 0.625 0.75
vt 0.5416669845581055 0.5
vt 0.625 0.75
vt 0.5416669845581055 0.75
vt 0.5416669845581055 0.75
vt 0.625 0.75
vt 0.625 1
vt 0.5416669845581055 0.75
vt 0.625 1
vt 0.5416669845581055 1
vt 0.125 0.5
vt 0.375 0.5
vt 0.375 0.75
vt 0.125 0.5
vt 0.375 0.75
vt 0.125 0.75
vt 0.625 0.5
vt 0.625 0.25
vt 0.625 0.5
vt 0.625 0.25
vt 0.625 0.25
vt 0.625 0.5
vt 0.625 0.5
vt 0.875 0.5
vt 0.625 0.75
vt 0.875 0.5
vt 0.875 0.75
vt 0.625 0.75
vt 0.625 0.75
vt 0.625 0.5
vt 0.625 0.75
vt 0.625 0.5
vt 0.625 0.5
vt 0.625 0.75
vt 0.625 0.25
vt 0.625 0
vt 0.625 0.25
vt 0.625 0
vt 0.625 0
vt 0.625 0.25
vt 0.625 1
vt 0.625 0.75
vt 0.625 1
vt 0.625 0.75
vt 0.625 0.75
vt 0.625 1
vt 0.375 0.75
vt 0.45833298563957214 0.75
vt 0.45833298563957214 1
vt 0.375 0.75
vt 0.45833298563957214 1
vt 0.375 1
vt 0.45833298563957214 0.75
vt 0.5416669845581055 0.75
vt 0.5416669845581055 1
vt 0.45833298563957214 0.75
vt 0.5416669845581055 1
vt 0.45833298563957214 1
vt 0.375 0.5
vt 0.45833298563957214 0.5
vt 0.45833298563957214 0.75
vt 0.375 0.5
vt 0.45833298563957214 0.75
vt 0.375 0.75
vt 0.45833298563957214 0.5
vt 0.5416669845581055 0.5
vt 0.5416669845581055 0.75
vt 0.45833298563957214 0.5
vt 0.5416669845581055 0.75
vt 0.45833298563957214 0.75
vt 0.375 0.25
vt 0.45833298563957214 0.25
vt 0.45833298563957214 0.5
vt 0.375 0.25
vt 0.45833298563957214 0.5
vt 0.375 0.5
vt 0.45833298563957214 0.25
vt 0.5416669845581055 0.25
vt 0.5416669845581055 0.5
vt 0.45833298563957214 0.25
vt 0.5416669845581055 0.5
vt 0.45833298563957214 0.5
vt 0.375 0
vt 0.45833298563957214 0
vt 0.45833298563957214 0.25
vt 0.375 0
vt 0.45833298563957214 0.25
vt 0.375 0.25
vt 0.45833298563957214 0
vt 0.5416669845581055 0
vt 0.5416669845581055 0.25
vt 0.45833298563957214 0
vt 0.5416669845581055 0.25
vt 0.45833298563957214 0.25
vt 0.5416669845581055 0
vt 0.625 0
vt 0.625 0.25
vt 0.5416669845581055 0
vt 0.625 0.25
vt 0.5416669845581055 0.25
vt 0.5416669845581055 0.25
vt 0.625 0.25
vt 0.625 0.5
vt 0.5416669845581055 0.25
vt 0.625 0.5
vt 0.5416669845581055 0.5
vt 0.5416669845581055 0.5
vt 0.625 0.5
vt 0.625 0.75
vt 0.5416669845581055 0.5
vt 0.625 0.75
vt 0.5416669845581055 0.75
vt 0.5416669845581055 0.75
vt 0.625 0.75
vt 0.625 1
vt 0.5416669845581055 0.75
vt 0.625 1
vt 0.5416669845581055 1
vt 0.125 0.5
vt 0.375 0.5
vt 0.375 0.75
vt 0.125 0.5
vt 0.375 0.75
vt 0.125 0.75
vt 0.625 0.5
vt 0.625 0.25
vt 0.625 0.5
vt 0.625 0.25
vt 0.625 0.25
vt 0.625 0.5
vt 0.625 0.5
vt 0.875 0.5
vt 0.625 0.75
vt 0.875 0.5
vt 0.875 0.75
vt 0.625 0.75
vt 0.625 0.75
vt 0.625 0.5
vt 0.625 0.75
vt 0.625 0.5
vt 0.625 0.5
vt 0.625 0.75
vt 0.625 0.25
vt 0.625 0
vt 0.625 0.25
vt 0.625 0
vt 0.625 0
vt 0.625 0.25
vt 0.625 1
vt 0.625 0.75
vt 0.625 1
vt 0.625 0.75
vt 0.625 0.75
vt 0.625 1
vt 0.375 0.75
vt 0.45833298563957214 0.75
vt 0.45833298563957214 1
vt 0.375 0.75
vt 0.45833298563957214 1
vt 0.375 1
vt 0.45833298563957214 0.75
vt 0.5416669845581055 0.75
vt 0.5416669845581055 1
vt 0.45833298563957214 0.75
vt 0.5416669845581055 1
vt 0.45833298563957214 1
vt 0.375 0.5
vt 0.45833298563957214 0.5
vt 0.45833298563957214 0.75
vt 0.375 0.5
vt 0.45833298563957214 0.75
vt 0.375 0.75
vt 0.45833298563957214 0.5
vt 0.5416669845581055 0.5
vt 0.5416669845581055 0.75
vt 0.45833298563957214 0.5
vt 0.5416669845581055 0.75
vt 0.45833298563957214 0.75
vt 0.375 0.25
vt 0.45833298563957214 0.25
vt 0.45833298563957214 0.5
vt 0.375 0.25
vt 0.45833298563957214 0.5
vt 0.375 0.5
vt 0.45833298563957214 0.25
vt 0.5416669845581055 0.25
vt 0.5416669845581055 0.5
vt 0.45833298563957214 0.25
vt 0.5416669845581055 0.5
vt 0.45833298563957214 0.5
vt 0.375 0
vt 0.45833298563957214 0
vt 0.45833298563957214 0.25
vt 0.375 0
vt 0.45833298563957214 0.25
vt 0.375 0.25
vt 0.45833298563957214 0
vt 0.5416669845581055 0
vt 0.5416669845581055 0.25
vt 0.45833298563957214 0
vt 0.5416669845581055 0.25
vt 0.45833298563957214 0.25
vt 0.5416669845581055 0
vt 0.625 0
vt 0.625 0.25
vt 0.5416669845581055 0
vt 0.625 0.25
vt 0.5416669845581055 0.25
vt 0.5416669845581055 0.25
vt 0.625 0.25
vt 0.625 0.5
vt 0.5416669845581055 0.25
vt 0.625 0.5
vt 0.5416669845581055 0.5
vt 0.5416669845581055 0.5
vt 0.625 0.5
vt 0.625 0.75
vt 0.5416669845581055 0.5
vt 0.625 0.75
vt 0.5416669845581055 0.75
vt 0.5416669845581055 0.75
vt 0.625 0.75
vt 0.625 1
vt 0.5416669845581055 0.75
vt 0.625 1
vt 0.5416669845581055 1
vt 0.125 0.5
vt 0.375 0.5
vt 0.375 0.75
vt 0.125 0.5
vt 0.375 0.75
vt 0.125 0.75
vt 0.625 0.5
vt 0.625 0.25
vt 0.625 0.5
vt 0.625 0.25
vt 0.625 0.25
vt 0.625 0.5
vt 0.625 0.5
vt 0.875 0.5
vt 0.625 0.75
vt 0.875 0.5
vt 0.875 0.75
vt 0.625 0.75
vt 0.625 0.75
vt 0.625 0.5
vt 0.625 0.5
vt 0.625 0.75
vt 0.625 0.5
vt 0.625 0.75
vt 0.625 0.25
vt 0.625 0
vt 0.625 0.25
vt 0.625 0
vt 0.625 0
vt 0.625 0.25
vt 0.625 1
vt 0.625 0.75
vt 0.625 1
vt 0.625 0.75
vt 0.625 0.75
vt 0.625 1
vt 0.375 0.75
vt 0.45833298563957214 0.75
vt 0.45833298563957214 1
vt 0.375 0.75
vt 0.45833298563957214 1
vt 0.375 1
vt 0.45833298563957214 0.75
vt 0.5416669845581055 0.75
vt 0.5416669845581055 1
vt 0.45833298563957214 0.75
vt 0.5416669845581055 1
vt 0.45833298563957214 1
vt 0.375 0.5
vt 0.45833298563957214 0.5
vt 0.45833298563957214 0.75
vt 0.375 0.5
vt 0.45833298563957214 0.75
vt 0.375 0.75
vt 0.45833298563957214 0.5
vt 0.5416669845581055 0.5
vt 0.5416669845581055 0.75
vt 0.45833298563957214 0.5
vt 0.5416669845581055 0.75
vt 0.45833298563957214 0.75
vt 0.375 0.25
vt 0.45833298563957214 0.25
vt 0.45833298563957214 0.5
vt 0.375 0.25
vt 0.45833298563957214 0.5
vt 0.375 0.5
vt 0.45833298563957214 0.25
vt 0.5416669845581055 0.25
vt 0.5416669845581055 0.5
vt 0.45833298563957214 0.25
vt 0.5416669845581055 0.5
vt 0.45833298563957214 0.5
vt 0.375 0
vt 0.45833298563957214 0
vt 0.45833298563957214 0.25
vt 0.375 0
vt 0.45833298563957214 0.25
vt 0.375 0.25
vt 0.45833298563957214 0
vt 0.5416669845581055 0
vt 0.5416669845581055 0.25
vt 0.45833298563957214 0
vt 0.5416669845581055 0.25
vt 0.45833298563957214 0.25
vn -0.6572105541911815 -0.6120098365810014 0.43990708949483437
vn -0.6685997628058004 -0.610899747286386 0.4239998301196088
vn -0.6685126667686545 -0.6107115771621531 0.42440803937953087
vn -0.6795138156418711 -0.6112124165578467 0.4058082751710992
vn -0.6902802988610819 -0.610082569850116 0.3889889034012845
vn -0.6785847941502283 -0.612586289604617 0.4052909016207255
vn -0.6418024252311801 0.28360108021996155 -0.7125026836899959
vn -0.6260893917584825 -0.042599276374087475 -0.778586780763646
vn -0.5501244051079118 -0.05240232239560696 -0.8334369415331989
vn -0.636331878119259 0.24211211898270565 -0.7324366612417217
vn -0.5783945957648109 -0.10009906516658912 -0.8095924090200178
vn -0.5805910505375854 0.22149657128310363 -0.7834879073383912
vn 0.6618147647110827 0.6156136988664451 -0.4278095265166356
vn 0.6682201601738145 0.6205187342792116 -0.41041237547838005
vn 0.6701406845118216 0.6178375307630061 -0.41132499139086925
vn 0.6769755763495177 0.6127779070620365 -0.40768530221594773
vn 0.6827926785747049 0.6155933935849056 -0.39349578378859257
vn 0.6773856842469994 0.6117870919428633 -0.40849135720271884
vn 0.42690470508479417 -0.25530279957214325 0.8675095695766651
vn 0.5522858155780267 0.058798493086707086 0.8315786884727423
vn 0.473103501612411 -0.0008000058897998902 0.8810064907551203
vn 0.697124324522507 -0.21980767023877698 0.6824238157210218
vn 0.7545350289350258 0.0670031147553848 0.6528303552402387
vn 0.6215922951987666 -0.2778965781527425 0.732390954614082
vn 0.06719846905421621 -0.9962773199567836 -0.05399877310178585
vn 0.06719846905421621 -0.9962773199567836 -0.05399877310178585
vn 0.06719846905421621 -0.9962773199567836 -0.05399877310178585
vn 0.06719883158253831 -0.9962826947629395 -0.05389906446161382
vn 0.06719883158253831 -0.9962826947629395 -0.05389906446161382
vn 0.06719883158253831 -0.9962826947629395 -0.05389906446161382
vn -0.7509986170566116 0.1928996500902315 -0.6314988536601811
vn -0.7509986170566116 0.1928996500902315 -0.6314988536601811
vn -0.39041972403758046 -0.15760796590988815 -0.90704584678183
vn 0 0 1
vn 0 0 1
vn 0.4976978843637529 0.44649810016774816 0.7435968413370488
vn 0 0 1
vn 0 0 1
vn 0 0 1
vn 0 0 1
vn 0 0 1
vn 0 0 1
vn 0.6206922369353046 0.7712903690888319 -0.14089823831070783
vn 0.6206922369353046 0.7712903690888319 -0.14089823831070783
vn 0.6206922369353046 0.7712903690888319 -0.14089823831070783
vn -0.02630002195237395 -0.03880003349085163 0.9989008290348013
vn 0 0 0.9999999999999999
vn -0.046299852478266755 -0.06819978020592149 0.9965967658187312
vn -0.6387804033290148 -0.7371773775897555 0.22029323705622933
vn -0.6387804033290148 -0.7371773775897555 0.22029323705622933
vn -0.6387804033290148 -0.7371773775897555 0.22029323705622933
vn 0.23519982924608696 0.31699976776901195 -0.9187993184352086
vn 0 0 -1
vn -0.061898979206008585 -0.0834986194794157 -0.9945835796544631
vn 0.5529094172410776 -0.13450228379774648 0.8223139984089547
vn 0.5520146301132265 -0.1301034483316329 0.8236218433681659
vn 0.10480024719229863 -0.3614008579244552 -0.9265022007960374
vn -0.002099989246703251 0.0023999879100861095 0.9999949150386692
vn 0 0 -0.9999999999999999
vn -0.4454171648205033 -0.38831496625519263 -0.8067310805128889
vn 0.7162098916800367 0.01960027109649487 0.6976096476057467
vn 0.7162098916800367 0.01960027109649487 0.6976096476057467
vn 0.7162098916800367 0.01960027109649487 0.6976096476057467
vn 0.7206734646743099 0.020399248908675657 0.6929744785764392
vn 0.7206734646743099 0.020399248908675657 0.6929744785764392
vn 0.7206734646743099 0.020399248908675657 0.6929744785764392
vn 0.5610014492993961 -0.04660012032900039 0.8265021492224323
vn 0.6480592382182463 0.0924941808308497 0.7559524127036148
vn 0.6105111338750692 0.0589010749583742 0.7898144204706098
vn 0.6980826932826862 -0.058998540144754794 0.713582318727124
vn 0.7649847182958452 0.05509890174282172 0.6416872227187955
vn 0.6556924870828013 -0.08619900751491175 0.7500913900896442
vn 0.702389854052196 0.0833987955168027 -0.706889760734219
vn 0.6777787605281321 0.09519701905604709 -0.7290771422420206
vn 0.6939224633018511 0.07790252295756774 -0.7158231707914579
vn 0.6979841967545543 0.06999841405856275 -0.7126838591621012
vn 0.6887107035897729 0.07340113684563997 -0.7213111948879259
vn 0.7198267121503666 0.05170191866239647 -0.6922256973570253
vn 0.7081739020691571 0.3230881041315117 -0.6277768723016556
vn 0.7027260917591821 0.315411706941505 -0.6377236823931753
vn 0.7035124241139419 0.3159055890850566 -0.6366112847744285
vn 0.6864834661822818 0.3184923353616684 -0.653684237972915
vn 0.680491073410652 0.31479587823646205 -0.6616913586059238
vn 0.6875099881336231 0.31950464104283216 -0.6521095004434427
vn -0.7128833500669269 -0.0636985117596413 -0.698383726039605
vn -0.7131265298707866 -0.06380237180046901 -0.6981259268549511
vn -0.708309866370164 -0.07210100348403775 -0.7022097824007262
vn -0.7170675791221441 -0.06389711019947147 -0.694068617847014
vn -0.7123965820121834 -0.07079965734627754 -0.6981966187665252
vn -0.7133023178255018 -0.07340023781637 -0.6970023016269509
vn -0.6354047509153478 0.07210053800219904 -0.7688057719177183
vn -0.6573077914642008 -0.07670091167118684 -0.7497089017940654
vn -0.6285118989293953 -0.09550181017122122 -0.7719146307449976
vn -0.675479088597289 0.021099347115503382 -0.7370772133359405
vn -0.6911015224683287 -0.1320002898209603 -0.7106015825546272
vn -0.6601943171004924 0.0013999878995024967 -0.7510935385836413
vn -0.6955082545373142 -0.09040107370134795 0.7128084691865705
vn -0.6702129888401465 -0.051000988194260743 0.7404143764090257
vn -0.6955082545373142 -0.09040107370134795 0.7128084691865705
vn -0.689708547993078 -0.08890110070554734 0.7186088735317859
vn -0.689708547993078 -0.08890110070554734 0.7186088735317859
vn -0.7270146914179171 -0.14040284497783695 0.6721135912809978
vn -0.7132100137768801 -0.31850449611026677 0.6244088101604011
vn -0.700774963157041 -0.3297882265001387 0.6325774076539099
vn -0.7016716152272109 -0.3301866427361547 0.631374473148118
vn -0.6873921658539607 -0.3199963536029293 0.6519925950526048
vn -0.6717040919478068 -0.32870200805145466 0.6639040614151368
vn -0.6878855489055227 -0.3217932301177196 0.6505863422001356
vn 0.7450833090917273 -0.5468877076167447 -0.3817914322907519
vn 0.7450833090917273 -0.5468877076167447 -0.3817914322907519
vn 0.7450833090917273 -0.5468877076167447 -0.3817914322907519
vn 0.74077695373053 -0.5463829950730811 -0.3907878292842369
vn 0.74077695373053 -0.5463829950730811 -0.3907878292842369
vn 0.74077695373053 -0.5463829950730811 -0.3907878292842369
vn -0.19429999480744697 0.477999982532211 0.8565999817400372
vn 0.5155854505666775 -0.8558757948486866 0.04059885412281183
vn 0.051499157863429436 -0.9502844376930011 0.30709497589158646
vn 0.6537889361980812 -0.11499805414251699 0.7478873407461957
vn -0.24400086259330167 -0.8929031366448055 0.3784013314241807
vn 0.6447747032507025 -0.053897884493037014 0.7624700650485526
vn -0.7476218734397907 0.5376156963981308 0.3899113967823082
vn -0.7408033156254339 0.533002361332826 0.4088018228579658
vn -0.7413916153762488 0.53719389628292 0.4021954629855638
vn -0.6783766329424914 0.5644805469921668 0.470283803617595
vn -0.6658049858239529 0.5556041686337122 0.4980037436092295
vn -0.6793814126056056 0.5631845664024282 0.47038711756607515
vn -0.349090711070138 -0.24909337604957288 -0.9033759823311506
vn -0.486391693737496 -0.016499717861549766 -0.8735850728885305
vn -0.4103008274876296 -0.04770009682267327 -0.91070188960278
vn -0.5897204598726417 -0.24380846487462737 -0.7699267573367468
vn -0.6732981032192051 -0.020099941927245023 -0.7390978666833927
vn -0.5273829901163972 -0.2639914755504213 -0.8075739486713271
vn -0.289695222735523 -0.9553842302934603 0.05759904887051532
vn -0.289695222735523 -0.9553842302934603 0.05759904887051532
vn -0.289695222735523 -0.9553842302934603 0.05759904887051532
vn -0.289695222735523 -0.9553842302934603 0.05759904887051532
vn -0.289695222735523 -0.9553842302934603 0.05759904887051532
vn -0.289695222735523 -0.9553842302934603 0.05759904887051532
vn 0.6953597588694428 0.21968728033826687 0.684260407010815
vn 0.6989862852209006 0.2259955615087992 0.6784866831791234
vn 0.333889096208283 -0.11419627256390857 0.9356694302827926
vn 0.009800048593155246 0.009700048268366818 0.999904929536385
vn 0 0 1
vn 0.2909004572928325 -0.2997004713210258 0.90860142605918
vn 0 0 1
vn 0 0 1
vn 0 0 1
vn 0 0 1
vn 0 0 1
vn 0 0 1
vn -0.5950152654611293 0.7916202603498548 0.13890355384888572
vn -0.5950152654611293 0.7916202603498548 0.13890355384888572
vn -0.5950152654611293 0.7916202603498548 0.13890355384888572
vn -0.053898762618820484 0.046198939387560416 0.9974771082023008
vn 0 0 1
vn -0.03550025653992758 0.030400219202178586 0.998907182103552
vn 0.630920187933289 -0.7527240262979422 -0.18800600174472656
vn 0.630920187933289 -0.7527240262979422 -0.18800600174472656
vn -0.6731348139667374 0.7107367398362107 0.20431056965551356
vn 0 0 1
vn 0 0 -1
vn 0.16780103832750182 -0.12700079419148003 -0.9776060606455678
vn -0.4431942798013303 -0.1493980701961051 -0.8838885942091681
vn -0.4431942798013303 -0.1493980701961051 -0.8838885942091681
vn -0.4431942798013303 -0.1493980701961051 -0.8838885942091681
vn -0.18759430357789444 0.22139326795715844 -0.9569709494903043
vn 0 0 -1
vn -0.4883818427083689 0.5762785853676133 -0.6552756425806474
vn -0.5512325201492063 -0.08060476022532204 -0.8304490239376366
vn -0.5862147692749401 -0.054501371919398495 -0.8083203849605874
vn -0.5761989107560583 -0.05729989222878541 -0.8152984346814985
vn -0.5965173959482912 -0.09360273036938542 -0.7971232810541076
vn -0.616504349294057 -0.06570046338176526 -0.7846055291756061
vn -0.583484163990872 -0.09809733207661717 -0.8061781092359946
vn -0.47558048417500914 -0.026798899226769698 -0.8792639092286781
vn -0.5398656462620928 0.036797658907790805 -0.8409465002513054
vn -0.5187968040123501 0.03209980048934235 -0.8542947260489882
vn -0.5505948328971899 -0.05599947698246919 -0.8328921830372796
vn -0.5955231880534674 0.013100510364429387 -0.8032312924175863
vn -0.5271066376558231 -0.05810072873165359 -0.8478106497679915
vn -0.4664011462422593 0.23890059424160034 0.8517021057006476
vn -0.566816144052696 0.2846080967200162 0.7731220408982293
vn -0.5811902193102438 0.2561956726988326 0.772387018448979
vn -0.7589857185511172 0.19919625528840304 0.6198883213245122
vn -0.8210594183914574 0.20209000618762488 0.5338736375489687
vn -0.7373076631574086 0.23190242348385232 0.6345066397065338
vn -0.6289745507476246 0.2596894895135231 0.732770348436691
vn -0.6180064900628469 0.2256023840025053 0.7531079222612032
vn -0.6193058999567345 0.22370213015966084 0.7526071745876526
vn -0.5567003116390831 0.2544001612991703 0.7908004305461044
vn -0.5405249247461107 0.2182100662349247 0.8125374900408973
vn -0.560917533770722 0.2484077797132622 0.7897246958823678
vn -0.16720523271684457 -0.5333166756756414 -0.8292259846377154
vn 0.4312110910111688 -0.4973127928804033 0.752819354843146
vn -0.3593011837845063 -0.6492021836248448 -0.6704022554465235
vn -0.12960140071925794 -0.3760040411871979 -0.9175099116317503
vn -0.0700004356281304 -0.2753017082287092 -0.958805980612463
vn -0.12029500260692906 0.1859922740633574 0.975159467131679
vn 0.04480024304217507 0.2961016075210354 -0.9541052228380372
vn -0.7485739895908746 0.17339397347104393 -0.6399777434191942
vn -0.6209064353990558 0.13930145298244878 -0.7714080007862357
vn -0.3494920477999114 -0.2851935102428714 -0.8924796749730347
vn -0.9256834432900553 0.20599631382892403 -0.317294313701904
vn -0.24119583943236522 -0.25089567239686816 -0.9374838284541447
vn 0.8140456259224621 -0.16680935446523346 -0.5563311587349739
vn 0.8140456259224621 -0.16680935446523346 -0.5563311587349739
vn 0.8140456259224621 -0.16680935446523346 -0.5563311587349739
vn 0.8067960319299076 -0.1643991862408167 -0.5674971986058722
vn 0.8067960319299076 -0.1643991862408167 -0.5674971986058722
vn 0.8067960319299076 -0.1643991862408167 -0.5674971986058722
vn 0.8034087004369288 -0.26740289896696495 -0.5320057797489689
vn 0.8034087004369288 -0.26740289896696495 -0.5320057797489689
vn 0.8034087004369288 -0.26740289896696495 -0.5320057797489689
vn 0.8008676586269086 -0.26648924041110256 -0.5362783587937955
vn 0.8008676586269086 -0.26648924041110256 -0.5362783587937955
vn 0.8008676586269086 -0.26648924041110256 -0.5362783587937955
vn -0.17159672940046403 -0.5264899547076238 -0.8326841478321945
vn -0.18540226342028668 -0.5219063858787364 -0.8326101879617077
vn -0.17859675646577045 -0.5247904765757863 -0.8322848997039809
vn -0.19040482586598403 -0.5294133969751886 -0.8267209065882726
vn -0.19359612903941156 -0.5235895159102725 -0.8296834080839524
vn -0.18720999798121002 -0.5272281546062085 -0.8288443096543566
vn 0.7809810195724795 0.4828882466693673 -0.39609037894919236
vn 0.9214433657296567 -0.13920655180964747 -0.3627170518269995
vn 0.9653437611374891 -0.1707077331246178 -0.19740894783261587
vn 0.8548636214301024 0.47347986312644247 -0.212190970517541
vn 0.9656209252339809 -0.1901041162061447 -0.17730384584591324
vn 0.9086145260105989 0.41060658326907956 -0.07630122475181497
vn 0.17679978757276957 0.5267993507603738 0.8313989891458085
vn 0.17679978757276957 0.5267993507603738 0.8313989891458085
vn 0.17679978757276957 0.5267993507603738 0.8313989891458085
vn 0.18929991150914283 0.5313997746067405 0.8256995961307818
vn 0.18929991150914283 0.5313997746067405 0.8256995961307818
vn 0.18929991150914283 0.5313997746067405 0.8256995961307818
vn -0.9459123631407642 -0.31910415547377785 -0.05850076253197058
vn -0.9659452793408674 0.10380486426352824 0.23701111255450527
vn -0.9944848343417502 0.03629944692412578 0.09839849804374134
vn -0.8313931014690181 -0.41189660724221205 0.37299691120984035
vn -0.8496860939091196 0.02289962613493781 0.5267913713609428
vn -0.8583383648736715 -0.466320869632946 0.21400957439041113
vn 0.03270019886834805 -0.9810060182048255 0.19120117478688345
vn 0.03270019886834805 -0.9810060182048255 0.19120117478688345
vn 0.03270019886834805 -0.9810060182048255 0.19120117478688345
vn 0.03280009375071105 -0.9810028053322016 0.19120054858785032
vn 0.03280009375071105 -0.9810028053322016 0.19120054858785032
vn 0.03280009375071105 -0.9810028053322016 0.19120054858785032
vn 0.8536263046222037 0.20900644071833976 -0.47711470297538705
vn 0.8506389911051196 0.2131097685687495 -0.48062202753539934
vn 0.9643880979270488 0.03159960870063445 -0.26259676560577766
vn -0.006499729718481778 0.0063997335829463885 0.9999583975964471
vn 0 0 0.9999999999999999
vn 0.18130641006974296 0.14990530468677912 0.9719343523584224
vn 0 0 1
vn 0 0 1
vn 0 0 1
vn 0 0 1
vn 0 0 1
vn 0 0 1
vn -0.02399922568692289 0.795574321649793 0.6053804885341945
vn -0.02399922568692289 0.795574321649793 0.6053804885341945
vn 0.004600054067490729 0.7628089271298325 0.646607593671471
vn 0 0 1
vn 0 0 1
vn 0.038398733230410105 0.024299196917225447 0.9989670096231795
vn -0.012599642142903772 -0.7565785328645281 -0.6537814410232436
vn -0.007299659630557746 -0.7608645249737751 -0.6488697015624244
vn 0.00899994071924915 0.8297945797630157 0.5579963767471702
vn -0.00420007539597238 0.012100217578089451 0.9999179686860472
vn 0 0 -1
vn -0.38979482965795575 0.0679990996245276 -0.9183877793297223
vn -0.9736220709455742 -0.14110320726888292 0.17930406539196428
vn -0.9745588474881769 -0.1378941696037723 0.17669253173748606
vn 0.7511768401626396 -0.3949878220181101 0.5288837067453125
vn -0.002199953734539675 0.006099871633832463 0.9999789756637969
vn 0 0 -1
vn -0.9141169880770162 -0.3059056953844613 -0.2661049372716584
vn -0.9540225468573503 -0.024800586935215838 0.2987070654930743
vn -0.9478432643918566 -0.011900543718647062 0.3185145572908554
vn -0.9495409236396326 -0.012000516999350726 0.31341349990921225
vn -0.9483164752245845 -0.03300057300501691 0.31560548949433803
vn -0.9442491500537558 -0.018400958618217778 0.3287171235951825
vn -0.9503568755865507 -0.03319849321088279 0.3093859548749686
vn -0.9783772577689854 -0.0036999140274715627 0.206795193649731
vn -0.9589567271326559 0.054897524978183364 0.27818744982168897
vn -0.9656790481947932 0.05289885529321541 0.25429448870603866
vn -0.9564638950379951 -0.031098825594772235 0.2901890427555336
vn -0.9387136524007174 0.033100482202256275 0.3431049939515358
vn -0.9632942476619013 -0.028799827834249257 0.2668984120188978
vn 0.3018045862097125 0.20750314038149437 0.930514072152916
vn 0.3018045862097125 0.20750314038149437 0.930514072152916
vn 0.3018045862097125 0.20750314038149437 0.930514072152916
vn 0.3092909758379988 0.20919388748980147 0.9276729001658303
vn 0.3092909758379988 0.20919388748980147 0.9276729001658303
vn 0.3092909758379988 0.20919388748980147 0.9276729001658303
vn 0.288205904159781 0.2693055391704335 0.9189188665924566
vn 0.288205904159781 0.2693055391704335 0.9189188665924566
vn 0.288205904159781 0.2693055391704335 0.9189188665924566
vn 0.29390254126018245 0.27000233341803026 0.9169078667944918
vn 0.29390254126018245 0.27000233341803026 0.9169078667944918
vn 0.29390254126018245 0.27000233341803026 0.9169078667944918
vn 0.952936730168816 -0.025300975268391784 -0.30211164980125027
vn 0.9523264447530927 -0.03190088526371724 -0.30340843123309186
vn 0.9525255705873907 -0.0326008761621184 -0.30270814368072096
vn 0.9516257687272239 -0.02770074916833877 -0.30600827568847383
vn 0.9506279643655726 -0.03450101302511601 -0.3084090683919789
vn 0.9520061510183048 -0.029000185870808985 -0.304701948866054
vn 0.9675750528255601 -0.009799747569147888 -0.25239350644815606
vn 0.9604161326865785 -0.08010134663996013 -0.26680447211735686
vn 0.9633706708187828 -0.08979726578582996 -0.2526923063006817
vn 0.9628028035725857 -0.03030008809654542 -0.26850077484824986
vn 0.9533161264762543 -0.10480177371731897 -0.28320478672863947
vn 0.9654897594655785 -0.04159955900789843 -0.2570972599182027
vn -0.30139174742727276 -0.2199939707860557 -0.9277745779016145
vn -0.3094860556334719 -0.2124904258233015 -0.9268582417510606
vn -0.30139174742727276 -0.2199939707860557 -0.9277745779016145
vn -0.3089008318452475 -0.21830058864268978 -0.925702505713131
vn -0.3089008318452475 -0.21830058864268978 -0.925702505713131
vn -0.30079257088788247 -0.22619441606184337 -0.9264771532213301
vn -0.2774917130219027 -0.2817915828390939 -0.9184725652109638
vn -0.2937151490339112 -0.27511417342046984 -0.915447214650391
vn -0.29200236655178624 -0.27340222850238827 -0.9165074137060125
vn -0.2898112895601684 -0.28701119257646 -0.9130355917374252
vn -0.3022973147635649 -0.2785975269099012 -0.9115918776988006
vn -0.2867875988018843 -0.2851876706873232 -0.9145604767654179
vn 0.07989845287352741 -0.616888108462458 0.7829848650299871
vn 0.07989845287352741 -0.616888108462458 0.7829848650299871
vn 0.07989845287352741 -0.616888108462458 0.7829848650299871
vn 0.1266964895012354 -0.6134830056600115 0.7794784161953567
vn 0.1266964895012354 -0.6134830056600115 0.7794784161953567
vn 0.1266964895012354 -0.6134830056600115 0.7794784161953567
vn -0.9631950658961589 0.21599890514865705 0.15999918127251656
vn -0.9883098743340377 0.07680076899567852 0.13170130665832722
vn -0.9927971011885569 0.07299978597556343 0.0949997216791732
vn -0.9636280364199601 0.13420391414169905 0.23110672178554126
vn -0.9782376146398453 -0.015500595475166705 0.2069079525867982
vn -0.9727097573551633 0.12290123456416416 0.19680196769510086
vn -0.08039750640218132 0.6165808721549711 -0.7831757587265621
vn -0.08530379170252785 0.6148273157094775 -0.7840348429621291
vn -0.08570500422744785 0.6137358234871702 -0.7848458391422475
vn -0.11689683626630148 0.6246831192507483 -0.7720790958147261
vn -0.12239375570678565 0.6211683307631233 -0.7740605101805302
vn -0.11719724765930338 0.6233853218732645 -0.7730818492333462
vn 0.977948658901705 -0.19618970150767384 -0.071596239947964
vn 0.9871442351566087 -0.09490424939706481 -0.12860576364787796
vn 0.9885386231577945 -0.11440446938348281 -0.0985038471856596
vn 0.9561156919626308 -0.122602010458309 -0.26610436038216373
vn 0.9557819894253632 -0.025199525260680256 -0.29299449246825643
vn 0.9619778708242536 -0.1434966974153797 -0.23239465113318436
vn -0.04649960423538125 -0.9705917251064666 -0.23619798890084984
vn -0.04649960423538125 -0.9705917251064666 -0.23619798890084984
vn -0.04649960423538125 -0.9705917251064666 -0.23619798890084984
vn -0.04649960423538125 -0.9705917251064666 -0.23619798890084984
vn -0.04649960423538125 -0.9705917251064666 -0.23619798890084984
vn -0.04649960423538125 -0.9705917251064666 -0.23619798890084984
vn -0.8800695449314643 0.20589287079497512 0.4278851736621975
vn -0.8800695449314643 0.20589287079497512 0.4278851736621975
vn -0.9431180953264678 0.12010230648683912 0.3100059584013134
vn 0 0 1
vn 0 0 0.9999999999999999
vn 0.11519660308676728 -0.17519483727587404 0.9777711959498243
vn 0 0 1
vn 0 0 1
vn 0 0 1
vn 0 0 1
vn 0 0 1
vn 0 0 1
vn 0.0764995192856928 0.8252948076299043 -0.5594964736691171
vn 0.0764995192856928 0.8252948076299043 -0.5594964736691171
vn 0.0764995192856928 0.8252948076299043 -0.5594964736691171
vn 0.005000114525931291 -0.027000619743910468 0.9996229115962542
vn 0 0 0.9999999999999999
vn 0.013400194516148527 -0.07200104427176057 0.9973145363478392
vn -0.043698314244752685 -0.788969567284916 0.6128763980040506
vn -0.04840052899131392 -0.7926086431365895 0.607806653154221
vn 0.05929887917437414 0.8516838854175158 -0.5206901211361579
vn 0.0009999944275447719 0.0031999819353139346 0.9999943800475875
vn 0 0 -1
vn 0.11750367181607324 -0.15670489736077375 -0.9806306451732425
vn 0.982214080263597 -0.1507021591908563 -0.11200160600254752
vn 0.9808374973500681 -0.15570595505273443 -0.11710448049998332
vn -0.8862102236093718 0.008500098418472789 0.4632053409634903
vn 0.0008999963395620933 0.0026999891351011302 0.9999959500244283
vn 0 0 -0.9999999999999999
vn -0.02930020000478893 0.011300077297061175 -0.9995067816342017
vn 0.9698941772907258 -0.0349997895959718 -0.24099854685409203
vn 0.9698941772907258 -0.0349997895959718 -0.24099854685409203
vn 0.9698941772907258 -0.0349997895959718 -0.24099854685409203
vn 0.967560128402855 -0.032898646561951565 -0.25048967439685504
vn 0.967560128402855 -0.032898646561951565 -0.25048967439685504
vn 0.967560128402855 -0.032898646561951565 -0.25048967439685504
vn 0.9711056025843794 -0.037400216620275685 -0.23570136280044268
vn 0.9711056025843794 -0.037400216620275685 -0.23570136280044268
vn 0.9711056025843794 -0.037400216620275685 -0.23570136280044268
vn 0.9698805216566881 -0.03539928809854099 -0.24099515371282312
vn 0.9698805216566881 -0.03539928809854099 -0.24099515371282312
vn 0.9698805216566881 -0.03539928809854099 -0.24099515371282312
vn -0.23840600365538933 0.1622040903648631 -0.9575241043910976
vn -0.23840600365538933 0.1622040903648631 -0.9575241043910976
vn -0.23840600365538933 0.1622040903648631 -0.9575241043910976
vn -0.24050371268761375 0.16270250698839864 -0.9569147602598487
vn -0.24050371268761375 0.16270250698839864 -0.9569147602598487
vn -0.24050371268761375 0.16270250698839864 -0.9569147602598487
vn -0.22209799902639454 0.3194971142510215 -0.9211916591099495
vn -0.22750262783297087 0.31120357857069647 -0.922710619324328
vn -0.2189032179531078 0.3287048454581908 -0.9187135058014991
vn -0.21809750952661794 0.31879636716723997 -0.9223894798940723
vn -0.22470534647909182 0.32530774260785467 -0.9185218450658064
vn -0.2119005884634512 0.32660089882323445 -0.92110259661815
vn -0.9725621435957605 -0.014499435451081831 0.2321909628215945
vn -0.9718049377759157 -0.016600083586228095 0.2352011907692621
vn -0.9726107457877583 -0.018500204955255808 0.2317025670871911
vn -0.9719750392280156 -0.017999536935660743 0.2343939841117927
vn -0.9710517803915721 -0.019299042949785173 0.23808819109645177
vn -0.9719435135582284 -0.02060092298329071 0.2343104957621881
vn -0.9757314490121568 0.015700505118789003 0.2184070363968422
vn -0.97496241860965 -0.005899772662157609 0.22229141904571229
vn -0.9759992923071785 -0.008699993716100711 0.21759984265901144
vn -0.9737037637924919 0.007300028487876286 0.22770087826007884
vn -0.9725942039559934 -0.015399908408641848 0.23199861476356506
vn -0.9746033231196115 0.004100013928181495 0.22390076473741435
vn 0.2382088147481216 -0.1738064424940482 0.9555353897809638
vn 0.2382088147481216 -0.1738064424940482 0.9555353897809638
vn 0.2382088147481216 -0.1738064424940482 0.9555353897809638
vn 0.24020244704453486 -0.17340176768387608 0.955109737882472
vn 0.24020244704453486 -0.17340176768387608 0.955109737882472
vn 0.24020244704453486 -0.17340176768387608 0.955109737882472
vn 0.21989961351370924 -0.3291994253025841 0.9182983710956748
vn 0.21989961351370924 -0.3291994253025841 0.9182983710956748
vn 0.21989961351370924 -0.3291994253025841 0.9182983710956748
vn 0.21750521403337061 -0.3296079058936987 0.9187219983437146
vn 0.21750521403337061 -0.3296079058936987 0.9187219983437146
vn 0.21750521403337061 -0.3296079058936987 0.9187219983437146
vn 0.937862888675432 -0.3242871567156406 0.12349510935522917
vn 0.937862888675432 -0.3242871567156406 0.12349510935522917
vn 0.937862888675432 -0.3242871567156406 0.12349510935522917
vn 0.9203647156284215 -0.3312872812846583 0.20779202940737299
vn 0.9203647156284215 -0.3312872812846583 0.20779202940737299
vn 0.9203647156284215 -0.3312872812846583 0.20779202940737299
vn -0.13209966670770584 0.15209961192679053 0.9794975171522553
vn -0.1282064734083205 0.131806656676764 0.9829496962876051
vn -0.13410296184402926 0.12910284146443582 0.982521680142717
vn -0.11980397501068973 0.14580483048633178 0.9820325651313657
vn -0.11999850676239762 0.12329846947948625 0.9850877350768362
vn -0.12419808793010567 0.14309778886461544 0.9818848495503755
vn -0.9302100871354154 0.34490375927218575 -0.12550135709002108
vn -0.9342995608512603 0.3268998497858994 -0.1421999254679787
vn -0.930513907818097 0.3407051034839459 -0.13440200823309098
vn -0.926255706702247 0.3112851275399711 -0.21248984722556705
vn -0.9260138780100349 0.3061045987238814 -0.2209033100089443
vn -0.9223985116369864 0.3288994795044704 -0.20249967434927044
vn 0.1697010229094962 -0.18060109452156292 -0.9688058667664456
vn 0.09580323352291123 -0.1124037995910958 -0.9890334303167105
vn 0.13079429900804593 -0.11379504196761961 -0.9848571164237895
vn 0.016499801059279656 -0.1839977828641775 -0.9827881625589877
vn -0.03150095057801233 -0.11870357777359075 -0.9924299223302524
vn 0.04749982685395995 -0.18759932021109826 -0.9810964588179787
vn -0.1250000070452357 -0.9917000495044637 0.03010000085606722
vn -0.1250000070452357 -0.9917000495044637 0.03010000085606722
vn -0.1250000070452357 -0.9917000495044637 0.03010000085606722
vn -0.1250000070452357 -0.9917000495044637 0.03010000085606722
vn -0.1250000070452357 -0.9917000495044637 0.03010000085606722
vn -0.1250000070452357 -0.9917000495044637 0.03010000085606722
vn 0.1170058478875529 0.289014452551445 0.9501475031680626
vn 0.1170058478875529 0.289014452551445 0.9501475031680626
vn -0.06530306923357435 0.04930231523827276 0.996646773365981
vn 0 0 1
vn 0 0 0.9999999999999999
vn 0.20870079344569345 -0.1755006716654286 0.9621036810344928
vn 0 0 1
vn 0 0 1
vn 0 0 1
vn 0 0 1
vn 0 0 1
vn 0 0 1
vn -0.7671950728548141 0.5966961858715544 -0.2352984954342795
vn -0.7671950728548141 0.5966961858715544 -0.2352984954342795
vn -0.7671950728548141 0.5966961858715544 -0.2352984954342795
vn -0.13610475454890808 0.08030281194151813 0.9874345315935971
vn 0 0 1
vn -0.13400363182918787 0.07900214282111427 0.9878267500357841
vn 0.8102197946534191 -0.5447133506779277 0.21640529093577232
vn 0.8102197946534191 -0.5447133506779277 0.21640529093577232
vn 0.8102197946534191 -0.5447133506779277 0.21640529093577232
vn 0.13409372040371115 -0.06769682584149818 -0.9886536369827793
vn 0 0 -0.9999999999999999
vn 0.16480188731396025 -0.08320095144430373 -0.9828112431268373
vn 0.17200014741968359 -0.12910010116396892 -0.9766007951906756
vn 0.17200014741968359 -0.12910010116396892 -0.9766007951906756
vn 0.224400942843408 0.11570048578870795 0.967604058713711
vn 0 0 1
vn 0 0 -1
vn -0.2927065251917535 0.25410566595067274 -0.9218205902679406
vn 0.14350168425409787 -0.07490088026151145 -0.9868115953677723
vn 0.14350168425409787 -0.07490088026151145 -0.9868115953677723
vn 0.14350168425409787 -0.07490088026151145 -0.9868115953677723
vn 0.1344938966253317 -0.07389664751112443 -0.9881551888530217
vn 0.1344938966253317 -0.07389664751112443 -0.9881551888530217
vn 0.1344938966253317 -0.07389664751112443 -0.9881551888530217
vn 0.012599943825034212 -0.03239985634836091 -0.999395562689875
vn 0.09790370193465808 -0.09720367108911333 -0.9904374344067822
vn 0.11200461916924578 -0.0741030564346063 -0.990940816755371
vn 0.09579750952400472 -0.025499337288446 -0.9950741786253164
vn 0.19630646125737888 -0.06580216954488816 -0.9783321765902372
vn 0.10299800151118467 -0.001299974778389161 -0.9946807134705475
vn -0.985862901880392 0.06579752875184336 -0.15409420464807458
vn -0.9876120398621603 0.07450090804772637 -0.13810167782966037
vn -0.9868649368707322 0.07629729397343493 -0.14239494129868874
vn -0.9877915941976553 0.058699499365256695 -0.1442987706348287
vn -0.9888559124267213 0.0699968791155544 -0.13139414512374206
vn -0.9871984364071109 0.0601999016444505 -0.14769975963878268
vn -0.9715124065153457 0.16100205789457905 -0.17390221775604903
vn -0.9723291037382747 0.16860504088092626 -0.16170483670275415
vn -0.9715879856393261 0.1690979111216818 -0.16559795474461741
vn -0.9749406527604756 0.15720654770873857 -0.15740655943281975
vn -0.9751392871261989 0.16500665770928388 -0.14790596206583403
vn -0.9742592339768118 0.15759340195451124 -0.16119325256138792
vn -0.14679494652483474 0.03979863031199559 0.9883659811527611
vn -0.1453057139991148 0.03580140642062212 0.9887388476122058
vn -0.14579770805992948 0.035299447933890914 0.9886844680179991
vn -0.14139940906655749 0.03869983922542985 0.9891959004967389
vn -0.13940483044112242 0.03450119329612217 0.9896342561324488
vn -0.1422022365884154 0.03780059547928741 0.9891155841915865
vn -0.18960400263935248 0.07330154176723716 0.9791206290124228
vn -0.1673979852680786 0.0015999806791849606 0.9858881044976727
vn -0.18170093603300147 -0.009800050270742607 0.9833050029667407
vn -0.17999290907303978 0.05619778521066103 0.9820612820088372
vn -0.15490606951716093 -0.01940076079396023 0.9877386901946081
vn -0.19170374010430083 0.04280083759763654 0.9805191300178511
vn 0.9868222984197917 -0.07160161441703418 0.14510327409935903
vn 0.987138726454873 -0.0757029694379191 0.14080552244614825
vn 0.9865911690141846 -0.07549932214179049 0.14469871312266266
vn 0.9867649901551383 -0.07339739303734004 0.14459487162224044
vn 0.9871655287504817 -0.07499738246306978 0.1409950760504431
vn 0.9865706008255108 -0.07519775945832438 0.1449956777260572
vn 0.9724518719875379 -0.17100912399454926 0.15840844730805861
vn 0.9724518719875379 -0.17100912399454926 0.15840844730805861
vn 0.9724518719875379 -0.17100912399454926 0.15840844730805861
vn 0.9730742291308804 -0.1705954778443762 0.15499589523723528
vn 0.9730742291308804 -0.1705954778443762 0.15499589523723528
vn 0.9730742291308804 -0.1705954778443762 0.15499589523723528
vn 0.15869357684836152 -0.2514898247059578 -0.9547613401978736
vn 0.15869357684836152 -0.2514898247059578 -0.9547613401978736
vn 0.15869357684836152 -0.2514898247059578 -0.9547613401978736
vn 0.1859938096593953 -0.253191561709376 -0.9493683878492857
vn 0.1859938096593953 -0.253191561709376 -0.9493683878492857
vn 0.1859938096593953 -0.253191561709376 -0.9493683878492857
vn 0.9774395840879959 0.11600469401210801 0.1765071398698733
vn 0.9858499090517235 0.04839754140726881 0.1604918527790125
vn 0.9834763430018697 0.03849907356740266 0.17689574356134374
vn 0.9796913703190788 0.10519907035093327 0.17069849009181426
vn 0.9862696959592065 0.029999077835540008 0.16239501889390345
vn 0.9781587247058985 0.0939960286689023 0.18539216778549478
vn -0.15640637632921925 0.24611003465642756 0.9565390197399031
vn -0.16569700298278162 0.2566953607430688 0.952182752929032
vn -0.16730505540654037 0.2536076633289971 0.9527288027220655
vn -0.1799992831258343 0.24449901283493378 0.9527961433575016
vn -0.19070083172337093 0.2518011060515362 0.9488041925346018
vn -0.18149609604513137 0.24109480879816556 0.9533794943730185
vn -0.9739763255551765 -0.10299749897917441 -0.20189510262032553
vn -0.9840081619574159 -0.06710055808080338 -0.16500137061986095
vn -0.9809844422865893 -0.07159886162074916 -0.1803971369126522
vn -0.9820709166387787 -0.11789650640708599 -0.14709564395070615
vn -0.988864114852847 -0.08289699384050757 -0.12359551273611234
vn -0.9791033587191105 -0.12120041986558858 -0.1633005547123528
vn -0.010699622203236241 -0.9968647814498499 0.0783972294768825
vn -0.010699622203236241 -0.9968647814498499 0.0783972294768825
vn -0.010699622203236241 -0.9968647814498499 0.0783972294768825
vn -0.010699622203236241 -0.9968647814498499 0.0783972294768825
vn -0.010699622203236241 -0.9968647814498499 0.0783972294768825
vn -0.010699622203236241 -0.9968647814498499 0.0783972294768825
vn 0.9564019093392452 0.2889005715756503 -0.04280008826519795
vn 0.9579236287870487 0.2840070184534651 -0.04150102264553937
vn 0.9919352444468589 -0.05970212069403118 0.11180396955737174
vn -0.001999956406423904 0.006299862389203351 0.9999781557155383
vn 0 0 1
vn 0.3227943502868248 0.06279889645745584 0.944383452855159
vn 0 0 1
vn 0 0 1
vn 0 0 1
vn 0 0 1
vn 0 0 1
vn 0 0 1
vn -0.21260574981733343 0.4105111060509137 0.8867239857776855
vn -0.21260574981733343 0.4105111060509137 0.8867239857776855
vn -0.21260574981733343 0.4105111060509137 0.8867239857776855
vn 0.18719446287563654 -0.010099701136179744 0.9822709550351479
vn 0 0 1
vn 0.11659524832529689 -0.006299743305190213 0.9931595346681473
vn 0.19330048315786166 -0.3549009008102878 -0.9147022869846689
vn 0.19650052010444974 -0.35980095714156296 -0.9121024157619011
vn -0.11470262726515752 0.5429124754243403 0.8319190773909957
vn 0.00009999695511287449 0.007799762484252737 0.9999695763901011
vn 0 0 -0.9999999999999999
vn -0.31710170570498 0.13520072601986993 -0.9387051038119971
vn -0.9772134395468263 -0.07080097471193628 -0.2001027624719387
vn -0.9772134395468263 -0.07080097471193628 -0.2001027624719387
vn 0.28559086759467067 0.15169515064905612 -0.9462697488644998
vn 0 0 1
vn 0 0 1
vn -0.9936952851972554 0.025399878475750415 0.10919947962404783
vn -0.9938079996498157 0.0015000121108372211 -0.11110089916692488
vn -0.9910054910305722 -0.010600058457792641 -0.13340073278638895
vn -0.9909921067252209 -0.005699954715041503 -0.13379893469140514
vn -0.9920716624749952 0.004399874296501087 -0.1255964076726486
vn -0.9889965538119683 -0.003399988120669769 -0.14789948150291124
vn -0.9919656530554579 0.010199647370593397 -0.12609563970167503
vn -0.9709423245458615 -0.028501242443596697 -0.23761035664433985
vn -0.9872098077312107 0.027700274097790974 -0.15700156156616193
vn -0.9826732954955039 0.021499416688505264 -0.18409500102409224
vn -0.987642504789167 -0.06090261827679218 -0.14440621115731683
vn -0.9967000098750537 -0.005299999956127078 -0.08100000194773585
vn -0.9827162234321425 -0.06400106025188058 -0.1737028741555609
vn -0.19219632140234622 0.097698127318096 0.9764812593992488
vn -0.19219632140234622 0.097698127318096 0.9764812593992488
vn -0.19219632140234622 0.097698127318096 0.9764812593992488
vn -0.13439445012392853 0.11039544383403886 0.9847593501747381
vn -0.13439445012392853 0.11039544383403886 0.9847593501747381
vn -0.13439445012392853 0.11039544383403886 0.9847593501747381
vn -0.15089939011983364 0.13709943638471322 0.9789959747641744
vn -0.15919505478412133 0.14879538045915083 0.975969707156066
vn -0.15990728199066206 0.1462066641379263 0.9762444737503093
vn -0.19109759696417053 0.1353982936664696 0.9721877444746605
vn -0.20170215860181712 0.14260152463357814 0.9690103427660338
vn -0.19300525457156034 0.1309035569107068 0.9724264653411551
vn 0.9895172876117299 0.010900190697131275 0.1440025116457745
vn 0.9907411263255956 -0.004000166213376478 0.13570563465588156
vn 0.9904210130174843 -0.007000148617692131 0.13790291836197757
vn 0.9896057345649234 0.0077000445569570235 0.14360083366763313
vn 0.9904910210155695 -0.010199908178984918 0.13719875786855665
vn 0.9892888911699353 0.004599948390230352 0.14589835599679354
vn 0.9790092030172337 0.00240002274281796 0.20380191436391096
vn 0.9815344677750414 -0.05760202004048414 0.18240640300390146
vn 0.9788210018720068 -0.06740144726013263 0.19330414170813925
vn 0.9844094443016963 -0.014400138281044748 0.1753016884890511
vn 0.9852419869111834 -0.07830333716184468 0.15220648677576729
vn 0.9824784362309548 -0.025699434686976223 0.18459594090322712
vn 0.19569754338382547 -0.11759852234309974 -0.9735877254034458
vn 0.16870057538889946 -0.09780033815297745 -0.9808033491585443
vn 0.19129907182560463 -0.1147994388660568 -0.9747952369368147
vn 0.13560357700326875 -0.10830285678844448 -0.9848259547328047
vn 0.13169891160095404 -0.10519913533810808 -0.9856919085633392
vn 0.157595712966954 -0.12799652381862603 -0.9791733662354106
vn 0.14739808885965655 -0.14769807513369845 -0.9779872606544122
vn 0.16370218505133532 -0.15590208298585082 -0.9741129991587687
vn 0.15210542678179675 -0.1479052802511186 -0.9772348577580343
vn 0.1943078745899977 -0.15360623563832332 -0.9688392922695392
vn 0.19839211966218037 -0.15579380706911564 -0.9676615402788613
vn 0.18300283041411725 -0.14260220676280722 -0.9727150531819684
vn 0.9786493654736423 -0.12200615252163532 0.16540833777323558
vn 0.979748019645352 -0.10300504558926032 0.17170841151255703
vn 0.9784164326800079 -0.10680179201907596 0.17690297194575857
vn 0.9726661854688797 -0.12099579297530884 0.1981931122105281
vn 0.9720028718938785 -0.10600031162636646 0.20970062223361582
vn 0.9709754948011939 -0.1251968416749113 0.2037948461816541
vn -0.1924945135558032 0.08879746947422747 0.9772721584420013
vn -0.1797975191401244 0.058099197149429765 0.9819864232267412
vn -0.18649399818087584 0.05219832143458614 0.9810684603440898
vn -0.175092148220245 0.08289628583213536 0.9810560358240791
vn -0.16599689985829108 0.04749911412307683 0.9849816563748583
vn -0.18140661066676023 0.07640278064060926 0.9804357483878184
vn -0.9801374108074957 0.11410435978170273 -0.16220619906275505
vn -0.9786595976184568 0.0957960444095323 -0.18179249122218272
vn -0.978336770098567 0.10850407714228456 -0.17630663491940585
vn -0.9734847070775706 0.10939827660926596 -0.20089684457705984
vn -0.9712426335100978 0.10310452880564215 -0.2146094196258322
vn -0.9728941319922906 0.12539925385542913 -0.19429882930030523
vn 0.18940090271520588 -0.09280043996517694 -0.9775046682205332
vn 0.18130507875708832 -0.0886024844957633 -0.9794274185247542
vn 0.18379463332055104 -0.09069735371709502 -0.9787714354185457
vn 0.165706710689101 -0.0955038654584249 -0.9815397586012997
vn 0.1630034831580699 -0.08990192158201607 -0.982520996709077
vn 0.16950068871709428 -0.09640039564683087 -0.98080399685338
vn 0.0599985906474375 -0.9980765604677726 0.015599633493829692
vn 0.0599985906474375 -0.9980765604677726 0.015599633493829692
vn 0.0599985906474375 -0.9980765604677726 0.015599633493829692
vn 0.0599985906474375 -0.9980765604677726 0.015599633493829692
vn 0.0599985906474375 -0.9980765604677726 0.015599633493829692
vn 0.0599985906474375 -0.9980765604677726 0.015599633493829692
vn -0.01979910660676405 0.3156857516160601 0.9486572097465856
vn -0.01979910660676405 0.3156857516160601 0.9486572097465856
vn -0.01979910660676405 0.3156857516160601 0.9486572097465856
vn 0.2703933049805152 -0.11059726872036889 0.9563763405549663
vn 0 0 1
vn 0.2015032195140865 -0.08240131873606352 0.976015612168174
vn 0 0 1
vn 0 0 1
vn 0 0 1
vn 0 0 1
vn 0 0 1
vn 0 0 1
vn -0.9325946815242212 0.27839840986019415 -0.22969868388837478
vn -0.9325946815242212 0.27839840986019415 -0.22969868388837478
vn -0.9325946815242212 0.27839840986019415 -0.22969868388837478
vn -0.3838818750072108 0.11919437502721411 0.9156568172644268
vn 0 0 1
vn -0.29050390041137175 0.09020121517545482 0.9526128408890209
vn 0.9532961341260706 -0.2190991101432571 0.2078991596777665
vn 0.9532961341260706 -0.2190991101432571 0.2078991596777665
vn 0.9532961341260706 -0.2190991101432571 0.2078991596777665
vn 0.3505110130873349 -0.03940123950927739 -0.9357294331320474
vn 0 0 -1
vn 0.41618592716756325 -0.04689841326039581 -0.908069277567154
vn 0.2047019274650133 -0.06120057866075581 -0.9769092128052109
vn 0.2047019274650133 -0.06120057866075581 -0.9769092128052109
vn 0.31048657131893864 0.25598894386639376 0.9154604031026017
vn 0 0 1
vn 0 0 -1
vn -0.4954205203764582 0.19520807722776176 -0.8464350622315688
vn 0.13500491104732532 -0.004200152471477828 -0.9908360271570267
vn 0.13500491104732532 -0.004200152471477828 -0.9908360271570267
vn 0.13500491104732532 -0.004200152471477828 -0.9908360271570267
vn 0.14000584232783683 -0.0043001795706559855 -0.9901413396933455
vn 0.14000584232783683 -0.0043001795706559855 -0.9901413396933455
vn 0.14000584232783683 -0.0043001795706559855 -0.9901413396933455
vn 0.2220943583006419 -0.017099566035713328 -0.9748752232221396
vn 0.17309717547979778 0.006399895605221837 -0.9848839572138223
vn 0.1899955814234545 0.0038999092460441144 -0.9817771996473722
vn 0.1513043144966061 -0.0412011761589127 -0.9876282030692696
vn 0.11319872420719677 -0.019099783717974928 -0.9933887693646378
vn 0.17069737008651828 -0.042999339293068366 -0.9843848153369219
vn -0.9844022831352649 -0.03880009214504125 -0.17160040153686648
vn -0.9864086555882208 0.02070018169537796 -0.16300143146125118
vn -0.9713326920496641 -0.06520219510837394 -0.22860768820974067
vn -0.9933836438530207 -0.010099833538871894 -0.11439811837518087
vn -0.984231864762472 -0.034401114886621585 -0.17350561858552083
vn -0.9768887994906202 -0.0905989617860536 -0.19359778292393703
vn -0.9836199248592116 0.0043000871622357615 -0.18020364222278126
vn -0.9823021167140468 -0.025200054758384518 -0.18560040069805217
vn -0.9861320245947559 0.0178005773125052 -0.16500536208253738
vn -0.9757826845925033 -0.016799701670356465 -0.21809613126608735
vn -0.9788671347991224 -0.0012999563374638493 -0.2044931356395067
vn -0.9819941862331127 0.042799748700758755 -0.1839989122672164
vn -0.1491932163427477 0.017399208267230994 0.988654971033363
vn -0.13780679544009966 0.004500221941788608 0.9904489058669332
vn -0.13940497326055742 0.000600021411224555 0.9902352717433012
vn -0.1492031944777984 0.013000277969677647 0.9887210928923947
vn -0.1393059286229842 -0.0038001616929728664 0.9902421002066086
vn -0.15080320697881802 0.009200195574645097 0.9885209907565404
vn -0.2082053028916571 -0.01770045117112077 0.9779249694512009
vn -0.18509906890831718 -0.05289973414345347 0.981295038618267
vn -0.1932056928433096 -0.061501811607515645 0.9792288228100368
vn -0.16689839117572822 -0.02749973575212445 0.9855905293561402
vn -0.1448984475943206 -0.06529930573686092 0.9872894411240506
vn -0.172898672581359 -0.035699725465147616 0.984292425360125
vn 0.9777371063500897 0.049101864137676914 0.20400773956974874
vn 0.9777625094464151 0.05189800882628458 0.20319220408498972
vn 0.9823521379634819 0.003400180565463156 0.18700993505880467
vn 0.9859125510363825 0.054300691131748534 0.15820201216023314
vn 0.9902644062452888 0.010599618702242113 0.1387950064196582
vn 0.9909307827106273 0.008500264688881268 0.13410417359919255
vn 0.9861278198159765 -0.013900391562871818 0.16540466166159767
vn 0.9878384626314487 -0.014500564148182108 0.15480602502913252
vn 0.9869688618420798 0.002299927516645166 0.1608949225039996
vn 0.9768377874470033 -0.024200935437114452 0.2126082118348485
vn 0.9782335826353902 -0.009100312615375757 0.2073071202699799
vn 0.9750340204516335 -0.008100282643480313 0.2219077384478043
vn -0.9799604271648602 -0.19059229264949365 0.05789766120901769
vn -0.9809818812252699 -0.1884965192971581 0.04629914600277987
vn -0.9793534052487004 -0.1967107291378893 0.04660253930650699
vn -0.9814151095422348 -0.1910029377361758 0.018500284818189102
vn -0.9803346949625 -0.1972069777647558 0.007300258466202212
vn -0.9797222470736837 -0.19950451888723023 0.01850041979162281
vn -0.036300581899568 0.08960143360473972 -0.9953159552874293
vn -0.04620000417965258 0.062100006634092805 -0.9970000746187764
vn -0.03959841176319183 0.05749769520266564 -0.9975600136494115
vn -0.056301363579591854 0.08220199001443167 -0.9950241149322692
vn -0.06230301064861124 0.051102469868862854 -0.9967481489510885
vn -0.05009819279203496 0.07709722210434589 -0.9957641233860384
vn 0.9791255298365992 0.1948050859352548 -0.05800151132476716
vn 0.9841116364029112 0.17350205575693328 -0.03770044753715827
vn 0.9810831897000515 0.1884967678629186 -0.044099244814461216
vn 0.9817284014781674 0.18940548126830886 -0.01830052995523832
vn 0.9830651554635716 0.1831935090123701 -0.004799830113459612
vn 0.977806566336793 0.20780139389745955 -0.026700178331309648
vn 0.03410033162599796 -0.09690094405577021 0.9947096935408328
vn 0.05189939475651645 -0.08189904645518363 0.9952883999191585
vn 0.0445984515971522 -0.0851970412960961 0.9953654817550824
vn 0.06510002968204627 -0.10250004692896675 0.9926004868601246
vn 0.07580054793339726 -0.08940064520143788 0.9931071450606745
vn 0.05689823637541649 -0.10569672802127014 0.9927692543501562
vn 0.01619942197486389 -0.99986428047522 -0.0029998929065698323
vn 0.01619942197486389 -0.99986428047522 -0.0029998929065698323
vn 0.01619942197486389 -0.99986428047522 -0.0029998929065698323
vn 0.01619942197486389 -0.99986428047522 -0.0029998929065698323
vn 0.01619942197486389 -0.99986428047522 -0.0029998929065698323
vn 0.01619942197486389 -0.99986428047522 -0.0029998929065698323
vn -0.21620454156333227 0.30550642649691057 -0.9273194808567742
vn -0.21620454156333227 0.30550642649691057 -0.9273194808567742
vn -0.21620454156333227 0.30550642649691057 -0.9273194808567742
vn 0.2993901235373043 0.06709778950378432 0.9517685856194369
vn 0 0 1
vn 0.4155060343889276 0.09310135186948237 0.9048131705863162
vn 0 0 1
vn 0 0 1
vn 0 0 1
vn 0 0 1
vn 0 0 1
vn 0 0 1
vn 0.934532404117567 0.3554123276421472 0.018200632248122208
vn 0.934532404117567 0.3554123276421472 0.018200632248122208
vn 0.934532404117567 0.3554123276421472 0.018200632248122208
vn -0.2714127396727145 -0.16250761911356046 0.948644505846839
vn 0 0 1
vn -0.2745955892999584 -0.16449735633444648 0.9473847592694252
vn -0.9545967319301307 -0.2977989922837131 0.007799973276823909
vn -0.9545967319301307 -0.2977989922837131 0.007799973276823909
vn -0.9545967319301307 -0.2977989922837131 0.007799973276823909
vn 0.3427969763179156 0.1779984375242959 -0.922391884865757
vn 0 0 -1
vn 0.34558534551534803 0.1794923826903118 -0.9210609390920843
vn 0.023599542768848597 -0.06689870132457465 0.9974806390813742
vn 0.023599542768848597 -0.06689870132457465 0.9974806390813742
vn -0.9758068107714035 0.2146014995312599 -0.04180029247597333
vn 0 0 1
vn 0 0 -1
vn -0.9313947381953658 -0.34579805841529165 -0.11369935997269506
vn 0.09680028940066801 0.0013000038971624618 0.9953029759635075
vn 0.08280386956984087 0.006200289860632864 0.9965465747218766
vn 0.08169648769130326 0.00039998280754318093 0.9966571747158891
vn 0.0913013267872958 0.004200060736747668 0.99581445421157
vn 0.07670370650888968 0.0034001642625852806 0.9970481333871427
vn 0.09079697458794331 -0.002299923359984844 0.9958667680760387
vn 0.030301234178060014 -0.020000813741434788 0.999340683979676
vn 0.030301234178060014 -0.020000813741434788 0.999340683979676
vn 0.030301234178060014 -0.020000813741434788 0.999340683979676
vn 0.08859845423927576 -0.012999773136515458 0.9959825901112981
vn 0.08859845423927576 -0.012999773136515458 0.9959825901112981
vn 0.08859845423927576 -0.012999773136515458 0.9959825901112981
vn 0.9976132085152944 0.06740089210291121 -0.015000197983738956
vn 0.9976764002725912 0.06809838873169852 -0.002099950302030013
vn 0.9988068517561522 0.010000068579740505 -0.04780032963656442
vn 0.9956629919693801 0.07209731866692796 -0.05879781512625915
vn 0.9963135849678029 0.010000136310627124 -0.0852011600999271
vn 0.9957742297727707 0.0065998290420186245 -0.09159762866505623
vn 0.9968242333090692 0.06450156431694713 -0.04670113583686329
vn 0.9944540071345506 0.06999676430115052 -0.07849637368314849
vn 0.992588526117949 0.11439867424544864 -0.04099952621532933
vn 0.9981180360125911 0.058401057695122285 -0.01870033813755559
vn 0.9944133452421894 0.10220137053352588 -0.026400353507242506
vn 0.994226844457812 0.10560285167208054 0.019000512576930882
vn -0.06949860766668478 0.0019999600484297254 -0.9975800437519773
vn -0.08109897651939715 0.006099922755133235 -0.9966873867717437
vn -0.07859866645876823 0.006799884991405619 -0.9968831482149787
vn -0.08129847892351098 -0.004099923419070698 -0.9966813673148912
vn -0.09030129518480833 0.0007000100058989357 -0.9959142463455063
vn -0.07850062457234136 -0.003500027838276399 -0.9969079203953009
vn -0.0005000097457624931 -0.03950076985702817 -0.9992194149289516
vn -0.027901089071077183 -0.03380131884231776 -0.9990390383129018
vn -0.019099889270853775 -0.03529979829909414 -0.999194234606007
vn -0.06939917603570585 -0.05469935081108419 -0.9960882166687904
vn -0.08489673710943019 -0.04739818019783044 -0.9952617527776834
vn -0.05750239765587379 -0.058302429641008624 -0.996641510755889
vn -0.9969969440588656 -0.046799856266889324 0.061699813538465806
vn -0.9965367382310844 0.0029001068337836215 0.08310306093101341
vn -0.997085148461107 -0.07529887936580623 -0.012299816443585942
vn -0.9931527421112819 -0.0161992295339392 0.11569449338386208
vn -0.9978219723345454 -0.048601069970224495 0.04460098120161701
vn -0.9941632712465146 -0.10429614753662217 0.027598980297252298
vn -0.995006417791643 -0.09510061344390856 0.030300195973537072
vn -0.9922483935197882 -0.12010585470783504 0.031901555170556255
vn -0.9946822653511601 -0.0693987592314625 0.07609864133490166
vn -0.992133584297597 -0.12500423141771425 -0.006700226598346498
vn -0.9951265653714417 -0.0938025029346445 0.03040081142393956
vn -0.9968615070783725 -0.058897723080000866 0.052897957630018276
f 1/1/1 2/2/2 3/3/3
f 4/4/4 5/5/5 6/6/6
f 7/7/7 8/8/8 9/9/9
f 10/10/10 11/11/11 12/12/12
f 13/13/13 14/14/14 15/15/15
f 16/16/16 17/17/17 18/18/18
f 19/19/19 20/20/20 21/21/21
f 22/22/22 23/23/23 24/24/24
f 25/25/25 26/26/26 27/27/27
f 28/28/28 29/29/29 30/30/30
f 31/31/31 32/32/32 33/33/33
f 34/34/34 35/35/35 36/36/36
f 37/37/37 38/38/38 39/39/39
f 40/40/40 41/41/41 42/42/42
f 43/43/43 44/44/44 45/45/45
f 46/46/46 47/47/47 48/48/48
f 49/49/49 50/50/50 51/51/51
f 52/52/52 53/53/53 54/54/54
f 55/55/55 56/56/56 57/57/57
f 58/58/58 59/59/59 60/60/60
f 61/61/61 62/62/62 63/63/63
f 64/64/64 65/65/65 66/66/66
f 67/67/67 68/68/68 69/69/69
f 70/70/70 71/71/71 72/72/72
f 73/73/73 74/74/74 75/75/75
f 76/76/76 77/77/77 78/78/78
f 79/79/79 80/80/80 81/81/81
f 82/82/82 83/83/83 84/84/84
f 85/85/85 86/86/86 87/87/87
f 88/88/88 89/89/89 90/90/90
f 91/91/91 92/92/92 93/93/93
f 94/94/94 95/95/95 96/96/96
f 97/97/97 98/98/98 99/99/99
f 100/100/100 101/101/101 102/102/102
f 103/103/103 104/104/104 105/105/105
f 106/106/106 107/107/107 108/108/108
f 109/109/109 110/110/110 111/111/111
f 112/112/112 113/113/113 114/114/114
f 115/115/115 116/116/116 117/117/117
f 118/118/118 119/119/119 120/120/120
f 121/121/121 122/122/122 123/123/123
f 124/124/124 125/125/125 126/126/126
f 127/127/127 128/128/128 129/129/129
f 130/130/130 131/131/131 132/132/132
f 133/133/133 134/134/134 135/135/135
f 136/136/136 137/137/137 138/138/138
f 139/139/139 140/140/140 141/141/141
f 142/142/142 143/143/143 144/144/144
f 145/145/145 146/146/146 147/147/147
f 148/148/148 149/149/149 150/150/150
f 151/151/151 152/152/152 153/153/153
f 154/154/154 155/155/155 156/156/156
f 157/157/157 158/158/158 159/159/159
f 160/160/160 161/161/161 162/162/162
f 163/163/163 164/164/164 165/165/165
f 166/166/166 167/167/167 168/168/168
f 169/169/169 170/170/170 171/171/171
f 172/172/172 173/173/173 174/174/174
f 175/175/175 176/176/176 177/177/177
f 178/178/178 179/179/179 180/180/180
f 181/181/181 182/182/182 183/183/183
f 184/184/184 185/185/185 186/186/186
f 187/187/187 188/188/188 189/189/189
f 190/190/190 191/191/191 192/192/192
f 193/193/193 194/194/194 195/195/195
f 196/196/196 197/197/197 198/198/198
f 199/199/199 200/200/200 201/201/201
f 202/202/202 203/203/203 204/204/204
f 205/205/205 206/206/206 207/207/207
f 208/208/208 209/209/209 210/210/210
f 211/211/211 212/212/212 213/213/213
f 214/214/214 215/215/215 216/216/216
f 217/217/217 218/218/218 219/219/219
f 220/220/220 221/221/221 222/222/222
f 223/223/223 224/224/224 225/225/225
f 226/226/226 227/227/227 228/228/228
f 229/229/229 230/230/230 231/231/231
f 232/232/232 233/233/233 234/234/234
f 235/235/235 236/236/236 237/237/237
f 238/238/238 239/239/239 240/240/240
f 241/241/241 242/242/242 243/243/243
f 244/244/244 245/245/245 246/246/246
f 247/247/247 248/248/248 249/249/249
f 250/250/250 251/251/251 252/252/252
f 253/253/253 254/254/254 255/255/255
f 256/256/256 257/257/257 258/258/258
f 259/259/259 260/260/260 261/261/261
f 262/262/262 263/263/263 264/264/264
f 265/265/265 266/266/266 267/267/267
f 268/268/268 269/269/269 270/270/270
f 271/271/271 272/272/272 273/273/273
f 274/274/274 275/275/275 276/276/276
f 277/277/277 278/278/278 279/279/279
f 280/280/280 281/281/281 282/282/282
f 283/283/283 284/284/284 285/285/285
f 286/286/286 287/287/287 288/288/288
f 289/289/289 290/290/290 291/291/291
f 292/292/292 293/293/293 294/294/294
f 295/295/295 296/296/296 297/297/297
f 298/298/298 299/299/299 300/300/300
f 301/301/301 302/302/302 303/303/303
f 304/304/304 305/305/305 306/306/306
f 307/307/307 308/308/308 309/309/309
f 310/310/310 311/311/311 312/312/312
f 313/313/313 314/314/314 315/315/315
f 316/316/316 317/317/317 318/318/318
f 319/319/319 320/320/320 321/321/321
f 322/322/322 323/323/323 324/324/324
f 325/325/325 326/326/326 327/327/327
f 328/328/328 329/329/329 330/330/330
f 331/331/331 332/332/332 333/333/333
f 334/334/334 335/335/335 336/336/336
f 337/337/337 338/338/338 339/339/339
f 340/340/340 341/341/341 342/342/342
f 343/343/343 344/344/344 345/345/345
f 346/346/346 347/347/347 348/348/348
f 349/349/349 350/350/350 351/351/351
f 352/352/352 353/353/353 354/354/354
f 355/355/355 356/356/356 357/357/357
f 358/358/358 359/359/359 360/360/360
f 361/361/361 362/362/362 363/363/363
f 364/364/364 365/365/365 366/366/366
f 367/367/367 368/368/368 369/369/369
f 370/370/370 371/371/371 372/372/372
f 373/373/373 374/374/374 375/375/375
f 376/376/376 377/377/377 378/378/378
f 379/379/379 380/380/380 381/381/381
f 382/382/382 383/383/383 384/384/384
f 385/385/385 386/386/386 387/387/387
f 388/388/388 389/389/389 390/390/390
f 391/391/391 392/392/392 393/393/393
f 394/394/394 395/395/395 396/396/396
f 397/397/397 398/398/398 399/399/399
f 400/400/400 401/401/401 402/402/402
f 403/403/403 404/404/404 405/405/405
f 406/406/406 407/407/407 408/408/408
f 409/409/409 410/410/410 411/411/411
f 412/412/412 413/413/413 414/414/414
f 415/415/415 416/416/416 417/417/417
f 418/418/418 419/419/419 420/420/420
f 421/421/421 422/422/422 423/423/423
f 424/424/424 425/425/425 426/426/426
f 427/427/427 428/428/428 429/429/429
f 430/430/430 431/431/431 432/432/432
f 433/433/433 434/434/434 435/435/435
f 436/436/436 437/437/437 438/438/438
f 439/439/439 440/440/440 441/441/441
f 442/442/442 443/443/443 444/444/444
f 445/445/445 446/446/446 447/447/447
f 448/448/448 449/449/449 450/450/450
f 451/451/451 452/452/452 453/453/453
f 454/454/454 455/455/455 456/456/456
f 457/457/457 458/458/458 459/459/459
f 460/460/460 461/461/461 462/462/462
f 463/463/463 464/464/464 465/465/465
f 466/466/466 467/467/467 468/468/468
f 469/469/469 470/470/470 471/471/471
f 472/472/472 473/473/473 474/474/474
f 475/475/475 476/476/476 477/477/477
f 478/478/478 479/479/479 480/480/480
f 481/481/481 482/482/482 483/483/483
f 484/484/484 485/485/485 486/486/486
f 487/487/487 488/488/488 489/489/489
f 490/490/490 491/491/491 492/492/492
f 493/493/493 494/494/494 495/495/495
f 496/496/496 497/497/497 498/498/498
f 499/499/499 500/500/500 501/501/501
f 502/502/502 503/503/503 504/504/504
f 505/505/505 506/506/506 507/507/507
f 508/508/508 509/509/509 510/510/510
f 511/511/511 512/512/512 513/513/513
f 514/514/514 515/515/515 516/516/516
f 517/517/517 518/518/518 519/519/519
f 520/520/520 521/521/521 522/522/522
f 523/523/523 524/524/524 525/525/525
f 526/526/526 527/527/527 528/528/528
f 529/529/529 530/530/530 531/531/531
f 532/532/532 533/533/533 534/534/534
f 535/535/535 536/536/536 537/537/537
f 538/538/538 539/539/539 540/540/540
f 541/541/541 542/542/542 543/543/543
f 544/544/544 545/545/545 546/546/546
f 547/547/547 548/548/548 549/549/549
f 550/550/550 551/551/551 552/552/552
f 553/553/553 554/554/554 555/555/555
f 556/556/556 557/557/557 558/558/558
f 559/559/559 560/560/560 561/561/561
f 562/562/562 563/563/563 564/564/564
f 565/565/565 566/566/566 567/567/567
f 568/568/568 569/569/569 570/570/570
f 571/571/571 572/572/572 573/573/573
f 574/574/574 575/575/575 576/576/576
f 577/577/577 578/578/578 579/579/579
f 580/580/580 581/581/581 582/582/582
f 583/583/583 584/584/584 585/585/585
f 586/586/586 587/587/587 588/588/588
f 589/589/589 590/590/590 591/591/591
f 592/592/592 593/593/593 594/594/594
f 595/595/595 596/596/596 597/597/597
f 598/598/598 599/599/599 600/600/600
f 601/601/601 602/602/602 603/603/603
f 604/604/604 605/605/605 606/606/606
f 607/607/607 608/608/608 609/609/609
f 610/610/610 611/611/611 612/612/612
f 613/613/613 614/614/614 615/615/615
f 616/616/616 617/617/617 618/618/618
f 619/619/619 620/620/620 621/621/621
f 622/622/622 623/623/623 624/624/624
f 625/625/625 626/626/626 627/627/627
f 628/628/628 629/629/629 630/630/630
f 631/631/631 632/632/632 633/633/633
f 634/634/634 635/635/635 636/636/636
f 637/637/637 638/638/638 639/639/639
f 640/640/640 641/641/641 642/642/642
f 643/643/643 644/644/644 645/645/645
f 646/646/646 647/647/647 648/648/648
f 649/649/649 650/650/650 651/651/651
f 652/652/652 653/653/653 654/654/654
f 655/655/655 656/656/656 657/657/657
f 658/658/658 659/659/659 660/660/660
f 661/661/661 662/662/662 663/663/663
f 664/664/664 665/665/665 666/666/666
f 667/667/667 668/668/668 669/669/669
f 670/670/670 671/671/671 672/672/672
f 673/673/673 674/674/674 675/675/675
f 676/676/676 677/677/677 678/678/678
f 679/679/679 680/680/680 681/681/681
f 682/682/682 683/683/683 684/684/684
f 685/685/685 686/686/686 687/687/687
f 688/688/688 689/689/689 690/690/690
f 691/691/691 692/692/692 693/693/693
f 694/694/694 695/695/695 696/696/696
f 697/697/697 698/698/698 699/699/699
f 700/700/700 701/701/701 702/702/702
f 703/703/703 704/704/704 705/705/705
f 706/706/706 707/707/707 708/708/708
f 709/709/709 710/710/710 711/711/711
f 712/712/712 713/713/713 714/714/714
f 715/715/715 716/716/716 717/717/717
f 718/718/718 719/719/719 720/720/720
f 721/721/721 722/722/722 723/723/723
f 724/724/724 725/725/725 726/726/726
f 727/727/727 728/728/728 729/729/729
f 730/730/730 731/731/731 732/732/732
f 733/733/733 734/734/734 735/735/735
f 736/736/736 737/737/737 738/738/738
f 739/739/739 740/740/740 741/741/741
f 742/742/742 743/743/743 744/744/744
f 745/745/745 746/746/746 747/747/747
f 748/748/748 749/749/749 750/750/750
f 751/751/751 752/752/752 753/753/753
f 754/754/754 755/755/755 756/756/756
f 757/757/757 758/758/758 759/759/759
f 760/760/760 761/761/761 762/762/762
f 763/763/763 764/764/764 765/765/765
f 766/766/766 767/767/767 768/768/768
f 769/769/769 770/770/770 771/771/771
f 772/772/772 773/773/773 774/774/774
f 775/775/775 776/776/776 777/777/777
f 778/778/778 779/779/779 780/780/780
f 781/781/781 782/782/782 783/783/783
f 784/784/784 785/785/785 786/786/786
f 787/787/787 788/788/788 789/789/789
f 790/790/790 791/791/791 792/792/792
f 793/793/793 794/794/794 795/795/795
f 796/796/796 797/797/797 798/798/798
f 799/799/799 800/800/800 801/801/801
f 802/802/802 803/803/803 804/804/804
f 805/805/805 806/806/806 807/807/807
f 808/808/808 809/809/809 810/810/810
f 811/811/811 812/812/812 813/813/813
f 814/814/814 815/815/815 816/816/816
f 817/817/817 818/818/818 819/819/819
f 820/820/820 821/821/821 822/822/822
f 823/823/823 824/824/824 825/825/825
f 826/826/826 827/827/827 828/828/828
f 829/829/829 830/830/830 831/831/831
f 832/832/832 833/833/833 834/834/834
f 835/835/835 836/836/836 837/837/837
f 838/838/838 839/839/839 840/840/840
f 841/841/841 842/842/842 843/843/843
f 844/844/844 845/845/845 846/846/846
f 847/847/847 848/848/848 849/849/849
f 850/850/850 851/851/851 852/852/852
f 853/853/853 854/854/854 855/855/855
f 856/856/856 857/857/857 858/858/858
f 859/859/859 860/860/860 861/861/861
f 862/862/862 863/863/863 864/864/864
