o Lily_Flower_Plane.022
v 14.817712783813477 2.1449780464172363 9.064266204833984
v 14.820419311523438 2.1460349559783936 9.065244674682617
v 14.829817771911621 2.158940076828003 9.05638599395752
v 14.817712783813477 2.1449780464172363 9.064266204833984
v 14.829817771911621 2.158940076828003 9.05638599395752
v 14.823064804077148 2.155289888381958 9.053954124450684
v 14.831653594970703 2.172883987426758 9.03712272644043
v 14.839780807495117 2.175945997238159 9.042411804199219
v 14.843493461608887 2.1834070682525635 9.032700538635254
v 14.831653594970703 2.172883987426758 9.03712272644043
v 14.843493461608887 2.1834070682525635 9.032700538635254
v 14.836366653442383 2.1809840202331543 9.027149200439453
v 14.836366653442383 2.1809840202331543 9.027149200439453
v 14.843493461608887 2.1834070682525635 9.032700538635254
v 14.84425163269043 2.186691999435425 9.022382736206055
v 14.836366653442383 2.1809840202331543 9.027149200439453
v 14.84425163269043 2.186691999435425 9.022382736206055
v 14.839877128601074 2.185681104660034 9.018813133239746
v 14.839877128601074 2.185681104660034 9.018813133239746
v 14.84425163269043 2.186691999435425 9.022382736206055
v 14.843725204467773 2.1875948905944824 9.016034126281738
v 14.839877128601074 2.185681104660034 9.018813133239746
v 14.843725204467773 2.1875948905944824 9.016034126281738
v 14.841507911682129 2.187333106994629 9.014477729797363
v 14.841507911682129 2.187333106994629 9.014477729797363
v 14.843725204467773 2.1875948905944824 9.016034126281738
v 14.842825889587402 2.1878750324249268 9.013588905334473
v 14.841507911682129 2.187333106994629 9.014477729797363
v 14.842825889587402 2.1878750324249268 9.013588905334473
v 14.84201431274414 2.187864065170288 9.013091087341309
v 14.817712783813477 2.1449780464172363 9.064266204833984
v 14.815384864807129 2.1455929279327393 9.063139915466309
v 14.815411567687988 2.143681049346924 9.065089225769043
v 14.817712783813477 2.1449780464172363 9.064266204833984
v 14.815411567687988 2.143681049346924 9.065089225769043
v 14.817022323608398 2.1434669494628906 9.065709114074707
v 14.823064804077148 2.155289888381958 9.053954124450684
v 14.829817771911621 2.158940076828003 9.05638599395752
v 14.839780807495117 2.175945997238159 9.042411804199219
v 14.823064804077148 2.155289888381958 9.053954124450684
v 14.839780807495117 2.175945997238159 9.042411804199219
v 14.831653594970703 2.172883987426758 9.03712272644043
v 14.816909790039062 2.1575870513916016 9.050722122192383
v 14.823064804077148 2.155289888381958 9.053954124450684
v 14.831653594970703 2.172883987426758 9.03712272644043
v 14.816909790039062 2.1575870513916016 9.050722122192383
v 14.831653594970703 2.172883987426758 9.03712272644043
v 14.822297096252441 2.1747589111328125 9.033761978149414
v 14.820419311523438 2.1460349559783936 9.065244674682617
v 14.817712783813477 2.1449780464172363 9.064266204833984
v 14.817022323608398 2.1434669494628906 9.065709114074707
v 14.820419311523438 2.1460349559783936 9.065244674682617
v 14.817022323608398 2.1434669494628906 9.065709114074707
v 14.818681716918945 2.1438610553741455 9.066540718078613
v 14.83907699584961 2.187530040740967 9.013228416442871
v 14.841507911682129 2.187333106994629 9.014477729797363
v 14.84201431274414 2.187864065170288 9.013091087341309
v 14.83907699584961 2.187530040740967 9.013228416442871
v 14.84201431274414 2.187864065170288 9.013091087341309
v 14.841181755065918 2.1878979206085205 9.012624740600586
v 14.834576606750488 2.186537981033325 9.016535758972168
v 14.839877128601074 2.185681104660034 9.018813133239746
v 14.841507911682129 2.187333106994629 9.014477729797363
v 14.834576606750488 2.186537981033325 9.016535758972168
v 14.841507911682129 2.187333106994629 9.014477729797363
v 14.83907699584961 2.187530040740967 9.013228416442871
v 14.827557563781738 2.182784080505371 9.023941040039062
v 14.836366653442383 2.1809840202331543 9.027149200439453
v 14.839877128601074 2.185681104660034 9.018813133239746
v 14.827557563781738 2.182784080505371 9.023941040039062
v 14.839877128601074 2.185681104660034 9.018813133239746
v 14.834576606750488 2.186537981033325 9.016535758972168
v 14.822297096252441 2.1747589111328125 9.033761978149414
v 14.831653594970703 2.172883987426758 9.03712272644043
v 14.836366653442383 2.1809840202331543 9.027149200439453
v 14.822297096252441 2.1747589111328125 9.033761978149414
v 14.836366653442383 2.1809840202331543 9.027149200439453
v 14.827557563781738 2.182784080505371 9.023941040039062
v 14.815384864807129 2.1455929279327393 9.063139915466309
v 14.817712783813477 2.1449780464172363 9.064266204833984
v 14.823064804077148 2.155289888381958 9.053954124450684
v 14.815384864807129 2.1455929279327393 9.063139915466309
v 14.823064804077148 2.155289888381958 9.053954124450684
v 14.816909790039062 2.1575870513916016 9.050722122192383
v 14.828388214111328 2.1393539905548096 9.067570686340332
v 14.833450317382812 2.141771078109741 9.071889877319336
v 14.863397598266602 2.155380964279175 9.065983772277832
v 14.828388214111328 2.1393539905548096 9.067570686340332
v 14.863397598266602 2.155380964279175 9.065983772277832
v 14.855525016784668 2.1509459018707275 9.056009292602539
v 14.878314018249512 2.167293071746826 9.044322967529297
v 14.885936737060547 2.171576976776123 9.05657958984375
v 14.897736549377441 2.1817100048065186 9.048474311828613
v 14.878314018249512 2.167293071746826 9.044322967529297
v 14.897736549377441 2.1817100048065186 9.048474311828613
v 14.894007682800293 2.1775879859924316 9.035951614379883
v 14.894007682800293 2.1775879859924316 9.035951614379883
v 14.897736549377441 2.1817100048065186 9.048474311828613
v 14.908205032348633 2.189534902572632 9.037424087524414
v 14.894007682800293 2.1775879859924316 9.035951614379883
v 14.908205032348633 2.189534902572632 9.037424087524414
v 14.90548324584961 2.1875569820404053 9.02956485748291
v 14.90548324584961 2.1875569820404053 9.02956485748291
v 14.908205032348633 2.189534902572632 9.037424087524414
v 14.915006637573242 2.1930809020996094 9.02885913848877
v 14.90548324584961 2.1875569820404053 9.02956485748291
v 14.915006637573242 2.1930809020996094 9.02885913848877
v 14.913453102111816 2.1925199031829834 9.025032043457031
v 14.913453102111816 2.1925199031829834 9.025032043457031
v 14.915006637573242 2.1930809020996094 9.02885913848877
v 14.91678524017334 2.194340944290161 9.024802207946777
v 14.913453102111816 2.1925199031829834 9.025032043457031
v 14.91678524017334 2.194340944290161 9.024802207946777
v 14.916190147399902 2.194247007369995 9.023455619812012
v 14.828388214111328 2.1393539905548096 9.067570686340332
v 14.828109741210938 2.141403913497925 9.061450004577637
v 14.823356628417969 2.138432025909424 9.065573692321777
v 14.828388214111328 2.1393539905548096 9.067570686340332
v 14.823356628417969 2.138432025909424 9.065573692321777
v 14.823663711547852 2.1375370025634766 9.069528579711914
v 14.855525016784668 2.1509459018707275 9.056009292602539
v 14.863397598266602 2.155380964279175 9.065983772277832
v 14.885936737060547 2.171576976776123 9.05657958984375
v 14.855525016784668 2.1509459018707275 9.056009292602539
v 14.885936737060547 2.171576976776123 9.05657958984375
v 14.878314018249512 2.167293071746826 9.044322967529297
v 14.850767135620117 2.1555190086364746 9.045276641845703
v 14.855525016784668 2.1509459018707275 9.056009292602539
v 14.878314018249512 2.167293071746826 9.044322967529297
v 14.850767135620117 2.1555190086364746 9.045276641845703
v 14.878314018249512 2.167293071746826 9.044322967529297
v 14.873370170593262 2.1695570945739746 9.03122329711914
v 14.833450317382812 2.141771078109741 9.071889877319336
v 14.828388214111328 2.1393539905548096 9.067570686340332
v 14.823663711547852 2.1375370025634766 9.069528579711914
v 14.833450317382812 2.141771078109741 9.071889877319336
v 14.823663711547852 2.1375370025634766 9.069528579711914
v 14.826498985290527 2.1386609077453613 9.072430610656738
v 14.911566734313965 2.1926259994506836 9.02130126953125
v 14.913453102111816 2.1925199031829834 9.025032043457031
v 14.916190147399902 2.194247007369995 9.023455619812012
v 14.911566734313965 2.1926259994506836 9.02130126953125
v 14.916190147399902 2.194247007369995 9.023455619812012
v 14.915552139282227 2.1942410469055176 9.02212142944336
v 14.90127944946289 2.1885271072387695 9.022171974182129
v 14.90548324584961 2.1875569820404053 9.02956485748291
v 14.913453102111816 2.1925199031829834 9.025032043457031
v 14.90127944946289 2.1885271072387695 9.022171974182129
v 14.913453102111816 2.1925199031829834 9.025032043457031
v 14.911566734313965 2.1926259994506836 9.02130126953125
v 14.88732624053955 2.179939031600952 9.024301528930664
v 14.894007682800293 2.1775879859924316 9.035951614379883
v 14.90548324584961 2.1875569820404053 9.02956485748291
v 14.88732624053955 2.179939031600952 9.024301528930664
v 14.90548324584961 2.1875569820404053 9.02956485748291
v 14.90127944946289 2.1885271072387695 9.022171974182129
v 14.873370170593262 2.1695570945739746 9.03122329711914
v 14.878314018249512 2.167293071746826 9.044322967529297
v 14.894007682800293 2.1775879859924316 9.035951614379883
v 14.873370170593262 2.1695570945739746 9.03122329711914
v 14.894007682800293 2.1775879859924316 9.035951614379883
v 14.88732624053955 2.179939031600952 9.024301528930664
v 14.828109741210938 2.141403913497925 9.061450004577637
v 14.828388214111328 2.1393539905548096 9.067570686340332
v 14.855525016784668 2.1509459018707275 9.056009292602539
v 14.828109741210938 2.141403913497925 9.061450004577637
v 14.855525016784668 2.1509459018707275 9.056009292602539
v 14.850767135620117 2.1555190086364746 9.045276641845703
v 14.826778411865234 2.1386659145355225 9.077836036682129
v 14.825360298156738 2.1411359310150146 9.084007263183594
v 14.84386920928955 2.1558690071105957 9.105542182922363
v 14.826778411865234 2.1386659145355225 9.077836036682129
v 14.84386920928955 2.1558690071105957 9.105542182922363
v 14.849852561950684 2.150646924972534 9.094712257385254
v 14.869708061218262 2.1700708866119385 9.108146667480469
v 14.85991382598877 2.174423933029175 9.118827819824219
v 14.872438430786133 2.1864049434661865 9.126744270324707
v 14.869708061218262 2.1700708866119385 9.108146667480469
v 14.872438430786133 2.1864049434661865 9.126744270324707
v 14.881589889526367 2.183228015899658 9.117133140563965
v 14.881589889526367 2.183228015899658 9.117133140563965
v 14.872438430786133 2.1864049434661865 9.126744270324707
v 14.886401176452637 2.195604085922241 9.130252838134766
v 14.881589889526367 2.183228015899658 9.117133140563965
v 14.886401176452637 2.195604085922241 9.130252838134766
v 14.892106056213379 2.1938979625701904 9.124114990234375
v 14.892106056213379 2.1938979625701904 9.124114990234375
v 14.886401176452637 2.195604085922241 9.130252838134766
v 14.896886825561523 2.1999950408935547 9.131977081298828
v 14.892106056213379 2.1938979625701904 9.124114990234375
v 14.896886825561523 2.1999950408935547 9.131977081298828
v 14.899524688720703 2.199552059173584 9.128779411315918
v 14.899524688720703 2.199552059173584 9.128779411315918
v 14.896886825561523 2.1999950408935547 9.131977081298828
v 14.901190757751465 2.201572895050049 9.13154125213623
v 14.899524688720703 2.199552059173584 9.128779411315918
v 14.901190757751465 2.201572895050049 9.13154125213623
v 14.902088165283203 2.2015180587768555 9.13037109375
v 14.826778411865234 2.1386659145355225 9.077836036682129
v 14.832058906555176 2.140765905380249 9.074301719665527
v 14.826153755187988 2.137726068496704 9.072443008422852
v 14.826778411865234 2.1386659145355225 9.077836036682129
v 14.826153755187988 2.137726068496704 9.072443008422852
v 14.822796821594238 2.1367359161376953 9.074883460998535
v 14.849852561950684 2.150646924972534 9.094712257385254
v 14.84386920928955 2.1558690071105957 9.105542182922363
v 14.85991382598877 2.174423933029175 9.118827819824219
v 14.849852561950684 2.150646924972534 9.094712257385254
v 14.85991382598877 2.174423933029175 9.118827819824219
v 14.869708061218262 2.1700708866119385 9.108146667480469
v 14.858949661254883 2.1543490886688232 9.085846900939941
v 14.849852561950684 2.150646924972534 9.094712257385254
v 14.869708061218262 2.1700708866119385 9.108146667480469
v 14.858949661254883 2.1543490886688232 9.085846900939941
v 14.869708061218262 2.1700708866119385 9.108146667480469
v 14.88095474243164 2.1723289489746094 9.098396301269531
v 14.825360298156738 2.1411359310150146 9.084007263183594
v 14.826778411865234 2.1386659145355225 9.077836036682129
v 14.822796821594238 2.1367359161376953 9.074883460998535
v 14.825360298156738 2.1411359310150146 9.084007263183594
v 14.822796821594238 2.1367359161376953 9.074883460998535
v 14.821617126464844 2.1378400325775146 9.078516006469727
v 14.901867866516113 2.1997499465942383 9.125320434570312
v 14.899524688720703 2.199552059173584 9.128779411315918
v 14.902088165283203 2.2015180587768555 9.13037109375
v 14.901867866516113 2.1997499465942383 9.125320434570312
v 14.902088165283203 2.2015180587768555 9.13037109375
v 14.902946472167969 2.2015469074249268 9.129167556762695
v 14.896467208862305 2.195020914077759 9.11683464050293
v 14.892106056213379 2.1938979625701904 9.124114990234375
v 14.899524688720703 2.199552059173584 9.128779411315918
v 14.896467208862305 2.195020914077759 9.11683464050293
v 14.899524688720703 2.199552059173584 9.128779411315918
v 14.901867866516113 2.1997499465942383 9.125320434570312
v 14.888916015625 2.185698986053467 9.1060152053833
v 14.881589889526367 2.183228015899658 9.117133140563965
v 14.892106056213379 2.1938979625701904 9.124114990234375
v 14.888916015625 2.185698986053467 9.1060152053833
v 14.892106056213379 2.1938979625701904 9.124114990234375
v 14.896467208862305 2.195020914077759 9.11683464050293
v 14.88095474243164 2.1723289489746094 9.098396301269531
v 14.869708061218262 2.1700708866119385 9.108146667480469
v 14.881589889526367 2.183228015899658 9.117133140563965
v 14.88095474243164 2.1723289489746094 9.098396301269531
v 14.881589889526367 2.183228015899658 9.117133140563965
v 14.888916015625 2.185698986053467 9.1060152053833
v 14.832058906555176 2.140765905380249 9.074301719665527
v 14.826778411865234 2.1386659145355225 9.077836036682129
v 14.849852561950684 2.150646924972534 9.094712257385254
v 14.832058906555176 2.140765905380249 9.074301719665527
v 14.849852561950684 2.150646924972534 9.094712257385254
v 14.858949661254883 2.1543490886688232 9.085846900939941
v 14.809836387634277 2.1398470401763916 9.066513061523438
v 14.810633659362793 2.142591953277588 9.059814453125
v 14.788049697875977 2.1557350158691406 9.036677360534668
v 14.809836387634277 2.1398470401763916 9.066513061523438
v 14.788049697875977 2.1557350158691406 9.036677360534668
v 14.783296585083008 2.1496260166168213 9.049086570739746
v 14.756612777709961 2.1679799556732178 9.032634735107422
v 14.764244079589844 2.172658920288086 9.018155097961426
v 14.753053665161133 2.1832780838012695 9.013437271118164
v 14.756612777709961 2.1679799556732178 9.032634735107422
v 14.753053665161133 2.1832780838012695 9.013437271118164
v 14.745681762695312 2.1802051067352295 9.02522087097168
v 14.745681762695312 2.1802051067352295 9.02522087097168
v 14.753053665161133 2.1832780838012695 9.013437271118164
v 14.739951133728027 2.190035104751587 9.01261043548584
v 14.745681762695312 2.1802051067352295 9.02522087097168
v 14.739951133728027 2.190035104751587 9.01261043548584
v 14.735113143920898 2.188271999359131 9.019436836242676
v 14.735113143920898 2.188271999359131 9.019436836242676
v 14.739951133728027 2.190035104751587 9.01261043548584
v 14.72907829284668 2.193730115890503 9.011979103088379
v 14.735113143920898 2.188271999359131 9.019436836242676
v 14.72907829284668 2.193730115890503 9.011979103088379
v 14.726858139038086 2.193272113800049 9.015477180480957
v 14.726858139038086 2.193272113800049 9.015477180480957
v 14.72907829284668 2.193730115890503 9.011979103088379
v 14.724761009216309 2.1950719356536865 9.012862205505371
v 14.726858139038086 2.193272113800049 9.015477180480957
v 14.724761009216309 2.1950719356536865 9.012862205505371
v 14.724008560180664 2.1950149536132812 9.014130592346191
v 14.809836387634277 2.1398470401763916 9.066513061523438
v 14.804994583129883 2.141448974609375 9.070205688476562
v 14.811118125915527 2.1389150619506836 9.07180404663086
v 14.809836387634277 2.1398470401763916 9.066513061523438
v 14.811118125915527 2.1389150619506836 9.07180404663086
v 14.814098358154297 2.1382040977478027 9.069320678710938
v 14.783296585083008 2.1496260166168213 9.049086570739746
v 14.788049697875977 2.1557350158691406 9.036677360534668
v 14.764244079589844 2.172658920288086 9.018155097961426
v 14.783296585083008 2.1496260166168213 9.049086570739746
v 14.764244079589844 2.172658920288086 9.018155097961426
v 14.756612777709961 2.1679799556732178 9.032634735107422
v 14.77553939819336 2.1529760360717773 9.059328079223633
v 14.783296585083008 2.1496260166168213 9.049086570739746
v 14.756612777709961 2.1679799556732178 9.032634735107422
v 14.77553939819336 2.1529760360717773 9.059328079223633
v 14.756612777709961 2.1679799556732178 9.032634735107422
v 14.74831771850586 2.1703450679779053 9.045351028442383
v 14.810633659362793 2.142591953277588 9.059814453125
v 14.809836387634277 2.1398470401763916 9.066513061523438
v 14.814098358154297 2.1382040977478027 9.069320678710938
v 14.810633659362793 2.142591953277588 9.059814453125
v 14.814098358154297 2.1382040977478027 9.069320678710938
v 14.814932823181152 2.1394639015197754 9.065263748168945
v 14.724918365478516 2.193480968475342 9.019177436828613
v 14.726858139038086 2.193272113800049 9.015477180480957
v 14.724008560180664 2.1950149536132812 9.014130592346191
v 14.724918365478516 2.193480968475342 9.019177436828613
v 14.724008560180664 2.1950149536132812 9.014130592346191
v 14.723294258117676 2.1950459480285645 9.015424728393555
v 14.731547355651855 2.189444065093994 9.027125358581543
v 14.735113143920898 2.188271999359131 9.019436836242676
v 14.726858139038086 2.193272113800049 9.015477180480957
v 14.731547355651855 2.189444065093994 9.027125358581543
v 14.726858139038086 2.193272113800049 9.015477180480957
v 14.724918365478516 2.193480968475342 9.019177436828613
v 14.739567756652832 2.18231201171875 9.037181854248047
v 14.745681762695312 2.1802051067352295 9.02522087097168
v 14.735113143920898 2.188271999359131 9.019436836242676
v 14.739567756652832 2.18231201171875 9.037181854248047
v 14.735113143920898 2.188271999359131 9.019436836242676
v 14.731547355651855 2.189444065093994 9.027125358581543
v 14.74831771850586 2.1703450679779053 9.045351028442383
v 14.756612777709961 2.1679799556732178 9.032634735107422
v 14.745681762695312 2.1802051067352295 9.02522087097168
v 14.74831771850586 2.1703450679779053 9.045351028442383
v 14.745681762695312 2.1802051067352295 9.02522087097168
v 14.739567756652832 2.18231201171875 9.037181854248047
v 14.804994583129883 2.141448974609375 9.070205688476562
v 14.809836387634277 2.1398470401763916 9.066513061523438
v 14.783296585083008 2.1496260166168213 9.049086570739746
v 14.804994583129883 2.141448974609375 9.070205688476562
v 14.783296585083008 2.1496260166168213 9.049086570739746
v 14.77553939819336 2.1529760360717773 9.059328079223633
v 14.820599555969238 2.140204906463623 9.060938835144043
v 14.827012062072754 2.142836093902588 9.058649063110352
v 14.83564567565918 2.1593871116638184 9.032564163208008
v 14.820599555969238 2.140204906463623 9.060938835144043
v 14.83564567565918 2.1593871116638184 9.032564163208008
v 14.82374382019043 2.154015064239502 9.033429145812988
v 14.826217651367188 2.1703879833221436 9.003334999084473
v 14.83967399597168 2.174628973007202 9.006361961364746
v 14.839455604553223 2.183537006378174 8.988819122314453
v 14.826217651367188 2.1703879833221436 9.003334999084473
v 14.839455604553223 2.183537006378174 8.988819122314453
v 14.826987266540527 2.180759906768799 8.986934661865234
v 14.826987266540527 2.180759906768799 8.986934661865234
v 14.839455604553223 2.183537006378174 8.988819122314453
v 14.834059715270996 2.1919829845428467 8.975587844848633
v 14.826987266540527 2.180759906768799 8.986934661865234
v 14.834059715270996 2.1919829845428467 8.975587844848633
v 14.82579231262207 2.1905810832977295 8.974567413330078
v 14.82579231262207 2.1905810832977295 8.974567413330078
v 14.834059715270996 2.1919829845428467 8.975587844848633
v 14.829611778259277 2.196122884750366 8.965750694274902
v 14.82579231262207 2.1905810832977295 8.974567413330078
v 14.829611778259277 2.196122884750366 8.965750694274902
v 14.82546615600586 2.195827007293701 8.96541976928711
v 14.82546615600586 2.195827007293701 8.96541976928711
v 14.829611778259277 2.196122884750366 8.965750694274902
v 14.826857566833496 2.19766902923584 8.962394714355469
v 14.82546615600586 2.195827007293701 8.96541976928711
v 14.826857566833496 2.19766902923584 8.962394714355469
v 14.825384140014648 2.1976680755615234 8.962325096130371
v 14.820599555969238 2.140204906463623 9.060938835144043
v 14.815288543701172 2.142307996749878 9.058572769165039
v 14.816526412963867 2.1391100883483887 9.064482688903809
v 14.820599555969238 2.140204906463623 9.060938835144043
v 14.816526412963867 2.1391100883483887 9.064482688903809
v 14.819991111755371 2.1381330490112305 9.065866470336914
v 14.82374382019043 2.154015064239502 9.033429145812988
v 14.83564567565918 2.1593871116638184 9.032564163208008
v 14.83967399597168 2.174628973007202 9.006361961364746
v 14.82374382019043 2.154015064239502 9.033429145812988
v 14.83967399597168 2.174628973007202 9.006361961364746
v 14.826217651367188 2.1703879833221436 9.003334999084473
v 14.81243896484375 2.1575961112976074 9.031432151794434
v 14.82374382019043 2.154015064239502 9.033429145812988
v 14.826217651367188 2.1703879833221436 9.003334999084473
v 14.81243896484375 2.1575961112976074 9.031432151794434
v 14.826217651367188 2.1703879833221436 9.003334999084473
v 14.811956405639648 2.173651933670044 9.00232219696045
v 14.827012062072754 2.142836093902588 9.058649063110352
v 14.820599555969238 2.140204906463623 9.060938835144043
v 14.819991111755371 2.1381330490112305 9.065866470336914
v 14.827012062072754 2.142836093902588 9.058649063110352
v 14.819991111755371 2.1381330490112305 9.065866470336914
v 14.824064254760742 2.1392629146575928 9.064769744873047
v 14.82129955291748 2.1961910724639893 8.965453147888184
v 14.82546615600586 2.195827007293701 8.96541976928711
v 14.825384140014648 2.1976680755615234 8.962325096130371
v 14.82129955291748 2.1961910724639893 8.965453147888184
v 14.825384140014648 2.1976680755615234 8.962325096130371
v 14.823906898498535 2.19775390625 8.962303161621094
v 14.817264556884766 2.1920249462127686 8.974943161010742
v 14.82579231262207 2.1905810832977295 8.974567413330078
v 14.82546615600586 2.195827007293701 8.96541976928711
v 14.817264556884766 2.1920249462127686 8.974943161010742
v 14.82546615600586 2.195827007293701 8.96541976928711
v 14.82129955291748 2.1961910724639893 8.965453147888184
v 14.81281852722168 2.183896064758301 8.986988067626953
v 14.826987266540527 2.180759906768799 8.986934661865234
v 14.82579231262207 2.1905810832977295 8.974567413330078
v 14.81281852722168 2.183896064758301 8.986988067626953
v 14.82579231262207 2.1905810832977295 8.974567413330078
v 14.817264556884766 2.1920249462127686 8.974943161010742
v 14.811956405639648 2.173651933670044 9.00232219696045
v 14.826217651367188 2.1703879833221436 9.003334999084473
v 14.826987266540527 2.180759906768799 8.986934661865234
v 14.811956405639648 2.173651933670044 9.00232219696045
v 14.826987266540527 2.180759906768799 8.986934661865234
v 14.81281852722168 2.183896064758301 8.986988067626953
v 14.815288543701172 2.142307996749878 9.058572769165039
v 14.820599555969238 2.140204906463623 9.060938835144043
v 14.82374382019043 2.154015064239502 9.033429145812988
v 14.815288543701172 2.142307996749878 9.058572769165039
v 14.82374382019043 2.154015064239502 9.033429145812988
v 14.81243896484375 2.1575961112976074 9.031432151794434
v 14.817867279052734 2.1392860412597656 9.082249641418457
v 14.811613082885742 2.141711950302124 9.084296226501465
v 14.801374435424805 2.155553102493286 9.111213684082031
v 14.817867279052734 2.1392860412597656 9.082249641418457
v 14.801374435424805 2.155553102493286 9.111213684082031
v 14.81417465209961 2.151163101196289 9.1099271774292
v 14.80974292755127 2.16581392288208 9.134933471679688
v 14.795339584350586 2.170056104660034 9.135375022888184
v 14.795180320739746 2.1827011108398438 9.148335456848145
v 14.80974292755127 2.16581392288208 9.134933471679688
v 14.795180320739746 2.1827011108398438 9.148335456848145
v 14.808029174804688 2.1790149211883545 9.151155471801758
v 14.808029174804688 2.1790149211883545 9.151155471801758
v 14.795180320739746 2.1827011108398438 9.148335456848145
v 14.799471855163574 2.19112491607666 9.162505149841309
v 14.808029174804688 2.1790149211883545 9.151155471801758
v 14.799471855163574 2.19112491607666 9.162505149841309
v 14.807686805725098 2.1893680095672607 9.16409969329834
v 14.807686805725098 2.1893680095672607 9.16409969329834
v 14.799471855163574 2.19112491607666 9.162505149841309
v 14.803422927856445 2.1949729919433594 9.172595977783203
v 14.807686805725098 2.1893680095672607 9.16409969329834
v 14.803422927856445 2.1949729919433594 9.172595977783203
v 14.807527542114258 2.1945180892944336 9.17316722869873
v 14.807527542114258 2.1945180892944336 9.17316722869873
v 14.803422927856445 2.1949729919433594 9.172595977783203
v 14.806023597717285 2.196367025375366 9.17613410949707
v 14.807527542114258 2.1945180892944336 9.17316722869873
v 14.806023597717285 2.196367025375366 9.17613410949707
v 14.807489395141602 2.196310043334961 9.176291465759277
v 14.817867279052734 2.1392860412597656 9.082249641418457
v 14.823440551757812 2.141087055206299 9.085018157958984
v 14.82215404510498 2.138430118560791 9.078875541687012
v 14.817867279052734 2.1392860412597656 9.082249641418457
v 14.82215404510498 2.138430118560791 9.078875541687012
v 14.818495750427246 2.1376290321350098 9.07723617553711
v 14.81417465209961 2.151163101196289 9.1099271774292
v 14.801374435424805 2.155553102493286 9.111213684082031
v 14.795339584350586 2.170056104660034 9.135375022888184
v 14.81417465209961 2.151163101196289 9.1099271774292
v 14.795339584350586 2.170056104660034 9.135375022888184
v 14.80974292755127 2.16581392288208 9.134933471679688
v 14.82590103149414 2.154232978820801 9.111679077148438
v 14.81417465209961 2.151163101196289 9.1099271774292
v 14.80974292755127 2.16581392288208 9.134933471679688
v 14.82590103149414 2.154232978820801 9.111679077148438
v 14.80974292755127 2.16581392288208 9.134933471679688
v 14.823446273803711 2.169735908508301 9.133378982543945
v 14.811613082885742 2.141711950302124 9.084296226501465
v 14.817867279052734 2.1392860412597656 9.082249641418457
v 14.818495750427246 2.1376290321350098 9.07723617553711
v 14.811613082885742 2.141711950302124 9.084296226501465
v 14.818495750427246 2.1376290321350098 9.07723617553711
v 14.814600944519043 2.138705015182495 9.078153610229492
v 14.811699867248535 2.1947240829467773 9.173386573791504
v 14.807527542114258 2.1945180892944336 9.17316722869873
v 14.807489395141602 2.196310043334961 9.176291465759277
v 14.811699867248535 2.1947240829467773 9.173386573791504
v 14.807489395141602 2.196310043334961 9.176291465759277
v 14.808964729309082 2.1963400840759277 9.176401138305664
v 14.816167831420898 2.1905341148376465 9.164114952087402
v 14.807686805725098 2.1893680095672607 9.16409969329834
v 14.807527542114258 2.1945180892944336 9.17316722869873
v 14.816167831420898 2.1905341148376465 9.164114952087402
v 14.807527542114258 2.1945180892944336 9.17316722869873
v 14.811699867248535 2.1947240829467773 9.173386573791504
v 14.8213529586792 2.181910991668701 9.149271965026855
v 14.808029174804688 2.1790149211883545 9.151155471801758
v 14.807686805725098 2.1893680095672607 9.16409969329834
v 14.8213529586792 2.181910991668701 9.149271965026855
v 14.807686805725098 2.1893680095672607 9.16409969329834
v 14.816167831420898 2.1905341148376465 9.164114952087402
v 14.823446273803711 2.169735908508301 9.133378982543945
v 14.80974292755127 2.16581392288208 9.134933471679688
v 14.808029174804688 2.1790149211883545 9.151155471801758
v 14.823446273803711 2.169735908508301 9.133378982543945
v 14.808029174804688 2.1790149211883545 9.151155471801758
v 14.8213529586792 2.181910991668701 9.149271965026855
v 14.823440551757812 2.141087055206299 9.085018157958984
v 14.817867279052734 2.1392860412597656 9.082249641418457
v 14.81417465209961 2.151163101196289 9.1099271774292
v 14.823440551757812 2.141087055206299 9.085018157958984
v 14.81417465209961 2.151163101196289 9.1099271774292
v 14.82590103149414 2.154232978820801 9.111679077148438
v 14.808680534362793 2.139569044113159 9.074832916259766
v 14.803339004516602 2.1418299674987793 9.070924758911133
v 14.771778106689453 2.154171943664551 9.078878402709961
v 14.808680534362793 2.139569044113159 9.074832916259766
v 14.771778106689453 2.154171943664551 9.078878402709961
v 14.780787467956543 2.1492838859558105 9.088689804077148
v 14.752415657043457 2.1655280590057373 9.1017484664917
v 14.747441291809082 2.170936107635498 9.08784294128418
v 14.736428260803223 2.181723117828369 9.09447193145752
v 14.752415657043457 2.1655280590057373 9.1017484664917
v 14.736428260803223 2.181723117828369 9.09447193145752
v 14.74089527130127 2.1782419681549072 9.107125282287598
v 14.74089527130127 2.1782419681549072 9.107125282287598
v 14.736428260803223 2.181723117828369 9.09447193145752
v 14.727702140808105 2.189620018005371 9.105463027954102
v 14.74089527130127 2.1782419681549072 9.107125282287598
v 14.727702140808105 2.189620018005371 9.105463027954102
v 14.730936050415039 2.187954902648926 9.113200187683105
v 14.730936050415039 2.187954902648926 9.113200187683105
v 14.727702140808105 2.189620018005371 9.105463027954102
v 14.721376419067383 2.193350076675415 9.114304542541504
v 14.730936050415039 2.187954902648926 9.113200187683105
v 14.721376419067383 2.193350076675415 9.114304542541504
v 14.723172187805176 2.192944049835205 9.11804485321045
v 14.723172187805176 2.192944049835205 9.11804485321045
v 14.721376419067383 2.193350076675415 9.114304542541504
v 14.719828605651855 2.1947200298309326 9.11841869354248
v 14.723172187805176 2.192944049835205 9.11804485321045
v 14.719828605651855 2.1947200298309326 9.11841869354248
v 14.720505714416504 2.1946818828582764 9.119728088378906
v 14.808680534362793 2.139569044113159 9.074832916259766
v 14.809293746948242 2.1413791179656982 9.081159591674805
v 14.81387996673584 2.13883900642395 9.076558113098145
v 14.808680534362793 2.139569044113159 9.074832916259766
v 14.81387996673584 2.13883900642395 9.076558113098145
v 14.813322067260742 2.1380350589752197 9.072476387023926
v 14.780787467956543 2.1492838859558105 9.088689804077148
v 14.771778106689453 2.154171943664551 9.078878402709961
v 14.747441291809082 2.170936107635498 9.08784294128418
v 14.780787467956543 2.1492838859558105 9.088689804077148
v 14.747441291809082 2.170936107635498 9.08784294128418
v 14.752415657043457 2.1655280590057373 9.1017484664917
v 14.78538990020752 2.152981996536255 9.100385665893555
v 14.780787467956543 2.1492838859558105 9.088689804077148
v 14.752415657043457 2.1655280590057373 9.1017484664917
v 14.78538990020752 2.152981996536255 9.100385665893555
v 14.752415657043457 2.1655280590057373 9.1017484664917
v 14.760008811950684 2.1688790321350098 9.11464786529541
v 14.803339004516602 2.1418299674987793 9.070924758911133
v 14.808680534362793 2.139569044113159 9.074832916259766
v 14.813322067260742 2.1380350589752197 9.072476387023926
v 14.803339004516602 2.1418299674987793 9.070924758911133
v 14.813322067260742 2.1380350589752197 9.072476387023926
v 14.81032657623291 2.1390891075134277 9.069857597351074
v 14.725281715393066 2.193207025527954 9.121646881103516
v 14.723172187805176 2.192944049835205 9.11804485321045
v 14.720505714416504 2.1946818828582764 9.119728088378906
v 14.725281715393066 2.193207025527954 9.121646881103516
v 14.720505714416504 2.1946818828582764 9.119728088378906
v 14.721224784851074 2.1947309970855713 9.12101936340332
v 14.735568046569824 2.1892430782318115 9.120282173156738
v 14.730936050415039 2.187954902648926 9.113200187683105
v 14.723172187805176 2.192944049835205 9.11804485321045
v 14.735568046569824 2.1892430782318115 9.120282173156738
v 14.723172187805176 2.192944049835205 9.11804485321045
v 14.725281715393066 2.193207025527954 9.121646881103516
v 14.748612403869629 2.1811718940734863 9.118271827697754
v 14.74089527130127 2.1782419681549072 9.107125282287598
v 14.730936050415039 2.187954902648926 9.113200187683105
v 14.748612403869629 2.1811718940734863 9.118271827697754
v 14.730936050415039 2.187954902648926 9.113200187683105
v 14.735568046569824 2.1892430782318115 9.120282173156738
v 14.760008811950684 2.1688790321350098 9.11464786529541
v 14.752415657043457 2.1655280590057373 9.1017484664917
v 14.74089527130127 2.1782419681549072 9.107125282287598
v 14.760008811950684 2.1688790321350098 9.11464786529541
v 14.74089527130127 2.1782419681549072 9.107125282287598
v 14.748612403869629 2.1811718940734863 9.118271827697754
v 14.809293746948242 2.1413791179656982 9.081159591674805
v 14.808680534362793 2.139569044113159 9.074832916259766
v 14.780787467956543 2.1492838859558105 9.088689804077148
v 14.809293746948242 2.1413791179656982 9.081159591674805
v 14.780787467956543 2.1492838859558105 9.088689804077148
v 14.78538990020752 2.152981996536255 9.100385665893555
v 14.825299263000488 2.142184019088745 9.07093620300293
v 14.828007698059082 2.1442549228668213 9.077692031860352
v 14.850076675415039 2.1655991077423096 9.076395034790039
v 14.825299263000488 2.142184019088745 9.07093620300293
v 14.850076675415039 2.1655991077423096 9.076395034790039
v 14.844317436218262 2.160944938659668 9.063806533813477
v 14.866128921508789 2.181360960006714 9.054383277893066
v 14.87108039855957 2.185575008392334 9.069201469421387
v 14.87901782989502 2.1942570209503174 9.061847686767578
v 14.866128921508789 2.181360960006714 9.054383277893066
v 14.87901782989502 2.1942570209503174 9.061847686767578
v 14.876008033752441 2.1903629302978516 9.049013137817383
v 14.876008033752441 2.1903629302978516 9.049013137817383
v 14.87901782989502 2.1942570209503174 9.061847686767578
v 14.885942459106445 2.197762966156006 9.052221298217773
v 14.876008033752441 2.1903629302978516 9.049013137817383
v 14.885942459106445 2.197762966156006 9.052221298217773
v 14.883934020996094 2.195875883102417 9.044718742370605
v 14.883934020996094 2.195875883102417 9.044718742370605
v 14.885942459106445 2.197762966156006 9.052221298217773
v 14.892040252685547 2.199747085571289 9.045143127441406
v 14.883934020996094 2.195875883102417 9.044718742370605
v 14.892040252685547 2.199747085571289 9.045143127441406
v 14.890905380249023 2.1992149353027344 9.041537284851074
v 14.890905380249023 2.1992149353027344 9.041537284851074
v 14.892040252685547 2.199747085571289 9.045143127441406
v 14.894179344177246 2.2006940841674805 9.041596412658691
v 14.890905380249023 2.1992149353027344 9.041537284851074
v 14.894179344177246 2.2006940841674805 9.041596412658691
v 14.893699645996094 2.200622081756592 9.040337562561035
v 14.825299263000488 2.142184019088745 9.07093620300293
v 14.822386741638184 2.1439781188964844 9.064716339111328
v 14.819185256958008 2.138861894607544 9.068096160888672
v 14.825299263000488 2.142184019088745 9.07093620300293
v 14.819185256958008 2.138861894607544 9.068096160888672
v 14.821499824523926 2.1380600929260254 9.072521209716797
v 14.844317436218262 2.160944938659668 9.063806533813477
v 14.850076675415039 2.1655991077423096 9.076395034790039
v 14.87108039855957 2.185575008392334 9.069201469421387
v 14.844317436218262 2.160944938659668 9.063806533813477
v 14.87108039855957 2.185575008392334 9.069201469421387
v 14.866128921508789 2.181360960006714 9.054383277893066
v 14.8385009765625 2.1656699180603027 9.052152633666992
v 14.844317436218262 2.160944938659668 9.063806533813477
v 14.866128921508789 2.181360960006714 9.054383277893066
v 14.8385009765625 2.1656699180603027 9.052152633666992
v 14.866128921508789 2.181360960006714 9.054383277893066
v 14.85690689086914 2.185271978378296 9.042141914367676
v 14.828007698059082 2.1442549228668213 9.077692031860352
v 14.825299263000488 2.142184019088745 9.07093620300293
v 14.821499824523926 2.1380600929260254 9.072521209716797
v 14.828007698059082 2.1442549228668213 9.077692031860352
v 14.821499824523926 2.1380600929260254 9.072521209716797
v 14.823084831237793 2.1390419006347656 9.077441215515137
v 14.889296531677246 2.1993329524993896 9.038077354431152
v 14.890905380249023 2.1992149353027344 9.041537284851074
v 14.893699645996094 2.200622081756592 9.040337562561035
v 14.889296531677246 2.1993329524993896 9.038077354431152
v 14.893699645996094 2.200622081756592 9.040337562561035
v 14.89317512512207 2.2006149291992188 9.039095878601074
v 14.880181312561035 2.1967380046844482 9.037771224975586
v 14.883934020996094 2.195875883102417 9.044718742370605
v 14.890905380249023 2.1992149353027344 9.041537284851074
v 14.880181312561035 2.1967380046844482 9.037771224975586
v 14.890905380249023 2.1992149353027344 9.041537284851074
v 14.889296531677246 2.1993329524993896 9.038077354431152
v 14.869367599487305 2.192647933959961 9.037330627441406
v 14.876008033752441 2.1903629302978516 9.049013137817383
v 14.883934020996094 2.195875883102417 9.044718742370605
v 14.869367599487305 2.192647933959961 9.037330627441406
v 14.883934020996094 2.195875883102417 9.044718742370605
v 14.880181312561035 2.1967380046844482 9.037771224975586
v 14.85690689086914 2.185271978378296 9.042141914367676
v 14.866128921508789 2.181360960006714 9.054383277893066
v 14.876008033752441 2.1903629302978516 9.049013137817383
v 14.85690689086914 2.185271978378296 9.042141914367676
v 14.876008033752441 2.1903629302978516 9.049013137817383
v 14.869367599487305 2.192647933959961 9.037330627441406
v 14.822386741638184 2.1439781188964844 9.064716339111328
v 14.825299263000488 2.142184019088745 9.07093620300293
v 14.844317436218262 2.160944938659668 9.063806533813477
v 14.822386741638184 2.1439781188964844 9.064716339111328
v 14.844317436218262 2.160944938659668 9.063806533813477
v 14.8385009765625 2.1656699180603027 9.052152633666992
v 14.809794425964355 2.1440250873565674 9.059664726257324
v 14.816652297973633 2.146761894226074 9.057486534118652
v 14.816876411437988 2.170742988586426 9.038346290588379
v 14.809794425964355 2.1440250873565674 9.059664726257324
v 14.816876411437988 2.170742988586426 9.038346290588379
v 14.804101943969727 2.1641640663146973 9.041592597961426
v 14.797200202941895 2.1852920055389404 9.019444465637207
v 14.812525749206543 2.1905570030212402 9.018598556518555
v 14.806780815124512 2.198003053665161 9.005998611450195
v 14.797200202941895 2.1852920055389404 9.019444465637207
v 14.806780815124512 2.198003053665161 9.005998611450195
v 14.793770790100098 2.194324016571045 9.008322715759277
v 14.793770790100098 2.194324016571045 9.008322715759277
v 14.806780815124512 2.198003053665161 9.005998611450195
v 14.798492431640625 2.201756000518799 8.998218536376953
v 14.793770790100098 2.194324016571045 9.008322715759277
v 14.798492431640625 2.201756000518799 8.998218536376953
v 14.790877342224121 2.1999878883361816 8.999838829040527
v 14.790877342224121 2.1999878883361816 8.999838829040527
v 14.798492431640625 2.201756000518799 8.998218536376953
v 14.791890144348145 2.203995943069458 8.991853713989258
v 14.790877342224121 2.1999878883361816 8.999838829040527
v 14.791890144348145 2.203995943069458 8.991853713989258
v 14.788230895996094 2.20351505279541 8.992827415466309
v 14.788230895996094 2.20351505279541 8.992827415466309
v 14.791890144348145 2.203995943069458 8.991853713989258
v 14.788456916809082 2.205091953277588 8.989606857299805
v 14.788230895996094 2.20351505279541 8.992827415466309
v 14.788456916809082 2.205091953277588 8.989606857299805
v 14.787178993225098 2.2050371170043945 8.990032196044922
v 14.809794425964355 2.1440250873565674 9.059664726257324
v 14.803375244140625 2.1453349590301514 9.062301635742188
v 14.80659008026123 2.140160083770752 9.06547737121582
v 14.809794425964355 2.1440250873565674 9.059664726257324
v 14.80659008026123 2.140160083770752 9.06547737121582
v 14.811095237731934 2.1396050453186035 9.06332015991211
v 14.804101943969727 2.1641640663146973 9.041592597961426
v 14.816876411437988 2.170742988586426 9.038346290588379
v 14.812525749206543 2.1905570030212402 9.018598556518555
v 14.804101943969727 2.1641640663146973 9.041592597961426
v 14.812525749206543 2.1905570030212402 9.018598556518555
v 14.797200202941895 2.1852920055389404 9.019444465637207
v 14.791078567504883 2.1670830249786377 9.045748710632324
v 14.804101943969727 2.1641640663146973 9.041592597961426
v 14.797200202941895 2.1852920055389404 9.019444465637207
v 14.791078567504883 2.1670830249786377 9.045748710632324
v 14.797200202941895 2.1852920055389404 9.019444465637207
v 14.78231143951416 2.187593936920166 9.025229454040527
v 14.816652297973633 2.146761894226074 9.057486534118652
v 14.809794425964355 2.1440250873565674 9.059664726257324
v 14.811095237731934 2.1396050453186035 9.06332015991211
v 14.816652297973633 2.146761894226074 9.057486534118652
v 14.811095237731934 2.1396050453186035 9.06332015991211
v 14.816093444824219 2.140872001647949 9.062004089355469
v 14.784710884094238 2.2036659717559814 8.99429702758789
v 14.788230895996094 2.20351505279541 8.992827415466309
v 14.787178993225098 2.2050371170043945 8.990032196044922
v 14.784710884094238 2.2036659717559814 8.99429702758789
v 14.787178993225098 2.2050371170043945 8.990032196044922
v 14.785916328430176 2.205043077468872 8.990507125854492
v 14.783778190612793 2.200922966003418 9.003315925598145
v 14.790877342224121 2.1999878883361816 8.999838829040527
v 14.788230895996094 2.20351505279541 8.992827415466309
v 14.783778190612793 2.200922966003418 9.003315925598145
v 14.788230895996094 2.20351505279541 8.992827415466309
v 14.784710884094238 2.2036659717559814 8.99429702758789
v 14.78180980682373 2.196708917617798 9.01456356048584
v 14.793770790100098 2.194324016571045 9.008322715759277
v 14.790877342224121 2.1999878883361816 8.999838829040527
v 14.78180980682373 2.196708917617798 9.01456356048584
v 14.790877342224121 2.1999878883361816 8.999838829040527
v 14.783778190612793 2.200922966003418 9.003315925598145
v 14.78231143951416 2.187593936920166 9.025229454040527
v 14.797200202941895 2.1852920055389404 9.019444465637207
v 14.793770790100098 2.194324016571045 9.008322715759277
v 14.78231143951416 2.187593936920166 9.025229454040527
v 14.793770790100098 2.194324016571045 9.008322715759277
v 14.78180980682373 2.196708917617798 9.01456356048584
v 14.803375244140625 2.1453349590301514 9.062301635742188
v 14.809794425964355 2.1440250873565674 9.059664726257324
v 14.804101943969727 2.1641640663146973 9.041592597961426
v 14.803375244140625 2.1453349590301514 9.062301635742188
v 14.804101943969727 2.1641640663146973 9.041592597961426
v 14.791078567504883 2.1670830249786377 9.045748710632324
v 14.80501937866211 2.143857955932617 9.070521354675293
v 14.803006172180176 2.1461338996887207 9.063496589660645
v 14.780672073364258 2.167694091796875 9.061798095703125
v 14.80501937866211 2.143857955932617 9.070521354675293
v 14.780672073364258 2.167694091796875 9.061798095703125
v 14.784789085388184 2.1624979972839355 9.075440406799316
v 14.762581825256348 2.1848690509796143 9.080574035644531
v 14.759963989257812 2.188904047012329 9.064953804016113
v 14.751444816589355 2.197664976119995 9.06967544555664
v 14.762581825256348 2.1848690509796143 9.080574035644531
v 14.751444816589355 2.197664976119995 9.06967544555664
v 14.753363609313965 2.194390058517456 9.082878112792969
v 14.753363609313965 2.194390058517456 9.082878112792969
v 14.751444816589355 2.197664976119995 9.06967544555664
v 14.743677139282227 2.2014639377593994 9.077425956726074
v 14.753363609313965 2.194390058517456 9.082878112792969
v 14.743677139282227 2.2014639377593994 9.077425956726074
v 14.745046615600586 2.1999399662017822 9.085136413574219
v 14.745046615600586 2.1999399662017822 9.085136413574219
v 14.743677139282227 2.2014639377593994 9.077425956726074
v 14.737110137939453 2.203748941421509 9.083548545837402
v 14.745046615600586 2.1999399662017822 9.085136413574219
v 14.737110137939453 2.203748941421509 9.083548545837402
v 14.737934112548828 2.2034010887145996 9.087260246276855
v 14.737934112548828 2.2034010887145996 9.087260246276855
v 14.737110137939453 2.203748941421509 9.083548545837402
v 14.734700202941895 2.204909086227417 9.08684253692627
v 14.737934112548828 2.2034010887145996 9.087260246276855
v 14.734700202941895 2.204909086227417 9.08684253692627
v 14.73507022857666 2.204901933670044 9.088139533996582
v 14.80501937866211 2.143857955932617 9.070521354675293
v 14.80718994140625 2.145876884460449 9.077200889587402
v 14.810775756835938 2.1406540870666504 9.074129104614258
v 14.80501937866211 2.143857955932617 9.070521354675293
v 14.810775756835938 2.1406540870666504 9.074129104614258
v 14.808897972106934 2.139760971069336 9.06946086883545
v 14.784789085388184 2.1624979972839355 9.075440406799316
v 14.780672073364258 2.167694091796875 9.061798095703125
v 14.759963989257812 2.188904047012329 9.064953804016113
v 14.784789085388184 2.1624979972839355 9.075440406799316
v 14.759963989257812 2.188904047012329 9.064953804016113
v 14.762581825256348 2.1848690509796143 9.080574035644531
v 14.789118766784668 2.1670620441436768 9.08847427368164
v 14.784789085388184 2.1624979972839355 9.075440406799316
v 14.762581825256348 2.1848690509796143 9.080574035644531
v 14.789118766784668 2.1670620441436768 9.08847427368164
v 14.762581825256348 2.1848690509796143 9.080574035644531
v 14.769129753112793 2.1884539127349854 9.095004081726074
v 14.803006172180176 2.1461338996887207 9.063496589660645
v 14.80501937866211 2.143857955932617 9.070521354675293
v 14.808897972106934 2.139760971069336 9.06946086883545
v 14.803006172180176 2.1461338996887207 9.063496589660645
v 14.808897972106934 2.139760971069336 9.06946086883545
v 14.807760238647461 2.1408069133758545 9.064390182495117
v 14.739246368408203 2.20369291305542 9.09083366394043
v 14.737934112548828 2.2034010887145996 9.087260246276855
v 14.73507022857666 2.204901933670044 9.088139533996582
v 14.739246368408203 2.20369291305542 9.09083366394043
v 14.73507022857666 2.204901933670044 9.088139533996582
v 14.735488891601562 2.204957962036133 9.089421272277832
v 14.748177528381348 2.2011780738830566 9.092354774475098
v 14.745046615600586 2.1999399662017822 9.085136413574219
v 14.737934112548828 2.2034010887145996 9.087260246276855
v 14.748177528381348 2.2011780738830566 9.092354774475098
v 14.737934112548828 2.2034010887145996 9.087260246276855
v 14.739246368408203 2.20369291305542 9.09083366394043
v 14.759020805358887 2.197269916534424 9.094985961914062
v 14.753363609313965 2.194390058517456 9.082878112792969
v 14.745046615600586 2.1999399662017822 9.085136413574219
v 14.759020805358887 2.197269916534424 9.094985961914062
v 14.745046615600586 2.1999399662017822 9.085136413574219
v 14.748177528381348 2.2011780738830566 9.092354774475098
v 14.769129753112793 2.1884539127349854 9.095004081726074
v 14.762581825256348 2.1848690509796143 9.080574035644531
v 14.753363609313965 2.194390058517456 9.082878112792969
v 14.769129753112793 2.1884539127349854 9.095004081726074
v 14.753363609313965 2.194390058517456 9.082878112792969
v 14.759020805358887 2.197269916534424 9.094985961914062
v 14.80718994140625 2.145876884460449 9.077200889587402
v 14.80501937866211 2.143857955932617 9.070521354675293
v 14.784789085388184 2.1624979972839355 9.075440406799316
v 14.80718994140625 2.145876884460449 9.077200889587402
v 14.784789085388184 2.1624979972839355 9.075440406799316
v 14.789118766784668 2.1670620441436768 9.08847427368164
v 14.815103530883789 2.142534017562866 9.078765869140625
v 14.80838680267334 2.144968032836914 9.081086158752441
v 14.80976676940918 2.165057897567749 9.103251457214355
v 14.815103530883789 2.142534017562866 9.078765869140625
v 14.80976676940918 2.165057897567749 9.103251457214355
v 14.822484970092773 2.1593940258026123 9.098905563354492
v 14.829319953918457 2.1769471168518066 9.119172096252441
v 14.815077781677246 2.1813080310821533 9.121320724487305
v 14.820472717285156 2.1886680126190186 9.12971305847168
v 14.829319953918457 2.1769471168518066 9.119172096252441
v 14.820472717285156 2.1886680126190186 9.12971305847168
v 14.832597732543945 2.1850268840789795 9.128022193908691
v 14.832597732543945 2.1850268840789795 9.128022193908691
v 14.820472717285156 2.1886680126190186 9.12971305847168
v 14.829058647155762 2.192974090576172 9.140563011169434
v 14.832597732543945 2.1850268840789795 9.128022193908691
v 14.829058647155762 2.192974090576172 9.140563011169434
v 14.836514472961426 2.1910650730133057 9.139168739318848
v 14.836514472961426 2.1910650730133057 9.139168739318848
v 14.829058647155762 2.192974090576172 9.140563011169434
v 14.835840225219727 2.1949830055236816 9.148690223693848
v 14.836514472961426 2.1910650730133057 9.139168739318848
v 14.835840225219727 2.1949830055236816 9.148690223693848
v 14.839499473571777 2.194391965866089 9.14777946472168
v 14.839499473571777 2.194391965866089 9.14777946472168
v 14.835840225219727 2.1949830055236816 9.148690223693848
v 14.839248657226562 2.195647954940796 9.151137351989746
v 14.839499473571777 2.194391965866089 9.14777946472168
v 14.839248657226562 2.195647954940796 9.151137351989746
v 14.840536117553711 2.1955618858337402 9.150745391845703
v 14.815103530883789 2.142534017562866 9.078765869140625
v 14.822031021118164 2.144287109375 9.0765962600708
v 14.818215370178223 2.1396610736846924 9.07263469696045
v 14.815103530883789 2.142534017562866 9.078765869140625
v 14.818215370178223 2.1396610736846924 9.07263469696045
v 14.813572883605957 2.138906955718994 9.074597358703613
v 14.822484970092773 2.1593940258026123 9.098905563354492
v 14.80976676940918 2.165057897567749 9.103251457214355
v 14.815077781677246 2.1813080310821533 9.121320724487305
v 14.822484970092773 2.1593940258026123 9.098905563354492
v 14.815077781677246 2.1813080310821533 9.121320724487305
v 14.829319953918457 2.1769471168518066 9.119172096252441
v 14.835579872131348 2.1623950004577637 9.095319747924805
v 14.822484970092773 2.1593940258026123 9.098905563354492
v 14.829319953918457 2.1769471168518066 9.119172096252441
v 14.835579872131348 2.1623950004577637 9.095319747924805
v 14.829319953918457 2.1769471168518066 9.119172096252441
v 14.843157768249512 2.1797990798950195 9.113492012023926
v 14.80838680267334 2.144968032836914 9.081086158752441
v 14.815103530883789 2.142534017562866 9.078765869140625
v 14.813572883605957 2.138906955718994 9.074597358703613
v 14.80838680267334 2.144968032836914 9.081086158752441
v 14.813572883605957 2.138906955718994 9.074597358703613
v 14.808653831481934 2.140091896057129 9.075902938842773
v 14.843070983886719 2.1944870948791504 9.146434783935547
v 14.839499473571777 2.194391965866089 9.14777946472168
v 14.840536117553711 2.1955618858337402 9.150745391845703
v 14.843070983886719 2.1944870948791504 9.146434783935547
v 14.840536117553711 2.1955618858337402 9.150745391845703
v 14.841812133789062 2.195543050765991 9.150311470031738
v 14.843626976013184 2.191899061203003 9.136038780212402
v 14.836514472961426 2.1910650730133057 9.139168739318848
v 14.839499473571777 2.194391965866089 9.14777946472168
v 14.843626976013184 2.191899061203003 9.136038780212402
v 14.839499473571777 2.194391965866089 9.14777946472168
v 14.843070983886719 2.1944870948791504 9.146434783935547
v 14.844381332397461 2.1874959468841553 9.123345375061035
v 14.832597732543945 2.1850268840789795 9.128022193908691
v 14.836514472961426 2.1910650730133057 9.139168739318848
v 14.844381332397461 2.1874959468841553 9.123345375061035
v 14.836514472961426 2.1910650730133057 9.139168739318848
v 14.843626976013184 2.191899061203003 9.136038780212402
v 14.843157768249512 2.1797990798950195 9.113492012023926
v 14.829319953918457 2.1769471168518066 9.119172096252441
v 14.832597732543945 2.1850268840789795 9.128022193908691
v 14.843157768249512 2.1797990798950195 9.113492012023926
v 14.832597732543945 2.1850268840789795 9.128022193908691
v 14.844381332397461 2.1874959468841553 9.123345375061035
v 14.822031021118164 2.144287109375 9.0765962600708
v 14.815103530883789 2.142534017562866 9.078765869140625
v 14.822484970092773 2.1593940258026123 9.098905563354492
v 14.822031021118164 2.144287109375 9.0765962600708
v 14.822484970092773 2.1593940258026123 9.098905563354492
v 14.835579872131348 2.1623950004577637 9.095319747924805
v 14.811843872070312 2.1435890197753906 9.068289756774902
v 14.812769889831543 2.144896984100342 9.06558895111084
v 14.803317070007324 2.157639980316162 9.056514739990234
v 14.811843872070312 2.1435890197753906 9.068289756774902
v 14.803317070007324 2.157639980316162 9.056514739990234
v 14.800867080688477 2.1533570289611816 9.063319206237793
v 14.780190467834473 2.169830083847046 9.054015159606934
v 14.786537170410156 2.1739070415496826 9.045299530029297
v 14.773582458496094 2.181555986404419 9.039695739746094
v 14.780190467834473 2.169830083847046 9.054015159606934
v 14.773582458496094 2.181555986404419 9.039695739746094
v 14.767168045043945 2.1783809661865234 9.048260688781738
v 14.767168045043945 2.1783809661865234 9.048260688781738
v 14.773582458496094 2.181555986404419 9.039695739746094
v 14.762077331542969 2.1857008934020996 9.038920402526855
v 14.767168045043945 2.1783809661865234 9.048260688781738
v 14.762077331542969 2.1857008934020996 9.038920402526855
v 14.758284568786621 2.1842989921569824 9.044306755065918
v 14.758284568786621 2.1842989921569824 9.044306755065918
v 14.762077331542969 2.1857008934020996 9.038920402526855
v 14.755661964416504 2.186851978302002 9.039774894714355
v 14.758284568786621 2.1842989921569824 9.044306755065918
v 14.755661964416504 2.186851978302002 9.039774894714355
v 14.75419807434082 2.18646502494812 9.04246711730957
v 14.75419807434082 2.18646502494812 9.04246711730957
v 14.755661964416504 2.186851978302002 9.039774894714355
v 14.753347396850586 2.1871790885925293 9.040902137756348
v 14.75419807434082 2.18646502494812 9.04246711730957
v 14.753347396850586 2.1871790885925293 9.040902137756348
v 14.752899169921875 2.1871299743652344 9.041871070861816
v 14.811843872070312 2.1435890197753906 9.068289756774902
v 14.810714721679688 2.1440858840942383 9.07067584991455
v 14.81275463104248 2.1422529220581055 9.070539474487305
v 14.811843872070312 2.1435890197753906 9.068289756774902
v 14.81275463104248 2.1422529220581055 9.070539474487305
v 14.813326835632324 2.1421239376068115 9.068910598754883
v 14.800867080688477 2.1533570289611816 9.063319206237793
v 14.803317070007324 2.157639980316162 9.056514739990234
v 14.786537170410156 2.1739070415496826 9.045299530029297
v 14.800867080688477 2.1533570289611816 9.063319206237793
v 14.786537170410156 2.1739070415496826 9.045299530029297
v 14.780190467834473 2.169830083847046 9.054015159606934
v 14.797319412231445 2.1553220748901367 9.069780349731445
v 14.800867080688477 2.1533570289611816 9.063319206237793
v 14.780190467834473 2.169830083847046 9.054015159606934
v 14.797319412231445 2.1553220748901367 9.069780349731445
v 14.780190467834473 2.169830083847046 9.054015159606934
v 14.776786804199219 2.1713039875030518 9.064751625061035
v 14.812769889831543 2.144896984100342 9.06558895111084
v 14.811843872070312 2.1435890197753906 9.068289756774902
v 14.813326835632324 2.1421239376068115 9.068910598754883
v 14.812769889831543 2.144896984100342 9.06558895111084
v 14.813326835632324 2.1421239376068115 9.068910598754883
v 14.814120292663574 2.14267897605896 9.067219734191895
v 14.753105163574219 2.186544895172119 9.045315742492676
v 14.75419807434082 2.18646502494812 9.04246711730957
v 14.752899169921875 2.1871299743652344 9.041871070861816
v 14.753105163574219 2.186544895172119 9.045315742492676
v 14.752899169921875 2.1871299743652344 9.041871070861816
v 14.752490997314453 2.1871259212493896 9.042854309082031
v 14.756253242492676 2.184890031814575 9.050475120544434
v 14.758284568786621 2.1842989921569824 9.044306755065918
v 14.75419807434082 2.18646502494812 9.04246711730957
v 14.756253242492676 2.184890031814575 9.050475120544434
v 14.75419807434082 2.18646502494812 9.04246711730957
v 14.753105163574219 2.186544895172119 9.045315742492676
v 14.76436710357666 2.180011034011841 9.058714866638184
v 14.767168045043945 2.1783809661865234 9.048260688781738
v 14.758284568786621 2.1842989921569824 9.044306755065918
v 14.76436710357666 2.180011034011841 9.058714866638184
v 14.758284568786621 2.1842989921569824 9.044306755065918
v 14.756253242492676 2.184890031814575 9.050475120544434
v 14.776786804199219 2.1713039875030518 9.064751625061035
v 14.780190467834473 2.169830083847046 9.054015159606934
v 14.767168045043945 2.1783809661865234 9.048260688781738
v 14.776786804199219 2.1713039875030518 9.064751625061035
v 14.767168045043945 2.1783809661865234 9.048260688781738
v 14.76436710357666 2.180011034011841 9.058714866638184
v 14.810714721679688 2.1440858840942383 9.07067584991455
v 14.811843872070312 2.1435890197753906 9.068289756774902
v 14.800867080688477 2.1533570289611816 9.063319206237793
v 14.810714721679688 2.1440858840942383 9.07067584991455
v 14.800867080688477 2.1533570289611816 9.063319206237793
v 14.797319412231445 2.1553220748901367 9.069780349731445
v 14.813632011413574 2.143770933151245 9.074296951293945
v 14.81082534790039 2.1446480751037598 9.073217391967773
v 14.799537658691406 2.155971050262451 9.08220100402832
v 14.813632011413574 2.143770933151245 9.074296951293945
v 14.799537658691406 2.155971050262451 9.08220100402832
v 14.806855201721191 2.153074026107788 9.084826469421387
v 14.79488468170166 2.168610095977783 9.103983879089355
v 14.785511016845703 2.171283006668091 9.098260879516602
v 14.779529571533203 2.1787219047546387 9.109349250793457
v 14.79488468170166 2.168610095977783 9.103983879089355
v 14.779529571533203 2.1787219047546387 9.109349250793457
v 14.788010597229004 2.175823926925659 9.115479469299316
v 14.788010597229004 2.175823926925659 9.115479469299316
v 14.779529571533203 2.1787219047546387 9.109349250793457
v 14.778093338012695 2.1820731163024902 9.119772911071777
v 14.788010597229004 2.175823926925659 9.115479469299316
v 14.778093338012695 2.1820731163024902 9.119772911071777
v 14.783358573913574 2.1805310249328613 9.123393058776855
v 14.783358573913574 2.1805310249328613 9.123393058776855
v 14.778093338012695 2.1820731163024902 9.119772911071777
v 14.778768539428711 2.1827869415283203 9.125476837158203
v 14.783358573913574 2.1805310249328613 9.123393058776855
v 14.778768539428711 2.1827869415283203 9.125476837158203
v 14.781346321105957 2.1823389530181885 9.127030372619629
v 14.781346321105957 2.1823389530181885 9.127030372619629
v 14.778768539428711 2.1827869415283203 9.125476837158203
v 14.779767036437988 2.182987928390503 9.127721786499023
v 14.781346321105957 2.1823389530181885 9.127030372619629
v 14.779767036437988 2.182987928390503 9.127721786499023
v 14.780695915222168 2.182931900024414 9.128211975097656
v 14.813632011413574 2.143770933151245 9.074296951293945
v 14.815868377685547 2.1447830200195312 9.075760841369629
v 14.816081047058105 2.1428170204162598 9.073617935180664
v 14.813632011413574 2.143770933151245 9.074296951293945
v 14.816081047058105 2.1428170204162598 9.073617935180664
v 14.81450366973877 2.14241099357605 9.072867393493652
v 14.806855201721191 2.153074026107788 9.084826469421387
v 14.799537658691406 2.155971050262451 9.08220100402832
v 14.785511016845703 2.171283006668091 9.098260879516602
v 14.806855201721191 2.153074026107788 9.084826469421387
v 14.785511016845703 2.171283006668091 9.098260879516602
v 14.79488468170166 2.168610095977783 9.103983879089355
v 14.812906265258789 2.156248092651367 9.088431358337402
v 14.806855201721191 2.153074026107788 9.084826469421387
v 14.79488468170166 2.168610095977783 9.103983879089355
v 14.812906265258789 2.156248092651367 9.088431358337402
v 14.79488468170166 2.168610095977783 9.103983879089355
v 14.805354118347168 2.171113967895508 9.106209754943848
v 14.81082534790039 2.1446480751037598 9.073217391967773
v 14.813632011413574 2.143770933151245 9.074296951293945
v 14.81450366973877 2.14241099357605 9.072867393493652
v 14.81082534790039 2.1446480751037598 9.073217391967773
v 14.81450366973877 2.14241099357605 9.072867393493652
v 14.812793731689453 2.1427130699157715 9.071978569030762
v 14.784339904785156 2.1826460361480713 9.12788200378418
v 14.781346321105957 2.1823389530181885 9.127030372619629
v 14.780695915222168 2.182931900024414 9.128211975097656
v 14.784339904785156 2.1826460361480713 9.12788200378418
v 14.780695915222168 2.182931900024414 9.128211975097656
v 14.781712532043457 2.1829888820648193 9.12856674194336
v 14.789817810058594 2.1816658973693848 9.124771118164062
v 14.783358573913574 2.1805310249328613 9.123393058776855
v 14.781346321105957 2.1823389530181885 9.127030372619629
v 14.789817810058594 2.1816658973693848 9.124771118164062
v 14.781346321105957 2.1823389530181885 9.127030372619629
v 14.784339904785156 2.1826460361480713 9.12788200378418
v 14.798440933227539 2.178101062774658 9.117308616638184
v 14.788010597229004 2.175823926925659 9.115479469299316
v 14.783358573913574 2.1805310249328613 9.123393058776855
v 14.798440933227539 2.178101062774658 9.117308616638184
v 14.783358573913574 2.1805310249328613 9.123393058776855
v 14.789817810058594 2.1816658973693848 9.124771118164062
v 14.805354118347168 2.171113967895508 9.106209754943848
v 14.79488468170166 2.168610095977783 9.103983879089355
v 14.788010597229004 2.175823926925659 9.115479469299316
v 14.805354118347168 2.171113967895508 9.106209754943848
v 14.788010597229004 2.175823926925659 9.115479469299316
v 14.798440933227539 2.178101062774658 9.117308616638184
v 14.815868377685547 2.1447830200195312 9.075760841369629
v 14.813632011413574 2.143770933151245 9.074296951293945
v 14.806855201721191 2.153074026107788 9.084826469421387
v 14.815868377685547 2.1447830200195312 9.075760841369629
v 14.806855201721191 2.153074026107788 9.084826469421387
v 14.812906265258789 2.156248092651367 9.088431358337402
v 14.820462226867676 2.1437079906463623 9.07146167755127
v 14.819499015808105 2.144402027130127 9.074190139770508
v 14.829347610473633 2.154797077178955 9.084911346435547
v 14.820462226867676 2.1437079906463623 9.07146167755127
v 14.829347610473633 2.154797077178955 9.084911346435547
v 14.831689834594727 2.1522340774536133 9.077610969543457
v 14.85230827331543 2.1662280559539795 9.089149475097656
v 14.845521926879883 2.168221950531006 9.097583770751953
v 14.856901168823242 2.1751930713653564 9.103018760681152
v 14.85230827331543 2.1662280559539795 9.089149475097656
v 14.856901168823242 2.1751930713653564 9.103018760681152
v 14.864334106445312 2.1730430126190186 9.095346450805664
v 14.864334106445312 2.1730430126190186 9.095346450805664
v 14.856901168823242 2.1751930713653564 9.103018760681152
v 14.86747932434082 2.17901611328125 9.10336971282959
v 14.864334106445312 2.1730430126190186 9.095346450805664
v 14.86747932434082 2.17901611328125 9.10336971282959
v 14.872417449951172 2.177683115005493 9.098917961120605
v 14.872417449951172 2.177683115005493 9.098917961120605
v 14.86747932434082 2.17901611328125 9.10336971282959
v 14.873968124389648 2.179781913757324 9.10271167755127
v 14.872417449951172 2.177683115005493 9.098917961120605
v 14.873968124389648 2.179781913757324 9.10271167755127
v 14.87611198425293 2.179456949234009 9.100576400756836
v 14.87611198425293 2.179456949234009 9.100576400756836
v 14.873968124389648 2.179781913757324 9.10271167755127
v 14.876530647277832 2.180082082748413 9.101855278015137
v 14.87611198425293 2.179456949234009 9.100576400756836
v 14.876530647277832 2.180082082748413 9.101855278015137
v 14.87724494934082 2.1800549030303955 9.101101875305176
v 14.820462226867676 2.1437079906463623 9.07146167755127
v 14.821954727172852 2.144892930984497 9.069132804870605
v 14.819600105285645 2.1429030895233154 9.069063186645508
v 14.820462226867676 2.1437079906463623 9.07146167755127
v 14.819600105285645 2.1429030895233154 9.069063186645508
v 14.818942070007324 2.1424100399017334 9.07064437866211
v 14.831689834594727 2.1522340774536133 9.077610969543457
v 14.829347610473633 2.154797077178955 9.084911346435547
v 14.845521926879883 2.168221950531006 9.097583770751953
v 14.831689834594727 2.1522340774536133 9.077610969543457
v 14.845521926879883 2.168221950531006 9.097583770751953
v 14.85230827331543 2.1662280559539795 9.089149475097656
v 14.83533000946045 2.1557629108428955 9.071553230285645
v 14.831689834594727 2.1522340774536133 9.077610969543457
v 14.85230827331543 2.1662280559539795 9.089149475097656
v 14.83533000946045 2.1557629108428955 9.071553230285645
v 14.85230827331543 2.1662280559539795 9.089149475097656
v 14.85579776763916 2.1698529720306396 9.078967094421387
v 14.819499015808105 2.144402027130127 9.074190139770508
v 14.820462226867676 2.1437079906463623 9.07146167755127
v 14.818942070007324 2.1424100399017334 9.07064437866211
v 14.819499015808105 2.144402027130127 9.074190139770508
v 14.818942070007324 2.1424100399017334 9.07064437866211
v 14.818110466003418 2.1425979137420654 9.072308540344238
v 14.878030776977539 2.1796228885650635 9.098360061645508
v 14.87611198425293 2.179456949234009 9.100576400756836
v 14.87724494934082 2.1800549030303955 9.101101875305176
v 14.878030776977539 2.1796228885650635 9.098360061645508
v 14.87724494934082 2.1800549030303955 9.101101875305176
v 14.877934455871582 2.1800739765167236 9.100339889526367
v 14.87578296661377 2.1788530349731445 9.093893051147461
v 14.872417449951172 2.177683115005493 9.098917961120605
v 14.87611198425293 2.179456949234009 9.100576400756836
v 14.87578296661377 2.1788530349731445 9.093893051147461
v 14.87611198425293 2.179456949234009 9.100576400756836
v 14.878030776977539 2.1796228885650635 9.098360061645508
v 14.868350982666016 2.176064968109131 9.085954666137695
v 14.864334106445312 2.1730430126190186 9.095346450805664
v 14.872417449951172 2.177683115005493 9.098917961120605
v 14.868350982666016 2.176064968109131 9.085954666137695
v 14.872417449951172 2.177683115005493 9.098917961120605
v 14.87578296661377 2.1788530349731445 9.093893051147461
v 14.85579776763916 2.1698529720306396 9.078967094421387
v 14.85230827331543 2.1662280559539795 9.089149475097656
v 14.864334106445312 2.1730430126190186 9.095346450805664
v 14.85579776763916 2.1698529720306396 9.078967094421387
v 14.864334106445312 2.1730430126190186 9.095346450805664
v 14.868350982666016 2.176064968109131 9.085954666137695
v 14.821954727172852 2.144892930984497 9.069132804870605
v 14.820462226867676 2.1437079906463623 9.07146167755127
v 14.831689834594727 2.1522340774536133 9.077610969543457
v 14.821954727172852 2.144892930984497 9.069132804870605
v 14.831689834594727 2.1522340774536133 9.077610969543457
v 14.83533000946045 2.1557629108428955 9.071553230285645
v 14.815764427185059 2.141094923019409 9.069865226745605
v 14.810327529907227 2.142632007598877 9.066285133361816
v 14.817575454711914 2.142899990081787 9.06363296508789
v 14.806580543518066 2.1459450721740723 9.063881874084473
v 14.810327529907227 2.142632007598877 9.066285133361816
v 14.805187225341797 2.1448299884796143 9.070459365844727
v 14.815764427185059 2.141094923019409 9.069865226745605
v 14.817575454711914 2.142899990081787 9.06363296508789
v 14.822351455688477 2.1423180103302 9.069640159606934
v 14.815764427185059 2.141094923019409 9.069865226745605
v 14.822351455688477 2.1423180103302 9.069640159606934
v 14.818072319030762 2.1418399810791016 9.076077461242676
v 14.815764427185059 2.141094923019409 9.069865226745605
v 14.818072319030762 2.1418399810791016 9.076077461242676
v 14.810611724853516 2.142061948776245 9.073999404907227
v 14.806580543518066 2.1459450721740723 9.063881874084473
v 14.805187225341797 2.1448299884796143 9.070459365844727
v 14.803889274597168 2.148803949356079 9.066825866699219
v 14.818881034851074 2.1465370655059814 9.05944538116455
v 14.812209129333496 2.145793914794922 9.060160636901855
v 14.815475463867188 2.1498661041259766 9.057931900024414
v 14.826981544494629 2.1454620361328125 9.069580078125
v 14.82413387298584 2.145514965057373 9.063499450683594
v 14.827535629272461 2.149043083190918 9.06589412689209
v 14.819740295410156 2.1446170806884766 9.08053207397461
v 14.82469367980957 2.1442959308624268 9.07589340209961
v 14.823675155639648 2.147691011428833 9.079977035522461
v 14.807043075561523 2.145004987716675 9.076995849609375
v 14.81295108795166 2.144181966781616 9.08027172088623
v 14.808953285217285 2.1478819847106934 9.080602645874023
v 14.806580543518066 2.1459450721740723 9.063881874084473
v 14.803889274597168 2.148803949356079 9.066825866699219
v 14.808260917663574 2.149456024169922 9.060493469238281
v 14.818881034851074 2.1465370655059814 9.05944538116455
v 14.815475463867188 2.1498661041259766 9.057931900024414
v 14.822787284851074 2.1497011184692383 9.059985160827637
v 14.826981544494629 2.1454620361328125 9.069580078125
v 14.827535629272461 2.149043083190918 9.06589412689209
v 14.827917098999023 2.1482150554656982 9.073525428771973
v 14.819740295410156 2.1446170806884766 9.08053207397461
v 14.823675155639648 2.147691011428833 9.079977035522461
v 14.816425323486328 2.1476950645446777 9.082646369934082
v 14.807043075561523 2.145004987716675 9.076995849609375
v 14.808953285217285 2.1478819847106934 9.080602645874023
v 14.80414867401123 2.148253917694092 9.074541091918945
v 14.812189102172852 2.1523749828338623 9.060011863708496
v 14.80720043182373 2.1522738933563232 9.064504623413086
v 14.813790321350098 2.1540560722351074 9.064362525939941
v 14.824657440185547 2.1521050930023193 9.063509941101074
v 14.818863868713379 2.1528708934783936 9.060312271118164
v 14.821149826049805 2.153881072998047 9.066420555114746
v 14.825264930725098 2.15073299407959 9.076485633850098
v 14.8265380859375 2.1518399715423584 9.069908142089844
v 14.8214750289917 2.153106927871704 9.074061393737793
v 14.812934875488281 2.15053391456604 9.081086158752441
v 14.819673538208008 2.150921106338501 9.080307960510254
v 14.814230918884277 2.1528921127319336 9.076766967773438
v 14.804789543151855 2.151262044906616 9.070784568786621
v 14.807605743408203 2.1512629985809326 9.076952934265137
v 14.809464454650879 2.153404951095581 9.07071590423584
v 14.809464454650879 2.153404951095581 9.07071590423584
v 14.814230918884277 2.1528921127319336 9.076766967773438
v 14.816041946411133 2.1540939807891846 9.070487976074219
v 14.809464454650879 2.153404951095581 9.07071590423584
v 14.807605743408203 2.1512629985809326 9.076952934265137
v 14.814230918884277 2.1528921127319336 9.076766967773438
v 14.807605743408203 2.1512629985809326 9.076952934265137
v 14.812934875488281 2.15053391456604 9.081086158752441
v 14.814230918884277 2.1528921127319336 9.076766967773438
v 14.814230918884277 2.1528921127319336 9.076766967773438
v 14.8214750289917 2.153106927871704 9.074061393737793
v 14.816041946411133 2.1540939807891846 9.070487976074219
v 14.814230918884277 2.1528921127319336 9.076766967773438
v 14.819673538208008 2.150921106338501 9.080307960510254
v 14.8214750289917 2.153106927871704 9.074061393737793
v 14.819673538208008 2.150921106338501 9.080307960510254
v 14.825264930725098 2.15073299407959 9.076485633850098
v 14.8214750289917 2.153106927871704 9.074061393737793
v 14.8214750289917 2.153106927871704 9.074061393737793
v 14.821149826049805 2.153881072998047 9.066420555114746
v 14.816041946411133 2.1540939807891846 9.070487976074219
v 14.8214750289917 2.153106927871704 9.074061393737793
v 14.8265380859375 2.1518399715423584 9.069908142089844
v 14.821149826049805 2.153881072998047 9.066420555114746
v 14.8265380859375 2.1518399715423584 9.069908142089844
v 14.824657440185547 2.1521050930023193 9.063509941101074
v 14.821149826049805 2.153881072998047 9.066420555114746
v 14.821149826049805 2.153881072998047 9.066420555114746
v 14.813790321350098 2.1540560722351074 9.064362525939941
v 14.816041946411133 2.1540939807891846 9.070487976074219
v 14.821149826049805 2.153881072998047 9.066420555114746
v 14.818863868713379 2.1528708934783936 9.060312271118164
v 14.813790321350098 2.1540560722351074 9.064362525939941
v 14.818863868713379 2.1528708934783936 9.060312271118164
v 14.812189102172852 2.1523749828338623 9.060011863708496
v 14.813790321350098 2.1540560722351074 9.064362525939941
v 14.813790321350098 2.1540560722351074 9.064362525939941
v 14.809464454650879 2.153404951095581 9.07071590423584
v 14.816041946411133 2.1540939807891846 9.070487976074219
v 14.813790321350098 2.1540560722351074 9.064362525939941
v 14.80720043182373 2.1522738933563232 9.064504623413086
v 14.809464454650879 2.153404951095581 9.07071590423584
v 14.80720043182373 2.1522738933563232 9.064504623413086
v 14.804789543151855 2.151262044906616 9.070784568786621
v 14.809464454650879 2.153404951095581 9.07071590423584
v 14.80414867401123 2.148253917694092 9.074541091918945
v 14.807605743408203 2.1512629985809326 9.076952934265137
v 14.804789543151855 2.151262044906616 9.070784568786621
v 14.80414867401123 2.148253917694092 9.074541091918945
v 14.808953285217285 2.1478819847106934 9.080602645874023
v 14.807605743408203 2.1512629985809326 9.076952934265137
v 14.808953285217285 2.1478819847106934 9.080602645874023
v 14.812934875488281 2.15053391456604 9.081086158752441
v 14.807605743408203 2.1512629985809326 9.076952934265137
v 14.816425323486328 2.1476950645446777 9.082646369934082
v 14.819673538208008 2.150921106338501 9.080307960510254
v 14.812934875488281 2.15053391456604 9.081086158752441
v 14.816425323486328 2.1476950645446777 9.082646369934082
v 14.823675155639648 2.147691011428833 9.079977035522461
v 14.819673538208008 2.150921106338501 9.080307960510254
v 14.823675155639648 2.147691011428833 9.079977035522461
v 14.825264930725098 2.15073299407959 9.076485633850098
v 14.819673538208008 2.150921106338501 9.080307960510254
v 14.827917098999023 2.1482150554656982 9.073525428771973
v 14.8265380859375 2.1518399715423584 9.069908142089844
v 14.825264930725098 2.15073299407959 9.076485633850098
v 14.827917098999023 2.1482150554656982 9.073525428771973
v 14.827535629272461 2.149043083190918 9.06589412689209
v 14.8265380859375 2.1518399715423584 9.069908142089844
v 14.827535629272461 2.149043083190918 9.06589412689209
v 14.824657440185547 2.1521050930023193 9.063509941101074
v 14.8265380859375 2.1518399715423584 9.069908142089844
v 14.822787284851074 2.1497011184692383 9.059985160827637
v 14.818863868713379 2.1528708934783936 9.060312271118164
v 14.824657440185547 2.1521050930023193 9.063509941101074
v 14.822787284851074 2.1497011184692383 9.059985160827637
v 14.815475463867188 2.1498661041259766 9.057931900024414
v 14.818863868713379 2.1528708934783936 9.060312271118164
v 14.815475463867188 2.1498661041259766 9.057931900024414
v 14.812189102172852 2.1523749828338623 9.060011863708496
v 14.818863868713379 2.1528708934783936 9.060312271118164
v 14.808260917663574 2.149456024169922 9.060493469238281
v 14.80720043182373 2.1522738933563232 9.064504623413086
v 14.812189102172852 2.1523749828338623 9.060011863708496
v 14.808260917663574 2.149456024169922 9.060493469238281
v 14.803889274597168 2.148803949356079 9.066825866699219
v 14.80720043182373 2.1522738933563232 9.064504623413086
v 14.803889274597168 2.148803949356079 9.066825866699219
v 14.804789543151855 2.151262044906616 9.070784568786621
v 14.80720043182373 2.1522738933563232 9.064504623413086
v 14.808953285217285 2.1478819847106934 9.080602645874023
v 14.816425323486328 2.1476950645446777 9.082646369934082
v 14.812934875488281 2.15053391456604 9.081086158752441
v 14.808953285217285 2.1478819847106934 9.080602645874023
v 14.81295108795166 2.144181966781616 9.08027172088623
v 14.816425323486328 2.1476950645446777 9.082646369934082
v 14.81295108795166 2.144181966781616 9.08027172088623
v 14.819740295410156 2.1446170806884766 9.08053207397461
v 14.816425323486328 2.1476950645446777 9.082646369934082
v 14.823675155639648 2.147691011428833 9.079977035522461
v 14.827917098999023 2.1482150554656982 9.073525428771973
v 14.825264930725098 2.15073299407959 9.076485633850098
v 14.823675155639648 2.147691011428833 9.079977035522461
v 14.82469367980957 2.1442959308624268 9.07589340209961
v 14.827917098999023 2.1482150554656982 9.073525428771973
v 14.82469367980957 2.1442959308624268 9.07589340209961
v 14.826981544494629 2.1454620361328125 9.069580078125
v 14.827917098999023 2.1482150554656982 9.073525428771973
v 14.827535629272461 2.149043083190918 9.06589412689209
v 14.822787284851074 2.1497011184692383 9.059985160827637
v 14.824657440185547 2.1521050930023193 9.063509941101074
v 14.827535629272461 2.149043083190918 9.06589412689209
v 14.82413387298584 2.145514965057373 9.063499450683594
v 14.822787284851074 2.1497011184692383 9.059985160827637
v 14.82413387298584 2.145514965057373 9.063499450683594
v 14.818881034851074 2.1465370655059814 9.05944538116455
v 14.822787284851074 2.1497011184692383 9.059985160827637
v 14.815475463867188 2.1498661041259766 9.057931900024414
v 14.808260917663574 2.149456024169922 9.060493469238281
v 14.812189102172852 2.1523749828338623 9.060011863708496
v 14.815475463867188 2.1498661041259766 9.057931900024414
v 14.812209129333496 2.145793914794922 9.060160636901855
v 14.808260917663574 2.149456024169922 9.060493469238281
v 14.812209129333496 2.145793914794922 9.060160636901855
v 14.806580543518066 2.1459450721740723 9.063881874084473
v 14.808260917663574 2.149456024169922 9.060493469238281
v 14.803889274597168 2.148803949356079 9.066825866699219
v 14.80414867401123 2.148253917694092 9.074541091918945
v 14.804789543151855 2.151262044906616 9.070784568786621
v 14.803889274597168 2.148803949356079 9.066825866699219
v 14.805187225341797 2.1448299884796143 9.070459365844727
v 14.80414867401123 2.148253917694092 9.074541091918945
v 14.805187225341797 2.1448299884796143 9.070459365844727
v 14.807043075561523 2.145004987716675 9.076995849609375
v 14.80414867401123 2.148253917694092 9.074541091918945
v 14.810611724853516 2.142061948776245 9.073999404907227
v 14.81295108795166 2.144181966781616 9.08027172088623
v 14.807043075561523 2.145004987716675 9.076995849609375
v 14.810611724853516 2.142061948776245 9.073999404907227
v 14.818072319030762 2.1418399810791016 9.076077461242676
v 14.81295108795166 2.144181966781616 9.08027172088623
v 14.818072319030762 2.1418399810791016 9.076077461242676
v 14.819740295410156 2.1446170806884766 9.08053207397461
v 14.81295108795166 2.144181966781616 9.08027172088623
v 14.818072319030762 2.1418399810791016 9.076077461242676
v 14.82469367980957 2.1442959308624268 9.07589340209961
v 14.819740295410156 2.1446170806884766 9.08053207397461
v 14.818072319030762 2.1418399810791016 9.076077461242676
v 14.822351455688477 2.1423180103302 9.069640159606934
v 14.82469367980957 2.1442959308624268 9.07589340209961
v 14.822351455688477 2.1423180103302 9.069640159606934
v 14.826981544494629 2.1454620361328125 9.069580078125
v 14.82469367980957 2.1442959308624268 9.07589340209961
v 14.822351455688477 2.1423180103302 9.069640159606934
v 14.82413387298584 2.145514965057373 9.063499450683594
v 14.826981544494629 2.1454620361328125 9.069580078125
v 14.822351455688477 2.1423180103302 9.069640159606934
v 14.817575454711914 2.142899990081787 9.06363296508789
v 14.82413387298584 2.145514965057373 9.063499450683594
v 14.817575454711914 2.142899990081787 9.06363296508789
v 14.818881034851074 2.1465370655059814 9.05944538116455
v 14.82413387298584 2.145514965057373 9.063499450683594
v 14.805187225341797 2.1448299884796143 9.070459365844727
v 14.810611724853516 2.142061948776245 9.073999404907227
v 14.807043075561523 2.145004987716675 9.076995849609375
v 14.805187225341797 2.1448299884796143 9.070459365844727
v 14.810327529907227 2.142632007598877 9.066285133361816
v 14.810611724853516 2.142061948776245 9.073999404907227
v 14.810327529907227 2.142632007598877 9.066285133361816
v 14.815764427185059 2.141094923019409 9.069865226745605
v 14.810611724853516 2.142061948776245 9.073999404907227
v 14.817575454711914 2.142899990081787 9.06363296508789
v 14.812209129333496 2.145793914794922 9.060160636901855
v 14.818881034851074 2.1465370655059814 9.05944538116455
v 14.817575454711914 2.142899990081787 9.06363296508789
v 14.810327529907227 2.142632007598877 9.066285133361816
v 14.812209129333496 2.145793914794922 9.060160636901855
v 14.810327529907227 2.142632007598877 9.066285133361816
v 14.806580543518066 2.1459450721740723 9.063881874084473
v 14.812209129333496 2.145793914794922 9.060160636901855
v 14.968419075012207 2.1407361030578613 9.04948616027832
v 15.154483795166016 2.130053997039795 9.268712997436523
v 15.250141143798828 2.136950969696045 9.203248023986816
v 15.250141143798828 2.136950969696045 9.203248023986816
v 15.289767265319824 2.1384239196777344 8.963415145874023
v 15.14221477508545 2.1381099224090576 8.792424201965332
v 15.14221477508545 2.1381099224090576 8.792424201965332
v 14.928570747375488 2.1381099224090576 8.733192443847656
v 14.720913887023926 2.1381099224090576 8.810850143432617
v 14.720913887023926 2.1381099224090576 8.810850143432617
v 14.59856128692627 2.1381099224090576 8.995733261108398
v 14.608247756958008 2.138111114501953 9.217225074768066
v 14.608247756958008 2.138111114501953 9.217225074768066
v 14.7462739944458 2.138111114501953 9.390721321105957
v 14.97907829284668 2.135709047317505 9.356559753417969
v 14.968419075012207 2.1407361030578613 9.04948616027832
v 15.250141143798828 2.136950969696045 9.203248023986816
v 15.14221477508545 2.1381099224090576 8.792424201965332
v 14.608247756958008 2.138111114501953 9.217225074768066
v 14.97907829284668 2.135709047317505 9.356559753417969
v 14.968419075012207 2.1407361030578613 9.04948616027832
v 15.14221477508545 2.1381099224090576 8.792424201965332
v 14.720913887023926 2.1381099224090576 8.810850143432617
v 14.608247756958008 2.138111114501953 9.217225074768066
v 15.14221477508545 2.1381099224090576 8.792424201965332
v 14.608247756958008 2.138111114501953 9.217225074768066
v 14.968419075012207 2.1407361030578613 9.04948616027832
v 15.25009536743164 2.095118999481201 9.203130722045898
v 15.154438972473145 2.088222026824951 9.268596649169922
v 14.968374252319336 2.098902940750122 9.049368858337402
v 14.968374252319336 2.098902940750122 9.049368858337402
v 14.979033470153809 2.0938758850097656 9.35644245147705
v 14.74622917175293 2.096277952194214 9.390604019165039
v 14.74622917175293 2.096277952194214 9.390604019165039
v 14.608202934265137 2.096277952194214 9.217107772827148
v 14.598516464233398 2.096277952194214 8.995616912841797
v 14.598516464233398 2.096277952194214 8.995616912841797
v 14.720869064331055 2.096277952194214 8.8107328414917
v 14.928525924682617 2.096277952194214 8.733076095581055
v 14.928525924682617 2.096277952194214 8.733076095581055
v 15.142169952392578 2.096277952194214 8.79230785369873
v 15.289722442626953 2.096590995788574 8.963297843933105
v 15.289722442626953 2.096590995788574 8.963297843933105
v 15.25009536743164 2.095118999481201 9.203130722045898
v 14.968374252319336 2.098902940750122 9.049368858337402
v 14.968374252319336 2.098902940750122 9.049368858337402
v 14.74622917175293 2.096277952194214 9.390604019165039
v 14.598516464233398 2.096277952194214 8.995616912841797
v 14.598516464233398 2.096277952194214 8.995616912841797
v 14.928525924682617 2.096277952194214 8.733076095581055
v 15.289722442626953 2.096590995788574 8.963297843933105
v 14.968374252319336 2.098902940750122 9.049368858337402
v 14.598516464233398 2.096277952194214 8.995616912841797
v 15.289722442626953 2.096590995788574 8.963297843933105
v 14.97907829284668 2.135709047317505 9.356559753417969
v 14.7462739944458 2.138111114501953 9.390721321105957
v 14.74622917175293 2.096277952194214 9.390604019165039
v 14.97907829284668 2.135709047317505 9.356559753417969
v 14.74622917175293 2.096277952194214 9.390604019165039
v 14.979033470153809 2.0938758850097656 9.35644245147705
v 15.289767265319824 2.1384239196777344 8.963415145874023
v 15.250141143798828 2.136950969696045 9.203248023986816
v 15.25009536743164 2.095118999481201 9.203130722045898
v 15.289767265319824 2.1384239196777344 8.963415145874023
v 15.25009536743164 2.095118999481201 9.203130722045898
v 15.289722442626953 2.096590995788574 8.963297843933105
v 14.720913887023926 2.1381099224090576 8.810850143432617
v 14.928570747375488 2.1381099224090576 8.733192443847656
v 14.928525924682617 2.096277952194214 8.733076095581055
v 14.720913887023926 2.1381099224090576 8.810850143432617
v 14.928525924682617 2.096277952194214 8.733076095581055
v 14.720869064331055 2.096277952194214 8.8107328414917
v 14.7462739944458 2.138111114501953 9.390721321105957
v 14.608247756958008 2.138111114501953 9.217225074768066
v 14.608202934265137 2.096277952194214 9.217107772827148
v 14.7462739944458 2.138111114501953 9.390721321105957
v 14.608202934265137 2.096277952194214 9.217107772827148
v 14.74622917175293 2.096277952194214 9.390604019165039
v 15.250141143798828 2.136950969696045 9.203248023986816
v 15.154483795166016 2.130053997039795 9.268712997436523
v 15.154438972473145 2.088222026824951 9.268596649169922
v 15.250141143798828 2.136950969696045 9.203248023986816
v 15.154438972473145 2.088222026824951 9.268596649169922
v 15.25009536743164 2.095118999481201 9.203130722045898
v 14.928570747375488 2.1381099224090576 8.733192443847656
v 15.14221477508545 2.1381099224090576 8.792424201965332
v 15.142169952392578 2.096277952194214 8.79230785369873
v 14.928570747375488 2.1381099224090576 8.733192443847656
v 15.142169952392578 2.096277952194214 8.79230785369873
v 14.928525924682617 2.096277952194214 8.733076095581055
v 14.608247756958008 2.138111114501953 9.217225074768066
v 14.59856128692627 2.1381099224090576 8.995733261108398
v 14.598516464233398 2.096277952194214 8.995616912841797
v 14.608247756958008 2.138111114501953 9.217225074768066
v 14.598516464233398 2.096277952194214 8.995616912841797
v 14.608202934265137 2.096277952194214 9.217107772827148
v 15.154483795166016 2.130053997039795 9.268712997436523
v 14.968419075012207 2.1407361030578613 9.04948616027832
v 14.968374252319336 2.098902940750122 9.049368858337402
v 15.154483795166016 2.130053997039795 9.268712997436523
v 14.968374252319336 2.098902940750122 9.049368858337402
v 15.154438972473145 2.088222026824951 9.268596649169922
v 15.14221477508545 2.1381099224090576 8.792424201965332
v 15.289767265319824 2.1384239196777344 8.963415145874023
v 15.289722442626953 2.096590995788574 8.963297843933105
v 15.14221477508545 2.1381099224090576 8.792424201965332
v 15.289722442626953 2.096590995788574 8.963297843933105
v 15.142169952392578 2.096277952194214 8.79230785369873
v 14.59856128692627 2.1381099224090576 8.995733261108398
v 14.720913887023926 2.1381099224090576 8.810850143432617
v 14.720869064331055 2.096277952194214 8.8107328414917
v 14.59856128692627 2.1381099224090576 8.995733261108398
v 14.720869064331055 2.096277952194214 8.8107328414917
v 14.598516464233398 2.096277952194214 8.995616912841797
v 14.968419075012207 2.1407361030578613 9.04948616027832
v 14.97907829284668 2.135709047317505 9.356559753417969
v 14.979033470153809 2.0938758850097656 9.35644245147705
v 14.968419075012207 2.1407361030578613 9.04948616027832
v 14.979033470153809 2.0938758850097656 9.35644245147705
v 14.968374252319336 2.098902940750122 9.049368858337402
vt 0.5 0
vt 1 0
vt 1 1
vt 0.5 0
vt 1 1
vt 0.5 1
vt 0.5 1
vt 1 1
vt 1 1
vt 0.5 1
vt 1 1
vt 0.5 1
vt 0.5 1
vt 1 1
vt 1 1
vt 0.5 1
vt 1 1
vt 0.5 1
vt 0.5 1
vt 1 1
vt 1 1
vt 0.5 1
vt 1 1
vt 0.5 1
vt 0.5 1
vt 1 1
vt 1 1
vt 0.5 1
vt 1 1
vt 0.5 1
vt 0.5 0
vt 0 0
vt 0 0
vt 0.5 0
vt 0 0
vt 0.5 0
vt 0.5 1
vt 1 1
vt 1 1
vt 0.5 1
vt 1 1
vt 0.5 1
vt 0 1
vt 0.5 1
vt 0.5 1
vt 0 1
vt 0.5 1
vt 0 1
vt 1 0
vt 0.5 0
vt 0.5 0
vt 1 0
vt 0.5 0
vt 1 0
vt 0 1
vt 0.5 1
vt 0.5 1
vt 0 1
vt 0.5 1
vt 0 1
vt 0 1
vt 0.5 1
vt 0.5 1
vt 0 1
vt 0.5 1
vt 0 1
vt 0 1
vt 0.5 1
vt 0.5 1
vt 0 1
vt 0.5 1
vt 0 1
vt 0 1
vt 0.5 1
vt 0.5 1
vt 0 1
vt 0.5 1
vt 0 1
vt 0 0
vt 0.5 0
vt 0.5 1
vt 0 0
vt 0.5 1
vt 0 1
vt 0.5 0
vt 1 0
vt 1 1
vt 0.5 0
vt 1 1
vt 0.5 1
vt 0.5 1
vt 1 1
vt 1 1
vt 0.5 1
vt 1 1
vt 0.5 1
vt 0.5 1
vt 1 1
vt 1 1
vt 0.5 1
vt 1 1
vt 0.5 1
vt 0.5 1
vt 1 1
vt 1 1
vt 0.5 1
vt 1 1
vt 0.5 1
vt 0.5 1
vt 1 1
vt 1 1
vt 0.5 1
vt 1 1
vt 0.5 1
vt 0.5 0
vt 0 0
vt 0 0
vt 0.5 0
vt 0 0
vt 0.5 0
vt 0.5 1
vt 1 1
vt 1 1
vt 0.5 1
vt 1 1
vt 0.5 1
vt 0 1
vt 0.5 1
vt 0.5 1
vt 0 1
vt 0.5 1
vt 0 1
vt 1 0
vt 0.5 0
vt 0.5 0
vt 1 0
vt 0.5 0
vt 1 0
vt 0 1
vt 0.5 1
vt 0.5 1
vt 0 1
vt 0.5 1
vt 0 1
vt 0 1
vt 0.5 1
vt 0.5 1
vt 0 1
vt 0.5 1
vt 0 1
vt 0 1
vt 0.5 1
vt 0.5 1
vt 0 1
vt 0.5 1
vt 0 1
vt 0 1
vt 0.5 1
vt 0.5 1
vt 0 1
vt 0.5 1
vt 0 1
vt 0 0
vt 0.5 0
vt 0.5 1
vt 0 0
vt 0.5 1
vt 0 1
vt 0.5 0
vt 1 0
vt 1 1
vt 0.5 0
vt 1 1
vt 0.5 1
vt 0.5 1
vt 1 1
vt 1 1
vt 0.5 1
vt 1 1
vt 0.5 1
vt 0.5 1
vt 1 1
vt 1 1
vt 0.5 1
vt 1 1
vt 0.5 1
vt 0.5 1
vt 1 1
vt 1 1
vt 0.5 1
vt 1 1
vt 0.5 1
vt 0.5 1
vt 1 1
vt 1 1
vt 0.5 1
vt 1 1
vt 0.5 1
vt 0.5 0
vt 0 0
vt 0 0
vt 0.5 0
vt 0 0
vt 0.5 0
vt 0.5 1
vt 1 1
vt 1 1
vt 0.5 1
vt 1 1
vt 0.5 1
vt 0 1
vt 0.5 1
vt 0.5 1
vt 0 1
vt 0.5 1
vt 0 1
vt 1 0
vt 0.5 0
vt 0.5 0
vt 1 0
vt 0.5 0
vt 1 0
vt 0 1
vt 0.5 1
vt 0.5 1
vt 0 1
vt 0.5 1
vt 0 1
vt 0 1
vt 0.5 1
vt 0.5 1
vt 0 1
vt 0.5 1
vt 0 1
vt 0 1
vt 0.5 1
vt 0.5 1
vt 0 1
vt 0.5 1
vt 0 1
vt 0 1
vt 0.5 1
vt 0.5 1
vt 0 1
vt 0.5 1
vt 0 1
vt 0 0
vt 0.5 0
vt 0.5 1
vt 0 0
vt 0.5 1
vt 0 1
vt 0.5 0
vt 1 0
vt 1 1
vt 0.5 0
vt 1 1
vt 0.5 1
vt 0.5 1
vt 1 1
vt 1 1
vt 0.5 1
vt 1 1
vt 0.5 1
vt 0.5 1
vt 1 1
vt 1 1
vt 0.5 1
vt 1 1
vt 0.5 1
vt 0.5 1
vt 1 1
vt 1 1
vt 0.5 1
vt 1 1
vt 0.5 1
vt 0.5 1
vt 1 1
vt 1 1
vt 0.5 1
vt 1 1
vt 0.5 1
vt 0.5 0
vt 0 0
vt 0 0
vt 0.5 0
vt 0 0
vt 0.5 0
vt 0.5 1
vt 1 1
vt 1 1
vt 0.5 1
vt 1 1
vt 0.5 1
vt 0 1
vt 0.5 1
vt 0.5 1
vt 0 1
vt 0.5 1
vt 0 1
vt 1 0
vt 0.5 0
vt 0.5 0
vt 1 0
vt 0.5 0
vt 1 0
vt 0 1
vt 0.5 1
vt 0.5 1
vt 0 1
vt 0.5 1
vt 0 1
vt 0 1
vt 0.5 1
vt 0.5 1
vt 0 1
vt 0.5 1
vt 0 1
vt 0 1
vt 0.5 1
vt 0.5 1
vt 0 1
vt 0.5 1
vt 0 1
vt 0 1
vt 0.5 1
vt 0.5 1
vt 0 1
vt 0.5 1
vt 0 1
vt 0 0
vt 0.5 0
vt 0.5 1
vt 0 0
vt 0.5 1
vt 0 1
vt 0.5 0
vt 1 0
vt 1 1
vt 0.5 0
vt 1 1
vt 0.5 1
vt 0.5 1
vt 1 1
vt 1 1
vt 0.5 1
vt 1 1
vt 0.5 1
vt 0.5 1
vt 1 1
vt 1 1
vt 0.5 1
vt 1 1
vt 0.5 1
vt 0.5 1
vt 1 1
vt 1 1
vt 0.5 1
vt 1 1
vt 0.5 1
vt 0.5 1
vt 1 1
vt 1 1
vt 0.5 1
vt 1 1
vt 0.5 1
vt 0.5 0
vt 0 0
vt 0 0
vt 0.5 0
vt 0 0
vt 0.5 0
vt 0.5 1
vt 1 1
vt 1 1
vt 0.5 1
vt 1 1
vt 0.5 1
vt 0 1
vt 0.5 1
vt 0.5 1
vt 0 1
vt 0.5 1
vt 0 1
vt 1 0
vt 0.5 0
vt 0.5 0
vt 1 0
vt 0.5 0
vt 1 0
vt 0 1
vt 0.5 1
vt 0.5 1
vt 0 1
vt 0.5 1
vt 0 1
vt 0 1
vt 0.5 1
vt 0.5 1
vt 0 1
vt 0.5 1
vt 0 1
vt 0 1
vt 0.5 1
vt 0.5 1
vt 0 1
vt 0.5 1
vt 0 1
vt 0 1
vt 0.5 1
vt 0.5 1
vt 0 1
vt 0.5 1
vt 0 1
vt 0 0
vt 0.5 0
vt 0.5 1
vt 0 0
vt 0.5 1
vt 0 1
vt 0.5 0
vt 1 0
vt 1 1
vt 0.5 0
vt 1 1
vt 0.5 1
vt 0.5 1
vt 1 1
vt 1 1
vt 0.5 1
vt 1 1
vt 0.5 1
vt 0.5 1
vt 1 1
vt 1 1
vt 0.5 1
vt 1 1
vt 0.5 1
vt 0.5 1
vt 1 1
vt 1 1
vt 0.5 1
vt 1 1
vt 0.5 1
vt 0.5 1
vt 1 1
vt 1 1
vt 0.5 1
vt 1 1
vt 0.5 1
vt 0.5 0
vt 0 0
vt 0 0
vt 0.5 0
vt 0 0
vt 0.5 0
vt 0.5 1
vt 1 1
vt 1 1
vt 0.5 1
vt 1 1
vt 0.5 1
vt 0 1
vt 0.5 1
vt 0.5 1
vt 0 1
vt 0.5 1
vt 0 1
vt 1 0
vt 0.5 0
vt 0.5 0
vt 1 0
vt 0.5 0
vt 1 0
vt 0 1
vt 0.5 1
vt 0.5 1
vt 0 1
vt 0.5 1
vt 0 1
vt 0 1
vt 0.5 1
vt 0.5 1
vt 0 1
vt 0.5 1
vt 0 1
vt 0 1
vt 0.5 1
vt 0.5 1
vt 0 1
vt 0.5 1
vt 0 1
vt 0 1
vt 0.5 1
vt 0.5 1
vt 0 1
vt 0.5 1
vt 0 1
vt 0 0
vt 0.5 0
vt 0.5 1
vt 0 0
vt 0.5 1
vt 0 1
vt 0.5 0
vt 1 0
vt 1 1
vt 0.5 0
vt 1 1
vt 0.5 1
vt 0.5 1
vt 1 1
vt 1 1
vt 0.5 1
vt 1 1
vt 0.5 1
vt 0.5 1
vt 1 1
vt 1 1
vt 0.5 1
vt 1 1
vt 0.5 1
vt 0.5 1
vt 1 1
vt 1 1
vt 0.5 1
vt 1 1
vt 0.5 1
vt 0.5 1
vt 1 1
vt 1 1
vt 0.5 1
vt 1 1
vt 0.5 1
vt 0.5 0
vt 0 0
vt 0 0
vt 0.5 0
vt 0 0
vt 0.5 0
vt 0.5 1
vt 1 1
vt 1 1
vt 0.5 1
vt 1 1
vt 0.5 1
vt 0 1
vt 0.5 1
vt 0.5 1
vt 0 1
vt 0.5 1
vt 0 1
vt 1 0
vt 0.5 0
vt 0.5 0
vt 1 0
vt 0.5 0
vt 1 0
vt 0 1
vt 0.5 1
vt 0.5 1
vt 0 1
vt 0.5 1
vt 0 1
vt 0 1
vt 0.5 1
vt 0.5 1
vt 0 1
vt 0.5 1
vt 0 1
vt 0 1
vt 0.5 1
vt 0.5 1
vt 0 1
vt 0.5 1
vt 0 1
vt 0 1
vt 0.5 1
vt 0.5 1
vt 0 1
vt 0.5 1
vt 0 1
vt 0 0
vt 0.5 0
vt 0.5 1
vt 0 0
vt 0.5 1
vt 0 1
vt 0.5 0
vt 1 0
vt 1 1
vt 0.5 0
vt 1 1
vt 0.5 1
vt 0.5 1
vt 1 1
vt 1 1
vt 0.5 1
vt 1 1
vt 0.5 1
vt 0.5 1
vt 1 1
vt 1 1
vt 0.5 1
vt 1 1
vt 0.5 1
vt 0.5 1
vt 1 1
vt 1 1
vt 0.5 1
vt 1 1
vt 0.5 1
vt 0.5 1
vt 1 1
vt 1 1
vt 0.5 1
vt 1 1
vt 0.5 1
vt 0.5 0
vt 0 0
vt 0 0
vt 0.5 0
vt 0 0
vt 0.5 0
vt 0.5 1
vt 1 1
vt 1 1
vt 0.5 1
vt 1 1
vt 0.5 1
vt 0 1
vt 0.5 1
vt 0.5 1
vt 0 1
vt 0.5 1
vt 0 1
vt 1 0
vt 0.5 0
vt 0.5 0
vt 1 0
vt 0.5 0
vt 1 0
vt 0 1
vt 0.5 1
vt 0.5 1
vt 0 1
vt 0.5 1
vt 0 1
vt 0 1
vt 0.5 1
vt 0.5 1
vt 0 1
vt 0.5 1
vt 0 1
vt 0 1
vt 0.5 1
vt 0.5 1
vt 0 1
vt 0.5 1
vt 0 1
vt 0 1
vt 0.5 1
vt 0.5 1
vt 0 1
vt 0.5 1
vt 0 1
vt 0 0
vt 0.5 0
vt 0.5 1
vt 0 0
vt 0.5 1
vt 0 1
vt 0.5 0
vt 1 0
vt 1 1
vt 0.5 0
vt 1 1
vt 0.5 1
vt 0.5 1
vt 1 1
vt 1 1
vt 0.5 1
vt 1 1
vt 0.5 1
vt 0.5 1
vt 1 1
vt 1 1
vt 0.5 1
vt 1 1
vt 0.5 1
vt 0.5 1
vt 1 1
vt 1 1
vt 0.5 1
vt 1 1
vt 0.5 1
vt 0.5 1
vt 1 1
vt 1 1
vt 0.5 1
vt 1 1
vt 0.5 1
vt 0.5 0
vt 0 0
vt 0 0
vt 0.5 0
vt 0 0
vt 0.5 0
vt 0.5 1
vt 1 1
vt 1 1
vt 0.5 1
vt 1 1
vt 0.5 1
vt 0 1
vt 0.5 1
vt 0.5 1
vt 0 1
vt 0.5 1
vt 0 1
vt 1 0
vt 0.5 0
vt 0.5 0
vt 1 0
vt 0.5 0
vt 1 0
vt 0 1
vt 0.5 1
vt 0.5 1
vt 0 1
vt 0.5 1
vt 0 1
vt 0 1
vt 0.5 1
vt 0.5 1
vt 0 1
vt 0.5 1
vt 0 1
vt 0 1
vt 0.5 1
vt 0.5 1
vt 0 1
vt 0.5 1
vt 0 1
vt 0 1
vt 0.5 1
vt 0.5 1
vt 0 1
vt 0.5 1
vt 0 1
vt 0 0
vt 0.5 0
vt 0.5 1
vt 0 0
vt 0.5 1
vt 0 1
vt 0.5 0
vt 1 0
vt 1 1
vt 0.5 0
vt 1 1
vt 0.5 1
vt 0.5 1
vt 1 1
vt 1 1
vt 0.5 1
vt 1 1
vt 0.5 1
vt 0.5 1
vt 1 1
vt 1 1
vt 0.5 1
vt 1 1
vt 0.5 1
vt 0.5 1
vt 1 1
vt 1 1
vt 0.5 1
vt 1 1
vt 0.5 1
vt 0.5 1
vt 1 1
vt 1 1
vt 0.5 1
vt 1 1
vt 0.5 1
vt 0.5 0
vt 0 0
vt 0 0
vt 0.5 0
vt 0 0
vt 0.5 0
vt 0.5 1
vt 1 1
vt 1 1
vt 0.5 1
vt 1 1
vt 0.5 1
vt 0 1
vt 0.5 1
vt 0.5 1
vt 0 1
vt 0.5 1
vt 0 1
vt 1 0
vt 0.5 0
vt 0.5 0
vt 1 0
vt 0.5 0
vt 1 0
vt 0 1
vt 0.5 1
vt 0.5 1
vt 0 1
vt 0.5 1
vt 0 1
vt 0 1
vt 0.5 1
vt 0.5 1
vt 0 1
vt 0.5 1
vt 0 1
vt 0 1
vt 0.5 1
vt 0.5 1
vt 0 1
vt 0.5 1
vt 0 1
vt 0 1
vt 0.5 1
vt 0.5 1
vt 0 1
vt 0.5 1
vt 0 1
vt 0 0
vt 0.5 0
vt 0.5 1
vt 0 0
vt 0.5 1
vt 0 1
vt 0.5 0
vt 1 0
vt 1 1
vt 0.5 0
vt 1 1
vt 0.5 1
vt 0.5 1
vt 1 1
vt 1 1
vt 0.5 1
vt 1 1
vt 0.5 1
vt 0.5 1
vt 1 1
vt 1 1
vt 0.5 1
vt 1 1
vt 0.5 1
vt 0.5 1
vt 1 1
vt 1 1
vt 0.5 1
vt 1 1
vt 0.5 1
vt 0.5 1
vt 1 1
vt 1 1
vt 0.5 1
vt 1 1
vt 0.5 1
vt 0.5 0
vt 0 0
vt 0 0
vt 0.5 0
vt 0 0
vt 0.5 0
vt 0.5 1
vt 1 1
vt 1 1
vt 0.5 1
vt 1 1
vt 0.5 1
vt 0 1
vt 0.5 1
vt 0.5 1
vt 0 1
vt 0.5 1
vt 0 1
vt 1 0
vt 0.5 0
vt 0.5 0
vt 1 0
vt 0.5 0
vt 1 0
vt 0 1
vt 0.5 1
vt 0.5 1
vt 0 1
vt 0.5 1
vt 0 1
vt 0 1
vt 0.5 1
vt 0.5 1
vt 0 1
vt 0.5 1
vt 0 1
vt 0 1
vt 0.5 1
vt 0.5 1
vt 0 1
vt 0.5 1
vt 0 1
vt 0 1
vt 0.5 1
vt 0.5 1
vt 0 1
vt 0.5 1
vt 0 1
vt 0 0
vt 0.5 0
vt 0.5 1
vt 0 0
vt 0.5 1
vt 0 1
vt 0.5 0
vt 1 0
vt 1 1
vt 0.5 0
vt 1 1
vt 0.5 1
vt 0.5 1
vt 1 1
vt 1 1
vt 0.5 1
vt 1 1
vt 0.5 1
vt 0.5 1
vt 1 1
vt 1 1
vt 0.5 1
vt 1 1
vt 0.5 1
vt 0.5 1
vt 1 1
vt 1 1
vt 0.5 1
vt 1 1
vt 0.5 1
vt 0.5 1
vt 1 1
vt 1 1
vt 0.5 1
vt 1 1
vt 0.5 1
vt 0.5 0
vt 0 0
vt 0 0
vt 0.5 0
vt 0 0
vt 0.5 0
vt 0.5 1
vt 1 1
vt 1 1
vt 0.5 1
vt 1 1
vt 0.5 1
vt 0 1
vt 0.5 1
vt 0.5 1
vt 0 1
vt 0.5 1
vt 0 1
vt 1 0
vt 0.5 0
vt 0.5 0
vt 1 0
vt 0.5 0
vt 1 0
vt 0 1
vt 0.5 1
vt 0.5 1
vt 0 1
vt 0.5 1
vt 0 1
vt 0 1
vt 0.5 1
vt 0.5 1
vt 0 1
vt 0.5 1
vt 0 1
vt 0 1
vt 0.5 1
vt 0.5 1
vt 0 1
vt 0.5 1
vt 0 1
vt 0 1
vt 0.5 1
vt 0.5 1
vt 0 1
vt 0.5 1
vt 0 1
vt 0 0
vt 0.5 0
vt 0.5 1
vt 0 0
vt 0.5 1
vt 0 1
vt 0.5 0
vt 1 0
vt 1 1
vt 0.5 0
vt 1 1
vt 0.5 1
vt 0.5 1
vt 1 1
vt 1 1
vt 0.5 1
vt 1 1
vt 0.5 1
vt 0.5 1
vt 1 1
vt 1 1
vt 0.5 1
vt 1 1
vt 0.5 1
vt 0.5 1
vt 1 1
vt 1 1
vt 0.5 1
vt 1 1
vt 0.5 1
vt 0.5 1
vt 1 1
vt 1 1
vt 0.5 1
vt 1 1
vt 0.5 1
vt 0.5 0
vt 0 0
vt 0 0
vt 0.5 0
vt 0 0
vt 0.5 0
vt 0.5 1
vt 1 1
vt 1 1
vt 0.5 1
vt 1 1
vt 0.5 1
vt 0 1
vt 0.5 1
vt 0.5 1
vt 0 1
vt 0.5 1
vt 0 1
vt 1 0
vt 0.5 0
vt 0.5 0
vt 1 0
vt 0.5 0
vt 1 0
vt 0 1
vt 0.5 1
vt 0.5 1
vt 0 1
vt 0.5 1
vt 0 1
vt 0 1
vt 0.5 1
vt 0.5 1
vt 0 1
vt 0.5 1
vt 0 1
vt 0 1
vt 0.5 1
vt 0.5 1
vt 0 1
vt 0.5 1
vt 0 1
vt 0 1
vt 0.5 1
vt 0.5 1
vt 0 1
vt 0.5 1
vt 0 1
vt 0 0
vt 0.5 0
vt 0.5 1
vt 0 0
vt 0.5 1
vt 0 1
vt 0.5 0
vt 1 0
vt 1 1
vt 0.5 0
vt 1 1
vt 0.5 1
vt 0.5 1
vt 1 1
vt 1 1
vt 0.5 1
vt 1 1
vt 0.5 1
vt 0.5 1
vt 1 1
vt 1 1
vt 0.5 1
vt 1 1
vt 0.5 1
vt 0.5 1
vt 1 1
vt 1 1
vt 0.5 1
vt 1 1
vt 0.5 1
vt 0.5 1
vt 1 1
vt 1 1
vt 0.5 1
vt 1 1
vt 0.5 1
vt 0.5 0
vt 0 0
vt 0 0
vt 0.5 0
vt 0 0
vt 0.5 0
vt 0.5 1
vt 1 1
vt 1 1
vt 0.5 1
vt 1 1
vt 0.5 1
vt 0 1
vt 0.5 1
vt 0.5 1
vt 0 1
vt 0.5 1
vt 0 1
vt 1 0
vt 0.5 0
vt 0.5 0
vt 1 0
vt 0.5 0
vt 1 0
vt 0 1
vt 0.5 1
vt 0.5 1
vt 0 1
vt 0.5 1
vt 0 1
vt 0 1
vt 0.5 1
vt 0.5 1
vt 0 1
vt 0.5 1
vt 0 1
vt 0 1
vt 0.5 1
vt 0.5 1
vt 0 1
vt 0.5 1
vt 0 1
vt 0 1
vt 0.5 1
vt 0.5 1
vt 0 1
vt 0.5 1
vt 0 1
vt 0 0
vt 0.5 0
vt 0.5 1
vt 0 0
vt 0.5 1
vt 0 1
vt 0.18181900680065155 0
vt 0.22727300226688385 0.0787310004234314
vt 0.13636499643325806 0.0787310004234314
vt 0.27272799611091614 0.1574610024690628
vt 0.31818199157714844 0.0787310004234314
vt 0.3636370003223419 0.1574610024690628
vt 0.9090909957885742 0
vt 0.9545450210571289 0.0787310004234314
vt 0.8636360168457031 0.0787310004234314
vt 0.7272729873657227 0
vt 0.7727270126342773 0.0787310004234314
vt 0.6818180084228516 0.0787310004234314
vt 0.5454549789428711 0
vt 0.5909090042114258 0.0787310004234314
vt 0.5 0.0787310004234314
vt 0.27272799611091614 0.1574610024690628
vt 0.3636370003223419 0.1574610024690628
vt 0.31818199157714844 0.2361910045146942
vt 0.09091000258922577 0.1574610024690628
vt 0.18181900680065155 0.1574610024690628
vt 0.13636499643325806 0.2361910045146942
vt 0.8181819915771484 0.1574610024690628
vt 0.9090909957885742 0.1574610024690628
vt 0.8636360168457031 0.2361910045146942
vt 0.6363639831542969 0.1574610024690628
vt 0.7272729873657227 0.1574610024690628
vt 0.6818180084228516 0.2361910045146942
vt 0.4545460045337677 0.1574610024690628
vt 0.5454549789428711 0.1574610024690628
vt 0.5 0.2361910045146942
vt 0.27272799611091614 0.1574610024690628
vt 0.31818199157714844 0.2361910045146942
vt 0.22727300226688385 0.2361910045146942
vt 0.09091000258922577 0.1574610024690628
vt 0.13636499643325806 0.2361910045146942
vt 0.045455001294612885 0.2361910045146942
vt 0.8181819915771484 0.1574610024690628
vt 0.8636360168457031 0.2361910045146942
vt 0.7727270126342773 0.2361910045146942
vt 0.6363639831542969 0.1574610024690628
vt 0.6818180084228516 0.2361910045146942
vt 0.5909090042114258 0.2361910045146942
vt 0.4545460045337677 0.1574610024690628
vt 0.5 0.2361910045146942
vt 0.4090920090675354 0.2361910045146942
vt 0.18181900680065155 0.31492099165916443
vt 0.27272799611091614 0.31492099165916443
vt 0.22727300226688385 0.39365100860595703
vt 0 0.31492099165916443
vt 0.09091000258922577 0.31492099165916443
vt 0.045455001294612885 0.39365100860595703
vt 0.7272729873657227 0.31492099165916443
vt 0.8181819915771484 0.31492099165916443
vt 0.7727270126342773 0.39365100860595703
vt 0.5454549789428711 0.31492099165916443
vt 0.6363639831542969 0.31492099165916443
vt 0.5909090042114258 0.39365100860595703
vt 0.3636370003223419 0.31492099165916443
vt 0.4545460045337677 0.31492099165916443
vt 0.4090920090675354 0.39365100860595703
vt 0.4090920090675354 0.39365100860595703
vt 0.5 0.39365100860595703
vt 0.4545460045337677 0.4723820090293884
vt 0.4090920090675354 0.39365100860595703
vt 0.4545460045337677 0.31492099165916443
vt 0.5 0.39365100860595703
vt 0.4545460045337677 0.31492099165916443
vt 0.5454549789428711 0.31492099165916443
vt 0.5 0.39365100860595703
vt 0.5909090042114258 0.39365100860595703
vt 0.6818180084228516 0.39365100860595703
vt 0.6363639831542969 0.4723820090293884
vt 0.5909090042114258 0.39365100860595703
vt 0.6363639831542969 0.31492099165916443
vt 0.6818180084228516 0.39365100860595703
vt 0.6363639831542969 0.31492099165916443
vt 0.7272729873657227 0.31492099165916443
vt 0.6818180084228516 0.39365100860595703
vt 0.7727270126342773 0.39365100860595703
vt 0.8636360168457031 0.39365100860595703
vt 0.8181819915771484 0.4723820090293884
vt 0.7727270126342773 0.39365100860595703
vt 0.8181819915771484 0.31492099165916443
vt 0.8636360168457031 0.39365100860595703
vt 0.8181819915771484 0.31492099165916443
vt 0.9090909957885742 0.31492099165916443
vt 0.8636360168457031 0.39365100860595703
vt 0.045455001294612885 0.39365100860595703
vt 0.13636499643325806 0.39365100860595703
vt 0.09091000258922577 0.4723820090293884
vt 0.045455001294612885 0.39365100860595703
vt 0.09091000258922577 0.31492099165916443
vt 0.13636499643325806 0.39365100860595703
vt 0.09091000258922577 0.31492099165916443
vt 0.18181900680065155 0.31492099165916443
vt 0.13636499643325806 0.39365100860595703
vt 0.22727300226688385 0.39365100860595703
vt 0.31818199157714844 0.39365100860595703
vt 0.27272799611091614 0.4723820090293884
vt 0.22727300226688385 0.39365100860595703
vt 0.27272799611091614 0.31492099165916443
vt 0.31818199157714844 0.39365100860595703
vt 0.27272799611091614 0.31492099165916443
vt 0.3636370003223419 0.31492099165916443
vt 0.31818199157714844 0.39365100860595703
vt 0.4090920090675354 0.2361910045146942
vt 0.4545460045337677 0.31492099165916443
vt 0.3636370003223419 0.31492099165916443
vt 0.4090920090675354 0.2361910045146942
vt 0.5 0.2361910045146942
vt 0.4545460045337677 0.31492099165916443
vt 0.5 0.2361910045146942
vt 0.5454549789428711 0.31492099165916443
vt 0.4545460045337677 0.31492099165916443
vt 0.5909090042114258 0.2361910045146942
vt 0.6363639831542969 0.31492099165916443
vt 0.5454549789428711 0.31492099165916443
vt 0.5909090042114258 0.2361910045146942
vt 0.6818180084228516 0.2361910045146942
vt 0.6363639831542969 0.31492099165916443
vt 0.6818180084228516 0.2361910045146942
vt 0.7272729873657227 0.31492099165916443
vt 0.6363639831542969 0.31492099165916443
vt 0.7727270126342773 0.2361910045146942
vt 0.8181819915771484 0.31492099165916443
vt 0.7272729873657227 0.31492099165916443
vt 0.7727270126342773 0.2361910045146942
vt 0.8636360168457031 0.2361910045146942
vt 0.8181819915771484 0.31492099165916443
vt 0.8636360168457031 0.2361910045146942
vt 0.9090909957885742 0.31492099165916443
vt 0.8181819915771484 0.31492099165916443
vt 0.045455001294612885 0.2361910045146942
vt 0.09091000258922577 0.31492099165916443
vt 0 0.31492099165916443
vt 0.045455001294612885 0.2361910045146942
vt 0.13636499643325806 0.2361910045146942
vt 0.09091000258922577 0.31492099165916443
vt 0.13636499643325806 0.2361910045146942
vt 0.18181900680065155 0.31492099165916443
vt 0.09091000258922577 0.31492099165916443
vt 0.22727300226688385 0.2361910045146942
vt 0.27272799611091614 0.31492099165916443
vt 0.18181900680065155 0.31492099165916443
vt 0.22727300226688385 0.2361910045146942
vt 0.31818199157714844 0.2361910045146942
vt 0.27272799611091614 0.31492099165916443
vt 0.31818199157714844 0.2361910045146942
vt 0.3636370003223419 0.31492099165916443
vt 0.27272799611091614 0.31492099165916443
vt 0.5 0.2361910045146942
vt 0.5909090042114258 0.2361910045146942
vt 0.5454549789428711 0.31492099165916443
vt 0.5 0.2361910045146942
vt 0.5454549789428711 0.1574610024690628
vt 0.5909090042114258 0.2361910045146942
vt 0.5454549789428711 0.1574610024690628
vt 0.6363639831542969 0.1574610024690628
vt 0.5909090042114258 0.2361910045146942
vt 0.6818180084228516 0.2361910045146942
vt 0.7727270126342773 0.2361910045146942
vt 0.7272729873657227 0.31492099165916443
vt 0.6818180084228516 0.2361910045146942
vt 0.7272729873657227 0.1574610024690628
vt 0.7727270126342773 0.2361910045146942
vt 0.7272729873657227 0.1574610024690628
vt 0.8181819915771484 0.1574610024690628
vt 0.7727270126342773 0.2361910045146942
vt 0.8636360168457031 0.2361910045146942
vt 0.9545450210571289 0.2361910045146942
vt 0.9090909957885742 0.31492099165916443
vt 0.8636360168457031 0.2361910045146942
vt 0.9090909957885742 0.1574610024690628
vt 0.9545450210571289 0.2361910045146942
vt 0.9090909957885742 0.1574610024690628
vt 1 0.1574610024690628
vt 0.9545450210571289 0.2361910045146942
vt 0.13636499643325806 0.2361910045146942
vt 0.22727300226688385 0.2361910045146942
vt 0.18181900680065155 0.31492099165916443
vt 0.13636499643325806 0.2361910045146942
vt 0.18181900680065155 0.1574610024690628
vt 0.22727300226688385 0.2361910045146942
vt 0.18181900680065155 0.1574610024690628
vt 0.27272799611091614 0.1574610024690628
vt 0.22727300226688385 0.2361910045146942
vt 0.31818199157714844 0.2361910045146942
vt 0.4090920090675354 0.2361910045146942
vt 0.3636370003223419 0.31492099165916443
vt 0.31818199157714844 0.2361910045146942
vt 0.3636370003223419 0.1574610024690628
vt 0.4090920090675354 0.2361910045146942
vt 0.3636370003223419 0.1574610024690628
vt 0.4545460045337677 0.1574610024690628
vt 0.4090920090675354 0.2361910045146942
vt 0.5 0.0787310004234314
vt 0.5454549789428711 0.1574610024690628
vt 0.4545460045337677 0.1574610024690628
vt 0.5 0.0787310004234314
vt 0.5909090042114258 0.0787310004234314
vt 0.5454549789428711 0.1574610024690628
vt 0.5909090042114258 0.0787310004234314
vt 0.6363639831542969 0.1574610024690628
vt 0.5454549789428711 0.1574610024690628
vt 0.6818180084228516 0.0787310004234314
vt 0.7272729873657227 0.1574610024690628
vt 0.6363639831542969 0.1574610024690628
vt 0.6818180084228516 0.0787310004234314
vt 0.7727270126342773 0.0787310004234314
vt 0.7272729873657227 0.1574610024690628
vt 0.7727270126342773 0.0787310004234314
vt 0.8181819915771484 0.1574610024690628
vt 0.7272729873657227 0.1574610024690628
vt 0.8636360168457031 0.0787310004234314
vt 0.9090909957885742 0.1574610024690628
vt 0.8181819915771484 0.1574610024690628
vt 0.8636360168457031 0.0787310004234314
vt 0.9545450210571289 0.0787310004234314
vt 0.9090909957885742 0.1574610024690628
vt 0.9545450210571289 0.0787310004234314
vt 1 0.1574610024690628
vt 0.9090909957885742 0.1574610024690628
vt 0.3636370003223419 0.1574610024690628
vt 0.4090920090675354 0.0787310004234314
vt 0.4545460045337677 0.1574610024690628
vt 0.3636370003223419 0.1574610024690628
vt 0.31818199157714844 0.0787310004234314
vt 0.4090920090675354 0.0787310004234314
vt 0.31818199157714844 0.0787310004234314
vt 0.3636370003223419 0
vt 0.4090920090675354 0.0787310004234314
vt 0.13636499643325806 0.0787310004234314
vt 0.18181900680065155 0.1574610024690628
vt 0.09091000258922577 0.1574610024690628
vt 0.13636499643325806 0.0787310004234314
vt 0.22727300226688385 0.0787310004234314
vt 0.18181900680065155 0.1574610024690628
vt 0.22727300226688385 0.0787310004234314
vt 0.27272799611091614 0.1574610024690628
vt 0.18181900680065155 0.1574610024690628
vt 0.7291679978370667 0.3182089924812317
vt 0.6089320182800293 0.4441640079021454
vt 0.5217459797859192 0.3241640031337738
vt 0.5217459797859192 0.3241640031337738
vt 0.5217459797859192 0.1758359968662262
vt 0.6089320182800293 0.05583599954843521
vt 0.6089320182800293 0.05583599954843521
vt 0.75 0.009999999776482582
vt 0.8910679817199707 0.05583599954843521
vt 0.8910679817199707 0.05583599954843521
vt 0.9782540202140808 0.1758359968662262
vt 0.9782540202140808 0.3241640031337738
vt 0.9782540202140808 0.3241640031337738
vt 0.8910679817199707 0.4441640079021454
vt 0.75 0.49000000953674316
vt 0.7291679978370667 0.3182089924812317
vt 0.5217459797859192 0.3241640031337738
vt 0.6089320182800293 0.05583599954843521
vt 0.9782540202140808 0.3241640031337738
vt 0.75 0.49000000953674316
vt 0.7291679978370667 0.3182089924812317
vt 0.6089320182800293 0.05583599954843521
vt 0.8910679817199707 0.05583599954843521
vt 0.9782540202140808 0.3241640031337738
vt 0.6089320182800293 0.05583599954843521
vt 0.9782540202140808 0.3241640031337738
vt 0.7291679978370667 0.3182089924812317
vt 0.5217459797859192 0.3241640031337738
vt 0.6089320182800293 0.4441640079021454
vt 0.7291679978370667 0.3182089924812317
vt 0.7291679978370667 0.3182089924812317
vt 0.75 0.49000000953674316
vt 0.8910679817199707 0.4441640079021454
vt 0.8910679817199707 0.4441640079021454
vt 0.9782540202140808 0.3241640031337738
vt 0.9782540202140808 0.1758359968662262
vt 0.9782540202140808 0.1758359968662262
vt 0.8910679817199707 0.05583599954843521
vt 0.75 0.009999999776482582
vt 0.75 0.009999999776482582
vt 0.6089320182800293 0.05583599954843521
vt 0.5217459797859192 0.1758359968662262
vt 0.5217459797859192 0.1758359968662262
vt 0.5217459797859192 0.3241640031337738
vt 0.7291679978370667 0.3182089924812317
vt 0.7291679978370667 0.3182089924812317
vt 0.8910679817199707 0.4441640079021454
vt 0.9782540202140808 0.1758359968662262
vt 0.9782540202140808 0.1758359968662262
vt 0.75 0.009999999776482582
vt 0.5217459797859192 0.1758359968662262
vt 0.7291679978370667 0.3182089924812317
vt 0.9782540202140808 0.1758359968662262
vt 0.5217459797859192 0.1758359968662262
vt 0.75 0.49000000953674316
vt 0.8910679817199707 0.4441640079021454
vt 0.8910679817199707 0.4441640079021454
vt 0.75 0.49000000953674316
vt 0.8910679817199707 0.4441640079021454
vt 0.75 0.49000000953674316
vt 0.5217459797859192 0.1758359968662262
vt 0.5217459797859192 0.3241640031337738
vt 0.5217459797859192 0.3241640031337738
vt 0.5217459797859192 0.1758359968662262
vt 0.5217459797859192 0.3241640031337738
vt 0.5217459797859192 0.1758359968662262
vt 0.8910679817199707 0.05583599954843521
vt 0.75 0.009999999776482582
vt 0.75 0.009999999776482582
vt 0.8910679817199707 0.05583599954843521
vt 0.75 0.009999999776482582
vt 0.8910679817199707 0.05583599954843521
vt 0.8910679817199707 0.4441640079021454
vt 0.9782540202140808 0.3241640031337738
vt 0.9782540202140808 0.3241640031337738
vt 0.8910679817199707 0.4441640079021454
vt 0.9782540202140808 0.3241640031337738
vt 0.8910679817199707 0.4441640079021454
vt 0.5217459797859192 0.3241640031337738
vt 0.6089320182800293 0.4441640079021454
vt 0.6089320182800293 0.4441640079021454
vt 0.5217459797859192 0.3241640031337738
vt 0.6089320182800293 0.4441640079021454
vt 0.5217459797859192 0.3241640031337738
vt 0.75 0.009999999776482582
vt 0.6089320182800293 0.05583599954843521
vt 0.6089320182800293 0.05583599954843521
vt 0.75 0.009999999776482582
vt 0.6089320182800293 0.05583599954843521
vt 0.75 0.009999999776482582
vt 0.9782540202140808 0.3241640031337738
vt 0.9782540202140808 0.1758359968662262
vt 0.9782540202140808 0.1758359968662262
vt 0.9782540202140808 0.3241640031337738
vt 0.9782540202140808 0.1758359968662262
vt 0.9782540202140808 0.3241640031337738
vt 0.6089320182800293 0.4441640079021454
vt 0.7291679978370667 0.3182089924812317
vt 0.7291679978370667 0.3182089924812317
vt 0.6089320182800293 0.4441640079021454
vt 0.7291679978370667 0.3182089924812317
vt 0.6089320182800293 0.4441640079021454
vt 0.6089320182800293 0.05583599954843521
vt 0.5217459797859192 0.1758359968662262
vt 0.5217459797859192 0.1758359968662262
vt 0.6089320182800293 0.05583599954843521
vt 0.5217459797859192 0.1758359968662262
vt 0.6089320182800293 0.05583599954843521
vt 0.9782540202140808 0.1758359968662262
vt 0.8910679817199707 0.05583599954843521
vt 0.8910679817199707 0.05583599954843521
vt 0.9782540202140808 0.1758359968662262
vt 0.8910679817199707 0.05583599954843521
vt 0.9782540202140808 0.1758359968662262
vt 0.7291679978370667 0.3182089924812317
vt 0.75 0.49000000953674316
vt 0.75 0.49000000953674316
vt 0.7291679978370667 0.3182089924812317
vt 0.75 0.49000000953674316
vt 0.7291679978370667 0.3182089924812317
vn -0.48981659285608287 0.7214244521700989 0.4895165627166574
vn -0.5230686362018412 0.7152571106160975 0.4634721863661914
vn -0.4539012197343493 0.7061018698709739 0.5435014554611459
vn -0.5781953978944511 0.7117943351004041 0.39879682342347067
vn -0.5344121307493451 0.7152162602066143 0.4504102303944809
vn -0.5229122395585037 0.7152167677887847 0.46371086335525236
vn -0.5317916946640435 0.7574882024644146 0.378694093713613
vn -0.5334191455862624 0.7579272045123344 0.37551347217129244
vn -0.5317916946640435 0.7574882024644146 0.378694093713613
vn -0.5401969349521304 0.7597957128157717 0.3617979356700325
vn -0.5401969349521304 0.7597957128157717 0.3617979356700325
vn -0.5383996480858741 0.759299505149377 0.36549976801759826
vn -0.4693007560211134 0.8494013488620638 0.24140039136115324
vn -0.45861220941436326 0.8500226268100916 0.25910688004556726
vn -0.48440383195210407 0.8426066463389003 0.2353018638592334
vn -0.4311065867676051 0.8527130019212105 0.2950044867457154
vn -0.4432722460052803 0.8507466943091081 0.2823823260113123
vn -0.4589958135962995 0.850092243216102 0.25819763965785336
vn -0.33930578507836934 0.925515737412923 0.16820286565146467
vn -0.3244077226671853 0.9268220539219314 0.1891044944939781
vn -0.36871296058335395 0.915032191438745 0.1636057496809506
vn -0.27380142555416 0.9300048979982544 0.24520128275310119
vn -0.2964920764739389 0.9282752238380189 0.2244940030304778
vn -0.32539394573244357 0.9267827835704824 0.18759651424805293
vn -0.2544036762837721 0.9472136326917244 0.19510280248179143
vn -0.23769044752020443 0.9451620395513518 0.22399100461575258
vn -0.2757038787182922 0.9397132178059354 0.2023028411577644
vn -0.1946931924709789 0.9383671472610815 0.2855900168888231
vn -0.20069133314135074 0.9418593410012673 0.26948834960087986
vn -0.2368080592751153 0.9453321551741507 0.22420762577608555
vn -0.15050049298778856 0.6982022766938683 0.6999022663414739
vn -0.15719490173801925 0.7120769627862872 0.6842778397234788
vn -0.14030016385702218 0.7042008233306124 0.6960007646850542
vn -0.1580034219101759 0.7151154448475171 0.6809146930454745
vn -0.15989470947765771 0.7137764194818924 0.6818774852366554
vn -0.15319553593442717 0.7092793110088347 0.6880799275844315
vn -0.5482231162306711 0.6998295089561332 0.4579192868012327
vn -0.5482231162306711 0.6998295089561332 0.4579192868012327
vn -0.5482231162306711 0.6998295089561332 0.4579192868012327
vn -0.5557235103986922 0.7001296191397003 0.4483189672470403
vn -0.5557235103986922 0.7001296191397003 0.4483189672470403
vn -0.5557235103986922 0.7001296191397003 0.4483189672470403
vn -0.10509633563417736 0.7182749518672258 0.6877760200504253
vn -0.10779995794815468 0.7166997417572895 0.6889997454509041
vn -0.08830099005016075 0.7115079895745049 0.6971078223114469
vn -0.11549771679344735 0.7161858170110671 0.6882863887421361
vn -0.09780489148962264 0.7103355432348348 0.6970348766152059
vn -0.09609891420841077 0.711491931396819 0.6960921133335649
vn -0.46702358108967856 0.7070357054671081 0.5310268222046802
vn -0.4583033566231322 0.7034051760743215 0.5433039587374849
vn -0.47250181984853734 0.7152027669902903 0.515001973131417
vn -0.4431069273571717 0.6905108077549734 0.571708907838299
vn -0.44628876746221047 0.7005823953181416 0.556785994262927
vn -0.459298960465326 0.7052983596806562 0.5399987858757153
vn -0.09170296269391559 0.9406303412221366 0.32681053808817895
vn -0.09349685244377234 0.9473680482657432 0.30618967929743146
vn -0.09170296269391559 0.9406303412221366 0.32681053808817895
vn -0.09869881446099783 0.9645884223342946 0.24459705542510085
vn -0.09869881446099783 0.9645884223342946 0.24459705542510085
vn -0.09399699621044795 0.9477697259474381 0.30479027425580807
vn -0.0015999412797688766 0.9345657192673701 0.3557869538897744
vn -0.01470062386640122 0.9482402176696068 0.31721346322600363
vn 0.004299905372026162 0.9297794807403676 0.3680918744117614
vn -0.041799569620010676 0.9712900105038987 0.23419759066847476
vn -0.04860110319403164 0.9679219609628096 0.24650559882938233
vn -0.015000101984633286 0.9487064821699419 0.31580216533327327
vn -0.001900089751737248 0.8765413996043372 0.48132272379205715
vn -0.015000676430747597 0.8855399655840616 0.46432095479312474
vn 0.007900037931784626 0.8650042045958547 0.5017024172078195
vn -0.04240002129076257 0.9081004916389757 0.416600210369118
vn -0.03900100240898114 0.8981230836509831 0.4380112423492618
vn -0.013899632894610207 0.8845766419571418 0.4661876925758781
vn -0.061602085483790286 0.7888267104449852 0.6115207305992097
vn -0.061602085483790286 0.7888267104449852 0.6115207305992097
vn -0.061602085483790286 0.7888267104449852 0.6115207305992097
vn -0.0615024626970788 0.7888315659483905 0.6115244947224964
vn -0.0615024626970788 0.7888315659483905 0.6115244947224964
vn -0.0615024626970788 0.7888315659483905 0.6115244947224964
vn -0.1096003465562825 0.7274023043559141 0.6774021343725225
vn -0.10140390957628508 0.724827915746564 0.6814262540269024
vn -0.13339537212682837 0.7282747466547376 0.6721767387228768
vn -0.07839662723439994 0.73586831771428 0.6725710280874623
vn -0.0980056685855937 0.7243419413138827 0.6824394778870334
vn -0.1015001982771267 0.7254014089279985 0.6808013702064492
vn -0.41309403898036257 0.9098868705619998 -0.03819944682559603
vn -0.4177171375098935 0.9068371924371919 -0.056202308165876534
vn -0.4152929548174891 0.9095845634448244 -0.013699767218726287
vn -0.4207915041796448 0.9025817662359578 -0.09099816079795753
vn -0.41849758780682617 0.9057947505724327 -0.06629961414135126
vn -0.41779462707513504 0.9066883347939896 -0.05799925116457056
vn -0.6002714177600337 0.794762121922834 0.08959572856488902
vn -0.5962169022037612 0.802822773387576 0.00100002841530359
vn -0.6056048081712125 0.7872062247910638 0.11640092770296134
vn -0.5793096185229327 0.8078134264307092 -0.10880181048627548
vn -0.5885036648372793 0.8043049876377577 -0.08220050689696176
vn -0.5959924985677726 0.8029898453014374 0.0004999937173997221
vn -0.6387776917000545 0.7668731911270346 -0.062197824053490114
vn -0.6420160430723034 0.7662191294073124 -0.0269006722607918
vn -0.648507800334463 0.7577091103290964 -0.07290087125436458
vn -0.6453975315459098 0.763197080572758 0.03149988062938351
vn -0.643503372959185 0.7653040224158741 0.014600077542104236
vn -0.6420967053715283 0.7661961026144449 -0.025599868934501436
vn -0.5038257916459461 0.8627441937050603 -0.04280219504349404
vn -0.5022139162068655 0.8647239678103229 -0.005800160561152381
vn -0.5295257635354931 0.8465411548948127 -0.054502649674209376
vn -0.4963962243900755 0.8648934168544947 0.074499435521588
vn -0.4974038056935275 0.8665066745232577 0.04190032324745115
vn -0.5021007214270883 0.8648012346791312 -0.003700005384815632
vn -0.4752940351443092 0.8774889594033524 0.0640991909579362
vn -0.4734913713547623 0.8767839979168234 0.0839984657572885
vn -0.4937172378611115 0.867830301246086 0.05580194690082524
vn -0.4665803804255879 0.8723633015528036 0.14589386109705213
vn -0.46749812792985124 0.8752964828693095 0.12369950468252117
vn -0.4730065666953238 0.8768121919117445 0.0864012035681454
vn -0.290699070354398 0.9031971177374116 0.31579901362404716
vn -0.2808015783725686 0.9165050758846979 0.28490159610128246
vn -0.28290643883415034 0.9026205158395295 0.3244073847059603
vn -0.26390843089623406 0.9361298702050423 0.232407414278844
vn -0.2684027556144561 0.9323094966277947 0.24240248199264539
vn -0.2807120724743603 0.9168394583552935 0.283912204686452
vn -0.5606004647646783 0.8246006903318758 0.07590006857586278
vn -0.5608936908919714 0.8249907481615996 0.06919922662390175
vn -0.5606004647646783 0.8246006903318758 0.07590006857586278
vn -0.5611843141533456 0.8254769048817033 0.06049830621730159
vn -0.5611843141533456 0.8254769048817033 0.06049830621730159
vn -0.5610962771715017 0.8251945371914716 0.06499956564188909
vn -0.3210989310789536 0.8379972188355227 0.4411985241179785
vn -0.35090598550656293 0.8525145767192815 0.3874066156079581
vn -0.3020908470070492 0.7927759818244862 0.5293839464857106
vn -0.3926083914259808 0.8879189730258176 0.23970512786063086
vn -0.37408993112986333 0.8640767229930941 0.33679094436871343
vn -0.3508923917758818 0.8524815511966735 0.3874915925063594
vn -0.3845023991553963 0.9210057579804518 -0.06250039048355936
vn -0.3925011007241685 0.9195025412437923 -0.021400060199084248
vn -0.38110167802453987 0.9214040701460582 -0.07600033240162665
vn -0.40600430912626645 0.912609693072822 0.048000511251786844
vn -0.40070066102928825 0.9155014888601204 0.03600005757765569
vn -0.39278925675832943 0.9193748230616928 -0.02159940961045685
vn -0.41607589923990457 0.8789491056719659 0.23308649834376044
vn -0.41351754283509845 0.8827374513794243 0.2231094657332611
vn -0.41970699970356323 0.8737146010053763 0.2459041081190978
vn -0.40201268292215725 0.896728292756911 0.18510583928932295
vn -0.4113902098279096 0.8908788358578618 0.1925954181134366
vn -0.41441719782609454 0.8820366085155996 0.2242092937062746
vn -0.3591883660742702 0.8795714977255812 0.3119899005828139
vn -0.35819212110831933 0.8899803755591273 0.28219379067505695
vn -0.36029125915179666 0.8651789826767695 0.3487915373302553
vn -0.3483922414220019 0.9175795504148403 0.19149573044183743
vn -0.3658176069208951 0.9038435295772654 0.22191068588055932
vn -0.3580948280116179 0.8899871388966818 0.28229592053345054
vn -0.44830211586446317 0.7942037444775605 0.41020193218616985
vn -0.4504793750853616 0.8004633066374824 0.395381875342927
vn -0.4502997838397404 0.7817995827740772 0.43129979949932934
vn -0.4491080135422053 0.821214688700043 0.3520062886305666
vn -0.4561167007908268 0.8090296610231493 0.3707135859992985
vn -0.4506966021695053 0.7989939748389335 0.39809697432151403
vn -0.4065991596572277 0.8580982267810016 0.31359935676167644
vn -0.4082078972930402 0.8434163272394878 0.3493067584995288
vn -0.4144191295833595 0.8625398032295155 0.29031340458228866
vn -0.40100204180818044 0.819604173439979 0.40920210330036083
vn -0.40882659590563897 0.8261537246569243 0.3877252090278611
vn -0.40817584164564974 0.8436500680797117 0.3487793642490382
vn -0.23650412282111916 0.8903155150059335 0.38910677664149285
vn -0.22510921466228584 0.8821361123231776 0.4137169573627349
vn -0.28709798526260993 0.9026937122534839 0.32049775149940496
vn -0.13780206089579522 0.8865133032047053 0.4417066393591494
vn -0.21919405830360947 0.8755762454301742 0.4304883311342983
vn -0.22479767437440096 0.8819908827283469 0.41419571265276534
vn -0.1795960961346207 0.8886806893266316 -0.4218908326464882
vn -0.141005756655396 0.877635827962696 -0.4581186855676948
vn -0.24589333811905037 0.886675933814534 -0.3915893954932829
vn -0.06100161463949481 0.8594227125764262 -0.50761343965576
vn -0.1234021989663764 0.8743155636671918 -0.4694083429377707
vn -0.1396991680163186 0.8775948158183778 -0.4585972979687692
vn -0.3308119676476394 0.732226522933934 -0.595321561152608
vn -0.3435108271423483 0.730023053549826 -0.5908186294640408
vn -0.320687475186206 0.7313714716982951 -0.6018764936800296
vn -0.3656071162780919 0.7281141941603398 -0.5798113113669451
vn -0.355392738324875 0.7279851185376831 -0.5862880424617428
vn -0.34200588402822957 0.730412575908215 -0.5912101523529474
vn -0.3494100179885409 0.7420212293301994 -0.5721163645208437
vn -0.3586012535420143 0.7411026232998353 -0.5676020108281845
vn -0.3423006203300353 0.7385013421184755 -0.5809010698999303
vn -0.38059226374345 0.7408849096940499 -0.5533887235626291
vn -0.3714143982393358 0.7400287001271867 -0.5607217382700431
vn -0.35801106819206835 0.7412228645040645 -0.5678175236714373
vn -0.28330500906027867 0.8334147101736398 -0.47450836948102765
vn -0.30400972372039725 0.8335267147258923 -0.46131475558636614
vn -0.27059063705759595 0.8145718319778461 -0.5130822913383585
vn -0.3678107947602695 0.8368245449786105 -0.4055118989365919
vn -0.33771143586358937 0.8332281702760951 -0.43781480370734793
vn -0.3019036811403299 0.8334101746234465 -0.46290565793478294
vn -0.3505849209176999 0.8438637191894692 -0.4061825164391576
vn -0.36812663137235646 0.8420609533933372 -0.39422853022675225
vn -0.35149608355214074 0.8330907276659649 -0.42709523847088204
vn -0.4172933693805441 0.834686753769207 -0.35939430567728226
vn -0.3975814493379579 0.838960852029045 -0.3715826690051992
vn -0.36838596927445016 0.8419679224657652 -0.3941849758430767
vn -0.43331402778230554 0.8945289996984238 -0.10980356107892268
vn -0.401782630504991 0.9088607164878821 -0.11199515993838084
vn -0.4325087828641569 0.8964181683137592 -0.09680196414520871
vn -0.36541450788778146 0.9234366817294791 -0.11720465972639099
vn -0.36998838873649836 0.9213710835269929 -0.1190962578776719
vn -0.4026966920092188 0.908492537130112 -0.11169907888485235
vn -0.3685151748804715 0.7371303704751262 -0.5664233247369133
vn -0.3466146573833494 0.7362311165139259 -0.5812245885745727
vn -0.3877867199054666 0.7336748368166581 -0.5579809079950758
vn -0.30880916706021244 0.7369218192960426 -0.6013178282613852
vn -0.3286015092393555 0.7359033884864075 -0.5920027457198501
vn -0.3451957322975694 0.7362908840633967 -0.5819928182105741
vn -0.5440149733558105 0.7918217730335517 -0.27760761609631573
vn -0.5187029058347892 0.7963044494197442 -0.3112017341096672
vn -0.5924098834863563 0.7687128097788624 -0.24110401495945294
vn -0.441815664590485 0.8135288339806992 -0.37811341526646747
vn -0.49339307247107156 0.8006887545791318 -0.33979522411016144
vn -0.5179132446709458 0.7966203715135056 -0.31170796378035875
vn -0.1456003511008571 0.9065021305624281 -0.39630092738358047
vn -0.1943965460970824 0.9037839640702623 -0.3812932325061219
vn -0.14140289575034246 0.9064186224881776 -0.39800816810720396
vn -0.2637956564188933 0.8956852461392308 -0.3579941221626841
vn -0.2596017311573011 0.8971059074999685 -0.3575023523122477
vn -0.1954086673207587 0.9036400600703273 -0.38111690407540355
vn -0.46738833170270844 0.840878985552553 -0.2728931641581895
vn -0.4596057802334317 0.8443105876412182 -0.27550346345002474
vn -0.4842049371655369 0.8326084858492033 -0.26890274843596423
vn -0.41888122194000027 0.862061333040668 -0.28528718860509455
vn -0.43330850570272145 0.8536168040314442 -0.28910567403774295
vn -0.4611113858149075 0.8435208243632784 -0.275406805902379
vn -0.5136747901920228 0.8379588610152721 -0.18429095790941352
vn -0.4861030635500593 0.8511054120741592 -0.19830125855708203
vn -0.5423168243694303 0.8232255478762257 -0.1679052093585685
vn -0.4059231388741997 0.8836503640484673 -0.2332132917385468
vn -0.43709158223358385 0.8682833122354993 -0.23459547828952876
vn -0.4854917046873543 0.851385456815839 -0.19859659766031254
vn -0.6067955432371243 0.7592943919835421 -0.23509826670970244
vn -0.6048205956711679 0.7600258890035764 -0.23780810561521457
vn -0.6157976196512847 0.753097038669652 -0.23159909753453745
vn -0.5942689550579205 0.7664599919264159 -0.2436872787621988
vn -0.6028964885347943 0.7602955168335986 -0.2417985756681496
vn -0.6074029424201262 0.7584036967720994 -0.23640113845281385
vn -0.5300055930298928 0.7400078586197029 -0.41410438362581187
vn -0.6082805702447727 0.6948778139558232 -0.3835877624933706
vn -0.4952106207832501 0.7472160254474147 -0.4432094903970772
vn -0.721226866526419 0.6167229763807411 -0.31541175850713404
vn -0.6922810970621792 0.6352826141968346 -0.34229064075668386
vn -0.6078153165151684 0.6952175371706558 -0.3837096780378797
vn -0.421602258288345 0.904004796556784 -0.0709003780560801
vn -0.4240108242892165 0.9031230796232116 -0.06770172772880746
vn -0.417708131762439 0.9047176097712264 -0.08370163217866043
vn -0.42059143009663547 0.9055815657297716 -0.05499887944024512
vn -0.4236824284103739 0.9032625155982921 -0.06789718529757705
vn -0.422383375597111 0.9037644447082451 -0.06929727628404472
vn 0.09020093347164379 0.9106094352317131 0.4033041632165781
vn 0.06099983965719591 0.8987976427905288 0.43409885610997145
vn 0.14370591887032358 0.9152376682023681 0.37641548797190605
vn -0.0002000055707428995 0.8786244958046605 0.4775133038667906
vn 0.04829882763129235 0.8948782695490284 0.44368919970896226
vn 0.06049923462938238 0.8986886344926142 0.43439449909392236
vn 0.4828949880866955 0.7262924725742297 0.4891949251195908
vn 0.47830358695490055 0.7279054791199712 0.4913036659472441
vn 0.48707416737139586 0.7252615411369131 0.486574200330403
vn 0.48070105248822903 0.7270016106939712 0.4903010872770734
vn 0.48470128247977995 0.7240019012372143 0.4908012976422897
vn 0.48528533429803866 0.7253780428172493 0.4881852510204068
vn 0.3761767498731635 0.8080500628485829 0.45337197617989616
vn 0.3729959901286746 0.8062913252293844 0.45909507752509465
vn 0.3956149522929245 0.8037303654024026 0.4444168192726146
vn 0.3536057212418085 0.8075130806671115 0.47210763439767806
vn 0.3719954944432065 0.8020902689410702 0.4671943413441519
vn 0.3799098649446355 0.8053208908358084 0.45511180747281094
vn 0.2800079256248952 0.8682245755028073 0.40961158196541936
vn 0.3011064608918265 0.8690187051959786 0.39260844263553996
vn 0.2762941577517103 0.8514819298518783 0.4456905445799745
vn 0.35870360535319634 0.8721087437288313 0.3328033392535867
vn 0.3337054656621948 0.8698142147763291 0.3634059630223696
vn 0.3006019516282251 0.8691056395480155 0.39280256361579036
vn 0.3412063875679812 0.8795164521311086 0.331706212654385
vn 0.3562024033627435 0.8783059136157818 0.31890213223832786
vn 0.34508819509535876 0.8702702607347518 0.35148799536612146
vn 0.40261425262610656 0.8721308900880763 0.2780098453949096
vn 0.385313758642397 0.8755312627857323 0.29151040339186823
vn 0.3581777042071881 0.8779453373416007 0.3176802116106871
vn 0.3644004272914487 0.9282010964611284 0.07520008722181494
vn 0.3417962913699956 0.9361898530293848 0.08199911152284442
vn 0.36678493604233803 0.9279618358338609 0.06599728727962016
vn 0.30399495778105134 0.9480842758834839 0.09339845537366676
vn 0.312911629846175 0.9453350974140028 0.09180340682277685
vn 0.34179067944908814 0.936174481816934 0.08219775566599245
vn 0.23790220391938874 0.8425077629332629 0.4833044700470776
vn 0.2695110367598615 0.8444346087267245 0.46291899145441023
vn 0.20759258085698326 0.8318702803293663 0.514681607479691
vn 0.3214050207702568 0.8526133325568462 0.4120064535537999
vn 0.2925091854099831 0.8449265754969248 0.44781408918191434
vn 0.26940802156212534 0.8445251489943393 0.46281377532877144
vn 0.5017942415214758 0.8567901862685945 0.11879863589163928
vn 0.49469181490922276 0.8589857892034735 0.13199781137695074
vn 0.5215157390640488 0.8473255788128904 0.10030302785997591
vn 0.46839994322765927 0.8681998960424854 0.16379998075745697
vn 0.4874790051398353 0.8612628774744614 0.1434938167040222
vn 0.49460973820240095 0.8590169435495 0.1321026024354836
vn 0.09810177423863217 0.9167165931186322 0.3873070226476672
vn 0.15819844333018565 0.917191028357919 0.3656964178490802
vn 0.09480277755664478 0.9164268372962351 0.38881137489889045
vn 0.24121222364741535 0.9115461703575602 0.3330168801570497
vn 0.23768860876138556 0.9125562449707727 0.33278405164598873
vn 0.1586029455820923 0.9171170304335527 0.3657067925831098
vn 0.4477778509782586 0.874756736779315 0.18519084111396153
vn 0.4368979159635631 0.8794957970502356 0.18869910968964898
vn 0.45429040044997715 0.8719815794687964 0.18239615436215403
vn 0.40011770747830555 0.8944396008007414 0.19970883976858764
vn 0.40591502029284254 0.8910329408441945 0.20320751617793895
vn 0.435010941742536 0.8803221231488825 0.18920475696693184
vn 0.4737960760945053 0.8755927223104379 0.09409921845820912
vn 0.4498068062253353 0.8863134100068136 0.1101016635453687
vn 0.5046716044734009 0.8601515825401088 0.07379584467969552
vn 0.3715015041648472 0.9155037278225012 0.15440063713067953
vn 0.4065011813643781 0.9011025727440823 0.15090044050088303
vn 0.4502803452939152 0.8860613018101351 0.110195190804868
vn 0.5587271144986308 0.8182396638458441 0.13530655576679948
vn 0.5591157094148477 0.818123002909117 0.1344037782076855
vn 0.5484943623472522 0.8235915268189998 0.14439851600771283
vn 0.5626104880847705 0.8168152011156752 0.12760237428580654
vn 0.5524123339101974 0.8223183875857207 0.13650305045056363
vn 0.5514293139860776 0.8227437520348716 0.13790732454958785
vn 0.6280920188144502 0.7281907908028082 0.27429653313807895
vn 0.6604204900785113 0.704921925493279 0.25870805020970383
vn 0.6280920188144502 0.7281907908028082 0.27429653313807895
vn 0.6991186044527913 0.6740179443696137 0.23860634437445635
vn 0.6991186044527913 0.6740179443696137 0.23860634437445635
vn 0.6618234032526163 0.7038248825013326 0.25810911971317524
vn 0.3535112781373553 0.9354298296388003 0.0009000286764733898
vn 0.3597104209688022 0.933027073055603 -0.008300240462904456
vn 0.3424031085008505 0.9388084607757796 0.037400337762730544
vn 0.34709848871286997 0.9367959521142265 -0.043999809495516275
vn 0.360591323305719 0.9326775497006432 -0.009299776397026564
vn 0.35708408695835114 0.9340583210692707 -0.005099772776871766
vn -0.2330944409770655 0.8676792986298395 0.4390895310922583
vn -0.3021007441350876 0.8564021146210314 0.4187010370964609
vn -0.14519835073323192 0.8582902262030577 0.4921943991439293
vn -0.4192056351500038 0.8347112026607408 0.35710480760015156
vn -0.3282069415796391 0.8525180198940555 0.40680859043886725
vn -0.3021133945381291 0.8564379762735623 0.41861854908388085
vn -0.3483947881267907 0.8299875746900103 0.4355935002571588
vn -0.3123077133145795 0.8282204468473461 0.4653114909694374
vn -0.37318671299596595 0.8239706656340684 0.42638482550135004
vn -0.24730302794276662 0.8260100920980463 0.5065062093622508
vn -0.27210170420383506 0.8244051663002917 0.4963031174058419
vn -0.3124881966942256 0.8281687010506875 0.4652824191035033
vn -0.256908374098502 0.7623248259072298 0.5940193154465399
vn -0.23820259676518643 0.7607082995350486 0.6038065964469225
vn -0.2685086875884545 0.7568244822547524 0.5959192795583573
vn -0.2025933178098014 0.7581749741398842 0.619779522222865
vn -0.21460019717204856 0.7586007048533507 0.615200557517398
vn -0.23770589529526046 0.7606188334726582 0.6041149704390474
vn -0.19450020132738766 0.8663008867341014 0.46010047307877816
vn -0.16970541356045227 0.8660276395184586 0.47031500103479873
vn -0.22499638728807397 0.8511863398088331 0.47419240887023584
vn -0.0948983472768521 0.8651849416015445 0.4923914301752764
vn -0.13070545610171772 0.8647360696123609 0.4849202137018089
vn -0.16979869521303023 0.8656933623670482 0.4708963850547029
vn -0.10070482170007113 0.8697416709054878 0.4831231362467411
vn -0.08189886774101104 0.867588023204811 0.4904932185609792
vn -0.11709902856216924 0.8603928805694228 0.49599587556273844
vn -0.02359955886271596 0.8590838933218008 0.5112904507777766
vn -0.044101001574678986 0.8636196007627167 0.5022113965637939
vn -0.07950259363033026 0.8676283591468186 0.4908160225687928
vn 0.1506939885611638 0.8822648071948749 0.4459822101798656
vn 0.13180761025206794 0.8941516643646237 0.4279247071549062
vn 0.1604007497947376 0.8819041173963335 0.44330207216375583
vn 0.09919906308424721 0.912791366666714 0.39619624786451507
vn 0.10509692250670444 0.9089733762592731 0.4033881978088077
vn 0.13089755469903572 0.8946833074552382 0.42709203871621004
vn -0.3493990627836971 0.8330977535813664 0.4287988198486038
vn -0.3493990627836971 0.8330977535813664 0.4287988198486038
vn -0.3493990627836971 0.8330977535813664 0.4287988198486038
vn -0.35762349348028777 0.8323546793971605 0.4234278269039541
vn -0.35762349348028777 0.8323546793971605 0.4234278269039541
vn -0.35762349348028777 0.8323546793971605 0.4234278269039541
vn 0.177501302870175 0.8620063417854197 0.4748034900894357
vn 0.17160807547029525 0.8621405801185442 0.4767224439296324
vn 0.19740881266319324 0.8541381032202705 0.48112146211761003
vn 0.15219843164809468 0.8668911023422285 0.47469511697903105
vn 0.1728942694260179 0.860071433541401 0.4799840630746845
vn 0.1775975348140839 0.859888079602179 0.478593362037165
vn -0.24620740750369424 0.9039272405567654 0.34971053211154735
vn -0.19440435169860382 0.8975200804489983 0.39580885946561284
vn -0.25030896227767924 0.9040323884955022 0.34651242972596036
vn -0.12199801946985792 0.8816856560094134 0.4557925923407296
vn -0.12399604979185659 0.8836718759979952 0.45138563912268975
vn -0.19390013544592366 0.8975005868272058 0.396100282906834
vn 0.07719657388085195 0.8592618487713797 0.5056775298814936
vn 0.06949902729409603 0.8639879389588212 0.49869301833779744
vn 0.08640355822188159 0.8535351362395424 0.5138211715481795
vn 0.04209973316683916 0.8805943707097155 0.4719969986574502
vn 0.043799211896930104 0.8745842543348626 0.4828913036147367
vn 0.07009837169466622 0.8634799168684971 0.49948838970543624
vn 0.16389830004969844 0.8600910355565166 0.48309497802827345
vn 0.13989543037486982 0.8722715432577888 0.4685847024636052
vn 0.18790124789689022 0.8485056179029152 0.4947032822066003
vn 0.07769561989398956 0.9003492657596783 0.42817588710166404
vn 0.08939901404798561 0.8881901808271766 0.4506950398766729
vn 0.13909974809809733 0.8724984206930824 0.46839915239795543
vn 0.17199425768729515 0.7833738183064929 0.5972800315718768
vn 0.1675010592883927 0.7844049273596767 0.5972037383264832
vn 0.18079447218257313 0.7756762318355599 0.6046815212933264
vn 0.15419854030833952 0.7929924629995694 0.5893944042766729
vn 0.1606965813628771 0.7853832976491374 0.5977873238134537
vn 0.1704982051463286 0.7823917970246974 0.5989936877717037
vn 0.15639752001688642 0.8292868624686981 0.5364914868563996
vn 0.1673000442971296 0.822700237613851 0.5433001143091097
vn 0.14680174999646445 0.8325099249984825 0.5342063936129898
vn 0.18760528727917106 0.8125228919984572 0.5519155788373468
vn 0.17810779895063145 0.8159357338378206 0.5500240814723465
vn 0.1666008733890004 0.8231042668976548 0.542902859451759
vn 0.16669331151003466 0.8707650503821929 0.46258141654277
vn 0.1754025729267724 0.8686127335140605 0.46340679385168704
vn 0.14060181084606835 0.8731112535191383 0.4668060301292661
vn 0.19719991882624613 0.8735996452346985 0.4448998222754544
vn 0.1804005951718916 0.8670028488736213 0.4645015449992088
vn 0.17519348826074563 0.8686677380814013 0.4633827818203585
vn 0.23860033045755083 0.9006012606453583 -0.3633004977006488
vn 0.2580998301166471 0.8976994104088325 -0.35709977071596116
vn 0.21889735533920263 0.8993891497982152 -0.3783954347646739
vn 0.28981057575862057 0.8942326954954256 -0.34111246896799674
vn 0.26729136761853334 0.8968710004056966 -0.35238861137655864
vn 0.2595871788456168 0.8975556177088005 -0.3563823925200953
vn 0.194506200890524 0.7130227334302799 -0.6736214956685597
vn 0.2669944640007609 0.7297848821762091 -0.6293869890139158
vn 0.17209678417713944 0.701786905107543 -0.6912870870307526
vn 0.353315995406644 0.7473338512848572 -0.5627254411465287
vn 0.3330031229311613 0.7399069223164082 -0.584505488790614
vn 0.26730670162642334 0.7298182565462191 -0.6292157338126878
vn 0.33579440646618175 0.759387378427263 -0.5572907015834679
vn 0.3155972600956797 0.7580933730318171 -0.5706950211674728
vn 0.35161084082376404 0.7523232381422842 -0.5571171887191362
vn 0.27290699297922866 0.75611941447459 -0.5948152690017618
vn 0.28850603398864777 0.7561157840681018 -0.5874122823326225
vn 0.31550099589549585 0.7579024131685225 -0.5710017983354174
vn 0.2565086170085496 0.8607289069033581 -0.4397147691644112
vn 0.23321263913319965 0.8613466776013725 -0.45132445749549727
vn 0.29331718008820845 0.8431493879614016 -0.450626387870723
vn 0.15310918443878363 0.8649518847228236 -0.4779286711999247
vn 0.1937999071221023 0.8619995650532738 -0.4683997713998497
vn 0.2343167888566505 0.8614617231215952 -0.4505322874736945
vn 0.16109696530911244 0.8721835815292159 -0.46189129443957283
vn 0.14280281095827135 0.8708171395806602 -0.4704092543679101
vn 0.17789634350338898 0.8624822775668075 -0.47379026145679304
vn 0.08619940778960339 0.8644940583695792 -0.495196612609998
vn 0.10619978779405999 0.8680982354507265 -0.48489901905430977
vn 0.14100359611623653 0.8706221730336346 -0.47131201735631684
vn -0.11120266225298092 0.9185220178827768 -0.37940910712896914
vn -0.09269687931376515 0.9305686882932791 -0.35418809259151457
vn -0.12219637927068364 0.9196727965028969 -0.37318894981721584
vn -0.0669039798330913 0.9439561413989241 -0.3232192144624879
vn -0.06919910287854807 0.9416877507697992 -0.32929570937216995
vn -0.09309753107266822 0.9303753760619466 -0.35459062216274845
vn 0.2453022581950393 0.8564079145066702 -0.45430417794111266
vn 0.2453022581950393 0.8564079145066702 -0.45430417794111266
vn 0.2453022581950393 0.8564079145066702 -0.45430417794111266
vn 0.23789693027324288 0.855888931918314 -0.459194062228918
vn 0.23789693027324288 0.855888931918314 -0.459194062228918
vn 0.23789693027324288 0.855888931918314 -0.459194062228918
vn -0.17669760163410833 0.8255888408048198 -0.5358927350835312
vn -0.21668794123133134 0.8053551861111015 -0.5517692999151732
vn -0.1111994116060176 0.8390955831815754 -0.5324972236018207
vn -0.31690752562914615 0.7701182494285934 -0.5536131339632856
vn -0.2572047225774897 0.782814384041691 -0.5666104224432024
vn -0.21749616820740297 0.8049858207034268 -0.5519902583212202
vn 0.2692912474704236 0.923969946554165 -0.2715911668308025
vn 0.22780099433880108 0.9226040116389275 -0.3113013727660245
vn 0.2692912474704236 0.923969946554165 -0.2715911668308025
vn 0.16670340025741948 0.915118613802003 -0.3671074761098102
vn 0.16670340025741948 0.915118613802003 -0.3671074761098102
vn 0.22689726050214362 0.9223888756657638 -0.31259621754696704
vn -0.01239982752165582 0.8711878820654515 -0.4907931523765853
vn -0.006299830619561689 0.8737764857526558 -0.48628691641859284
vn -0.02599868945990377 0.862156544428533 -0.5059744667919703
vn 0.023400536171546943 0.8898204245175441 -0.4557104640210734
vn 0.017999658628092486 0.8808833569254938 -0.4729910398527076
vn -0.008499808561054324 0.8720803065838076 -0.48928896587100507
vn -0.10999841832602308 0.8686875412617379 -0.4829930678823556
vn -0.08589730113017018 0.8790723919189297 -0.46888525613894544
vn -0.14349767438791483 0.8515861885740688 -0.5041918096073663
vn -0.011199692766442594 0.9095751001326383 -0.4153886181645308
vn -0.03129961070730969 0.8937888794413835 -0.44739442705121696
vn -0.08709735718564289 0.878473337206635 -0.4697857449820227
vn -0.24080366633352143 0.7639116341690663 -0.5987091192402874
vn -0.19648774640676078 0.7912506404426715 -0.579063890698647
vn -0.27709596436446676 0.7364893070303656 -0.6170910201606066
vn -0.09950240482776382 0.8466204536123006 -0.5228126614369567
vn -0.1247971837602395 0.8227814356367431 -0.5544874859697494
vn -0.19729310249409487 0.7906723680121622 -0.579579708211299
vn -0.2796065439538912 0.7300171190707219 -0.6236146137173537
vn -0.2662045593919659 0.7403126626363727 -0.6173105329566095
vn -0.2796065439538912 0.7300171190707219 -0.6236146137173537
vn -0.24970315835502735 0.7525095309903899 -0.6094076947956496
vn -0.24970315835502735 0.7525095309903899 -0.6094076947956496
vn -0.26459591069972016 0.7414885359509802 -0.6165904273456227
vn -0.130000963364197 0.9008066981144696 -0.4143030800712056
vn -0.1444981702747554 0.8974885999183947 -0.41669472255329515
vn -0.08520315024193904 0.9038334620276821 -0.4193155090238185
vn -0.181006525475188 0.9035326223659939 -0.38841400342396293
vn -0.1516942858368969 0.8954662438930757 -0.41848422872607843
vn -0.1428055789905717 0.8979350442853181 -0.4163162534101825
vn 0.3657130006168399 0.9287329690138949 0.0609021629046389
vn 0.37491086360989045 0.9228267122715494 0.08850256191415544
vn 0.36689194160898625 0.9300796031532901 0.018499594065996872
vn 0.3823054282097555 0.9130129762940011 0.1423020192412088
vn 0.3766142366010994 0.9209348066282133 0.100203786006451
vn 0.37488754695627313 0.922769319347291 0.08919703138807629
vn 0.7090296953190548 0.7050295196305231 0.014500607067356504
vn 0.7163761678150827 0.6973767471996574 -0.021699277679255113
vn 0.7089136920059564 0.7046136105177948 0.031000599341970848
vn 0.7226153801756383 0.6871146337652643 -0.07550160527594596
vn 0.7227757066425997 0.6885768441996027 -0.05879802309097187
vn 0.7160968049104026 0.6976969325867153 -0.02059990913089021
vn 0.6554713690988091 0.7545670351121858 -0.031398627577298416
vn 0.6562078645405323 0.7523090498416669 -0.05850070120505348
vn 0.6643943612571348 0.7472937072976319 -0.011499902742429804
vn 0.6517848378156945 0.7488826019803473 -0.11979721885216534
vn 0.6555638189723432 0.7488586532817867 -0.09719463287335077
vn 0.6560333059942624 0.7525381822572054 -0.057502918806439124
vn 0.4894764656726577 0.871658103613509 -0.02499879912124815
vn 0.4860929156585787 0.8721873220400729 -0.054799202723286984
vn 0.5174829169680716 0.8556717963693014 -0.006099798713795071
vn 0.46848789566836874 0.8728774783680983 -0.13639647858348025
vn 0.4783064648837909 0.8724117679983759 -0.10060135540000886
vn 0.48579179106260195 0.8722852923847791 -0.05589905567529267
vn 0.4546919953873833 0.8821844856001502 -0.12249784772410516
vn 0.4517975546564254 0.8807952634290971 -0.141699236156523
vn 0.47338708182612144 0.873276191232947 -0.11529685418877034
vn 0.44209433737610354 0.8737888104544472 -0.20259741258117347
vn 0.44429323789638636 0.8773866353734554 -0.18109724135831617
vn 0.45208678980770534 0.8802742463832068 -0.143995783396045
vn 0.22639647673809654 0.9304854787086291 -0.2879955021054145
vn 0.2187940700375779 0.9402745319710443 -0.26079294362199484
vn 0.21970668246230102 0.9298282815827011 -0.2952089775910799
vn 0.205806972026517 0.9544323504094835 -0.21610733156722184
vn 0.20950336439496295 0.9516152976060905 -0.22480361578333924
vn 0.2185944864844378 0.9403762645486391 -0.26059342192801555
vn 0.5319187060189111 0.846029786169264 -0.03600126527716445
vn 0.5433002117673685 0.8384003747340382 0.04370001761277595
vn 0.5337722216860169 0.8369564466467578 -0.12079371578358833
vn 0.5396254252646866 0.8222387189235267 0.18090851143852754
vn 0.5478898745173807 0.8311846106336267 0.09459824759029765
vn 0.5432978348022562 0.8383967066912182 0.04379982772225817
vn 0.31190774301354657 0.8628214494705225 -0.3978098869834457
vn 0.3113007759989198 0.861702120131164 -0.4007009895469782
vn 0.31360423010285665 0.8633116601472977 -0.39540531649854105
vn 0.3084058308647204 0.860116218824008 -0.406307683418038
vn 0.31060847923821794 0.860123416902572 -0.40461102347954603
vn 0.31120533420080204 0.8613147745981503 -0.40160689613589134
vn 0.3475970416623053 0.9355919850402521 0.061999468998165996
vn 0.35151688952155735 0.9358449689141525 0.025101205930357726
vn 0.3440012730751755 0.9355034560772025 0.08060029646513976
vn 0.3606066733677649 0.931617228887985 -0.045300838421666025
vn 0.35468501730480795 0.9345605200558449 -0.028198809415232975
vn 0.3520081689410979 0.9356217004819806 0.026500614821968936
vn 0.38681519597748126 0.875234377103629 -0.29041141385442387
vn 0.383710022810198 0.8804229691518715 -0.27860727518282763
vn 0.3881003721683442 0.8718008454114152 -0.29890029619044267
vn 0.3735921064510102 0.8952810402724468 -0.2426948638232428
vn 0.3809026722085393 0.8912062686082971 -0.2463017277602206
vn 0.38340619508822427 0.8807142384488839 -0.2781045122995542
vn 0.3234979968822995 0.8744945417362145 -0.36139776214955727
vn 0.3245017399921194 0.8854047597743981 -0.33280179102722296
vn 0.32289537428211346 0.8579876964826347 -0.3994942927647856
vn 0.3199984224835978 0.9160955295195333 -0.24159882119400852
vn 0.3359033486020131 0.9010089817186135 -0.27450274180842277
vn 0.3244119532560255 0.8851325995034104 -0.3336122987555248
vn 0.4282090809222751 0.7596160811753848 -0.48951035968143886
vn 0.43049840445050436 0.7712971579056513 -0.4687982700183895
vn 0.4297079217894275 0.7452137388265909 -0.509909389416889
vn 0.42910495159961987 0.8019092699651041 -0.4157047789678653
vn 0.43698949651172675 0.7882810190288733 -0.4331895831818082
vn 0.4304791663802354 0.7701627397703612 -0.47067721591552364
vn 0.5314983913321009 0.6895979271721325 -0.4918985249533559
vn 0.5319877251069071 0.6729844432295392 -0.5138881196394846
vn 0.5314983913321009 0.6895979271721325 -0.4918985249533559
vn 0.5319969965229974 0.6522963111127654 -0.5398969514631364
vn 0.5319969965229974 0.6522963111127654 -0.5398969514631364
vn 0.5319919396006454 0.6722897883867331 -0.5147922072359533
vn 0.17480637559392775 0.9307339840215022 -0.3212117401951192
vn 0.1691977990554056 0.9275879427057431 -0.3330956519406008
vn 0.20139451740874706 0.9354745737010133 -0.2903920975450351
vn 0.1276026424374875 0.9302192490623186 -0.3441071262222078
vn 0.1671916541728235 0.9258537709546566 -0.33888308542032186
vn 0.1696994089182135 0.9279967589741429 -0.3316988482739961
vn -0.6913235167931945 0.7205245286374217 0.054001840343743814
vn -0.691961240269521 0.7200596812300984 0.05199709060587213
vn -0.6921141998039548 0.7193147419158761 0.05970122689047349
vn -0.6921933842432562 0.7201931135655707 0.04679955109396582
vn -0.6923933275281032 0.7195931094492584 0.052699495516638606
vn -0.6921080593601227 0.7198083893445985 0.05350062427579597
vn -0.7222208682910584 0.689719959124305 0.05180149988636281
vn -0.7057956557890925 0.7083956540073019 -0.005299967246326685
vn -0.721301222681162 0.6918011652879019 0.033700057343595186
vn -0.6878188657161568 0.7243199041160674 -0.047601307400432995
vn -0.6852866296467862 0.7252858711294479 -0.06589871294149971
vn -0.7063017608507173 0.7079017322734442 -0.003600008810137912
vn -0.5633970712860898 0.8173957723131825 -0.12019938215645126
vn -0.5767665459675527 0.8122529293799052 -0.08709494914414713
vn -0.5740047527054944 0.8096066977354786 -0.12270101406817233
vn -0.5863954796007254 0.8080937936790213 -0.055899571745072096
vn -0.5831850050397214 0.8103792032806003 -0.0563985530587405
vn -0.5762386343818616 0.8123544795439163 -0.08960600320659311
vn -0.42331526110665574 0.8989323843589496 -0.11280406936337618
vn -0.42630603536793976 0.9013127960590471 -0.07680109288995365
vn -0.4441177492176679 0.8869354691550485 -0.12690507627572092
vn -0.4311003838345604 0.9023007808082518 0.00240000219033449
vn -0.42768819597915525 0.9035750118883639 -0.025199303780834202
vn -0.4265247388356806 0.90135230796521 -0.07510435464700826
vn -0.41158135741516494 0.9113587540489773 -0.005099769267880497
vn -0.41188719274210783 0.9109716572481042 0.021899318383643753
vn -0.4358117896908406 0.8998243735014396 -0.019600531095054323
vn -0.4108878041250152 0.9055731394864456 0.10539687595932672
vn -0.40901445753697413 0.9094321115182653 0.075102650187357
vn -0.41181682186823265 0.9109372130988568 0.02450100034765984
vn -0.5795943165687079 0.6694934554522374 0.4645954598442346
vn -0.5787085423305457 0.6796100250654932 0.45080665130866765
vn -0.5795943165687079 0.6694934554522374 0.4645954598442346
vn -0.5767880204634274 0.6959855383552234 0.42769113838174283
vn -0.5767880204634274 0.6959855383552234 0.42769113838174283
vn -0.5785071807525788 0.6807084854141522 0.4494056071110749
vn -0.6788860843746732 0.7333849507834181 0.035499273328158366
vn -0.6799368159612478 0.732739675479933 0.027901510318306667
vn -0.6805066463817369 0.7312071526004187 0.04740046641405372
vn -0.6793882689841158 0.7336872798594686 0.011599799100878822
vn -0.680896416649029 0.7319961650416013 0.023699876769734524
vn -0.6801107434813558 0.732511562352723 0.02960046656406646
vn -0.45088947925299117 0.7176832770897731 0.530687658877282
vn -0.44810313955549297 0.7120049999500677 0.5406037887090828
vn -0.46309422801079114 0.7221909964245438 0.5137936362650029
vn -0.43190056546669603 0.7051009318560898 0.5624007267467053
vn -0.4456000781908664 0.7076001169149119 0.5484000773689739
vn -0.44861092671252295 0.7131173945998754 0.5387131128469187
vn -0.7184703227582829 0.6913714161856579 0.07619685162161503
vn -0.7210724147135932 0.6877737047789669 0.08379680037878774
vn -0.7184703227582829 0.6913714161856579 0.07619685162161503
vn -0.7256980208130237 0.6809981174909366 0.09799972735605395
vn -0.7256980208130237 0.6809981174909366 0.09799972735605395
vn -0.7223046787934877 0.686004439776957 0.08760056848753753
vn -0.36970899287928055 0.9067220345800941 0.20290493486143307
vn -0.36392149489918557 0.9121538785479287 0.18851113335904723
vn -0.372311612837907 0.9034281853295265 0.2126066247750411
vn -0.3438153617708911 0.9285414617585438 0.1400062527377181
vn -0.3528118511847405 0.9245310136789209 0.14410483131881224
vn -0.36269249838128004 0.9132811247619514 0.18539616708953374
vn -0.3042964706280226 0.9128893522801164 0.27209683654338684
vn -0.29769264437057796 0.9239772320146563 0.2400940736590273
vn -0.31050625417771754 0.9010181828437319 0.30290609155562026
vn -0.2744858393025588 0.9495509511792546 0.1516921722995058
vn -0.29421149570833927 0.9396366951625239 0.17470683128347406
vn -0.2978941538566179 0.9237818895392682 0.2405952901810608
vn -0.37992105736811166 0.8429466802946737 0.3809210998992905
vn -0.3691034750872257 0.8601080588267799 0.35210332548807693
vn -0.37992105736811166 0.8429466802946737 0.3809210998992905
vn -0.34819758574468224 0.8886938634801405 0.29829793545097866
vn -0.34819758574468224 0.8886938634801405 0.29829793545097866
vn -0.3685931529306891 0.8609839822031452 0.35049346641874496
vn -0.3936100259269661 0.7440189936077721 0.5399137751906791
vn -0.3792954370929711 0.8032903631675493 0.4591944727918649
vn -0.39188559778696064 0.7443726623104792 0.5406801437559601
vn -0.3589866377769019 0.8526682631986707 0.3795858622649132
vn -0.3676126405407481 0.8505292474782178 0.3761129427429945
vn -0.3794157824388443 0.8029333841910914 0.45971909312944675
vn -0.522390780449135 0.7005876346280182 0.4860913892552121
vn -0.5150912260374132 0.6930881665787396 0.5042914060419789
vn -0.5455118687989087 0.7044153542919255 0.45410990920404193
vn -0.47606973140957154 0.6996555169848044 0.5327661479376712
vn -0.5109000166571008 0.6880000180561974 0.5153999884889854
vn -0.5151841272828596 0.6928786291587848 0.5044844103149684
vn -0.040199105355294626 0.6408857723715254 0.7665829757439095
vn -0.08949972813179002 0.6354980652133886 0.7668976514336027
vn 0.021100649486941146 0.6240192338479407 0.781124035207635
vn -0.18229920256673546 0.6349972079717201 0.7506967074735659
vn -0.11699416888288461 0.6357683237438857 0.7629619931368093
vn -0.09009723103613233 0.6356804663955189 0.7666764856201066
vn -0.23960965710429197 0.7861316451121317 0.5697229579152108
vn -0.17669521507657468 0.7749790072197452 0.6067836017376718
vn -0.2427012746927282 0.7833041106251996 0.5723030329643466
vn -0.10210438977955646 0.7577326048666115 0.6445277287361685
vn -0.10289509870496463 0.7588638507029398 0.6430694011992809
vn -0.17680281806431497 0.7750123392357275 0.6067096814431778
vn -0.14089852928196578 0.8297913427764061 0.5399943813592026
vn -0.11110614189108649 0.8246455441133244 0.5546306444906527
vn -0.14419831673321457 0.8246903871530913 0.5468936009760877
vn -0.0755977335893749 0.8190754856506248 0.5686829797719843
vn -0.07599729550441976 0.8207708242291225 0.5661798876419584
vn -0.11219879120303937 0.8247911329066825 0.5541940258890276
vn -0.11530544825885795 0.8935421931140926 0.4339205027728945
vn -0.07840089848510946 0.8949102691187222 0.4393050299536576
vn -0.1318006463270676 0.881404338802869 0.4536022279125674
vn 0.0021000558034811193 0.8936237646029169 0.44881193957216925
vn -0.025801236408237456 0.8958428932890468 0.4436212424392182
vn -0.0768995778459211 0.8949950922470734 0.4393975873633944
vn -0.0011999396220520825 0.898154739937726 0.4396778630682914
vn 0.027001253078101962 0.8970416215533881 0.4411204614763186
vn -0.017500228212725 0.8857115338124709 0.4639060474752003
vn 0.10939735338089895 0.8894785298814585 0.44368926508669815
vn 0.07809998617053907 0.8942997878098768 0.44059991112501445
vn 0.028099292987207935 0.8967773954098915 0.44158887306573985
vn 0.39909966533037405 0.6466994731900508 0.6499994219296614
vn 0.39909966533037405 0.6466994731900508 0.6499994219296614
vn 0.39909966533037405 0.6466994731900508 0.6499994219296614
vn 0.3910320130985013 0.6522533780513154 0.6493531362462042
vn 0.3910320130985013 0.6522533780513154 0.6493531362462042
vn 0.3910320130985013 0.6522533780513154 0.6493531362462042
vn -0.17479913570513567 0.6804966309773448 0.7115965130502123
vn -0.18399721787460838 0.6783897211746128 0.7112892590353342
vn -0.15759951079463438 0.6784978883782021 0.7174977419223092
vn -0.20399696013602184 0.6777899122911517 0.7063894641425617
vn -0.1863943415206084 0.6763794860759166 0.7125783748225718
vn -0.17999835580702844 0.6780937689058191 0.7125934552589352
vn 0.3482836721588174 0.7316656810881266 0.5859725376034421
vn 0.345608683771001 0.7320183670456567 0.5871147656207313
vn 0.35359720546542683 0.7290942363275591 0.5859954017234045
vn 0.33860959925181955 0.7343208136436513 0.5883166510853215
vn 0.3439913377064615 0.7320815499829346 0.587985173076246
vn 0.3463008659965926 0.7317018204249685 0.5871014871355694
vn -0.01260048856514859 0.6381247695440038 0.7698298553461873
vn 0.020699706766890254 0.6216911751302885 0.7829888919422076
vn -0.013499974598331247 0.6372987988179659 0.7704985345287959
vn 0.05170068443454321 0.6053080258426609 0.7943105394488106
vn 0.05460016435824104 0.6082018402066609 0.7919023573782847
vn 0.020600124196927954 0.6223037686596413 0.7825047312285587
vn 0.20780635032024036 0.8899272199659362 0.4060123938136397
vn 0.19209281921040325 0.8965664769853605 0.3990850800942809
vn 0.21990371796462713 0.8853149604859156 0.4097069386343798
vn 0.14749998097414188 0.9133999171563577 0.37939998280361953
vn 0.15210304478740952 0.9078182104926656 0.3908078306076962
vn 0.1923968919532979 0.8961855540408431 0.3997935575959396
vn 0.28161881395777344 0.8972599359923233 0.3400227211350278
vn 0.24720063101398074 0.9110023487402089 0.3301008461305612
vn 0.3079035578346308 0.8863102354944861 0.34590398310873055
vn 0.16169366692071205 0.939563217574096 0.3017882009945808
vn 0.17919458917229653 0.9298719459877318 0.3212903099633735
vn 0.24648591010640886 0.9113479233467637 0.32968114706570145
vn 0.38470043696714906 0.8219009430649042 0.42010048034524483
vn 0.3535070056728017 0.8430166808834048 0.4054080323483702
vn 0.38739239338528597 0.8203838883048488 0.4205917371478393
vn 0.3038079738041453 0.8736229732294034 0.3801100047339413
vn 0.30260286463625674 0.8718082691202649 0.38520364511185395
vn 0.35349267492849706 0.8429825060118904 0.40549158231683313
vn 0.3245998316585614 0.7852995822582414 0.527199692139767
vn 0.3773135267487242 0.7437267015567286 0.5518198038526604
vn 0.3213070842573305 0.782317244260773 0.5336117380064674
vn 0.43052245742280054 0.6987364579351202 0.5713298311894057
vn 0.4326820383617208 0.6986709941512288 0.5697763557843374
vn 0.3767001900454967 0.744200339262729 0.5516002373648198
vn 0.37822343209699333 0.6828423089264909 0.625038732042031
vn 0.3678180421846465 0.6815334531216196 0.6326310458075662
vn 0.40440415121502177 0.672806925770323 0.6195063543786659
vn 0.3394041199403668 0.6856083184561995 0.6440078237344385
vn 0.36700726771287223 0.6803134441408394 0.6344125496608347
vn 0.371585955563134 0.6803742947899569 0.6316761010338299
vn 0.6870962750609843 0.7250960570303603 0.04619974974331638
vn 0.6877210419291075 0.723622138517323 0.058401790516719
vn 0.693180823840809 0.7202801010794471 0.026399269845185737
vn 0.683816586890209 0.7249176101053926 0.08300201234253972
vn 0.6876842604721198 0.7233834679441343 0.061698591588717516
vn 0.6880155927747253 0.723516386124328 0.056201273192301754
vn 0.7302604710451701 0.68106313633836 0.05359709646839757
vn 0.7279884037152224 0.683089117918603 0.05849906868786338
vn 0.7302604710451701 0.68106313633836 0.05359709646839757
vn 0.7247006812060467 0.6860006588929933 0.06490006670159124
vn 0.7247006812060467 0.6860006588929933 0.06490006670159124
vn 0.7275243356756811 0.6835228355601901 0.05920197857686986
vn 0.5364990589540649 0.8339985641222628 0.1288997858159852
vn 0.5468819705325668 0.8304726668183213 0.10599650925423049
vn 0.5364990589540649 0.8339985641222628 0.1288997858159852
vn 0.5656212873856858 0.8223309976676225 0.06200233488451938
vn 0.5656212873856858 0.8223309976676225 0.06200233488451938
vn 0.547977446782216 0.8300658699429669 0.10349574568004705
vn 0.41572184896598025 0.9045475724561665 0.09470498115708015
vn 0.42088992489184524 0.9046783528233067 0.06639841155815106
vn 0.433108567824277 0.8926176884747254 0.1251024807877179
vn 0.42701761173666297 0.9040372992782963 -0.019300797401158504
vn 0.42739959689411705 0.9038991896793196 0.01719998464580576
vn 0.4207181667975606 0.9046390576163857 0.06800293788828161
vn 0.42331682287017924 0.9059360081624375 -0.009100362070018261
vn 0.4259051674369841 0.9040109264680743 -0.03700044833253316
vn 0.44679702054447207 0.8945940215605085 0.008599943068365567
vn 0.43189089835545275 0.8940811797329927 -0.11869749771996116
vn 0.4273103152417674 0.8998217112563767 -0.08790211851615157
vn 0.4260127586542317 0.9039271010073862 -0.037801131308388046
vn 0.6252078177431587 0.6672084000159062 -0.4049050945358081
vn 0.6236144994074445 0.6734156355590775 -0.3970092415969258
vn 0.6252078177431587 0.6672084000159062 -0.4049050945358081
vn 0.6201641857789779 0.6858603887082256 -0.38077803229453633
vn 0.6201641857789779 0.6858603887082256 -0.38077803229453633
vn 0.6229918737310156 0.6752911657294255 -0.3947948413453651
vn 0.7182981894605914 0.6940982873351448 0.04769987983271088
vn 0.7169177312589099 0.6951172102080666 0.05330131967533474
vn 0.7182981894605914 0.6940982873351448 0.04769987983271088
vn 0.7151699735523166 0.6963707428040805 0.05999747907764195
vn 0.7151699735523166 0.6963707428040805 0.05999747907764195
vn 0.7161764618691532 0.6956771311472576 0.05589816332674074
vn 0.5877023264569208 0.67910265448785 -0.439801728219295
vn 0.5871776024760827 0.6793741287154907 -0.44008323801584087
vn 0.5926273721725744 0.680831480628462 -0.43041990281245746
vn 0.5823051700668422 0.6836060693460528 -0.4400038986948474
vn 0.5882096183382577 0.6849112166972148 -0.4300070582405618
vn 0.5880636539983043 0.6850576593665026 -0.42997342032903757
vn 0.7252988005560967 0.688198845555496 0.017999969110247684
vn 0.7375997841893446 0.6751997618482671 -0.00719999749136425
vn 0.7259243089496763 0.6875230283391287 0.018600623089795335
vn 0.7479106541714666 0.6633094186657609 -0.025500362469953224
vn 0.7447233772583798 0.6667209211886514 -0.0295009256503756
vn 0.7371736372811265 0.6756758254981465 -0.006099781562673801
vn 0.3966905306639226 0.8921787077681251 -0.21599485245434377
vn 0.3912086308350774 0.897519765817034 -0.20350448920817635
vn 0.4039898396107908 0.8847777338145816 -0.23229414809069387
vn 0.36728679548167137 0.9169670199462062 -0.1557943971899461
vn 0.38150483195448787 0.9096115265088415 -0.16450207912860312
vn 0.39150900432819086 0.8973206512087538 -0.20380468209598784
vn 0.3385973610737109 0.8933930250692448 -0.2952976969628158
vn 0.32781690540827935 0.9072467495361375 -0.2635135897532658
vn 0.3478930312089175 0.8798823452655176 -0.3236935237633336
vn 0.29379438182721973 0.9392820505458108 -0.1772966179294423
vn 0.3156906847629832 0.9282726480751176 -0.19659420741590491
vn 0.32800785674339983 0.907121724990581 -0.2637063176427792
vn 0.43649847639415756 0.8058971409153602 -0.3999985979600766
vn 0.4172804950627585 0.8315611688684683 -0.3665828840389112
vn 0.4359083745474547 0.8056154597383066 -0.40120770185781945
vn 0.38849418593110546 0.8626870637115014 -0.3237951475895764
vn 0.3956976287853786 0.861494845580929 -0.31819807920715
vn 0.4175791887246887 0.8310585571332851 -0.36738167586254655
vn 0.5912012830653792 0.678001451523044 -0.43680095539558367
vn 0.5925968382827961 0.6735964378040074 -0.44169766383238424
vn 0.5912012830653792 0.678001451523044 -0.43680095539558367
vn 0.5914817215490399 0.6773790780424425 -0.4373865083696052
vn 0.5914817215490399 0.6773790780424425 -0.4373865083696052
vn 0.5892674304018793 0.6820623263249516 -0.4330760654616711
vn 0.5630944427800869 0.7146929551749516 -0.41489592470097597
vn 0.561085365479808 0.7115814380490643 -0.42288895666405857
vn 0.5716980980058991 0.7162976565320889 -0.40009867780720687
vn 0.5466666785791894 0.7146564215625116 -0.4363733970473716
vn 0.5602853208388618 0.7098814324824667 -0.4267888366266562
vn 0.5613932100109751 0.7116914191063887 -0.4222949061069858
vn 0.05679978515568559 0.7461971977473197 -0.6632974645513998
vn 0.08130093598960454 0.7423085393894316 -0.6651076530583172
vn 0.02439891349568345 0.7402670492806711 -0.6718700683685191
vn 0.12869615890477096 0.7401778741858535 -0.6599803127736985
vn 0.09429810793203718 0.7416850972574479 -0.6640866534923343
vn 0.08109685968891568 0.7422712133444294 -0.6651742216808955
vn 0.11260322189271145 0.7100203023245567 -0.6951199067112998
vn 0.11260322189271145 0.7100203023245567 -0.6951199067112998
vn 0.11260322189271145 0.7100203023245567 -0.6951199067112998
vn 0.11699814739122547 0.7114887309289332 -0.6928890382075308
vn 0.11699814739122547 0.7114887309289332 -0.6928890382075308
vn 0.11699814739122547 0.7114887309289332 -0.6928890382075308
vn 0.18810562081909785 0.8527254969983541 -0.487314582364587
vn 0.16549287199669552 0.8534632481442633 -0.4941787059205695
vn 0.19319955898078536 0.8496980033004633 -0.4905988520133695
vn 0.12400348015496672 0.8536239960664026 -0.5059142321076597
vn 0.13029492916527072 0.8540667482267165 -0.5035804017307063
vn 0.16320624473483714 0.8535326363700514 -0.49481891670664935
vn 0.16120398238262423 0.9166226227408045 -0.3658090260556067
vn 0.13140652162318048 0.9200456497663088 -0.36911831222656444
vn 0.1814944228088529 0.9029722358201259 -0.3894880175657324
vn 0.053300982669396674 0.9264170728205262 -0.3727068719961099
vn 0.08700207101379077 0.9240220469792825 -0.37230887222241704
vn 0.12979999938222286 0.9199999644872907 -0.36979998039988976
vn 0.06520151353028271 0.9362217409427226 -0.3453079993564268
vn 0.0373000259630156 0.9369006258213053 -0.3476002379153458
vn 0.08170244471547725 0.925427741376111 -0.3700110890487259
vn -0.044502124802691494 0.9344446218415087 -0.3533168685465296
vn -0.013399549635760845 0.9370685267411982 -0.34888827475373657
vn 0.036801202040828866 0.9367305621836203 -0.3481113692477004
vn -0.3640109431952669 0.7567227438892004 -0.5430163184609574
vn -0.35550875635008805 0.7640187895601276 -0.5384132366105903
vn -0.3662979629112882 0.7596958026935219 -0.5372970218946744
vn -0.3563935434037168 0.7641860999805126 -0.5375902220248401
vn -0.3556137319832218 0.7633294787292219 -0.5393208511896603
vn -0.3589206324926926 0.7618437631231276 -0.5392309896152457
vn 0.09699940151214749 0.7291954848757402 -0.6773957934200061
vn 0.10840166127015909 0.7284111407302475 -0.6765103767821521
vn 0.0849027893647112 0.7273238903409125 -0.6810223747406922
vn 0.12880678946135585 0.7291383954138115 -0.6721354114477455
vn 0.11670019842483902 0.7276012089692472 -0.6760011423023583
vn 0.10739870095863494 0.7283911810842502 -0.6766918104655092
vn -0.337982955832033 0.7610616156227108 -0.553672049856945
vn -0.35410472543212773 0.7541101116555994 -0.5531073882397675
vn -0.3198184054684974 0.7634439793791445 -0.5611323176161965
vn -0.3864068252564993 0.7456131278548851 -0.5429095955733774
vn -0.3698963505259143 0.7470926485266333 -0.5522945449532075
vn -0.35409761914478977 0.7541949342520556 -0.5529962723785117
vn 0.04910086326652316 0.7499131617183494 -0.6597115696333292
vn 0.017799815387779767 0.7377923680602881 -0.6747929965583171
vn 0.05020018158616462 0.7487027248908289 -0.6610023990196736
vn 0.003400072217094576 0.7286154912163681 -0.6849145242060859
vn -0.0029999705388960404 0.734692802717161 -0.6783933120339325
vn 0.020899734642616945 0.7389906436830114 -0.6733914386453373
vn -0.1449022538166549 0.9368146122302106 -0.318404960939389
vn -0.13159459015494734 0.9410612613428637 -0.3115871727811173
vn -0.15330749581570702 0.9344456972968177 -0.3214156973923038
vn -0.08330015375206255 0.9543017257865741 -0.2870005235982136
vn -0.08640171984136957 0.9515189140391493 -0.2952058587396457
vn -0.12749776004278068 0.9421834698280981 -0.3098945471717095
vn -0.22300027951207124 0.935401161100319 -0.2744003337274086
vn -0.19450196273185322 0.9434095488436196 -0.268602698504939
vn -0.26039269383428526 0.9233740863743066 -0.28209208002022795
vn -0.10679727605219762 0.9636754407351126 -0.24479376371104156
vn -0.13670102162888348 0.9540070956315795 -0.2668019718259556
vn -0.1944057404262423 0.9434278946581847 -0.26860792183059273
vn -0.3210134189845214 0.8779366771115037 -0.3552148305100443
vn -0.29890424795664383 0.8882125837234119 -0.34890493930131466
vn -0.3370803403139135 0.8691493015364267 -0.36187889661128064
vn -0.24550349433693244 0.9117129932267805 -0.3294046937276705
vn -0.25730079110902837 0.9042028345893494 -0.3409010660224658
vn -0.299895241347684 0.8876859495510254 -0.3493944750374689
vn -0.38151602791440764 0.7448312516020957 -0.547422987351891
vn -0.372495636582643 0.7533911976982784 -0.541893627899097
vn -0.37182075625824623 0.7504418879356082 -0.5464305061461939
vn -0.37880721184358 0.7505143025250829 -0.541510275027706
vn -0.3679081013913169 0.7569166512649472 -0.5401118513497872
vn -0.3782935883371777 0.7486873111829213 -0.5443907338453418
vn -0.34940820798658445 0.7812183127903322 -0.5173121417023097
vn -0.33850000615234627 0.7823000256200335 -0.5229000054979501
vn -0.35880673170057703 0.7762145723063446 -0.5184097481969535
vn -0.31480676865895596 0.7867169399159927 -0.5310114451268664
vn -0.324209057195779 0.7863219599167829 -0.5259146913567386
vn -0.33158667119382423 0.7842684794117462 -0.5243789008796848
vn 0.43239121129629604 0.7286851909749842 0.5310891948133315
vn 0.40341920880180676 0.718934249970269 0.5660269306220429
vn 0.4872196457723287 0.7176289362370579 0.4976200625464723
vn 0.3368085406330987 0.7093179491664392 0.6192156764382819
vn 0.3880887207964166 0.717779163283925 0.5780832271792962
vn 0.40259988761739846 0.719099814947346 0.5663998469572101
vn 0.2399931798658366 0.8022771951416781 0.5465844635310139
vn 0.2662967652142411 0.8023902677656912 0.5340935227386058
vn 0.235510428077957 0.8006354672233474 0.5509243930800213
vn 0.29789078958290366 0.8028752159115523 0.5163840287582996
vn 0.2931879472393915 0.801767090164282 0.5207786100859477
vn 0.2673896436993271 0.8023689267400732 0.5335793135461024
vn 0.2629126900025624 0.8237397863466095 0.5023242795498328
vn 0.2933022818466159 0.8235063764425037 0.4856037679241233
vn 0.26039425884463907 0.8173819657357274 0.5138886572505266
vn 0.3440908011090211 0.8207780674260425 0.4559878119254096
vn 0.33209072293804237 0.8224770044996051 0.4617871033364234
vn 0.29450840845284443 0.8234235486713196 0.48501387283675057
vn 0.20009339712072496 0.9009702707411784 0.384987277282322
vn 0.2509939172329115 0.8982782686396781 0.3606912885027592
vn 0.20690536006071922 0.8892230057777694 0.40801056110558387
vn 0.32400308789857923 0.8910084619184866 0.31800301857346963
vn 0.3086115105194757 0.8956334013767636 0.32031195093717074
vn 0.24880954381152556 0.8984344902812348 0.36181387146072574
vn 0.2510042176356819 0.9271156286871626 0.2783046779576419
vn 0.2918825630084352 0.920044982313781 0.2613843911385327
vn 0.2610104898542589 0.9195369229206237 0.2938117961752228
vn 0.35421587181437936 0.9076406412687991 0.2252100851914552
vn 0.34900387007700234 0.9108100620219977 0.2205024480380206
vn 0.29090622348879064 0.9203197210271052 0.2615056026628891
vn 0.6708848918991588 0.723583689263856 0.16229635378763602
vn 0.6594955417983139 0.7326950340623789 0.16799886133089648
vn 0.6673990545760685 0.7281989841485987 0.1558997801022137
vn 0.6595725133091593 0.7329694134337023 0.16649305888743018
vn 0.6606858940584094 0.731484386384974 0.1685963874679356
vn 0.6634783533584145 0.7297761641488235 0.1649946207154536
vn 0.322703305438478 0.7424076091647355 0.5871060538892284
vn 0.32330046206382734 0.7412010203934117 0.5883008232163887
vn 0.32819031397663334 0.7416780760174922 0.5849826915105351
vn 0.32299007046890826 0.740477177454914 0.5893818490986071
vn 0.32739954339122307 0.7416989616822001 0.5853991708456417
vn 0.33229864823462724 0.7421969813736817 0.581997636783204
vn 0.5969969092785358 0.7976958543025727 0.08529955650743241
vn 0.5969969092785358 0.7976958543025727 0.08529955650743241
vn 0.5969969092785358 0.7976958543025727 0.08529955650743241
vn 0.5998285808591473 0.7960379461350832 0.08080384828422285
vn 0.5998285808591473 0.7960379461350832 0.08080384828422285
vn 0.5998285808591473 0.7960379461350832 0.08080384828422285
vn 0.4869207328179048 0.7089301581118193 0.5102217467647038
vn 0.5124108251549149 0.6995148411467501 0.49811056330848485
vn 0.4869207328179048 0.7089301581118193 0.5102217467647038
vn 0.5449001330384643 0.6864001637465192 0.4816001040525381
vn 0.5449001330384643 0.6864001637465192 0.4816001040525381
vn 0.5135917645138802 0.6990888187648102 0.49749203300308376
vn 0.4042050822381223 0.905411389937677 0.1298016427630883
vn 0.3849946326202563 0.9133872830645221 0.13229816321326804
vn 0.4042050822381223 0.905411389937677 0.1298016427630883
vn 0.3264881482466096 0.9348660535797176 0.13939494581506362
vn 0.3264881482466096 0.9348660535797176 0.13939494581506362
vn 0.3836207200508659 0.9139493899819556 0.13240715879160883
vn 0.4458952542574726 0.8929905160746652 0.06119934992601656
vn 0.40979745479160856 0.909194381220101 0.07369954683793588
vn 0.45361695948145686 0.8893332592073118 0.05760215393974973
vn 0.3293013545804286 0.9389038949590357 0.10010041909126628
vn 0.33700656105378446 0.9357181820541092 0.10420202291728664
vn 0.40818960672769444 0.9098768519221904 0.07419810843717492
vn 0.5491642299735372 0.8355455973793792 0.01679890524731712
vn 0.5177788826276276 0.8547651684504194 0.035798540596110595
vn 0.5582950379147958 0.8295925759734956 0.009099919196154717
vn 0.46270756883326813 0.8839144277003865 0.06780110801089122
vn 0.4743032146998443 0.8776059677693665 0.06960047313766728
vn 0.5168874223308212 0.8552791924406115 0.03639911557077784
vn 0.5350267962422265 0.8433421814798653 0.050202512283362706
vn 0.5485291946164217 0.8352444641443254 0.03850204890286692
vn 0.5310084111971904 0.8454133383137162 0.057500909897961784
vn 0.5667023683680631 0.8237034798205647 0.019000079408275253
vn 0.5626792106534367 0.8262695355421489 0.025899045028473677
vn 0.5489067534699354 0.8350102396077895 0.03820046786673518
vn 0.6298120128673564 0.7669146045212232 0.1232023450264829
vn 0.6316894578775399 0.7659872145273942 0.11929801334030567
vn 0.6288070855666903 0.7651086542564814 0.1386015740277185
vn 0.625527674747027 0.7726341493437837 0.10840479414391765
vn 0.6303280542411727 0.7666341513922246 0.12230544532301547
vn 0.6298645535712756 0.7668568731191727 0.12329306673265504
vn 0.4301939251729416 0.7917888217715715 -0.4335938750281007
vn 0.44810214336272003 0.7896037904280909 -0.4192020076947721
vn 0.4112870817847766 0.7826754122376323 -0.46718533306988
vn 0.4772197679385682 0.7906327498496138 -0.38361588595090435
vn 0.45209529603150655 0.789391752786113 -0.41529568254371846
vn 0.4468088020718024 0.7892155668080383 -0.4213082998221464
vn 0.4376142261028897 0.8420274059396491 -0.31541026736445077
vn 0.45448996463032854 0.8430814146996283 -0.28749365251844394
vn 0.4314946937395785 0.8374897008171266 -0.3352958847045805
vn 0.4756188439916783 0.8461334890208094 -0.24050952995149974
vn 0.4707020278871625 0.8428036597525691 -0.2610011341940655
vn 0.45399848046732977 0.8427972074113266 -0.28909902613641725
vn 0.45179037141765843 0.8655815641272647 -0.21599540767639505
vn 0.44449518368516067 0.8651906097640925 -0.2320974805049231
vn 0.4555920776345514 0.8639850108226788 -0.2143962683219295
vn 0.4316049685420109 0.8638099243390883 -0.25990299294765357
vn 0.43301360495731683 0.8643271724205606 -0.25580804705354215
vn 0.4441821306749102 0.865165160023757 -0.2327906369899012
vn 0.376581860730303 0.9143559452196909 -0.1487928345395307
vn 0.3598128779401465 0.9123326159524757 -0.1954069874332586
vn 0.3919893665575143 0.9071753937303773 -0.15289585185993082
vn 0.3283128754487931 0.9068355375415534 -0.2643103548222566
vn 0.3269968777923431 0.9096913124841505 -0.25599757402155837
vn 0.3601043162998411 0.9124109408534288 -0.19450233004564496
vn 0.29031371952018153 0.9372442641451822 -0.19310912351650586
vn 0.27571406335009324 0.9296474091090012 -0.24441245878208057
vn 0.30720734849210524 0.9291221577678259 -0.20580490999320034
vn 0.24210352481289885 0.9173133397100526 -0.31610460304013244
vn 0.23369395241377547 0.9199761809876412 -0.31469185407414507
vn 0.27489607230264745 0.9302867414378905 -0.24289653792808447
vn 0.10350366143765938 0.7357260294806625 -0.6693236897149375
vn 0.10729348043714927 0.7439548231743895 -0.6595599518855324
vn 0.09889914120283459 0.7372935930146927 -0.6682941848982575
vn 0.11240297736998045 0.7518198965618429 -0.6497171798652884
vn 0.11320422652500821 0.750828036597969 -0.6507242600021254
vn 0.10679754759247351 0.7433829254465399 -0.660284870327026
vn 0.4542973686514526 0.8084953332554464 -0.3740978440736202
vn 0.4542973686514526 0.8084953332554464 -0.3740978440736202
vn 0.4542973686514526 0.8084953332554464 -0.3740978440736202
vn 0.45679548418789817 0.808791962074468 -0.37039633868233107
vn 0.45679548418789817 0.808791962074468 -0.37039633868233107
vn 0.45679548418789817 0.808791962074468 -0.37039633868233107
vn -0.030300701829758445 0.7649177286252848 -0.6434149018350127
vn -0.034399402932399105 0.7624867277646968 -0.6460887485946336
vn -0.01600051218885807 0.7680245552619123 -0.6402204824311982
vn -0.04990190386576186 0.7614290489885621 -0.646324688795768
vn -0.03730033143196197 0.760806726827583 -0.6479057104926346
vn -0.03360092705668875 0.762921071206207 -0.6456178566385109
vn 0.4238882836002126 0.7706786611730471 -0.47578684748423344
vn 0.4158078831343067 0.7609144369586354 -0.498109449771122
vn 0.4238882836002126 0.7706786611730471 -0.47578684748423344
vn 0.4050075809307323 0.7484139795234908 -0.5252098386763602
vn 0.4050075809307323 0.7484139795234908 -0.5252098386763602
vn 0.4154125185333979 0.7613229728634905 -0.4978149961944059
vn 0.031199833045909252 0.8979952209867311 -0.43889765720826013
vn 0.036298127021535384 0.9171527089100449 -0.39687952140882143
vn 0.03049815330918925 0.8973456763754102 -0.44027332389674395
vn 0.04659748860410035 0.954148624076112 -0.2956840834902226
vn 0.052598473521906816 0.9537723418795696 -0.29589139975458323
vn 0.035999067380553564 0.9173762757182918 -0.39638975251255787
vn -0.05580232702776792 0.8793366938493586 -0.4729197385903503
vn -0.039398633075308456 0.9073685282331333 -0.418485485631025
vn -0.059300012972935266 0.8757001632615642 -0.47920009654118323
vn -0.011500235240298355 0.9481193630025996 -0.3177064967685782
vn -0.0024999440288257808 0.9456788381576988 -0.3250927334477929
vn -0.03960079954345116 0.9071183415494573 -0.4190084618478266
vn -0.08520342205115723 0.8371336822035101 -0.5403217328510532
vn -0.07269794662029193 0.8510759734016513 -0.5199852844606517
vn -0.09139885783453636 0.8276896985478734 -0.5536930663321264
vn -0.04809913085252107 0.8794841091937385 -0.47349147329907476
vn -0.0499980118585372 0.87136533635114 -0.488080576765618
vn -0.07300321614048022 0.8505374703414977 -0.5208229468622055
vn -0.07720308638642848 0.8230328849818461 -0.5627224481845992
vn -0.07720308638642848 0.8230328849818461 -0.5627224481845992
vn -0.07720308638642848 0.8230328849818461 -0.5627224481845992
vn -0.07969834374413444 0.8204829592836105 -0.5660882329899208
vn -0.07969834374413444 0.8204829592836105 -0.5660882329899208
vn -0.07969834374413444 0.8204829592836105 -0.5660882329899208
vn 0.038101380067109406 0.7554273549419307 -0.6541236857372006
vn 0.02519996425645717 0.7496989454771528 -0.6612990646839889
vn 0.07630064589654496 0.7612064282213349 -0.6440054231683826
vn -0.01260024161069587 0.7627146453924144 -0.6466124060171407
vn 0.020599712506362288 0.7479895722671821 -0.6633907231972822
vn 0.02610094514976424 0.7505271904071844 -0.6603239183323492
vn -0.42789505578723586 0.8203905460980898 -0.3792956275858137
vn -0.41250168100188755 0.8177033724902416 -0.401501628625218
vn -0.4640136661082214 0.8105239205826703 -0.3574105368174043
vn -0.37308433107037875 0.8179656378872437 -0.4378816017435337
vn -0.4058133130755302 0.8178267852680613 -0.40801336280662426
vn -0.41311667526950413 0.8175329862803701 -0.4012161873077548
vn -0.30418869090627454 0.842768706511934 -0.4440834917545673
vn -0.2723941243623671 0.8466817750996508 -0.4570901582040066
vn -0.30418869090627454 0.842768706511934 -0.4440834917545673
vn -0.23940735288955786 0.8496261137364645 -0.46991444565951307
vn -0.23940735288955786 0.8496261137364645 -0.46991444565951307
vn -0.2704888823156484 0.8468651648213386 -0.4578811605163052
vn -0.27960101438912527 0.8194030016272785 -0.5004018322076554
vn -0.26590355699452317 0.8202110411027727 -0.5065068078819537
vn -0.2829898252856406 0.8194705876501442 -0.49838209715150283
vn -0.24349001650027183 0.821266375753407 -0.5159788289470424
vn -0.24659578847807342 0.8193860116772854 -0.5174911409603733
vn -0.2651907961088671 0.8202715479011932 -0.5067824280329043
vn -0.13830309526227325 0.8921199319774655 -0.43010961487671573
vn -0.18169846924961186 0.8900924735335142 -0.4179964770561328
vn -0.1450028876640329 0.8809175937732159 -0.45050899608098754
vn -0.24341108828415453 0.8862404093338263 -0.3941179759464615
vn -0.23179091534467522 0.8893651295988586 -0.3940845566845813
vn -0.18079111880350265 0.889956238898532 -0.4186794289278575
vn -0.21710472166299125 0.9058197082660302 -0.36380791078325797
vn -0.249586989013072 0.8997531227922121 -0.35798135837086725
vn -0.2239953710567101 0.8978814025625733 -0.378992164401103
vn -0.3051885620522246 0.8900666133735068 -0.33858730831251127
vn -0.301611722375071 0.8926346656112264 -0.33501301866506195
vn -0.25078393266162413 0.8993423277690671 -0.3581770464472648
vn -0.6498909824371207 0.759589421604041 -0.025799642132258823
vn -0.6407010933994379 0.7673013399652663 -0.02740004752316185
vn -0.647032332932948 0.7622380703811417 -0.018500924327734612
vn -0.6444135064938316 0.7643160076413332 -0.023500491729705832
vn -0.6450881055586448 0.763685930123286 -0.02539953146202185
vn -0.6454947488956223 0.7633938029257784 -0.023799806778533515
vn -0.3480147393174556 0.8382354986501583 -0.419817805744973
vn -0.33410271043568185 0.835106749984803 -0.4370035411862821
vn -0.3795001643112123 0.8354003433407136 -0.3976001655356558
vn -0.2978114010938309 0.8325318401567516 -0.4671178700325456
vn -0.3298882524448073 0.8334703559792539 -0.4432842277847557
vn -0.33689349855210143 0.8349838752323723 -0.4350915980977517
vn -0.5927843700473269 0.7990788839227242 0.10039735004673897
vn -0.5912023377620713 0.801003174424494 0.09420037360088093
vn -0.5985085912769498 0.7939113914411841 0.10720153314017593
vn -0.5842875559210531 0.80768280187349 0.07909831574433944
vn -0.5880832848935088 0.8039771465299145 0.08819749365189897
vn -0.5903801331854877 0.8017730586358138 0.09279687918059346
vn -0.4792053977844349 0.7951089206324022 -0.3717041714388445
vn -0.5017306535860384 0.7853480227204296 -0.3626221648785943
vn -0.47339158637719964 0.7971858611464855 -0.3746933529373248
vn -0.527281896479462 0.7736734355303756 -0.3512879400145238
vn -0.5220981828161437 0.77789731510124 -0.34969880562901956
vn -0.5001952246006351 0.7862925382642576 -0.3626965419695519
vn -0.36680682645257173 0.8970166837421939 -0.24660458462070314
vn -0.33960902003939314 0.9093241895463566 -0.24040638887879942
vn -0.3620107846617299 0.8994268190575283 -0.24490730685027515
vn -0.28300723385916965 0.9324238467045928 -0.2247057535533782
vn -0.27710373331103594 0.9337126153943062 -0.226703049910253
vn -0.33880381305554763 0.9098101973797738 -0.23970269294023094
vn -0.42061220425183055 0.9051262569901034 -0.061901797562764455
vn -0.3313065594580652 0.9410186429635581 -0.0687013628327929
vn -0.42640577994170104 0.9026122129862181 -0.05890079626313972
vn -0.18740489118394044 0.9796255889413042 -0.07220188537523368
vn -0.18849222190592668 0.9774596762693315 -0.09509607535761286
vn -0.332294686637255 0.9406849323069703 -0.06849890045306774
vn -0.5090773978095516 0.8589618570699958 0.054997555748592705
vn -0.44929881524127463 0.892897653220465 0.029399923404209126
vn -0.5336294913212294 0.8431466513977502 0.06590364351844591
vn -0.33589938011101056 0.9417982358993875 -0.013699974373712991
vn -0.36281552289917113 0.9316398290363863 -0.02030086935217119
vn -0.4493786359532039 0.8928575271216531 0.02939860219541512
vn -0.5284975225751548 0.8410960020764232 0.11509945231399343
vn -0.5064110737339526 0.8568187742645699 0.09700212609724185
vn -0.5386650613937274 0.8339459243791291 0.11989223012827896
vn -0.4724024569333268 0.8783045612524892 0.07360038292311188
vn -0.4832233282639056 0.8720420534254678 0.0777037455921363
vn -0.5061110228284483 0.8570186605105176 0.09680210797446641
vn -0.6233095594154948 0.7810119761897557 0.03880059522010282
vn -0.6288696873065837 0.7758626187386418 0.05059756151175986
vn -0.615278393172968 0.7882722962650983 0.007699729569256214
vn -0.6150225151371388 0.7841286898149898 0.08300303418198272
vn -0.6325040015666774 0.77240491694412 0.05770036639994395
vn -0.6294927626472564 0.7752911469753666 0.051599410813936875
vn -0.07340101991538873 -0.9521132313744928 -0.2968041187669107
vn -0.07340101991538873 -0.9521132313744928 -0.2968041187669107
vn -0.07340101991538873 -0.9521132313744928 -0.2968041187669107
vn -0.5460169096316698 -0.7992247440359014 -0.25120776842492115
vn -0.5460169096316698 -0.7992247440359014 -0.25120776842492115
vn -0.5460169096316698 -0.7992247440359014 -0.25120776842492115
vn 0.17009798752419264 -0.9586886391135621 -0.2279972979550548
vn 0.17009798752419264 -0.9586886391135621 -0.2279972979550548
vn 0.17009798752419264 -0.9586886391135621 -0.2279972979550548
vn 0.18390232085748076 -0.9817123995393146 0.04920061965050029
vn 0.18390232085748076 -0.9817123995393146 0.04920061965050029
vn 0.18390232085748076 -0.9817123995393146 0.04920061965050029
vn -0.06960085745599026 -0.9871121521310814 0.14410176874881017
vn -0.06960085745599026 -0.9871121521310814 0.14410176874881017
vn -0.06960085745599026 -0.9871121521310814 0.14410176874881017
vn -0.8221981436292395 -0.5062988292292437 -0.2600994197104824
vn -0.8221981436292395 -0.5062988292292437 -0.2600994197104824
vn -0.8221981436292395 -0.5062988292292437 -0.2600994197104824
vn -0.04509924589826198 -0.451392466517954 -0.891185109385388
vn -0.04509924589826198 -0.451392466517954 -0.891185109385388
vn -0.04509924589826198 -0.451392466517954 -0.891185109385388
vn 0.7815903779298652 -0.5019937952423772 -0.37029543700348894
vn 0.7815903779298652 -0.5019937952423772 -0.37029543700348894
vn 0.7815903779298652 -0.5019937952423772 -0.37029543700348894
vn 0.5379063752895084 -0.5773068854929949 0.6143073264948747
vn 0.5379063752895084 -0.5773068854929949 0.6143073264948747
vn 0.5379063752895084 -0.5773068854929949 0.6143073264948747
vn -0.4599840902049322 -0.5588806581254956 0.6899761204067527
vn -0.4599840902049322 -0.5588806581254956 0.6899761204067527
vn -0.4599840902049322 -0.5588806581254956 0.6899761204067527
vn -0.8032838488424079 -0.16739663192415152 -0.5715885109144321
vn -0.8032838488424079 -0.16739663192415152 -0.5715885109144321
vn -0.8032838488424079 -0.16739663192415152 -0.5715885109144321
vn 0.2632014713694573 -0.16280090004744216 -0.9509052804631465
vn 0.2632014713694573 -0.16280090004744216 -0.9509052804631465
vn 0.2632014713694573 -0.16280090004744216 -0.9509052804631465
vn 0.9715041272770634 -0.22550096526681188 -0.07300031059774882
vn 0.9715041272770634 -0.22550096526681188 -0.07300031059774882
vn 0.9715041272770634 -0.22550096526681188 -0.07300031059774882
vn 0.3331083707301257 -0.2628066192004062 0.9055227740117715
vn 0.3331083707301257 -0.2628066192004062 0.9055227740117715
vn 0.3331083707301257 -0.2628066192004062 0.9055227740117715
vn -0.7686206872153508 -0.2354063460447195 0.5948160147696729
vn -0.7686206872153508 -0.2354063460447195 0.5948160147696729
vn -0.7686206872153508 -0.2354063460447195 0.5948160147696729
vn -0.2569923353230896 0.9295722789076296 -0.26429210709300605
vn -0.2569923353230896 0.9295722789076296 -0.26429210709300605
vn -0.2569923353230896 0.9295722789076296 -0.26429210709300605
vn 0.26259087084993565 0.9313676048469696 -0.25219123535105564
vn 0.26259087084993565 0.9313676048469696 -0.25219123535105564
vn 0.26259087084993565 0.9313676048469696 -0.25219123535105564
vn 0.4081122458833516 0.8840265101647015 0.22790683203025255
vn 0.4081122458833516 0.8840265101647015 0.22790683203025255
vn 0.4081122458833516 0.8840265101647015 0.22790683203025255
vn 0.005099910357597413 0.8769845276281178 0.4804915495773378
vn 0.005099910357597413 0.8769845276281178 0.4804915495773378
vn 0.005099910357597413 0.8769845276281178 0.4804915495773378
vn -0.4072072679170138 0.89421596818209 0.18590331681744893
vn -0.4072072679170138 0.89421596818209 0.18590331681744893
vn -0.4072072679170138 0.89421596818209 0.18590331681744893
vn -0.09739844248415212 0.9822842536177152 0.16009743438403257
vn -0.09739844248415212 0.9822842536177152 0.16009743438403257
vn -0.09739844248415212 0.9822842536177152 0.16009743438403257
vn -0.22419235755566672 0.9402679545026456 0.2561912577529586
vn -0.22419235755566672 0.9402679545026456 0.2561912577529586
vn -0.22419235755566672 0.9402679545026456 0.2561912577529586
vn -0.20549467959956774 0.8835770914362755 0.4207890922365772
vn -0.20549467959956774 0.8835770914362755 0.4207890922365772
vn -0.20549467959956774 0.8835770914362755 0.4207890922365772
vn 0.045801010399984875 0.978621605034465 0.20050441792167106
vn 0.045801010399984875 0.978621605034465 0.20050441792167106
vn 0.045801010399984875 0.978621605034465 0.20050441792167106
vn 0.10509497057049723 0.9287555542843056 0.3554830059888076
vn 0.10509497057049723 0.9287555542843056 0.3554830059888076
vn 0.10509497057049723 0.9287555542843056 0.3554830059888076
vn 0.2962015900098752 0.8716046298334915 0.39060208310817274
vn 0.2962015900098752 0.8716046298334915 0.39060208310817274
vn 0.2962015900098752 0.8716046298334915 0.39060208310817274
vn 0.11709494133891693 0.9885573053966163 0.09509589191871713
vn 0.11709494133891693 0.9885573053966163 0.09509589191871713
vn 0.11709494133891693 0.9885573053966163 0.09509589191871713
vn 0.30530930378635557 0.9486289103463443 0.08300252692899437
vn 0.30530930378635557 0.9486289103463443 0.08300252692899437
vn 0.30530930378635557 0.9486289103463443 0.08300252692899437
vn 0.39729348357260974 0.9142850169489986 -0.07899870690910124
vn 0.39729348357260974 0.9142850169489986 -0.07899870690910124
vn 0.39729348357260974 0.9142850169489986 -0.07899870690910124
vn 0.028498698462328144 0.9994543309589919 -0.01669923690672728
vn 0.028498698462328144 0.9994543309589919 -0.01669923690672728
vn 0.028498698462328144 0.9994543309589919 -0.01669923690672728
vn 0.07640363738129453 0.9787466177933994 -0.19030907060066538
vn 0.07640363738129453 0.9787466177933994 -0.19030907060066538
vn 0.07640363738129453 0.9787466177933994 -0.19030907060066538
vn -0.054301035584679996 0.9380179292543523 -0.3423065321196901
vn -0.054301035584679996 0.9380179292543523 -0.3423065321196901
vn -0.054301035584679996 0.9380179292543523 -0.3423065321196901
vn -0.10299787928687451 0.9941795200467187 0.031599347811029195
vn -0.10299787928687451 0.9941795200467187 0.031599347811029195
vn -0.10299787928687451 0.9941795200467187 0.031599347811029195
vn -0.26180437956826935 0.9618161014374859 -0.07980133992903496
vn -0.26180437956826935 0.9618161014374859 -0.07980133992903496
vn -0.26180437956826935 0.9618161014374859 -0.07980133992903496
vn -0.41688128545779296 0.9088592027609744 -0.013599389388648566
vn -0.41688128545779296 0.9088592027609744 -0.013599389388648566
vn -0.41688128545779296 0.9088592027609744 -0.013599389388648566
vn -0.7409837367031008 0.580087270616806 0.33829256629410925
vn -0.7409837367031008 0.580087270616806 0.33829256629410925
vn -0.7409837367031008 0.580087270616806 0.33829256629410925
vn -0.7223124974691234 0.3538061237328051 0.5942103018368872
vn -0.7223124974691234 0.3538061237328051 0.5942103018368872
vn -0.7223124974691234 0.3538061237328051 0.5942103018368872
vn -0.4578854249108008 0.5615821686654876 0.6891780651553148
vn -0.4578854249108008 0.5615821686654876 0.6891780651553148
vn -0.4578854249108008 0.5615821686654876 0.6891780651553148
vn 0.06560205969778034 0.5415169716116718 0.8381263265283658
vn 0.06560205969778034 0.5415169716116718 0.8381263265283658
vn 0.06560205969778034 0.5415169716116718 0.8381263265283658
vn 0.3279933786435403 0.31509364456269445 0.8905820224562102
vn 0.3279933786435403 0.31509364456269445 0.8905820224562102
vn 0.3279933786435403 0.31509364456269445 0.8905820224562102
vn 0.4889724864640717 0.5352699058918143 0.6887612324512113
vn 0.4889724864640717 0.5352699058918143 0.6887612324512113
vn 0.4889724864640717 0.5352699058918143 0.6887612324512113
vn 0.7979023900462524 0.5499016279834503 0.24690074017634905
vn 0.7979023900462524 0.5499016279834503 0.24690074017634905
vn 0.7979023900462524 0.5499016279834503 0.24690074017634905
vn 0.9376306407506166 0.347511346566799 -0.009200300697152258
vn 0.9376306407506166 0.347511346566799 -0.009200300697152258
vn 0.9376306407506166 0.347511346566799 -0.009200300697152258
vn 0.7883342831124506 0.5791252141231082 -0.20770903792671716
vn 0.7883342831124506 0.5791252141231082 -0.20770903792671716
vn 0.7883342831124506 0.5791252141231082 -0.20770903792671716
vn 0.44202082143054094 0.6145289312920248 -0.6534307813586316
vn 0.44202082143054094 0.6145289312920248 -0.6534307813586316
vn 0.44202082143054094 0.6145289312920248 -0.6534307813586316
vn 0.2553958425535832 0.40659337657906314 -0.8771857213431951
vn 0.2553958425535832 0.40659337657906314 -0.8771857213431951
vn 0.2553958425535832 0.40659337657906314 -0.8771857213431951
vn -0.011600168865323822 0.629009172682303 -0.7773113255085253
vn -0.011600168865323822 0.629009172682303 -0.7773113255085253
vn -0.011600168865323822 0.629009172682303 -0.7773113255085253
vn -0.5318171121714697 0.6203199874488452 -0.5765185793823674
vn -0.5318171121714697 0.6203199874488452 -0.5765185793823674
vn -0.5318171121714697 0.6203199874488452 -0.5765185793823674
vn -0.7707358696395445 0.4071189508243881 -0.4901228204548573
vn -0.7707358696395445 0.4071189508243881 -0.4901228204548573
vn -0.7707358696395445 0.4071189508243881 -0.4901228204548573
vn -0.7720566730142792 0.6035661757640407 -0.19908883727545706
vn -0.7720566730142792 0.6035661757640407 -0.19908883727545706
vn -0.7720566730142792 0.6035661757640407 -0.19908883727545706
vn -0.25309845086403804 0.20809872588695746 0.9447942074623706
vn -0.25309845086403804 0.20809872588695746 0.9447942074623706
vn -0.25309845086403804 0.20809872588695746 0.9447942074623706
vn -0.25518704802267644 -0.3557819470861331 0.899054379139033
vn -0.25518704802267644 -0.3557819470861331 0.899054379139033
vn -0.25518704802267644 -0.3557819470861331 0.899054379139033
vn 0.004500165850805511 -0.5630207973812441 0.8264304751299428
vn 0.004500165850805511 -0.5630207973812441 0.8264304751299428
vn 0.004500165850805511 -0.5630207973812441 0.8264304751299428
vn 0.8097163537336765 0.20670416884710374 0.5492110824423226
vn 0.8097163537336765 0.20670416884710374 0.5492110824423226
vn 0.8097163537336765 0.20670416884710374 0.5492110824423226
vn 0.7941249832795317 -0.3551111837240822 0.49321552907969635
vn 0.7941249832795317 -0.3551111837240822 0.49321552907969635
vn 0.7941249832795317 -0.3551111837240822 0.49321552907969635
vn 0.8116599328865794 -0.5515727605396733 0.19229051764764096
vn 0.8116599328865794 -0.5515727605396733 0.19229051764764096
vn 0.8116599328865794 -0.5515727605396733 0.19229051764764096
vn 0.7662281406538495 0.2629096484629908 -0.5863215442188792
vn 0.7662281406538495 0.2629096484629908 -0.5863215442188792
vn 0.7662281406538495 0.2629096484629908 -0.5863215442188792
vn 0.7315023685901721 -0.28460089968246943 -0.6196019792147994
vn 0.7315023685901721 -0.28460089968246943 -0.6196019792147994
vn 0.7315023685901721 -0.28460089968246943 -0.6196019792147994
vn 0.4812838866579606 -0.4676843500684427 -0.7413751878397775
vn 0.4812838866579606 -0.4676843500684427 -0.7413751878397775
vn 0.4812838866579606 -0.4676843500684427 -0.7413751878397775
vn -0.3342014729565267 0.3026013347167967 -0.8926039478409789
vn -0.3342014729565267 0.3026013347167967 -0.8926039478409789
vn -0.3342014729565267 0.3026013347167967 -0.8926039478409789
vn -0.31099494417581147 -0.2523959161542955 -0.9162851336814963
vn -0.31099494417581147 -0.2523959161542955 -0.9162851336814963
vn -0.31099494417581147 -0.2523959161542955 -0.9162851336814963
vn -0.495996154302108 -0.4684963634955594 -0.7310943662133884
vn -0.495996154302108 -0.4684963634955594 -0.7310943662133884
vn -0.495996154302108 -0.4684963634955594 -0.7310943662133884
vn -0.9617009207356684 0.26920024869986153 0.05160004996218984
vn -0.9617009207356684 0.26920024869986153 0.05160004996218984
vn -0.9617009207356684 0.26920024869986153 0.05160004996218984
vn -0.9532834369543707 -0.3018947542808378 0.010499817435312945
vn -0.9532834369543707 -0.3018947542808378 0.010499817435312945
vn -0.9532834369543707 -0.3018947542808378 0.010499817435312945
vn -0.8084309086491283 -0.5357205216854678 0.2438093283403967
vn -0.8084309086491283 -0.5357205216854678 0.2438093283403967
vn -0.8084309086491283 -0.5357205216854678 0.2438093283403967
vn -0.34660186857581654 -0.841804522215864 0.41380223667432414
vn -0.34660186857581654 -0.841804522215864 0.41380223667432414
vn -0.34660186857581654 -0.841804522215864 0.41380223667432414
vn -0.12779498760657776 -0.9241637312127922 0.35998588729766196
vn -0.12779498760657776 -0.9241637312127922 0.35998588729766196
vn -0.12779498760657776 -0.9241637312127922 0.35998588729766196
vn 0.03489820768878882 -0.8539561524173368 0.5191733861136263
vn 0.03489820768878882 -0.8539561524173368 0.5191733861136263
vn 0.03489820768878882 -0.8539561524173368 0.5191733861136263
vn 0.32749466789805803 -0.8519861637015534 0.4084933528950626
vn 0.32749466789805803 -0.8519861637015534 0.4084933528950626
vn 0.32749466789805803 -0.8519861637015534 0.4084933528950626
vn 0.3471864090559003 -0.923663800692152 0.16219365171854763
vn 0.3471864090559003 -0.923663800692152 0.16219365171854763
vn 0.3471864090559003 -0.923663800692152 0.16219365171854763
vn 0.5613896878651573 -0.8259848082094297 0.050899066454041436
vn 0.5613896878651573 -0.8259848082094297 0.050899066454041436
vn 0.5613896878651573 -0.8259848082094297 0.050899066454041436
vn 0.5400847996599462 -0.8004774787008926 -0.25989269952989796
vn 0.5400847996599462 -0.8004774787008926 -0.25989269952989796
vn 0.5400847996599462 -0.8004774787008926 -0.25989269952989796
vn 0.34019747231785763 -0.8708934867010074 -0.3546973564185431
vn 0.34019747231785763 -0.8708934867010074 -0.3546973564185431
vn 0.34019747231785763 -0.8708934867010074 -0.3546973564185431
vn 0.2936023183938149 -0.7650060447328617 -0.5732045273337955
vn 0.2936023183938149 -0.7650060447328617 -0.5732045273337955
vn 0.2936023183938149 -0.7650060447328617 -0.5732045273337955
vn -0.5353915738601412 -0.8264870321634062 0.17399726522358214
vn -0.5353915738601412 -0.8264870321634062 0.17399726522358214
vn -0.5353915738601412 -0.8264870321634062 0.17399726522358214
vn -0.4274088625204746 -0.9026187214882609 -0.051001057418950634
vn -0.4274088625204746 -0.9026187214882609 -0.051001057418950634
vn -0.4274088625204746 -0.9026187214882609 -0.051001057418950634
vn -0.23269840337490358 -0.9704933118993171 -0.0631995619088106
vn -0.23269840337490358 -0.9704933118993171 -0.0631995619088106
vn -0.23269840337490358 -0.9704933118993171 -0.0631995619088106
vn 0.014100431552678013 -0.7571231442297641 -0.653119990738045
vn 0.014100431552678013 -0.7571231442297641 -0.653119990738045
vn 0.014100431552678013 -0.7571231442297641 -0.653119990738045
vn -0.1472076104165114 -0.8596444308098712 -0.48922527736517574
vn -0.1472076104165114 -0.8596444308098712 -0.48922527736517574
vn -0.1472076104165114 -0.8596444308098712 -0.48922527736517574
vn -0.36020663318755525 -0.7792143928476913 -0.5129094572989367
vn -0.36020663318755525 -0.7792143928476913 -0.5129094572989367
vn -0.36020663318755525 -0.7792143928476913 -0.5129094572989367
vn -0.01889946501457031 0.9966717994046871 0.07929775843985967
vn -0.0004999965387849874 0.9999930300728546 0.0036999742123871413
vn -0.04960149490423 0.9974300179791199 0.05170155643148655
vn 0.0009999993676938646 0.9996993302232254 -0.02449998270406342
vn 0.0026999717474798556 0.9999895101648639 0.003699961188727572
vn -0.002600010801278789 0.9999041346064933 0.013600056642277732
vn -0.010100491377126689 0.9999486686883723 -0.000800038931911019
vn -0.001399945598246952 0.9999611772599315 0.008699662364346182
vn 0.008799656420439077 0.9999609622864695 -0.0007999687496202646
vn -0.0044998242940607145 0.9999609972818344 0.0075997037074869295
vn -0.001399945598246952 0.9999611772599315 0.008699662364346182
vn 0.0075997392715694105 0.9999656767662924 0.0032998867154479853
vn 0.0023999844541452995 0.9999934750634001 -0.0026999824527061808
vn -0.0018999678658540077 0.9999830704300281 0.005499906857563337
vn -0.0006999701814425482 0.9999574377156156 -0.009199608631120883
vn 0.022900424338349514 0.9997185249554156 0.006200115006341462
vn 0.009599684615951452 0.9994670930848026 -0.03119897267361238
vn 0.013099619711751189 0.9998709491657122 0.009299729988827351
vn -0.002600016023691881 0.9997061682109066 0.02410014850043258
vn -0.0039998616171764 0.999965356798294 0.007299747276729995
vn -0.010699534640607002 0.999756501534638 0.019299160543802756
vn -0.009200449855756363 0.9999488536917034 0.004200205125966664
vn 0.0003999844707989172 0.9999612022584377 0.008799658532192386
vn 0.0048998312618403796 0.9999655517811944 0.0066997689913050615
vn -0.024200082797253372 0.999603418650901 -0.014400049098455173
vn -0.015299747697497871 0.9997835337072152 -0.014099767668538668
vn -0.010099773862594651 0.9994776369175338 -0.030699313830552345
vn 0.026700908187204397 -0.9990340177835649 -0.03490118641545389
vn 0.0004999965387849874 -0.9999930300728546 -0.0036999742123871413
vn 0.036199194639708776 -0.9975777742593871 -0.05939867516303831
vn -0.01730085836054582 -0.9998496087697499 -0.0012000595677239066
vn 0.001899988052650325 -0.9999936950594898 -0.002999981111255337
vn -0.01030020951693648 -0.9999203035819562 -0.007300148524233575
vn 0.008499657677621501 -0.9999596724357803 -0.002899883013184876
vn 0.001399945598246952 -0.9999611772599315 -0.008699662364346182
vn 0.009100453465839334 -0.9999497687340742 -0.004200208969528904
vn -0.008800433706394781 -0.9999492687126853 -0.0049002415802760465
vn 0.001399945598246952 -0.9999611772599315 -0.008699662364346182
vn 0.008699634310249492 -0.9999579526511619 -0.0028998780258095466
vn -0.008199689892826663 -0.9999621771457378 -0.0028998902768436604
vn 0.001399958147953643 -0.999970141336459 -0.007599773202303249
vn 0.009400456846692131 -0.9999485936819688 0.0038001848016033534
vn -0.006800161314276574 -0.9998237311052853 -0.017500414989528482
vn -0.03939925917093599 -0.9991811955578757 0.00919982718944844
vn 0.005999810941091225 -0.9999684814898009 -0.005199836117902622
vn -0.006899810523081861 -0.999972551130563 0.0026999259580860555
vn 0.015599653761257342 -0.9998778179591588 0.000999977879832356
vn 0.010199693021118788 -0.9998698543679286 -0.012499623535610859
vn -0.005699755638825131 -0.9999571127573269 -0.007299687095229517
vn 0.00129995083382537 -0.9999621771434447 -0.008599675015485338
vn 0.010200462934741042 -0.9999453285434519 -0.0023001043552869326
vn 0.00350003338850628 -0.9998095332215269 0.019200183479119514
vn 0.0004999986438543879 -0.9996972508622104 0.024599931298580874
vn 0.009599714405811949 -0.9995702082572457 0.027699174137386172
vn 0.1451997184322637 -0.0028999943552355796 0.9893981159270169
vn 0.1451997184322637 -0.0028999943552355796 0.9893981159270169
vn 0.1451997184322637 -0.0028999943552355796 0.9893981159270169
vn 0.1451997184322637 -0.0028999943552355796 0.9893981159270169
vn 0.1451997184322637 -0.0028999943552355796 0.9893981159270169
vn 0.1451997184322637 -0.0028999943552355796 0.9893981159270169
vn 0.9866242654355787 -0.0015000369332464284 0.16300401449934832
vn 0.9866242654355787 -0.0015000369332464284 0.16300401449934832
vn 0.9866242654355787 -0.0015000369332464284 0.16300401449934832
vn 0.9866242654355787 -0.0015000369332464284 0.16300401449934832
vn 0.9866242654355787 -0.0015000369332464284 0.16300401449934832
vn 0.9866242654355787 -0.0015000369332464284 0.16300401449934832
vn -0.3503107485766821 0.0030000919577698668 -0.9366287305436929
vn -0.3503107485766821 0.0030000919577698668 -0.9366287305436929
vn -0.3503107485766821 0.0030000919577698668 -0.9366287305436929
vn -0.3503107485766821 0.0030000919577698668 -0.9366287305436929
vn -0.3503107485766821 0.0030000919577698668 -0.9366287305436929
vn -0.3503107485766821 0.0030000919577698668 -0.9366287305436929
vn -0.7825630764551792 -0.0008999575385523819 0.6225706557856981
vn -0.7825630764551792 -0.0008999575385523819 0.6225706557856981
vn -0.7825630764551792 -0.0008999575385523819 0.6225706557856981
vn -0.7825630764551792 -0.0008999575385523819 0.6225706557856981
vn -0.7825630764551792 -0.0008999575385523819 0.6225706557856981
vn -0.7825630764551792 -0.0008999575385523819 0.6225706557856981
vn 0.5649252856458291 -0.0029001298682550156 0.8251369649244455
vn 0.5649252856458291 -0.0029001298682550156 0.8251369649244455
vn 0.5649252856458291 -0.0029001298682550156 0.8251369649244455
vn 0.5649252856458291 -0.0029001298682550156 0.8251369649244455
vn 0.5649252856458291 -0.0029001298682550156 0.8251369649244455
vn 0.5649252856458291 -0.0029001298682550156 0.8251369649244455
vn 0.2672098109295621 0.002400088297796899 -0.9636353856719617
vn 0.2672098109295621 0.002400088297796899 -0.9636353856719617
vn 0.2672098109295621 0.002400088297796899 -0.9636353856719617
vn 0.2672098109295621 0.002400088297796899 -0.9636353856719617
vn 0.2672098109295621 0.002400088297796899 -0.9636353856719617
vn 0.2672098109295621 0.002400088297796899 -0.9636353856719617
vn -0.9990441138608275 0.0010000441926303347 0.043701927550701104
vn -0.9990441138608275 0.0010000441926303347 0.043701927550701104
vn -0.9990441138608275 0.0010000441926303347 0.043701927550701104
vn -0.9990441138608275 0.0010000441926303347 0.043701927550701104
vn -0.9990441138608275 0.0010000441926303347 0.043701927550701104
vn -0.9990441138608275 0.0010000441926303347 0.043701927550701104
vn -0.7624026055956563 -0.0010000035025220341 0.6471022075174441
vn -0.7624026055956563 -0.0010000035025220341 0.6471022075174441
vn -0.7624026055956563 -0.0010000035025220341 0.6471022075174441
vn -0.7624026055956563 -0.0010000035025220341 0.6471022075174441
vn -0.7624026055956563 -0.0010000035025220341 0.6471022075174441
vn -0.7624026055956563 -0.0010000035025220341 0.6471022075174441
vn 0.7570991296674385 0.0009999989163272322 -0.6532992483226768
vn 0.7570991296674385 0.0009999989163272322 -0.6532992483226768
vn 0.7570991296674385 0.0009999989163272322 -0.6532992483226768
vn 0.7570991296674385 0.0009999989163272322 -0.6532992483226768
vn 0.7570991296674385 0.0009999989163272322 -0.6532992483226768
vn 0.7570991296674385 0.0009999989163272322 -0.6532992483226768
vn -0.8339047405096796 0.0024000138298458126 -0.551903183256901
vn -0.8339047405096796 0.0024000138298458126 -0.551903183256901
vn -0.8339047405096796 0.0024000138298458126 -0.551903183256901
vn -0.8339045362011027 0.0025000136189561786 -0.5519030480393534
vn -0.8339045362011027 0.0025000136189561786 -0.5519030480393534
vn -0.8339045362011027 0.0025000136189561786 -0.5519030480393534
vn 0.9993972767115128 -0.0009999973029164483 -0.0346999035590332
vn 0.9993972767115128 -0.0009999973029164483 -0.0346999035590332
vn 0.9993972767115128 -0.0009999973029164483 -0.0346999035590332
vn 0.9993972767115128 -0.0009999973029164483 -0.0346999035590332
vn 0.9993972767115128 -0.0009999973029164483 -0.0346999035590332
vn 0.9993972767115128 -0.0009999973029164483 -0.0346999035590332
f 1/1/1 2/2/2 3/3/3
f 4/4/4 5/5/5 6/6/6
f 7/7/7 8/8/8 9/9/9
f 10/10/10 11/11/11 12/12/12
f 13/13/13 14/14/14 15/15/15
f 16/16/16 17/17/17 18/18/18
f 19/19/19 20/20/20 21/21/21
f 22/22/22 23/23/23 24/24/24
f 25/25/25 26/26/26 27/27/27
f 28/28/28 29/29/29 30/30/30
f 31/31/31 32/32/32 33/33/33
f 34/34/34 35/35/35 36/36/36
f 37/37/37 38/38/38 39/39/39
f 40/40/40 41/41/41 42/42/42
f 43/43/43 44/44/44 45/45/45
f 46/46/46 47/47/47 48/48/48
f 49/49/49 50/50/50 51/51/51
f 52/52/52 53/53/53 54/54/54
f 55/55/55 56/56/56 57/57/57
f 58/58/58 59/59/59 60/60/60
f 61/61/61 62/62/62 63/63/63
f 64/64/64 65/65/65 66/66/66
f 67/67/67 68/68/68 69/69/69
f 70/70/70 71/71/71 72/72/72
f 73/73/73 74/74/74 75/75/75
f 76/76/76 77/77/77 78/78/78
f 79/79/79 80/80/80 81/81/81
f 82/82/82 83/83/83 84/84/84
f 85/85/85 86/86/86 87/87/87
f 88/88/88 89/89/89 90/90/90
f 91/91/91 92/92/92 93/93/93
f 94/94/94 95/95/95 96/96/96
f 97/97/97 98/98/98 99/99/99
f 100/100/100 101/101/101 102/102/102
f 103/103/103 104/104/104 105/105/105
f 106/106/106 107/107/107 108/108/108
f 109/109/109 110/110/110 111/111/111
f 112/112/112 113/113/113 114/114/114
f 115/115/115 116/116/116 117/117/117
f 118/118/118 119/119/119 120/120/120
f 121/121/121 122/122/122 123/123/123
f 124/124/124 125/125/125 126/126/126
f 127/127/127 128/128/128 129/129/129
f 130/130/130 131/131/131 132/132/132
f 133/133/133 134/134/134 135/135/135
f 136/136/136 137/137/137 138/138/138
f 139/139/139 140/140/140 141/141/141
f 142/142/142 143/143/143 144/144/144
f 145/145/145 146/146/146 147/147/147
f 148/148/148 149/149/149 150/150/150
f 151/151/151 152/152/152 153/153/153
f 154/154/154 155/155/155 156/156/156
f 157/157/157 158/158/158 159/159/159
f 160/160/160 161/161/161 162/162/162
f 163/163/163 164/164/164 165/165/165
f 166/166/166 167/167/167 168/168/168
f 169/169/169 170/170/170 171/171/171
f 172/172/172 173/173/173 174/174/174
f 175/175/175 176/176/176 177/177/177
f 178/178/178 179/179/179 180/180/180
f 181/181/181 182/182/182 183/183/183
f 184/184/184 185/185/185 186/186/186
f 187/187/187 188/188/188 189/189/189
f 190/190/190 191/191/191 192/192/192
f 193/193/193 194/194/194 195/195/195
f 196/196/196 197/197/197 198/198/198
f 199/199/199 200/200/200 201/201/201
f 202/202/202 203/203/203 204/204/204
f 205/205/205 206/206/206 207/207/207
f 208/208/208 209/209/209 210/210/210
f 211/211/211 212/212/212 213/213/213
f 214/214/214 215/215/215 216/216/216
f 217/217/217 218/218/218 219/219/219
f 220/220/220 221/221/221 222/222/222
f 223/223/223 224/224/224 225/225/225
f 226/226/226 227/227/227 228/228/228
f 229/229/229 230/230/230 231/231/231
f 232/232/232 233/233/233 234/234/234
f 235/235/235 236/236/236 237/237/237
f 238/238/238 239/239/239 240/240/240
f 241/241/241 242/242/242 243/243/243
f 244/244/244 245/245/245 246/246/246
f 247/247/247 248/248/248 249/249/249
f 250/250/250 251/251/251 252/252/252
f 253/253/253 254/254/254 255/255/255
f 256/256/256 257/257/257 258/258/258
f 259/259/259 260/260/260 261/261/261
f 262/262/262 263/263/263 264/264/264
f 265/265/265 266/266/266 267/267/267
f 268/268/268 269/269/269 270/270/270
f 271/271/271 272/272/272 273/273/273
f 274/274/274 275/275/275 276/276/276
f 277/277/277 278/278/278 279/279/279
f 280/280/280 281/281/281 282/282/282
f 283/283/283 284/284/284 285/285/285
f 286/286/286 287/287/287 288/288/288
f 289/289/289 290/290/290 291/291/291
f 292/292/292 293/293/293 294/294/294
f 295/295/295 296/296/296 297/297/297
f 298/298/298 299/299/299 300/300/300
f 301/301/301 302/302/302 303/303/303
f 304/304/304 305/305/305 306/306/306
f 307/307/307 308/308/308 309/309/309
f 310/310/310 311/311/311 312/312/312
f 313/313/313 314/314/314 315/315/315
f 316/316/316 317/317/317 318/318/318
f 319/319/319 320/320/320 321/321/321
f 322/322/322 323/323/323 324/324/324
f 325/325/325 326/326/326 327/327/327
f 328/328/328 329/329/329 330/330/330
f 331/331/331 332/332/332 333/333/333
f 334/334/334 335/335/335 336/336/336
f 337/337/337 338/338/338 339/339/339
f 340/340/340 341/341/341 342/342/342
f 343/343/343 344/344/344 345/345/345
f 346/346/346 347/347/347 348/348/348
f 349/349/349 350/350/350 351/351/351
f 352/352/352 353/353/353 354/354/354
f 355/355/355 356/356/356 357/357/357
f 358/358/358 359/359/359 360/360/360
f 361/361/361 362/362/362 363/363/363
f 364/364/364 365/365/365 366/366/366
f 367/367/367 368/368/368 369/369/369
f 370/370/370 371/371/371 372/372/372
f 373/373/373 374/374/374 375/375/375
f 376/376/376 377/377/377 378/378/378
f 379/379/379 380/380/380 381/381/381
f 382/382/382 383/383/383 384/384/384
f 385/385/385 386/386/386 387/387/387
f 388/388/388 389/389/389 390/390/390
f 391/391/391 392/392/392 393/393/393
f 394/394/394 395/395/395 396/396/396
f 397/397/397 398/398/398 399/399/399
f 400/400/400 401/401/401 402/402/402
f 403/403/403 404/404/404 405/405/405
f 406/406/406 407/407/407 408/408/408
f 409/409/409 410/410/410 411/411/411
f 412/412/412 413/413/413 414/414/414
f 415/415/415 416/416/416 417/417/417
f 418/418/418 419/419/419 420/420/420
f 421/421/421 422/422/422 423/423/423
f 424/424/424 425/425/425 426/426/426
f 427/427/427 428/428/428 429/429/429
f 430/430/430 431/431/431 432/432/432
f 433/433/433 434/434/434 435/435/435
f 436/436/436 437/437/437 438/438/438
f 439/439/439 440/440/440 441/441/441
f 442/442/442 443/443/443 444/444/444
f 445/445/445 446/446/446 447/447/447
f 448/448/448 449/449/449 450/450/450
f 451/451/451 452/452/452 453/453/453
f 454/454/454 455/455/455 456/456/456
f 457/457/457 458/458/458 459/459/459
f 460/460/460 461/461/461 462/462/462
f 463/463/463 464/464/464 465/465/465
f 466/466/466 467/467/467 468/468/468
f 469/469/469 470/470/470 471/471/471
f 472/472/472 473/473/473 474/474/474
f 475/475/475 476/476/476 477/477/477
f 478/478/478 479/479/479 480/480/480
f 481/481/481 482/482/482 483/483/483
f 484/484/484 485/485/485 486/486/486
f 487/487/487 488/488/488 489/489/489
f 490/490/490 491/491/491 492/492/492
f 493/493/493 494/494/494 495/495/495
f 496/496/496 497/497/497 498/498/498
f 499/499/499 500/500/500 501/501/501
f 502/502/502 503/503/503 504/504/504
f 505/505/505 506/506/506 507/507/507
f 508/508/508 509/509/509 510/510/510
f 511/511/511 512/512/512 513/513/513
f 514/514/514 515/515/515 516/516/516
f 517/517/517 518/518/518 519/519/519
f 520/520/520 521/521/521 522/522/522
f 523/523/523 524/524/524 525/525/525
f 526/526/526 527/527/527 528/528/528
f 529/529/529 530/530/530 531/531/531
f 532/532/532 533/533/533 534/534/534
f 535/535/535 536/536/536 537/537/537
f 538/538/538 539/539/539 540/540/540
f 541/541/541 542/542/542 543/543/543
f 544/544/544 545/545/545 546/546/546
f 547/547/547 548/548/548 549/549/549
f 550/550/550 551/551/551 552/552/552
f 553/553/553 554/554/554 555/555/555
f 556/556/556 557/557/557 558/558/558
f 559/559/559 560/560/560 561/561/561
f 562/562/562 563/563/563 564/564/564
f 565/565/565 566/566/566 567/567/567
f 568/568/568 569/569/569 570/570/570
f 571/571/571 572/572/572 573/573/573
f 574/574/574 575/575/575 576/576/576
f 577/577/577 578/578/578 579/579/579
f 580/580/580 581/581/581 582/582/582
f 583/583/583 584/584/584 585/585/585
f 586/586/586 587/587/587 588/588/588
f 589/589/589 590/590/590 591/591/591
f 592/592/592 593/593/593 594/594/594
f 595/595/595 596/596/596 597/597/597
f 598/598/598 599/599/599 600/600/600
f 601/601/601 602/602/602 603/603/603
f 604/604/604 605/605/605 606/606/606
f 607/607/607 608/608/608 609/609/609
f 610/610/610 611/611/611 612/612/612
f 613/613/613 614/614/614 615/615/615
f 616/616/616 617/617/617 618/618/618
f 619/619/619 620/620/620 621/621/621
f 622/622/622 623/623/623 624/624/624
f 625/625/625 626/626/626 627/627/627
f 628/628/628 629/629/629 630/630/630
f 631/631/631 632/632/632 633/633/633
f 634/634/634 635/635/635 636/636/636
f 637/637/637 638/638/638 639/639/639
f 640/640/640 641/641/641 642/642/642
f 643/643/643 644/644/644 645/645/645
f 646/646/646 647/647/647 648/648/648
f 649/649/649 650/650/650 651/651/651
f 652/652/652 653/653/653 654/654/654
f 655/655/655 656/656/656 657/657/657
f 658/658/658 659/659/659 660/660/660
f 661/661/661 662/662/662 663/663/663
f 664/664/664 665/665/665 666/666/666
f 667/667/667 668/668/668 669/669/669
f 670/670/670 671/671/671 672/672/672
f 673/673/673 674/674/674 675/675/675
f 676/676/676 677/677/677 678/678/678
f 679/679/679 680/680/680 681/681/681
f 682/682/682 683/683/683 684/684/684
f 685/685/685 686/686/686 687/687/687
f 688/688/688 689/689/689 690/690/690
f 691/691/691 692/692/692 693/693/693
f 694/694/694 695/695/695 696/696/696
f 697/697/697 698/698/698 699/699/699
f 700/700/700 701/701/701 702/702/702
f 703/703/703 704/704/704 705/705/705
f 706/706/706 707/707/707 708/708/708
f 709/709/709 710/710/710 711/711/711
f 712/712/712 713/713/713 714/714/714
f 715/715/715 716/716/716 717/717/717
f 718/718/718 719/719/719 720/720/720
f 721/721/721 722/722/722 723/723/723
f 724/724/724 725/725/725 726/726/726
f 727/727/727 728/728/728 729/729/729
f 730/730/730 731/731/731 732/732/732
f 733/733/733 734/734/734 735/735/735
f 736/736/736 737/737/737 738/738/738
f 739/739/739 740/740/740 741/741/741
f 742/742/742 743/743/743 744/744/744
f 745/745/745 746/746/746 747/747/747
f 748/748/748 749/749/749 750/750/750
f 751/751/751 752/752/752 753/753/753
f 754/754/754 755/755/755 756/756/756
f 757/757/757 758/758/758 759/759/759
f 760/760/760 761/761/761 762/762/762
f 763/763/763 764/764/764 765/765/765
f 766/766/766 767/767/767 768/768/768
f 769/769/769 770/770/770 771/771/771
f 772/772/772 773/773/773 774/774/774
f 775/775/775 776/776/776 777/777/777
f 778/778/778 779/779/779 780/780/780
f 781/781/781 782/782/782 783/783/783
f 784/784/784 785/785/785 786/786/786
f 787/787/787 788/788/788 789/789/789
f 790/790/790 791/791/791 792/792/792
f 793/793/793 794/794/794 795/795/795
f 796/796/796 797/797/797 798/798/798
f 799/799/799 800/800/800 801/801/801
f 802/802/802 803/803/803 804/804/804
f 805/805/805 806/806/806 807/807/807
f 808/808/808 809/809/809 810/810/810
f 811/811/811 812/812/812 813/813/813
f 814/814/814 815/815/815 816/816/816
f 817/817/817 818/818/818 819/819/819
f 820/820/820 821/821/821 822/822/822
f 823/823/823 824/824/824 825/825/825
f 826/826/826 827/827/827 828/828/828
f 829/829/829 830/830/830 831/831/831
f 832/832/832 833/833/833 834/834/834
f 835/835/835 836/836/836 837/837/837
f 838/838/838 839/839/839 840/840/840
f 841/841/841 842/842/842 843/843/843
f 844/844/844 845/845/845 846/846/846
f 847/847/847 848/848/848 849/849/849
f 850/850/850 851/851/851 852/852/852
f 853/853/853 854/854/854 855/855/855
f 856/856/856 857/857/857 858/858/858
f 859/859/859 860/860/860 861/861/861
f 862/862/862 863/863/863 864/864/864
f 865/865/865 866/866/866 867/867/867
f 868/868/868 869/869/869 870/870/870
f 871/871/871 872/872/872 873/873/873
f 874/874/874 875/875/875 876/876/876
f 877/877/877 878/878/878 879/879/879
f 880/880/880 881/881/881 882/882/882
f 883/883/883 884/884/884 885/885/885
f 886/886/886 887/887/887 888/888/888
f 889/889/889 890/890/890 891/891/891
f 892/892/892 893/893/893 894/894/894
f 895/895/895 896/896/896 897/897/897
f 898/898/898 899/899/899 900/900/900
f 901/901/901 902/902/902 903/903/903
f 904/904/904 905/905/905 906/906/906
f 907/907/907 908/908/908 909/909/909
f 910/910/910 911/911/911 912/912/912
f 913/913/913 914/914/914 915/915/915
f 916/916/916 917/917/917 918/918/918
f 919/919/919 920/920/920 921/921/921
f 922/922/922 923/923/923 924/924/924
f 925/925/925 926/926/926 927/927/927
f 928/928/928 929/929/929 930/930/930
f 931/931/931 932/932/932 933/933/933
f 934/934/934 935/935/935 936/936/936
f 937/937/937 938/938/938 939/939/939
f 940/940/940 941/941/941 942/942/942
f 943/943/943 944/944/944 945/945/945
f 946/946/946 947/947/947 948/948/948
f 949/949/949 950/950/950 951/951/951
f 952/952/952 953/953/953 954/954/954
f 955/955/955 956/956/956 957/957/957
f 958/958/958 959/959/959 960/960/960
f 961/961/961 962/962/962 963/963/963
f 964/964/964 965/965/965 966/966/966
f 967/967/967 968/968/968 969/969/969
f 970/970/970 971/971/971 972/972/972
f 973/973/973 974/974/974 975/975/975
f 976/976/976 977/977/977 978/978/978
f 979/979/979 980/980/980 981/981/981
f 982/982/982 983/983/983 984/984/984
f 985/985/985 986/986/986 987/987/987
f 988/988/988 989/989/989 990/990/990
f 991/991/991 992/992/992 993/993/993
f 994/994/994 995/995/995 996/996/996
f 997/997/997 998/998/998 999/999/999
f 1000/1000/1000 1001/1001/1001 1002/1002/1002
f 1003/1003/1003 1004/1004/1004 1005/1005/1005
f 1006/1006/1006 1007/1007/1007 1008/1008/1008
f 1009/1009/1009 1010/1010/1010 1011/1011/1011
f 1012/1012/1012 1013/1013/1013 1014/1014/1014
f 1015/1015/1015 1016/1016/1016 1017/1017/1017
f 1018/1018/1018 1019/1019/1019 1020/1020/1020
f 1021/1021/1021 1022/1022/1022 1023/1023/1023
f 1024/1024/1024 1025/1025/1025 1026/1026/1026
f 1027/1027/1027 1028/1028/1028 1029/1029/1029
f 1030/1030/1030 1031/1031/1031 1032/1032/1032
f 1033/1033/1033 1034/1034/1034 1035/1035/1035
f 1036/1036/1036 1037/1037/1037 1038/1038/1038
f 1039/1039/1039 1040/1040/1040 1041/1041/1041
f 1042/1042/1042 1043/1043/1043 1044/1044/1044
f 1045/1045/1045 1046/1046/1046 1047/1047/1047
f 1048/1048/1048 1049/1049/1049 1050/1050/1050
f 1051/1051/1051 1052/1052/1052 1053/1053/1053
f 1054/1054/1054 1055/1055/1055 1056/1056/1056
f 1057/1057/1057 1058/1058/1058 1059/1059/1059
f 1060/1060/1060 1061/1061/1061 1062/1062/1062
f 1063/1063/1063 1064/1064/1064 1065/1065/1065
f 1066/1066/1066 1067/1067/1067 1068/1068/1068
f 1069/1069/1069 1070/1070/1070 1071/1071/1071
f 1072/1072/1072 1073/1073/1073 1074/1074/1074
f 1075/1075/1075 1076/1076/1076 1077/1077/1077
f 1078/1078/1078 1079/1079/1079 1080/1080/1080
f 1081/1081/1081 1082/1082/1082 1083/1083/1083
f 1084/1084/1084 1085/1085/1085 1086/1086/1086
f 1087/1087/1087 1088/1088/1088 1089/1089/1089
f 1090/1090/1090 1091/1091/1091 1092/1092/1092
f 1093/1093/1093 1094/1094/1094 1095/1095/1095
f 1096/1096/1096 1097/1097/1097 1098/1098/1098
f 1099/1099/1099 1100/1100/1100 1101/1101/1101
f 1102/1102/1102 1103/1103/1103 1104/1104/1104
f 1105/1105/1105 1106/1106/1106 1107/1107/1107
f 1108/1108/1108 1109/1109/1109 1110/1110/1110
f 1111/1111/1111 1112/1112/1112 1113/1113/1113
f 1114/1114/1114 1115/1115/1115 1116/1116/1116
f 1117/1117/1117 1118/1118/1118 1119/1119/1119
f 1120/1120/1120 1121/1121/1121 1122/1122/1122
f 1123/1123/1123 1124/1124/1124 1125/1125/1125
f 1126/1126/1126 1127/1127/1127 1128/1128/1128
f 1129/1129/1129 1130/1130/1130 1131/1131/1131
f 1132/1132/1132 1133/1133/1133 1134/1134/1134
f 1135/1135/1135 1136/1136/1136 1137/1137/1137
f 1138/1138/1138 1139/1139/1139 1140/1140/1140
f 1141/1141/1141 1142/1142/1142 1143/1143/1143
f 1144/1144/1144 1145/1145/1145 1146/1146/1146
f 1147/1147/1147 1148/1148/1148 1149/1149/1149
f 1150/1150/1150 1151/1151/1151 1152/1152/1152
f 1153/1153/1153 1154/1154/1154 1155/1155/1155
f 1156/1156/1156 1157/1157/1157 1158/1158/1158
f 1159/1159/1159 1160/1160/1160 1161/1161/1161
f 1162/1162/1162 1163/1163/1163 1164/1164/1164
f 1165/1165/1165 1166/1166/1166 1167/1167/1167
f 1168/1168/1168 1169/1169/1169 1170/1170/1170
f 1171/1171/1171 1172/1172/1172 1173/1173/1173
f 1174/1174/1174 1175/1175/1175 1176/1176/1176
f 1177/1177/1177 1178/1178/1178 1179/1179/1179
f 1180/1180/1180 1181/1181/1181 1182/1182/1182
f 1183/1183/1183 1184/1184/1184 1185/1185/1185
f 1186/1186/1186 1187/1187/1187 1188/1188/1188
f 1189/1189/1189 1190/1190/1190 1191/1191/1191
f 1192/1192/1192 1193/1193/1193 1194/1194/1194
f 1195/1195/1195 1196/1196/1196 1197/1197/1197
f 1198/1198/1198 1199/1199/1199 1200/1200/1200
f 1201/1201/1201 1202/1202/1202 1203/1203/1203
f 1204/1204/1204 1205/1205/1205 1206/1206/1206
f 1207/1207/1207 1208/1208/1208 1209/1209/1209
f 1210/1210/1210 1211/1211/1211 1212/1212/1212
f 1213/1213/1213 1214/1214/1214 1215/1215/1215
f 1216/1216/1216 1217/1217/1217 1218/1218/1218
f 1219/1219/1219 1220/1220/1220 1221/1221/1221
f 1222/1222/1222 1223/1223/1223 1224/1224/1224
f 1225/1225/1225 1226/1226/1226 1227/1227/1227
f 1228/1228/1228 1229/1229/1229 1230/1230/1230
f 1231/1231/1231 1232/1232/1232 1233/1233/1233
f 1234/1234/1234 1235/1235/1235 1236/1236/1236
f 1237/1237/1237 1238/1238/1238 1239/1239/1239
f 1240/1240/1240 1241/1241/1241 1242/1242/1242
f 1243/1243/1243 1244/1244/1244 1245/1245/1245
f 1246/1246/1246 1247/1247/1247 1248/1248/1248
f 1249/1249/1249 1250/1250/1250 1251/1251/1251
f 1252/1252/1252 1253/1253/1253 1254/1254/1254
f 1255/1255/1255 1256/1256/1256 1257/1257/1257
f 1258/1258/1258 1259/1259/1259 1260/1260/1260
f 1261/1261/1261 1262/1262/1262 1263/1263/1263
f 1264/1264/1264 1265/1265/1265 1266/1266/1266
f 1267/1267/1267 1268/1268/1268 1269/1269/1269
f 1270/1270/1270 1271/1271/1271 1272/1272/1272
f 1273/1273/1273 1274/1274/1274 1275/1275/1275
f 1276/1276/1276 1277/1277/1277 1278/1278/1278
f 1279/1279/1279 1280/1280/1280 1281/1281/1281
f 1282/1282/1282 1283/1283/1283 1284/1284/1284
f 1285/1285/1285 1286/1286/1286 1287/1287/1287
f 1288/1288/1288 1289/1289/1289 1290/1290/1290
f 1291/1291/1291 1292/1292/1292 1293/1293/1293
f 1294/1294/1294 1295/1295/1295 1296/1296/1296
f 1297/1297/1297 1298/1298/1298 1299/1299/1299
f 1300/1300/1300 1301/1301/1301 1302/1302/1302
f 1303/1303/1303 1304/1304/1304 1305/1305/1305
f 1306/1306/1306 1307/1307/1307 1308/1308/1308
f 1309/1309/1309 1310/1310/1310 1311/1311/1311
f 1312/1312/1312 1313/1313/1313 1314/1314/1314
f 1315/1315/1315 1316/1316/1316 1317/1317/1317
f 1318/1318/1318 1319/1319/1319 1320/1320/1320
f 1321/1321/1321 1322/1322/1322 1323/1323/1323
f 1324/1324/1324 1325/1325/1325 1326/1326/1326
f 1327/1327/1327 1328/1328/1328 1329/1329/1329
f 1330/1330/1330 1331/1331/1331 1332/1332/1332
f 1333/1333/1333 1334/1334/1334 1335/1335/1335
f 1336/1336/1336 1337/1337/1337 1338/1338/1338
f 1339/1339/1339 1340/1340/1340 1341/1341/1341
f 1342/1342/1342 1343/1343/1343 1344/1344/1344
f 1345/1345/1345 1346/1346/1346 1347/1347/1347
f 1348/1348/1348 1349/1349/1349 1350/1350/1350
f 1351/1351/1351 1352/1352/1352 1353/1353/1353
f 1354/1354/1354 1355/1355/1355 1356/1356/1356
f 1357/1357/1357 1358/1358/1358 1359/1359/1359
f 1360/1360/1360 1361/1361/1361 1362/1362/1362
f 1363/1363/1363 1364/1364/1364 1365/1365/1365
f 1366/1366/1366 1367/1367/1367 1368/1368/1368
f 1369/1369/1369 1370/1370/1370 1371/1371/1371
f 1372/1372/1372 1373/1373/1373 1374/1374/1374
f 1375/1375/1375 1376/1376/1376 1377/1377/1377
f 1378/1378/1378 1379/1379/1379 1380/1380/1380
f 1381/1381/1381 1382/1382/1382 1383/1383/1383
f 1384/1384/1384 1385/1385/1385 1386/1386/1386
f 1387/1387/1387 1388/1388/1388 1389/1389/1389
f 1390/1390/1390 1391/1391/1391 1392/1392/1392
f 1393/1393/1393 1394/1394/1394 1395/1395/1395
f 1396/1396/1396 1397/1397/1397 1398/1398/1398
f 1399/1399/1399 1400/1400/1400 1401/1401/1401
f 1402/1402/1402 1403/1403/1403 1404/1404/1404
f 1405/1405/1405 1406/1406/1406 1407/1407/1407
f 1408/1408/1408 1409/1409/1409 1410/1410/1410
f 1411/1411/1411 1412/1412/1412 1413/1413/1413
f 1414/1414/1414 1415/1415/1415 1416/1416/1416
f 1417/1417/1417 1418/1418/1418 1419/1419/1419
f 1420/1420/1420 1421/1421/1421 1422/1422/1422
f 1423/1423/1423 1424/1424/1424 1425/1425/1425
f 1426/1426/1426 1427/1427/1427 1428/1428/1428
f 1429/1429/1429 1430/1430/1430 1431/1431/1431
f 1432/1432/1432 1433/1433/1433 1434/1434/1434
f 1435/1435/1435 1436/1436/1436 1437/1437/1437
f 1438/1438/1438 1439/1439/1439 1440/1440/1440
f 1441/1441/1441 1442/1442/1442 1443/1443/1443
f 1444/1444/1444 1445/1445/1445 1446/1446/1446
f 1447/1447/1447 1448/1448/1448 1449/1449/1449
f 1450/1450/1450 1451/1451/1451 1452/1452/1452
f 1453/1453/1453 1454/1454/1454 1455/1455/1455
f 1456/1456/1456 1457/1457/1457 1458/1458/1458
f 1459/1459/1459 1460/1460/1460 1461/1461/1461
f 1462/1462/1462 1463/1463/1463 1464/1464/1464
f 1465/1465/1465 1466/1466/1466 1467/1467/1467
f 1468/1468/1468 1469/1469/1469 1470/1470/1470
f 1471/1471/1471 1472/1472/1472 1473/1473/1473
f 1474/1474/1474 1475/1475/1475 1476/1476/1476
f 1477/1477/1477 1478/1478/1478 1479/1479/1479
f 1480/1480/1480 1481/1481/1481 1482/1482/1482
f 1483/1483/1483 1484/1484/1484 1485/1485/1485
f 1486/1486/1486 1487/1487/1487 1488/1488/1488
f 1489/1489/1489 1490/1490/1490 1491/1491/1491
f 1492/1492/1492 1493/1493/1493 1494/1494/1494
f 1495/1495/1495 1496/1496/1496 1497/1497/1497
f 1498/1498/1498 1499/1499/1499 1500/1500/1500
f 1501/1501/1501 1502/1502/1502 1503/1503/1503
f 1504/1504/1504 1505/1505/1505 1506/1506/1506
f 1507/1507/1507 1508/1508/1508 1509/1509/1509
f 1510/1510/1510 1511/1511/1511 1512/1512/1512
f 1513/1513/1513 1514/1514/1514 1515/1515/1515
f 1516/1516/1516 1517/1517/1517 1518/1518/1518
f 1519/1519/1519 1520/1520/1520 1521/1521/1521
f 1522/1522/1522 1523/1523/1523 1524/1524/1524
f 1525/1525/1525 1526/1526/1526 1527/1527/1527
f 1528/1528/1528 1529/1529/1529 1530/1530/1530
f 1531/1531/1531 1532/1532/1532 1533/1533/1533
f 1534/1534/1534 1535/1535/1535 1536/1536/1536
