# Blender 5.0.1
# www.blender.org
mtllib pond_frame.mtl
o Pond_01_Cube.030
v -4.566544 0.882796 6.121601
v -3.249731 0.403847 6.623584
v -3.239357 0.880779 6.055069
v -4.566544 0.882796 6.121601
v -4.454583 0.403841 6.591935
v -3.249731 0.403847 6.623584
v -2.034392 0.858754 6.080605
v -0.839775 0.403853 6.673208
v -0.709500 0.910413 6.139877
v -2.034392 0.858754 6.080605
v -2.044827 0.403854 6.652474
v -0.839775 0.403853 6.673208
v -3.239357 0.880779 6.055069
v -2.044827 0.403854 6.652474
v -2.034392 0.858754 6.080605
v -3.239357 0.880779 6.055069
v -3.249731 0.403847 6.623584
v -2.044827 0.403854 6.652474
v -4.413972 1.125405 4.366341
v -3.221409 1.247963 5.071537
v -3.208824 1.107623 4.381832
v -4.413972 1.125405 4.366341
v -4.426557 1.243680 5.056046
v -3.221409 1.247963 5.071537
v -4.413972 1.125405 4.366341
v -3.219114 0.989722 3.753881
v -4.376509 1.032825 3.341366
v -4.413972 1.125405 4.366341
v -3.208824 1.107623 4.381832
v -3.219114 0.989722 3.753881
v -1.952483 1.041673 4.476929
v -0.813813 1.239535 5.250450
v -0.802529 1.043232 4.632060
v -1.952483 1.041673 4.476929
v -2.018782 1.230975 5.225149
v -0.813813 1.239535 5.250450
v -3.208824 1.107623 4.381832
v -2.018782 1.230975 5.225149
v -1.952483 1.041673 4.476929
v -3.208824 1.107623 4.381832
v -3.221409 1.247963 5.071537
v -2.018782 1.230975 5.225149
v -3.208824 1.107623 4.381832
v -2.339419 0.966879 3.976135
v -3.219114 0.989722 3.753881
v -3.208824 1.107623 4.381832
v -1.952483 1.041673 4.476929
v -2.339419 0.966879 3.976135
v -5.280767 0.756215 5.989674
v -4.454583 0.403841 6.591935
v -4.566544 0.882796 6.121601
v -5.280767 0.756215 5.989674
v -5.515831 0.403826 6.004927
v -4.454583 0.403841 6.591935
v -5.694827 0.626035 4.669554
v -4.426557 1.243680 5.056046
v -4.413972 1.125405 4.366341
v -5.694827 0.626035 4.669554
v -5.515538 0.908905 4.964264
v -4.426557 1.243680 5.056046
v -5.694827 0.626035 4.669554
v -4.376509 1.032825 3.341366
v -5.825155 0.592864 3.361375
v -5.694827 0.626035 4.669554
v -4.413972 1.125405 4.366341
v -4.376509 1.032825 3.341366
v -5.964693 0.538910 2.097940
v -4.749306 1.082063 0.673792
v -5.955740 0.523867 0.632902
v -5.964693 0.538910 2.097940
v -4.967415 1.061913 2.159606
v -4.749306 1.082063 0.673792
v -5.825155 0.592864 3.361375
v -4.967415 1.061913 2.159606
v -5.964693 0.538910 2.097940
v -5.825155 0.592864 3.361375
v -4.376509 1.032825 3.341366
v -4.967415 1.061913 2.159606
v -5.280767 0.756215 5.989674
v -5.694827 0.626035 4.669554
v -5.515831 0.403826 6.004927
v -5.280767 0.756215 5.989674
v -5.515538 0.908905 4.964264
v -5.694827 0.626035 4.669554
v -4.566544 0.882796 6.121601
v -3.221409 1.247963 5.071537
v -4.426557 1.243680 5.056046
v -4.566544 0.882796 6.121601
v -3.239357 0.880779 6.055069
v -3.221409 1.247963 5.071537
v -2.034392 0.858754 6.080605
v -0.813813 1.239535 5.250450
v -2.018782 1.230975 5.225149
v -2.034392 0.858754 6.080605
v -0.709500 0.910413 6.139877
v -0.813813 1.239535 5.250450
v -3.239357 0.880779 6.055069
v -2.018782 1.230975 5.225149
v -3.221409 1.247963 5.071537
v -3.239357 0.880779 6.055069
v -2.034392 0.858754 6.080605
v -2.018782 1.230975 5.225149
v -5.694827 0.626035 4.669554
v -6.101513 -0.075882 3.382877
v -6.129930 -0.037796 4.765162
v -5.694827 0.626035 4.669554
v -5.825155 0.592864 3.361375
v -6.101513 -0.075882 3.382877
v -5.964693 0.538910 2.097940
v -6.234572 -0.158261 0.586885
v -6.191323 -0.164657 2.011272
v -5.964693 0.538910 2.097940
v -5.955740 0.523867 0.632902
v -6.234572 -0.158261 0.586885
v -5.825155 0.592864 3.361375
v -6.191323 -0.164657 2.011272
v -6.101513 -0.075882 3.382877
v -5.825155 0.592864 3.361375
v -5.964693 0.538910 2.097940
v -6.191323 -0.164657 2.011272
v -4.454583 0.403841 6.591935
v -3.249614 0.103454 6.617179
v -3.249731 0.403847 6.623584
v -4.454583 0.403841 6.591935
v -4.454476 0.103454 6.586082
v -3.249614 0.103454 6.617179
v -2.044827 0.403854 6.652474
v -0.839646 0.103454 6.666117
v -0.839775 0.403853 6.673208
v -2.044827 0.403854 6.652474
v -2.044696 0.103454 6.645290
v -0.839646 0.103454 6.666117
v -3.249731 0.403847 6.623584
v -2.044696 0.103454 6.645290
v -2.044827 0.403854 6.652474
v -3.249731 0.403847 6.623584
v -3.249614 0.103454 6.617179
v -2.044696 0.103454 6.645290
v -4.967415 1.061913 2.159606
v -4.458058 0.955432 0.665131
v -4.749306 1.082063 0.673792
v -4.458058 0.955432 0.665131
v -4.450571 0.919427 2.135970
v -4.331548 0.892395 1.535578
v -4.458058 0.955432 0.665131
v -4.967415 1.061913 2.159606
v -4.450571 0.919427 2.135970
v -1.515880 0.921771 4.173218
v -0.802529 1.043232 4.632060
v -0.794997 0.892097 4.219308
v -1.515880 0.921771 4.173218
v -1.952483 1.041673 4.476929
v -0.802529 1.043232 4.632060
v -4.967415 1.061913 2.159606
v -4.439390 0.968805 2.453510
v -4.450571 0.919427 2.135970
v -4.439390 0.968805 2.453510
v -4.376509 1.032825 3.341366
v -4.124997 0.934592 3.008310
v -4.967415 1.061913 2.159606
v -4.376509 1.032825 3.341366
v -4.439390 0.968805 2.453510
v -5.515831 0.403826 6.004927
v -6.129930 -0.037796 4.765162
v -5.518545 0.103454 6.002534
v -5.515831 0.403826 6.004927
v -5.694827 0.626035 4.669554
v -6.129930 -0.037796 4.765162
v -5.515831 0.403826 6.004927
v -4.454476 0.103454 6.586082
v -4.454583 0.403841 6.591935
v -5.515831 0.403826 6.004927
v -5.518545 0.103454 6.002534
v -4.454476 0.103454 6.586082
v -5.280767 0.756215 5.989674
v -4.426557 1.243680 5.056046
v -5.515538 0.908905 4.964264
v -5.280767 0.756215 5.989674
v -4.566544 0.882796 6.121601
v -4.426557 1.243680 5.056046
v -5.778696 0.908293 -0.730558
v -6.137921 0.262018 -2.083912
v -6.097305 0.555378 -0.292109
v -5.778696 0.908293 -0.730558
v -5.488673 0.956816 -2.108341
v -6.137921 0.262018 -2.083912
v -5.356292 1.009558 -3.526833
v -5.944795 0.325107 -4.890094
v -5.918992 0.394012 -3.555320
v -5.356292 1.009558 -3.526833
v -5.418107 0.886454 -4.887811
v -5.944795 0.325107 -4.890094
v -5.488673 0.956816 -2.108341
v -5.918992 0.394012 -3.555320
v -6.137921 0.262018 -2.083912
v -5.488673 0.956816 -2.108341
v -5.356292 1.009558 -3.526833
v -5.918992 0.394012 -3.555320
v -4.684995 1.197767 -2.125595
v -4.680736 1.074297 -0.674165
v -4.216940 1.040293 -2.123117
v -4.684995 1.197767 -2.125595
v -4.900590 1.175200 -1.106267
v -4.680736 1.074297 -0.674165
v -3.119834 1.236943 -4.866711
v -3.136467 1.025580 -3.928385
v -2.781401 1.087747 -4.343296
v -3.119834 1.236943 -4.866711
v -3.586429 1.184132 -4.124815
v -3.136467 1.025580 -3.928385
v -4.269179 1.270819 -3.603281
v -3.136467 1.025580 -3.928385
v -3.586429 1.184132 -4.124815
v -4.269179 1.270819 -3.603281
v -3.877091 1.094865 -3.195012
v -3.136467 1.025580 -3.928385
v -4.269179 1.270819 -3.603281
v -3.119834 1.236943 -4.866711
v -4.248039 1.296968 -4.884102
v -4.269179 1.270819 -3.603281
v -3.586429 1.184132 -4.124815
v -3.119834 1.236943 -4.866711
v -1.831817 1.258006 -5.293114
v -0.637827 1.082381 -4.962997
v -0.628785 1.269237 -5.408912
v -1.831817 1.258006 -5.293114
v -1.963191 1.014999 -4.667914
v -0.637827 1.082381 -4.962997
v -3.119834 1.236943 -4.866711
v -1.963191 1.014999 -4.667914
v -1.831817 1.258006 -5.293114
v -3.119834 1.236943 -4.866711
v -2.781401 1.087747 -4.343296
v -1.963191 1.014999 -4.667914
v -3.136467 1.025580 -3.928385
v -1.963191 1.014999 -4.667914
v -2.781401 1.087747 -4.343296
v -3.136467 1.025580 -3.928385
v -2.442054 0.907920 -4.241318
v -1.963191 1.014999 -4.667914
v -4.269179 1.270819 -3.603281
v -4.216940 1.040293 -2.123117
v -3.877091 1.094865 -3.195012
v -4.269179 1.270819 -3.603281
v -4.684995 1.197767 -2.125595
v -4.216940 1.040293 -2.123117
v -4.545902 0.504710 -6.762640
v -3.098611 1.005636 -6.461669
v -3.164580 0.400212 -6.971638
v -4.545902 0.504710 -6.762640
v -4.277923 1.149085 -6.175476
v -3.098611 1.005636 -6.461669
v -1.870258 0.470075 -6.909304
v -0.748733 1.073437 -6.447660
v -0.941764 0.369852 -7.029546
v -1.870258 0.470075 -6.909304
v -1.867784 1.063653 -6.425270
v -0.748733 1.073437 -6.447660
v -3.164580 0.400212 -6.971638
v -1.867784 1.063653 -6.425270
v -1.870258 0.470075 -6.909304
v -3.164580 0.400212 -6.971638
v -3.098611 1.005636 -6.461669
v -1.867784 1.063653 -6.425270
v -5.778696 0.908293 -0.730558
v -4.680736 1.074297 -0.674165
v -4.900590 1.175200 -1.106267
v -5.778696 0.908293 -0.730558
v -6.097305 0.555378 -0.292109
v -4.680736 1.074297 -0.674165
v -5.778696 0.908293 -0.730558
v -4.684995 1.197767 -2.125595
v -5.488673 0.956816 -2.108341
v -5.778696 0.908293 -0.730558
v -4.900590 1.175200 -1.106267
v -4.684995 1.197767 -2.125595
v -5.356292 1.009558 -3.526833
v -4.248039 1.296968 -4.884102
v -5.418107 0.886454 -4.887811
v -5.356292 1.009558 -3.526833
v -4.269179 1.270819 -3.603281
v -4.248039 1.296968 -4.884102
v -5.488673 0.956816 -2.108341
v -4.269179 1.270819 -3.603281
v -5.356292 1.009558 -3.526833
v -5.488673 0.956816 -2.108341
v -4.684995 1.197767 -2.125595
v -4.269179 1.270819 -3.603281
v -5.336369 0.459270 -6.134040
v -4.277923 1.149085 -6.175476
v -4.545902 0.504710 -6.762640
v -5.336369 0.459270 -6.134040
v -5.177048 0.865586 -5.945106
v -4.277923 1.149085 -6.175476
v -5.418107 0.886454 -4.887811
v -5.336369 0.459270 -6.134040
v -5.944795 0.325107 -4.890094
v -5.418107 0.886454 -4.887811
v -5.177048 0.865586 -5.945106
v -5.336369 0.459270 -6.134040
v -4.248039 1.296968 -4.884102
v -3.098611 1.005636 -6.461669
v -4.277923 1.149085 -6.175476
v -4.248039 1.296968 -4.884102
v -3.119834 1.236943 -4.866711
v -3.098611 1.005636 -6.461669
v -1.831817 1.258006 -5.293114
v -0.748733 1.073437 -6.447660
v -1.867784 1.063653 -6.425270
v -1.831817 1.258006 -5.293114
v -0.628785 1.269237 -5.408912
v -0.748733 1.073437 -6.447660
v -3.119834 1.236943 -4.866711
v -1.867784 1.063653 -6.425270
v -3.098611 1.005636 -6.461669
v -3.119834 1.236943 -4.866711
v -1.831817 1.258006 -5.293114
v -1.867784 1.063653 -6.425270
v -6.097305 0.555378 -0.292109
v -6.243819 -0.116567 -2.062625
v -6.469416 -0.155391 -0.360033
v -6.097305 0.555378 -0.292109
v -6.137921 0.262018 -2.083912
v -6.243819 -0.116567 -2.062625
v -5.918992 0.394012 -3.555320
v -5.986556 -0.133154 -4.877944
v -6.024319 -0.194915 -3.595449
v -5.918992 0.394012 -3.555320
v -5.944795 0.325107 -4.890094
v -5.986556 -0.133154 -4.877944
v -6.137921 0.262018 -2.083912
v -6.024319 -0.194915 -3.595449
v -6.243819 -0.116567 -2.062625
v -6.137921 0.262018 -2.083912
v -5.918992 0.394012 -3.555320
v -6.024319 -0.194915 -3.595449
v -4.680736 1.074297 -0.674165
v -4.101677 0.966656 -2.142705
v -4.216940 1.040293 -2.123117
v -4.101677 0.966656 -2.142705
v -4.315201 0.915413 -0.672917
v -4.232649 0.919567 -1.012717
v -4.101677 0.966656 -2.142705
v -4.680736 1.074297 -0.674165
v -4.315201 0.915413 -0.672917
v -3.877091 1.094865 -3.195012
v -3.665761 0.885750 -2.871959
v -3.136467 1.025580 -3.928385
v -1.963191 1.014999 -4.667914
v -2.442054 0.907920 -4.241318
v -1.640719 0.837515 -4.505825
v -1.963191 1.014999 -4.667914
v -0.648901 0.852372 -4.616482
v -0.637827 1.082381 -4.962997
v -1.963191 1.014999 -4.667914
v -1.640719 0.837515 -4.505825
v -0.648901 0.852372 -4.616482
v -3.877091 1.094865 -3.195012
v -4.101677 0.966656 -2.142705
v -3.665761 0.885750 -2.871959
v -3.877091 1.094865 -3.195012
v -4.216940 1.040293 -2.123117
v -4.101677 0.966656 -2.142705
v -4.637798 -0.269738 -6.844612
v -3.164580 0.400212 -6.971638
v -3.148813 -0.103025 -7.009653
v -4.637798 -0.269738 -6.844612
v -4.545902 0.504710 -6.762640
v -3.164580 0.400212 -6.971638
v -1.728497 -0.172255 -7.002299
v -0.941764 0.369852 -7.029546
v -1.021327 -0.210444 -7.085077
v -1.728497 -0.172255 -7.002299
v -1.870258 0.470075 -6.909304
v -0.941764 0.369852 -7.029546
v -3.148813 -0.103025 -7.009653
v -1.870258 0.470075 -6.909304
v -1.728497 -0.172255 -7.002299
v -3.148813 -0.103025 -7.009653
v -3.164580 0.400212 -6.971638
v -1.870258 0.470075 -6.909304
v -5.944795 0.325107 -4.890094
v -5.359889 -0.147617 -6.167691
v -5.986556 -0.133154 -4.877944
v -5.944795 0.325107 -4.890094
v -5.336369 0.459270 -6.134040
v -5.359889 -0.147617 -6.167691
v -5.359889 -0.147617 -6.167691
v -4.545902 0.504710 -6.762640
v -4.637798 -0.269738 -6.844612
v -5.359889 -0.147617 -6.167691
v -5.336369 0.459270 -6.134040
v -4.545902 0.504710 -6.762640
v -5.418107 0.886454 -4.887811
v -4.277923 1.149085 -6.175476
v -5.177048 0.865586 -5.945106
v -5.418107 0.886454 -4.887811
v -4.248039 1.296968 -4.884102
v -4.277923 1.149085 -6.175476
v 0.277691 0.934925 6.233042
v 1.570477 0.403848 6.706553
v 1.672435 0.859909 6.457432
v 0.277691 0.934925 6.233042
v 0.365339 0.403849 6.690559
v 1.570477 0.403848 6.706553
v 2.776073 0.780072 6.697544
v 3.980997 0.403836 6.725206
v 3.981121 0.779956 6.718413
v 2.776073 0.780072 6.697544
v 2.775699 0.403848 6.718036
v 3.980997 0.403836 6.725206
v 1.672435 0.859909 6.457432
v 2.775699 0.403848 6.718036
v 2.776073 0.780072 6.697544
v 1.672435 0.859909 6.457432
v 1.570477 0.403848 6.706553
v 2.775699 0.403848 6.718036
v 0.535155 1.198857 6.008118
v 1.672435 0.859909 6.457432
v 1.680744 1.208334 6.002054
v 0.535155 1.198857 6.008118
v 0.277691 0.934925 6.233042
v 1.672435 0.859909 6.457432
v 2.786364 1.227508 6.133566
v 3.981121 0.779956 6.718413
v 3.991266 1.256251 6.162453
v 2.786364 1.227508 6.133566
v 2.776073 0.780072 6.697544
v 3.981121 0.779956 6.718413
v 1.680744 1.208334 6.002054
v 2.776073 0.780072 6.697544
v 2.786364 1.227508 6.133566
v 1.680744 1.208334 6.002054
v 1.672435 0.859909 6.457432
v 2.776073 0.780072 6.697544
v 1.778218 1.294961 4.877656
v 1.730053 1.019319 4.089911
v 1.400898 1.084997 4.361977
v 1.778218 1.294961 4.877656
v 2.204474 1.171712 4.196232
v 1.730053 1.019319 4.089911
v 0.539300 1.007541 4.513247
v 1.778218 1.294961 4.877656
v 1.400898 1.084997 4.361977
v 0.539300 1.007541 4.513247
v 0.397474 1.299270 5.222555
v 1.778218 1.294961 4.877656
v 0.539300 1.007541 4.513247
v 1.730053 1.019319 4.089911
v 1.022484 0.907956 4.216517
v 0.539300 1.007541 4.513247
v 1.400898 1.084997 4.361977
v 1.730053 1.019319 4.089911
v 2.868300 1.060317 3.352619
v 3.918215 1.321879 3.385801
v 3.491277 1.155036 2.958814
v 2.868300 1.060317 3.352619
v 2.826234 1.217383 3.948604
v 3.918215 1.321879 3.385801
v 2.815537 1.342375 4.534793
v 3.918215 1.321879 3.385801
v 2.826234 1.217383 3.948604
v 2.815537 1.342375 4.534793
v 3.532428 1.396938 4.311795
v 3.918215 1.321879 3.385801
v 4.252990 1.260379 2.170279
v 3.676862 1.110004 0.779897
v 3.650476 1.109564 2.159285
v 4.252990 1.260379 2.170279
v 4.279375 1.256891 0.790892
v 3.676862 1.110004 0.779897
v 3.313219 0.984571 2.153130
v 3.676862 1.110004 0.779897
v 3.337068 0.985012 0.773697
v 3.313219 0.984571 2.153130
v 3.650476 1.109564 2.159285
v 3.676862 1.110004 0.779897
v 1.730053 1.019319 4.089911
v 2.826234 1.217383 3.948604
v 2.868300 1.060317 3.352619
v 1.730053 1.019319 4.089911
v 2.204474 1.171712 4.196232
v 2.826234 1.217383 3.948604
v 1.778218 1.294961 4.877656
v 2.826234 1.217383 3.948604
v 2.204474 1.171712 4.196232
v 1.778218 1.294961 4.877656
v 2.815537 1.342375 4.534793
v 2.826234 1.217383 3.948604
v 3.918215 1.321879 3.385801
v 3.650476 1.109564 2.159285
v 3.491277 1.155036 2.958814
v 3.918215 1.321879 3.385801
v 4.252990 1.260379 2.170279
v 3.650476 1.109564 2.159285
v 2.868300 1.060317 3.352619
v 3.650476 1.109564 2.159285
v 3.313219 0.984571 2.153130
v 2.868300 1.060317 3.352619
v 3.491277 1.155036 2.958814
v 3.650476 1.109564 2.159285
v 0.397474 1.299270 5.222555
v 1.690571 1.412731 5.463523
v 1.778218 1.294961 4.877656
v 0.397474 1.299270 5.222555
v 0.797951 1.414507 5.491018
v 1.690571 1.412731 5.463523
v 3.960961 1.507183 4.837618
v 3.918215 1.321879 3.385801
v 3.532428 1.396938 4.311795
v 3.960961 1.507183 4.837618
v 4.345801 1.454154 3.812525
v 3.918215 1.321879 3.385801
v 2.815537 1.342375 4.534793
v 3.960961 1.507183 4.837618
v 3.532428 1.396938 4.311795
v 2.815537 1.342375 4.534793
v 2.802952 1.477575 5.224498
v 3.960961 1.507183 4.837618
v 1.778218 1.294961 4.877656
v 2.802952 1.477575 5.224498
v 2.815537 1.342375 4.534793
v 1.778218 1.294961 4.877656
v 1.690571 1.412731 5.463523
v 2.802952 1.477575 5.224498
v 5.376527 0.897988 3.321702
v 5.547575 0.368666 5.011457
v 5.744565 0.346659 3.535207
v 5.376527 0.897988 3.321702
v 5.471850 0.756224 5.042984
v 5.547575 0.368666 5.011457
v 5.357214 0.913389 0.804206
v 5.893291 0.239920 2.009529
v 5.754638 0.357263 0.793771
v 5.357214 0.913389 0.804206
v 5.463943 0.849187 2.067424
v 5.893291 0.239920 2.009529
v 5.463943 0.849187 2.067424
v 5.744565 0.346659 3.535207
v 5.893291 0.239920 2.009529
v 5.463943 0.849187 2.067424
v 5.376527 0.897988 3.321702
v 5.744565 0.346659 3.535207
v 5.175970 1.150475 3.566816
v 5.471850 0.756224 5.042984
v 5.376527 0.897988 3.321702
v 5.175970 1.150475 3.566816
v 5.146281 1.152799 4.946314
v 5.471850 0.756224 5.042984
v 3.981121 0.779956 6.718413
v 5.093498 0.402901 6.186064
v 5.092505 0.778358 6.186356
v 3.981121 0.779956 6.718413
v 3.980997 0.403836 6.725206
v 5.093498 0.402901 6.186064
v 3.991266 1.256251 6.162453
v 5.092505 0.778358 6.186356
v 4.931464 1.075868 5.999522
v 3.991266 1.256251 6.162453
v 3.981121 0.779956 6.718413
v 5.092505 0.778358 6.186356
v 3.960961 1.507183 4.837618
v 5.175970 1.150475 3.566816
v 4.345801 1.454154 3.812525
v 3.960961 1.507183 4.837618
v 5.146281 1.152799 4.946314
v 5.175970 1.150475 3.566816
v 4.252990 1.260379 2.170279
v 5.357214 0.913389 0.804206
v 4.279375 1.256891 0.790892
v 4.252990 1.260379 2.170279
v 5.463943 0.849187 2.067424
v 5.357214 0.913389 0.804206
v 3.918215 1.321879 3.385801
v 5.175970 1.150475 3.566816
v 5.376527 0.897988 3.321702
v 3.918215 1.321879 3.385801
v 4.345801 1.454154 3.812525
v 5.175970 1.150475 3.566816
v 3.918215 1.321879 3.385801
v 5.463943 0.849187 2.067424
v 4.252990 1.260379 2.170279
v 3.918215 1.321879 3.385801
v 5.376527 0.897988 3.321702
v 5.463943 0.849187 2.067424
v 0.535155 1.198857 6.008118
v 1.690571 1.412731 5.463523
v 0.797951 1.414507 5.491018
v 0.535155 1.198857 6.008118
v 1.680744 1.208334 6.002054
v 1.690571 1.412731 5.463523
v 2.786364 1.227508 6.133566
v 3.960961 1.507183 4.837618
v 2.802952 1.477575 5.224498
v 2.786364 1.227508 6.133566
v 3.991266 1.256251 6.162453
v 3.960961 1.507183 4.837618
v 0.535155 1.198857 6.008118
v 0.397474 1.299270 5.222555
v 0.277691 0.934925 6.233042
v 0.535155 1.198857 6.008118
v 0.797951 1.414507 5.491018
v 0.397474 1.299270 5.222555
v 1.680744 1.208334 6.002054
v 2.802952 1.477575 5.224498
v 1.690571 1.412731 5.463523
v 1.680744 1.208334 6.002054
v 2.786364 1.227508 6.133566
v 2.802952 1.477575 5.224498
v 5.471850 0.756224 5.042984
v 5.093498 0.402901 6.186064
v 5.547575 0.368666 5.011457
v 5.471850 0.756224 5.042984
v 5.092505 0.778358 6.186356
v 5.093498 0.402901 6.186064
v 5.146281 1.152799 4.946314
v 5.092505 0.778358 6.186356
v 5.471850 0.756224 5.042984
v 5.146281 1.152799 4.946314
v 4.931464 1.075868 5.999522
v 5.092505 0.778358 6.186356
v 0.365339 0.403849 6.690559
v 1.570596 0.103454 6.700022
v 1.570477 0.403848 6.706553
v 0.365339 0.403849 6.690559
v 0.365461 0.103454 6.683853
v 1.570596 0.103454 6.700022
v 2.775699 0.403848 6.718036
v 3.981091 0.103454 6.720051
v 3.980997 0.403836 6.725206
v 2.775699 0.403848 6.718036
v 2.775818 0.103454 6.711475
v 3.981091 0.103454 6.720051
v 1.570477 0.403848 6.706553
v 2.775818 0.103454 6.711475
v 2.775699 0.403848 6.718036
v 1.570477 0.403848 6.706553
v 1.570596 0.103454 6.700022
v 2.775818 0.103454 6.711475
v 0.539300 1.007541 4.513247
v 0.626610 0.891807 4.272755
v 0.222190 0.878047 4.277553
v 0.539300 1.007541 4.513247
v 1.022484 0.907956 4.216517
v 0.626610 0.891807 4.272755
v 5.744565 0.346659 3.535207
v 5.639453 0.066391 4.963643
v 5.734200 0.051437 3.537465
v 5.744565 0.346659 3.535207
v 5.547575 0.368666 5.011457
v 5.639453 0.066391 4.963643
v 5.754638 0.357263 0.793771
v 5.908414 -0.080820 1.993598
v 5.765548 0.039488 0.787775
v 5.754638 0.357263 0.793771
v 5.893291 0.239920 2.009529
v 5.908414 -0.080820 1.993598
v 5.893291 0.239920 2.009529
v 5.734200 0.051437 3.537465
v 5.908414 -0.080820 1.993598
v 5.893291 0.239920 2.009529
v 5.744565 0.346659 3.535207
v 5.734200 0.051437 3.537465
v 5.547575 0.368666 5.011457
v 5.092566 0.103376 6.184211
v 5.639453 0.066391 4.963643
v 5.547575 0.368666 5.011457
v 5.093498 0.402901 6.186064
v 5.092566 0.103376 6.184211
v 3.980997 0.403836 6.725206
v 5.092566 0.103376 6.184211
v 5.093498 0.402901 6.186064
v 3.980997 0.403836 6.725206
v 3.981091 0.103454 6.720051
v 5.092566 0.103376 6.184211
v 3.991266 1.256251 6.162453
v 5.146281 1.152799 4.946314
v 3.960961 1.507183 4.837618
v 3.991266 1.256251 6.162453
v 4.931464 1.075868 5.999522
v 5.146281 1.152799 4.946314
v 2.461904 1.153066 -4.201228
v 1.573285 1.127674 -4.515257
v 2.222064 0.976406 -4.149554
v 2.461904 1.153066 -4.201228
v 1.889712 1.302201 -4.888459
v 1.573285 1.127674 -4.515257
v 0.586080 1.303123 -5.351770
v 1.573285 1.127674 -4.515257
v 1.889712 1.302201 -4.888459
v 0.586080 1.303123 -5.351770
v 0.679973 1.054538 -4.864097
v 1.573285 1.127674 -4.515257
v 1.211884 0.949072 -4.479100
v 1.573285 1.127674 -4.515257
v 0.679973 1.054538 -4.864097
v 1.211884 0.949072 -4.479100
v 2.222064 0.976406 -4.149554
v 1.573285 1.127674 -4.515257
v 3.407801 1.210298 -0.896761
v 3.084347 0.996583 -2.032228
v 3.232547 1.036662 -0.510375
v 3.407801 1.210298 -0.896761
v 3.419566 1.221330 -2.008435
v 3.084347 0.996583 -2.032228
v 3.407801 1.210298 -0.896761
v 3.547312 1.154885 0.027140
v 4.082294 1.314173 -0.423672
v 3.407801 1.210298 -0.896761
v 3.232547 1.036662 -0.510375
v 3.547312 1.154885 0.027140
v 3.407801 1.210298 -0.896761
v 3.889325 1.364507 -1.985730
v 3.419566 1.221330 -2.008435
v 3.407801 1.210298 -0.896761
v 4.082294 1.314173 -0.423672
v 3.889325 1.364507 -1.985730
v 3.049830 1.234721 -3.513781
v 3.695767 1.400678 -4.162194
v 2.991086 1.357599 -4.477612
v 3.049830 1.234721 -3.513781
v 3.745110 1.382468 -3.364047
v 3.695767 1.400678 -4.162194
v 2.461904 1.153066 -4.201228
v 2.726443 1.009753 -3.229458
v 3.049830 1.234721 -3.513781
v 2.461904 1.153066 -4.201228
v 2.222064 0.976406 -4.149554
v 2.726443 1.009753 -3.229458
v 2.461904 1.153066 -4.201228
v 2.991086 1.357599 -4.477612
v 1.889712 1.302201 -4.888459
v 2.461904 1.153066 -4.201228
v 3.049830 1.234721 -3.513781
v 2.991086 1.357599 -4.477612
v 3.419566 1.221330 -2.008435
v 2.726443 1.009753 -3.229458
v 3.084347 0.996583 -2.032228
v 3.419566 1.221330 -2.008435
v 3.049830 1.234721 -3.513781
v 2.726443 1.009753 -3.229458
v 3.419566 1.221330 -2.008435
v 3.745110 1.382468 -3.364047
v 3.049830 1.234721 -3.513781
v 3.419566 1.221330 -2.008435
v 3.889325 1.364507 -1.985730
v 3.745110 1.382468 -3.364047
v 4.618196 1.419695 -0.874589
v 3.889325 1.364507 -1.985730
v 4.082294 1.314173 -0.423672
v 4.618196 1.419695 -0.874589
v 4.430724 1.442484 -1.966084
v 3.889325 1.364507 -1.985730
v 4.310153 1.469474 -3.348155
v 3.695767 1.400678 -4.162194
v 3.745110 1.382468 -3.364047
v 4.310153 1.469474 -3.348155
v 4.130137 1.485278 -4.659587
v 3.695767 1.400678 -4.162194
v 2.993700 1.443040 -5.170247
v 3.695767 1.400678 -4.162194
v 4.130137 1.485278 -4.659587
v 2.993700 1.443040 -5.170247
v 2.991086 1.357599 -4.477612
v 3.695767 1.400678 -4.162194
v 4.430724 1.442484 -1.966084
v 3.745110 1.382468 -3.364047
v 3.889325 1.364507 -1.985730
v 4.430724 1.442484 -1.966084
v 4.310153 1.469474 -3.348155
v 3.745110 1.382468 -3.364047
v 2.375702 1.415242 -5.533090
v 2.991086 1.357599 -4.477612
v 2.993700 1.443040 -5.170247
v 2.375702 1.415242 -5.533090
v 1.889712 1.302201 -4.888459
v 2.991086 1.357599 -4.477612
v 0.461348 0.345905 -6.997694
v 1.805448 1.068273 -6.599599
v 1.837477 0.346226 -6.967416
v 0.461348 0.345905 -6.997694
v 0.652249 1.037305 -6.565494
v 1.805448 1.068273 -6.599599
v 2.935916 0.338070 -6.788096
v 4.186276 0.835720 -6.536891
v 4.153872 0.372833 -6.607032
v 2.935916 0.338070 -6.788096
v 2.971656 0.853634 -6.678558
v 4.186276 0.835720 -6.536891
v 1.837477 0.346226 -6.967416
v 2.971656 0.853634 -6.678558
v 2.935916 0.338070 -6.788096
v 1.837477 0.346226 -6.967416
v 1.805448 1.068273 -6.599599
v 2.971656 0.853634 -6.678558
v 2.971656 0.853634 -6.678558
v 4.212033 1.343284 -5.944049
v 4.186276 0.835720 -6.536891
v 2.971656 0.853634 -6.678558
v 3.012117 1.374040 -6.012422
v 4.212033 1.343284 -5.944049
v 1.805448 1.068273 -6.599599
v 3.012117 1.374040 -6.012422
v 2.971656 0.853634 -6.678558
v 1.805448 1.068273 -6.599599
v 2.096405 1.381121 -6.245289
v 3.012117 1.374040 -6.012422
v 5.723467 0.744469 -1.762379
v 5.922812 0.427362 -0.691397
v 5.869880 0.172732 -1.864635
v 5.723467 0.744469 -1.762379
v 5.449226 0.973303 -0.424768
v 5.922812 0.427362 -0.691397
v 5.803281 0.779283 -4.773034
v 5.892896 0.282597 -3.359515
v 5.845452 0.306464 -4.839709
v 5.803281 0.779283 -4.773034
v 5.808530 0.778131 -3.341602
v 5.892896 0.282597 -3.359515
v 5.808530 0.778131 -3.341602
v 5.869880 0.172732 -1.864635
v 5.892896 0.282597 -3.359515
v 5.808530 0.778131 -3.341602
v 5.723467 0.744469 -1.762379
v 5.869880 0.172732 -1.864635
v 5.219055 1.351574 -1.950201
v 5.449226 0.973303 -0.424768
v 5.723467 0.744469 -1.762379
v 5.219055 1.351574 -1.950201
v 5.242661 1.187800 -0.786941
v 5.449226 0.973303 -0.424768
v 5.275645 1.302357 -4.711768
v 5.808530 0.778131 -3.341602
v 5.803281 0.779283 -4.773034
v 5.275645 1.302357 -4.711768
v 5.244451 1.330086 -3.331531
v 5.808530 0.778131 -3.341602
v 5.244451 1.330086 -3.331531
v 5.723467 0.744469 -1.762379
v 5.808530 0.778131 -3.341602
v 5.244451 1.330086 -3.331531
v 5.219055 1.351574 -1.950201
v 5.723467 0.744469 -1.762379
v 4.618196 1.419695 -0.874589
v 5.219055 1.351574 -1.950201
v 4.430724 1.442484 -1.966084
v 4.618196 1.419695 -0.874589
v 5.242661 1.187800 -0.786941
v 5.219055 1.351574 -1.950201
v 4.310153 1.469474 -3.348155
v 5.275645 1.302357 -4.711768
v 4.130137 1.485278 -4.659587
v 4.310153 1.469474 -3.348155
v 5.244451 1.330086 -3.331531
v 5.275645 1.302357 -4.711768
v 4.618196 1.419695 -0.874589
v 5.449226 0.973303 -0.424768
v 5.242661 1.187800 -0.786941
v 4.618196 1.419695 -0.874589
v 4.082294 1.314173 -0.423672
v 5.449226 0.973303 -0.424768
v 4.430724 1.442484 -1.966084
v 5.244451 1.330086 -3.331531
v 4.310153 1.469474 -3.348155
v 4.430724 1.442484 -1.966084
v 5.219055 1.351574 -1.950201
v 5.244451 1.330086 -3.331531
v 4.153872 0.372833 -6.607032
v 5.268189 0.431385 -6.108624
v 5.271218 0.013996 -6.153407
v 4.153872 0.372833 -6.607032
v 4.186276 0.835720 -6.536891
v 5.268189 0.431385 -6.108624
v 4.186276 0.835720 -6.536891
v 5.103766 0.920106 -5.861390
v 5.268189 0.431385 -6.108624
v 4.186276 0.835720 -6.536891
v 4.212033 1.343284 -5.944049
v 5.103766 0.920106 -5.861390
v 2.993700 1.443040 -5.170247
v 4.212033 1.343284 -5.944049
v 3.012117 1.374040 -6.012422
v 2.993700 1.443040 -5.170247
v 4.130137 1.485278 -4.659587
v 4.212033 1.343284 -5.944049
v 0.586080 1.303123 -5.351770
v 1.805448 1.068273 -6.599599
v 0.652249 1.037305 -6.565494
v 0.586080 1.303123 -5.351770
v 1.889712 1.302201 -4.888459
v 1.805448 1.068273 -6.599599
v 2.375702 1.415242 -5.533090
v 1.805448 1.068273 -6.599599
v 1.889712 1.302201 -4.888459
v 2.375702 1.415242 -5.533090
v 2.096405 1.381121 -6.245289
v 1.805448 1.068273 -6.599599
v 2.375702 1.415242 -5.533090
v 3.012117 1.374040 -6.012422
v 2.096405 1.381121 -6.245289
v 2.375702 1.415242 -5.533090
v 2.993700 1.443040 -5.170247
v 3.012117 1.374040 -6.012422
v 5.268189 0.431385 -6.108624
v 5.845452 0.306464 -4.839709
v 5.271218 0.013996 -6.153407
v 5.268189 0.431385 -6.108624
v 5.803281 0.779283 -4.773034
v 5.845452 0.306464 -4.839709
v 5.103766 0.920106 -5.861390
v 5.803281 0.779283 -4.773034
v 5.268189 0.431385 -6.108624
v 5.103766 0.920106 -5.861390
v 5.275645 1.302357 -4.711768
v 5.803281 0.779283 -4.773034
v 0.461969 -0.188010 -7.012183
v 1.837477 0.346226 -6.967416
v 1.934311 -0.287021 -6.959024
v 0.461969 -0.188010 -7.012183
v 0.461348 0.345905 -6.997694
v 1.837477 0.346226 -6.967416
v 2.948895 -0.177812 -6.822474
v 4.153872 0.372833 -6.607032
v 4.148881 -0.059219 -6.654303
v 2.948895 -0.177812 -6.822474
v 2.935916 0.338070 -6.788096
v 4.153872 0.372833 -6.607032
v 1.934311 -0.287021 -6.959024
v 2.935916 0.338070 -6.788096
v 2.948895 -0.177812 -6.822474
v 1.934311 -0.287021 -6.959024
v 1.837477 0.346226 -6.967416
v 2.935916 0.338070 -6.788096
v 5.869880 0.172732 -1.864635
v 5.882336 0.120056 -0.667356
v 5.895232 -0.211594 -1.846861
v 5.869880 0.172732 -1.864635
v 5.922812 0.427362 -0.691397
v 5.882336 0.120056 -0.667356
v 5.845452 0.306464 -4.839709
v 5.918435 -0.061375 -3.368312
v 5.854123 -0.029322 -4.871716
v 5.845452 0.306464 -4.839709
v 5.892896 0.282597 -3.359515
v 5.918435 -0.061375 -3.368312
v 5.892896 0.282597 -3.359515
v 5.895232 -0.211594 -1.846861
v 5.918435 -0.061375 -3.368312
v 5.892896 0.282597 -3.359515
v 5.869880 0.172732 -1.864635
v 5.895232 -0.211594 -1.846861
v 5.271218 0.013996 -6.153407
v 5.854123 -0.029322 -4.871716
v 5.300244 -0.134636 -6.096310
v 5.271218 0.013996 -6.153407
v 5.845452 0.306464 -4.839709
v 5.854123 -0.029322 -4.871716
v 4.148881 -0.059219 -6.654303
v 5.271218 0.013996 -6.153407
v 5.300244 -0.134636 -6.096310
v 4.148881 -0.059219 -6.654303
v 4.153872 0.372833 -6.607032
v 5.271218 0.013996 -6.153407
v 4.130137 1.485278 -4.659587
v 5.103766 0.920106 -5.861390
v 4.212033 1.343284 -5.944049
v 4.130137 1.485278 -4.659587
v 5.275645 1.302357 -4.711768
v 5.103766 0.920106 -5.861390
v -0.709500 0.910413 6.139877
v 0.365339 0.403849 6.690559
v 0.277691 0.934925 6.233042
v -0.709500 0.910413 6.139877
v -0.839775 0.403853 6.673208
v 0.365339 0.403849 6.690559
v -0.802529 1.043232 4.632060
v 0.397474 1.299270 5.222555
v 0.539300 1.007541 4.513247
v -0.802529 1.043232 4.632060
v -0.813813 1.239535 5.250450
v 0.397474 1.299270 5.222555
v -0.839775 0.403853 6.673208
v 0.365461 0.103454 6.683853
v 0.365339 0.403849 6.690559
v -0.839775 0.403853 6.673208
v -0.839646 0.103454 6.666117
v 0.365461 0.103454 6.683853
v -0.794997 0.892097 4.219308
v 0.539300 1.007541 4.513247
v 0.222190 0.878047 4.277553
v -0.794997 0.892097 4.219308
v -0.802529 1.043232 4.632060
v 0.539300 1.007541 4.513247
v -0.709500 0.910413 6.139877
v 0.397474 1.299270 5.222555
v -0.813813 1.239535 5.250450
v -0.709500 0.910413 6.139877
v 0.277691 0.934925 6.233042
v 0.397474 1.299270 5.222555
v -0.628785 1.269237 -5.408912
v 0.679973 1.054538 -4.864097
v 0.586080 1.303123 -5.351770
v -0.628785 1.269237 -5.408912
v -0.637827 1.082381 -4.962997
v 0.679973 1.054538 -4.864097
v -0.941764 0.369852 -7.029546
v 0.652249 1.037305 -6.565494
v 0.461348 0.345905 -6.997694
v -0.941764 0.369852 -7.029546
v -0.748733 1.073437 -6.447660
v 0.652249 1.037305 -6.565494
v -0.637827 1.082381 -4.962997
v 0.298008 0.845703 -4.675886
v 0.679973 1.054538 -4.864097
v -0.637827 1.082381 -4.962997
v -0.648901 0.852372 -4.616482
v 0.298008 0.845703 -4.675886
v -1.021327 -0.210444 -7.085077
v 0.461348 0.345905 -6.997694
v 0.461969 -0.188010 -7.012183
v -1.021327 -0.210444 -7.085077
v -0.941764 0.369852 -7.029546
v 0.461348 0.345905 -6.997694
v -0.628785 1.269237 -5.408912
v 0.652249 1.037305 -6.565494
v -0.748733 1.073437 -6.447660
v -0.628785 1.269237 -5.408912
v 0.586080 1.303123 -5.351770
v 0.652249 1.037305 -6.565494
v -5.955740 0.523867 0.632902
v -6.469416 -0.155391 -0.360033
v -6.234572 -0.158261 0.586885
v -5.955740 0.523867 0.632902
v -6.097305 0.555378 -0.292109
v -6.469416 -0.155391 -0.360033
v -4.749306 1.082063 0.673792
v -4.315201 0.915413 -0.672917
v -4.680736 1.074297 -0.674165
v -4.474801 0.972319 0.451153
v -4.749306 1.082063 0.673792
v -4.458058 0.955432 0.665131
v -4.315201 0.915413 -0.672917
v -4.749306 1.082063 0.673792
v -4.474801 0.972319 0.451153
v -5.955740 0.523867 0.632902
v -4.680736 1.074297 -0.674165
v -6.097305 0.555378 -0.292109
v -5.955740 0.523867 0.632902
v -4.749306 1.082063 0.673792
v -4.680736 1.074297 -0.674165
v 4.279375 1.256891 0.790892
v 3.547312 1.154885 0.027140
v 3.676862 1.110004 0.779897
v 4.279375 1.256891 0.790892
v 4.082294 1.314173 -0.423672
v 3.547312 1.154885 0.027140
v 3.337068 0.985012 0.773697
v 3.547312 1.154885 0.027140
v 3.232547 1.036662 -0.510375
v 3.337068 0.985012 0.773697
v 3.676862 1.110004 0.779897
v 3.547312 1.154885 0.027140
v 5.449226 0.973303 -0.424768
v 5.754638 0.357263 0.793771
v 5.922812 0.427362 -0.691397
v 5.449226 0.973303 -0.424768
v 5.357214 0.913389 0.804206
v 5.754638 0.357263 0.793771
v 5.922812 0.427362 -0.691397
v 5.765548 0.039488 0.787775
v 5.882336 0.120056 -0.667356
v 5.922812 0.427362 -0.691397
v 5.754638 0.357263 0.793771
v 5.765548 0.039488 0.787775
v 4.279375 1.256891 0.790892
v 5.449226 0.973303 -0.424768
v 4.082294 1.314173 -0.423672
v 4.279375 1.256891 0.790892
v 5.357214 0.913389 0.804206
v 5.449226 0.973303 -0.424768
v 0.579164 0.894873 -4.675102
v 0.679973 1.054538 -4.864097
v 0.298008 0.845703 -4.675886
v 0.579164 0.894873 -4.675102
v 1.211884 0.949072 -4.479100
v 0.679973 1.054538 -4.864097
v -4.124997 0.934592 3.008310
v -4.376509 1.032825 3.341366
v -4.023317 0.961826 3.181465
v -4.023317 0.961826 3.181465
v -4.376509 1.032825 3.341366
v -3.219114 0.989722 3.753881
v -1.515880 0.921771 4.173218
v -2.339419 0.966879 3.976135
v -1.952483 1.041673 4.476929
v -1.728497 -0.172255 -7.002299
v -4.637798 -0.269738 -6.844612
v -3.148813 -0.103025 -7.009653
v -4.637798 -0.269738 -6.844612
v -5.986556 -0.133154 -4.877944
v -5.359889 -0.147617 -6.167691
v -4.637798 -0.269738 -6.844612
v -6.024319 -0.194915 -3.595449
v -5.986556 -0.133154 -4.877944
v 0.461969 -0.188010 -7.012183
v -1.728497 -0.172255 -7.002299
v -1.021327 -0.210444 -7.085077
v -1.728497 -0.172255 -7.002299
v -6.024319 -0.194915 -3.595449
v -4.637798 -0.269738 -6.844612
v -6.243819 -0.116567 -2.062625
v -6.234572 -0.158261 0.586885
v -6.469416 -0.155391 -0.360033
v -1.728497 -0.172255 -7.002299
v -6.243819 -0.116567 -2.062625
v -6.024319 -0.194915 -3.595449
v 1.934311 -0.287021 -6.959024
v -1.728497 -0.172255 -7.002299
v 0.461969 -0.188010 -7.012183
v 4.148881 -0.059219 -6.654303
v 1.934311 -0.287021 -6.959024
v 2.948895 -0.177812 -6.822474
v 5.854123 -0.029322 -4.871716
v 4.148881 -0.059219 -6.654303
v 5.300244 -0.134636 -6.096310
v 5.895232 -0.211594 -1.846861
v 5.854123 -0.029322 -4.871716
v 5.918435 -0.061375 -3.368312
v 5.765548 0.039488 0.787775
v 5.895232 -0.211594 -1.846861
v 5.882336 0.120056 -0.667356
v 5.734200 0.051437 3.537465
v 5.765548 0.039488 0.787775
v 5.908414 -0.080820 1.993598
v 5.092566 0.103376 6.184211
v 5.734200 0.051437 3.537465
v 5.639453 0.066391 4.963643
v 2.775818 0.103454 6.711475
v 5.092566 0.103376 6.184211
v 3.981091 0.103454 6.720051
v 0.365461 0.103454 6.683853
v 2.775818 0.103454 6.711475
v 1.570596 0.103454 6.700022
v -2.044696 0.103454 6.645290
v 0.365461 0.103454 6.683853
v -0.839646 0.103454 6.666117
v -4.454476 0.103454 6.586082
v -2.044696 0.103454 6.645290
v -3.249614 0.103454 6.617179
v -6.129930 -0.037796 4.765162
v -4.454476 0.103454 6.586082
v -5.518545 0.103454 6.002534
v -6.234572 -0.158261 0.586885
v -6.101513 -0.075882 3.382877
v -6.191323 -0.164657 2.011272
v -6.101513 -0.075882 3.382877
v -4.454476 0.103454 6.586082
v -6.129930 -0.037796 4.765162
v -4.454476 0.103454 6.586082
v 0.365461 0.103454 6.683853
v -2.044696 0.103454 6.645290
v 0.365461 0.103454 6.683853
v 5.092566 0.103376 6.184211
v 2.775818 0.103454 6.711475
v 5.092566 0.103376 6.184211
v 5.765548 0.039488 0.787775
v 5.734200 0.051437 3.537465
v 5.765548 0.039488 0.787775
v 5.854123 -0.029322 -4.871716
v 5.895232 -0.211594 -1.846861
v 5.854123 -0.029322 -4.871716
v 1.934311 -0.287021 -6.959024
v 4.148881 -0.059219 -6.654303
v 1.934311 -0.287021 -6.959024
v -6.243819 -0.116567 -2.062625
v -1.728497 -0.172255 -7.002299
v -6.243819 -0.116567 -2.062625
v -6.101513 -0.075882 3.382877
v -6.234572 -0.158261 0.586885
v -6.101513 -0.075882 3.382877
v 0.365461 0.103454 6.683853
v -4.454476 0.103454 6.586082
v 0.365461 0.103454 6.683853
v 5.765548 0.039488 0.787775
v 5.092566 0.103376 6.184211
v 5.765548 0.039488 0.787775
v 1.934311 -0.287021 -6.959024
v 5.854123 -0.029322 -4.871716
v 1.934311 -0.287021 -6.959024
v -6.101513 -0.075882 3.382877
v -6.243819 -0.116567 -2.062625
v -6.101513 -0.075882 3.382877
v 5.765548 0.039488 0.787775
v 0.365461 0.103454 6.683853
v -6.101513 -0.075882 3.382877
v 1.934311 -0.287021 -6.959024
v 5.765548 0.039488 0.787775
v -4.143312 0.810469 0.653529
v -3.888013 0.650602 1.692286
v -3.836904 0.651051 0.648235
v -4.143312 0.810469 0.653529
v -4.153343 0.809638 2.114529
v -3.888013 0.650602 1.692286
v -3.888013 0.650602 1.692286
v -3.793938 0.735790 2.623532
v -3.327132 0.563678 2.168516
v -3.888013 0.650602 1.692286
v -4.153343 0.809638 2.114529
v -3.793938 0.735790 2.623532
v -3.888013 0.650602 1.692286
v -3.528020 0.523021 0.650790
v -3.836904 0.651051 0.648235
v -3.888013 0.650602 1.692286
v -3.327132 0.563678 2.168516
v -3.528020 0.523021 0.650790
v -2.862499 0.284820 0.606867
v -2.526566 0.203320 1.372003
v -2.559116 0.182691 1.016060
v -2.862499 0.284820 0.606867
v -2.790258 0.314969 1.646257
v -2.526566 0.203320 1.372003
v -2.011382 0.602673 2.954641
v -0.788726 0.767311 3.840749
v -0.708831 0.533851 3.115572
v -2.011382 0.602673 2.954641
v -2.017831 0.845383 3.660789
v -0.788726 0.767311 3.840749
v -1.515880 0.921771 4.173218
v -0.788726 0.767311 3.840749
v -2.017831 0.845383 3.660789
v -1.515880 0.921771 4.173218
v -0.794997 0.892097 4.219308
v -0.788726 0.767311 3.840749
v -0.753289 0.301272 2.070824
v -1.096333 0.137869 0.692798
v -1.251333 0.153020 1.451159
v -0.753289 0.301272 2.070824
v -0.493818 0.207288 0.703792
v -1.096333 0.137869 0.692798
v -1.947347 0.153331 1.459839
v -0.753289 0.301272 2.070824
v -1.251333 0.153020 1.451159
v -1.947347 0.153331 1.459839
v -1.960177 0.293276 2.013514
v -0.753289 0.301272 2.070824
v -1.947347 0.153331 1.459839
v -1.096333 0.137869 0.692798
v -2.012315 0.140071 0.623021
v -1.947347 0.153331 1.459839
v -1.251333 0.153020 1.451159
v -1.096333 0.137869 0.692798
v -2.936042 0.640576 2.830956
v -2.017831 0.845383 3.660789
v -2.011382 0.602673 2.954641
v -2.936042 0.640576 2.830956
v -3.329814 0.818201 3.061539
v -2.017831 0.845383 3.660789
v -2.526566 0.203320 1.372003
v -1.960177 0.293276 2.013514
v -1.947347 0.153331 1.459839
v -2.526566 0.203320 1.372003
v -2.790258 0.314969 1.646257
v -1.960177 0.293276 2.013514
v -2.862499 0.284820 0.606867
v -2.012315 0.140071 0.623021
v -2.456830 0.195854 0.119697
v -2.862499 0.284820 0.606867
v -2.559116 0.182691 1.016060
v -2.012315 0.140071 0.623021
v -2.526566 0.203320 1.372003
v -2.012315 0.140071 0.623021
v -2.559116 0.182691 1.016060
v -2.526566 0.203320 1.372003
v -1.947347 0.153331 1.459839
v -2.012315 0.140071 0.623021
v -3.793938 0.735790 2.623532
v -2.936042 0.640576 2.830956
v -3.327132 0.563678 2.168516
v -3.793938 0.735790 2.623532
v -3.329814 0.818201 3.061539
v -2.936042 0.640576 2.830956
v -4.025542 0.893827 2.866373
v -3.793938 0.735790 2.623532
v -4.153343 0.809638 2.114529
v -4.025542 0.893827 2.866373
v -3.329814 0.818201 3.061539
v -3.793938 0.735790 2.623532
v -2.011382 0.602673 2.954641
v -1.058600 0.444248 2.675827
v -1.973425 0.467356 2.609798
v -2.011382 0.602673 2.954641
v -0.708831 0.533851 3.115572
v -1.058600 0.444248 2.675827
v -3.528020 0.523021 0.650790
v -2.790258 0.314969 1.646257
v -2.862499 0.284820 0.606867
v -3.528020 0.523021 0.650790
v -3.327132 0.563678 2.168516
v -2.790258 0.314969 1.646257
v -1.960177 0.293276 2.013514
v -1.058600 0.444248 2.675827
v -0.753289 0.301272 2.070824
v -1.960177 0.293276 2.013514
v -1.973425 0.467356 2.609798
v -1.058600 0.444248 2.675827
v -1.058600 0.444248 2.675827
v -0.258055 0.401009 2.844417
v -0.753289 0.301272 2.070824
v -1.058600 0.444248 2.675827
v -0.708831 0.533851 3.115572
v -0.258055 0.401009 2.844417
v -2.790258 0.314969 1.646257
v -1.973425 0.467356 2.609798
v -1.960177 0.293276 2.013514
v -2.790258 0.314969 1.646257
v -3.327132 0.563678 2.168516
v -1.973425 0.467356 2.609798
v -2.936042 0.640576 2.830956
v -1.973425 0.467356 2.609798
v -3.327132 0.563678 2.168516
v -2.936042 0.640576 2.830956
v -2.011382 0.602673 2.954641
v -1.973425 0.467356 2.609798
v -4.124997 0.934592 3.008310
v -3.329814 0.818201 3.061539
v -4.025542 0.893827 2.866373
v -3.329814 0.818201 3.061539
v -4.023317 0.961826 3.181465
v -3.219114 0.989722 3.753881
v -3.329814 0.818201 3.061539
v -4.124997 0.934592 3.008310
v -4.023317 0.961826 3.181465
v -2.339419 0.966879 3.976135
v -1.515880 0.921771 4.173218
v -2.017831 0.845383 3.660789
v -3.329814 0.818201 3.061539
v -2.339419 0.966879 3.976135
v -2.017831 0.845383 3.660789
v -3.329814 0.818201 3.061539
v -3.219114 0.989722 3.753881
v -2.339419 0.966879 3.976135
v -3.785039 0.786226 -2.173941
v -3.764017 0.653988 -0.662712
v -3.659887 0.667691 -1.773284
v -3.785039 0.786226 -2.173941
v -3.967042 0.759732 -0.665798
v -3.764017 0.653988 -0.662712
v -3.785039 0.786226 -2.173941
v -3.404432 0.564414 -2.170914
v -3.495259 0.693615 -2.614506
v -3.785039 0.786226 -2.173941
v -3.659887 0.667691 -1.773284
v -3.404432 0.564414 -2.170914
v -3.764017 0.653988 -0.662712
v -3.404432 0.564414 -2.170914
v -3.659887 0.667691 -1.773284
v -3.764017 0.653988 -0.662712
v -3.497453 0.556111 -0.658048
v -3.404432 0.564414 -2.170914
v -1.988532 0.212940 -0.687434
v -0.848177 0.149317 -0.331985
v -0.595616 0.196871 -0.674208
v -1.988532 0.212940 -0.687434
v -1.647183 0.142995 -0.210635
v -0.848177 0.149317 -0.331985
v -1.988532 0.212940 -0.687434
v -0.799441 0.250253 -2.143175
v -1.763464 0.224830 -2.160765
v -1.988532 0.212940 -0.687434
v -0.595616 0.196871 -0.674208
v -0.799441 0.250253 -2.143175
v -1.976486 0.749092 -4.252059
v -0.660272 0.535585 -3.641098
v -0.657651 0.708413 -4.309309
v -1.976486 0.749092 -4.252059
v -1.867070 0.526311 -3.786729
v -0.660272 0.535585 -3.641098
v -1.976486 0.749092 -4.252059
v -0.648901 0.852372 -4.616482
v -1.640719 0.837515 -4.505825
v -1.976486 0.749092 -4.252059
v -0.657651 0.708413 -4.309309
v -0.648901 0.852372 -4.616482
v -2.810746 0.334914 -0.718356
v -1.763464 0.224830 -2.160765
v -2.802134 0.337851 -2.098051
v -2.810746 0.334914 -0.718356
v -1.988532 0.212940 -0.687434
v -1.763464 0.224830 -2.160765
v -3.158937 0.800983 -3.331837
v -1.867070 0.526311 -3.786729
v -1.976486 0.749092 -4.252059
v -3.158937 0.800983 -3.331837
v -2.873574 0.543809 -3.166895
v -1.867070 0.526311 -3.786729
v -3.158937 0.800983 -3.331837
v -3.404432 0.564414 -2.170914
v -2.873574 0.543809 -3.166895
v -3.158937 0.800983 -3.331837
v -3.495259 0.693615 -2.614506
v -3.404432 0.564414 -2.170914
v -3.785039 0.786226 -2.173941
v -3.158937 0.800983 -3.331837
v -3.665761 0.885750 -2.871959
v -3.785039 0.786226 -2.173941
v -3.495259 0.693615 -2.614506
v -3.158937 0.800983 -3.331837
v -1.763464 0.224830 -2.160765
v -0.664204 0.366922 -2.948407
v -1.866957 0.328641 -3.099441
v -1.763464 0.224830 -2.160765
v -0.799441 0.250253 -2.143175
v -0.664204 0.366922 -2.948407
v -3.404432 0.564414 -2.170914
v -2.810746 0.334914 -0.718356
v -2.802134 0.337851 -2.098051
v -3.404432 0.564414 -2.170914
v -3.497453 0.556111 -0.658048
v -2.810746 0.334914 -0.718356
v -1.867070 0.526311 -3.786729
v -0.664204 0.366922 -2.948407
v -0.660272 0.535585 -3.641098
v -1.867070 0.526311 -3.786729
v -1.866957 0.328641 -3.099441
v -0.664204 0.366922 -2.948407
v -2.873574 0.543809 -3.166895
v -2.802134 0.337851 -2.098051
v -2.667114 0.366530 -2.959886
v -2.873574 0.543809 -3.166895
v -3.404432 0.564414 -2.170914
v -2.802134 0.337851 -2.098051
v -2.873574 0.543809 -3.166895
v -1.866957 0.328641 -3.099441
v -1.867070 0.526311 -3.786729
v -2.873574 0.543809 -3.166895
v -2.667114 0.366530 -2.959886
v -1.866957 0.328641 -3.099441
v -2.802134 0.337851 -2.098051
v -1.866957 0.328641 -3.099441
v -2.667114 0.366530 -2.959886
v -2.802134 0.337851 -2.098051
v -1.763464 0.224830 -2.160765
v -1.866957 0.328641 -3.099441
v -3.136467 1.025580 -3.928385
v -1.976486 0.749092 -4.252059
v -2.442054 0.907920 -4.241318
v -3.136467 1.025580 -3.928385
v -3.158937 0.800983 -3.331837
v -1.976486 0.749092 -4.252059
v 0.520389 0.520428 3.179600
v 1.626459 0.793119 3.651143
v 1.623928 0.597040 3.065019
v 0.520389 0.520428 3.179600
v 0.563130 0.782534 4.049048
v 1.626459 0.793119 3.651143
v 0.535514 0.377542 2.200315
v 1.318116 0.358902 0.736856
v 0.439567 0.251987 0.582837
v 0.535514 0.377542 2.200315
v 1.073013 0.414606 1.850482
v 1.318116 0.358902 0.736856
v 2.913622 0.793247 2.145839
v 2.456478 0.626852 0.757627
v 2.459552 0.636867 2.137552
v 2.913622 0.793247 2.145839
v 2.909228 0.793247 0.765889
v 2.456478 0.626852 0.757627
v 1.623928 0.597040 3.065019
v 2.527196 0.793247 3.119004
v 2.374187 0.647637 2.916170
v 1.623928 0.597040 3.065019
v 1.626459 0.793119 3.651143
v 2.527196 0.793247 3.119004
v 1.531812 0.498536 2.223779
v 2.456478 0.626852 0.757627
v 1.920631 0.501860 0.747849
v 1.531812 0.498536 2.223779
v 2.459552 0.636867 2.137552
v 2.456478 0.626852 0.757627
v 0.520389 0.520428 3.179600
v 1.531812 0.498536 2.223779
v 0.938995 0.435114 2.654379
v 0.520389 0.520428 3.179600
v 1.623928 0.597040 3.065019
v 1.531812 0.498536 2.223779
v 2.527196 0.793247 3.119004
v 2.459552 0.636867 2.137552
v 2.374187 0.647637 2.916170
v 2.527196 0.793247 3.119004
v 2.913622 0.793247 2.145839
v 2.459552 0.636867 2.137552
v 1.531812 0.498536 2.223779
v 1.318116 0.358902 0.736856
v 1.073013 0.414606 1.850482
v 1.531812 0.498536 2.223779
v 1.920631 0.501860 0.747849
v 1.318116 0.358902 0.736856
v 0.535514 0.377542 2.200315
v 1.531812 0.498536 2.223779
v 1.073013 0.414606 1.850482
v 0.535514 0.377542 2.200315
v 0.938995 0.435114 2.654379
v 1.531812 0.498536 2.223779
v 0.520389 0.520428 3.179600
v 0.535514 0.377542 2.200315
v 0.198156 0.401954 2.842144
v 0.520389 0.520428 3.179600
v 0.938995 0.435114 2.654379
v 0.535514 0.377542 2.200315
v 1.623928 0.597040 3.065019
v 2.459552 0.636867 2.137552
v 1.531812 0.498536 2.223779
v 1.623928 0.597040 3.065019
v 2.374187 0.647637 2.916170
v 2.459552 0.636867 2.137552
v 0.563130 0.782534 4.049048
v 1.730053 1.019319 4.089911
v 1.626459 0.793119 3.651143
v 0.563130 0.782534 4.049048
v 1.022484 0.907956 4.216517
v 1.730053 1.019319 4.089911
v 3.313219 0.984571 2.153130
v 2.909228 0.793247 0.765889
v 2.913622 0.793247 2.145839
v 3.313219 0.984571 2.153130
v 3.337068 0.985012 0.773697
v 2.909228 0.793247 0.765889
v 2.868300 1.060317 3.352619
v 2.913622 0.793247 2.145839
v 2.527196 0.793247 3.119004
v 2.868300 1.060317 3.352619
v 3.313219 0.984571 2.153130
v 2.913622 0.793247 2.145839
v 1.626459 0.793119 3.651143
v 2.868300 1.060317 3.352619
v 2.527196 0.793247 3.119004
v 1.626459 0.793119 3.651143
v 1.730053 1.019319 4.089911
v 2.868300 1.060317 3.352619
v 0.488338 0.302570 -2.042968
v 0.522906 0.192010 -0.694087
v 0.812130 0.191040 -1.383131
v 0.488338 0.302570 -2.042968
v 0.340415 0.205667 -0.489742
v 0.522906 0.192010 -0.694087
v 1.494060 0.277459 -0.521926
v 1.130998 0.191040 -1.377312
v 1.122550 0.191040 -0.914380
v 1.494060 0.277459 -0.521926
v 1.386479 0.303314 -1.686502
v 1.130998 0.191040 -1.377312
v 0.522906 0.192010 -0.694087
v 1.494060 0.277459 -0.521926
v 1.122550 0.191040 -0.914380
v 0.522906 0.192010 -0.694087
v 0.340415 0.205667 -0.489742
v 1.494060 0.277459 -0.521926
v 0.488338 0.302570 -2.042968
v 1.130998 0.191040 -1.377312
v 1.386479 0.303314 -1.686502
v 0.488338 0.302570 -2.042968
v 0.812130 0.191040 -1.383131
v 1.130998 0.191040 -1.377312
v 0.522906 0.192010 -0.694087
v 1.130998 0.191040 -1.377312
v 0.812130 0.191040 -1.383131
v 0.522906 0.192010 -0.694087
v 1.122550 0.191040 -0.914380
v 1.130998 0.191040 -1.377312
v 0.716890 0.753088 -4.314738
v 1.640391 0.564553 -3.075191
v 2.152566 0.741276 -3.483225
v 0.716890 0.753088 -4.314738
v 0.562387 0.525141 -3.061025
v 1.640391 0.564553 -3.075191
v 2.772422 0.749260 -0.623953
v 2.481662 0.612369 -1.726678
v 2.452087 0.583059 -0.628230
v 2.772422 0.749260 -0.623953
v 2.770505 0.738962 -2.182505
v 2.481662 0.612369 -1.726678
v 2.355765 0.684698 -2.824440
v 2.481662 0.612369 -1.726678
v 2.770505 0.738962 -2.182505
v 2.355765 0.684698 -2.824440
v 1.901099 0.521926 -2.213171
v 2.481662 0.612369 -1.726678
v 2.213593 0.471283 -0.630333
v 2.481662 0.612369 -1.726678
v 1.901099 0.521926 -2.213171
v 2.213593 0.471283 -0.630333
v 2.452087 0.583059 -0.628230
v 2.481662 0.612369 -1.726678
v 2.355765 0.684698 -2.824440
v 1.640391 0.564553 -3.075191
v 1.901099 0.521926 -2.213171
v 2.355765 0.684698 -2.824440
v 2.152566 0.741276 -3.483225
v 1.640391 0.564553 -3.075191
v 0.970283 0.429636 -2.694180
v 1.640391 0.564553 -3.075191
v 0.562387 0.525141 -3.061025
v 0.970283 0.429636 -2.694180
v 1.901099 0.521926 -2.213171
v 1.640391 0.564553 -3.075191
v 2.213593 0.471283 -0.630333
v 1.386479 0.303314 -1.686502
v 1.494060 0.277459 -0.521926
v 2.213593 0.471283 -0.630333
v 1.901099 0.521926 -2.213171
v 1.386479 0.303314 -1.686502
v 0.970283 0.429636 -2.694180
v 1.386479 0.303314 -1.686502
v 1.901099 0.521926 -2.213171
v 0.970283 0.429636 -2.694180
v 0.488338 0.302570 -2.042968
v 1.386479 0.303314 -1.686502
v 0.970283 0.429636 -2.694180
v 0.167420 0.417337 -2.736663
v 0.488338 0.302570 -2.042968
v 0.970283 0.429636 -2.694180
v 0.562387 0.525141 -3.061025
v 0.167420 0.417337 -2.736663
v 2.355765 0.684698 -2.824440
v 2.556350 0.850474 -2.988778
v 2.152566 0.741276 -3.483225
v 2.355765 0.684698 -2.824440
v 2.770505 0.738962 -2.182505
v 2.556350 0.850474 -2.988778
v 1.211884 0.949072 -4.479100
v 0.298008 0.845703 -4.675886
v 0.716890 0.753088 -4.314738
v 1.211884 0.949072 -4.479100
v 0.579164 0.894873 -4.675102
v 0.298008 0.845703 -4.675886
v 1.211884 0.949072 -4.479100
v 2.152566 0.741276 -3.483225
v 2.222064 0.976406 -4.149554
v 1.211884 0.949072 -4.479100
v 0.716890 0.753088 -4.314738
v 2.152566 0.741276 -3.483225
v 3.232547 1.036662 -0.510375
v 2.770505 0.738962 -2.182505
v 2.772422 0.749260 -0.623953
v 3.232547 1.036662 -0.510375
v 3.084347 0.996583 -2.032228
v 2.770505 0.738962 -2.182505
v 3.084347 0.996583 -2.032228
v 2.556350 0.850474 -2.988778
v 2.770505 0.738962 -2.182505
v 3.084347 0.996583 -2.032228
v 2.726443 1.009753 -3.229458
v 2.556350 0.850474 -2.988778
v 2.222064 0.976406 -4.149554
v 2.556350 0.850474 -2.988778
v 2.726443 1.009753 -3.229458
v 2.222064 0.976406 -4.149554
v 2.152566 0.741276 -3.483225
v 2.556350 0.850474 -2.988778
v -0.708831 0.533851 3.115572
v 0.563130 0.782534 4.049048
v 0.520389 0.520428 3.179600
v -0.708831 0.533851 3.115572
v -0.788726 0.767311 3.840749
v 0.563130 0.782534 4.049048
v -0.794997 0.892097 4.219308
v 0.563130 0.782534 4.049048
v -0.788726 0.767311 3.840749
v -0.794997 0.892097 4.219308
v 0.222190 0.878047 4.277553
v 0.563130 0.782534 4.049048
v -0.753289 0.301272 2.070824
v 0.439567 0.251987 0.582837
v -0.493818 0.207288 0.703792
v -0.753289 0.301272 2.070824
v 0.535514 0.377542 2.200315
v 0.439567 0.251987 0.582837
v -0.258055 0.401009 2.844417
v 0.520389 0.520428 3.179600
v 0.198156 0.401954 2.842144
v -0.258055 0.401009 2.844417
v -0.708831 0.533851 3.115572
v 0.520389 0.520428 3.179600
v -0.258055 0.401009 2.844417
v 0.535514 0.377542 2.200315
v -0.753289 0.301272 2.070824
v -0.258055 0.401009 2.844417
v 0.198156 0.401954 2.842144
v 0.535514 0.377542 2.200315
v -0.595616 0.196871 -0.674208
v 0.488338 0.302570 -2.042968
v -0.799441 0.250253 -2.143175
v -0.595616 0.196871 -0.674208
v 0.340415 0.205667 -0.489742
v 0.488338 0.302570 -2.042968
v -0.657651 0.708413 -4.309309
v 0.562387 0.525141 -3.061025
v 0.716890 0.753088 -4.314738
v -0.657651 0.708413 -4.309309
v -0.660272 0.535585 -3.641098
v 0.562387 0.525141 -3.061025
v -0.657651 0.708413 -4.309309
v 0.298008 0.845703 -4.675886
v -0.648901 0.852372 -4.616482
v -0.657651 0.708413 -4.309309
v 0.716890 0.753088 -4.314738
v 0.298008 0.845703 -4.675886
v -0.660272 0.535585 -3.641098
v 0.167420 0.417337 -2.736663
v 0.562387 0.525141 -3.061025
v -0.660272 0.535585 -3.641098
v -0.664204 0.366922 -2.948407
v 0.167420 0.417337 -2.736663
v -0.799441 0.250253 -2.143175
v 0.167420 0.417337 -2.736663
v -0.664204 0.366922 -2.948407
v -0.799441 0.250253 -2.143175
v 0.488338 0.302570 -2.042968
v 0.167420 0.417337 -2.736663
v -3.967042 0.759732 -0.665798
v -3.836904 0.651051 0.648235
v -3.764017 0.653988 -0.662712
v -3.967042 0.759732 -0.665798
v -4.143312 0.810469 0.653529
v -3.836904 0.651051 0.648235
v -3.836904 0.651051 0.648235
v -3.497453 0.556111 -0.658048
v -3.764017 0.653988 -0.662712
v -3.836904 0.651051 0.648235
v -3.528020 0.523021 0.650790
v -3.497453 0.556111 -0.658048
v -1.988532 0.212940 -0.687434
v -2.012315 0.140071 0.623021
v -1.647183 0.142995 -0.210635
v -1.988532 0.212940 -0.687434
v -2.456830 0.195854 0.119697
v -2.012315 0.140071 0.623021
v -0.493818 0.207288 0.703792
v -0.848177 0.149317 -0.331985
v -1.096333 0.137869 0.692798
v -0.493818 0.207288 0.703792
v -0.595616 0.196871 -0.674208
v -0.848177 0.149317 -0.331985
v -2.012315 0.140071 0.623021
v -0.848177 0.149317 -0.331985
v -1.647183 0.142995 -0.210635
v -2.012315 0.140071 0.623021
v -1.096333 0.137869 0.692798
v -0.848177 0.149317 -0.331985
v -3.497453 0.556111 -0.658048
v -2.862499 0.284820 0.606867
v -2.810746 0.334914 -0.718356
v -3.497453 0.556111 -0.658048
v -3.528020 0.523021 0.650790
v -2.862499 0.284820 0.606867
v -2.862499 0.284820 0.606867
v -1.988532 0.212940 -0.687434
v -2.810746 0.334914 -0.718356
v -2.862499 0.284820 0.606867
v -2.456830 0.195854 0.119697
v -1.988532 0.212940 -0.687434
v 2.909228 0.793247 0.765889
v 2.452087 0.583059 -0.628230
v 2.456478 0.626852 0.757627
v 2.909228 0.793247 0.765889
v 2.772422 0.749260 -0.623953
v 2.452087 0.583059 -0.628230
v 0.439567 0.251987 0.582837
v 1.494060 0.277459 -0.521926
v 0.340415 0.205667 -0.489742
v 0.439567 0.251987 0.582837
v 1.318116 0.358902 0.736856
v 1.494060 0.277459 -0.521926
v 1.920631 0.501860 0.747849
v 1.494060 0.277459 -0.521926
v 1.318116 0.358902 0.736856
v 1.920631 0.501860 0.747849
v 2.213593 0.471283 -0.630333
v 1.494060 0.277459 -0.521926
v 1.920631 0.501860 0.747849
v 2.452087 0.583059 -0.628230
v 2.213593 0.471283 -0.630333
v 1.920631 0.501860 0.747849
v 2.456478 0.626852 0.757627
v 2.452087 0.583059 -0.628230
v 3.337068 0.985012 0.773697
v 2.772422 0.749260 -0.623953
v 2.909228 0.793247 0.765889
v 3.337068 0.985012 0.773697
v 3.232547 1.036662 -0.510375
v 2.772422 0.749260 -0.623953
v -0.493818 0.207288 0.703792
v 0.340415 0.205667 -0.489742
v -0.595616 0.196871 -0.674208
v -0.493818 0.207288 0.703792
v 0.439567 0.251987 0.582837
v 0.340415 0.205667 -0.489742
v -2.442054 0.907920 -4.241318
v -1.976486 0.749092 -4.252059
v -1.640719 0.837515 -4.505825
v -3.665761 0.885750 -2.871959
v -3.158937 0.800983 -3.331837
v -3.136467 1.025580 -3.928385
v -4.143312 0.810469 0.653529
v -4.474801 0.972319 0.451153
v -4.458058 0.955432 0.665131
v -4.474801 0.972319 0.451153
v -3.967042 0.759732 -0.665798
v -4.315201 0.915413 -0.672917
v -4.474801 0.972319 0.451153
v -4.143312 0.810469 0.653529
v -3.967042 0.759732 -0.665798
v -4.025542 0.893827 2.866373
v -4.439390 0.968805 2.453510
v -4.124997 0.934592 3.008310
v -4.439390 0.968805 2.453510
v -4.153343 0.809638 2.114529
v -4.450571 0.919427 2.135970
v -4.439390 0.968805 2.453510
v -4.025542 0.893827 2.866373
v -4.153343 0.809638 2.114529
v -4.153343 0.809638 2.114529
v -4.331548 0.892395 1.535578
v -4.450571 0.919427 2.135970
v -4.331548 0.892395 1.535578
v -4.143312 0.810469 0.653529
v -4.458058 0.955432 0.665131
v -4.331548 0.892395 1.535578
v -4.153343 0.809638 2.114529
v -4.143312 0.810469 0.653529
v -3.967042 0.759732 -0.665798
v -4.232649 0.919567 -1.012717
v -4.315201 0.915413 -0.672917
v -4.232649 0.919567 -1.012717
v -3.785039 0.786226 -2.173941
v -4.101677 0.966656 -2.142705
v -4.232649 0.919567 -1.012717
v -3.967042 0.759732 -0.665798
v -3.785039 0.786226 -2.173941
v -4.101677 0.966656 -2.142705
v -3.785039 0.786226 -2.173941
v -3.665761 0.885750 -2.871959
v 1.022484 0.907956 4.216517
v 0.222190 0.878047 4.277553
v 0.626610 0.891807 4.272755
v 1.022484 0.907956 4.216517
v 0.563130 0.782534 4.049048
v 0.222190 0.878047 4.277553
vn 0.0358 0.7732 0.6331
vn 0.0219 0.7597 0.6499
vn 0.0157 0.7450 0.6669
vn -0.0097 0.7046 0.7095
vn -0.0034 0.7245 0.6892
vn -0.0229 0.6881 0.7253
vn -0.0500 0.7227 0.6894
vn -0.0474 0.7405 0.6704
vn -0.0429 0.7502 0.6598
vn -0.0164 0.7736 0.6335
vn -0.0292 0.7612 0.6479
vn -0.0177 0.7926 0.6095
vn 0.0011 0.7826 0.6225
vn -0.0039 0.7774 0.6289
vn -0.0154 0.7662 0.6425
vn -0.0113 0.7712 0.6365
vn 0.0158 0.9825 -0.1854
vn 0.0279 0.9785 -0.2045
vn -0.0240 0.9851 -0.1705
vn -0.0133 0.9867 -0.1620
vn 0.0442 0.9790 -0.1989
vn 0.0006 0.9835 -0.1810
vn 0.0991 0.9917 -0.0816
vn 0.0400 0.9898 -0.1369
vn -0.0525 0.9736 -0.2220
vn 0.0403 0.9857 -0.1639
vn 0.2100 0.9762 -0.0548
vn -0.0392 0.9799 -0.1958
vn 0.0388 0.9547 -0.2949
vn 0.0456 0.9509 -0.3061
vn -0.0192 0.9665 -0.2561
vn -0.0078 0.9703 -0.2419
vn 0.0522 0.9561 -0.2885
vn -0.0017 0.9675 -0.2530
vn 0.0688 0.9711 -0.2287
vn 0.0705 0.9683 -0.2396
vn 0.0266 0.9772 -0.2106
vn 0.0308 0.9809 -0.1923
vn 0.0958 0.9678 -0.2329
vn 0.0395 0.9790 -0.2002
vn 0.0782 0.9799 -0.1836
vn 0.0666 0.9800 -0.1873
vn 0.0575 0.9779 -0.2008
vn 0.0703 0.9787 -0.1927
vn 0.0857 0.9767 -0.1969
vn 0.0606 0.9789 -0.1953
vn -0.2385 0.6826 0.6907
vn -0.2738 0.6277 0.7287
vn -0.2157 0.5855 0.7815
vn -0.4206 0.3683 0.8291
vn -0.3876 0.3894 0.8356
vn -0.4648 0.3069 0.8305
vn -0.3691 0.8738 -0.3165
vn -0.5377 0.8393 -0.0802
vn -0.1077 0.9376 -0.3307
vn -0.0681 0.6990 -0.7119
vn -0.4909 0.8446 -0.2138
vn -0.3213 0.7968 -0.5117
vn -0.2229 0.9744 -0.0285
vn -0.3779 0.9259 -0.0034
vn -0.4165 0.9083 -0.0390
vn -0.3098 0.9468 -0.0870
vn -0.2333 0.9700 -0.0686
vn -0.4490 0.8927 -0.0390
vn -0.3991 0.9167 -0.0212
vn -0.4371 0.8990 -0.0264
vn -0.4621 0.8862 -0.0323
vn -0.4420 0.8959 -0.0448
vn -0.4203 0.9070 -0.0256
vn -0.4823 0.8745 -0.0511
vn -0.5735 0.8192 0.0076
vn -0.3943 0.9127 0.1075
vn -0.2265 0.9716 0.0684
vn -0.3667 0.9277 0.0699
vn -0.5141 0.8513 0.1050
vn -0.1700 0.9751 0.1427
vn -0.8156 0.5406 0.2062
vn -0.8110 0.5497 0.2002
vn -0.8211 0.5264 0.2208
vn -0.9193 0.3055 0.2481
vn -0.9027 0.3543 0.2441
vn -0.9146 0.3130 0.2560
vn -0.0034 0.9467 0.3221
vn -0.0103 0.9495 0.3135
vn 0.0103 0.9363 0.3510
vn 0.0207 0.9350 0.3541
vn -0.0004 0.9462 0.3237
vn 0.0124 0.9377 0.3472
vn -0.0244 0.9207 0.3895
vn -0.0183 0.9111 0.4118
vn -0.0415 0.9330 0.3575
vn -0.0506 0.9394 0.3391
vn -0.0195 0.9212 0.3885
vn -0.0421 0.9312 0.3622
vn -0.0180 0.9342 0.3563
vn -0.0352 0.9415 0.3353
vn -0.0084 0.9198 0.3924
vn 0.0134 0.9110 0.4123
vn -0.0171 0.9341 0.3565
vn -0.0048 0.9199 0.3922
vn -0.8573 0.5148 -0.0070
vn -0.8177 0.5755 -0.0140
vn -0.8732 0.4873 0.0005
vn -0.9358 0.3470 0.0628
vn -0.8924 0.4486 0.0488
vn -0.9073 0.4160 0.0610
vn -0.9491 0.3142 0.0208
vn -0.9569 0.2886 0.0314
vn -0.9446 0.3274 0.0234
vn -0.9196 0.3926 -0.0110
vn -0.9345 0.3559 -0.0000
vn -0.9298 0.3680 -0.0000
vn -0.9290 0.3671 0.0473
vn -0.9159 0.3993 0.0406
vn -0.9336 0.3542 0.0532
vn -0.9571 0.2771 0.0851
vn -0.9417 0.3270 0.0786
vn -0.9471 0.3102 0.0822
vn -0.0263 -0.0213 0.9994
vn -0.0258 -0.0195 0.9995
vn -0.0172 -0.0236 0.9996
vn -0.0173 -0.0239 0.9996
vn -0.0240 -0.0239 0.9994
vn -0.0233 -0.0213 0.9995
vn 0.3944 0.9180 0.0412
vn 0.4061 0.9073 0.1091
vn 0.3442 0.9380 -0.0414
vn 0.3502 0.9354 0.0480
vn 0.2796 0.9562 0.0861
vn 0.3225 0.9461 -0.0307
vn 0.2893 0.9558 0.0533
vn 0.2683 0.9633 -0.0082
vn 0.2962 0.9505 0.0939
vn 0.0605 0.9377 -0.3422
vn 0.0404 0.9458 -0.3223
vn 0.0412 0.9482 -0.3151
vn 0.0635 0.9470 -0.3148
vn 0.2901 0.9434 -0.1610
vn 0.2480 0.9496 -0.1918
vn 0.1012 0.9773 -0.1860
vn 0.2646 0.9629 -0.0525
vn 0.2802 0.9515 -0.1273
vn 0.2128 0.9763 -0.0380
vn 0.2510 0.9654 -0.0701
vn 0.2116 0.9686 -0.1307
vn 0.1844 0.9787 -0.0902
vn -0.9022 0.0261 0.4306
vn -0.8859 -0.0437 0.4618
vn -0.9408 0.1292 0.3135
vn -0.7913 0.5776 0.2007
vn -0.8531 0.4849 0.1927
vn -0.8125 0.5289 0.2453
vn -0.4827 -0.0205 0.8755
vn -0.4821 -0.0144 0.8760
vn -0.4816 -0.0139 0.8763
vn -0.4831 -0.0052 0.8756
vn -0.4831 -0.0059 0.8755
vn -0.4825 0.0004 0.8759
vn -0.2917 0.9333 0.2093
vn -0.3034 0.9299 0.2079
vn -0.2055 0.9392 0.2752
vn -0.2120 0.9309 0.2975
vn -0.2961 0.9445 0.1421
vn -0.2183 0.9327 0.2872
vn -0.7843 0.6137 -0.0912
vn -0.7931 0.6040 -0.0787
vn -0.7753 0.6186 -0.1272
vn -0.7193 0.6823 -0.1303
vn -0.7518 0.6479 -0.1229
vn -0.7308 0.6715 -0.1227
vn -0.7355 0.6771 -0.0239
vn -0.7403 0.6720 -0.0197
vn -0.7331 0.6797 -0.0242
vn -0.7260 0.6870 -0.0300
vn -0.7332 0.6796 -0.0240
vn -0.7309 0.6820 -0.0255
vn -0.7347 0.6769 -0.0462
vn -0.7291 0.6831 -0.0424
vn -0.7350 0.6764 -0.0465
vn -0.7388 0.6722 -0.0482
vn -0.7319 0.6799 -0.0454
vn -0.7324 0.6795 -0.0434
vn 0.3202 0.9446 0.0726
vn 0.3070 0.9488 0.0738
vn 0.3049 0.9476 0.0954
vn 0.2877 0.9543 0.0806
vn 0.3231 0.9438 0.0690
vn 0.2686 0.9599 0.0803
vn 0.1041 0.9695 0.2217
vn 0.0509 0.9787 0.1989
vn 0.3119 0.9148 0.2568
vn 0.2513 0.9409 0.2269
vn 0.0973 0.9619 0.2556
vn 0.2017 0.9498 0.2393
vn 0.2592 0.9484 0.1824
vn 0.2563 0.9491 0.1832
vn 0.2554 0.9534 0.1607
vn 0.2524 0.9524 0.1711
vn 0.2535 0.9507 0.1785
vn 0.2561 0.9514 0.1709
vn 0.0747 0.9970 0.0214
vn 0.0589 0.9957 0.0711
vn 0.2379 0.9490 0.2070
vn 0.3374 0.9019 0.2696
vn -0.1538 0.9772 -0.1465
vn 0.3346 0.8907 0.3078
vn 0.0354 0.9240 0.3807
vn 0.0198 0.9204 0.3905
vn 0.0422 0.9257 0.3758
vn 0.0439 0.9295 0.3661
vn 0.0243 0.9257 0.3776
vn 0.0300 0.9260 0.3762
vn 0.1119 0.9295 0.3513
vn 0.1330 0.9187 0.3718
vn 0.2024 0.9380 0.2813
vn 0.1733 0.9733 0.1502
vn 0.0522 0.8912 0.4506
vn 0.1534 0.9763 0.1529
vn 0.1966 0.9360 0.2921
vn 0.2127 0.9202 0.3285
vn 0.3085 0.8564 0.4140
vn 0.3926 0.7049 0.5907
vn 0.3444 0.7548 0.5583
vn 0.3981 0.6760 0.6202
vn 0.2798 0.9499 0.1396
vn 0.2824 0.9493 0.1379
vn 0.3148 0.9404 0.1286
vn 0.3123 0.9402 0.1357
vn 0.2986 0.9417 0.1550
vn 0.3153 0.9393 0.1352
vn -0.0664 0.6375 -0.7676
vn -0.0739 0.6546 -0.7523
vn -0.0686 0.6622 -0.7462
vn -0.0831 0.6839 -0.7248
vn -0.0964 0.6758 -0.7308
vn -0.0887 0.7004 -0.7082
vn -0.0299 0.6419 -0.7662
vn -0.0210 0.6319 -0.7748
vn 0.0051 0.6259 -0.7799
vn -0.0029 0.6359 -0.7718
vn -0.0022 0.6384 -0.7697
vn -0.0018 0.6407 -0.7678
vn -0.0031 0.6379 -0.7701
vn -0.0097 0.6506 -0.7593
vn -0.1750 0.9223 0.3447
vn -0.0566 0.9707 0.2337
vn -0.3289 0.8795 0.3439
vn -0.2004 0.8228 0.5318
vn -0.0627 0.8111 0.5815
vn -0.1502 0.8839 0.4428
vn -0.2876 0.9574 -0.0268
vn -0.3036 0.9517 -0.0456
vn -0.3077 0.9504 -0.0440
vn -0.2808 0.9594 -0.0274
vn -0.3612 0.9293 -0.0766
vn -0.3092 0.9509 -0.0158
vn -0.2117 0.9765 -0.0395
vn -0.2512 0.9679 -0.0121
vn -0.3821 0.9196 -0.0919
vn -0.1806 0.9827 0.0419
vn -0.2296 0.9732 0.0146
vn -0.2361 0.9717 0.0091
vn -0.3009 0.9526 -0.0448
vn -0.2857 0.9578 -0.0312
vn -0.2261 0.9729 0.0483
vn -0.2936 0.9553 -0.0352
vn -0.4451 0.7252 -0.5254
vn -0.4434 0.6869 -0.5757
vn -0.4758 0.6279 -0.6159
vn -0.3672 0.5424 -0.7556
vn -0.4521 0.5974 -0.6624
vn -0.3513 0.4716 -0.8088
vn -0.7341 0.6335 -0.2445
vn -0.7028 0.6675 -0.2459
vn -0.7428 0.6141 -0.2667
vn -0.8865 0.3990 -0.2343
vn -0.8170 0.5271 -0.2339
vn -0.8646 0.4625 -0.1966
vn 0.0826 0.9888 -0.1244
vn 0.0989 0.9899 -0.1019
vn 0.0117 0.9846 -0.1747
vn 0.0530 0.9864 -0.1556
vn 0.1008 0.9922 -0.0735
vn 0.0680 0.9884 -0.1355
vn -0.0120 0.9856 -0.1688
vn -0.0325 0.9808 -0.1922
vn -0.0267 0.9829 -0.1822
vn -0.0042 0.9867 -0.1625
vn -0.0458 0.9882 -0.1464
vn -0.0423 0.9887 -0.1439
vn -0.0701 0.9800 -0.1865
vn -0.0725 0.9827 -0.1706
vn -0.0196 0.9913 -0.1305
vn -0.0712 0.9835 -0.1666
vn -0.8802 0.4647 -0.0963
vn -0.8752 0.4731 -0.1009
vn -0.8964 0.4334 -0.0930
vn -0.9660 0.2579 -0.0209
vn -0.9465 0.3116 -0.0842
vn -0.9615 0.2737 -0.0245
vn -0.9847 0.1734 -0.0173
vn -0.9837 0.1792 -0.0177
vn -0.9869 0.1604 -0.0159
vn -0.9962 0.0864 0.0128
vn -0.9939 0.1100 0.0017
vn -0.9954 0.0943 0.0138
vn -0.9543 0.2585 -0.1499
vn -0.9590 0.2468 -0.1391
vn -0.9747 0.1831 -0.1286
vn -0.9729 0.1909 -0.1306
vn 0.5416 0.8268 0.1520
vn 0.5538 0.8052 0.2120
vn 0.5290 0.8477 0.0405
vn 0.2532 0.9605 0.1151
vn 0.1808 0.9774 0.1093
vn 0.5049 0.8569 0.1044
vn 0.4199 0.8969 0.1389
vn 0.3890 0.9177 0.0809
vn 0.4086 0.9005 0.1489
vn 0.3872 0.8687 0.3090
vn 0.2307 0.8506 0.4725
vn 0.0869 0.8230 0.5614
vn 0.0724 0.8275 0.5568
vn 0.0578 0.8185 0.5716
vn 0.0646 0.7261 0.6846
vn 0.0804 0.7663 0.6374
vn 0.0577 0.7300 0.6810
vn 0.5009 0.8383 0.2152
vn 0.5155 0.8319 0.2056
vn 0.5182 0.8290 0.2102
vn 0.5454 0.8089 0.2198
vn 0.5399 0.8068 0.2400
vn 0.5575 0.8039 0.2070
vn -0.1150 0.0631 -0.9914
vn -0.1229 0.0775 -0.9894
vn -0.1280 0.0817 -0.9884
vn -0.1335 0.1148 -0.9844
vn -0.1397 0.1091 -0.9842
vn -0.1395 0.1288 -0.9818
vn -0.1100 0.1045 -0.9884
vn -0.1119 0.1138 -0.9872
vn -0.1093 0.1150 -0.9873
vn -0.1116 0.1138 -0.9872
vn -0.1149 0.1124 -0.9870
vn -0.1137 0.1220 -0.9860
vn 0.0122 0.1459 -0.9892
vn 0.0157 0.1384 -0.9903
vn 0.0438 0.0766 -0.9961
vn 0.0356 0.0887 -0.9954
vn -0.8972 0.0672 -0.4365
vn -0.8974 0.0728 -0.4351
vn -0.8980 0.0669 -0.4348
vn -0.8980 0.0579 -0.4361
vn -0.8987 0.0623 -0.4341
vn -0.8984 0.0614 -0.4349
vn -0.6469 0.1656 -0.7444
vn -0.6546 0.1373 -0.7434
vn -0.6639 0.1284 -0.7367
vn -0.6205 0.0875 -0.7793
vn -0.6326 0.0986 -0.7682
vn -0.6306 0.0468 -0.7747
vn -0.3170 0.9440 -0.0920
vn -0.3207 0.9427 -0.0917
vn -0.3314 0.9383 -0.0989
vn -0.3265 0.9402 -0.0973
vn -0.3228 0.9415 -0.0972
vn -0.3291 0.9390 -0.0999
vn -0.1076 0.4789 0.8713
vn -0.0975 0.5112 0.8539
vn -0.0725 0.5322 0.8435
vn -0.0221 0.6395 0.7684
vn -0.0321 0.6105 0.7913
vn -0.0207 0.6666 0.7452
vn -0.0173 0.0181 0.9997
vn -0.0059 0.0544 0.9985
vn -0.2013 0.0203 0.9793
vn -0.1956 0.0774 0.9776
vn -0.1395 0.1410 0.9801
vn -0.0368 0.4641 0.8850
vn -0.0549 0.4162 0.9076
vn -0.0226 0.5010 0.8652
vn -0.0034 0.7942 0.6076
vn -0.0319 0.7664 0.6416
vn -0.0787 0.6900 0.7196
vn -0.0277 0.7055 0.7082
vn -0.0306 0.7560 0.6538
vn -0.0303 0.7628 0.6459
vn -0.0265 0.7688 0.6389
vn -0.0133 0.7801 0.6255
vn -0.0191 0.7740 0.6329
vn -0.0132 0.7870 0.6169
vn -0.0837 0.7770 0.6239
vn -0.0808 0.7846 0.6147
vn -0.0820 0.7873 0.6111
vn -0.0779 0.7882 0.6105
vn -0.0828 0.7868 0.6117
vn -0.0739 0.7975 0.5988
vn -0.0986 0.9413 -0.3229
vn -0.0418 0.9530 -0.3001
vn -0.2586 0.8873 -0.3818
vn -0.2431 0.9171 -0.3159
vn -0.1079 0.9263 -0.3610
vn -0.1883 0.9230 -0.3355
vn -0.1354 0.9540 -0.2674
vn -0.1390 0.9493 -0.2819
vn -0.0849 0.9067 -0.4132
vn -0.1148 0.9146 -0.3877
vn -0.1345 0.9267 -0.3509
vn -0.0959 0.9161 -0.3893
vn -0.2333 0.7390 -0.6320
vn -0.2322 0.7612 -0.6056
vn -0.2021 0.7899 -0.5790
vn -0.1535 0.8980 -0.4123
vn -0.2097 0.8592 -0.4668
vn -0.1454 0.9130 -0.3813
vn -0.2351 0.9617 -0.1407
vn -0.2423 0.9623 -0.1238
vn -0.2131 0.9180 -0.3345
vn -0.2254 0.9381 -0.2631
vn -0.2998 0.9366 -0.1814
vn -0.2232 0.9433 -0.2457
vn -0.2036 0.9563 -0.2099
vn -0.1927 0.9622 -0.1923
vn -0.0977 0.9776 -0.1862
vn -0.1170 0.9843 -0.1325
vn -0.2097 0.9457 -0.2484
vn -0.1030 0.9880 -0.1152
vn -0.2427 0.9701 -0.0043
vn -0.2401 0.9707 -0.0076
vn -0.2367 0.9716 -0.0070
vn -0.2394 0.9709 -0.0036
vn -0.3496 0.9368 -0.0118
vn -0.3433 0.9392 0.0018
vn -0.3487 0.9372 -0.0127
vn -0.3495 0.9368 -0.0138
vn -0.3438 0.9390 0.0006
vn -0.3431 0.9393 -0.0001
vn -0.2071 0.9401 -0.2708
vn -0.2043 0.9429 -0.2629
vn -0.1761 0.9401 -0.2920
vn -0.2096 0.9052 -0.3698
vn -0.2032 0.9460 -0.2527
vn -0.2107 0.9082 -0.3616
vn -0.1848 0.9396 -0.2882
vn -0.1824 0.9412 -0.2843
vn -0.1274 0.9715 -0.1999
vn -0.1146 0.9701 -0.2138
vn -0.1776 0.9549 -0.2381
vn -0.1135 0.9713 -0.2092
vn -0.2772 0.9550 -0.1051
vn -0.2762 0.9557 -0.1018
vn -0.2246 0.9673 -0.1180
vn -0.2493 0.9612 -0.1182
vn -0.2595 0.9609 -0.0963
vn -0.2446 0.9639 -0.1048
vn -0.3183 0.9307 -0.1800
vn -0.3437 0.9184 -0.1961
vn -0.3167 0.9453 -0.0785
vn -0.1916 0.9778 -0.0846
vn -0.3336 0.9263 -0.1754
vn -0.2225 0.9698 -0.1001
vn -0.0378 0.9657 -0.2568
vn -0.0764 0.9767 -0.2005
vn 0.0529 0.9664 -0.2517
vn 0.0224 0.9059 -0.4230
vn -0.0841 0.9790 -0.1859
vn -0.0363 0.9279 -0.3711
vn -0.0932 0.9873 -0.1286
vn -0.1098 0.9864 -0.1221
vn -0.2329 0.9678 -0.0955
vn -0.1718 0.9778 -0.1201
vn -0.0716 0.9860 -0.1505
vn -0.1885 0.9753 -0.1152
vn -0.1089 0.9868 -0.1198
vn -0.1252 0.9874 -0.0972
vn -0.0581 0.9560 -0.2875
vn -0.0854 0.9772 -0.1946
vn -0.1558 0.9792 -0.1297
vn -0.0906 0.9813 -0.1700
vn -0.1048 0.9744 -0.1988
vn -0.1136 0.9750 -0.1912
vn -0.0905 0.9731 -0.2120
vn -0.0954 0.9725 -0.2125
vn -0.1253 0.9728 -0.1948
vn -0.1051 0.9729 -0.2061
vn 0.8232 0.5618 0.0824
vn 0.7986 0.5963 0.0814
vn 0.8606 0.5037 0.0749
vn 0.9852 0.1677 -0.0342
vn 0.9613 0.2715 0.0479
vn 0.9757 0.2176 -0.0242
vn 0.8127 0.5815 -0.0366
vn 0.8150 0.5781 -0.0395
vn 0.8231 0.5668 0.0365
vn 0.8166 0.5763 0.0324
vn 0.8233 0.5663 0.0372
vn 0.8278 0.5595 0.0417
vn 0.8197 0.5716 0.0372
vn 0.8202 0.5710 0.0338
vn 0.7860 0.6182 0.0052
vn 0.7878 0.6158 0.0073
vn 0.7860 0.6182 0.0094
vn 0.7710 0.6367 0.0155
vn 0.4340 -0.0033 0.9009
vn 0.4343 0.0039 0.9008
vn 0.4343 0.0047 0.9008
vn 0.4339 0.0124 0.9009
vn 0.4335 0.0119 0.9011
vn 0.4342 0.0201 0.9006
vn 0.2462 0.5932 0.7665
vn 0.2477 0.6172 0.7468
vn 0.2917 0.6566 0.6956
vn 0.2836 0.7199 0.6335
vn 0.2891 0.6983 0.6548
vn 0.2913 0.7293 0.6191
vn 0.4091 0.9068 0.1019
vn 0.3392 0.9374 0.0796
vn 0.2467 0.9690 -0.0144
vn 0.3090 0.9499 0.0479
vn 0.3612 0.9308 0.0558
vn 0.2579 0.9661 0.0108
vn 0.2970 0.9549 0.0010
vn 0.3069 0.9517 0.0092
vn 0.3278 0.9445 0.0197
vn 0.3196 0.9474 0.0145
vn 0.2975 0.9546 0.0148
vn 0.3293 0.9440 0.0222
vn 0.1894 0.7834 -0.5919
vn 0.2263 0.7574 -0.6125
vn 0.1394 0.7482 -0.6486
vn 0.1580 0.8890 -0.4297
vn 0.2421 0.8447 -0.4774
vn 0.1922 0.8539 -0.4837
vn 0.3634 0.9304 0.0489
vn 0.2935 0.9558 0.0181
vn 0.2446 0.9693 -0.0233
vn 0.3061 0.9519 0.0128
vn 0.3565 0.9339 0.0276
vn 0.2395 0.9707 -0.0176
vn 0.0097 0.9236 0.3833
vn 0.0128 0.9166 0.3997
vn -0.0019 0.9318 0.3630
vn -0.0044 0.9382 0.3462
vn 0.0143 0.9278 0.3728
vn 0.0015 0.9327 0.3606
vn 0.0487 0.9671 0.2498
vn 0.0722 0.9531 0.2939
vn -0.0709 0.9854 0.1547
vn -0.0283 0.9860 0.1641
vn 0.0590 0.9517 0.3012
vn -0.0026 0.9791 0.2034
vn -0.5988 0.7638 0.2411
vn -0.5529 0.8076 0.2050
vn -0.6390 0.7590 0.1245
vn -0.4174 0.8897 0.1850
vn -0.4245 0.8589 0.2867
vn -0.3413 0.9302 0.1351
vn 0.0150 0.9374 0.3481
vn 0.0248 0.9292 0.3688
vn -0.0809 0.9570 0.2787
vn -0.0465 0.9660 0.2544
vn 0.0068 0.9398 0.3418
vn -0.0353 0.9617 0.2717
vn 0.9234 0.1517 0.3525
vn 0.9311 0.1299 0.3408
vn 0.9491 0.0023 0.3149
vn 0.9444 0.0271 0.3278
vn 0.7306 0.6458 0.2216
vn 0.7234 0.6528 0.2248
vn 0.7426 0.6323 0.2209
vn 0.8062 0.5542 0.2072
vn 0.7756 0.5917 0.2199
vn 0.7990 0.5655 0.2044
vn -0.0133 -0.0217 0.9997
vn -0.0134 -0.0223 0.9997
vn -0.0059 -0.0172 0.9998
vn -0.0113 -0.0246 0.9996
vn -0.0071 -0.0218 0.9997
vn -0.0008 -0.0152 0.9999
vn -0.0095 -0.0218 0.9997
vn -0.0095 -0.0217 0.9997
vn -0.0457 0.8963 -0.4411
vn -0.0462 0.8950 -0.4437
vn -0.0732 0.8730 -0.4823
vn -0.1085 0.8774 -0.4674
vn -0.0639 0.8625 -0.5020
vn -0.1047 0.8858 -0.4521
vn 0.9969 -0.0291 0.0731
vn 0.9972 -0.0422 0.0621
vn 0.9951 0.0038 0.0991
vn 0.9522 0.2779 0.1268
vn 0.9668 0.2391 0.0904
vn 0.9570 0.2658 0.1162
vn 0.9930 0.0383 -0.1119
vn 0.9928 0.0335 -0.1153
vn 0.9931 0.0396 -0.1106
vn 0.9927 0.0549 -0.1072
vn 0.9926 0.0489 -0.1115
vn 0.9926 0.0503 -0.1105
vn 0.9941 0.0339 0.1026
vn 0.9940 0.0329 0.1041
vn 0.9945 0.0318 0.0996
vn 0.9936 -0.0417 0.1052
vn 0.9938 -0.0241 0.1087
vn 0.9950 -0.0402 0.0918
vn 0.8947 0.2095 0.3945
vn 0.9073 0.1880 0.3762
vn 0.9327 -0.0051 0.3607
vn 0.9251 0.0217 0.3790
vn 0.4388 -0.0010 0.8986
vn 0.4361 -0.0069 0.8999
vn 0.4322 -0.0121 0.9017
vn 0.4389 -0.0113 0.8985
vn 0.4381 -0.0101 0.8989
vn 0.4342 -0.0153 0.9007
vn 0.2675 0.9478 0.1734
vn 0.2504 0.9564 0.1505
vn 0.2241 0.9641 0.1427
vn 0.2061 0.9720 0.1130
vn 0.2902 0.9391 0.1842
vn 0.1769 0.9779 0.1118
vn -0.2851 0.5810 0.7623
vn -0.2697 0.6120 0.7434
vn -0.3306 0.7076 0.6245
vn -0.1609 0.9299 0.3308
vn -0.1060 0.8812 0.4607
vn -0.1419 0.9421 0.3038
vn -0.1201 0.9320 0.3419
vn -0.1125 0.9355 0.3348
vn -0.2217 0.9140 0.3399
vn -0.2599 0.8375 0.4807
vn -0.1929 0.8917 0.4095
vn -0.2559 0.8437 0.4718
vn -0.3043 0.7294 0.6127
vn -0.2995 0.7304 0.6139
vn -0.2448 0.7290 0.6393
vn -0.2487 0.6562 0.7124
vn -0.2956 0.6557 0.6948
vn -0.2509 0.6525 0.7150
vn -0.6529 0.7562 0.0437
vn -0.6493 0.7605 -0.0004
vn -0.5570 0.8305 0.0023
vn -0.5884 0.8079 0.0327
vn -0.2133 0.9728 0.0906
vn -0.2336 0.9697 0.0721
vn -0.3983 0.9096 0.1180
vn -0.5368 0.8335 0.1310
vn -0.3357 0.9389 0.0764
vn -0.5596 0.8194 0.1243
vn -0.2747 0.9615 0.0077
vn -0.3127 0.9495 -0.0266
vn -0.1804 0.9732 0.1429
vn -0.1889 0.9793 0.0728
vn -0.2252 0.9724 -0.0611
vn -0.2282 0.9719 0.0584
vn -0.1200 0.9839 0.1325
vn -0.1262 0.9847 0.1201
vn -0.2158 0.9729 -0.0837
vn -0.2152 0.9759 0.0350
vn -0.0017 0.9802 0.1982
vn -0.2290 0.9727 0.0363
vn -0.4033 0.8830 0.2400
vn -0.4047 0.8826 0.2391
vn -0.4527 0.8571 0.2458
vn -0.5345 0.8029 0.2639
vn -0.4810 0.8252 0.2960
vn -0.5359 0.8020 0.2637
vn -0.1982 0.9197 0.3390
vn -0.1831 0.9268 0.3278
vn -0.3914 0.8983 0.1995
vn -0.2845 0.9515 0.1170
vn -0.1792 0.8804 0.4390
vn -0.3118 0.9411 0.1311
vn -0.5623 0.8063 0.1834
vn -0.5482 0.8180 0.1745
vn -0.5350 0.8330 0.1411
vn -0.4981 0.8578 0.1270
vn -0.4949 0.8535 0.1630
vn -0.4884 0.8647 0.1171
vn -0.2419 0.9691 0.0477
vn -0.2168 0.9730 0.0791
vn -0.2618 0.9651 -0.0005
vn -0.3025 0.9530 0.0183
vn -0.2363 0.9638 0.1232
vn -0.2830 0.9575 0.0562
vn -0.1503 0.9870 0.0572
vn -0.1434 0.9884 0.0492
vn -0.1518 0.9877 0.0371
vn -0.1502 0.9875 0.0481
vn -0.1543 0.9860 0.0627
vn -0.1395 0.9895 0.0380
vn -0.1530 0.9877 0.0320
vn -0.1544 0.9875 0.0331
vn -0.0909 0.9890 0.1164
vn -0.0667 0.9927 0.1008
vn -0.1356 0.9870 0.0862
vn -0.1332 0.9825 0.1304
vn -0.0453 0.9957 0.0802
vn -0.1065 0.9883 0.1094
vn -0.1427 0.9895 0.0232
vn -0.1455 0.9889 0.0311
vn -0.1519 0.9874 0.0438
vn -0.1503 0.9882 0.0288
vn -0.1450 0.9893 0.0180
vn -0.1535 0.9875 0.0364
vn -0.1155 0.9859 0.1212
vn -0.1166 0.9858 0.1212
vn -0.0609 0.9941 0.0895
vn -0.0894 0.9903 0.1062
vn -0.1201 0.9868 0.1088
vn -0.0903 0.9901 0.1070
vn 0.0204 0.4415 -0.8970
vn 0.0060 0.4656 -0.8850
vn 0.0085 0.4774 -0.8786
vn -0.0303 0.5279 -0.8487
vn -0.0297 0.5088 -0.8604
vn -0.0422 0.5526 -0.8324
vn 0.1418 0.1386 -0.9802
vn 0.1360 0.1483 -0.9795
vn 0.1164 0.1987 -0.9731
vn 0.1200 0.1898 -0.9745
vn 0.1668 0.1533 -0.9740
vn 0.1449 0.2204 -0.9646
vn 0.1310 0.2670 -0.9548
vn 0.0538 0.4277 -0.9023
vn 0.0111 0.4071 -0.9133
vn 0.0304 0.4802 -0.8766
vn 0.0903 0.7471 -0.6585
vn 0.0777 0.7603 -0.6449
vn 0.0774 0.7687 -0.6349
vn 0.0647 0.7802 -0.6222
vn 0.0630 0.7717 -0.6328
vn 0.0526 0.7924 -0.6077
vn 0.1071 0.7822 -0.6138
vn 0.1190 0.7668 -0.6308
vn 0.1098 0.7604 -0.6401
vn 0.1946 0.6556 -0.7296
vn 0.1639 0.7026 -0.6924
vn 0.1850 0.6338 -0.7510
vn 0.9500 0.3048 -0.0681
vn 0.9732 0.2089 -0.0965
vn 0.9222 0.3699 -0.1129
vn 0.7312 0.6810 0.0402
vn 0.8307 0.5558 0.0318
vn 0.7931 0.6090 0.0096
vn 0.9948 0.0986 -0.0248
vn 0.9958 0.0854 -0.0323
vn 0.9940 0.1075 -0.0195
vn 0.9845 0.1756 -0.0018
vn 0.9882 0.1524 -0.0122
vn 0.9867 0.1624 -0.0090
vn 0.9856 0.1668 0.0274
vn 0.9858 0.1655 0.0270
vn 0.9825 0.1821 0.0404
vn 0.9696 0.2380 0.0573
vn 0.9731 0.2255 0.0479
vn 0.9699 0.2371 0.0562
vn 0.7540 0.6543 0.0585
vn 0.7614 0.6467 0.0455
vn 0.7484 0.6621 0.0380
vn 0.6198 0.7778 0.1042
vn 0.7013 0.7108 0.0546
vn 0.6315 0.7694 0.0955
vn 0.7019 0.7123 0.0010
vn 0.7068 0.7074 -0.0028
vn 0.7008 0.7133 0.0004
vn 0.6964 0.7176 0.0020
vn 0.7027 0.7114 -0.0002
vn 0.7014 0.7128 -0.0016
vn 0.7116 0.7012 0.0452
vn 0.6887 0.7236 0.0455
vn 0.7252 0.6877 0.0334
vn 0.7780 0.6281 0.0160
vn 0.7409 0.6715 0.0157
vn 0.7587 0.6514 0.0102
vn 0.0970 0.9951 -0.0165
vn 0.0799 0.9965 -0.0236
vn 0.3748 0.8899 0.2600
vn 0.3294 0.9388 0.1003
vn 0.1729 0.9834 -0.0542
vn 0.2921 0.9458 0.1421
vn 0.1626 0.9866 -0.0114
vn 0.1537 0.9880 -0.0144
vn 0.1400 0.9899 -0.0208
vn 0.1523 0.9882 -0.0132
vn 0.1641 0.9864 0.0016
vn 0.1420 0.9897 -0.0169
vn 0.2682 0.8855 0.3794
vn 0.2935 0.8899 0.3491
vn 0.1861 0.8587 0.4774
vn 0.2023 0.8690 0.4516
vn 0.2566 0.8555 0.4497
vn 0.2215 0.8718 0.4369
vn 0.1372 0.9905 -0.0015
vn 0.1486 0.9888 0.0126
vn 0.1015 0.9940 -0.0396
vn 0.1119 0.9934 -0.0261
vn 0.1627 0.9852 0.0539
vn 0.1192 0.9928 -0.0090
vn 0.4018 0.1006 -0.9102
vn 0.3964 0.1056 -0.9120
vn 0.4010 0.1097 -0.9095
vn 0.4048 0.1032 -0.9086
vn 0.4752 0.5192 -0.7103
vn 0.4557 0.5456 -0.7033
vn 0.3852 0.6927 -0.6098
vn 0.3850 0.6700 -0.6347
vn 0.0420 0.9960 -0.0788
vn 0.0301 0.9963 -0.0810
vn -0.0422 0.9902 -0.1332
vn 0.0168 0.9950 -0.0980
vn 0.0391 0.9975 -0.0597
vn 0.0121 0.9940 -0.1091
vn -0.0041 0.9788 -0.2048
vn -0.0588 0.9649 -0.2558
vn 0.0792 0.9959 -0.0431
vn 0.0541 0.9927 -0.1077
vn -0.0213 0.9597 -0.2804
vn 0.0015 0.9889 -0.1486
vn -0.3561 0.9306 -0.0849
vn -0.3886 0.9160 -0.0992
vn -0.3214 0.9322 0.1663
vn -0.8558 0.4120 0.3128
vn -0.5694 0.8125 0.1249
vn -0.8511 0.4089 0.3293
vn 0.0272 0.9979 -0.0584
vn 0.0180 0.9978 -0.0631
vn -0.0430 0.9952 -0.0879
vn 0.0068 0.9970 -0.0776
vn 0.0332 0.9994 -0.0104
vn -0.0047 0.9966 -0.0825
vn 0.9150 0.0540 -0.3998
vn 0.9085 0.0418 -0.4157
vn 0.9138 0.0630 -0.4013
vn 0.9089 0.1446 -0.3912
vn 0.9054 0.1246 -0.4059
vn 0.9033 0.1322 -0.4082
vn 0.7683 0.4792 -0.4244
vn 0.7683 0.4694 -0.4353
vn 0.7582 0.5125 -0.4030
vn 0.6430 0.6951 -0.3215
vn 0.6792 0.6569 -0.3273
vn 0.6464 0.6864 -0.3332
vn 0.0356 -0.0078 -0.9993
vn 0.0220 0.0271 -0.9994
vn 0.1280 0.1093 -0.9857
vn 0.1293 0.1040 -0.9861
vn 0.1333 0.0995 -0.9861
vn 0.1425 0.0713 -0.9872
vn 0.1411 0.0759 -0.9871
vn 0.1435 0.0669 -0.9874
vn 0.1262 0.0736 -0.9893
vn 0.1265 0.0670 -0.9897
vn 0.1357 0.0549 -0.9892
vn 0.1576 0.0142 -0.9874
vn 0.1566 0.0229 -0.9874
vn 0.1598 0.0098 -0.9871
vn 0.9981 0.0607 -0.0099
vn 0.9980 0.0615 -0.0123
vn 0.9986 0.0501 -0.0196
vn 0.9907 -0.1352 -0.0119
vn 0.9935 -0.1139 -0.0001
vn 0.9908 -0.1336 -0.0220
vn 0.9987 0.0298 -0.0421
vn 0.9987 0.0331 -0.0389
vn 0.9967 0.0748 -0.0307
vn 0.9969 0.0712 -0.0337
vn 0.9970 0.0735 0.0225
vn 0.9976 0.0667 0.0203
vn 0.9097 0.0142 -0.4151
vn 0.9095 0.0230 -0.4151
vn 0.9132 0.0222 -0.4070
vn 0.9107 0.0586 -0.4088
vn 0.9075 0.0602 -0.4157
vn 0.9106 0.0655 -0.4081
vn 0.4113 -0.2589 -0.8739
vn 0.4168 -0.2702 -0.8679
vn 0.3638 -0.2430 -0.8992
vn 0.4047 0.0939 -0.9096
vn 0.4110 0.0804 -0.9081
vn 0.3870 0.0854 -0.9181
vn 0.4600 0.8855 -0.0652
vn 0.4273 0.8998 -0.0879
vn 0.0610 0.9299 -0.3626
vn 0.1527 0.9394 -0.3070
vn 0.4308 0.9023 0.0166
vn 0.1175 0.9348 -0.3352
vn -0.0728 0.6250 0.7772
vn -0.0803 0.6583 0.7485
vn -0.0715 0.6793 0.7304
vn -0.0235 0.7096 0.7042
vn -0.0320 0.6988 0.7146
vn -0.0201 0.7397 0.6726
vn -0.0092 0.9241 -0.3819
vn -0.0108 0.9243 -0.3815
vn -0.0509 0.9391 -0.3398
vn -0.0539 0.9515 -0.3030
vn 0.0156 0.9320 -0.3622
vn -0.0549 0.9518 -0.3017
vn -0.0144 -0.0223 0.9996
vn -0.0147 -0.0236 0.9996
vn 0.0400 0.8601 -0.5085
vn 0.0501 0.8352 -0.5477
vn -0.0153 0.9005 -0.4346
vn -0.0219 0.9411 -0.3375
vn 0.0580 0.9240 -0.3779
vn -0.0102 0.9284 -0.3715
vn -0.0455 0.9382 0.3431
vn -0.0384 0.9323 0.3598
vn -0.0535 0.9412 0.3335
vn -0.0528 0.9450 0.3228
vn -0.0445 0.9335 0.3558
vn -0.0486 0.9391 0.3401
vn -0.0464 0.8863 0.4607
vn -0.0187 0.9019 0.4315
vn -0.0095 0.9223 0.3863
vn -0.0526 0.9093 0.4129
vn 0.0311 0.5036 -0.8634
vn 0.0133 0.5401 -0.8415
vn 0.0185 0.5630 -0.8263
vn -0.0321 0.6304 -0.7756
vn -0.0401 0.6092 -0.7920
vn -0.0487 0.6623 -0.7476
vn -0.0381 0.7065 0.7066
vn 0.0216 0.7129 0.7010
vn 0.0406 0.8319 0.5535
vn -0.0083 0.7975 0.6033
vn 0.0503 0.0203 -0.9985
vn 0.0437 0.0323 -0.9985
vn 0.0415 0.0387 -0.9984
vn 0.0290 0.0868 -0.9958
vn 0.0285 0.0794 -0.9964
vn 0.0228 0.0990 -0.9948
vn 0.0020 0.9811 -0.1936
vn 0.0113 0.9844 -0.1754
vn -0.0381 0.9744 -0.2217
vn -0.0158 0.9742 -0.2252
vn 0.0126 0.9855 -0.1694
vn -0.0084 0.9781 -0.2080
vn -0.9017 0.3796 0.2070
vn -0.9171 0.3271 0.2277
vn -0.8925 0.3961 0.2159
vn -0.8671 0.4747 0.1506
vn -0.9007 0.4073 0.1514
vn -0.8888 0.4256 0.1699
vn 0.3985 0.9170 0.0150
vn 0.4016 0.9141 0.0567
vn 0.4073 0.9124 0.0403
vn 0.3378 0.9393 0.0594
vn 0.3523 0.9358 0.0098
vn 0.3818 0.9242 0.0009
vn 0.3643 0.9311 0.0167
vn -0.2144 0.9754 0.0512
vn -0.3951 0.9162 0.0669
vn -0.5007 0.8642 0.0492
vn -0.3257 0.9448 0.0347
vn -0.3046 0.9521 0.0274
vn -0.4847 0.8747 -0.0006
vn -0.2374 0.9664 0.0985
vn -0.2117 0.9743 0.0771
vn -0.2206 0.9719 0.0816
vn -0.2263 0.9687 0.1020
vn -0.4378 0.8965 0.0681
vn -0.4573 0.8863 0.0729
vn -0.4426 0.8852 0.1433
vn -0.3306 0.9345 0.1322
vn -0.4322 0.9012 0.0316
vn -0.3448 0.9316 0.1149
vn 0.7829 0.6127 0.1077
vn 0.7727 0.6245 0.1136
vn 0.7897 0.6046 0.1044
vn 0.8172 0.5688 0.0931
vn 0.7963 0.5966 0.1005
vn 0.8063 0.5839 0.0944
vn 0.9895 -0.1247 0.0725
vn 0.9904 -0.1037 0.0916
vn 0.9930 0.0319 0.1139
vn 0.9953 0.0131 0.0956
vn 0.1999 0.9798 -0.0004
vn 0.2616 0.9641 0.0464
vn 0.3432 0.9387 0.0332
vn 0.2827 0.9587 0.0306
vn 0.2029 0.9790 0.0195
vn 0.3416 0.9360 0.0845
vn -0.1451 0.8278 0.5420
vn -0.1564 0.7911 0.5913
vn -0.1544 0.7191 0.6775
vn -0.1769 0.8158 0.5506
vn -0.2004 0.7948 0.5728
vn -0.2525 0.7931 0.5543
vn 0.0704 0.9796 -0.1884
vn 0.0976 0.9705 -0.2205
vn 0.0901 0.9705 -0.2236
vn 0.0942 0.9776 -0.1883
vn 0.1095 0.9724 -0.2060
vn 0.0947 0.9758 -0.1971
vn 0.1075 0.9678 -0.2276
vn -0.2701 -0.5624 -0.7815
vn 0.1191 -0.5691 -0.8136
vn 0.1718 -0.8111 0.5591
vn -0.3688 -0.9294 -0.0147
vn 0.1741 -0.6647 -0.7265
vn 0.3526 -0.6707 0.6526
vn -0.2444 -0.9669 0.0737
vn -0.0784 -0.9937 -0.0802
vn 0.6053 -0.7959 0.0121
vn -0.9997 -0.0136 -0.0220
vn 0.2414 -0.9007 0.3611
vn -0.1551 -0.7872 -0.5969
vn -0.2026 -0.9737 0.1046
vn 0.1351 -0.9891 0.0585
vn 0.1092 -0.9809 0.1610
vn 0.0520 -0.9985 0.0186
vn -0.0579 -0.3657 0.9289
vn -0.1744 -0.9671 -0.1850
vn -0.1341 -0.9661 0.2207
vn 0.0573 -0.9981 0.0244
vn -0.0168 -0.9908 0.1340
vn -0.1413 -0.5492 -0.8237
vn 0.2390 -0.5485 -0.8013
vn -0.2202 -0.8121 0.5404
vn 0.5128 -0.0622 -0.8562
vn 0.0736 -0.6091 -0.7897
vn 0.4038 -0.7400 0.5379
vn -0.1832 -0.9805 0.0715
vn 0.3491 -0.8348 0.4257
vn 0.3550 -0.8496 -0.3902
vn 0.0214 -0.3211 0.9468
vn 0.7986 -0.6004 0.0413
vn -0.3856 -0.7815 -0.4906
vn 0.9733 -0.2230 0.0549
vn 0.2278 -0.0393 -0.9729
vn -0.1212 -0.8829 0.4537
vn -0.5646 -0.6805 0.4671
vn -0.6075 -0.7943 0.0071
vn 0.6253 -0.7702 -0.1257
vn -0.1018 -0.9909 0.0881
vn 0.0050 -0.8870 -0.4617
vn 0.2286 -0.9699 0.0839
vn -0.0992 -0.9931 -0.0627
vn 0.0948 -0.9954 -0.0107
vn 0.0086 -0.9931 0.1171
vn -0.0233 -0.9997 -0.0121
vn -0.1174 -0.9931 -0.0011
vn -0.0418 -0.9930 0.1106
vn 0.1181 -0.9930 0.0018
vn 0.0233 -0.9997 0.0121
vn -0.0427 -0.9930 0.1100
vn -0.2366 -0.9714 0.0208
vn -0.1181 -0.9930 -0.0026
vn -0.0445 -0.9930 0.1094
vn -0.2302 -0.9447 0.2336
vn -0.2700 -0.9629 0.0044
vn 0.4878 -0.8555 -0.1737
vn 0.3628 0.0070 -0.9318
vn 0.9296 -0.3665 0.0395
vn -0.3207 -0.9434 0.0848
vn -0.0470 -0.9984 -0.0306
vn -0.0852 -0.9824 -0.1662
vn 0.0122 -0.9811 0.1932
vn -0.2365 -0.9714 0.0218
vn 0.0233 -0.9997 0.0123
vn -0.0436 -0.9930 0.1098
vn 0.0263 -0.9997 -0.0009
vn 0.0953 -0.9954 0.0061
vn -0.0312 -0.9931 0.1133
vn -0.1035 -0.9904 0.0912
vn -0.0451 -0.9988 0.0179
vn 0.4090 -0.9111 0.0505
vn -0.9346 -0.3549 -0.0243
vn -0.9237 -0.3750 0.0782
vn 0.2125 -0.9700 0.1180
vn 0.0439 -0.9883 -0.1460
vn 0.2419 -0.9687 -0.0565
vn 0.0148 -0.8845 0.4664
vn -0.1573 -0.9872 0.0264
vn -0.0078 -0.9991 -0.0426
vn -0.0071 -0.9735 0.2288
vn 0.7162 -0.6976 0.0210
vn 0.7757 -0.6285 0.0576
vn -0.4046 -0.9105 -0.0849
vn -0.1172 -0.9915 0.0568
vn -0.0264 -0.9984 0.0492
vn 0.1173 -0.9816 -0.1507
vn 0.0254 -0.9997 0.0014
vn 0.0190 -0.9994 0.0300
vn 0.0560 -0.9944 0.0901
vn 0.0338 -0.9994 0.0084
vn 0.1581 -0.9822 0.1015
vn -0.0178 -0.9982 0.0571
vn -0.1120 -0.9886 0.1009
vn 0.0360 -0.9931 0.1116
vn 0.0150 -0.9999 -0.0069
vn -0.0771 -0.9925 0.0951
vn 0.0192 -0.9986 0.0497
vn 0.0140 -0.9999 -0.0016
vn -0.0092 -0.9892 0.1463
vn 0.0216 -0.9857 0.1669
vn 0.0035 -0.9985 0.0550
vn 0.4617 0.8867 0.0230
vn 0.4845 0.8748 -0.0047
vn 0.5188 0.8549 0.0040
vn 0.5181 0.8548 0.0311
vn 0.2414 0.9652 -0.1004
vn 0.2698 0.9556 -0.1185
vn 0.3244 0.9369 -0.1302
vn 0.3513 0.9293 -0.1142
vn 0.2612 0.9598 -0.1030
vn 0.3722 0.9169 -0.1441
vn 0.3794 0.9249 -0.0266
vn 0.4081 0.9076 0.0984
vn 0.2360 0.9538 -0.1858
vn 0.2069 0.9736 -0.0964
vn 0.2040 0.9719 0.1172
vn 0.2628 0.9648 -0.0020
vn 0.4259 0.9002 -0.0911
vn 0.4288 0.8976 -0.1022
vn 0.3447 0.9346 -0.0880
vn 0.3439 0.9376 -0.0511
vn 0.3479 0.9336 -0.0855
vn 0.3420 0.9376 -0.0627
vn 0.0913 0.9495 -0.3001
vn 0.0813 0.9519 -0.2953
vn 0.1074 0.9443 -0.3111
vn 0.1127 0.9397 -0.3228
vn 0.0875 0.9479 -0.3062
vn 0.1031 0.9424 -0.3183
vn 0.1092 0.9637 -0.2435
vn 0.0820 0.9606 -0.2654
vn 0.0272 0.9707 -0.2387
vn 0.0730 0.9480 -0.3099
vn 0.1392 0.9629 -0.2313
vn 0.0305 0.9456 -0.3240
vn -0.2300 0.9715 -0.0570
vn -0.2020 0.9775 -0.0615
vn -0.0136 0.9962 -0.0859
vn -0.1313 0.9871 -0.0919
vn -0.1918 0.9812 0.0228
vn -0.1066 0.9895 -0.0981
vn -0.0024 0.9730 -0.2308
vn 0.0048 0.9680 -0.2508
vn 0.0052 0.9695 -0.2449
vn -0.0052 0.9712 -0.2384
vn 0.0087 0.9998 -0.0151
vn 0.0009 0.9998 -0.0209
vn -0.0059 0.9997 -0.0235
vn 0.0032 0.9999 -0.0157
vn 0.0108 0.9999 -0.0073
vn -0.0051 0.9998 -0.0214
vn 0.0819 0.9428 -0.3233
vn 0.1339 0.9139 -0.3832
vn 0.1671 0.8982 -0.4066
vn 0.0898 0.9027 -0.4207
vn 0.1248 0.9623 -0.2415
vn 0.1143 0.9640 -0.2399
vn 0.1352 0.9566 -0.2583
vn 0.1428 0.9568 -0.2534
vn 0.1156 0.9594 -0.2574
vn 0.1342 0.9580 -0.2532
vn 0.1728 0.9844 -0.0323
vn 0.1684 0.9849 -0.0396
vn 0.1594 0.9493 0.2708
vn 0.1613 0.9783 0.1304
vn 0.2092 0.9527 -0.2207
vn 0.1643 0.9788 0.1225
vn 0.0041 0.9961 -0.0879
vn 0.0340 0.9976 -0.0609
vn 0.2476 0.9688 -0.0100
vn 0.0859 0.9943 -0.0628
vn 0.0322 0.9949 -0.0958
vn 0.0894 0.9957 -0.0227
vn 0.1655 0.9575 -0.2361
vn 0.1337 0.9707 -0.1998
vn 0.1954 0.9263 -0.3223
vn 0.2217 0.8971 -0.3821
vn 0.1541 0.9583 -0.2408
vn 0.1795 0.9176 -0.3546
vn 0.4328 0.8852 -0.1708
vn 0.4232 0.8922 -0.1579
vn 0.3102 0.8208 -0.4797
vn 0.2100 0.9002 -0.3814
vn 0.4767 0.8456 -0.2403
vn 0.2207 0.8964 -0.3844
vn 0.0227 0.9261 -0.3767
vn 0.0522 0.9408 -0.3349
vn 0.1251 0.9491 -0.2891
vn 0.0833 0.9525 -0.2928
vn 0.0019 0.9608 -0.2771
vn 0.1099 0.9583 -0.2637
vn 0.3336 0.9414 -0.0505
vn 0.3300 0.9426 -0.0513
vn 0.3610 0.9297 -0.0729
vn 0.3602 0.9300 -0.0726
vn 0.3517 0.9348 -0.0488
vn 0.3593 0.9307 -0.0689
vn 0.0125 0.9713 -0.2377
vn -0.0064 0.9733 -0.2293
vn 0.0679 0.9659 -0.2498
vn 0.0570 0.9578 -0.2818
vn -0.0120 0.9742 -0.2255
vn 0.0350 0.9612 -0.2738
vn 0.0904 0.9760 -0.1980
vn 0.0918 0.9785 -0.1849
vn 0.0824 0.9597 -0.2686
vn 0.1229 0.9499 -0.2875
vn 0.0763 0.9822 -0.1715
vn 0.1109 0.9529 -0.2824
vn 0.1462 0.9505 -0.2742
vn 0.1609 0.9453 -0.2839
vn 0.1602 0.9450 -0.2853
vn 0.1529 0.9465 -0.2842
vn 0.1787 0.9636 -0.1990
vn 0.1026 0.9602 -0.2599
vn -0.0127 0.9768 -0.2138
vn 0.1337 0.9286 -0.3462
vn 0.2409 0.9500 -0.1986
vn 0.0196 0.9197 -0.3920
vn 0.1721 0.9789 -0.1103
vn 0.1545 0.9737 -0.1673
vn 0.0525 0.9472 -0.3162
vn 0.1567 0.9528 -0.2602
vn 0.1537 0.9495 -0.2736
vn 0.1738 0.9571 -0.2317
vn 0.1580 0.9582 -0.2384
vn 0.1151 0.9738 -0.1960
vn 0.1428 0.9594 -0.2433
vn 0.1135 0.9604 -0.2543
vn 0.1015 0.9587 -0.2658
vn 0.0864 0.9595 -0.2683
vn 0.0889 0.9634 -0.2529
vn 0.1005 0.9592 -0.2644
vn 0.5835 0.8098 0.0612
vn 0.5589 0.8268 0.0638
vn 0.5260 0.8468 0.0792
vn 0.4731 0.8780 0.0732
vn 0.4784 0.8775 0.0340
vn 0.4542 0.8869 0.0848
vn 0.4972 0.8551 0.1473
vn 0.5035 0.8580 0.1011
vn 0.5005 0.8602 0.0981
vn 0.4931 0.8568 0.1508
vn 0.4358 0.8995 0.0324
vn 0.4580 0.8863 0.0679
vn 0.3850 0.9226 0.0221
vn 0.3408 0.9401 0.0044
vn 0.3611 0.9293 0.0779
vn 0.3622 0.9313 0.0378
vn 0.0145 0.9904 0.1375
vn 0.0013 0.9901 0.1403
vn 0.0256 0.9885 0.1493
vn 0.0196 0.9912 0.1307
vn 0.0043 0.9883 0.1524
vn 0.0030 0.9905 0.1372
vn -0.0264 0.9996 0.0040
vn -0.0378 0.9993 -0.0080
vn 0.0526 0.9908 0.1251
vn 0.0112 0.9993 0.0348
vn -0.0657 0.9974 -0.0287
vn -0.0053 0.9993 0.0361
vn 0.0404 0.9637 0.2638
vn 0.0547 0.9691 0.2404
vn -0.0943 0.9300 0.3553
vn -0.0707 0.8900 0.4505
vn 0.0565 0.9424 0.3296
vn -0.0608 0.9022 0.4270
vn 0.0220 0.9380 0.3460
vn 0.0284 0.9301 0.3661
vn 0.0530 0.9140 0.4022
vn 0.0478 0.9103 0.4113
vn 0.0247 0.9090 0.4160
vn 0.0534 0.9028 0.4267
vn 0.1193 0.9928 0.0034
vn 0.1034 0.9946 -0.0047
vn 0.1702 0.9834 0.0636
vn 0.1517 0.9876 0.0393
vn 0.0950 0.9943 -0.0485
vn 0.1368 0.9902 0.0286
vn 0.3176 0.8787 0.3563
vn 0.3161 0.8846 0.3428
vn 0.2708 0.8612 0.4301
vn 0.3539 0.7456 0.5647
vn 0.3648 0.8070 0.4644
vn 0.3508 0.7569 0.5514
vn 0.5307 0.7954 0.2929
vn 0.5441 0.7961 0.2651
vn 0.4617 0.8354 0.2982
vn 0.1744 0.9547 0.2410
vn 0.5379 0.8091 0.2366
vn 0.1879 0.9555 0.2273
vn 0.3437 0.9201 0.1877
vn 0.3122 0.9326 0.1811
vn 0.4645 0.8446 0.2664
vn 0.8058 0.4009 0.4358
vn 0.7349 0.5764 0.3573
vn 0.7886 0.4316 0.4379
vn -0.0460 0.9923 0.1148
vn -0.0080 0.9894 0.1447
vn -0.0286 0.9899 0.1386
vn -0.0724 0.9934 0.0888
vn 0.3534 0.9355 0.0024
vn 0.3535 0.9354 0.0028
vn 0.3172 0.9477 0.0353
vn 0.3108 0.9501 0.0247
vn 0.3361 0.9418 -0.0071
vn 0.3094 0.9507 0.0219
vn -0.0368 0.9693 0.2431
vn -0.0293 0.9724 0.2314
vn -0.0796 0.9605 0.2667
vn -0.0711 0.9575 0.2795
vn -0.0274 0.9687 0.2468
vn -0.0648 0.9613 0.2679
vn 0.5767 0.8085 0.1172
vn 0.6000 0.7934 0.1023
vn 0.4019 0.8970 0.1842
vn 0.3310 0.9305 0.1572
vn 0.4286 0.8959 0.1168
vn 0.3506 0.9271 0.1328
vn 0.1922 0.9398 0.2825
vn 0.1666 0.9445 0.2832
vn 0.1148 0.9159 0.3847
vn 0.1345 0.8076 0.5742
vn 0.2228 0.9119 0.3446
vn 0.1251 0.8071 0.5770
vn 0.0357 0.9991 0.0218
vn 0.0545 0.9976 0.0417
vn 0.2017 0.9629 0.1794
vn 0.1100 0.9915 0.0697
vn 0.0141 0.9992 0.0368
vn 0.1134 0.9888 0.0968
vn 0.3092 0.8825 0.3544
vn 0.3098 0.8805 0.3589
vn 0.3081 0.8869 0.3443
vn 0.3077 0.8866 0.3454
vn 0.3047 0.8859 0.3498
vn 0.3100 0.8843 0.3491
vn -0.0983 0.9439 -0.3153
vn -0.1295 0.9502 -0.2834
vn -0.1148 0.9527 -0.2815
vn -0.1000 0.9453 -0.3105
vn -0.1083 0.9916 -0.0705
vn -0.1097 0.9912 -0.0735
vn -0.1173 0.9902 -0.0754
vn -0.0992 0.9933 -0.0593
vn -0.3228 0.9464 -0.0136
vn -0.3311 0.9436 -0.0008
vn -0.3366 0.9416 0.0096
vn -0.3395 0.9406 -0.0044
vn -0.3340 0.9425 -0.0138
vn -0.3477 0.9376 0.0085
vn -0.1510 0.8510 -0.5030
vn -0.1544 0.8498 -0.5039
vn -0.2270 0.9072 -0.3542
vn -0.1762 0.9321 -0.3166
vn -0.1443 0.9132 -0.3811
vn -0.1899 0.9290 -0.3177
vn -0.2128 0.9756 -0.0533
vn -0.2419 0.9669 -0.0815
vn -0.1591 0.9835 0.0860
vn -0.1415 0.9899 0.0054
vn -0.2340 0.9680 -0.0912
vn -0.1773 0.9841 -0.0075
vn -0.4351 0.7423 -0.5096
vn -0.4156 0.7868 -0.4563
vn -0.1070 0.9832 -0.1477
vn -0.0896 0.9811 -0.1717
vn -0.2781 0.9375 -0.2091
vn -0.0738 0.9916 -0.1059
vn -0.6392 0.7650 -0.0788
vn -0.6380 0.7667 -0.0719
vn -0.4427 0.8839 -0.1510
vn -0.3303 0.9343 -0.1342
vn -0.4267 0.9033 -0.0455
vn -0.3278 0.9375 -0.1165
vn -0.0755 0.9906 -0.1142
vn -0.1368 0.9889 -0.0588
vn -0.3122 0.9497 0.0243
vn -0.1740 0.9820 -0.0732
vn -0.1535 0.9770 -0.1483
vn -0.2372 0.9708 -0.0352
vn -0.1184 0.9900 -0.0770
vn -0.1226 0.9903 0.0649
vn -0.1201 0.9926 -0.0191
vn -0.0993 0.9852 -0.1395
vn -0.2047 0.9681 -0.1444
vn -0.1990 0.9697 -0.1414
vn 0.1612 0.9704 -0.1801
vn 0.0209 0.9894 -0.1440
vn -0.3477 0.9319 -0.1035
vn 0.0275 0.9890 -0.1452
vn -0.1641 0.9813 -0.1004
vn -0.1467 0.9879 -0.0497
vn -0.0184 0.9993 -0.0318
vn -0.0757 0.9967 -0.0295
vn -0.2790 0.9409 -0.1919
vn -0.0348 0.9993 0.0115
vn -0.1564 0.8996 -0.4078
vn -0.1760 0.8936 -0.4129
vn -0.1984 0.9103 -0.3633
vn -0.1825 0.9651 -0.1880
vn -0.1356 0.8548 -0.5010
vn -0.1936 0.9618 -0.1935
vn -0.4324 0.9017 0.0023
vn -0.4309 0.9024 0.0016
vn -0.4224 0.9063 -0.0110
vn -0.4099 0.9121 -0.0069
vn -0.4185 0.9082 0.0052
vn -0.4084 0.9128 -0.0075
vn -0.5098 0.8352 -0.2064
vn -0.5168 0.8318 -0.2028
vn -0.4657 0.8589 -0.2131
vn -0.4149 0.8849 -0.2118
vn -0.4619 0.8695 -0.1750
vn -0.4219 0.8824 -0.2082
vn -0.2953 0.8143 -0.4997
vn -0.2959 0.8449 -0.4457
vn -0.2818 0.8783 -0.3862
vn -0.2576 0.8638 -0.4330
vn 0.1917 0.9788 0.0725
vn 0.1556 0.9849 0.0760
vn 0.1578 0.9847 0.0744
vn 0.1682 0.9828 0.0766
vn 0.1402 0.9895 0.0363
vn 0.1674 0.9805 0.1034
vn -0.2030 0.9790 -0.0186
vn -0.2106 0.9776 -0.0055
vn -0.4098 0.9110 0.0464
vn -0.3253 0.9445 0.0458
vn -0.3510 0.9361 -0.0241
vn -0.3499 0.9359 0.0409
vn -0.0646 0.9914 -0.1135
vn -0.0468 0.9832 -0.1763
vn -0.0698 0.9915 -0.1098
vn -0.1126 0.9842 -0.1364
vn 0.0091 0.9959 -0.0898
vn -0.0627 0.9879 -0.1421
vn -0.0991 0.9624 0.2528
vn -0.0493 0.9651 0.2572
vn -0.0017 0.9658 0.2594
vn 0.0059 0.9868 0.1617
vn -0.0722 0.9142 0.3987
vn 0.0049 0.9935 0.1134
vn -0.0024 1.0000 -0.0024
vn -0.0000 1.0000 -0.0040
vn 0.0010 1.0000 0.0011
vn 0.0016 1.0000 -0.0000
vn -0.1348 0.9597 0.2464
vn 0.0174 0.9615 0.2741
vn -0.0337 0.9840 0.1748
vn -0.1226 0.9478 0.2944
vn -0.4635 0.8859 0.0164
vn -0.4565 0.8896 0.0119
vn -0.4396 0.8981 -0.0146
vn -0.4143 0.9101 -0.0060
vn -0.4102 0.9116 0.0252
vn -0.4095 0.9123 -0.0101
vn -0.2788 0.9549 0.1019
vn -0.2644 0.9602 0.0905
vn -0.2197 0.9711 0.0936
vn -0.2373 0.9672 0.0904
vn -0.2627 0.9597 0.0999
vn -0.2237 0.9712 0.0825
vn -0.2997 0.9539 0.0142
vn -0.2223 0.9675 0.1202
vn -0.2208 0.9724 -0.0749
vn -0.4614 0.8831 -0.0849
vn -0.2828 0.9291 0.2382
vn -0.4226 0.9042 0.0610
vn -0.2091 0.9697 0.1262
vn -0.1907 0.9756 0.1087
vn -0.2209 0.9625 0.1577
vn -0.2328 0.9613 0.1472
vn -0.1767 0.9792 0.0993
vn -0.2090 0.9679 0.1395
vn 0.1037 0.9656 0.2384
vn -0.1256 0.9597 0.2514
vn -0.3975 0.8785 0.2650
vn -0.0380 0.9817 0.1865
vn 0.1194 0.9559 0.2684
vn -0.2410 0.9639 0.1132
vn -0.2535 0.9663 0.0449
vn -0.3109 0.9440 0.1108
vn -0.3088 0.9467 0.0913
vn -0.2967 0.9546 0.0271
vn -0.1887 0.9619 0.1980
vn -0.1697 0.9646 0.2019
vn -0.0419 0.9862 0.1600
vn -0.0480 0.9871 0.1527
vn -0.2709 0.9403 0.2061
vn -0.0474 0.9916 0.1207
vn -0.0221 0.9809 0.1934
vn -0.0269 0.9831 0.1809
vn -0.0430 0.9618 0.2704
vn -0.0443 0.9544 0.2951
vn -0.0246 0.9896 0.1414
vn -0.0249 0.9573 0.2881
vn -0.5036 0.8337 0.2264
vn -0.5033 0.8342 0.2255
vn -0.4914 0.8352 0.2468
vn -0.4897 0.8366 0.2454
vn -0.4968 0.8375 0.2274
vn -0.4911 0.8358 0.2455
vn -0.1989 0.8737 0.4440
vn -0.1882 0.8733 0.4493
vn -0.1800 0.8834 0.4326
vn -0.1684 0.9485 0.2682
vn -0.1717 0.8755 0.4517
vn -0.1595 0.9488 0.2725
vn -0.1291 0.9393 0.3180
vn -0.1234 0.9409 0.3154
vn -0.1933 0.9103 0.3662
vn -0.2216 0.8914 0.3954
vn -0.1547 0.8967 0.4147
vn -0.2197 0.8943 0.3899
vn -0.5289 0.8487 -0.0050
vn -0.5638 0.8255 0.0271
vn -0.6461 0.7621 0.0428
vn -0.6086 0.7935 0.0039
vn -0.6849 0.6756 0.2731
vn -0.6853 0.6743 0.2753
vn -0.6434 0.7182 0.2649
vn -0.5341 0.8287 0.1674
vn -0.5345 0.8100 0.2415
vn -0.5355 0.8274 0.1692
vn -0.4641 0.8559 0.2283
vn -0.4815 0.8474 0.2237
vn -0.4916 0.8417 0.2233
vn -0.5048 0.8292 0.2402
vn -0.5045 0.8338 0.2243
vn -0.5222 0.8190 0.2377
vn 0.0255 0.9568 -0.2897
vn 0.0349 0.9532 -0.3002
vn 0.0359 0.9524 -0.3027
vn 0.0239 0.9554 -0.2943
vn 0.0461 0.9496 -0.3101
vn 0.0340 0.9458 -0.3229
vn 0.0221 0.9470 -0.3206
vn 0.0403 0.9398 -0.3392
vn 0.0451 0.9476 -0.3163
vn 0.0258 0.9355 -0.3525
vn -0.0579 0.9952 -0.0794
vn -0.0461 0.9969 -0.0631
vn -0.0515 0.9959 -0.0743
vn -0.0583 0.9949 -0.0828
vn -0.0046 0.9475 -0.3199
vn -0.0117 0.9478 -0.3186
vn 0.0197 0.9157 -0.4013
vn 0.0223 0.9160 -0.4006
vn 0.0013 0.9158 -0.4016
vn 0.0271 0.9218 -0.3866
vn -0.0298 0.9934 -0.1108
vn -0.0513 0.9971 -0.0561
vn 0.0229 0.9960 -0.0858
vn 0.0216 0.9990 -0.0379
vn -0.1149 0.9544 -0.2754
vn 0.0140 0.9999 -0.0018
vn -0.0272 0.9988 0.0419
vn -0.0486 0.9983 0.0315
vn 0.0017 0.9963 0.0854
vn -0.0125 0.9971 0.0744
vn -0.0542 0.9985 -0.0106
vn -0.0327 0.9978 0.0572
vn -0.0307 0.9809 0.1921
vn -0.0408 0.9837 0.1753
vn -0.1013 0.9641 0.2455
vn -0.1213 0.9578 0.2605
vn 0.0382 0.9831 0.1791
vn -0.1180 0.9604 0.2525
vn 0.0741 0.8969 0.4361
vn -0.0070 0.9042 0.4271
vn -0.0675 0.9330 0.3534
vn 0.0002 0.9506 0.3105
vn 0.0753 0.9629 0.2593
vn -0.0671 0.9532 0.2949
vn -0.0965 0.9707 0.2200
vn -0.0810 0.9739 0.2122
vn -0.1295 0.9709 0.2017
vn -0.1272 0.9629 0.2380
vn -0.0902 0.9737 0.2092
vn -0.1161 0.9677 0.2238
vn -0.1077 0.9877 0.1135
vn -0.0922 0.9871 0.1307
vn -0.0129 0.9687 0.2481
vn -0.0551 0.9844 0.1670
vn -0.1503 0.9777 0.1467
vn -0.0513 0.9808 0.1881
vn 0.4591 0.8877 0.0338
vn 0.4614 0.8867 0.0276
vn 0.4642 0.8854 0.0218
vn 0.4576 0.8886 0.0323
vn 0.4617 0.8866 0.0276
vn 0.3525 0.9355 0.0225
vn 0.3390 0.9407 0.0101
vn 0.3555 0.9333 0.0501
vn 0.3854 0.9219 0.0406
vn 0.3722 0.9281 0.0104
vn 0.3709 0.9281 0.0321
vn 0.1384 0.9889 0.0547
vn 0.1140 0.9920 0.0541
vn -0.0052 0.9966 0.0828
vn 0.0752 0.9952 0.0634
vn 0.1701 0.9848 0.0347
vn 0.0520 0.9969 0.0596
vn -0.1074 0.9926 -0.0559
vn -0.1270 0.9903 0.0560
vn -0.1782 0.9824 0.0565
vn -0.1580 0.9870 -0.0289
vn -0.2375 0.9644 -0.1160
vn -0.1390 0.9879 0.0683
vn -0.0079 1.0000 -0.0000
vn 0.0206 0.9991 0.0375
vn 0.0015 0.9999 0.0115
vn -0.0162 0.9998 -0.0131
vn 0.3101 0.9495 0.0480
vn 0.3341 0.9423 0.0232
vn 0.3387 0.9404 0.0317
vn 0.3144 0.9477 0.0550
vn 0.2069 0.9776 0.0393
vn 0.1450 0.9885 0.0430
vn 0.2553 0.9477 0.1915
vn 0.6342 0.6857 0.3573
vn 0.1998 0.9789 0.0428
vn 0.5869 0.7272 0.3559
vn -0.3366 0.9405 -0.0465
vn -0.3604 0.9327 -0.0150
vn -0.3947 0.9179 0.0412
vn -0.4480 0.8940 0.0037
vn -0.4125 0.9089 -0.0610
vn -0.4685 0.8827 0.0370
vn -0.0631 0.9973 -0.0372
vn -0.1665 0.9801 -0.1084
vn -0.1068 0.9911 -0.0790
vn -0.0430 0.9988 0.0249
vn -0.2229 0.9692 -0.1045
vn -0.2339 0.9680 -0.0904
vn -0.2730 0.9610 -0.0450
vn -0.2604 0.9619 -0.0835
vn -0.2359 0.9651 -0.1136
vn -0.2728 0.9594 -0.0720
vn -0.3817 0.9190 -0.0986
vn -0.4474 0.8777 -0.1716
vn -0.3700 0.9259 0.0764
vn -0.2119 0.9772 0.0122
vn -0.2942 0.9431 -0.1548
vn -0.2952 0.9549 -0.0336
vn -0.4092 0.9124 0.0114
vn -0.4086 0.9126 0.0114
vn -0.4634 0.8815 0.0911
vn -0.5419 0.8368 0.0778
vn -0.4901 0.8709 0.0367
vn -0.5417 0.8370 0.0774
vn -0.0189 0.9997 -0.0143
vn -0.0080 0.9999 -0.0070
vn -0.0728 0.9915 -0.1079
vn -0.0562 0.9971 -0.0509
vn 0.0592 0.9969 0.0519
vn -0.0527 0.9979 -0.0382
vn 0.2677 0.7432 0.6132
vn 0.4399 0.8349 0.3309
vn 0.4076 0.9125 0.0360
vn 0.4130 0.9091 0.0539
vn 0.4600 0.8877 0.0216
vn 0.4208 0.9071 0.0032
vn 0.4080 0.9129 0.0117
vn 0.4202 0.9070 0.0268
vn 0.4361 0.8992 0.0357
vn 0.4218 0.9066 0.0109
vn 0.4276 0.9037 0.0224
vn 0.2539 0.9662 -0.0439
vn 0.2643 0.9602 -0.0906
vn 0.2276 0.9463 -0.2297
vn 0.3323 0.9301 -0.1563
vn 0.3042 0.9410 -0.1480
vn 0.3542 0.9196 -0.1698
vn 0.3283 0.9309 -0.1600
vn 0.2838 0.9430 -0.1738
vn 0.3150 0.9397 -0.1332
vn 0.3317 0.9416 0.0575
vn 0.3481 0.9371 0.0268
vn 0.4073 0.9129 -0.0257
vn 0.4185 0.9082 0.0050
vn 0.4050 0.9141 0.0208
vn 0.4219 0.9065 -0.0176
vn 0.4122 0.9111 0.0033
vn 0.3801 0.9250 0.0017
vn 0.4102 0.9116 0.0249
vn 0.4102 0.9022 0.1335
vn 0.4032 0.9045 0.1389
vn 0.4854 0.8721 0.0616
vn 0.5085 0.8586 0.0653
vn 0.4908 0.8649 0.1055
vn 0.4898 0.8697 0.0614
vn 0.4711 0.8786 0.0787
vn 0.4342 0.8961 0.0921
vn 0.4432 0.8924 0.0845
vn 0.4998 0.8415 0.2054
vn -0.0482 0.9959 0.0770
vn -0.0286 0.9981 0.0547
vn -0.0815 0.1558 -0.9844
vn -0.0872 0.8890 -0.4495
vn -0.0528 0.8986 -0.4356
vn -0.0638 0.8812 -0.4684
s 1
f 1//1 2//2 3//3
f 4//4 5//5 6//6
f 7//7 8//8 9//9
f 10//10 11//11 12//12
f 13//13 14//13 15//14
f 16//15 17//16 18//15
f 19//17 20//18 21//19
f 22//20 23//21 24//22
f 25//23 26//24 27//25
f 28//26 29//27 30//28
f 31//29 32//30 33//31
f 34//32 35//33 36//34
f 37//35 38//36 39//37
f 40//38 41//39 42//40
f 43//41 44//42 45//43
f 46//44 47//45 48//46
f 49//47 50//48 51//49
f 52//50 53//51 54//52
f 55//53 56//54 57//55
f 58//56 59//57 60//58
f 61//59 62//60 63//61
f 64//62 65//63 66//64
f 67//65 68//66 69//67
f 70//68 71//69 72//70
f 73//71 74//72 75//73
f 76//74 77//75 78//76
f 79//77 80//78 81//79
f 82//80 83//81 84//82
f 85//83 86//84 87//85
f 88//86 89//87 90//88
f 91//89 92//90 93//91
f 94//92 95//93 96//94
f 97//95 98//96 99//97
f 100//98 101//99 102//100
f 103//101 104//102 105//103
f 106//104 107//105 108//106
f 109//107 110//108 111//109
f 112//110 113//111 114//112
f 115//113 116//114 117//115
f 118//116 119//117 120//118
f 121//119 122//119 123//119
f 124//120 125//120 126//120
f 127//121 128//121 129//121
f 130//122 131//122 132//122
f 133//123 134//123 135//123
f 136//124 137//124 138//124
f 139//125 140//126 141//127
f 142//128 143//129 144//130
f 145//131 146//132 147//133
f 148//134 149//134 150//135
f 151//136 152//137 153//136
f 154//138 155//139 156//140
f 157//141 158//142 159//143
f 160//144 161//145 162//146
f 163//147 164//148 165//149
f 166//150 167//151 168//152
f 169//153 170//154 171//155
f 172//156 173//157 174//158
f 175//159 176//160 177//161
f 178//162 179//163 180//164
f 181//165 182//166 183//167
f 184//168 185//169 186//170
f 187//171 188//172 189//173
f 190//174 191//175 192//176
f 193//177 194//178 195//179
f 196//180 197//181 198//182
f 199//183 200//184 201//185
f 202//186 203//187 204//188
f 205//189 206//190 207//191
f 208//192 209//193 210//194
f 211//195 212//196 213//197
f 214//198 215//199 216//200
f 217//201 218//202 219//203
f 220//204 221//205 222//206
f 223//207 224//208 225//209
f 226//210 227//211 228//212
f 229//213 230//214 231//215
f 232//216 233//217 234//218
f 235//219 236//220 237//221
f 238//222 239//223 240//224
f 241//225 242//226 243//227
f 244//228 245//229 246//230
f 247//231 248//232 249//233
f 250//234 251//235 252//236
f 253//237 254//237 255//237
f 256//238 257//238 258//238
f 259//239 260//240 261//241
f 262//242 263//243 264//244
f 265//245 266//246 267//247
f 268//248 269//249 270//250
f 271//251 272//251 273//252
f 274//253 275//254 276//253
f 277//255 278//256 279//257
f 280//258 281//259 282//260
f 283//261 284//262 285//263
f 286//264 287//265 288//266
f 289//267 290//268 291//269
f 292//270 293//271 294//272
f 295//273 296//274 297//275
f 298//276 299//277 300//278
f 301//279 302//280 303//281
f 304//282 305//283 306//284
f 307//285 308//285 309//286
f 310//287 311//288 312//287
f 313//289 314//290 315//291
f 316//292 317//293 318//294
f 319//295 320//296 321//297
f 322//298 323//299 324//300
f 325//301 326//302 327//303
f 328//304 329//305 330//306
f 331//307 332//307 333//308
f 334//309 335//310 336//309
f 337//311 338//312 339//313
f 340//314 341//315 342//316
f 343//317 344//318 345//319
f 346//320 347//320 348//320
f 349//321 350//321 351//321
f 352//322 353//323 354//324
f 355//325 356//326 357//327
f 358//328 359//329 360//330
f 361//331 362//332 363//333
f 364//334 365//335 366//336
f 367//337 368//338 369//339
f 370//340 371//341 372//342
f 373//343 374//344 375//345
f 376//346 377//346 378//347
f 379//348 380//349 381//348
f 382//350 383//351 384//352
f 385//353 386//354 387//355
f 388//356 389//357 390//358
f 391//359 392//360 393//361
f 394//362 395//363 396//364
f 397//365 398//366 399//367
f 400//368 401//369 402//370
f 403//371 404//372 405//373
f 406//374 407//374 408//374
f 409//375 410//375 411//375
f 412//376 413//377 414//378
f 415//379 416//380 417//381
f 418//382 419//382 420//383
f 421//384 422//385 423//384
f 424//386 425//387 426//388
f 427//389 428//390 429//391
f 430//392 431//393 432//394
f 433//395 434//396 435//397
f 436//398 437//399 438//400
f 439//401 440//402 441//403
f 442//404 443//405 444//406
f 445//407 446//408 447//409
f 448//410 449//411 450//412
f 451//413 452//414 453//415
f 454//416 455//417 456//418
f 457//419 458//420 459//421
f 460//422 461//423 462//424
f 463//425 464//426 465//427
f 466//428 467//428 468//429
f 469//430 470//431 471//430
f 472//432 473//433 474//434
f 475//435 476//436 477//437
f 478//438 479//439 480//440
f 481//441 482//442 483//443
f 484//444 485//445 486//446
f 487//447 488//448 489//449
f 490//450 491//451 492//452
f 493//453 494//454 495//455
f 496//456 497//457 498//458
f 499//459 500//460 501//461
f 502//462 503//463 504//464
f 505//465 506//466 507//467
f 508//468 509//469 510//470
f 511//471 512//472 513//473
f 514//474 515//475 516//476
f 517//477 518//478 519//479
f 520//480 521//481 522//482
f 523//483 524//484 525//485
f 526//486 527//487 528//488
f 529//489 530//490 531//491
f 532//492 533//492 534//492
f 535//493 536//493 537//493
f 538//494 539//495 540//496
f 541//497 542//498 543//499
f 544//500 545//501 546//502
f 547//503 548//503 549//503
f 550//504 551//505 552//506
f 553//507 554//508 555//509
f 556//510 557//511 558//512
f 559//513 560//514 561//515
f 562//516 563//517 564//518
f 565//519 566//520 567//521
f 568//522 569//523 570//524
f 571//525 572//526 573//527
f 574//528 575//529 576//530
f 577//531 578//532 579//533
f 580//534 581//535 582//536
f 583//537 584//538 585//539
f 586//540 587//541 588//542
f 589//543 590//544 591//545
f 592//546 593//547 594//548
f 595//549 596//550 597//551
f 598//552 599//553 600//554
f 601//555 602//556 603//557
f 604//558 605//559 606//560
f 607//561 608//562 609//563
f 610//564 611//564 612//565
f 613//566 614//567 615//566
f 616//568 617//569 618//570
f 619//571 620//572 621//573
f 622//574 623//574 624//574
f 625//575 626//575 627//575
f 628//576 629//576 630//577
f 631//578 632//579 633//578
f 634//580 635//580 636//580
f 637//581 638//581 639//581
f 640//582 641//583 642//584
f 643//585 644//586 645//587
f 646//588 647//589 648//590
f 649//591 650//592 651//593
f 652//594 653//595 654//596
f 655//597 656//598 657//599
f 658//600 659//601 660//602
f 661//603 662//604 663//605
f 664//606 665//606 666//607
f 667//608 668//609 669//608
f 670//610 671//611 672//612
f 673//613 674//614 675//615
f 676//616 677//617 678//618
f 679//619 680//620 681//621
f 682//622 683//623 684//624
f 685//625 686//626 687//627
f 688//628 689//629 690//630
f 691//631 692//632 693//633
f 694//634 695//635 696//636
f 697//637 698//638 699//639
f 700//640 701//640 702//641
f 703//642 704//643 705//642
f 706//644 707//645 708//646
f 709//647 710//648 711//649
f 712//650 713//651 714//652
f 715//653 716//654 717//655
f 718//656 719//657 720//658
f 721//659 722//660 723//661
f 724//662 725//663 726//664
f 727//665 728//666 729//667
f 730//668 731//669 732//670
f 733//671 734//672 735//673
f 736//674 737//675 738//676
f 739//677 740//678 741//679
f 742//680 743//681 744//682
f 745//683 746//684 747//685
f 748//686 749//687 750//688
f 751//689 752//690 753//691
f 754//692 755//692 756//692
f 757//693 758//693 759//693
f 760//694 761//695 762//696
f 763//697 764//698 765//699
f 766//700 767//701 768//702
f 769//703 770//704 771//705
f 772//706 773//707 774//708
f 775//709 776//710 777//711
f 778//712 779//713 780//714
f 781//715 782//716 783//717
f 784//718 785//718 786//719
f 787//720 788//721 789//720
f 790//722 791//723 792//724
f 793//725 794//726 795//727
f 796//728 797//729 798//730
f 799//731 800//732 801//733
f 802//734 803//735 804//736
f 805//737 806//738 807//739
f 808//740 809//741 810//742
f 811//743 812//744 813//745
f 814//746 815//747 816//748
f 817//749 818//750 819//751
f 820//752 821//753 822//754
f 823//755 824//756 825//757
f 826//758 827//759 828//760
f 829//761 830//762 831//763
f 832//764 833//765 834//766
f 835//767 836//768 837//769
f 838//770 839//771 840//772
f 841//773 842//774 843//775
f 844//776 845//777 846//778
f 847//779 848//780 849//781
f 850//782 851//783 852//784
f 853//785 854//786 855//787
f 856//788 857//789 858//790
f 859//791 860//792 861//793
f 862//794 863//795 864//796
f 865//797 866//798 867//799
f 868//800 869//800 870//801
f 871//802 872//803 873//802
f 874//804 875//804 876//805
f 877//806 878//807 879//806
f 880//808 881//809 882//810
f 883//811 884//812 885//813
f 886//814 887//815 888//816
f 889//817 890//818 891//819
f 892//820 893//821 894//822
f 895//823 896//824 897//825
f 898//826 899//827 900//828
f 901//829 902//830 903//831
f 904//832 905//833 906//834
f 907//835 908//836 909//837
f 910//838 911//839 912//840
f 913//841 914//842 915//843
f 916//844 917//844 918//844
f 919//845 920//845 921//845
f 922//846 923//847 924//848
f 925//849 926//850 927//851
f 928//852 929//853 930//854
f 931//855 932//856 933//857
f 934//858 935//859 936//860
f 937//861 938//862 939//863
f 940//864 941//864 942//865
f 943//866 944//867 945//866
f 946//868 947//868 948//868
f 949//869 950//869 951//869
f 952//870 953//871 954//872
f 955//873 956//874 957//875
f 958//876 959//877 960//878
f 961//879 962//880 963//881
f 964//882 965//883 966//884
f 967//885 968//886 969//887
f 970//888 971//889 972//890
f 973//891 974//892 975//893
f 976//894 977//895 978//896
f 979//897 980//898 981//899
f 982//900 983//900 984//900
f 985//901 986//901 987//901
f 988//902 989//903 990//904
f 991//905 992//906 993//907
f 994//908 995//909 996//910
f 997//911 998//912 999//913
f 1000//914 1001//914 1002//915
f 1003//916 1004//917 1005//916
f 1006//918 1007//919 1008//920
f 1009//921 1010//922 1011//923
f 1012//924 1013//924 1014//925
f 1015//926 1016//927 1017//926
f 1018//928 1019//929 1020//930
f 1021//931 1022//932 1023//933
f 1024//934 1025//935 1026//936
f 1027//937 1028//938 1029//939
f 1030//940 1031//941 1032//942
f 1033//943 1034//944 1035//945
f 1036//946 1037//946 1038//946
f 1039//947 1040//948 1041//949
f 1042//950 1043//951 1044//952
f 1045//953 1046//954 1047//955
f 1048//956 1049//957 1050//958
f 1051//959 1052//959 1053//960
f 1054//961 1055//962 1056//961
f 1057//963 1058//964 1059//965
f 1060//966 1061//967 1062//968
f 1063//969 1064//970 1065//971
f 1066//972 1067//973 1068//974
f 1069//975 1070//975 1071//976
f 1072//977 1073//978 1074//977
f 1075//979 1076//980 1077//981
f 1078//982 1079//983 1080//984
f 1081//985 1082//986 1083//987
f 1084//988 1085//989 1086//990
f 1087//991 1088//992 1089//993
f 1090//994 1091//995 1092//996
f 1093//997 1094//997 1095//997
f 1096//998 1097//999 1098//1000
f 1099//1001 1100//1002 1101//1003
f 1102//1004 1103//1005 1104//1006
f 1105//1007 1106//1008 1107//1009
f 1108//1010 1109//1011 1110//1012
f 1111//1013 1112//1014 1113//1015
f 1114//1016 1115//1017 1116//1018
f 1117//1019 1118//1020 1119//1021
f 1120//1022 1121//1023 1122//1024
f 1123//1025 1124//1026 1125//1027
f 1126//1028 1127//1029 1128//1030
f 1129//1031 1130//1032 1131//1033
f 1132//1034 1133//1035 1134//1036
f 1135//1037 1136//1038 1137//1039
f 1138//1040 1139//1041 1140//1042
f 1141//1043 1142//1044 1143//1045
f 1144//1046 1145//1047 1146//1048
f 1147//1049 1148//1050 1149//1051
f 1150//1052 1151//1053 1152//1054
f 1153//1055 1154//1056 1155//1057
f 1156//1058 1157//1059 1158//1060
f 1159//1061 1160//1062 1161//1063
f 1162//1064 1163//1065 1164//1066
f 1165//1067 1166//1068 1167//1069
f 1168//1070 1169//1071 1170//1072
f 1171//1073 1172//1074 1173//1075
f 1174//1076 1175//1077 1176//1078
f 1177//1079 1178//1080 1179//1081
f 1180//1082 1181//1083 1182//1084
f 1183//1085 1184//1086 1185//1087
f 1186//1088 1187//1089 1188//1090
f 1189//1091 1190//1092 1191//1093
f 1192//1094 1193//1095 1194//1096
f 1195//1097 1196//1098 1197//1099
f 1198//1100 1199//1100 1200//1101
f 1201//1102 1202//1103 1203//1102
f 1204//1104 1205//1105 1206//1106
f 1207//1107 1208//1108 1209//1109
f 1210//1110 1211//1111 1212//1112
f 1213//1113 1214//1114 1215//1115
f 1216//1116 1217//1117 1218//1118
f 1219//1119 1220//1120 1221//1121
f 1222//1122 1223//1123 1224//1124
f 1225//1125 1226//1126 1227//1127
f 1228//1128 1229//1129 1230//1130
f 1231//1131 1232//1132 1233//1133
f 1234//1134 1235//1135 1236//1136
f 1237//1137 1238//1138 1239//1139
f 1240//1140 1241//1140 1242//1141
f 1243//1142 1244//1143 1245//1142
f 1246//1144 1247//1145 1248//1146
f 1249//1147 1250//1148 1251//1149
f 1252//1150 1253//1150 1254//1151
f 1255//1152 1256//1153 1257//1152
f 1258//1154 1259//1155 1260//1156
f 1261//1157 1262//1158 1263//1159
f 1264//1160 1265//1161 1266//1162
f 1267//1163 1268//1164 1269//1165
f 1270//1166 1271//1167 1272//1168
f 1273//1169 1274//1170 1275//1171
f 1276//1172 1277//1173 1278//1174
f 1279//1175 1280//1176 1281//1177
f 1282//1178 1283//1179 1284//1180
f 1285//1181 1286//1182 1287//1183
f 1288//1184 1289//1185 1290//1186
f 1291//1187 1292//1188 1293//1189
f 1294//1190 1295//1191 1296//1192
f 1297//1193 1298//1194 1299//1195
f 1300//1196 1301//1197 1302//1198
f 1303//1199 1304//1200 1305//1201
f 1306//1202 1307//1203 1308//1204
f 1309//1205 1310//1206 1311//1207
f 1312//1208 1313//1208 1314//1209
f 1315//1210 1316//1211 1317//1210
f 1318//1212 1319//1213 1320//1214
f 1321//1215 1322//1216 1323//1217
f 1324//1218 1325//1219 1326//1220
f 1327//1221 1328//1222 1329//1223
f 1330//1224 1331//1225 1332//1226
f 1333//1227 1334//1227 1335//1227
f 1336//1228 1337//1228 1338//1229
f 1339//1230 1340//1231 1341//1230
f 1342//1232 1343//1233 1344//1234
f 1345//1235 1346//1236 1347//1237
f 1348//1238 1349//1238 1350//1239
f 1351//1240 1352//1241 1353//1240
f 1354//1242 1355//1243 1356//1244
f 1357//1245 1358//1246 1359//1247
f 1360//1248 1361//1249 1362//1250
f 1363//1251 1364//1252 1365//1253
f 1366//1254 1367//1255 1368//1256
f 1369//1257 1370//1258 1371//1259
f 1372//1260 1373//1261 1374//1262
f 1375//1263 1376//1264 1377//1265
f 1378//1266 1379//1267 1380//1268
f 1381//1269 1382//1270 1383//1271
f 1384//1272 1385//1273 1386//1274
f 1387//1275 1388//1276 1389//1277
f 1390//1278 1391//1279 1392//1280
f 1393//1281 1394//1282 1395//1283
f 1396//1284 1397//1285 1398//1286
f 1399//1287 1400//1288 1401//1289
f 1402//1290 1403//1291 1404//1292
f 1405//1293 1406//1294 1407//1295
f 1408//1296 1409//1296 1410//1297
f 1411//1298 1412//1299 1413//1298
f 1414//1300 1415//1301 1416//1302
f 1417//1303 1418//1304 1419//1305
f 1420//1306 1421//1307 1422//1308
f 1423//1309 1424//1310 1425//1311
f 1426//1312 1427//1313 1428//1314
f 1429//1315 1430//1316 1431//1317
f 1432//1318 1433//1319 1434//1320
f 1435//1321 1436//1322 1437//1323
f 1438//1324 1439//1325 1440//1326
f 1441//1327 1442//1328 1443//1329
f 1444//1330 1445//1331 1446//1332
f 1447//1333 1448//1334 1449//1335
f 1450//1336 1451//1336 1452//1337
f 1453//1338 1454//1339 1455//1338
f 1456//1340 1457//1340 1458//1341
f 1459//1342 1460//1343 1461//1342
f 1462//1344 1463//1345 1464//1346
f 1465//1347 1466//1348 1467//1349
f 1468//1350 1469//1351 1470//1352
f 1471//1353 1472//1354 1473//1355
f 1474//1356 1475//1357 1476//1358
f 1477//1359 1478//1360 1479//1361
f 1480//1362 1481//1363 1482//1364
f 1483//1365 1484//1366 1485//1367
f 1486//1368 1487//1369 1488//1370
f 1489//1371 1490//1372 1491//1373
f 1492//1374 1493//1375 1494//1376
f 1495//1377 1496//1378 1497//1379
f 1498//1380 1499//1380 1500//1381
f 1501//1382 1502//1383 1503//1382
f 1504//1384 1505//1385 1506//1386
f 1507//1387 1508//1388 1509//1389
f 1510//1390 1511//1391 1512//1392
f 1513//1393 1514//1394 1515//1395
f 1516//1396 1517//1397 1518//1398
f 1519//1399 1520//1400 1521//1401
f 1522//1402 1523//1403 1524//1404
f 1525//1405 1526//1406 1527//1407
f 1528//1408 1529//1409 1530//1410
f 1531//1411 1532//1412 1533//1413
f 1534//1414 1535//1414 1536//1415
f 1537//1416 1538//1417 1539//1416
f 1540//1418 1541//1419 1542//1420
f 1543//1421 1544//1422 1545//1423
f 1546//1424 1547//1425 1548//1426
f 1549//1427 1550//1428 1551//1429
f 1552//1430 1553//1431 1554//1432
f 1555//1433 1556//1434 1557//1435
f 1558//1436 1559//1437 1560//1438
f 1561//1439 1562//1440 1563//1441
f 1564//1442 1565//1443 1566//1444
f 1567//1445 1568//1445 1569//1445
f 1570//1446 1571//1446 1572//1447
f 1573//1448 1574//1449 1575//1448
f 1576//1450 1577//1451 1578//1452
f 1579//1453 1580//1454 1581//1455
f 1582//1456 1583//1457 1584//1458
f 1585//1459 1586//1460 1587//1461
f 1588//1462 1589//1463 1590//1464
f 1591//1465 1592//1466 1593//1467
f 1594//1468 1595//1469 1596//1470
f 1597//1471 1598//1472 1599//1473
f 1600//1474 1601//1475 1602//1476
f 1603//1477 1604//1478 1605//1479
f 1606//1480 1607//1480 1608//1481
f 1609//1482 1610//1483 1611//1482
f 1612//1484 1613//1485 1614//1486
f 1615//1487 1616//1488 1617//1489
f 1618//1490 1619//1491 1620//1492
f 1621//1493 1622//1494 1623//1495
f 1624//1496 1625//1497 1626//1498
f 1627//1499 1628//1500 1629//1501
f 1630//1502 1631//1503 1632//1504
f 1633//1505 1634//1506 1635//1507
f 1636//1508 1637//1509 1638//1510
f 1639//1511 1640//1512 1641//1513
f 1642//1514 1643//1514 1644//1515
f 1645//1516 1646//1517 1647//1516
f 1648//1518 1649//1519 1650//1520
f 1651//1521 1652//1522 1653//1523
f 1654//1524 1655//1525 1656//1526
f 1657//1527 1658//1528 1659//1529
f 1660//1530 1661//1530 1662//1531
f 1663//1532 1664//1533 1665//1532
f 1666//1534 1667//1535 1668//1536
f 1669//1537 1670//1538 1671//1539
f 1672//1540 1673//1540 1674//1541
f 1675//1542 1676//1543 1677//1542
f 1678//1544 1679//1545 1680//1546
f 1681//1547 1682//1548 1683//1549
f 1684//1550 1685//1551 1686//1552
f 1687//1553 1688//1554 1689//1555
f 1690//1556 1691//1557 1692//1558
f 1693//1559 1694//1560 1695//1561
f 1696//1562 1697//1563 1698//1564
f 1699//1565 1700//1566 1701//1567
f 1702//1568 1703//1569 1704//1570
f 1705//1571 1706//1572 1707//1573
f 1708//1574 1709//1575 1710//1576
f 1711//1577 1712//1578 1713//1579
f 1714//1580 1715//1581 1716//1582
f 1717//1583 1718//1584 1719//1585
f 1720//1586 1721//1587 1722//1588
f 1723//1589 1724//1590 1725//1590
f 1726//1591 1727//1592 1728//1593
f 1729//1594 1730//1595 1731//1596
f 1732//1597 1733//1598 1734//1599
f 1735//1600 1736//1601 1737//1602
f 1738//1603 1739//1604 1740//1605
f 1741//1606 1742//1607 1743//1608
f 1744//1609 1745//1609 1746//1610
f 1747//1611 1748//1612 1749//1611
f 1750//1613 1751//1613 1752//1614
f 1753//1615 1754//1616 1755//1615
f 1756//1617 1757//1618 1758//1619
f 1759//1620 1760//1621 1761//1622
f 1762//1623 1763//1624 1764//1625
f 1765//1626 1766//1627 1767//1628
f 1768//1629 1769//1629 1770//1630
f 1771//1631 1772//1632 1773//1631
f 1774//1633 1775//1634 1776//1635
f 1777//1636 1778//1637 1779//1638
f 1780//1639 1781//1640 1782//1641
f 1783//1642 1784//1643 1785//1644
f 1786//1645 1787//1646 1788//1647
f 1789//1648 1790//1649 1791//1650
f 1792//1651 1793//1652 1794//1653
f 1795//1654 1796//1655 1797//1656
f 1798//1657 1799//1657 1800//1657
f 1801//1658 1802//1658 1803//1658
f 1804//1659 1805//1660 1806//1661
f 1807//1662 1808//1663 1809//1664
f 1810//1665 1811//1666 1812//1667
f 1813//1668 1814//1669 1815//1670
f 1816//1671 1817//1672 1818//1673
f 1819//1674 1820//1675 1821//1676
f 1822//1677 1823//1678 1824//1679
f 1825//1680 1826//1681 1827//1682
f 1828//1683 1829//1684 1830//1685
f 1831//1686 1832//1687 1833//1688
f 1834//1689 1835//1690 1836//1691
f 1837//1692 1838//1693 1839//1694
f 1840//1695 1841//1695 1842//1695
f 1843//1696 1844//1697 1845//1698
f 1846//1699 1847//1700 1848//1701
