o Cattail_reed_01_Cylinder.006
v 17.494792938232422 3.308720111846924 3.0711569786071777
v 17.492910385131836 3.306766986846924 3.0768070220947266
v 17.470523834228516 3.4102859497070312 3.0939369201660156
v 17.494792938232422 3.308720111846924 3.0711569786071777
v 17.470523834228516 3.4102859497070312 3.0939369201660156
v 17.471254348754883 3.411046028137207 3.0917389392852783
v 17.478199005126953 3.4098589420318604 3.0954020023345947
v 17.47563362121582 3.4109699726104736 3.0920870304107666
v 17.473529815673828 3.4113500118255615 3.0909159183502197
v 17.473529815673828 3.4113500118255615 3.0909159183502197
v 17.471254348754883 3.411046028137207 3.0917389392852783
v 17.470523834228516 3.4102859497070312 3.0939369201660156
v 17.470523834228516 3.4102859497070312 3.0939369201660156
v 17.47188377380371 3.4096429347991943 3.0958540439605713
v 17.475536346435547 3.40891695022583 3.0980780124664307
v 17.475536346435547 3.40891695022583 3.0980780124664307
v 17.478199005126953 3.4098589420318604 3.0954020023345947
v 17.473529815673828 3.4113500118255615 3.0909159183502197
v 17.473529815673828 3.4113500118255615 3.0909159183502197
v 17.470523834228516 3.4102859497070312 3.0939369201660156
v 17.475536346435547 3.40891695022583 3.0980780124664307
v 17.496410369873047 3.3051130771636963 3.0817370414733887
v 17.502656936645508 3.3050038814544678 3.0822319984436035
v 17.475536346435547 3.40891695022583 3.0980780124664307
v 17.496410369873047 3.3051130771636963 3.0817370414733887
v 17.475536346435547 3.40891695022583 3.0980780124664307
v 17.47188377380371 3.4096429347991943 3.0958540439605713
v 17.506946563720703 3.3065218925476074 3.0779221057891846
v 17.50604820251465 3.3085238933563232 3.072052001953125
v 17.47563362121582 3.4109699726104736 3.0920870304107666
v 17.506946563720703 3.3065218925476074 3.0779221057891846
v 17.47563362121582 3.4109699726104736 3.0920870304107666
v 17.478199005126953 3.4098589420318604 3.0954020023345947
v 17.500638961791992 3.309501886367798 3.0690410137176514
v 17.494792938232422 3.308720111846924 3.0711569786071777
v 17.471254348754883 3.411046028137207 3.0917389392852783
v 17.500638961791992 3.309501886367798 3.0690410137176514
v 17.471254348754883 3.411046028137207 3.0917389392852783
v 17.473529815673828 3.4113500118255615 3.0909159183502197
v 17.492910385131836 3.306766986846924 3.0768070220947266
v 17.496410369873047 3.3051130771636963 3.0817370414733887
v 17.47188377380371 3.4096429347991943 3.0958540439605713
v 17.492910385131836 3.306766986846924 3.0768070220947266
v 17.47188377380371 3.4096429347991943 3.0958540439605713
v 17.470523834228516 3.4102859497070312 3.0939369201660156
v 17.502656936645508 3.3050038814544678 3.0822319984436035
v 17.506946563720703 3.3065218925476074 3.0779221057891846
v 17.478199005126953 3.4098589420318604 3.0954020023345947
v 17.502656936645508 3.3050038814544678 3.0822319984436035
v 17.478199005126953 3.4098589420318604 3.0954020023345947
v 17.475536346435547 3.40891695022583 3.0980780124664307
v 17.50604820251465 3.3085238933563232 3.072052001953125
v 17.500638961791992 3.309501886367798 3.0690410137176514
v 17.473529815673828 3.4113500118255615 3.0909159183502197
v 17.50604820251465 3.3085238933563232 3.072052001953125
v 17.473529815673828 3.4113500118255615 3.0909159183502197
v 17.47563362121582 3.4109699726104736 3.0920870304107666
v 17.544443130493164 1.7577910423278809 2.8233389854431152
v 17.534860610961914 1.7573339939117432 2.8099849224090576
v 17.529611587524414 1.2633620500564575 2.8069889545440674
v 17.544443130493164 1.7577910423278809 2.8233389854431152
v 17.529611587524414 1.2633620500564575 2.8069889545440674
v 17.541305541992188 1.264106035232544 2.82328200340271
v 17.535070419311523 1.2623629570007324 2.787703037261963
v 17.553573608398438 1.261860966682434 2.7799460887908936
v 17.571186065673828 1.2622350454330444 2.789560079574585
v 17.571186065673828 1.2622350454330444 2.789560079574585
v 17.574647903442383 1.2632019519805908 2.80930495262146
v 17.56134796142578 1.2640349864959717 2.824312925338745
v 17.56134796142578 1.2640349864959717 2.824312925338745
v 17.541305541992188 1.264106035232544 2.82328200340271
v 17.529611587524414 1.2633620500564575 2.8069889545440674
v 17.529611587524414 1.2633620500564575 2.8069889545440674
v 17.535070419311523 1.2623629570007324 2.787703037261963
v 17.571186065673828 1.2622350454330444 2.789560079574585
v 17.571186065673828 1.2622350454330444 2.789560079574585
v 17.56134796142578 1.2640349864959717 2.824312925338745
v 17.529611587524414 1.2633620500564575 2.8069889545440674
v 17.571765899658203 1.757146954536438 2.8118820190429688
v 17.560867309570312 1.7577069997787476 2.824183940887451
v 17.56134796142578 1.2640349864959717 2.824312925338745
v 17.571765899658203 1.757146954536438 2.8118820190429688
v 17.56134796142578 1.2640349864959717 2.824312925338745
v 17.574647903442383 1.2632019519805908 2.80930495262146
v 17.55449867248535 1.7563250064849854 2.7878189086914062
v 17.568931579589844 1.756531000137329 2.7956979274749756
v 17.571186065673828 1.2622350454330444 2.789560079574585
v 17.55449867248535 1.7563250064849854 2.7878189086914062
v 17.571186065673828 1.2622350454330444 2.789560079574585
v 17.553573608398438 1.261860966682434 2.7799460887908936
v 17.534860610961914 1.7573339939117432 2.8099849224090576
v 17.539335250854492 1.75668203830719 2.7941770553588867
v 17.535070419311523 1.2623629570007324 2.787703037261963
v 17.534860610961914 1.7573339939117432 2.8099849224090576
v 17.535070419311523 1.2623629570007324 2.787703037261963
v 17.529611587524414 1.2633620500564575 2.8069889545440674
v 17.560867309570312 1.7577069997787476 2.824183940887451
v 17.544443130493164 1.7577910423278809 2.8233389854431152
v 17.541305541992188 1.264106035232544 2.82328200340271
v 17.560867309570312 1.7577069997787476 2.824183940887451
v 17.541305541992188 1.264106035232544 2.82328200340271
v 17.56134796142578 1.2640349864959717 2.824312925338745
v 17.568931579589844 1.756531000137329 2.7956979274749756
v 17.571765899658203 1.757146954536438 2.8118820190429688
v 17.574647903442383 1.2632019519805908 2.80930495262146
v 17.568931579589844 1.756531000137329 2.7956979274749756
v 17.574647903442383 1.2632019519805908 2.80930495262146
v 17.571186065673828 1.2622350454330444 2.789560079574585
v 17.539335250854492 1.75668203830719 2.7941770553588867
v 17.55449867248535 1.7563250064849854 2.7878189086914062
v 17.553573608398438 1.261860966682434 2.7799460887908936
v 17.539335250854492 1.75668203830719 2.7941770553588867
v 17.553573608398438 1.261860966682434 2.7799460887908936
v 17.535070419311523 1.2623629570007324 2.787703037261963
v 17.495332717895508 2.7816219329833984 2.9485061168670654
v 17.502992630004883 2.781805992126465 2.9455599784851074
v 17.56147575378418 2.3238461017608643 2.8417348861694336
v 17.495332717895508 2.7816219329833984 2.9485061168670654
v 17.56147575378418 2.3238461017608643 2.8417348861694336
v 17.549654006958008 2.3240599632263184 2.846693992614746
v 17.549654006958008 2.3240599632263184 2.846693992614746
v 17.56147575378418 2.3238461017608643 2.8417348861694336
v 17.55449867248535 1.7563250064849854 2.7878189086914062
v 17.549654006958008 2.3240599632263184 2.846693992614746
v 17.55449867248535 1.7563250064849854 2.7878189086914062
v 17.539335250854492 1.75668203830719 2.7941770553588867
v 17.51007652282715 2.7814431190490723 2.9496939182281494
v 17.511249542236328 2.780806064605713 2.9577949047088623
v 17.57493782043457 2.3241500854492188 2.8605029582977295
v 17.51007652282715 2.7814431190490723 2.9496939182281494
v 17.57493782043457 2.3241500854492188 2.8605029582977295
v 17.572729110717773 2.3238871097564697 2.8478798866271973
v 17.572729110717773 2.3238871097564697 2.8478798866271973
v 17.57493782043457 2.3241500854492188 2.8605029582977295
v 17.571765899658203 1.757146954536438 2.8118820190429688
v 17.572729110717773 2.3238871097564697 2.8478798866271973
v 17.571765899658203 1.757146954536438 2.8118820190429688
v 17.568931579589844 1.756531000137329 2.7956979274749756
v 17.505626678466797 2.7803750038146973 2.9637629985809326
v 17.49744415283203 2.7804739475250244 2.9631030559539795
v 17.553634643554688 2.3245348930358887 2.869438886642456
v 17.505626678466797 2.7803750038146973 2.9637629985809326
v 17.553634643554688 2.3245348930358887 2.869438886642456
v 17.566438674926758 2.32443904876709 2.870098114013672
v 17.566438674926758 2.32443904876709 2.870098114013672
v 17.553634643554688 2.3245348930358887 2.869438886642456
v 17.544443130493164 1.7577910423278809 2.8233389854431152
v 17.566438674926758 2.32443904876709 2.870098114013672
v 17.544443130493164 1.7577910423278809 2.8233389854431152
v 17.560867309570312 1.7577069997787476 2.824183940887451
v 17.492862701416016 2.781028985977173 2.956312894821167
v 17.495332717895508 2.7816219329833984 2.9485061168670654
v 17.549654006958008 2.3240599632263184 2.846693992614746
v 17.492862701416016 2.781028985977173 2.956312894821167
v 17.549654006958008 2.3240599632263184 2.846693992614746
v 17.54616355895996 2.3243660926818848 2.8590240478515625
v 17.54616355895996 2.3243660926818848 2.8590240478515625
v 17.549654006958008 2.3240599632263184 2.846693992614746
v 17.539335250854492 1.75668203830719 2.7941770553588867
v 17.54616355895996 2.3243660926818848 2.8590240478515625
v 17.539335250854492 1.75668203830719 2.7941770553588867
v 17.534860610961914 1.7573339939117432 2.8099849224090576
v 17.502992630004883 2.781805992126465 2.9455599784851074
v 17.51007652282715 2.7814431190490723 2.9496939182281494
v 17.572729110717773 2.3238871097564697 2.8478798866271973
v 17.502992630004883 2.781805992126465 2.9455599784851074
v 17.572729110717773 2.3238871097564697 2.8478798866271973
v 17.56147575378418 2.3238461017608643 2.8417348861694336
v 17.56147575378418 2.3238461017608643 2.8417348861694336
v 17.572729110717773 2.3238871097564697 2.8478798866271973
v 17.568931579589844 1.756531000137329 2.7956979274749756
v 17.56147575378418 2.3238461017608643 2.8417348861694336
v 17.568931579589844 1.756531000137329 2.7956979274749756
v 17.55449867248535 1.7563250064849854 2.7878189086914062
v 17.511249542236328 2.780806064605713 2.9577949047088623
v 17.505626678466797 2.7803750038146973 2.9637629985809326
v 17.566438674926758 2.32443904876709 2.870098114013672
v 17.511249542236328 2.780806064605713 2.9577949047088623
v 17.566438674926758 2.32443904876709 2.870098114013672
v 17.57493782043457 2.3241500854492188 2.8605029582977295
v 17.57493782043457 2.3241500854492188 2.8605029582977295
v 17.566438674926758 2.32443904876709 2.870098114013672
v 17.560867309570312 1.7577069997787476 2.824183940887451
v 17.57493782043457 2.3241500854492188 2.8605029582977295
v 17.560867309570312 1.7577069997787476 2.824183940887451
v 17.571765899658203 1.757146954536438 2.8118820190429688
v 17.49744415283203 2.7804739475250244 2.9631030559539795
v 17.492862701416016 2.781028985977173 2.956312894821167
v 17.54616355895996 2.3243660926818848 2.8590240478515625
v 17.49744415283203 2.7804739475250244 2.9631030559539795
v 17.54616355895996 2.3243660926818848 2.8590240478515625
v 17.553634643554688 2.3245348930358887 2.869438886642456
v 17.553634643554688 2.3245348930358887 2.869438886642456
v 17.54616355895996 2.3243660926818848 2.8590240478515625
v 17.534860610961914 1.7573339939117432 2.8099849224090576
v 17.553634643554688 2.3245348930358887 2.869438886642456
v 17.534860610961914 1.7573339939117432 2.8099849224090576
v 17.544443130493164 1.7577910423278809 2.8233389854431152
v 17.31982421875 2.0579309463500977 2.7564799785614014
v 17.158843994140625 2.358876943588257 2.7455620765686035
v 17.18697166442871 2.3909170627593994 2.6570839881896973
v 17.31982421875 2.0579309463500977 2.7564799785614014
v 17.18697166442871 2.3909170627593994 2.6570839881896973
v 17.35170555114746 2.077981948852539 2.66689395904541
v 17.35170555114746 2.077981948852539 2.66689395904541
v 17.18697166442871 2.3909170627593994 2.6570839881896973
v 17.194629669189453 2.4098830223083496 2.664926052093506
v 17.35170555114746 2.077981948852539 2.66689395904541
v 17.194629669189453 2.4098830223083496 2.664926052093506
v 17.369182586669922 2.086505889892578 2.6745119094848633
v 17.369182586669922 2.086505889892578 2.6745119094848633
v 17.194629669189453 2.4098830223083496 2.664926052093506
v 17.16650390625 2.3778440952301025 2.7534029483795166
v 17.369182586669922 2.086505889892578 2.6745119094848633
v 17.16650390625 2.3778440952301025 2.7534029483795166
v 17.33730125427246 2.0664548873901367 2.7640979290008545
v 17.33730125427246 2.0664548873901367 2.7640979290008545
v 17.16650390625 2.3778440952301025 2.7534029483795166
v 17.158843994140625 2.358876943588257 2.7455620765686035
v 17.33730125427246 2.0664548873901367 2.7640979290008545
v 17.158843994140625 2.358876943588257 2.7455620765686035
v 17.31982421875 2.0579309463500977 2.7564799785614014
v 17.44178009033203 1.2652620077133179 2.6926169395446777
v 17.46076011657715 1.2664090394973755 2.6996068954467773
v 17.42738151550293 1.265058994293213 2.79046893119812
v 17.44178009033203 1.2652620077133179 2.6926169395446777
v 17.42738151550293 1.265058994293213 2.79046893119812
v 17.408401489257812 1.2639110088348389 2.7834789752960205
v 17.194629669189453 2.4098830223083496 2.664926052093506
v 17.18697166442871 2.3909170627593994 2.6570839881896973
v 16.963584899902344 2.5597870349884033 2.6742420196533203
v 17.18697166442871 2.3909170627593994 2.6570839881896973
v 16.963584899902344 2.5597870349884033 2.6742420196533203
v 16.963584899902344 2.5597870349884033 2.6742420196533203
v 16.963584899902344 2.5597870349884033 2.6742420196533203
v 16.963584899902344 2.5597870349884033 2.6742420196533203
v 16.963584899902344 2.5597870349884033 2.6742420196533203
v 16.963584899902344 2.5597870349884033 2.6742420196533203
v 16.963584899902344 2.5597870349884033 2.6742420196533203
v 16.963584899902344 2.5597870349884033 2.6742420196533203
v 17.16650390625 2.3778440952301025 2.7534029483795166
v 17.194629669189453 2.4098830223083496 2.664926052093506
v 16.963584899902344 2.5597870349884033 2.6742420196533203
v 17.194629669189453 2.4098830223083496 2.664926052093506
v 16.963584899902344 2.5597870349884033 2.6742420196533203
v 16.963584899902344 2.5597870349884033 2.6742420196533203
v 17.18697166442871 2.3909170627593994 2.6570839881896973
v 17.158843994140625 2.358876943588257 2.7455620765686035
v 16.963584899902344 2.5597870349884033 2.6742420196533203
v 17.158843994140625 2.358876943588257 2.7455620765686035
v 16.963584899902344 2.5597870349884033 2.6742420196533203
v 16.963584899902344 2.5597870349884033 2.6742420196533203
v 17.158843994140625 2.358876943588257 2.7455620765686035
v 17.16650390625 2.3778440952301025 2.7534029483795166
v 16.963584899902344 2.5597870349884033 2.6742420196533203
v 17.16650390625 2.3778440952301025 2.7534029483795166
v 16.963584899902344 2.5597870349884033 2.6742420196533203
v 16.963584899902344 2.5597870349884033 2.6742420196533203
v 17.42738151550293 1.265058994293213 2.79046893119812
v 17.393665313720703 1.6738460063934326 2.7934069633483887
v 17.37474822998047 1.672677993774414 2.7862579822540283
v 17.42738151550293 1.265058994293213 2.79046893119812
v 17.37474822998047 1.672677993774414 2.7862579822540283
v 17.408401489257812 1.2639110088348389 2.7834789752960205
v 17.393665313720703 1.6738460063934326 2.7934069633483887
v 17.33730125427246 2.0664548873901367 2.7640979290008545
v 17.31982421875 2.0579309463500977 2.7564799785614014
v 17.393665313720703 1.6738460063934326 2.7934069633483887
v 17.31982421875 2.0579309463500977 2.7564799785614014
v 17.37474822998047 1.672677993774414 2.7862579822540283
v 17.46076011657715 1.2664090394973755 2.6996068954467773
v 17.427194595336914 1.6809149980545044 2.7030529975891113
v 17.393665313720703 1.6738460063934326 2.7934069633483887
v 17.46076011657715 1.2664090394973755 2.6996068954467773
v 17.393665313720703 1.6738460063934326 2.7934069633483887
v 17.42738151550293 1.265058994293213 2.79046893119812
v 17.427194595336914 1.6809149980545044 2.7030529975891113
v 17.369182586669922 2.086505889892578 2.6745119094848633
v 17.33730125427246 2.0664548873901367 2.7640979290008545
v 17.427194595336914 1.6809149980545044 2.7030529975891113
v 17.33730125427246 2.0664548873901367 2.7640979290008545
v 17.393665313720703 1.6738460063934326 2.7934069633483887
v 17.44178009033203 1.2652620077133179 2.6926169395446777
v 17.408275604248047 1.6797480583190918 2.695904016494751
v 17.427194595336914 1.6809149980545044 2.7030529975891113
v 17.44178009033203 1.2652620077133179 2.6926169395446777
v 17.427194595336914 1.6809149980545044 2.7030529975891113
v 17.46076011657715 1.2664090394973755 2.6996068954467773
v 17.408275604248047 1.6797480583190918 2.695904016494751
v 17.35170555114746 2.077981948852539 2.66689395904541
v 17.369182586669922 2.086505889892578 2.6745119094848633
v 17.408275604248047 1.6797480583190918 2.695904016494751
v 17.369182586669922 2.086505889892578 2.6745119094848633
v 17.427194595336914 1.6809149980545044 2.7030529975891113
v 17.408401489257812 1.2639110088348389 2.7834789752960205
v 17.37474822998047 1.672677993774414 2.7862579822540283
v 17.408275604248047 1.6797480583190918 2.695904016494751
v 17.408401489257812 1.2639110088348389 2.7834789752960205
v 17.408275604248047 1.6797480583190918 2.695904016494751
v 17.44178009033203 1.2652620077133179 2.6926169395446777
v 17.37474822998047 1.672677993774414 2.7862579822540283
v 17.31982421875 2.0579309463500977 2.7564799785614014
v 17.35170555114746 2.077981948852539 2.66689395904541
v 17.37474822998047 1.672677993774414 2.7862579822540283
v 17.35170555114746 2.077981948852539 2.66689395904541
v 17.408275604248047 1.6797480583190918 2.695904016494751
v 17.346357345581055 2.034024953842163 3.1215898990631104
v 17.233095169067383 2.4227800369262695 3.2827680110931396
v 17.167409896850586 2.453097105026245 3.220318078994751
v 17.346357345581055 2.034024953842163 3.1215898990631104
v 17.167409896850586 2.453097105026245 3.220318078994751
v 17.283348083496094 2.055561065673828 3.0544419288635254
v 17.283348083496094 2.055561065673828 3.0544419288635254
v 17.167409896850586 2.453097105026245 3.220318078994751
v 17.17986488342285 2.46868896484375 3.2128241062164307
v 17.283348083496094 2.055561065673828 3.0544419288635254
v 17.17986488342285 2.46868896484375 3.2128241062164307
v 17.2970027923584 2.0669898986816406 3.044650077819824
v 17.2970027923584 2.0669898986816406 3.044650077819824
v 17.17986488342285 2.46868896484375 3.2128241062164307
v 17.24555015563965 2.4383718967437744 3.2752749919891357
v 17.2970027923584 2.0669898986816406 3.044650077819824
v 17.24555015563965 2.4383718967437744 3.2752749919891357
v 17.36001205444336 2.0454540252685547 3.1117970943450928
v 17.36001205444336 2.0454540252685547 3.1117970943450928
v 17.24555015563965 2.4383718967437744 3.2752749919891357
v 17.233095169067383 2.4227800369262695 3.2827680110931396
v 17.36001205444336 2.0454540252685547 3.1117970943450928
v 17.233095169067383 2.4227800369262695 3.2827680110931396
v 17.346357345581055 2.034024953842163 3.1215898990631104
v 17.43593978881836 1.2658209800720215 2.8873660564422607
v 17.450618743896484 1.2704249620437622 2.875040054321289
v 17.511850357055664 1.2665760517120361 2.946526050567627
v 17.43593978881836 1.2658209800720215 2.8873660564422607
v 17.511850357055664 1.2665760517120361 2.946526050567627
v 17.49717140197754 1.2619709968566895 2.9588520526885986
v 17.17986488342285 2.46868896484375 3.2128241062164307
v 17.167409896850586 2.453097105026245 3.220318078994751
v 17.133853912353516 2.6617538928985596 3.393151044845581
v 17.17986488342285 2.46868896484375 3.2128241062164307
v 17.133853912353516 2.6617538928985596 3.393151044845581
v 17.133853912353516 2.6617538928985596 3.393151044845581
v 17.133853912353516 2.6617538928985596 3.393151044845581
v 17.133853912353516 2.6617538928985596 3.393151044845581
v 17.133853912353516 2.6617538928985596 3.393151044845581
v 17.133853912353516 2.6617538928985596 3.393151044845581
v 17.133853912353516 2.6617538928985596 3.393151044845581
v 17.133853912353516 2.6617538928985596 3.393151044845581
v 17.24555015563965 2.4383718967437744 3.2752749919891357
v 17.17986488342285 2.46868896484375 3.2128241062164307
v 17.133853912353516 2.6617538928985596 3.393151044845581
v 17.17986488342285 2.46868896484375 3.2128241062164307
v 17.133853912353516 2.6617538928985596 3.393151044845581
v 17.133853912353516 2.6617538928985596 3.393151044845581
v 17.167409896850586 2.453097105026245 3.220318078994751
v 17.233095169067383 2.4227800369262695 3.2827680110931396
v 17.133853912353516 2.6617538928985596 3.393151044845581
v 17.233095169067383 2.4227800369262695 3.2827680110931396
v 17.133853912353516 2.6617538928985596 3.393151044845581
v 17.133853912353516 2.6617538928985596 3.393151044845581
v 17.233095169067383 2.4227800369262695 3.2827680110931396
v 17.24555015563965 2.4383718967437744 3.2752749919891357
v 17.133853912353516 2.6617538928985596 3.393151044845581
v 17.233095169067383 2.4227800369262695 3.2827680110931396
v 17.133853912353516 2.6617538928985596 3.393151044845581
v 17.133853912353516 2.6617538928985596 3.393151044845581
v 17.511850357055664 1.2665760517120361 2.946526050567627
v 17.443878173828125 1.677912950515747 3.0278730392456055
v 17.429096221923828 1.673295021057129 3.0400679111480713
v 17.511850357055664 1.2665760517120361 2.946526050567627
v 17.429096221923828 1.673295021057129 3.0400679111480713
v 17.49717140197754 1.2619709968566895 2.9588520526885986
v 17.443878173828125 1.677912950515747 3.0278730392456055
v 17.36001205444336 2.0454540252685547 3.1117970943450928
v 17.346357345581055 2.034024953842163 3.1215898990631104
v 17.443878173828125 1.677912950515747 3.0278730392456055
v 17.346357345581055 2.034024953842163 3.1215898990631104
v 17.429096221923828 1.673295021057129 3.0400679111480713
v 17.450618743896484 1.2704249620437622 2.875040054321289
v 17.38248634338379 1.6872810125350952 2.9572629928588867
v 17.443878173828125 1.677912950515747 3.0278730392456055
v 17.450618743896484 1.2704249620437622 2.875040054321289
v 17.443878173828125 1.677912950515747 3.0278730392456055
v 17.511850357055664 1.2665760517120361 2.946526050567627
v 17.38248634338379 1.6872810125350952 2.9572629928588867
v 17.2970027923584 2.0669898986816406 3.044650077819824
v 17.36001205444336 2.0454540252685547 3.1117970943450928
v 17.38248634338379 1.6872810125350952 2.9572629928588867
v 17.36001205444336 2.0454540252685547 3.1117970943450928
v 17.443878173828125 1.677912950515747 3.0278730392456055
v 17.43593978881836 1.2658209800720215 2.8873660564422607
v 17.367704391479492 1.682662010192871 2.969459056854248
v 17.38248634338379 1.6872810125350952 2.9572629928588867
v 17.43593978881836 1.2658209800720215 2.8873660564422607
v 17.38248634338379 1.6872810125350952 2.9572629928588867
v 17.450618743896484 1.2704249620437622 2.875040054321289
v 17.367704391479492 1.682662010192871 2.969459056854248
v 17.283348083496094 2.055561065673828 3.0544419288635254
v 17.2970027923584 2.0669898986816406 3.044650077819824
v 17.367704391479492 1.682662010192871 2.969459056854248
v 17.2970027923584 2.0669898986816406 3.044650077819824
v 17.38248634338379 1.6872810125350952 2.9572629928588867
v 17.49717140197754 1.2619709968566895 2.9588520526885986
v 17.429096221923828 1.673295021057129 3.0400679111480713
v 17.367704391479492 1.682662010192871 2.969459056854248
v 17.49717140197754 1.2619709968566895 2.9588520526885986
v 17.367704391479492 1.682662010192871 2.969459056854248
v 17.43593978881836 1.2658209800720215 2.8873660564422607
v 17.429096221923828 1.673295021057129 3.0400679111480713
v 17.346357345581055 2.034024953842163 3.1215898990631104
v 17.283348083496094 2.055561065673828 3.0544419288635254
v 17.429096221923828 1.673295021057129 3.0400679111480713
v 17.283348083496094 2.055561065673828 3.0544419288635254
v 17.367704391479492 1.682662010192871 2.969459056854248
v 17.907066345214844 1.9180699586868286 2.8903849124908447
v 18.087322235107422 2.0907649993896484 2.957498073577881
v 18.0760555267334 2.1289799213409424 3.0420889854431152
v 17.907066345214844 1.9180699586868286 2.8903849124908447
v 18.0760555267334 2.1289799213409424 3.0420889854431152
v 17.88054084777832 1.945770025253296 2.9740710258483887
v 17.88054084777832 1.945770025253296 2.9740710258483887
v 18.0760555267334 2.1289799213409424 3.0420889854431152
v 18.070871353149414 2.148176908493042 3.0335850715637207
v 17.88054084777832 1.945770025253296 2.9740710258483887
v 18.070871353149414 2.148176908493042 3.0335850715637207
v 17.865026473999023 1.95973801612854 2.96492600440979
v 17.865026473999023 1.95973801612854 2.96492600440979
v 18.070871353149414 2.148176908493042 3.0335850715637207
v 18.082136154174805 2.109961986541748 2.9489951133728027
v 17.865026473999023 1.95973801612854 2.96492600440979
v 18.082136154174805 2.109961986541748 2.9489951133728027
v 17.891550064086914 1.9320379495620728 2.881239891052246
v 17.891550064086914 1.9320379495620728 2.881239891052246
v 18.082136154174805 2.109961986541748 2.9489951133728027
v 18.087322235107422 2.0907649993896484 2.957498073577881
v 17.891550064086914 1.9320379495620728 2.881239891052246
v 18.087322235107422 2.0907649993896484 2.957498073577881
v 17.907066345214844 1.9180699586868286 2.8903849124908447
v 17.722545623779297 1.2622510194778442 2.909311056137085
v 17.700450897216797 1.2647349834442139 2.9009950160980225
v 17.732454299926758 1.2620019912719727 2.8151519298553467
v 17.722545623779297 1.2622510194778442 2.909311056137085
v 17.732454299926758 1.2620019912719727 2.8151519298553467
v 17.754549026489258 1.259518027305603 2.823467969894409
v 18.070871353149414 2.148176908493042 3.0335850715637207
v 18.0760555267334 2.1289799213409424 3.0420889854431152
v 18.312564849853516 2.2375409603118896 3.0651168823242188
v 18.0760555267334 2.1289799213409424 3.0420889854431152
v 18.312564849853516 2.2375409603118896 3.0651168823242188
v 18.312564849853516 2.2375409603118896 3.0651168823242188
v 18.312564849853516 2.2375409603118896 3.0651168823242188
v 18.312564849853516 2.2375409603118896 3.0651168823242188
v 18.312564849853516 2.2375409603118896 3.0651168823242188
v 18.312564849853516 2.2375409603118896 3.0651168823242188
v 18.312564849853516 2.2375409603118896 3.0651168823242188
v 18.312564849853516 2.2375409603118896 3.0651168823242188
v 18.082136154174805 2.109961986541748 2.9489951133728027
v 18.070871353149414 2.148176908493042 3.0335850715637207
v 18.312564849853516 2.2375409603118896 3.0651168823242188
v 18.082136154174805 2.109961986541748 2.9489951133728027
v 18.312564849853516 2.2375409603118896 3.0651168823242188
v 18.312564849853516 2.2375409603118896 3.0651168823242188
v 18.0760555267334 2.1289799213409424 3.0420889854431152
v 18.087322235107422 2.0907649993896484 2.957498073577881
v 18.312564849853516 2.2375409603118896 3.0651168823242188
v 18.087322235107422 2.0907649993896484 2.957498073577881
v 18.312564849853516 2.2375409603118896 3.0651168823242188
v 18.312564849853516 2.2375409603118896 3.0651168823242188
v 18.087322235107422 2.0907649993896484 2.957498073577881
v 18.082136154174805 2.109961986541748 2.9489951133728027
v 18.312564849853516 2.2375409603118896 3.0651168823242188
v 18.082136154174805 2.109961986541748 2.9489951133728027
v 18.312564849853516 2.2375409603118896 3.0651168823242188
v 18.312564849853516 2.2375409603118896 3.0651168823242188
v 17.732454299926758 1.2620019912719727 2.8151519298553467
v 17.77271270751953 1.6885950565338135 2.832590103149414
v 17.794748306274414 1.6860949993133545 2.8410561084747314
v 17.732454299926758 1.2620019912719727 2.8151519298553467
v 17.794748306274414 1.6860949993133545 2.8410561084747314
v 17.754549026489258 1.259518027305603 2.823467969894409
v 17.77271270751953 1.6885950565338135 2.832590103149414
v 17.891550064086914 1.9320379495620728 2.881239891052246
v 17.907066345214844 1.9180699586868286 2.8903849124908447
v 17.77271270751953 1.6885950565338135 2.832590103149414
v 17.907066345214844 1.9180699586868286 2.8903849124908447
v 17.794748306274414 1.6860949993133545 2.8410561084747314
v 17.700450897216797 1.2647349834442139 2.9009950160980225
v 17.7407169342041 1.6967920064926147 2.917912006378174
v 17.77271270751953 1.6885950565338135 2.832590103149414
v 17.700450897216797 1.2647349834442139 2.9009950160980225
v 17.77271270751953 1.6885950565338135 2.832590103149414
v 17.732454299926758 1.2620019912719727 2.8151519298553467
v 17.7407169342041 1.6967920064926147 2.917912006378174
v 17.865026473999023 1.95973801612854 2.96492600440979
v 17.891550064086914 1.9320379495620728 2.881239891052246
v 17.7407169342041 1.6967920064926147 2.917912006378174
v 17.891550064086914 1.9320379495620728 2.881239891052246
v 17.77271270751953 1.6885950565338135 2.832590103149414
v 17.722545623779297 1.2622510194778442 2.909311056137085
v 17.76275062561035 1.6942919492721558 2.926378011703491
v 17.7407169342041 1.6967920064926147 2.917912006378174
v 17.722545623779297 1.2622510194778442 2.909311056137085
v 17.7407169342041 1.6967920064926147 2.917912006378174
v 17.700450897216797 1.2647349834442139 2.9009950160980225
v 17.76275062561035 1.6942919492721558 2.926378011703491
v 17.88054084777832 1.945770025253296 2.9740710258483887
v 17.865026473999023 1.95973801612854 2.96492600440979
v 17.76275062561035 1.6942919492721558 2.926378011703491
v 17.865026473999023 1.95973801612854 2.96492600440979
v 17.7407169342041 1.6967920064926147 2.917912006378174
v 17.754549026489258 1.259518027305603 2.823467969894409
v 17.794748306274414 1.6860949993133545 2.8410561084747314
v 17.76275062561035 1.6942919492721558 2.926378011703491
v 17.754549026489258 1.259518027305603 2.823467969894409
v 17.76275062561035 1.6942919492721558 2.926378011703491
v 17.722545623779297 1.2622510194778442 2.909311056137085
v 17.794748306274414 1.6860949993133545 2.8410561084747314
v 17.907066345214844 1.9180699586868286 2.8903849124908447
v 17.88054084777832 1.945770025253296 2.9740710258483887
v 17.794748306274414 1.6860949993133545 2.8410561084747314
v 17.88054084777832 1.945770025253296 2.9740710258483887
v 17.76275062561035 1.6942919492721558 2.926378011703491
v 17.54369354248047 2.0771889686584473 2.5538270473480225
v 17.45110511779785 2.531235933303833 2.3226981163024902
v 17.554290771484375 2.5627129077911377 2.2872469425201416
v 17.54369354248047 2.0771889686584473 2.5538270473480225
v 17.554290771484375 2.5627129077911377 2.2872469425201416
v 17.650012969970703 2.0984160900115967 2.5243101119995117
v 17.650012969970703 2.0984160900115967 2.5243101119995117
v 17.554290771484375 2.5627129077911377 2.2872469425201416
v 17.555688858032227 2.5820178985595703 2.3035829067230225
v 17.650012969970703 2.0984160900115967 2.5243101119995117
v 17.555688858032227 2.5820178985595703 2.3035829067230225
v 17.653011322021484 2.1128571033477783 2.5434279441833496
v 17.653011322021484 2.1128571033477783 2.5434279441833496
v 17.555688858032227 2.5820178985595703 2.3035829067230225
v 17.452503204345703 2.550542116165161 2.339034080505371
v 17.653011322021484 2.1128571033477783 2.5434279441833496
v 17.452503204345703 2.550542116165161 2.339034080505371
v 17.54669189453125 2.091629981994629 2.572943925857544
v 17.54669189453125 2.091629981994629 2.572943925857544
v 17.452503204345703 2.550542116165161 2.339034080505371
v 17.45110511779785 2.531235933303833 2.3226981163024902
v 17.54669189453125 2.091629981994629 2.572943925857544
v 17.45110511779785 2.531235933303833 2.3226981163024902
v 17.54369354248047 2.0771889686584473 2.5538270473480225
v 17.64484977722168 1.263437032699585 2.597954034805298
v 17.6512451171875 1.2657370567321777 2.6203699111938477
v 17.54365348815918 1.2643649578094482 2.65120792388916
v 17.64484977722168 1.263437032699585 2.597954034805298
v 17.54365348815918 1.2643649578094482 2.65120792388916
v 17.53725814819336 1.262065052986145 2.6287920475006104
v 17.555688858032227 2.5820178985595703 2.3035829067230225
v 17.554290771484375 2.5627129077911377 2.2872469425201416
v 17.398916244506836 2.80840802192688 2.1433029174804688
v 17.554290771484375 2.5627129077911377 2.2872469425201416
v 17.398916244506836 2.80840802192688 2.1433029174804688
v 17.398916244506836 2.80840802192688 2.1433029174804688
v 17.398916244506836 2.80840802192688 2.1433029174804688
v 17.398916244506836 2.80840802192688 2.1433029174804688
v 17.398916244506836 2.80840802192688 2.1433029174804688
v 17.398916244506836 2.80840802192688 2.1433029174804688
v 17.398916244506836 2.80840802192688 2.1433029174804688
v 17.398916244506836 2.80840802192688 2.1433029174804688
v 17.452503204345703 2.550542116165161 2.339034080505371
v 17.555688858032227 2.5820178985595703 2.3035829067230225
v 17.398916244506836 2.80840802192688 2.1433029174804688
v 17.452503204345703 2.550542116165161 2.339034080505371
v 17.398916244506836 2.80840802192688 2.1433029174804688
v 17.398916244506836 2.80840802192688 2.1433029174804688
v 17.554290771484375 2.5627129077911377 2.2872469425201416
v 17.45110511779785 2.531235933303833 2.3226981163024902
v 17.398916244506836 2.80840802192688 2.1433029174804688
v 17.45110511779785 2.531235933303833 2.3226981163024902
v 17.398916244506836 2.80840802192688 2.1433029174804688
v 17.398916244506836 2.80840802192688 2.1433029174804688
v 17.45110511779785 2.531235933303833 2.3226981163024902
v 17.452503204345703 2.550542116165161 2.339034080505371
v 17.398916244506836 2.80840802192688 2.1433029174804688
v 17.452503204345703 2.550542116165161 2.339034080505371
v 17.398916244506836 2.80840802192688 2.1433029174804688
v 17.398916244506836 2.80840802192688 2.1433029174804688
v 17.54365348815918 1.2643649578094482 2.65120792388916
v 17.521509170532227 1.7621630430221558 2.6387429237365723
v 17.515302658081055 1.7598400115966797 2.616276979446411
v 17.54365348815918 1.2643649578094482 2.65120792388916
v 17.515302658081055 1.7598400115966797 2.616276979446411
v 17.53725814819336 1.262065052986145 2.6287920475006104
v 17.521509170532227 1.7621630430221558 2.6387429237365723
v 17.54669189453125 2.091629981994629 2.572943925857544
v 17.54369354248047 2.0771889686584473 2.5538270473480225
v 17.521509170532227 1.7621630430221558 2.6387429237365723
v 17.54369354248047 2.0771889686584473 2.5538270473480225
v 17.515302658081055 1.7598400115966797 2.616276979446411
v 17.6512451171875 1.2657370567321777 2.6203699111938477
v 17.628662109375 1.770158052444458 2.6081221103668213
v 17.521509170532227 1.7621630430221558 2.6387429237365723
v 17.6512451171875 1.2657370567321777 2.6203699111938477
v 17.521509170532227 1.7621630430221558 2.6387429237365723
v 17.54365348815918 1.2643649578094482 2.65120792388916
v 17.628662109375 1.770158052444458 2.6081221103668213
v 17.653011322021484 2.1128571033477783 2.5434279441833496
v 17.54669189453125 2.091629981994629 2.572943925857544
v 17.628662109375 1.770158052444458 2.6081221103668213
v 17.54669189453125 2.091629981994629 2.572943925857544
v 17.521509170532227 1.7621630430221558 2.6387429237365723
v 17.64484977722168 1.263437032699585 2.597954034805298
v 17.62245750427246 1.767835021018982 2.585655927658081
v 17.628662109375 1.770158052444458 2.6081221103668213
v 17.64484977722168 1.263437032699585 2.597954034805298
v 17.628662109375 1.770158052444458 2.6081221103668213
v 17.6512451171875 1.2657370567321777 2.6203699111938477
v 17.62245750427246 1.767835021018982 2.585655927658081
v 17.650012969970703 2.0984160900115967 2.5243101119995117
v 17.653011322021484 2.1128571033477783 2.5434279441833496
v 17.62245750427246 1.767835021018982 2.585655927658081
v 17.653011322021484 2.1128571033477783 2.5434279441833496
v 17.628662109375 1.770158052444458 2.6081221103668213
v 17.53725814819336 1.262065052986145 2.6287920475006104
v 17.515302658081055 1.7598400115966797 2.616276979446411
v 17.62245750427246 1.767835021018982 2.585655927658081
v 17.53725814819336 1.262065052986145 2.6287920475006104
v 17.62245750427246 1.767835021018982 2.585655927658081
v 17.64484977722168 1.263437032699585 2.597954034805298
v 17.515302658081055 1.7598400115966797 2.616276979446411
v 17.54369354248047 2.0771889686584473 2.5538270473480225
v 17.650012969970703 2.0984160900115967 2.5243101119995117
v 17.515302658081055 1.7598400115966797 2.616276979446411
v 17.650012969970703 2.0984160900115967 2.5243101119995117
v 17.62245750427246 1.767835021018982 2.585655927658081
v 17.756427764892578 1.7871520519256592 2.661180019378662
v 17.846302032470703 1.983204960823059 2.6066739559173584
v 17.864469528198242 2.0040769577026367 2.664362907409668
v 17.756427764892578 1.7871520519256592 2.661180019378662
v 17.864469528198242 2.0040769577026367 2.664362907409668
v 17.773008346557617 1.8002140522003174 2.7208659648895264
v 17.773008346557617 1.8002140522003174 2.7208659648895264
v 17.864469528198242 2.0040769577026367 2.664362907409668
v 17.857450485229492 2.016433000564575 2.6630539894104004
v 17.773008346557617 1.8002140522003174 2.7208659648895264
v 17.857450485229492 2.016433000564575 2.6630539894104004
v 17.760841369628906 1.8057670593261719 2.723356008529663
v 17.760841369628906 1.8057670593261719 2.723356008529663
v 17.857450485229492 2.016433000564575 2.6630539894104004
v 17.839282989501953 1.9955610036849976 2.6053659915924072
v 17.760841369628906 1.8057670593261719 2.723356008529663
v 17.839282989501953 1.9955610036849976 2.6053659915924072
v 17.744258880615234 1.7927050590515137 2.663670063018799
v 17.744258880615234 1.7927050590515137 2.663670063018799
v 17.839282989501953 1.9955610036849976 2.6053659915924072
v 17.846302032470703 1.983204960823059 2.6066739559173584
v 17.744258880615234 1.7927050590515137 2.663670063018799
v 17.846302032470703 1.983204960823059 2.6066739559173584
v 17.756427764892578 1.7871520519256592 2.661180019378662
v 17.715370178222656 1.2678829431533813 2.740912914276123
v 17.70263671875 1.2686309814453125 2.7443010807037354
v 17.68637466430664 1.2677509784698486 2.683372974395752
v 17.715370178222656 1.2678829431533813 2.740912914276123
v 17.68637466430664 1.2677509784698486 2.683372974395752
v 17.699108123779297 1.2670040130615234 2.6799850463867188
v 17.857450485229492 2.016433000564575 2.6630539894104004
v 17.864469528198242 2.0040769577026367 2.664362907409668
v 17.977081298828125 2.1140880584716797 2.5715088844299316
v 17.864469528198242 2.0040769577026367 2.664362907409668
v 17.977081298828125 2.1140880584716797 2.5715088844299316
v 17.977081298828125 2.1140880584716797 2.5715088844299316
v 17.977081298828125 2.1140880584716797 2.5715088844299316
v 17.977081298828125 2.1140880584716797 2.5715088844299316
v 17.977081298828125 2.1140880584716797 2.5715088844299316
v 17.977081298828125 2.1140880584716797 2.5715088844299316
v 17.977081298828125 2.1140880584716797 2.5715088844299316
v 17.977081298828125 2.1140880584716797 2.5715088844299316
v 17.839282989501953 1.9955610036849976 2.6053659915924072
v 17.857450485229492 2.016433000564575 2.6630539894104004
v 17.977081298828125 2.1140880584716797 2.5715088844299316
v 17.857450485229492 2.016433000564575 2.6630539894104004
v 17.977081298828125 2.1140880584716797 2.5715088844299316
v 17.977081298828125 2.1140880584716797 2.5715088844299316
v 17.864469528198242 2.0040769577026367 2.664362907409668
v 17.846302032470703 1.983204960823059 2.6066739559173584
v 17.977081298828125 2.1140880584716797 2.5715088844299316
v 17.846302032470703 1.983204960823059 2.6066739559173584
v 17.977081298828125 2.1140880584716797 2.5715088844299316
v 17.977081298828125 2.1140880584716797 2.5715088844299316
v 17.846302032470703 1.983204960823059 2.6066739559173584
v 17.839282989501953 1.9955610036849976 2.6053659915924072
v 17.977081298828125 2.1140880584716797 2.5715088844299316
v 17.839282989501953 1.9955610036849976 2.6053659915924072
v 17.977081298828125 2.1140880584716797 2.5715088844299316
v 17.977081298828125 2.1140880584716797 2.5715088844299316
v 17.68637466430664 1.2677509784698486 2.683372974395752
v 17.70323944091797 1.5369369983673096 2.669173002243042
v 17.715999603271484 1.5361759662628174 2.665893077850342
v 17.68637466430664 1.2677509784698486 2.683372974395752
v 17.715999603271484 1.5361759662628174 2.665893077850342
v 17.699108123779297 1.2670040130615234 2.6799850463867188
v 17.70323944091797 1.5369369983673096 2.669173002243042
v 17.744258880615234 1.7927050590515137 2.663670063018799
v 17.756427764892578 1.7871520519256592 2.661180019378662
v 17.70323944091797 1.5369369983673096 2.669173002243042
v 17.756427764892578 1.7871520519256592 2.661180019378662
v 17.715999603271484 1.5361759662628174 2.665893077850342
v 17.70263671875 1.2686309814453125 2.7443010807037354
v 17.7192325592041 1.5415420532226562 2.729886054992676
v 17.70323944091797 1.5369369983673096 2.669173002243042
v 17.70263671875 1.2686309814453125 2.7443010807037354
v 17.70323944091797 1.5369369983673096 2.669173002243042
v 17.68637466430664 1.2677509784698486 2.683372974395752
v 17.7192325592041 1.5415420532226562 2.729886054992676
v 17.760841369628906 1.8057670593261719 2.723356008529663
v 17.744258880615234 1.7927050590515137 2.663670063018799
v 17.7192325592041 1.5415420532226562 2.729886054992676
v 17.744258880615234 1.7927050590515137 2.663670063018799
v 17.70323944091797 1.5369369983673096 2.669173002243042
v 17.715370178222656 1.2678829431533813 2.740912914276123
v 17.731992721557617 1.5407819747924805 2.7266058921813965
v 17.7192325592041 1.5415420532226562 2.729886054992676
v 17.715370178222656 1.2678829431533813 2.740912914276123
v 17.7192325592041 1.5415420532226562 2.729886054992676
v 17.70263671875 1.2686309814453125 2.7443010807037354
v 17.731992721557617 1.5407819747924805 2.7266058921813965
v 17.773008346557617 1.8002140522003174 2.7208659648895264
v 17.760841369628906 1.8057670593261719 2.723356008529663
v 17.731992721557617 1.5407819747924805 2.7266058921813965
v 17.760841369628906 1.8057670593261719 2.723356008529663
v 17.7192325592041 1.5415420532226562 2.729886054992676
v 17.699108123779297 1.2670040130615234 2.6799850463867188
v 17.715999603271484 1.5361759662628174 2.665893077850342
v 17.731992721557617 1.5407819747924805 2.7266058921813965
v 17.699108123779297 1.2670040130615234 2.6799850463867188
v 17.731992721557617 1.5407819747924805 2.7266058921813965
v 17.715370178222656 1.2678829431533813 2.740912914276123
v 17.715999603271484 1.5361759662628174 2.665893077850342
v 17.756427764892578 1.7871520519256592 2.661180019378662
v 17.773008346557617 1.8002140522003174 2.7208659648895264
v 17.715999603271484 1.5361759662628174 2.665893077850342
v 17.773008346557617 1.8002140522003174 2.7208659648895264
v 17.731992721557617 1.5407819747924805 2.7266058921813965
v 17.713232040405273 2.040843963623047 3.1331369876861572
v 17.801042556762695 2.321039915084839 3.3055849075317383
v 17.733335494995117 2.351588010787964 3.33414888381958
v 17.713232040405273 2.040843963623047 3.1331369876861572
v 17.733335494995117 2.351588010787964 3.33414888381958
v 17.642488479614258 2.05985689163208 3.1578280925750732
v 17.642488479614258 2.05985689163208 3.1578280925750732
v 17.733335494995117 2.351588010787964 3.33414888381958
v 17.73466682434082 2.3716559410095215 3.325913906097412
v 17.642488479614258 2.05985689163208 3.1578280925750732
v 17.73466682434082 2.3716559410095215 3.325913906097412
v 17.638174057006836 2.070643901824951 3.140486001968384
v 17.638174057006836 2.070643901824951 3.140486001968384
v 17.73466682434082 2.3716559410095215 3.325913906097412
v 17.8023738861084 2.3411080837249756 3.2973499298095703
v 17.638174057006836 2.070643901824951 3.140486001968384
v 17.8023738861084 2.3411080837249756 3.2973499298095703
v 17.70891571044922 2.051630973815918 3.1157948970794678
v 17.70891571044922 2.051630973815918 3.1157948970794678
v 17.8023738861084 2.3411080837249756 3.2973499298095703
v 17.801042556762695 2.321039915084839 3.3055849075317383
v 17.70891571044922 2.051630973815918 3.1157948970794678
v 17.801042556762695 2.321039915084839 3.3055849075317383
v 17.713232040405273 2.040843963623047 3.1331369876861572
v 17.57286834716797 1.255558967590332 2.9758169651031494
v 17.567142486572266 1.2591619491577148 2.9567201137542725
v 17.640043258666992 1.2586050033569336 2.9347620010375977
v 17.57286834716797 1.255558967590332 2.9758169651031494
v 17.640043258666992 1.2586050033569336 2.9347620010375977
v 17.645769119262695 1.2550029754638672 2.953857898712158
v 17.73466682434082 2.3716559410095215 3.325913906097412
v 17.733335494995117 2.351588010787964 3.33414888381958
v 17.867006301879883 2.495129108428955 3.526757001876831
v 17.733335494995117 2.351588010787964 3.33414888381958
v 17.867006301879883 2.495129108428955 3.526757001876831
v 17.867006301879883 2.495129108428955 3.526757001876831
v 17.867006301879883 2.495129108428955 3.526757001876831
v 17.867006301879883 2.495129108428955 3.526757001876831
v 17.867006301879883 2.495129108428955 3.526757001876831
v 17.867006301879883 2.495129108428955 3.526757001876831
v 17.867006301879883 2.495129108428955 3.526757001876831
v 17.867006301879883 2.495129108428955 3.526757001876831
v 17.8023738861084 2.3411080837249756 3.2973499298095703
v 17.73466682434082 2.3716559410095215 3.325913906097412
v 17.867006301879883 2.495129108428955 3.526757001876831
v 17.73466682434082 2.3716559410095215 3.325913906097412
v 17.867006301879883 2.495129108428955 3.526757001876831
v 17.867006301879883 2.495129108428955 3.526757001876831
v 17.733335494995117 2.351588010787964 3.33414888381958
v 17.801042556762695 2.321039915084839 3.3055849075317383
v 17.867006301879883 2.495129108428955 3.526757001876831
v 17.801042556762695 2.321039915084839 3.3055849075317383
v 17.867006301879883 2.495129108428955 3.526757001876831
v 17.867006301879883 2.495129108428955 3.526757001876831
v 17.801042556762695 2.321039915084839 3.3055849075317383
v 17.8023738861084 2.3411080837249756 3.2973499298095703
v 17.867006301879883 2.495129108428955 3.526757001876831
v 17.8023738861084 2.3411080837249756 3.2973499298095703
v 17.867006301879883 2.495129108428955 3.526757001876831
v 17.867006301879883 2.495129108428955 3.526757001876831
v 17.640043258666992 1.2586050033569336 2.9347620010375977
v 17.684621810913086 1.6697009801864624 3.007869005203247
v 17.690216064453125 1.666077971458435 3.026998996734619
v 17.640043258666992 1.2586050033569336 2.9347620010375977
v 17.690216064453125 1.666077971458435 3.026998996734619
v 17.645769119262695 1.2550029754638672 2.953857898712158
v 17.684621810913086 1.6697009801864624 3.007869005203247
v 17.70891571044922 2.051630973815918 3.1157948970794678
v 17.713232040405273 2.040843963623047 3.1331369876861572
v 17.684621810913086 1.6697009801864624 3.007869005203247
v 17.713232040405273 2.040843963623047 3.1331369876861572
v 17.690216064453125 1.666077971458435 3.026998996734619
v 17.567142486572266 1.2591619491577148 2.9567201137542725
v 17.612133026123047 1.675976037979126 3.0301051139831543
v 17.684621810913086 1.6697009801864624 3.007869005203247
v 17.567142486572266 1.2591619491577148 2.9567201137542725
v 17.684621810913086 1.6697009801864624 3.007869005203247
v 17.640043258666992 1.2586050033569336 2.9347620010375977
v 17.612133026123047 1.675976037979126 3.0301051139831543
v 17.638174057006836 2.070643901824951 3.140486001968384
v 17.70891571044922 2.051630973815918 3.1157948970794678
v 17.612133026123047 1.675976037979126 3.0301051139831543
v 17.70891571044922 2.051630973815918 3.1157948970794678
v 17.684621810913086 1.6697009801864624 3.007869005203247
v 17.57286834716797 1.255558967590332 2.9758169651031494
v 17.617727279663086 1.6723530292510986 3.0492351055145264
v 17.612133026123047 1.675976037979126 3.0301051139831543
v 17.57286834716797 1.255558967590332 2.9758169651031494
v 17.612133026123047 1.675976037979126 3.0301051139831543
v 17.567142486572266 1.2591619491577148 2.9567201137542725
v 17.617727279663086 1.6723530292510986 3.0492351055145264
v 17.642488479614258 2.05985689163208 3.1578280925750732
v 17.638174057006836 2.070643901824951 3.140486001968384
v 17.617727279663086 1.6723530292510986 3.0492351055145264
v 17.638174057006836 2.070643901824951 3.140486001968384
v 17.612133026123047 1.675976037979126 3.0301051139831543
v 17.645769119262695 1.2550029754638672 2.953857898712158
v 17.690216064453125 1.666077971458435 3.026998996734619
v 17.617727279663086 1.6723530292510986 3.0492351055145264
v 17.645769119262695 1.2550029754638672 2.953857898712158
v 17.617727279663086 1.6723530292510986 3.0492351055145264
v 17.57286834716797 1.255558967590332 2.9758169651031494
v 17.690216064453125 1.666077971458435 3.026998996734619
v 17.713232040405273 2.040843963623047 3.1331369876861572
v 17.642488479614258 2.05985689163208 3.1578280925750732
v 17.690216064453125 1.666077971458435 3.026998996734619
v 17.642488479614258 2.05985689163208 3.1578280925750732
v 17.617727279663086 1.6723530292510986 3.0492351055145264
v 17.5063533782959 2.9463798999786377 2.928539991378784
v 17.506383895874023 3.194413900375366 2.969197988510132
v 17.55743980407715 3.18694806098938 2.9981610774993896
v 17.5063533782959 2.9463798999786377 2.928539991378784
v 17.55743980407715 3.18694806098938 2.9981610774993896
v 17.557418823242188 2.945207118988037 2.9584081172943115
v 17.557418823242188 2.945207118988037 2.9584081172943115
v 17.55743980407715 3.18694806098938 2.9981610774993896
v 17.565889358520508 3.171834945678711 3.0547409057617188
v 17.557418823242188 2.945207118988037 2.9584081172943115
v 17.565889358520508 3.171834945678711 3.0547409057617188
v 17.56589126586914 2.9436988830566406 3.0169498920440674
v 17.56589126586914 2.9436988830566406 3.0169498920440674
v 17.565889358520508 3.171834945678711 3.0547409057617188
v 17.52536964416504 3.1604549884796143 3.0963339805603027
v 17.56589126586914 2.9436988830566406 3.0169498920440674
v 17.52536964416504 3.1604549884796143 3.0963339805603027
v 17.525390625 2.9429919719696045 3.060081958770752
v 17.525390625 2.9429919719696045 3.060081958770752
v 17.52536964416504 3.1604549884796143 3.0963339805603027
v 17.466394424438477 3.161376953125 3.0916171073913574
v 17.525390625 2.9429919719696045 3.060081958770752
v 17.466394424438477 3.161376953125 3.0916171073913574
v 17.466413497924805 2.9436190128326416 3.0553250312805176
v 17.466413497924805 2.9436190128326416 3.0553250312805176
v 17.466394424438477 3.161376953125 3.0916171073913574
v 17.433372497558594 3.173907995223999 3.0441439151763916
v 17.466413497924805 2.9436190128326416 3.0553250312805176
v 17.433372497558594 3.173907995223999 3.0441439151763916
v 17.433372497558594 2.9451069831848145 3.006261110305786
v 17.52058982849121 3.279263973236084 3.1240200996398926
v 17.554481506347656 3.2912559509277344 3.089962959289551
v 17.542734146118164 3.302751064300537 3.0900230407714844
v 17.52058982849121 3.279263973236084 3.1240200996398926
v 17.542734146118164 3.302751064300537 3.0900230407714844
v 17.516094207763672 3.2933239936828613 3.116792917251587
v 17.433372497558594 2.9451069831848145 3.006261110305786
v 17.433372497558594 3.173907995223999 3.0441439151763916
v 17.451169967651367 3.1886110305786133 2.989661931991577
v 17.433372497558594 2.9451069831848145 3.006261110305786
v 17.451169967651367 3.1886110305786133 2.989661931991577
v 17.451148986816406 2.9463350772857666 2.949836015701294
v 17.451148986816406 2.9463350772857666 2.949836015701294
v 17.451169967651367 3.1886110305786133 2.989661931991577
v 17.506383895874023 3.194413900375366 2.969197988510132
v 17.451148986816406 2.9463350772857666 2.949836015701294
v 17.506383895874023 3.194413900375366 2.969197988510132
v 17.5063533782959 2.9463798999786377 2.928539991378784
v 17.473346710205078 2.78829288482666 3.0061490535736084
v 17.445709228515625 2.7916409969329834 2.965193033218384
v 17.457731246948242 2.7807369232177734 2.9625959396362305
v 17.473346710205078 2.78829288482666 3.0061490535736084
v 17.457731246948242 2.7807369232177734 2.9625959396362305
v 17.479454040527344 2.7781059741973877 2.9947879314422607
v 17.55743980407715 3.18694806098938 2.9981610774993896
v 17.506383895874023 3.194413900375366 2.969197988510132
v 17.505722045898438 3.295435905456543 3.001715898513794
v 17.55743980407715 3.18694806098938 2.9981610774993896
v 17.505722045898438 3.295435905456543 3.001715898513794
v 17.55678939819336 3.286201000213623 3.0301361083984375
v 17.460603713989258 2.7952170372009277 2.9181010723114014
v 17.50681495666504 2.7963290214538574 2.900331974029541
v 17.505760192871094 2.7844231128692627 2.911613941192627
v 17.460603713989258 2.7952170372009277 2.9181010723114014
v 17.505760192871094 2.7844231128692627 2.911613941192627
v 17.469438552856445 2.7835490703582764 2.9255800247192383
v 17.542734146118164 3.302751064300537 3.0900230407714844
v 17.53715705871582 3.31518292427063 3.053560972213745
v 17.50604820251465 3.3085238933563232 3.072052001953125
v 17.542734146118164 3.302751064300537 3.0900230407714844
v 17.50604820251465 3.3085238933563232 3.072052001953125
v 17.506946563720703 3.3065218925476074 3.0779221057891846
v 17.443574905395508 3.293194055557251 3.0811550617218018
v 17.47123146057129 3.2801260948181152 3.1201000213623047
v 17.477296829223633 3.294002056121826 3.1137120723724365
v 17.443574905395508 3.293194055557251 3.0811550617218018
v 17.477296829223633 3.294002056121826 3.1137120723724365
v 17.455556869506836 3.304274082183838 3.0831000804901123
v 17.549543380737305 2.794140100479126 2.9252679347991943
v 17.556615829467773 2.7902979850769043 2.9741311073303223
v 17.544904708862305 2.779681921005249 2.9696218967437744
v 17.549543380737305 2.794140100479126 2.9252679347991943
v 17.544904708862305 2.779681921005249 2.9696218967437744
v 17.53934669494629 2.7827019691467285 2.9312140941619873
v 17.458444595336914 3.308626890182495 3.0365118980407715
v 17.443574905395508 3.293194055557251 3.0811550617218018
v 17.455556869506836 3.304274082183838 3.0831000804901123
v 17.458444595336914 3.308626890182495 3.0365118980407715
v 17.455556869506836 3.304274082183838 3.0831000804901123
v 17.467247009277344 3.3164050579071045 3.048008918762207
v 17.47123146057129 3.2801260948181152 3.1201000213623047
v 17.52058982849121 3.279263973236084 3.1240200996398926
v 17.516094207763672 3.2933239936828613 3.116792917251587
v 17.47123146057129 3.2801260948181152 3.1201000213623047
v 17.516094207763672 3.2933239936828613 3.116792917251587
v 17.477296829223633 3.294002056121826 3.1137120723724365
v 17.5063533782959 2.9463798999786377 2.928539991378784
v 17.557418823242188 2.945207118988037 2.9584081172943115
v 17.558691024780273 2.818347930908203 2.9236340522766113
v 17.5063533782959 2.9463798999786377 2.928539991378784
v 17.558691024780273 2.818347930908203 2.9236340522766113
v 17.507633209228516 2.8209540843963623 2.8938679695129395
v 17.445709228515625 2.7916409969329834 2.965193033218384
v 17.460603713989258 2.7952170372009277 2.9181010723114014
v 17.469438552856445 2.7835490703582764 2.9255800247192383
v 17.445709228515625 2.7916409969329834 2.965193033218384
v 17.469438552856445 2.7835490703582764 2.9255800247192383
v 17.457731246948242 2.7807369232177734 2.9625959396362305
v 17.556615829467773 2.7902979850769043 2.9741311073303223
v 17.522703170776367 2.78769588470459 3.010127067565918
v 17.518251419067383 2.777637004852295 2.997915029525757
v 17.556615829467773 2.7902979850769043 2.9741311073303223
v 17.518251419067383 2.777637004852295 2.997915029525757
v 17.544904708862305 2.779681921005249 2.9696218967437744
v 17.522703170776367 2.78769588470459 3.010127067565918
v 17.473346710205078 2.78829288482666 3.0061490535736084
v 17.479454040527344 2.7781059741973877 2.9947879314422607
v 17.522703170776367 2.78769588470459 3.010127067565918
v 17.479454040527344 2.7781059741973877 2.9947879314422607
v 17.518251419067383 2.777637004852295 2.997915029525757
v 17.53934669494629 2.7827019691467285 2.9312140941619873
v 17.544904708862305 2.779681921005249 2.9696218967437744
v 17.511249542236328 2.780806064605713 2.9577949047088623
v 17.53934669494629 2.7827019691467285 2.9312140941619873
v 17.511249542236328 2.780806064605713 2.9577949047088623
v 17.51007652282715 2.7814431190490723 2.9496939182281494
v 17.565889358520508 3.171834945678711 3.0547409057617188
v 17.55743980407715 3.18694806098938 2.9981610774993896
v 17.55678939819336 3.286201000213623 3.0301361083984375
v 17.565889358520508 3.171834945678711 3.0547409057617188
v 17.55678939819336 3.286201000213623 3.0301361083984375
v 17.56526756286621 3.267303943634033 3.0855560302734375
v 17.547386169433594 3.3070731163024902 3.0435750484466553
v 17.50464630126953 3.3148040771484375 3.019787073135376
v 17.50356101989746 3.3212599754333496 3.034862995147705
v 17.547386169433594 3.3070731163024902 3.0435750484466553
v 17.50356101989746 3.3212599754333496 3.034862995147705
v 17.53715705871582 3.31518292427063 3.053560972213745
v 17.52536964416504 3.1604549884796143 3.0963339805603027
v 17.565889358520508 3.171834945678711 3.0547409057617188
v 17.56526756286621 3.267303943634033 3.0855560302734375
v 17.52536964416504 3.1604549884796143 3.0963339805603027
v 17.56526756286621 3.267303943634033 3.0855560302734375
v 17.524770736694336 3.252976894378662 3.1262431144714355
v 17.466394424438477 3.161376953125 3.0916171073913574
v 17.52536964416504 3.1604549884796143 3.0963339805603027
v 17.524770736694336 3.252976894378662 3.1262431144714355
v 17.466394424438477 3.161376953125 3.0916171073913574
v 17.524770736694336 3.252976894378662 3.1262431144714355
v 17.465795516967773 3.25400710105896 3.1215600967407227
v 17.433372497558594 3.173907995223999 3.0441439151763916
v 17.466394424438477 3.161376953125 3.0916171073913574
v 17.465795516967773 3.25400710105896 3.1215600967407227
v 17.433372497558594 3.173907995223999 3.0441439151763916
v 17.465795516967773 3.25400710105896 3.1215600967407227
v 17.432748794555664 3.2696189880371094 3.0750319957733154
v 17.451169967651367 3.1886110305786133 2.989661931991577
v 17.433372497558594 3.173907995223999 3.0441439151763916
v 17.432748794555664 3.2696189880371094 3.0750319957733154
v 17.451169967651367 3.1886110305786133 2.989661931991577
v 17.432748794555664 3.2696189880371094 3.0750319957733154
v 17.450519561767578 3.2880570888519287 3.0216970443725586
v 17.506383895874023 3.194413900375366 2.969197988510132
v 17.451169967651367 3.1886110305786133 2.989661931991577
v 17.450519561767578 3.2880570888519287 3.0216970443725586
v 17.506383895874023 3.194413900375366 2.969197988510132
v 17.450519561767578 3.2880570888519287 3.0216970443725586
v 17.505722045898438 3.295435905456543 3.001715898513794
v 17.451148986816406 2.9463350772857666 2.949836015701294
v 17.5063533782959 2.9463798999786377 2.928539991378784
v 17.507633209228516 2.8209540843963623 2.8938679695129395
v 17.451148986816406 2.9463350772857666 2.949836015701294
v 17.507633209228516 2.8209540843963623 2.8938679695129395
v 17.45241928100586 2.819633960723877 2.9150729179382324
v 17.557418823242188 2.945207118988037 2.9584081172943115
v 17.56589126586914 2.9436988830566406 3.0169498920440674
v 17.5671443939209 2.8137640953063965 2.981955051422119
v 17.557418823242188 2.945207118988037 2.9584081172943115
v 17.5671443939209 2.8137640953063965 2.981955051422119
v 17.558691024780273 2.818347930908203 2.9236340522766113
v 17.56589126586914 2.9436988830566406 3.0169498920440674
v 17.525390625 2.9429919719696045 3.060081958770752
v 17.526630401611328 2.8106589317321777 3.0249149799346924
v 17.56589126586914 2.9436988830566406 3.0169498920440674
v 17.526630401611328 2.8106589317321777 3.0249149799346924
v 17.5671443939209 2.8137640953063965 2.981955051422119
v 17.525390625 2.9429919719696045 3.060081958770752
v 17.466413497924805 2.9436190128326416 3.0553250312805176
v 17.467655181884766 2.811372995376587 3.0201640129089355
v 17.525390625 2.9429919719696045 3.060081958770752
v 17.467655181884766 2.811372995376587 3.0201640129089355
v 17.526630401611328 2.8106589317321777 3.0249149799346924
v 17.466413497924805 2.9436190128326416 3.0553250312805176
v 17.433372497558594 2.9451069831848145 3.006261110305786
v 17.434627532958984 2.8153679370880127 2.9712789058685303
v 17.466413497924805 2.9436190128326416 3.0553250312805176
v 17.434627532958984 2.8153679370880127 2.9712789058685303
v 17.467655181884766 2.811372995376587 3.0201640129089355
v 17.433372497558594 2.9451069831848145 3.006261110305786
v 17.451148986816406 2.9463350772857666 2.949836015701294
v 17.45241928100586 2.819633960723877 2.9150729179382324
v 17.433372497558594 2.9451069831848145 3.006261110305786
v 17.45241928100586 2.819633960723877 2.9150729179382324
v 17.434627532958984 2.8153679370880127 2.9712789058685303
v 17.50681495666504 2.7963290214538574 2.900331974029541
v 17.549543380737305 2.794140100479126 2.9252679347991943
v 17.53934669494629 2.7827019691467285 2.9312140941619873
v 17.50681495666504 2.7963290214538574 2.900331974029541
v 17.53934669494629 2.7827019691467285 2.9312140941619873
v 17.505760192871094 2.7844231128692627 2.911613941192627
v 17.50464630126953 3.3148040771484375 3.019787073135376
v 17.458444595336914 3.308626890182495 3.0365118980407715
v 17.467247009277344 3.3164050579071045 3.048008918762207
v 17.50464630126953 3.3148040771484375 3.019787073135376
v 17.467247009277344 3.3164050579071045 3.048008918762207
v 17.50356101989746 3.3212599754333496 3.034862995147705
v 17.455556869506836 3.304274082183838 3.0831000804901123
v 17.477296829223633 3.294002056121826 3.1137120723724365
v 17.496410369873047 3.3051130771636963 3.0817370414733887
v 17.455556869506836 3.304274082183838 3.0831000804901123
v 17.496410369873047 3.3051130771636963 3.0817370414733887
v 17.492910385131836 3.306766986846924 3.0768070220947266
v 17.50356101989746 3.3212599754333496 3.034862995147705
v 17.467247009277344 3.3164050579071045 3.048008918762207
v 17.494792938232422 3.308720111846924 3.0711569786071777
v 17.50356101989746 3.3212599754333496 3.034862995147705
v 17.494792938232422 3.308720111846924 3.0711569786071777
v 17.500638961791992 3.309501886367798 3.0690410137176514
v 17.516094207763672 3.2933239936828613 3.116792917251587
v 17.542734146118164 3.302751064300537 3.0900230407714844
v 17.506946563720703 3.3065218925476074 3.0779221057891846
v 17.516094207763672 3.2933239936828613 3.116792917251587
v 17.506946563720703 3.3065218925476074 3.0779221057891846
v 17.502656936645508 3.3050038814544678 3.0822319984436035
v 17.467247009277344 3.3164050579071045 3.048008918762207
v 17.455556869506836 3.304274082183838 3.0831000804901123
v 17.492910385131836 3.306766986846924 3.0768070220947266
v 17.467247009277344 3.3164050579071045 3.048008918762207
v 17.492910385131836 3.306766986846924 3.0768070220947266
v 17.494792938232422 3.308720111846924 3.0711569786071777
v 17.53715705871582 3.31518292427063 3.053560972213745
v 17.50356101989746 3.3212599754333496 3.034862995147705
v 17.500638961791992 3.309501886367798 3.0690410137176514
v 17.53715705871582 3.31518292427063 3.053560972213745
v 17.500638961791992 3.309501886367798 3.0690410137176514
v 17.50604820251465 3.3085238933563232 3.072052001953125
v 17.477296829223633 3.294002056121826 3.1137120723724365
v 17.516094207763672 3.2933239936828613 3.116792917251587
v 17.502656936645508 3.3050038814544678 3.0822319984436035
v 17.477296829223633 3.294002056121826 3.1137120723724365
v 17.502656936645508 3.3050038814544678 3.0822319984436035
v 17.496410369873047 3.3051130771636963 3.0817370414733887
v 17.479454040527344 2.7781059741973877 2.9947879314422607
v 17.457731246948242 2.7807369232177734 2.9625959396362305
v 17.492862701416016 2.781028985977173 2.956312894821167
v 17.479454040527344 2.7781059741973877 2.9947879314422607
v 17.492862701416016 2.781028985977173 2.956312894821167
v 17.49744415283203 2.7804739475250244 2.9631030559539795
v 17.469438552856445 2.7835490703582764 2.9255800247192383
v 17.505760192871094 2.7844231128692627 2.911613941192627
v 17.502992630004883 2.781805992126465 2.9455599784851074
v 17.469438552856445 2.7835490703582764 2.9255800247192383
v 17.502992630004883 2.781805992126465 2.9455599784851074
v 17.495332717895508 2.7816219329833984 2.9485061168670654
v 17.544904708862305 2.779681921005249 2.9696218967437744
v 17.518251419067383 2.777637004852295 2.997915029525757
v 17.505626678466797 2.7803750038146973 2.9637629985809326
v 17.544904708862305 2.779681921005249 2.9696218967437744
v 17.505626678466797 2.7803750038146973 2.9637629985809326
v 17.511249542236328 2.780806064605713 2.9577949047088623
v 17.457731246948242 2.7807369232177734 2.9625959396362305
v 17.469438552856445 2.7835490703582764 2.9255800247192383
v 17.495332717895508 2.7816219329833984 2.9485061168670654
v 17.457731246948242 2.7807369232177734 2.9625959396362305
v 17.495332717895508 2.7816219329833984 2.9485061168670654
v 17.492862701416016 2.781028985977173 2.956312894821167
v 17.505760192871094 2.7844231128692627 2.911613941192627
v 17.53934669494629 2.7827019691467285 2.9312140941619873
v 17.51007652282715 2.7814431190490723 2.9496939182281494
v 17.505760192871094 2.7844231128692627 2.911613941192627
v 17.51007652282715 2.7814431190490723 2.9496939182281494
v 17.502992630004883 2.781805992126465 2.9455599784851074
v 17.518251419067383 2.777637004852295 2.997915029525757
v 17.479454040527344 2.7781059741973877 2.9947879314422607
v 17.49744415283203 2.7804739475250244 2.9631030559539795
v 17.518251419067383 2.777637004852295 2.997915029525757
v 17.49744415283203 2.7804739475250244 2.9631030559539795
v 17.505626678466797 2.7803750038146973 2.9637629985809326
v 17.55678939819336 3.286201000213623 3.0301361083984375
v 17.505722045898438 3.295435905456543 3.001715898513794
v 17.50464630126953 3.3148040771484375 3.019787073135376
v 17.55678939819336 3.286201000213623 3.0301361083984375
v 17.50464630126953 3.3148040771484375 3.019787073135376
v 17.547386169433594 3.3070731163024902 3.0435750484466553
v 17.56526756286621 3.267303943634033 3.0855560302734375
v 17.55678939819336 3.286201000213623 3.0301361083984375
v 17.547386169433594 3.3070731163024902 3.0435750484466553
v 17.56526756286621 3.267303943634033 3.0855560302734375
v 17.547386169433594 3.3070731163024902 3.0435750484466553
v 17.554481506347656 3.2912559509277344 3.089962959289551
v 17.524770736694336 3.252976894378662 3.1262431144714355
v 17.56526756286621 3.267303943634033 3.0855560302734375
v 17.554481506347656 3.2912559509277344 3.089962959289551
v 17.524770736694336 3.252976894378662 3.1262431144714355
v 17.554481506347656 3.2912559509277344 3.089962959289551
v 17.52058982849121 3.279263973236084 3.1240200996398926
v 17.465795516967773 3.25400710105896 3.1215600967407227
v 17.524770736694336 3.252976894378662 3.1262431144714355
v 17.52058982849121 3.279263973236084 3.1240200996398926
v 17.465795516967773 3.25400710105896 3.1215600967407227
v 17.52058982849121 3.279263973236084 3.1240200996398926
v 17.47123146057129 3.2801260948181152 3.1201000213623047
v 17.432748794555664 3.2696189880371094 3.0750319957733154
v 17.465795516967773 3.25400710105896 3.1215600967407227
v 17.47123146057129 3.2801260948181152 3.1201000213623047
v 17.432748794555664 3.2696189880371094 3.0750319957733154
v 17.47123146057129 3.2801260948181152 3.1201000213623047
v 17.443574905395508 3.293194055557251 3.0811550617218018
v 17.450519561767578 3.2880570888519287 3.0216970443725586
v 17.432748794555664 3.2696189880371094 3.0750319957733154
v 17.443574905395508 3.293194055557251 3.0811550617218018
v 17.450519561767578 3.2880570888519287 3.0216970443725586
v 17.443574905395508 3.293194055557251 3.0811550617218018
v 17.458444595336914 3.308626890182495 3.0365118980407715
v 17.505722045898438 3.295435905456543 3.001715898513794
v 17.450519561767578 3.2880570888519287 3.0216970443725586
v 17.458444595336914 3.308626890182495 3.0365118980407715
v 17.505722045898438 3.295435905456543 3.001715898513794
v 17.458444595336914 3.308626890182495 3.0365118980407715
v 17.50464630126953 3.3148040771484375 3.019787073135376
v 17.507633209228516 2.8209540843963623 2.8938679695129395
v 17.558691024780273 2.818347930908203 2.9236340522766113
v 17.549543380737305 2.794140100479126 2.9252679347991943
v 17.507633209228516 2.8209540843963623 2.8938679695129395
v 17.549543380737305 2.794140100479126 2.9252679347991943
v 17.50681495666504 2.7963290214538574 2.900331974029541
v 17.558691024780273 2.818347930908203 2.9236340522766113
v 17.5671443939209 2.8137640953063965 2.981955051422119
v 17.556615829467773 2.7902979850769043 2.9741311073303223
v 17.558691024780273 2.818347930908203 2.9236340522766113
v 17.556615829467773 2.7902979850769043 2.9741311073303223
v 17.549543380737305 2.794140100479126 2.9252679347991943
v 17.5671443939209 2.8137640953063965 2.981955051422119
v 17.526630401611328 2.8106589317321777 3.0249149799346924
v 17.522703170776367 2.78769588470459 3.010127067565918
v 17.5671443939209 2.8137640953063965 2.981955051422119
v 17.522703170776367 2.78769588470459 3.010127067565918
v 17.556615829467773 2.7902979850769043 2.9741311073303223
v 17.526630401611328 2.8106589317321777 3.0249149799346924
v 17.467655181884766 2.811372995376587 3.0201640129089355
v 17.473346710205078 2.78829288482666 3.0061490535736084
v 17.526630401611328 2.8106589317321777 3.0249149799346924
v 17.473346710205078 2.78829288482666 3.0061490535736084
v 17.522703170776367 2.78769588470459 3.010127067565918
v 17.467655181884766 2.811372995376587 3.0201640129089355
v 17.434627532958984 2.8153679370880127 2.9712789058685303
v 17.445709228515625 2.7916409969329834 2.965193033218384
v 17.467655181884766 2.811372995376587 3.0201640129089355
v 17.445709228515625 2.7916409969329834 2.965193033218384
v 17.473346710205078 2.78829288482666 3.0061490535736084
v 17.434627532958984 2.8153679370880127 2.9712789058685303
v 17.45241928100586 2.819633960723877 2.9150729179382324
v 17.460603713989258 2.7952170372009277 2.9181010723114014
v 17.434627532958984 2.8153679370880127 2.9712789058685303
v 17.460603713989258 2.7952170372009277 2.9181010723114014
v 17.445709228515625 2.7916409969329834 2.965193033218384
v 17.45241928100586 2.819633960723877 2.9150729179382324
v 17.507633209228516 2.8209540843963623 2.8938679695129395
v 17.50681495666504 2.7963290214538574 2.900331974029541
v 17.45241928100586 2.819633960723877 2.9150729179382324
v 17.50681495666504 2.7963290214538574 2.900331974029541
v 17.460603713989258 2.7952170372009277 2.9181010723114014
v 17.554481506347656 3.2912559509277344 3.089962959289551
v 17.547386169433594 3.3070731163024902 3.0435750484466553
v 17.53715705871582 3.31518292427063 3.053560972213745
v 17.554481506347656 3.2912559509277344 3.089962959289551
v 17.53715705871582 3.31518292427063 3.053560972213745
v 17.542734146118164 3.302751064300537 3.0900230407714844
vt 0.12656299769878387 0.34843799471855164
vt 0.09607599675655365 0.2148679941892624
vt 0.09607599675655365 0.2148679941892624
vt 0.12656299769878387 0.34843799471855164
vt 0.09607599675655365 0.2148679941892624
vt 0.12656299769878387 0.34843799471855164
vt 0.40392398834228516 0.2148679941892624
vt 0.37343698740005493 0.34843799471855164
vt 0.25 0.4078820049762726
vt 0.25 0.4078820049762726
vt 0.12656299769878387 0.34843799471855164
vt 0.09607599675655365 0.2148679941892624
vt 0.09607599675655365 0.2148679941892624
vt 0.18149800598621368 0.10775300115346909
vt 0.3185020089149475 0.10775300115346909
vt 0.3185020089149475 0.10775300115346909
vt 0.40392398834228516 0.2148679941892624
vt 0.25 0.4078820049762726
vt 0.25 0.4078820049762726
vt 0.09607599675655365 0.2148679941892624
vt 0.3185020089149475 0.10775300115346909
vt 0.18149800598621368 0.10775300115346909
vt 0.3185020089149475 0.10775300115346909
vt 0.3185020089149475 0.10775300115346909
vt 0.18149800598621368 0.10775300115346909
vt 0.3185020089149475 0.10775300115346909
vt 0.18149800598621368 0.10775300115346909
vt 0.40392398834228516 0.2148679941892624
vt 0.37343698740005493 0.34843799471855164
vt 0.37343698740005493 0.34843799471855164
vt 0.40392398834228516 0.2148679941892624
vt 0.37343698740005493 0.34843799471855164
vt 0.40392398834228516 0.2148679941892624
vt 0.25 0.4078820049762726
vt 0.12656299769878387 0.34843799471855164
vt 0.12656299769878387 0.34843799471855164
vt 0.25 0.4078820049762726
vt 0.12656299769878387 0.34843799471855164
vt 0.25 0.4078820049762726
vt 0.09607599675655365 0.2148679941892624
vt 0.18149800598621368 0.10775300115346909
vt 0.18149800598621368 0.10775300115346909
vt 0.09607599675655365 0.2148679941892624
vt 0.18149800598621368 0.10775300115346909
vt 0.09607599675655365 0.2148679941892624
vt 0.3185020089149475 0.10775300115346909
vt 0.40392398834228516 0.2148679941892624
vt 0.40392398834228516 0.2148679941892624
vt 0.3185020089149475 0.10775300115346909
vt 0.40392398834228516 0.2148679941892624
vt 0.3185020089149475 0.10775300115346909
vt 0.37343698740005493 0.34843799471855164
vt 0.25 0.4078820049762726
vt 0.25 0.4078820049762726
vt 0.37343698740005493 0.34843799471855164
vt 0.25 0.4078820049762726
vt 0.37343698740005493 0.34843799471855164
vt 0.6814979910850525 0.10775300115346909
vt 0.5960760116577148 0.2148679941892624
vt 0.5960760116577148 0.2148679941892624
vt 0.6814979910850525 0.10775300115346909
vt 0.5960760116577148 0.2148679941892624
vt 0.6814979910850525 0.10775300115346909
vt 0.6265630125999451 0.34843799471855164
vt 0.75 0.4078820049762726
vt 0.8734369874000549 0.34843799471855164
vt 0.8734369874000549 0.34843799471855164
vt 0.9039239883422852 0.2148679941892624
vt 0.8185020089149475 0.10775300115346909
vt 0.8185020089149475 0.10775300115346909
vt 0.6814979910850525 0.10775300115346909
vt 0.5960760116577148 0.2148679941892624
vt 0.5960760116577148 0.2148679941892624
vt 0.6265630125999451 0.34843799471855164
vt 0.8734369874000549 0.34843799471855164
vt 0.8734369874000549 0.34843799471855164
vt 0.8185020089149475 0.10775300115346909
vt 0.5960760116577148 0.2148679941892624
vt 0.9039239883422852 0.2148679941892624
vt 0.8185020089149475 0.10775300115346909
vt 0.8185020089149475 0.10775300115346909
vt 0.9039239883422852 0.2148679941892624
vt 0.8185020089149475 0.10775300115346909
vt 0.9039239883422852 0.2148679941892624
vt 0.75 0.4078820049762726
vt 0.8734369874000549 0.34843799471855164
vt 0.8734369874000549 0.34843799471855164
vt 0.75 0.4078820049762726
vt 0.8734369874000549 0.34843799471855164
vt 0.75 0.4078820049762726
vt 0.5960760116577148 0.2148679941892624
vt 0.6265630125999451 0.34843799471855164
vt 0.6265630125999451 0.34843799471855164
vt 0.5960760116577148 0.2148679941892624
vt 0.6265630125999451 0.34843799471855164
vt 0.5960760116577148 0.2148679941892624
vt 0.8185020089149475 0.10775300115346909
vt 0.6814979910850525 0.10775300115346909
vt 0.6814979910850525 0.10775300115346909
vt 0.8185020089149475 0.10775300115346909
vt 0.6814979910850525 0.10775300115346909
vt 0.8185020089149475 0.10775300115346909
vt 0.8734369874000549 0.34843799471855164
vt 0.9039239883422852 0.2148679941892624
vt 0.9039239883422852 0.2148679941892624
vt 0.8734369874000549 0.34843799471855164
vt 0.9039239883422852 0.2148679941892624
vt 0.8734369874000549 0.34843799471855164
vt 0.6265630125999451 0.34843799471855164
vt 0.75 0.4078820049762726
vt 0.75 0.4078820049762726
vt 0.6265630125999451 0.34843799471855164
vt 0.75 0.4078820049762726
vt 0.6265630125999451 0.34843799471855164
vt 0.6265630125999451 0.34843799471855164
vt 0.75 0.4078820049762726
vt 0.75 0.4078820049762726
vt 0.6265630125999451 0.34843799471855164
vt 0.75 0.4078820049762726
vt 0.6265630125999451 0.34843799471855164
vt 0.6265630125999451 0.34843799471855164
vt 0.75 0.4078820049762726
vt 0.75 0.4078820049762726
vt 0.6265630125999451 0.34843799471855164
vt 0.75 0.4078820049762726
vt 0.6265630125999451 0.34843799471855164
vt 0.8734369874000549 0.34843799471855164
vt 0.9039239883422852 0.2148679941892624
vt 0.9039239883422852 0.2148679941892624
vt 0.8734369874000549 0.34843799471855164
vt 0.9039239883422852 0.2148679941892624
vt 0.8734369874000549 0.34843799471855164
vt 0.8734369874000549 0.34843799471855164
vt 0.9039239883422852 0.2148679941892624
vt 0.9039239883422852 0.2148679941892624
vt 0.8734369874000549 0.34843799471855164
vt 0.9039239883422852 0.2148679941892624
vt 0.8734369874000549 0.34843799471855164
vt 0.8185020089149475 0.10775300115346909
vt 0.6814979910850525 0.10775300115346909
vt 0.6814979910850525 0.10775300115346909
vt 0.8185020089149475 0.10775300115346909
vt 0.6814979910850525 0.10775300115346909
vt 0.8185020089149475 0.10775300115346909
vt 0.8185020089149475 0.10775300115346909
vt 0.6814979910850525 0.10775300115346909
vt 0.6814979910850525 0.10775300115346909
vt 0.8185020089149475 0.10775300115346909
vt 0.6814979910850525 0.10775300115346909
vt 0.8185020089149475 0.10775300115346909
vt 0.5960760116577148 0.2148679941892624
vt 0.6265630125999451 0.34843799471855164
vt 0.6265630125999451 0.34843799471855164
vt 0.5960760116577148 0.2148679941892624
vt 0.6265630125999451 0.34843799471855164
vt 0.596077024936676 0.2148679941892624
vt 0.596077024936676 0.2148679941892624
vt 0.6265630125999451 0.34843799471855164
vt 0.6265630125999451 0.34843799471855164
vt 0.596077024936676 0.2148679941892624
vt 0.6265630125999451 0.34843799471855164
vt 0.5960760116577148 0.2148679941892624
vt 0.75 0.4078820049762726
vt 0.8734369874000549 0.34843799471855164
vt 0.8734369874000549 0.34843799471855164
vt 0.75 0.4078820049762726
vt 0.8734369874000549 0.34843799471855164
vt 0.75 0.4078820049762726
vt 0.75 0.4078820049762726
vt 0.8734369874000549 0.34843799471855164
vt 0.8734369874000549 0.34843799471855164
vt 0.75 0.4078820049762726
vt 0.8734369874000549 0.34843799471855164
vt 0.75 0.4078820049762726
vt 0.9039239883422852 0.2148679941892624
vt 0.8185020089149475 0.10775300115346909
vt 0.8185020089149475 0.10775300115346909
vt 0.9039239883422852 0.2148679941892624
vt 0.8185020089149475 0.10775300115346909
vt 0.9039239883422852 0.2148679941892624
vt 0.9039239883422852 0.2148679941892624
vt 0.8185020089149475 0.10775300115346909
vt 0.8185020089149475 0.10775300115346909
vt 0.9039239883422852 0.2148679941892624
vt 0.8185020089149475 0.10775300115346909
vt 0.9039239883422852 0.2148679941892624
vt 0.6814979910850525 0.10775300115346909
vt 0.5960760116577148 0.2148679941892624
vt 0.596077024936676 0.2148679941892624
vt 0.6814979910850525 0.10775300115346909
vt 0.596077024936676 0.2148679941892624
vt 0.6814979910850525 0.10775300115346909
vt 0.6814979910850525 0.10775300115346909
vt 0.596077024936676 0.2148679941892624
vt 0.5960760116577148 0.2148679941892624
vt 0.6814979910850525 0.10775300115346909
vt 0.5960760116577148 0.2148679941892624
vt 0.6814979910850525 0.10775300115346909
vt 0.5416669845581055 0
vt 0.625 0
vt 0.625 0.25
vt 0.5416669845581055 0
vt 0.625 0.25
vt 0.5416669845581055 0.25
vt 0.5416669845581055 0.25
vt 0.625 0.25
vt 0.625 0.5
vt 0.5416669845581055 0.25
vt 0.625 0.5
vt 0.5416669845581055 0.5
vt 0.5416669845581055 0.5
vt 0.625 0.5
vt 0.625 0.75
vt 0.5416669845581055 0.5
vt 0.625 0.75
vt 0.5416669845581055 0.75
vt 0.5416669845581055 0.75
vt 0.625 0.75
vt 0.625 1
vt 0.5416669845581055 0.75
vt 0.625 1
vt 0.5416669845581055 1
vt 0.125 0.5
vt 0.375 0.5
vt 0.375 0.75
vt 0.125 0.5
vt 0.375 0.75
vt 0.125 0.75
vt 0.625 0.5
vt 0.625 0.25
vt 0.625 0.5
vt 0.625 0.25
vt 0.625 0.25
vt 0.625 0.5
vt 0.625 0.5
vt 0.875 0.5
vt 0.625 0.75
vt 0.875 0.5
vt 0.875 0.75
vt 0.625 0.75
vt 0.625 0.75
vt 0.625 0.5
vt 0.625 0.75
vt 0.625 0.5
vt 0.625 0.5
vt 0.625 0.75
vt 0.625 0.25
vt 0.625 0
vt 0.625 0.25
vt 0.625 0
vt 0.625 0
vt 0.625 0.25
vt 0.625 1
vt 0.625 0.75
vt 0.625 1
vt 0.625 0.75
vt 0.625 0.75
vt 0.625 1
vt 0.375 0.75
vt 0.45833298563957214 0.75
vt 0.45833298563957214 1
vt 0.375 0.75
vt 0.45833298563957214 1
vt 0.375 1
vt 0.45833298563957214 0.75
vt 0.5416669845581055 0.75
vt 0.5416669845581055 1
vt 0.45833298563957214 0.75
vt 0.5416669845581055 1
vt 0.45833298563957214 1
vt 0.375 0.5
vt 0.45833298563957214 0.5
vt 0.45833298563957214 0.75
vt 0.375 0.5
vt 0.45833298563957214 0.75
vt 0.375 0.75
vt 0.45833298563957214 0.5
vt 0.5416669845581055 0.5
vt 0.5416669845581055 0.75
vt 0.45833298563957214 0.5
vt 0.5416669845581055 0.75
vt 0.45833298563957214 0.75
vt 0.375 0.25
vt 0.45833298563957214 0.25
vt 0.45833298563957214 0.5
vt 0.375 0.25
vt 0.45833298563957214 0.5
vt 0.375 0.5
vt 0.45833298563957214 0.25
vt 0.5416669845581055 0.25
vt 0.5416669845581055 0.5
vt 0.45833298563957214 0.25
vt 0.5416669845581055 0.5
vt 0.45833298563957214 0.5
vt 0.375 0
vt 0.45833298563957214 0
vt 0.45833298563957214 0.25
vt 0.375 0
vt 0.45833298563957214 0.25
vt 0.375 0.25
vt 0.45833298563957214 0
vt 0.5416669845581055 0
vt 0.5416669845581055 0.25
vt 0.45833298563957214 0
vt 0.5416669845581055 0.25
vt 0.45833298563957214 0.25
vt 0.5416669845581055 0
vt 0.625 0
vt 0.625 0.25
vt 0.5416669845581055 0
vt 0.625 0.25
vt 0.5416669845581055 0.25
vt 0.5416669845581055 0.25
vt 0.625 0.25
vt 0.625 0.5
vt 0.5416669845581055 0.25
vt 0.625 0.5
vt 0.5416669845581055 0.5
vt 0.5416669845581055 0.5
vt 0.625 0.5
vt 0.625 0.75
vt 0.5416669845581055 0.5
vt 0.625 0.75
vt 0.5416669845581055 0.75
vt 0.5416669845581055 0.75
vt 0.625 0.75
vt 0.625 1
vt 0.5416669845581055 0.75
vt 0.625 1
vt 0.5416669845581055 1
vt 0.125 0.5
vt 0.375 0.5
vt 0.375 0.75
vt 0.125 0.5
vt 0.375 0.75
vt 0.125 0.75
vt 0.625 0.5
vt 0.625 0.25
vt 0.625 0.25
vt 0.625 0.5
vt 0.625 0.25
vt 0.625 0.5
vt 0.625 0.5
vt 0.875 0.5
vt 0.625 0.75
vt 0.875 0.5
vt 0.875 0.75
vt 0.625 0.75
vt 0.625 0.75
vt 0.625 0.5
vt 0.625 0.75
vt 0.625 0.5
vt 0.625 0.5
vt 0.625 0.75
vt 0.625 0.25
vt 0.625 0
vt 0.625 0.25
vt 0.625 0
vt 0.625 0
vt 0.625 0.25
vt 0.625 1
vt 0.625 0.75
vt 0.625 0.75
vt 0.625 1
vt 0.625 0.75
vt 0.625 1
vt 0.375 0.75
vt 0.45833298563957214 0.75
vt 0.45833298563957214 1
vt 0.375 0.75
vt 0.45833298563957214 1
vt 0.375 1
vt 0.45833298563957214 0.75
vt 0.5416669845581055 0.75
vt 0.5416669845581055 1
vt 0.45833298563957214 0.75
vt 0.5416669845581055 1
vt 0.45833298563957214 1
vt 0.375 0.5
vt 0.45833298563957214 0.5
vt 0.45833298563957214 0.75
vt 0.375 0.5
vt 0.45833298563957214 0.75
vt 0.375 0.75
vt 0.45833298563957214 0.5
vt 0.5416669845581055 0.5
vt 0.5416669845581055 0.75
vt 0.45833298563957214 0.5
vt 0.5416669845581055 0.75
vt 0.45833298563957214 0.75
vt 0.375 0.25
vt 0.45833298563957214 0.25
vt 0.45833298563957214 0.5
vt 0.375 0.25
vt 0.45833298563957214 0.5
vt 0.375 0.5
vt 0.45833298563957214 0.25
vt 0.5416669845581055 0.25
vt 0.5416669845581055 0.5
vt 0.45833298563957214 0.25
vt 0.5416669845581055 0.5
vt 0.45833298563957214 0.5
vt 0.375 0
vt 0.45833298563957214 0
vt 0.45833298563957214 0.25
vt 0.375 0
vt 0.45833298563957214 0.25
vt 0.375 0.25
vt 0.45833298563957214 0
vt 0.5416669845581055 0
vt 0.5416669845581055 0.25
vt 0.45833298563957214 0
vt 0.5416669845581055 0.25
vt 0.45833298563957214 0.25
vt 0.5416669845581055 0
vt 0.625 0
vt 0.625 0.25
vt 0.5416669845581055 0
vt 0.625 0.25
vt 0.5416669845581055 0.25
vt 0.5416669845581055 0.25
vt 0.625 0.25
vt 0.625 0.5
vt 0.5416669845581055 0.25
vt 0.625 0.5
vt 0.5416669845581055 0.5
vt 0.5416669845581055 0.5
vt 0.625 0.5
vt 0.625 0.75
vt 0.5416669845581055 0.5
vt 0.625 0.75
vt 0.5416669845581055 0.75
vt 0.5416669845581055 0.75
vt 0.625 0.75
vt 0.625 1
vt 0.5416669845581055 0.75
vt 0.625 1
vt 0.5416669845581055 1
vt 0.125 0.5
vt 0.375 0.5
vt 0.375 0.75
vt 0.125 0.5
vt 0.375 0.75
vt 0.125 0.75
vt 0.625 0.5
vt 0.625 0.25
vt 0.625 0.5
vt 0.625 0.25
vt 0.625 0.25
vt 0.625 0.5
vt 0.625 0.5
vt 0.875 0.5
vt 0.625 0.75
vt 0.875 0.5
vt 0.875 0.75
vt 0.625 0.75
vt 0.625 0.75
vt 0.625 0.5
vt 0.625 0.5
vt 0.625 0.75
vt 0.625 0.5
vt 0.625 0.75
vt 0.625 0.25
vt 0.625 0
vt 0.625 0.25
vt 0.625 0
vt 0.625 0
vt 0.625 0.25
vt 0.625 1
vt 0.625 0.75
vt 0.625 1
vt 0.625 0.75
vt 0.625 0.75
vt 0.625 1
vt 0.375 0.75
vt 0.45833298563957214 0.75
vt 0.45833298563957214 1
vt 0.375 0.75
vt 0.45833298563957214 1
vt 0.375 1
vt 0.45833298563957214 0.75
vt 0.5416669845581055 0.75
vt 0.5416669845581055 1
vt 0.45833298563957214 0.75
vt 0.5416669845581055 1
vt 0.45833298563957214 1
vt 0.375 0.5
vt 0.45833298563957214 0.5
vt 0.45833298563957214 0.75
vt 0.375 0.5
vt 0.45833298563957214 0.75
vt 0.375 0.75
vt 0.45833298563957214 0.5
vt 0.5416669845581055 0.5
vt 0.5416669845581055 0.75
vt 0.45833298563957214 0.5
vt 0.5416669845581055 0.75
vt 0.45833298563957214 0.75
vt 0.375 0.25
vt 0.45833298563957214 0.25
vt 0.45833298563957214 0.5
vt 0.375 0.25
vt 0.45833298563957214 0.5
vt 0.375 0.5
vt 0.45833298563957214 0.25
vt 0.5416669845581055 0.25
vt 0.5416669845581055 0.5
vt 0.45833298563957214 0.25
vt 0.5416669845581055 0.5
vt 0.45833298563957214 0.5
vt 0.375 0
vt 0.45833298563957214 0
vt 0.45833298563957214 0.25
vt 0.375 0
vt 0.45833298563957214 0.25
vt 0.375 0.25
vt 0.45833298563957214 0
vt 0.5416669845581055 0
vt 0.5416669845581055 0.25
vt 0.45833298563957214 0
vt 0.5416669845581055 0.25
vt 0.45833298563957214 0.25
vt 0.5416669845581055 0
vt 0.625 0
vt 0.625 0.25
vt 0.5416669845581055 0
vt 0.625 0.25
vt 0.5416669845581055 0.25
vt 0.5416669845581055 0.25
vt 0.625 0.25
vt 0.625 0.5
vt 0.5416669845581055 0.25
vt 0.625 0.5
vt 0.5416669845581055 0.5
vt 0.5416669845581055 0.5
vt 0.625 0.5
vt 0.625 0.75
vt 0.5416669845581055 0.5
vt 0.625 0.75
vt 0.5416669845581055 0.75
vt 0.5416669845581055 0.75
vt 0.625 0.75
vt 0.625 1
vt 0.5416669845581055 0.75
vt 0.625 1
vt 0.5416669845581055 1
vt 0.125 0.5
vt 0.375 0.5
vt 0.375 0.75
vt 0.125 0.5
vt 0.375 0.75
vt 0.125 0.75
vt 0.625 0.5
vt 0.625 0.25
vt 0.625 0.5
vt 0.625 0.25
vt 0.625 0.25
vt 0.625 0.5
vt 0.625 0.5
vt 0.875 0.5
vt 0.625 0.75
vt 0.875 0.5
vt 0.875 0.75
vt 0.625 0.75
vt 0.625 0.75
vt 0.625 0.5
vt 0.625 0.5
vt 0.625 0.75
vt 0.625 0.5
vt 0.625 0.75
vt 0.625 0.25
vt 0.625 0
vt 0.625 0.25
vt 0.625 0
vt 0.625 0
vt 0.625 0.25
vt 0.625 1
vt 0.625 0.75
vt 0.625 1
vt 0.625 0.75
vt 0.625 0.75
vt 0.625 1
vt 0.375 0.75
vt 0.45833298563957214 0.75
vt 0.45833298563957214 1
vt 0.375 0.75
vt 0.45833298563957214 1
vt 0.375 1
vt 0.45833298563957214 0.75
vt 0.5416669845581055 0.75
vt 0.5416669845581055 1
vt 0.45833298563957214 0.75
vt 0.5416669845581055 1
vt 0.45833298563957214 1
vt 0.375 0.5
vt 0.45833298563957214 0.5
vt 0.45833298563957214 0.75
vt 0.375 0.5
vt 0.45833298563957214 0.75
vt 0.375 0.75
vt 0.45833298563957214 0.5
vt 0.5416669845581055 0.5
vt 0.5416669845581055 0.75
vt 0.45833298563957214 0.5
vt 0.5416669845581055 0.75
vt 0.45833298563957214 0.75
vt 0.375 0.25
vt 0.45833298563957214 0.25
vt 0.45833298563957214 0.5
vt 0.375 0.25
vt 0.45833298563957214 0.5
vt 0.375 0.5
vt 0.45833298563957214 0.25
vt 0.5416669845581055 0.25
vt 0.5416669845581055 0.5
vt 0.45833298563957214 0.25
vt 0.5416669845581055 0.5
vt 0.45833298563957214 0.5
vt 0.375 0
vt 0.45833298563957214 0
vt 0.45833298563957214 0.25
vt 0.375 0
vt 0.45833298563957214 0.25
vt 0.375 0.25
vt 0.45833298563957214 0
vt 0.5416669845581055 0
vt 0.5416669845581055 0.25
vt 0.45833298563957214 0
vt 0.5416669845581055 0.25
vt 0.45833298563957214 0.25
vt 0.5416669845581055 0
vt 0.625 0
vt 0.625 0.25
vt 0.5416669845581055 0
vt 0.625 0.25
vt 0.5416669845581055 0.25
vt 0.5416669845581055 0.25
vt 0.625 0.25
vt 0.625 0.5
vt 0.5416669845581055 0.25
vt 0.625 0.5
vt 0.5416669845581055 0.5
vt 0.5416669845581055 0.5
vt 0.625 0.5
vt 0.625 0.75
vt 0.5416669845581055 0.5
vt 0.625 0.75
vt 0.5416669845581055 0.75
vt 0.5416669845581055 0.75
vt 0.625 0.75
vt 0.625 1
vt 0.5416669845581055 0.75
vt 0.625 1
vt 0.5416669845581055 1
vt 0.125 0.5
vt 0.375 0.5
vt 0.375 0.75
vt 0.125 0.5
vt 0.375 0.75
vt 0.125 0.75
vt 0.625 0.5
vt 0.625 0.25
vt 0.625 0.5
vt 0.625 0.25
vt 0.625 0.25
vt 0.625 0.5
vt 0.625 0.5
vt 0.875 0.5
vt 0.625 0.75
vt 0.875 0.5
vt 0.875 0.75
vt 0.625 0.75
vt 0.625 0.75
vt 0.625 0.5
vt 0.625 0.75
vt 0.625 0.5
vt 0.625 0.5
vt 0.625 0.75
vt 0.625 0.25
vt 0.625 0
vt 0.625 0.25
vt 0.625 0
vt 0.625 0
vt 0.625 0.25
vt 0.625 1
vt 0.625 0.75
vt 0.625 1
vt 0.625 0.75
vt 0.625 0.75
vt 0.625 1
vt 0.375 0.75
vt 0.45833298563957214 0.75
vt 0.45833298563957214 1
vt 0.375 0.75
vt 0.45833298563957214 1
vt 0.375 1
vt 0.45833298563957214 0.75
vt 0.5416669845581055 0.75
vt 0.5416669845581055 1
vt 0.45833298563957214 0.75
vt 0.5416669845581055 1
vt 0.45833298563957214 1
vt 0.375 0.5
vt 0.45833298563957214 0.5
vt 0.45833298563957214 0.75
vt 0.375 0.5
vt 0.45833298563957214 0.75
vt 0.375 0.75
vt 0.45833298563957214 0.5
vt 0.5416669845581055 0.5
vt 0.5416669845581055 0.75
vt 0.45833298563957214 0.5
vt 0.5416669845581055 0.75
vt 0.45833298563957214 0.75
vt 0.375 0.25
vt 0.45833298563957214 0.25
vt 0.45833298563957214 0.5
vt 0.375 0.25
vt 0.45833298563957214 0.5
vt 0.375 0.5
vt 0.45833298563957214 0.25
vt 0.5416669845581055 0.25
vt 0.5416669845581055 0.5
vt 0.45833298563957214 0.25
vt 0.5416669845581055 0.5
vt 0.45833298563957214 0.5
vt 0.375 0
vt 0.45833298563957214 0
vt 0.45833298563957214 0.25
vt 0.375 0
vt 0.45833298563957214 0.25
vt 0.375 0.25
vt 0.45833298563957214 0
vt 0.5416669845581055 0
vt 0.5416669845581055 0.25
vt 0.45833298563957214 0
vt 0.5416669845581055 0.25
vt 0.45833298563957214 0.25
vt 0.5416669845581055 0
vt 0.625 0
vt 0.625 0.25
vt 0.5416669845581055 0
vt 0.625 0.25
vt 0.5416669845581055 0.25
vt 0.5416669845581055 0.25
vt 0.625 0.25
vt 0.625 0.5
vt 0.5416669845581055 0.25
vt 0.625 0.5
vt 0.5416669845581055 0.5
vt 0.5416669845581055 0.5
vt 0.625 0.5
vt 0.625 0.75
vt 0.5416669845581055 0.5
vt 0.625 0.75
vt 0.5416669845581055 0.75
vt 0.5416669845581055 0.75
vt 0.625 0.75
vt 0.625 1
vt 0.5416669845581055 0.75
vt 0.625 1
vt 0.5416669845581055 1
vt 0.125 0.5
vt 0.375 0.5
vt 0.375 0.75
vt 0.125 0.5
vt 0.375 0.75
vt 0.125 0.75
vt 0.625 0.5
vt 0.625 0.25
vt 0.625 0.5
vt 0.625 0.25
vt 0.625 0.25
vt 0.625 0.5
vt 0.625 0.5
vt 0.875 0.5
vt 0.625 0.75
vt 0.875 0.5
vt 0.875 0.75
vt 0.625 0.75
vt 0.625 0.75
vt 0.625 0.5
vt 0.625 0.75
vt 0.625 0.5
vt 0.625 0.5
vt 0.625 0.75
vt 0.625 0.25
vt 0.625 0
vt 0.625 0.25
vt 0.625 0
vt 0.625 0
vt 0.625 0.25
vt 0.625 1
vt 0.625 0.75
vt 0.625 1
vt 0.625 0.75
vt 0.625 0.75
vt 0.625 1
vt 0.375 0.75
vt 0.45833298563957214 0.75
vt 0.45833298563957214 1
vt 0.375 0.75
vt 0.45833298563957214 1
vt 0.375 1
vt 0.45833298563957214 0.75
vt 0.5416669845581055 0.75
vt 0.5416669845581055 1
vt 0.45833298563957214 0.75
vt 0.5416669845581055 1
vt 0.45833298563957214 1
vt 0.375 0.5
vt 0.45833298563957214 0.5
vt 0.45833298563957214 0.75
vt 0.375 0.5
vt 0.45833298563957214 0.75
vt 0.375 0.75
vt 0.45833298563957214 0.5
vt 0.5416669845581055 0.5
vt 0.5416669845581055 0.75
vt 0.45833298563957214 0.5
vt 0.5416669845581055 0.75
vt 0.45833298563957214 0.75
vt 0.375 0.25
vt 0.45833298563957214 0.25
vt 0.45833298563957214 0.5
vt 0.375 0.25
vt 0.45833298563957214 0.5
vt 0.375 0.5
vt 0.45833298563957214 0.25
vt 0.5416669845581055 0.25
vt 0.5416669845581055 0.5
vt 0.45833298563957214 0.25
vt 0.5416669845581055 0.5
vt 0.45833298563957214 0.5
vt 0.375 0
vt 0.45833298563957214 0
vt 0.45833298563957214 0.25
vt 0.375 0
vt 0.45833298563957214 0.25
vt 0.375 0.25
vt 0.45833298563957214 0
vt 0.5416669845581055 0
vt 0.5416669845581055 0.25
vt 0.45833298563957214 0
vt 0.5416669845581055 0.25
vt 0.45833298563957214 0.25
vt 1 0.5
vt 1 1
vt 0.857142984867096 1
vt 1 0.5
vt 0.857142984867096 1
vt 0.857142984867096 0.5
vt 0.857142984867096 0.5
vt 0.857142984867096 1
vt 0.7142860293388367 1
vt 0.857142984867096 0.5
vt 0.7142860293388367 1
vt 0.7142860293388367 0.5
vt 0.7142860293388367 0.5
vt 0.7142860293388367 1
vt 0.5714290142059326 1
vt 0.7142860293388367 0.5
vt 0.5714290142059326 1
vt 0.5714290142059326 0.5
vt 0.5714290142059326 0.5
vt 0.5714290142059326 1
vt 0.4285709857940674 1
vt 0.5714290142059326 0.5
vt 0.4285709857940674 1
vt 0.4285709857940674 0.5
vt 0.4285709857940674 0.5
vt 0.4285709857940674 1
vt 0.2857140004634857 1
vt 0.4285709857940674 0.5
vt 0.2857140004634857 1
vt 0.2857140004634857 0.5
vt 0.3371500074863434 0.06903000175952911
vt 0.4458250105381012 0.20530399680137634
vt 0.40392398834228516 0.2148679941892624
vt 0.3371500074863434 0.06903000175952911
vt 0.40392398834228516 0.2148679941892624
vt 0.3185020089149475 0.10775300115346909
vt 0.2857140004634857 0.5
vt 0.2857140004634857 1
vt 0.14285700023174286 1
vt 0.2857140004634857 0.5
vt 0.14285700023174286 1
vt 0.14285700023174286 0.5
vt 0.14285700023174286 0.5
vt 0.14285700023174286 1
vt 0 1
vt 0.14285700023174286 0.5
vt 0 1
vt 0 0.5
vt 0.662850022315979 0.06903000175952911
vt 0.5541750192642212 0.20530399680137634
vt 0.5960760116577148 0.2148679941892624
vt 0.662850022315979 0.06903000175952911
vt 0.5960760116577148 0.2148679941892624
vt 0.6814979910850525 0.10775300115346909
vt 0.857142984867096 1
vt 1 1
vt 1 1
vt 0.857142984867096 1
vt 1 1
vt 0.857142984867096 1
vt 0.592960000038147 0.375234991312027
vt 0.75 0.45086100697517395
vt 0.75 0.4078820049762726
vt 0.592960000038147 0.375234991312027
vt 0.75 0.4078820049762726
vt 0.6265630125999451 0.34843799471855164
vt 0.40392398834228516 0.2148679941892624
vt 0.37343698740005493 0.34843799471855164
vt 0.37343698740005493 0.34843799471855164
vt 0.40392398834228516 0.2148679941892624
vt 0.37343698740005493 0.34843799471855164
vt 0.40392398834228516 0.2148679941892624
vt 0.0541750006377697 0.20530399680137634
vt 0.1628500074148178 0.06903000175952911
vt 0.18149800598621368 0.10775300115346909
vt 0.0541750006377697 0.20530399680137634
vt 0.18149800598621368 0.10775300115346909
vt 0.09607599675655365 0.2148679941892624
vt 0.9070389866828918 0.375234991312027
vt 0.9458249807357788 0.20530399680137634
vt 0.9039239883422852 0.2148679941892624
vt 0.9070389866828918 0.375234991312027
vt 0.9039239883422852 0.2148679941892624
vt 0.8734369874000549 0.34843799471855164
vt 0.09296000003814697 0.375234991312027
vt 0.0541750006377697 0.20530399680137634
vt 0.09607599675655365 0.2148679941892624
vt 0.09296000003814697 0.375234991312027
vt 0.09607599675655365 0.2148679941892624
vt 0.12656299769878387 0.34843799471855164
vt 0.1628500074148178 0.06903000175952911
vt 0.3371500074863434 0.06903000175952911
vt 0.3185020089149475 0.10775300115346909
vt 0.1628500074148178 0.06903000175952911
vt 0.3185020089149475 0.10775300115346909
vt 0.18149800598621368 0.10775300115346909
vt 1 0.5
vt 0.857142984867096 0.5
vt 0.857142984867096 0.5
vt 1 0.5
vt 0.857142984867096 0.5
vt 1 0.5
vt 0.5541750192642212 0.20530399680137634
vt 0.592960000038147 0.375234991312027
vt 0.6265630125999451 0.34843799471855164
vt 0.5541750192642212 0.20530399680137634
vt 0.6265630125999451 0.34843799471855164
vt 0.5960760116577148 0.2148679941892624
vt 0.9458249807357788 0.20530399680137634
vt 0.837149977684021 0.06903000175952911
vt 0.8185020089149475 0.10775300115346909
vt 0.9458249807357788 0.20530399680137634
vt 0.8185020089149475 0.10775300115346909
vt 0.9039239883422852 0.2148679941892624
vt 0.837149977684021 0.06903000175952911
vt 0.662850022315979 0.06903000175952911
vt 0.6814979910850525 0.10775300115346909
vt 0.837149977684021 0.06903000175952911
vt 0.6814979910850525 0.10775300115346909
vt 0.8185020089149475 0.10775300115346909
vt 0.8734369874000549 0.34843799471855164
vt 0.9039239883422852 0.2148679941892624
vt 0.9039239883422852 0.2148679941892624
vt 0.8734369874000549 0.34843799471855164
vt 0.9039239883422852 0.2148679941892624
vt 0.8734369874000549 0.34843799471855164
vt 0.7142860293388367 1
vt 0.857142984867096 1
vt 0.857142984867096 1
vt 0.7142860293388367 1
vt 0.857142984867096 1
vt 0.7142860293388367 1
vt 0.407039999961853 0.375234991312027
vt 0.25 0.45086100697517395
vt 0.25 0.4078820049762726
vt 0.407039999961853 0.375234991312027
vt 0.25 0.4078820049762726
vt 0.37343698740005493 0.34843799471855164
vt 0.5714290142059326 1
vt 0.7142860293388367 1
vt 0.7142860293388367 1
vt 0.5714290142059326 1
vt 0.7142860293388367 1
vt 0.5714290142059326 1
vt 0.4285709857940674 1
vt 0.5714290142059326 1
vt 0.5714290142059326 1
vt 0.4285709857940674 1
vt 0.5714290142059326 1
vt 0.4285709857940674 1
vt 0.2857140004634857 1
vt 0.4285709857940674 1
vt 0.4285709857940674 1
vt 0.2857140004634857 1
vt 0.4285709857940674 1
vt 0.2857140004634857 1
vt 0.14285700023174286 1
vt 0.2857140004634857 1
vt 0.2857140004634857 1
vt 0.14285700023174286 1
vt 0.2857140004634857 1
vt 0.14285700023174286 1
vt 0 1
vt 0.14285700023174286 1
vt 0.14285700023174286 1
vt 0 1
vt 0.14285700023174286 1
vt 0 1
vt 0.14285700023174286 0.5
vt 0 0.5
vt 0 0.5
vt 0.14285700023174286 0.5
vt 0 0.5
vt 0.14285700023174286 0.5
vt 0.857142984867096 0.5
vt 0.7142860293388367 0.5
vt 0.7142860293388367 0.5
vt 0.857142984867096 0.5
vt 0.7142860293388367 0.5
vt 0.857142984867096 0.5
vt 0.7142860293388367 0.5
vt 0.5714290142059326 0.5
vt 0.5714290142059326 0.5
vt 0.7142860293388367 0.5
vt 0.5714290142059326 0.5
vt 0.7142860293388367 0.5
vt 0.5714290142059326 0.5
vt 0.4285709857940674 0.5
vt 0.4285709857940674 0.5
vt 0.5714290142059326 0.5
vt 0.4285709857940674 0.5
vt 0.5714290142059326 0.5
vt 0.4285709857940674 0.5
vt 0.2857140004634857 0.5
vt 0.2857140004634857 0.5
vt 0.4285709857940674 0.5
vt 0.2857140004634857 0.5
vt 0.4285709857940674 0.5
vt 0.2857140004634857 0.5
vt 0.14285700023174286 0.5
vt 0.14285700023174286 0.5
vt 0.2857140004634857 0.5
vt 0.14285700023174286 0.5
vt 0.2857140004634857 0.5
vt 0.75 0.45086100697517395
vt 0.907039999961853 0.375234991312027
vt 0.8734369874000549 0.34843799471855164
vt 0.75 0.45086100697517395
vt 0.8734369874000549 0.34843799471855164
vt 0.75 0.4078820049762726
vt 0.25 0.45086100697517395
vt 0.09296000003814697 0.375234991312027
vt 0.12656299769878387 0.34843799471855164
vt 0.25 0.45086100697517395
vt 0.12656299769878387 0.34843799471855164
vt 0.25 0.4078820049762726
vt 0.09607599675655365 0.2148679941892624
vt 0.18149800598621368 0.10775300115346909
vt 0.18149800598621368 0.10775300115346909
vt 0.09607599675655365 0.2148679941892624
vt 0.18149800598621368 0.10775300115346909
vt 0.09607599675655365 0.2148679941892624
vt 0.25 0.4078820049762726
vt 0.12656299769878387 0.34843799471855164
vt 0.12656299769878387 0.34843799471855164
vt 0.25 0.4078820049762726
vt 0.12656299769878387 0.34843799471855164
vt 0.25 0.4078820049762726
vt 0.3185020089149475 0.10775300115346909
vt 0.40392398834228516 0.2148679941892624
vt 0.40392398834228516 0.2148679941892624
vt 0.3185020089149475 0.10775300115346909
vt 0.40392398834228516 0.2148679941892624
vt 0.3185020089149475 0.10775300115346909
vt 0.12656299769878387 0.34843799471855164
vt 0.09607599675655365 0.2148679941892624
vt 0.09607599675655365 0.2148679941892624
vt 0.12656299769878387 0.34843799471855164
vt 0.09607599675655365 0.2148679941892624
vt 0.12656299769878387 0.34843799471855164
vt 0.37343698740005493 0.34843799471855164
vt 0.25 0.4078820049762726
vt 0.25 0.4078820049762726
vt 0.37343698740005493 0.34843799471855164
vt 0.25 0.4078820049762726
vt 0.37343698740005493 0.34843799471855164
vt 0.18149800598621368 0.10775300115346909
vt 0.3185020089149475 0.10775300115346909
vt 0.3185020089149475 0.10775300115346909
vt 0.18149800598621368 0.10775300115346909
vt 0.3185020089149475 0.10775300115346909
vt 0.18149800598621368 0.10775300115346909
vt 0.6814979910850525 0.10775300115346909
vt 0.5960760116577148 0.2148679941892624
vt 0.5960760116577148 0.2148679941892624
vt 0.6814979910850525 0.10775300115346909
vt 0.5960760116577148 0.2148679941892624
vt 0.6814979910850525 0.10775300115346909
vt 0.6265630125999451 0.34843799471855164
vt 0.75 0.4078820049762726
vt 0.75 0.4078820049762726
vt 0.6265630125999451 0.34843799471855164
vt 0.75 0.4078820049762726
vt 0.6265630125999451 0.34843799471855164
vt 0.9039239883422852 0.2148679941892624
vt 0.8185020089149475 0.10775300115346909
vt 0.8185020089149475 0.10775300115346909
vt 0.9039239883422852 0.2148679941892624
vt 0.8185020089149475 0.10775300115346909
vt 0.9039239883422852 0.2148679941892624
vt 0.5960760116577148 0.2148679941892624
vt 0.6265630125999451 0.34843799471855164
vt 0.6265630125999451 0.34843799471855164
vt 0.5960760116577148 0.2148679941892624
vt 0.6265630125999451 0.34843799471855164
vt 0.5960760116577148 0.2148679941892624
vt 0.75 0.4078820049762726
vt 0.8734369874000549 0.34843799471855164
vt 0.8734369874000549 0.34843799471855164
vt 0.75 0.4078820049762726
vt 0.8734369874000549 0.34843799471855164
vt 0.75 0.4078820049762726
vt 0.8185020089149475 0.10775300115346909
vt 0.6814979910850525 0.10775300115346909
vt 0.6814979910850525 0.10775300115346909
vt 0.8185020089149475 0.10775300115346909
vt 0.6814979910850525 0.10775300115346909
vt 0.8185020089149475 0.10775300115346909
vt 0.4376400113105774 0.39963799715042114
vt 0.2503049969673157 0.48985299468040466
vt 0.25 0.45086100697517395
vt 0.4376400113105774 0.39963799715042114
vt 0.25 0.45086100697517395
vt 0.407039999961853 0.375234991312027
vt 0.48398301005363464 0.1965949982404709
vt 0.4378350079059601 0.3987790048122406
vt 0.407039999961853 0.375234991312027
vt 0.48398301005363464 0.1965949982404709
vt 0.407039999961853 0.375234991312027
vt 0.4458250105381012 0.20530399680137634
vt 0.3541319966316223 0.03376699984073639
vt 0.48351699113845825 0.1960110068321228
vt 0.4458250105381012 0.20530399680137634
vt 0.3541319966316223 0.03376699984073639
vt 0.4458250105381012 0.20530399680137634
vt 0.3371500074863434 0.06903000175952911
vt 0.14586800336837769 0.03376699984073639
vt 0.35405001044273376 0.03376699984073639
vt 0.3371500074863434 0.06903000175952911
vt 0.14586800336837769 0.03376699984073639
vt 0.3371500074863434 0.06903000175952911
vt 0.1628500074148178 0.06903000175952911
vt 0.016423000022768974 0.19608600437641144
vt 0.14586800336837769 0.03376699984073639
vt 0.1628500074148178 0.06903000175952911
vt 0.016423000022768974 0.19608600437641144
vt 0.1628500074148178 0.06903000175952911
vt 0.0541750006377697 0.20530399680137634
vt 0.062157001346349716 0.39874500036239624
vt 0.016016999259591103 0.1965949982404709
vt 0.0541750006377697 0.20530399680137634
vt 0.062157001346349716 0.39874500036239624
vt 0.0541750006377697 0.20530399680137634
vt 0.09296000003814697 0.375234991312027
vt 0.24957700073719025 0.4897960126399994
vt 0.0623599998652935 0.39963799715042114
vt 0.09296000003814697 0.375234991312027
vt 0.24957700073719025 0.4897960126399994
vt 0.09296000003814697 0.375234991312027
vt 0.25 0.45086100697517395
vt 0.7537660002708435 0.4881860017776489
vt 0.9376400113105774 0.39963799715042114
vt 0.907039999961853 0.375234991312027
vt 0.7537660002708435 0.4881860017776489
vt 0.907039999961853 0.375234991312027
vt 0.75 0.45086100697517395
vt 0.9397079944610596 0.3905769884586334
vt 0.9839829802513123 0.1965949982404709
vt 0.9458249807357788 0.20530399680137634
vt 0.9397079944610596 0.3905769884586334
vt 0.9458249807357788 0.20530399680137634
vt 0.9070389866828918 0.375234991312027
vt 0.9794449806213379 0.19090500473976135
vt 0.8541319966316223 0.03376699984073639
vt 0.837149977684021 0.06903000175952911
vt 0.9794449806213379 0.19090500473976135
vt 0.837149977684021 0.06903000175952911
vt 0.9458249807357788 0.20530399680137634
vt 0.8541290163993835 0.03376699984073639
vt 0.6458680033683777 0.03376699984073639
vt 0.662850022315979 0.06903000175952911
vt 0.8541290163993835 0.03376699984073639
vt 0.662850022315979 0.06903000175952911
vt 0.837149977684021 0.06903000175952911
vt 0.6458680033683777 0.03376699984073639
vt 0.5205590128898621 0.19089899957180023
vt 0.5541750192642212 0.20530399680137634
vt 0.6458680033683777 0.03376699984073639
vt 0.5541750192642212 0.20530399680137634
vt 0.662850022315979 0.06903000175952911
vt 0.5160170197486877 0.1965949982404709
vt 0.5602899789810181 0.39056500792503357
vt 0.592960000038147 0.375234991312027
vt 0.5160170197486877 0.1965949982404709
vt 0.592960000038147 0.375234991312027
vt 0.5541750192642212 0.20530399680137634
vt 0.5623599886894226 0.39963799715042114
vt 0.7462310194969177 0.48818498849868774
vt 0.75 0.45086100697517395
vt 0.5623599886894226 0.39963799715042114
vt 0.75 0.45086100697517395
vt 0.592960000038147 0.375234991312027
vt 0.4458250105381012 0.20530399680137634
vt 0.407039999961853 0.375234991312027
vt 0.37343698740005493 0.34843799471855164
vt 0.4458250105381012 0.20530399680137634
vt 0.37343698740005493 0.34843799471855164
vt 0.40392398834228516 0.2148679941892624
vn -0.9236489988562395 -0.1406922327446479 -0.3564803256242795
vn -0.9236489988562395 -0.1406922327446479 -0.3564803256242795
vn -0.9236489988562395 -0.1406922327446479 -0.3564803256242795
vn -0.9239086207027019 -0.14070130913523274 -0.3558033195444675
vn -0.9239086207027019 -0.14070130913523274 -0.3558033195444675
vn -0.9239086207027019 -0.14070130913523274 -0.3558033195444675
vn -0.00929979890892583 0.9459795214165616 0.3240929786353704
vn -0.015300114183343063 0.945107057349617 0.3264024458455002
vn -0.00929979890892583 0.9459795214165616 0.3240929786353704
vn -0.009199759262257887 0.9457752365163382 0.32469149422487315
vn -0.002999983610448433 0.9463948081604091 0.32299824641220476
vn -0.009199759262257887 0.9457752365163382 0.32469149422487315
vn -0.009300424842091655 0.9461432127683425 0.3236147756672367
vn -0.002899991332253128 0.946497186401559 0.32269903344169676
vn -0.009300424842091655 0.9461432127683425 0.3236147756672367
vn -0.009200131120716224 0.9461134596280744 0.3237046170476373
vn -0.009200131120716224 0.9461134596280744 0.3237046170476373
vn -0.009200131120716224 0.9461134596280744 0.3237046170476373
vn -0.009200107833477366 0.946011047075355 0.3240037913778831
vn -0.009200107833477366 0.946011047075355 0.3240037913778831
vn -0.009200107833477366 0.946011047075355 0.3240037913778831
vn -0.26539300766215307 -0.19759480661512788 0.9436751792236386
vn -0.2753966805210378 -0.20329753940276965 0.9395886221271373
vn 0.10889501045407328 0.03449841743242919 0.993454445806583
vn -0.6352825287940281 -0.3484904399705449 0.6891810515809332
vn -0.289292751327255 -0.21459462373460117 0.9328766539546972
vn -0.27511378879091763 -0.20341020127293427 0.9396471110130711
vn 0.9230715938187175 0.3076905412067077 -0.2307929018338648
vn 0.9198113585507709 0.30860382490473204 -0.24230300026032356
vn 0.9992277738798769 0.02640073403223723 0.02910081011973255
vn 0.7062608172594814 0.471973804650696 -0.5276707171404493
vn 0.9145974557888111 0.31019913788202863 -0.25939928435113274
vn 0.91983974605593 0.30851332821466376 -0.24231047829112412
vn -0.3510072449570909 0.10630218718250299 -0.9303191704935726
vn -0.3510072449570909 0.10630218718250299 -0.9303191704935726
vn -0.3510072449570909 0.10630218718250299 -0.9303191704935726
vn -0.35089062003218396 0.10619716498632627 -0.930375158160565
vn -0.35089062003218396 0.10619716498632627 -0.930375158160565
vn -0.35089062003218396 0.10619716498632627 -0.930375158160565
vn -0.8262791894333814 -0.26129340876290996 0.4989874303490752
vn -0.8262791894333814 -0.26129340876290996 0.4989874303490752
vn -0.8262791894333814 -0.26129340876290996 0.4989874303490752
vn -0.8265074774831558 -0.2613023620449925 0.4986045178838019
vn -0.8265074774831558 -0.2613023620449925 0.4986045178838019
vn -0.8265074774831558 -0.2613023620449925 0.4986045178838019
vn 0.6941860810228135 0.07199855541925132 0.716185655351829
vn 0.6941860810228135 0.07199855541925132 0.716185655351829
vn 0.6941860810228135 0.07199855541925132 0.716185655351829
vn 0.6941860810228135 0.07199855541925132 0.716185655351829
vn 0.6941860810228135 0.07199855541925132 0.716185655351829
vn 0.6941860810228135 0.07199855541925132 0.716185655351829
vn 0.504599035019944 0.30759941035045746 -0.8066984669682917
vn 0.504599035019944 0.30759941035045746 -0.8066984669682917
vn 0.504599035019944 0.30759941035045746 -0.8066984669682917
vn 0.5046086919456789 0.30780530396800493 -0.8066138870996674
vn 0.5046086919456789 0.30780530396800493 -0.8066138870996674
vn 0.5046086919456789 0.30780530396800493 -0.8066138870996674
vn -0.8125184217647247 0.005100115816033631 0.5829132037547476
vn -0.8125184217647247 0.005100115816033631 0.5829132037547476
vn -0.8125184217647247 0.005100115816033631 0.5829132037547476
vn -0.8125184217647247 0.005100115816033631 0.5829132037547476
vn -0.8125184217647247 0.005100115816033631 0.5829132037547476
vn -0.8125184217647247 0.005100115816033631 0.5829132037547476
vn -0.006100186107307386 -0.9987305117043078 0.05000152717975419
vn -0.006100186107307386 -0.9987305117043078 0.05000152717975419
vn -0.006100186107307386 -0.9987305117043078 0.05000152717975419
vn -0.006100186107307386 -0.9987305117043078 0.05000152717975419
vn -0.006100186107307386 -0.9987305117043078 0.05000152717975419
vn -0.006100186107307386 -0.9987305117043078 0.05000152717975419
vn -0.006100186107307386 -0.9987305117043078 0.05000152717975419
vn -0.006100186107307386 -0.9987305117043078 0.05000152717975419
vn -0.006100186107307386 -0.9987305117043078 0.05000152717975419
vn -0.006100186107307386 -0.9987305117043078 0.05000152717975419
vn -0.006100186107307386 -0.9987305117043078 0.05000152717975419
vn -0.006100186107307386 -0.9987305117043078 0.05000152717975419
vn -0.006100186107307386 -0.9987305117043078 0.05000152717975419
vn -0.006100186107307386 -0.9987305117043078 0.05000152717975419
vn -0.006100186107307386 -0.9987305117043078 0.05000152717975419
vn 0.748516958633489 0.000900020388296181 0.6631150372306244
vn 0.748516958633489 0.000900020388296181 0.6631150372306244
vn 0.748516958633489 0.000900020388296181 0.6631150372306244
vn 0.7484233251968377 0.0009000280671876522 0.6632207145820964
vn 0.7484233251968377 0.0009000280671876522 0.6632207145820964
vn 0.7484233251968377 0.0009000280671876522 0.6632207145820964
vn 0.4742905489520969 0.012299754576537456 -0.8802824496785536
vn 0.47428937275930355 0.012499720185942639 -0.8802802666667359
vn 0.4790072228745787 0.013100197575482772 -0.8777132021665544
vn 0.47439231364789086 0.014999756198125812 -0.8801857417987398
vn 0.47888810335200205 0.013099675068438153 -0.8777782083083536
vn 0.47888810335200205 0.013099675068438153 -0.8777782083083536
vn -0.9619973798698892 0.011899967709647007 -0.27279925200039973
vn -0.9619973798698892 0.011899967709647007 -0.27279925200039973
vn -0.9619973798698892 0.011899967709647007 -0.27279925200039973
vn -0.96197113645667 0.011899643076985386 -0.27289179379179446
vn -0.96197113645667 0.011899643076985386 -0.27289179379179446
vn -0.96197113645667 0.011899643076985386 -0.27289179379179446
vn -0.05139887440991822 0.00019999562157433834 0.9986781842571433
vn -0.05139887440991822 0.00019999562157433834 0.9986781842571433
vn -0.05139887440991822 0.00019999562157433834 0.9986781842571433
vn -0.05139887440991822 0.00019999562157433834 0.9986781842571433
vn -0.05139887440991822 0.00019999562157433834 0.9986781842571433
vn -0.05139887440991822 0.00019999562157433834 0.9986781842571433
vn 0.9849337780520431 0.00660022633264923 -0.17280593121906065
vn 0.9849337780520431 0.00660022633264923 -0.17280593121906065
vn 0.9849337780520431 0.00660022633264923 -0.17280593121906065
vn 0.9848990654774782 0.0066999934526382815 -0.17299982921761697
vn 0.9848990654774782 0.0066999934526382815 -0.17299982921761697
vn 0.9848990654774782 0.0066999934526382815 -0.17299982921761697
vn -0.38631588849292836 0.015400633414462123 -0.9222379599584657
vn -0.38631588849292836 0.015400633414462123 -0.9222379599584657
vn -0.38631588849292836 0.015400633414462123 -0.9222379599584657
vn -0.3861952097259772 0.015399808471250826 -0.9222885155328332
vn -0.3861952097259772 0.015399808471250826 -0.9222885155328332
vn -0.3861952097259772 0.015399808471250826 -0.9222885155328332
vn -0.36881166655006126 0.16000505164798132 -0.915628930333513
vn -0.3693052304139211 0.16010226223032617 -0.915412973699659
vn -0.35259920683879614 0.16169962787705525 -0.9216979058677922
vn -0.3903812618524967 0.160492304417262 -0.9065565016132691
vn -0.3745834326653609 0.1589929652205497 -0.9134596263563115
vn -0.37411335035148324 0.15910567396744407 -0.9136326316414894
vn -0.381602667052492 0.09230064471413157 -0.9197064724594366
vn -0.3816881148770593 0.09229712162780745 -0.919671367555182
vn -0.3837996004421249 0.09419990211097821 -0.9185990665914848
vn -0.3827846773295873 0.08979640267867317 -0.9194631568843056
vn -0.3852871696008439 0.09229692173687312 -0.9181694152926617
vn -0.3852871696008439 0.09229692173687312 -0.9181694152926617
vn 0.9736572129253043 0.16779262300448142 -0.1543932232444306
vn 0.9734379001982636 0.16840656187164987 -0.15510604235865794
vn 0.9813170601000554 0.15250265538304864 -0.11730203603392182
vn 0.9631017963640985 0.1885003504603218 -0.19210035844990617
vn 0.973000243734655 0.168900042116165 -0.15730003644455923
vn 0.973115969920798 0.16860275881011044 -0.15690257743811725
vn 0.9849666402726702 0.009299684929198183 -0.17249415471309754
vn 0.9849666402726702 0.009299684929198183 -0.17249415471309754
vn 0.9849666402726702 0.009299684929198183 -0.17249415471309754
vn 0.9849126356784619 0.009300119369328425 -0.1728022218046449
vn 0.9849126356784619 0.009300119369328425 -0.1728022218046449
vn 0.9849126356784619 0.009300119369328425 -0.1728022218046449
vn -0.06229699385399898 -0.20888992348754945 0.9759529109655447
vn -0.06189767609221701 -0.20849216671899526 0.9760633658278551
vn -0.09150444639142268 -0.21801059033106485 0.9716472193106404
vn -0.03680191562622103 -0.1963102140045823 0.9798509676903502
vn -0.06490287321875689 -0.20860922373286808 0.9758431271580081
vn -0.06519889008727764 -0.2087964452813264 0.9757833515536474
vn -0.051802062318282896 -0.08010318674899729 0.9954396143474641
vn -0.051802062318282896 -0.08010318674899729 0.9954396143474641
vn -0.051802062318282896 -0.08010318674899729 0.9954396143474641
vn -0.05160258831596845 -0.08010401509332303 0.99544990815461
vn -0.05160258831596845 -0.08010401509332303 0.99544990815461
vn -0.05160258831596845 -0.08010401509332303 0.99544990815461
vn -0.9574467000475123 -0.05130250142756973 -0.2840138551468979
vn -0.9576715601480843 -0.05109848252078569 -0.2832915952999789
vn -0.9466728611192483 -0.04739864378454717 -0.31869085739581887
vn -0.9670051557867277 -0.05050027061247593 -0.24970132428554137
vn -0.9572559830878586 -0.05040294826227564 -0.28481665268900175
vn -0.9571111710388893 -0.05040058968309987 -0.2853033242571169
vn -0.9592269782748318 0.04260119548110452 -0.27940784221871084
vn -0.9592269782748318 0.04260119548110452 -0.27940784221871084
vn -0.961609222877704 0.048500466318911334 -0.2701025865173941
vn -0.96089806593981 0.03639992790289492 -0.2744994574162153
vn -0.9626195009206421 0.041200835756970394 -0.26770541193674313
vn -0.9626195009206421 0.041200835756970394 -0.26770541193674313
vn 0.4769845704399407 0.25179185667809956 -0.842072788108499
vn 0.47631528607398615 0.2522081007818126 -0.8423270280314455
vn 0.5100280872404687 0.24561353055053387 -0.8243454032360045
vn 0.44308582930882673 0.26189162876906824 -0.8573725693340054
vn 0.4766806756152086 0.2523897748839455 -0.8420658733312137
vn 0.47701682829743036 0.25220890592458717 -0.8419296961702816
vn 0.4686127052683224 0.07720209530202893 -0.8800238456667415
vn 0.46860546043837203 0.07740090000821578 -0.8800102403524971
vn 0.48518942171307194 0.0714984462859526 -0.8714810366476311
vn 0.4688958120639679 0.08249926730139984 -0.879392169810264
vn 0.4859105181948715 0.0769016602143579 -0.8706188046233936
vn 0.4859179821233712 0.07670283814777261 -0.8706321779426877
vn 0.7403016960852599 -0.0397000924493496 0.6711015582106784
vn 0.7405031229662274 -0.03930016559241875 0.6709028408507989
vn 0.722990375358886 -0.0520993062020634 0.6888908327388896
vn 0.7555875973538897 -0.024499598000479506 0.6545893005715805
vn 0.7396883205028336 -0.03949937709866223 0.6717893923846333
vn 0.7395904252794552 -0.03959948698330043 0.6718912735447706
vn 0.7462548220039031 -0.06099630945647668 0.6628598576385604
vn 0.7462548220039031 -0.06099630945647668 0.6628598576385604
vn 0.7462548220039031 -0.06099630945647668 0.6628598576385604
vn 0.7456873374622389 -0.06109896098909774 0.6634887427187669
vn 0.7456873374622389 -0.06109896098909774 0.6634887427187669
vn 0.7456873374622389 -0.06109896098909774 0.6634887427187669
vn -0.8023151218289094 -0.21350402344854041 0.5574105105359489
vn -0.8019277520173422 -0.21310736838882122 0.55811927944016
vn -0.8268903560317434 -0.21559748293991243 0.5193939395600135
vn -0.7781913581983083 -0.20509773001422457 0.5935934055972022
vn -0.8031112807344983 -0.21260298171143896 0.5566077999133674
vn -0.803379379209276 -0.21269454037129862 0.5561857653316563
vn -0.8118157196656589 -0.0342006636270134 0.5829112727604434
vn -0.8118157196656589 -0.0342006636270134 0.5829112727604434
vn -0.8118157196656589 -0.0342006636270134 0.5829112727604434
vn -0.8114397509715506 -0.03430168001021242 0.5834285948526218
vn -0.8114397509715506 -0.03430168001021242 0.5834285948526218
vn -0.8114397509715506 -0.03430168001021242 0.5834285948526218
vn -0.7980166559103677 -0.43370905941645904 -0.41840873397877826
vn -0.8039903496064033 -0.44009472073685335 -0.39989517941496205
vn -0.8013117073126951 -0.44030642667304815 -0.4050059238505352
vn -0.806578777021402 -0.4397884361972582 -0.39498963004847293
vn -0.8103248211433356 -0.4457136465880377 -0.38041165792364345
vn -0.8041574501495569 -0.4400767322178765 -0.3995788597128208
vn 0.40309343310825896 0.237196134542541 -0.8838855570395265
vn 0.373292219645788 0.17119644539691437 -0.9117810569623511
vn 0.37861330365869666 0.1741061137870865 -0.9090319177204976
vn 0.3708933676993804 0.1699969595706455 -0.912983649105146
vn 0.314910601939174 0.10100340047638347 -0.9437317552559702
vn 0.3734919896049306 0.17129632495930214 -0.9116804828208114
vn 0.7882952819156229 0.45049732783792695 0.4190974899954141
vn 0.800014195990726 0.4486079478995037 0.3984070723452438
vn 0.7991353430523491 0.44721978949797736 0.40171776580827134
vn 0.7999942754957577 0.448296789456196 0.3987971260393992
vn 0.810131756185589 0.44391737975361695 0.38291500045354265
vn 0.7990136285929389 0.44690761904137566 0.40230684976211095
vn -0.44578487444964754 -0.1613945267665548 0.8804701314875546
vn -0.3738935889514604 -0.17039707360225523 0.9116843869721495
vn -0.37649291337425933 -0.1710967802310285 0.9104828268416365
vn -0.3715937001514774 -0.16899713372037986 0.9128844892986351
vn -0.30691022063329776 -0.19170638410554477 0.9322310758411767
vn -0.37428668053051595 -0.170693922983401 0.9114675339440151
vn 0.05799973235631227 -0.9982954379502841 0.006499970326593031
vn 0.05799973235631227 -0.9982954379502841 0.006499970326593031
vn 0.05799973235631227 -0.9982954379502841 0.006499970326593031
vn 0.05799973235631227 -0.9982954379502841 0.006499970326593031
vn 0.05799973235631227 -0.9982954379502841 0.006499970326593031
vn 0.05799973235631227 -0.9982954379502841 0.006499970326593031
vn 0.16849991154860675 0.31769982015787523 -0.9330994609792493
vn 0.16849991154860675 0.31769982015787523 -0.9330994609792493
vn 0.16849991154860675 0.31769982015787523 -0.9330994609792493
vn 0.6892881259386415 0.6499887784597318 -0.3199944801343001
vn 0 0 1
vn 0.6624253696086442 0.62472392870391 0.41341582287522965
vn 0 0 1
vn 0 0 1
vn 0 0 1
vn 0 0 1
vn 0 0 1
vn 0 0 1
vn 0.5032759693217556 0.7488642225261161 0.43117939992954585
vn 0.5032759693217556 0.7488642225261161 0.43117939992954585
vn 0.5032759693217556 0.7488642225261161 0.43117939992954585
vn 0.34899435082505725 -0.7755874463099445 0.5259914982379619
vn 0 0 1
vn 0.2185960280889752 -0.4859911600047486 0.8461845950506088
vn -0.5643048702501656 -0.7024060900115503 -0.43380375531642157
vn -0.5607102338300571 -0.7071128809023811 -0.430807854315793
vn -0.10799716409309397 -0.3265914008974592 0.938975329498962
vn -0.005299845250056888 0.005499839542223479 0.9999708312772604
vn 0 0 -1
vn -0.13000059463485494 0.9915045916297215 0.004300019972447196
vn -0.48122046645933797 -0.1618068755664288 0.8615366490638035
vn -0.48122046645933797 -0.1618068755664288 0.8615366490638035
vn -0.9347490233312526 -0.3001836057001321 -0.19008962688725728
vn 0 0 1
vn 0 0 1
vn -0.6121114809341074 -0.6593123899784042 0.4366081851381378
vn -0.3518830938554319 -0.033198403405374236 0.9354550519774125
vn -0.3485143088978282 -0.0353014495157806 0.9366384490055668
vn -0.3488970879756763 -0.03539970499259791 0.9364922225456708
vn -0.3459059486828888 -0.035000602155207776 0.9376161434801362
vn -0.34299951397375356 -0.037199947994073355 0.9385986880893278
vn -0.346202467684762 -0.035000250705944154 0.9375067113463789
vn -0.4133082895762893 0.03500070150349059 0.9099182428448095
vn -0.37839953375913316 0.0162999802548195 0.9254988403529003
vn -0.3798100103823628 0.01610042528319671 0.9249243927581592
vn -0.379105486408075 0.01610023380907616 0.9252133876282759
vn -0.34959613335791884 -0.004499950199313321 0.936889691473546
vn -0.3806877830426874 0.0156994959043058 0.9245703530128979
vn 0.9312833001913637 0.07869858864502108 0.3556936138447866
vn 0.9356992436243556 0.0746999375712641 0.34479971694834377
vn 0.9355198865252519 0.07460158742661444 0.3453073197446137
vn 0.9333530027400986 0.07270412855537792 0.3515199595571276
vn 0.93736521733571 0.06829746822882007 0.3415873316777287
vn 0.9331827371539517 0.07259865647840513 0.3519934859559037
vn 0.9188333238990142 0.1569056947676023 0.36211313956025604
vn 0.9188333238990142 0.1569056947676023 0.36211313956025604
vn 0.9188333238990142 0.1569056947676023 0.36211313956025604
vn 0.9215096531860341 0.15880166474057764 0.3544037109858984
vn 0.9215096531860341 0.15880166474057764 0.3544037109858984
vn 0.9215096531860341 0.15880166474057764 0.3544037109858984
vn 0.35139079804667084 0.044398837923600505 -0.9351755184130718
vn 0.3431077408456072 0.035600801141061025 -0.9386211488827312
vn 0.34319595434740463 0.03559957966874193 -0.9385889445582573
vn 0.3515010254178872 0.03580010276665825 -0.9355027427923827
vn 0.343400352057279 0.02700002826106513 -0.9388009355986169
vn 0.351588654178812 0.03579884443932375 -0.9354698610802705
vn 0.40081138544117345 0.015700445796976898 -0.9160260527422261
vn 0.37838615037889256 -0.01229954947546269 -0.9255661198877921
vn 0.3802093063279819 -0.012000293877404112 -0.9248226188456091
vn 0.37759504731083626 -0.01239983724823005 -0.925887803290736
vn 0.3473070812798879 -0.039500807995788076 -0.9369191413673461
vn 0.3790057046007084 -0.012200183134561097 -0.9253139096607182
vn -0.9322915000611504 -0.06779938423246651 -0.35529678075016147
vn -0.9358359919091142 -0.07290279980861096 -0.34481325094542103
vn -0.9356621147939085 -0.07289704566572712 -0.3452860085097567
vn -0.9331905965363206 -0.0743992504398317 -0.351596447749657
vn -0.9366791128865001 -0.07929823412979083 -0.3410924061688507
vn -0.9330334261051632 -0.07440266352073441 -0.3520125983988091
vn -0.9183809310102135 -0.1588966952189833 -0.36239247481880593
vn -0.9183809310102135 -0.1588966952189833 -0.36239247481880593
vn -0.9183809310102135 -0.1588966952189833 -0.36239247481880593
vn -0.9218933884358412 -0.1567988817047901 -0.35429746125877093
vn -0.9218933884358412 -0.1567988817047901 -0.35429746125877093
vn -0.9218933884358412 -0.1567988817047901 -0.35429746125877093
vn -0.7177899021583218 -0.43469388412810583 0.5438923454702849
vn -0.7177899021583218 -0.43469388412810583 0.5438923454702849
vn -0.7177899021583218 -0.43469388412810583 0.5438923454702849
vn -0.7220169730349139 -0.4350102267964486 0.5380126329669247
vn -0.7220169730349139 -0.4350102267964486 0.5380126329669247
vn -0.7220169730349139 -0.4350102267964486 0.5380126329669247
vn -0.6302099601862925 0.1458022922336507 -0.7626120230244241
vn -0.6384046654117064 0.13080094602373885 -0.758505501430189
vn -0.637773429098364 0.13119453929276234 -0.758968409089518
vn -0.6381133152800775 0.13100272508861413 -0.7587158116723451
vn -0.6476988632282065 0.11609979248633615 -0.7529986857608179
vn -0.6377057565618524 0.131301183211852 -0.759006829570751
vn 0.7175106192451643 0.43650649062958835 -0.5428080645206572
vn 0.7175106192451643 0.43650649062958835 -0.5428080645206572
vn 0.7175106192451643 0.43650649062958835 -0.5428080645206572
vn 0.7222158051416382 0.4343095241337952 -0.5383117758792684
vn 0.7222158051416382 0.4343095241337952 -0.5383117758792684
vn 0.7222158051416382 0.4343095241337952 -0.5383117758792684
vn 0.6257217437036005 -0.12400430770275886 0.7701267630252081
vn 0.6388073289091362 -0.12880147739642864 0.7585086525231418
vn 0.6384760598890178 -0.1288951784033821 0.7587716085443337
vn 0.6361273958827129 -0.13070563733167365 0.7604327534879064
vn 0.6486081604491264 -0.1358017163056501 0.7489094391495145
vn 0.635786994417038 -0.13089731712085265 0.7606844221493642
vn 0.15169834069639787 -0.9714893215660596 -0.18219800084818943
vn 0.15169834069639787 -0.9714893215660596 -0.18219800084818943
vn 0.15169834069639787 -0.9714893215660596 -0.18219800084818943
vn 0.15169557608356898 -0.9714716167458934 -0.1822946791702769
vn 0.15169557608356898 -0.9714716167458934 -0.1822946791702769
vn 0.15169557608356898 -0.9714716167458934 -0.1822946791702769
vn -0.7587195153185569 0.33890871118050014 -0.5563142839805091
vn -0.7587195153185569 0.33890871118050014 -0.5563142839805091
vn -0.7587195153185569 0.33890871118050014 -0.5563142839805091
vn 0.9815157300204449 -0.14290229086705464 0.1273020305705321
vn 0 0 1
vn 0.9345794097814678 -0.1360969963957492 0.32869276594500635
vn 0 0 1
vn 0 0 1
vn 0 0 1
vn 0 0 1
vn 0 0 1
vn 0 0 1
vn 0.6867925328510112 0.5767937149963701 -0.44229518102821236
vn 0.6890108195564145 0.5725089718712192 -0.44440698426235126
vn 0.8147628668076005 -0.015999271113898126 -0.579573545113374
vn -0.0005999977335114056 0.002699989742593887 0.9999961750217397
vn 0 0 1
vn 0.1290960847397255 -0.6918790587304086 0.7103784688426286
vn -0.7028954977781285 -0.5173967178114753 0.48809687112411326
vn -0.7028954977781285 -0.5173967178114753 0.48809687112411326
vn 0.3898185216193907 -0.8272392748000112 0.4046192067003545
vn 0 0 1
vn 0 0 -1
vn 0.534697522294788 0.8204962503068013 0.20219906746642913
vn 0.6094940397766997 -0.10949892923170529 0.7851923331094037
vn 0.6094940397766997 -0.10949892923170529 0.7851923331094037
vn 0.6478007431131478 -0.761800831708547 0.003700004083734539
vn 0 0 1
vn 0 0 1
vn -0.9139956539475215 -0.33179844525221375 0.23349889998296874
vn 0.6427359177572968 -0.040002233508109074 0.7650427186367098
vn 0.6477952339267171 -0.043099680442743545 0.760594341582662
vn 0.6476851099172873 -0.043199007206220226 0.7606824857769687
vn 0.6465912412220142 -0.04359940929973043 0.7615896915555577
vn 0.6513949625756469 -0.04679963468452547 0.7572941284101352
vn 0.6464227718018684 -0.04370153960283067 0.7617268378705923
vn 0.5968302706055973 -0.02290116061400541 0.802040625486877
vn 0.6243131200693057 -0.034400723938420454 0.7804163749575231
vn 0.6233672335357292 -0.03469817644036672 0.7811589650677541
vn 0.6239162716904507 -0.03470090399987006 0.7807203937271521
vn 0.6468109848126645 -0.04840082310785627 0.7611129418477609
vn 0.6227923701104227 -0.035299569465216146 0.7815904324694698
vn 0.7476018670839655 0.2440006059224185 -0.6177015077220239
vn 0.7476018670839655 0.2440006059224185 -0.6177015077220239
vn 0.7476018670839655 0.2440006059224185 -0.6177015077220239
vn 0.7426723184524359 0.24589084641656234 -0.6228768088900325
vn 0.7426723184524359 0.24589084641656234 -0.6228768088900325
vn 0.7426723184524359 0.24589084641656234 -0.6228768088900325
vn 0.7414006664715608 0.30450028590599143 -0.5980005247812873
vn 0.7414006664715608 0.30450028590599143 -0.5980005247812873
vn 0.7414006664715608 0.30450028590599143 -0.5980005247812873
vn 0.7382171958810319 0.3057071215073739 -0.6013140008059201
vn 0.7382171958810319 0.3057071215073739 -0.6013140008059201
vn 0.7382171958810319 0.3057071215073739 -0.6013140008059201
vn -0.644108135539886 0.045000569450810116 -0.7636096244027014
vn -0.644108135539886 0.045000569450810116 -0.7636096244027014
vn -0.644108135539886 0.045000569450810116 -0.7636096244027014
vn -0.6503786435180632 0.04329857842921083 -0.7583751401263187
vn -0.6503786435180632 0.04329857842921083 -0.7583751401263187
vn -0.6503786435180632 0.04329857842921083 -0.7583751401263187
vn -0.6100939318048486 0.06579935234131519 -0.7895921982937549
vn -0.6251820139720067 0.03749892425806914 -0.7795776292874196
vn -0.6238901442023052 0.03799939871564595 -0.780587684801955
vn -0.6247897595086158 0.03759938160272412 -0.7798871988411264
vn -0.6451222531356811 0.00900031010788721 -0.7640263561730732
vn -0.6237803470725488 0.03799880281892001 -0.7806754572742629
vn -0.7474054580784434 -0.24560179824969858 0.6173044936909714
vn -0.7474054580784434 -0.24560179824969858 0.6173044936909714
vn -0.7474054580784434 -0.24560179824969858 0.6173044936909714
vn -0.7428962893400076 -0.24439876929446477 0.6231968748735818
vn -0.7428962893400076 -0.24439876929446477 0.6231968748735818
vn -0.7428962893400076 -0.24439876929446477 0.6231968748735818
vn -0.7458223339919278 -0.2985089330888121 0.595517810804188
vn -0.7364226922369794 -0.3035093456634782 0.6046186363761592
vn -0.736625604312545 -0.30341056359759505 0.6044210030835855
vn -0.7431758313860282 -0.3058900580331831 0.595080629864678
vn -0.7334676322446377 -0.3100863035268901 0.6048733064158758
vn -0.7433317692615702 -0.3058130525245634 0.59492542197495
vn 0.5501669123160429 -0.7310560754841714 0.4035757464099066
vn 0.5477130658097742 -0.7312174392966243 0.4066097072251788
vn 0.5501669123160429 -0.7310560754841714 0.4035757464099066
vn 0.5415922326783518 -0.7316895244638354 0.4138940604700248
vn 0.5415922326783518 -0.7316895244638354 0.4138940604700248
vn 0.5429080987634483 -0.7316108654389145 0.4123061215514276
vn -0.4603179205372826 0.27791083052616866 0.8431328378781644
vn -0.4595887644706721 0.17619569438672186 0.8704787446295872
vn -0.4646889824705546 0.1828956550055455 0.8663794370543273
vn -0.4563889582356947 0.1720958263448239 0.8729788917008414
vn -0.4371019262393662 0.057000252103921824 0.8976039646402666
vn -0.4598103306183706 0.1764039672057009 0.8703195391410644
vn -0.5436692284383269 0.7384582299306462 -0.398877440696978
vn -0.5385918517382996 0.7346888715528288 -0.4124937323857664
vn -0.5402792541358946 0.7340717811719505 -0.4113841849626713
vn -0.5382756270196172 0.7377666266729452 -0.40738158270135505
vn -0.5343874044256351 0.7336827032642582 -0.4196901153495077
vn -0.5398903992049001 0.7371869058114886 -0.40629277958937104
vn 0.5666108409621726 -0.2064039471373864 -0.7977152157946131
vn 0.4719961981882853 -0.16619865737127773 -0.8657930440837402
vn 0.47589826174558536 -0.1710993825769823 -0.8626968446385472
vn 0.4675086598580608 -0.15930294990431468 -0.869516085595605
vn 0.3766864941948124 -0.1502946019036142 -0.9140671844727035
vn 0.47189329240831523 -0.16599763898695824 -0.8658876973550299
vn -0.10849541530842487 -0.9940580020285801 -0.00879962840124513
vn -0.10849541530842487 -0.9940580020285801 -0.00879962840124513
vn -0.10849541530842487 -0.9940580020285801 -0.00879962840124513
vn -0.10839660068871358 -0.9940687812318634 -0.008799723821213743
vn -0.10839660068871358 -0.9940687812318634 -0.008799723821213743
vn -0.10839660068871358 -0.9940687812318634 -0.008799723821213743
vn -0.243289182272694 0.3371849851959434 0.9094595425567293
vn -0.243289182272694 0.3371849851959434 0.9094595425567293
vn -0.243289182272694 0.3371849851959434 0.9094595425567293
vn 0.2012976858789667 -0.9737888321363967 0.10589878217527114
vn 0 0 1
vn 0.17158824708487572 -0.8305431398237922 0.5298637243235059
vn 0 0 1
vn 0 0 1
vn 0 0 1
vn 0 0 1
vn 0 0 1
vn 0 0 1
vn -0.264301747314121 0.8652057398835551 -0.42610282097077534
vn -0.264301747314121 0.8652057398835551 -0.42610282097077534
vn -0.6412571961004473 0.6309578436998865 -0.43667082330169743
vn 0 0 1
vn 0 0 1
vn -0.5596910493279947 0.10129837895459883 0.8224868191790665
vn 0.3433065790033559 -0.8379160044868192 0.4243080982468486
vn 0.3433065790033559 -0.8379160044868192 0.4243080982468486
vn 0.3433065790033559 -0.8379160044868192 0.4243080982468486
vn 0.5011870798622539 -0.010299734263144431 -0.8652776585889963
vn 0 0 -1
vn 0.6805071394610531 -0.014000147911459265 -0.7326076910604967
vn 0.5328830829290778 -0.21819308123382117 -0.8175740940304388
vn 0.5328830829290778 -0.21819308123382117 -0.8175740940304388
vn 0.5328830829290778 -0.21819308123382117 -0.8175740940304388
vn -0.29708066819878576 0.8769428870879573 -0.3777753953983783
vn 0 0 -1
vn -0.30950109822913674 0.9136032433376985 -0.26370093658877364
vn 0.35900925772836334 0.004300111063888773 -0.9333240926442262
vn 0.35900925772836334 0.004300111063888773 -0.9333240926442262
vn 0.35900925772836334 0.004300111063888773 -0.9333240926442262
vn 0.35279464444163483 0.005299919214684955 -0.9356857644047057
vn 0.35279464444163483 0.005299919214684955 -0.9356857644047057
vn 0.35279464444163483 0.005299919214684955 -0.9356857644047057
vn 0.52190596324376 -0.025900296730358815 -0.8526097232379435
vn 0.41848811262762003 -0.016399534000258908 -0.9080742011939039
vn 0.42349387101231434 -0.01959971651062179 -0.9056869173879616
vn 0.41102259776426225 -0.011700642596508585 -0.9115500639514793
vn 0.32910573819491545 -0.03000052124515689 -0.9438163920022785
vn 0.4186903935973972 -0.016499620966763325 -0.9079791389768874
vn -0.9283778763933396 0.10049760976381387 -0.3577914882374276
vn -0.9283778763933396 0.10049760976381387 -0.3577914882374276
vn -0.9283778763933396 0.10049760976381387 -0.3577914882374276
vn -0.9310065159009941 0.10220071738570155 -0.35040245535061515
vn -0.9310065159009941 0.10220071738570155 -0.35040245535061515
vn -0.9310065159009941 0.10220071738570155 -0.35040245535061515
vn -0.7863831996176288 0.46269011254085196 -0.40929124485636637
vn -0.8057922215465243 0.4580955572414562 -0.3752963577371312
vn -0.8033482377565585 0.45527068006980276 -0.3838752619826018
vn -0.8080797883545013 0.46038847857916937 -0.3674908222588722
vn -0.8229298464075762 0.4503163418572987 -0.3464125577225279
vn -0.8053228089962923 0.45751297029389243 -0.377010683301125
vn -0.35909970079834036 0 0.9332992043747507
vn -0.3556102764655939 -0.0037001069331758746 0.9346270060728755
vn -0.355697746754146 -0.0035999772727817432 0.9345941114289448
vn -0.3559056888774318 -0.003600057587447007 0.9345149438131247
vn -0.3524944920919968 -0.007299886280436431 0.9357854159502048
vn -0.3561136028126364 -0.003600137526926921 0.9344357339601216
vn -0.4479906212512601 0.10889771998423316 0.8873813666362088
vn -0.41491594021934747 0.027801067075449725 0.9094349142304584
vn -0.42101304903456616 0.030900957138972247 0.9065280709335554
vn -0.4099806609318354 0.024798831150771295 0.9117570266444075
vn -0.36031270705909374 -0.057902041660267786 0.931032817199974
vn -0.4141888407311039 0.027499258427610133 0.9097754640567947
vn 0.9281570812329415 -0.10219527516835714 0.35788344232502667
vn 0.9281570812329415 -0.10219527516835714 0.35788344232502667
vn 0.9281570812329415 -0.10219527516835714 0.35788344232502667
vn 0.9311935546578055 -0.10049930392392503 0.3503975651664364
vn 0.9311935546578055 -0.10049930392392503 0.3503975651664364
vn 0.9311935546578055 -0.10049930392392503 0.3503975651664364
vn 0.7863463492820963 -0.45432676351505696 0.4186246659295803
vn 0.8054787483020684 -0.4584879176960858 0.37549010021629126
vn 0.7978265354345784 -0.4615153362803398 0.38791289451950717
vn 0.8107055049913501 -0.45630308925869073 0.3668025012315145
vn 0.8228144692579397 -0.4603081039068118 0.3333058635210172
vn 0.8045903552491812 -0.4588945035673417 0.3768954693753686
vn -0.153804633702623 -0.4730142535587124 -0.8675261670877115
vn -0.153804633702623 -0.4730142535587124 -0.8675261670877115
vn -0.153804633702623 -0.4730142535587124 -0.8675261670877115
vn -0.1465089631808585 -0.4736289555698387 -0.8684530707836168
vn -0.1465089631808585 -0.4736289555698387 -0.8684530707836168
vn -0.1465089631808585 -0.4736289555698387 -0.8684530707836168
vn 0.9733222234868573 0.10880248790462761 -0.202004623443038
vn 0.9731623121430867 0.09389636395937875 -0.21009185386285073
vn 0.9732942230138497 0.09429944406736986 -0.20929875846849078
vn 0.9730820320491563 0.09359826853672028 -0.21059611352067434
vn 0.9721911014923479 0.07889928168623131 -0.22049799438655257
vn 0.9731827528227446 0.09389833619512276 -0.20999626679570435
vn 0.16139454503453968 0.47388395821115453 0.8656707197215479
vn 0.14490581264211216 0.4723189584006733 0.8694349354597113
vn 0.1457001070355848 0.4714003623818741 0.8698006536879913
vn 0.153998906388456 0.4762966213409885 0.865693863516612
vn 0.13830498676630637 0.47411708305653677 0.8695313232940679
vn 0.1549034720996525 0.47541065848787145 0.8660194109415797
vn -0.9770099840216723 -0.0884009023811475 0.1940019885984952
vn -0.9733562155573315 -0.09209585943411763 0.2099905481468171
vn -0.973428929926715 -0.09220274410094392 0.2096062316869093
vn -0.9736114292997594 -0.09300109678553578 0.20840244896249904
vn -0.9697558321835064 -0.09719557245366407 0.22388980915057155
vn -0.9736907536608482 -0.09329911510017404 0.20789803115203806
vn 0.03879979759601009 -0.995094800975441 0.09099952075783863
vn 0.03879979759601009 -0.995094800975441 0.09099952075783863
vn 0.03879979759601009 -0.995094800975441 0.09099952075783863
vn 0.03879979759601009 -0.995094800975441 0.09099952075783863
vn 0.03879979759601009 -0.995094800975441 0.09099952075783863
vn 0.03879979759601009 -0.995094800975441 0.09099952075783863
vn 0.857305184155341 0.2950017764505659 -0.4219025635278686
vn 0.857305184155341 0.2950017764505659 -0.4219025635278686
vn 0.857305184155341 0.2950017764505659 -0.4219025635278686
vn 0.612788515707916 0.19509633756460867 -0.7657856449982365
vn 0 0 1
vn 0.7482908193551385 0.23829706696529102 0.619092365923337
vn 0 0 1
vn 0 0 1
vn 0 0 1
vn 0 0 1
vn 0 0 1
vn 0 0 1
vn 0.08410107284572536 0.60690771478035 0.79031008805803
vn 0.08270198629508049 0.6134147209770693 0.785418844662816
vn 0.31788779102649095 0.17539326643551512 0.9317642161004995
vn -0.0024000772815346975 0.011400366738032618 0.9999321333306981
vn 0 0 0.9999999999999999
vn 0.04149741209284624 -0.4858697327911553 0.8730455701434191
vn -0.11390472211290618 -0.5548229830449032 -0.8241341952410037
vn -0.11390472211290618 -0.5548229830449032 -0.8241341952410037
vn -0.11390472211290618 -0.5548229830449032 -0.8241341952410037
vn 0.01449983036638264 -0.15889813832624725 -0.987188501024905
vn 0 0 -1
vn -0.0909040586098309 0.9956444766186362 -0.020700925270682183
vn -0.982400977865318 -0.0740000746049134 0.1715001680691138
vn -0.982400977865318 -0.0740000746049134 0.1715001680691138
vn -0.982400977865318 -0.0740000746049134 0.1715001680691138
vn -0.2936029545371926 -0.04410044629160416 -0.9549096584095861
vn 0 0 1
vn -0.84890876023293 -0.12760131305349695 0.5129052755692939
vn -0.9622958324268334 -0.03609984370291174 0.2695988356402405
vn -0.9622958324268334 -0.03609984370291174 0.2695988356402405
vn -0.9622958324268334 -0.03609984370291174 0.2695988356402405
vn -0.9600753154655822 -0.03539908950145975 0.27749287035188924
vn -0.9600753154655822 -0.03539908950145975 0.27749287035188924
vn -0.9600753154655822 -0.03539908950145975 0.27749287035188924
vn -0.9852319900219602 0.1631053021541375 0.052101691398415965
vn -0.9786717197479715 0.11489668236750417 0.17029508902633916
vn -0.979708529747713 0.11450099458871862 0.16450142545816607
vn -0.977200810995314 0.11650009773755125 0.17750014709076067
vn -0.9611986766371241 0.05459992527417793 0.27039961573769955
vn -0.9786662908709187 0.11479604676362544 0.17039412771689663
vn 0.2680890596115183 0.042398269565586566 0.9624607227593528
vn 0.27959359131317485 0.037699137784213035 0.9593780270086074
vn 0.2795003638917821 0.03780004729930946 0.9594012210793414
vn 0.26748640561505627 0.03429825466370267 0.9629510125329125
vn 0.278800570044354 0.029300059303859805 0.9599019474236592
vn 0.2673926276407348 0.03439905318983935 0.9629734616400525
vn 0.22790198056798727 0.17620153491694332 0.9576083261679078
vn 0.24889168494496047 0.16789438948036484 0.9538681267063462
vn 0.24549671869103404 0.167097765108589 0.9548872697903402
vn 0.24680372969925177 0.1673025253785182 0.9545144231537358
vn 0.2626118037214486 0.15760708172690774 0.9519427757673752
vn 0.243191102527409 0.16659390596791399 0.9555650465278945
vn 0.9623366200495541 0.044401688592465446 -0.26821021561778363
vn 0.9599866862743252 0.036199500606513835 -0.2776961618961981
vn 0.9600133450996987 0.036200505866460744 -0.2776038555306814
vn 0.9622958324268334 0.03609984370291174 -0.2695988356402405
vn 0.9599109357946366 0.02800031922947965 -0.2789031686175547
vn 0.962321776239121 0.0361008169665767 -0.2695060852565838
vn 0.9956875990050228 -0.02209972442727571 -0.0900988755082507
vn 0.9789600341222177 -0.1078955993372098 -0.17319293067296565
vn 0.9808317701810568 -0.10630344258235186 -0.16330528680552686
vn 0.9777827487166052 -0.10859808073958135 -0.17929682978758926
vn 0.9382843112030432 -0.1859968917227914 -0.29159510904624386
vn 0.9789769841589135 -0.1078974674771791 -0.17309593004784873
vn -0.2720968150922039 -0.03619957790847882 -0.9615887446179511
vn -0.2720968150922039 -0.03619957790847882 -0.9615887446179511
vn -0.2720968150922039 -0.03619957790847882 -0.9615887446179511
vn -0.27490356466440113 -0.03560046213670553 -0.9608124880695809
vn -0.27490356466440113 -0.03560046213670553 -0.9608124880695809
vn -0.27490356466440113 -0.03560046213670553 -0.9608124880695809
vn -0.22429853043855866 -0.1623989453468199 -0.9608937255458293
vn -0.24788757705682704 -0.1607919406665569 -0.9553521345334286
vn -0.24170659628182958 -0.16320446412662032 -0.9565261231158275
vn -0.2516971983354891 -0.1593982181045648 -0.9545892982928078
vn -0.26969826329448215 -0.15919897809111647 -0.9496939149803394
vn -0.24618873881406117 -0.16159260522179913 -0.9556562848737897
vn 0.8945143217988394 -0.4318069130637224 -0.11570184928142321
vn 0.8874497377290061 -0.4400750956969871 -0.13699223756113232
vn 0.8881230702721368 -0.4402114222277502 -0.13210342838327296
vn 0.8872148944972932 -0.44010740374069013 -0.13840232712922831
vn 0.8805029856327163 -0.4476015153426375 -0.15610053092429596
vn 0.8877960357684027 -0.44029803253572297 -0.13399940827884416
vn 0.17860883780717843 0.2370117333016217 0.9549472872020371
vn 0.21899749621648607 0.17119805242065725 0.9605890502698248
vn 0.2131941447241141 0.17409521286841967 0.961373555654436
vn 0.2220026666271811 0.17000204160906643 0.9601115153247408
vn 0.2852975685997315 0.10109914090670356 0.953091947851312
vn 0.21909269762285788 0.17119430247273068 0.9605680093825809
vn -0.886255895592413 0.4494776124410322 0.11189442989711029
vn -0.884015373291359 0.44810779165625303 0.13310231719055504
vn -0.8853097822523914 0.4466049346679429 0.1295014354301359
vn -0.8832104196526558 0.44900530327007376 0.13540159619564582
vn -0.8824509165734379 0.4452752494664426 0.15169156882073873
vn -0.8845988972350367 0.4473994541792947 0.13159984578496325
vn -0.1419024574557994 -0.16150280044242116 -0.9766168839505391
vn -0.21839306272249795 -0.1703945798666562 -0.9608694798497622
vn -0.21559477305174127 -0.17109585833217722 -0.9613766697264625
vn -0.22119813456410556 -0.16889857046992873 -0.9604918834423196
vn -0.28508730046704117 -0.19159145149369852 -0.9391581053406037
vn -0.21809990984883829 -0.1705999293052215 -0.9608996271437419
vn -0.051099905133483954 -0.9982981481556323 0.028099948120660828
vn -0.051099905133483954 -0.9982981481556323 0.028099948120660828
vn -0.051099905133483954 -0.9982981481556323 0.028099948120660828
vn -0.051099905133483954 -0.9982981481556323 0.028099948120660828
vn -0.051099905133483954 -0.9982981481556323 0.028099948120660828
vn -0.051099905133483954 -0.9982981481556323 0.028099948120660828
vn 0.39891296742989973 0.31761033457332283 0.8602279464121668
vn 0.39891296742989973 0.31761033457332283 0.8602279464121668
vn 0.39891296742989973 0.31761033457332283 0.8602279464121668
vn 0.3666123975304163 -0.7047238112847962 -0.607420529604681
vn 0 0 1
vn 0.33329257599087303 -0.6405857673965392 0.6917846004345248
vn 0 0 1
vn 0 0 1
vn 0 0 1
vn 0 0 1
vn 0 0 1
vn 0 0 1
vn -0.6596836484983667 0.7488814605840751 -0.06319843271273136
vn -0.6596836484983667 0.7488814605840751 -0.06319843271273136
vn -0.6596836484983667 0.7488814605840751 -0.06319843271273136
vn -0.9670219021407502 0.23190525713999724 0.10530238596972623
vn 0 0 1
vn -0.4911005880757714 0.11780013521152237 0.8631010025111653
vn 0.7111209516966884 -0.7024207415900505 0.030200891412002724
vn 0.7111209516966884 -0.7024207415900505 0.030200891412002724
vn -0.6443192946251031 -0.5769172959079164 -0.5020150199507054
vn 0 0 1
vn 0 0 -1
vn 0.9757998579228739 -0.2172999711158123 0.024399996532096287
vn -0.10200214438054535 -0.1619034054900841 -0.9815206823253821
vn -0.10200214438054535 -0.1619034054900841 -0.9815206823253821
vn -0.10200214438054535 -0.1619034054900841 -0.9815206823253821
vn -0.2653974535939299 0.496795252942799 -0.826292120426764
vn 0 0 1
vn -0.46662522646860344 0.8734471911910658 0.1391075203702596
vn -0.2507988191456322 -0.03529983339120177 -0.9673954073065005
vn -0.2507988191456322 -0.03529983339120177 -0.9673954073065005
vn -0.2507988191456322 -0.03529983339120177 -0.9673954073065005
vn -0.2588054264581439 -0.034300718676201984 -0.9653202639197596
vn -0.2588054264581439 -0.034300718676201984 -0.9653202639197596
vn -0.2588054264581439 -0.034300718676201984 -0.9653202639197596
vn -0.1859954523719734 0.0335991764982176 -0.9819759605181719
vn -0.22138959545141704 0.015999249377569996 -0.9750541887737381
vn -0.21989881492577812 0.015799914295763662 -0.9753947272271287
vn -0.22370437510298832 0.01640032069549208 -0.974519051656183
vn -0.25270987012794016 -0.002900113221792403 -0.9675377568256549
vn -0.22190789627355104 0.016100573421087873 -0.9749346937651563
vn -0.9665558967729243 0.07929638295819383 0.24388887236451712
vn -0.9633417243459513 0.07420321157835964 0.25781118192511826
vn -0.9634553693267506 0.0741965580780089 0.2573880768117113
vn -0.966161094462134 0.07129712938381733 0.24789001369429636
vn -0.9632205596969017 0.06590140643829495 0.2605055815268492
vn -0.9662804769295991 0.07139855829428862 0.2473949995012096
vn -0.9599053242046242 0.156900870294841 0.23230128166744288
vn -0.9599053242046242 0.156900870294841 0.23230128166744288
vn -0.9599053242046242 0.156900870294841 0.23230128166744288
vn -0.9576425004676791 0.15880705422970773 0.24021065926576607
vn -0.9576425004676791 0.15880705422970773 0.24021065926576607
vn -0.9576425004676791 0.15880705422970773 0.24021065926576607
vn 0.2507033154780439 0.03550047107778021 0.9674128199282725
vn 0.2507033154780439 0.03550047107778021 0.9674128199282725
vn 0.2507033154780439 0.03550047107778021 0.9674128199282725
vn 0.25889061784330264 0.035198726015070174 0.9652650919201571
vn 0.25889061784330264 0.035198726015070174 0.9652650919201571
vn 0.25889061784330264 0.035198726015070174 0.9652650919201571
vn 0.19890185755289747 0.014700137514176431 0.9799091575340395
vn 0.22189850369076927 -0.01219991743367013 0.9749934441186819
vn 0.21991069359162455 -0.011900579119451152 0.975447416860936
vn 0.22480541950729602 -0.012500301228974145 0.9743234913668732
vn 0.25450248032749007 -0.03840037581404988 0.9663094217922616
vn 0.22329394195854618 -0.012299666172362757 0.9746735523736456
vn 0.9672600642022067 -0.06549729455482912 -0.24518987051985075
vn 0.9635000498433373 -0.07180000297429272 -0.2579000068336148
vn 0.9636382494908611 -0.0717028468561665 -0.2574102287612323
vn 0.9660372080862625 -0.07390284414935328 -0.24760953580089654
vn 0.9621323400776899 -0.07990267987381319 -0.26060875258826527
vn 0.9661394861255933 -0.07390302139936251 -0.24721010654303743
vn 0.9596978206053776 -0.15889963378283276 -0.23179948125259148
vn 0.9596978206053776 -0.15889963378283276 -0.23179948125259148
vn 0.9596978206053776 -0.15889963378283276 -0.23179948125259148
vn 0.9579235588028889 -0.15680386024717968 -0.24040591694463503
vn 0.9579235588028889 -0.15680386024717968 -0.24040591694463503
vn 0.9579235588028889 -0.15680386024717968 -0.24040591694463503
vn 0.09899696117894417 -0.531783651252478 0.8410741643505152
vn 0.12709736943181468 -0.5444886992807684 0.8290828155492368
vn 0.12220431091799851 -0.5443192333189506 0.8299293214678749
vn 0.12530182830413913 -0.5447079523789783 0.8292120949665053
vn 0.15118988879549694 -0.5556628557167079 0.8175453555019184
vn 0.12100216383029631 -0.5446097518940378 0.8299148718334315
vn -0.9496071524112477 0.19090143957094122 0.24860188345856024
vn -0.9524316952302783 0.13400445872875164 0.273709099157468
vn -0.9532311100790312 0.13680447333528098 0.26950878808112066
vn -0.952251105153737 0.1334931387587538 0.2745858966477027
vn -0.9454315633104635 0.07180239812353073 0.3178105956698787
vn -0.9526820749970963 0.13469746324258916 0.27249487586969084
vn -0.09780146568506168 0.5542082906472985 -0.826612390354544
vn -0.11900428381007827 0.5512198022485043 -0.8258297100758547
vn -0.11490213003807209 0.5497102103053383 -0.8274153643719548
vn -0.1255004877401496 0.5537021505326448 -0.8232032289006823
vn -0.14140866730021318 0.5484336211009825 -0.8241505639495988
vn -0.1211003537233268 0.5520015937916989 -0.8250023907719962
vn 0.9678592275253933 -0.13499432157876817 -0.21219106681346736
vn 0.9528064127886303 -0.13380090387702379 -0.27250184929749355
vn 0.953280394288691 -0.1346972301334189 -0.27039442682714904
vn 0.9523977163320969 -0.1319996787961983 -0.2747993353760288
vn 0.9341610019863172 -0.14359400908959372 -0.3266863678231727
vn 0.9527931915776965 -0.13369904626524876 -0.272598054121723
vn -0.05820288563927426 -0.9840487862844021 -0.1681083291079205
vn -0.05820288563927426 -0.9840487862844021 -0.1681083291079205
vn -0.05820288563927426 -0.9840487862844021 -0.1681083291079205
vn -0.05820190686887846 -0.9840322380014525 -0.16820550707595572
vn -0.05820190686887846 -0.9840322380014525 -0.16820550707595572
vn -0.05820190686887846 -0.9840322380014525 -0.16820550707595572
vn -0.871695974260388 0.23449892586026866 0.4302980155992042
vn -0.871695974260388 0.23449892586026866 0.4302980155992042
vn -0.8848387160029461 -0.30111315526056076 -0.3555155613911816
vn 0 0 1
vn 0 0 0.9999999999999999
vn 0.5381133762749157 -0.7762192854648944 0.328508166026934
vn 0 0 1
vn 0 0 1
vn 0 0 1
vn 0 0 1
vn 0 0 1
vn 0 0 1
vn 0.12129724887967695 0.8079817226198089 -0.5765869520953
vn 0.12129724887967695 0.8079817226198089 -0.5765869520953
vn 0.12129724887967695 0.8079817226198089 -0.5765869520953
vn -0.5111953272749077 0.02529976806989749 0.8590921132846637
vn 0 0 0.9999999999999999
vn -0.7107069907841541 0.03520034726718175 0.7026069376278619
vn -0.08159698600620247 -0.7711714882163541 0.6313766448300707
vn -0.08159698600620247 -0.7711714882163541 0.6313766448300707
vn -0.08159698600620247 -0.7711714882163541 0.6313766448300707
vn 0.5525004654192189 0.5425004667047036 -0.6328005051647202
vn 0 0 -1
vn 0.48320206046101805 0.4743020062145156 -0.7359031020909699
vn 0.9736196622647336 -0.13880280253710853 -0.18110365887897023
vn 0.9724128333210027 -0.1449019050279787 -0.18280240565124542
vn 0.4034921216719789 -0.29919416340049665 0.8646831560379338
vn 0.0009999966675141062 0.002399992002033855 0.9999966200168154
vn 0 0 -1
vn -0.8708581640867097 0.48027695043031643 -0.10459497563879827
vn 0.955785258470353 -0.05219919581204383 -0.289395548769044
vn 0.955785258470353 -0.05219919581204383 -0.289395548769044
vn 0.955785258470353 -0.05219919581204383 -0.289395548769044
vn 0.953973423174471 -0.05059859029778281 -0.2955917633099045
vn 0.953973423174471 -0.05059859029778281 -0.2955917633099045
vn 0.953973423174471 -0.05059859029778281 -0.2955917633099045
vn 0.9731853398130048 0.02169967298706276 -0.22899654705977787
vn 0.9664705641319532 0.012099631612028107 -0.25649219789560296
vn 0.9668163525135972 0.011700197886414817 -0.2552043218319838
vn 0.9654643522432804 0.013399504879676588 -0.2601903876326759
vn 0.9591165859815922 0.001900032873393613 -0.28300488400396
vn 0.965840526675588 0.013000545941953276 -0.25881086305685463
vn -0.26929531513076355 0.1998965135040995 -0.9420835510386157
vn -0.2780068255018079 0.19670483815875844 -0.9402230648199096
vn -0.27720106839995656 0.19650075120098087 -0.9405036004478519
vn -0.27639512002020894 0.19629653427955107 -0.940783401351688
vn -0.28381111826856964 0.19260753829031355 -0.9393367795103572
vn -0.2754966011690561 0.19609757762945917 -0.9410883926561607
vn -0.2482916020233968 0.2798905464958671 -0.9273686226883568
vn -0.25460604163839157 0.2770065957574974 -0.9265220501790944
vn -0.2534969516672152 0.2767966622330207 -0.9268888300503403
vn -0.25580835710243377 0.27720906014161334 -0.9261302399835335
vn -0.2606047332672276 0.274104983441948 -0.9257168201188777
vn -0.2546995733835718 0.27699954054816284 -0.926498452159707
vn -0.9548518853966471 0.06350345207375503 0.290215762027469
vn -0.9525017115589741 0.05000009134160087 0.30040053319369514
vn -0.9524969444033424 0.05009983874539566 0.30039902972543236
vn -0.9572070615545609 0.052500386176652765 0.2846020919835015
vn -0.9548724384858008 0.039398861827236425 0.2943915010778989
vn -0.9572342968482173 0.05250187996362115 0.28451019935634014
vn -0.9699559426777155 0.013799372638656833 0.24288895935995938
vn -0.9660159150146368 -0.009600158413849386 0.2583042564435646
vn -0.9664442202053527 -0.009200420914986145 0.25671174785477713
vn -0.9655017875351289 -0.010100018335765723 0.26020047635638127
vn -0.9591512298927783 -0.03340178290855546 0.2809150033260954
vn -0.9658257475694778 -0.009800261506257119 0.25900691150289457
vn 0.2705927429438019 -0.19189485985056456 0.9433747559846415
vn 0.27800253316832546 -0.1963017906809713 0.9403085655929324
vn 0.2770935659859157 -0.19629544430512033 0.9405781489245135
vn 0.2762919165147608 -0.1964942452048878 0.9407724424482056
vn 0.2831148832736646 -0.20071054487282622 0.937849262965959
vn 0.27549548377618893 -0.1965967825410519 0.9409845607200099
vn 0.2472024014732056 -0.2747026576021063 0.929209030634238
vn 0.25460604163839157 -0.2770065957574974 0.9265220501790944
vn 0.25300093904031157 -0.27720105192605116 0.9269035018036189
vn 0.2560070166059366 -0.27670756085523357 0.9262253144964648
vn 0.2624013616943423 -0.27880145611351276 0.9238047810278641
vn 0.2547066287280521 -0.2769071944213505 0.9265241167717582
vn 0.5074926385135831 0.1442979077850826 -0.8494876901187972
vn 0.4984162944744497 0.14140461659177578 -0.8553279673954849
vn 0.4984233403177135 0.14130660917748258 -0.8553400587072342
vn 0.5076008123115606 0.13780021111543234 -0.8505013328368075
vn 0.5001184236828631 0.13460495279061468 -0.8554315103953118
vn 0.5077042333538018 0.138001140151179 -0.8504070182868925
vn 0.9905231091010555 0.02780064868548935 -0.13450313851150406
vn 0.9884193682193557 0.026000510481767977 -0.1495029296821208
vn 0.9884244884637532 0.025800640551548255 -0.14950370414239825
vn 0.9906144585212413 0.019400283927178155 -0.13530197172330086
vn 0.9890784864071634 0.016199648396645342 -0.1464968228950361
vn 0.9906334778931988 0.019800669247088457 -0.13510457421787286
vn 0.7269077282361107 -0.11220119513278493 0.6775072298074694
vn 0.7269077282361107 -0.11220119513278493 0.6775072298074694
vn 0.7269077282361107 -0.11220119513278493 0.6775072298074694
vn 0.7252340641480154 -0.11320531905937706 0.6791318781621261
vn 0.7252340641480154 -0.11320531905937706 0.6791318781621261
vn 0.7252340641480154 -0.11320531905937706 0.6791318781621261
vn -0.0812023481439529 -0.16390473518713114 0.9831283824807137
vn -0.0812023481439529 -0.16390473518713114 0.9831283824807137
vn -0.0812023481439529 -0.16390473518713114 0.9831283824807137
vn -0.0810036529716873 -0.1639073939852224 0.9831443304023146
vn -0.0810036529716873 -0.1639073939852224 0.9831443304023146
vn -0.08569694761354993 -0.16319419728491974 0.9828650401465359
vn -0.829684209276625 -0.08839831715999505 0.5511894868376052
vn -0.8263846250843955 -0.09169829850099499 0.5555896628593318
vn -0.8264698224439311 -0.09159665647460241 0.5554796891985977
vn -0.8293821201111914 -0.09239800724602759 0.5509881188345431
vn -0.8258560043959939 -0.09529491771337685 0.555770401030034
vn -0.8294666911304935 -0.09229628929177548 0.5508778478828125
vn 0.5090115979448143 0.5167117993804666 0.6884156517240634
vn 0.5090115979448143 0.5167117993804666 0.6884156517240634
vn 0.5090115979448143 0.5167117993804666 0.6884156517240634
vn 0.5090291507414695 0.5165295730689066 0.6885394134257469
vn 0.5090291507414695 0.5165295730689066 0.6885394134257469
vn 0.5090291507414695 0.5165295730689066 0.6885394134257469
vn -0.9551840226749201 0.047999196707508476 -0.2920951213936854
vn -0.9513043659931594 0.04920022288997668 -0.30430139879719537
vn -0.9513845449415189 0.048299218073825936 -0.3041950577834489
vn -0.9546014470490253 0.05150007939255745 -0.29340044157169753
vn -0.9509868910165714 0.0515992918216342 -0.30489579563867675
vn -0.9547942303654247 0.05019969654693866 -0.29299823912012124
vn -0.366497865382832 0.1490991411956729 -0.9183946650348859
vn -0.3484926178149279 0.14969682409081436 -0.9252803662596663
vn -0.3490148910107798 0.14810631974545707 -0.9253394641450184
vn -0.364390089604938 0.15429580809029977 -0.9183750139259379
vn -0.3467149336253177 0.15280656981249535 -0.9254398451673292
vn -0.3649075860467603 0.15280317332662754 -0.9184191003386409
vn -0.590904007580081 -0.7321049702953313 0.3389022960894061
vn -0.590904007580081 -0.7321049702953313 0.3389022960894061
vn -0.590904007580081 -0.7321049702953313 0.3389022960894061
vn -0.5907073043692287 -0.7323090751382473 0.33880421932880994
vn -0.5907073043692287 -0.7323090751382473 0.33880421932880994
vn -0.5907073043692287 -0.7323090751382473 0.33880421932880994
vn 0.50470227556203 0.2675012165225621 -0.8208036989447951
vn 0.50470227556203 0.2675012165225621 -0.8208036989447951
vn 0.50470227556203 0.2675012165225621 -0.8208036989447951
vn 0.5051111096174398 0.2676058794711264 -0.8205180438074007
vn 0.5051111096174398 0.2676058794711264 -0.8205180438074007
vn 0.5051111096174398 0.2676058794711264 -0.8205180438074007
vn -0.25829833608041974 -0.6522957820619569 -0.7125953846905456
vn -0.25829833608041974 -0.6522957820619569 -0.7125953846905456
vn -0.25829833608041974 -0.6522957820619569 -0.7125953846905456
vn -0.25829833608041974 -0.6522957820619569 -0.7125953846905456
vn -0.25829833608041974 -0.6522957820619569 -0.7125953846905456
vn -0.25829833608041974 -0.6522957820619569 -0.7125953846905456
vn -0.009899728825383038 0.9459740728580706 0.32409111195695856
vn -0.009899728825383038 0.9459740728580706 0.32409111195695856
vn -0.009899728825383038 0.9459740728580706 0.32409111195695856
vn -0.009900049581737453 0.9460047229092319 0.32400162538435956
vn -0.009900049581737453 0.9460047229092319 0.32400162538435956
vn -0.009900049581737453 0.9460047229092319 0.32400162538435956
vn -0.5929884868911343 0.535889596986595 0.6009883478538562
vn -0.5929884868911343 0.535889596986595 0.6009883478538562
vn -0.5929884868911343 0.535889596986595 0.6009883478538562
vn -0.5930851086748944 0.5357865172531211 0.6009849097921343
vn -0.5930851086748944 0.5357865172531211 0.6009849097921343
vn -0.5930851086748944 0.5357865172531211 0.6009849097921343
vn 0.6957161418964103 -0.7012162881872606 -0.1558036170493313
vn 0.6957161418964103 -0.7012162881872606 -0.1558036170493313
vn 0.6957161418964103 -0.7012162881872606 -0.1558036170493313
vn 0.6957677441753775 -0.7011674957957712 -0.15579277584212237
vn 0.6957677441753775 -0.7011674957957712 -0.15579277584212237
vn 0.6957677441753775 -0.7011674957957712 -0.15579277584212237
vn -0.6810072466658255 0.7318078131296516 0.026200279216614934
vn -0.6810072466658255 0.7318078131296516 0.026200279216614934
vn -0.6810072466658255 0.7318078131296516 0.026200279216614934
vn -0.6809037922681318 0.7319040770301167 0.026200146976116282
vn -0.6809037922681318 0.7319040770301167 0.026200146976116282
vn -0.6809037922681318 0.7319040770301167 0.026200146976116282
vn -0.06340044309503416 0.4401030876991886 0.8957062330993314
vn -0.06340044309503416 0.4401030876991886 0.8957062330993314
vn -0.06340044309503416 0.4401030876991886 0.8957062330993314
vn -0.06340044309503416 0.4401030876991886 0.8957062330993314
vn -0.06340044309503416 0.4401030876991886 0.8957062330993314
vn -0.06340044309503416 0.4401030876991886 0.8957062330993314
vn 0.4986065879218445 0.23590311375884473 -0.8341110186299048
vn 0.49899028497046327 0.23589540091504446 -0.8338837181119597
vn 0.4914167885917738 0.23780812483050032 -0.837828643372109
vn 0.5017094758826031 0.23210438618484763 -0.833315759915387
vn 0.49459975358162056 0.23409988338535798 -0.8369995987788537
vn 0.49421475427914263 0.23410699225256815 -0.8372249953454941
vn -0.6784609977152062 -0.6845606460493088 -0.2665846890949292
vn -0.6784609977152062 -0.6845606460493088 -0.2665846890949292
vn -0.6784609977152062 -0.6845606460493088 -0.2665846890949292
vn -0.6784609977152062 -0.6845606460493088 -0.2665846890949292
vn -0.6784609977152062 -0.6845606460493088 -0.2665846890949292
vn -0.6784609977152062 -0.6845606460493088 -0.2665846890949292
vn 0.5112103710769781 -0.7454151182842135 0.42780866977735554
vn 0.5112103710769781 -0.7454151182842135 0.42780866977735554
vn 0.5112103710769781 -0.7454151182842135 0.42780866977735554
vn 0.5111040066897521 -0.7456058386255506 0.4276033532997268
vn 0.5111040066897521 -0.7456058386255506 0.4276033532997268
vn 0.5111040066897521 -0.7456058386255506 0.4276033532997268
vn -0.061401494633257454 -0.7593184767478616 0.6478157973730723
vn -0.061401494633257454 -0.7593184767478616 0.6478157973730723
vn -0.061401494633257454 -0.7593184767478616 0.6478157973730723
vn -0.0613975186409499 -0.7592693078401572 0.6478738016594457
vn -0.0613975186409499 -0.7592693078401572 0.6478738016594457
vn -0.0613975186409499 -0.7592693078401572 0.6478738016594457
vn -0.006099840012890681 -0.9969738495467558 -0.07749796946849388
vn -0.006099840012890681 -0.9969738495467558 -0.07749796946849388
vn -0.006099840012890681 -0.9969738495467558 -0.07749796946849388
vn -0.006099887255023646 -0.9969815709248678 -0.07739856982954495
vn -0.006099887255023646 -0.9969815709248678 -0.07739856982954495
vn -0.006099887255023646 -0.9969815709248678 -0.07739856982954495
vn 0.9896622062793026 0.04979809839570438 -0.13449485811195405
vn 0.9896622062793026 0.04979809839570438 -0.13449485811195405
vn 0.9896622062793026 0.04979809839570438 -0.13449485811195405
vn 0.9896705786131401 0.04989851466995702 -0.134395997192121
vn 0.9896705786131401 0.04989851466995702 -0.134395997192121
vn 0.9896705786131401 0.04989851466995702 -0.134395997192121
vn 0.35059646356815904 0.8697911876726222 -0.34719649995434837
vn 0.35059646356815904 0.8697911876726222 -0.34719649995434837
vn 0.35059646356815904 0.8697911876726222 -0.34719649995434837
vn 0.3505842915937924 0.8697609903456642 -0.34728442833016265
vn 0.3505842915937924 0.8697609903456642 -0.34728442833016265
vn 0.3505842915937924 0.8697609903456642 -0.34728442833016265
vn 0.7326899702604888 -0.21049712322223862 0.6471911376053024
vn 0.7333098364962238 -0.20920280939392236 0.6469087016261041
vn 0.7285035248125927 -0.20610099670799645 0.6533031405799289
vn 0.7346071020747771 -0.2027019615958341 0.6475062318978088
vn 0.7288989965977533 -0.20629971697890062 0.6527991111614765
vn 0.723580865564853 -0.20439460630574702 0.6592826221746914
vn -0.0805967905491544 -0.3070877659349061 0.9482622323842093
vn -0.0805967905491544 -0.3070877659349061 0.9482622323842093
vn -0.0805967905491544 -0.3070877659349061 0.9482622323842093
vn -0.08069861481228989 -0.3069947317247737 0.9482836960849911
vn -0.08069861481228989 -0.3069947317247737 0.9482836960849911
vn -0.08069861481228989 -0.3069947317247737 0.9482836960849911
vn -0.8292695523886013 -0.17669351138930214 0.5301805470913916
vn -0.8346052515585936 -0.17140107998316217 0.5235033370012292
vn -0.8292695523886013 -0.17669351138930214 0.5301805470913916
vn -0.8294931534132448 -0.17649853164083226 0.5298956281846279
vn -0.8294931534132448 -0.17649853164083226 0.5298956281846279
vn -0.8252559221798249 -0.18479013402458497 0.5336714994023034
vn -0.953662072875307 0.08679654911750925 -0.2880885451045639
vn -0.953662072875307 0.08679654911750925 -0.2880885451045639
vn -0.953662072875307 0.08679654911750925 -0.2880885451045639
vn -0.9537508375213548 0.08649553589493317 -0.2878851545279167
vn -0.9537508375213548 0.08649553589493317 -0.2878851545279167
vn -0.9537508375213548 0.08649553589493317 -0.2878851545279167
vn -0.35931873293030325 0.28401482612847373 -0.8889463576080248
vn -0.3636967237590185 0.2791974707254926 -0.8886919969637646
vn -0.35931873293030325 0.28401482612847373 -0.8889463576080248
vn -0.3596874581358954 0.2837901149737228 -0.8888690022173907
vn -0.3596874581358954 0.2837901149737228 -0.8888690022173907
vn -0.35379682957912145 0.2860974373880571 -0.8904920323617436
vn -0.3542093264966708 0.2412063473565773 -0.903523796597341
vn -0.35558400901293136 0.24278907924002538 -0.9025594027741732
vn -0.3422081962178045 0.24830594020057875 -0.9062216674205398
vn -0.3596057677948518 0.24260388003763836 -0.9010144555773554
vn -0.3476913240116264 0.2495937652190387 -0.9037774590964447
vn -0.34619627350604143 0.24799733412831307 -0.9047902864618852
vn 0.9887303584476612 0.04770146503319234 -0.1419043639837997
vn 0.9887303584476612 0.04770146503319234 -0.1419043639837997
vn 0.9887303584476612 0.04770146503319234 -0.1419043639837997
vn 0.9890334312327232 0.0482016282930133 -0.13960470956929877
vn 0.9890334312327232 0.0482016282930133 -0.13960470956929877
vn 0.9890334312327232 0.0482016282930133 -0.13960470956929877
vn 0.7239951841147731 -0.1762988369900762 0.6668955641287188
vn 0.7251951202282371 -0.17399882478881223 0.6661955017630072
vn 0.7136043622463436 -0.17240105645614345 0.6790041899103383
vn 0.7286318030640055 -0.17210749877331363 0.6629288833877208
vn 0.718503776110838 -0.16850088750924522 0.6748035081585332
vn 0.7171690093246962 -0.17109261664755218 0.6755708168600296
vn -0.08609833003381076 -0.25279509290090374 0.9636813366308451
vn -0.08649667503711873 -0.25349028059328976 0.9634630261988565
vn -0.08040112160652658 -0.2568035862256712 0.9631134812399038
vn -0.0868998738788414 -0.2595996270054349 0.9617985472948483
vn -0.0807012524349301 -0.25670398469476596 0.9631149319251898
vn -0.0807012524349301 -0.25670398469476596 0.9631149319251898
vn -0.8240631513525736 -0.15289315544992704 0.5454755774546006
vn -0.8244861762284753 -0.1526974422518036 0.5448908480951983
vn -0.8191295453578051 -0.15410555512597482 0.5525199234427938
vn -0.8270884219669365 -0.1538978470487792 0.5405924480808009
vn -0.8220661210440859 -0.1553935920701916 0.5477774403670281
vn -0.8216855435233978 -0.15559726328863488 0.5482903967987636
vn -0.953115556179766 0.06740109925555259 -0.2950047938377928
vn -0.9534670244732887 0.06859762846681185 -0.2935898475948755
vn -0.949891287657933 0.07439932012178024 -0.30359723779535747
vn -0.9543178755716806 0.06820127810061766 -0.2909054451704143
vn -0.9510826262193208 0.07539862561614893 -0.29959453492838545
vn -0.9507967118651983 0.07419974015758148 -0.3007989548965798
vn 0.35330156113012 -0.6598028987961743 -0.663202941521813
vn 0.35330156113012 -0.6598028987961743 -0.663202941521813
vn 0.35330156113012 -0.6598028987961743 -0.663202941521813
vn 0.35327814060542057 -0.6597591601553412 -0.6632589282938417
vn 0.35327814060542057 -0.6597591601553412 -0.6632589282938417
vn 0.35327814060542057 -0.6597591601553412 -0.6632589282938417
vn -0.2609923183797662 0.880474079231433 -0.39578833427517135
vn -0.2609923183797662 0.880474079231433 -0.39578833427517135
vn -0.2609923183797662 0.880474079231433 -0.39578833427517135
vn -0.2609923183797662 0.880474079231433 -0.39578833427517135
vn -0.2609923183797662 0.880474079231433 -0.39578833427517135
vn -0.2609923183797662 0.880474079231433 -0.39578833427517135
vn -0.00859963317663383 0.9461596219267651 0.3235861803980946
vn -0.00859963317663383 0.9461596219267651 0.3235861803980946
vn -0.00859963317663383 0.9461596219267651 0.3235861803980946
vn -0.00859963317663383 0.9461596219267651 0.3235861803980946
vn -0.00859963317663383 0.9461596219267651 0.3235861803980946
vn -0.00859963317663383 0.9461596219267651 0.3235861803980946
vn -0.008900079753153791 0.9458085048503574 0.3246029277950508
vn -0.008900079753153791 0.9458085048503574 0.3246029277950508
vn -0.008900079753153791 0.9458085048503574 0.3246029277950508
vn -0.008900368672436411 0.9458392082060909 0.3245134444943221
vn -0.008900368672436411 0.9458392082060909 0.3245134444943221
vn -0.008900368672436411 0.9458392082060909 0.3245134444943221
vn -0.009699802365144025 0.946180706685675 0.3234934066250404
vn -0.009699802365144025 0.946180706685675 0.3234934066250404
vn -0.009699802365144025 0.946180706685675 0.3234934066250404
vn -0.009700406500370655 0.946139617113841 0.3236135458249579
vn -0.009700406500370655 0.946139617113841 0.3236135458249579
vn -0.009700406500370655 0.946139617113841 0.3236135458249579
vn -0.008499601606537448 0.9459555897165413 0.32418479152569896
vn -0.008499601606537448 0.9459555897165413 0.32418479152569896
vn -0.008499601606537448 0.9459555897165413 0.32418479152569896
vn -0.008499601606537448 0.9459555897165413 0.32418479152569896
vn -0.008499601606537448 0.9459555897165413 0.32418479152569896
vn -0.008499601606537448 0.9459555897165413 0.32418479152569896
vn -0.009600024555388225 0.9458023806837426 0.32460082597168666
vn -0.009600024555388225 0.9458023806837426 0.32460082597168666
vn -0.009600024555388225 0.9458023806837426 0.32460082597168666
vn -0.009600024555388225 0.9458023806837426 0.32460082597168666
vn -0.009600024555388225 0.9458023806837426 0.32460082597168666
vn -0.009600024555388225 0.9458023806837426 0.32460082597168666
vn -0.009199580349905674 0.9462568440947245 0.32328524977993894
vn -0.009199580349905674 0.9462568440947245 0.32328524977993894
vn -0.009199580349905674 0.9462568440947245 0.32328524977993894
vn -0.00909986601688116 0.946186042971639 0.3234952310686303
vn -0.00909986601688116 0.946186042971639 0.3234952310686303
vn -0.00909986601688116 0.946186042971639 0.3234952310686303
vn -0.005599782511635436 -0.9969612938716466 -0.07769698165047684
vn -0.005599782511635436 -0.9969612938716466 -0.07769698165047684
vn -0.005599782511635436 -0.9969612938716466 -0.07769698165047684
vn -0.005599782511635436 -0.9969612938716466 -0.07769698165047684
vn -0.005599782511635436 -0.9969612938716466 -0.07769698165047684
vn -0.005599782511635436 -0.9969612938716466 -0.07769698165047684
vn -0.005699952394168445 -0.9969916353636545 -0.07729935030522554
vn -0.005699952394168445 -0.9969916353636545 -0.07729935030522554
vn -0.005699952394168445 -0.9969916353636545 -0.07729935030522554
vn -0.005699952394168445 -0.9969916353636545 -0.07729935030522554
vn -0.005699952394168445 -0.9969916353636545 -0.07729935030522554
vn -0.005699952394168445 -0.9969916353636545 -0.07729935030522554
vn -0.005999753324494107 -0.9969589811075547 -0.07769680140798366
vn -0.005999753324494107 -0.9969589811075547 -0.07769680140798366
vn -0.005999753324494107 -0.9969589811075547 -0.07769680140798366
vn -0.005999753324494107 -0.9969589811075547 -0.07769680140798366
vn -0.005999753324494107 -0.9969589811075547 -0.07769680140798366
vn -0.005999753324494107 -0.9969589811075547 -0.07769680140798366
vn -0.005599869413770751 -0.9969767655556065 -0.07749819613919842
vn -0.005599869413770751 -0.9969767655556065 -0.07749819613919842
vn -0.005599869413770751 -0.9969767655556065 -0.07749819613919842
vn -0.005599912783977581 -0.996984487001471 -0.07739879621302603
vn -0.005599912783977581 -0.996984487001471 -0.07739879621302603
vn -0.005599912783977581 -0.996984487001471 -0.07739879621302603
vn -0.005999892901038337 -0.9969821740759646 -0.07739861665391326
vn -0.005999892901038337 -0.9969821740759646 -0.07739861665391326
vn -0.005999892901038337 -0.9969821740759646 -0.07739861665391326
vn -0.005899944002508788 -0.9969904788739669 -0.07729926063957708
vn -0.005899944002508788 -0.9969904788739669 -0.07729926063957708
vn -0.005899944002508788 -0.9969904788739669 -0.07729926063957708
vn -0.005799723176179702 -0.9969524066386349 -0.07779628595577895
vn -0.005799723176179702 -0.9969524066386349 -0.07779628595577895
vn -0.005799723176179702 -0.9969524066386349 -0.07779628595577895
vn -0.005799723176179702 -0.9969524066386349 -0.07779628595577895
vn -0.005799723176179702 -0.9969524066386349 -0.07779628595577895
vn -0.005799723176179702 -0.9969524066386349 -0.07779628595577895
vn 0.4647870608839339 0.6176827849320817 -0.6343823494024892
vn 0.4647870608839339 0.6176827849320817 -0.6343823494024892
vn 0.4647870608839339 0.6176827849320817 -0.6343823494024892
vn 0.4647878325180368 0.6177838243775663 -0.6342833886210596
vn 0.4647878325180368 0.6177838243775663 -0.6342833886210596
vn 0.4647878325180368 0.6177838243775663 -0.6342833886210596
vn 0.9119045465047761 0.41040205659985773 0.000500002525460629
vn 0.9119045465047761 0.41040205659985773 0.000500002525460629
vn 0.9119045465047761 0.41040205659985773 0.000500002525460629
vn 0.911812835926511 0.4106057747190191 0.0005000070477853158
vn 0.911812835926511 0.4106057747190191 0.0005000070477853158
vn 0.911812835926511 0.4106057747190191 0.0005000070477853158
vn 0.6685281529912592 0.167707053564458 0.7245305051154324
vn 0.6685281529912592 0.167707053564458 0.7245305051154324
vn 0.6685281529912592 0.167707053564458 0.7245305051154324
vn 0.6686983877548627 0.16759960684642927 0.7243982592462311
vn 0.6686983877548627 0.16759960684642927 0.7243982592462311
vn 0.6686983877548627 0.16759960684642927 0.7243982592462311
vn -0.07769962404334968 0.07169965554867735 0.9943952573387121
vn -0.07769962404334968 0.07169965554867735 0.9943952573387121
vn -0.07769962404334968 0.07169965554867735 0.9943952573387121
vn -0.07769962404334968 0.07169965554867735 0.9943952573387121
vn -0.07769962404334968 0.07169965554867735 0.9943952573387121
vn -0.07769962404334968 0.07169965554867735 0.9943952573387121
vn -0.7679085025682189 0.19390215349036882 0.6105067457082137
vn -0.7679085025682189 0.19390215349036882 0.6105067457082137
vn -0.7679085025682189 0.19390215349036882 0.6105067457082137
vn -0.7679106571078936 0.19420269187075312 0.6104085002441205
vn -0.7679106571078936 0.19420269187075312 0.6104085002441205
vn -0.7679106571078936 0.19420269187075312 0.6104085002441205
vn -0.8851018612812065 0.4433009374570217 -0.14170029642266022
vn -0.8851018612812065 0.4433009374570217 -0.14170029642266022
vn -0.8851018612812065 0.4433009374570217 -0.14170029642266022
vn -0.8852412052233778 0.44302059818831674 -0.14170659178573008
vn -0.8852412052233778 0.44302059818831674 -0.14170659178573008
vn -0.8852412052233778 0.44302059818831674 -0.14170659178573008
vn -0.3370182756469641 0.6322342638743444 -0.6976378125239576
vn -0.3370182756469641 0.6322342638743444 -0.6976378125239576
vn -0.3370182756469641 0.6322342638743444 -0.6976378125239576
vn -0.3371069061295952 0.6322129560005609 -0.6976143003872305
vn -0.3371069061295952 0.6322129560005609 -0.6976143003872305
vn -0.3371069061295952 0.6322129560005609 -0.6976143003872305
vn 0.48157113549535696 -0.24778514768568302 -0.840649607175366
vn 0.4850257902528568 -0.22951219278005672 -0.8438448531305276
vn 0.48491948773339943 -0.22940921449620763 -0.8439339445244578
vn 0.47441045424822303 -0.24570540906541685 -0.8453186220922799
vn 0.474402588951953 -0.2312012497457368 -0.8494045948261015
vn 0.4750949057554234 -0.24619734989745043 -0.8447909181736731
vn 0.9193796289649352 -0.35869206860573993 -0.16149643266534847
vn 0.9193796289649352 -0.35869206860573993 -0.16149643266534847
vn 0.9193796289649352 -0.35869206860573993 -0.16149643266534847
vn 0.9195236806966236 -0.35840922001468145 -0.16130415880131968
vn 0.9195236806966236 -0.35840922001468145 -0.16130415880131968
vn 0.9195236806966236 -0.35840922001468145 -0.16130415880131968
vn 0.6531618711135927 -0.48577166248064463 0.5808661309236245
vn 0.6531618711135927 -0.48577166248064463 0.5808661309236245
vn 0.6531618711135927 -0.48577166248064463 0.5808661309236245
vn 0.6532050311130729 -0.48650376394643313 0.5802045113531286
vn 0.6532050311130729 -0.48650376394643313 0.5802045113531286
vn 0.6532050311130729 -0.48650376394643313 0.5802045113531286
vn -0.07439995612868104 -0.5309997030490944 0.8440994976244353
vn -0.07439995612868104 -0.5309997030490944 0.8440994976244353
vn -0.07439995612868104 -0.5309997030490944 0.8440994976244353
vn -0.07449706954607865 -0.5308791045835204 0.8441667862132732
vn -0.07449706954607865 -0.5308791045835204 0.8441667862132732
vn -0.07449706954607865 -0.5308791045835204 0.8441667862132732
vn -0.7488114903373485 -0.4697072289203335 0.46760717599149426
vn -0.7488114903373485 -0.4697072289203335 0.46760717599149426
vn -0.7488114903373485 -0.4697072289203335 0.46760717599149426
vn -0.7495051676084992 -0.4687032378795799 0.46750323905760643
vn -0.7495051676084992 -0.4687032378795799 0.46750323905760643
vn -0.7495051676084992 -0.4687032378795799 0.46750323905760643
vn -0.8901251275184487 -0.33650948756040894 -0.30730867567007675
vn -0.8901251275184487 -0.33650948756040894 -0.30730867567007675
vn -0.8901251275184487 -0.33650948756040894 -0.30730867567007675
vn -0.890089913659642 -0.3367961916317158 -0.3070965172445686
vn -0.890089913659642 -0.3367961916317158 -0.3070965172445686
vn -0.890089913659642 -0.3367961916317158 -0.3070965172445686
vn -0.34430923241670736 -0.22770609959442664 -0.9108243983777066
vn -0.34430923241670736 -0.22770609959442664 -0.9108243983777066
vn -0.34430923241670736 -0.22770609959442664 -0.9108243983777066
vn -0.34461275165932487 -0.22840846393596 -0.9105337033829137
vn -0.34461275165932487 -0.22840846393596 -0.9105337033829137
vn -0.34461275165932487 -0.22840846393596 -0.9105337033829137
vn 0.6932156900418268 0.7079160184483385 0.13530305947792087
vn 0.6932156900418268 0.7079160184483385 0.13530305947792087
vn 0.6932156900418268 0.7079160184483385 0.13530305947792087
vn 0.6934177098420791 0.707718063295637 0.13530344623267745
vn 0.6934177098420791 0.707718063295637 0.13530344623267745
vn 0.6934177098420791 0.707718063295637 0.13530344623267745
f 1/1/1 2/2/2 3/3/3
f 4/4/4 5/5/5 6/6/6
f 7/7/7 8/8/8 9/9/9
f 10/10/10 11/11/11 12/12/12
f 13/13/13 14/14/14 15/15/15
f 16/16/16 17/17/17 18/18/18
f 19/19/19 20/20/20 21/21/21
f 22/22/22 23/23/23 24/24/24
f 25/25/25 26/26/26 27/27/27
f 28/28/28 29/29/29 30/30/30
f 31/31/31 32/32/32 33/33/33
f 34/34/34 35/35/35 36/36/36
f 37/37/37 38/38/38 39/39/39
f 40/40/40 41/41/41 42/42/42
f 43/43/43 44/44/44 45/45/45
f 46/46/46 47/47/47 48/48/48
f 49/49/49 50/50/50 51/51/51
f 52/52/52 53/53/53 54/54/54
f 55/55/55 56/56/56 57/57/57
f 58/58/58 59/59/59 60/60/60
f 61/61/61 62/62/62 63/63/63
f 64/64/64 65/65/65 66/66/66
f 67/67/67 68/68/68 69/69/69
f 70/70/70 71/71/71 72/72/72
f 73/73/73 74/74/74 75/75/75
f 76/76/76 77/77/77 78/78/78
f 79/79/79 80/80/80 81/81/81
f 82/82/82 83/83/83 84/84/84
f 85/85/85 86/86/86 87/87/87
f 88/88/88 89/89/89 90/90/90
f 91/91/91 92/92/92 93/93/93
f 94/94/94 95/95/95 96/96/96
f 97/97/97 98/98/98 99/99/99
f 100/100/100 101/101/101 102/102/102
f 103/103/103 104/104/104 105/105/105
f 106/106/106 107/107/107 108/108/108
f 109/109/109 110/110/110 111/111/111
f 112/112/112 113/113/113 114/114/114
f 115/115/115 116/116/116 117/117/117
f 118/118/118 119/119/119 120/120/120
f 121/121/121 122/122/122 123/123/123
f 124/124/124 125/125/125 126/126/126
f 127/127/127 128/128/128 129/129/129
f 130/130/130 131/131/131 132/132/132
f 133/133/133 134/134/134 135/135/135
f 136/136/136 137/137/137 138/138/138
f 139/139/139 140/140/140 141/141/141
f 142/142/142 143/143/143 144/144/144
f 145/145/145 146/146/146 147/147/147
f 148/148/148 149/149/149 150/150/150
f 151/151/151 152/152/152 153/153/153
f 154/154/154 155/155/155 156/156/156
f 157/157/157 158/158/158 159/159/159
f 160/160/160 161/161/161 162/162/162
f 163/163/163 164/164/164 165/165/165
f 166/166/166 167/167/167 168/168/168
f 169/169/169 170/170/170 171/171/171
f 172/172/172 173/173/173 174/174/174
f 175/175/175 176/176/176 177/177/177
f 178/178/178 179/179/179 180/180/180
f 181/181/181 182/182/182 183/183/183
f 184/184/184 185/185/185 186/186/186
f 187/187/187 188/188/188 189/189/189
f 190/190/190 191/191/191 192/192/192
f 193/193/193 194/194/194 195/195/195
f 196/196/196 197/197/197 198/198/198
f 199/199/199 200/200/200 201/201/201
f 202/202/202 203/203/203 204/204/204
f 205/205/205 206/206/206 207/207/207
f 208/208/208 209/209/209 210/210/210
f 211/211/211 212/212/212 213/213/213
f 214/214/214 215/215/215 216/216/216
f 217/217/217 218/218/218 219/219/219
f 220/220/220 221/221/221 222/222/222
f 223/223/223 224/224/224 225/225/225
f 226/226/226 227/227/227 228/228/228
f 229/229/229 230/230/230 231/231/231
f 232/232/232 233/233/233 234/234/234
f 235/235/235 236/236/236 237/237/237
f 238/238/238 239/239/239 240/240/240
f 241/241/241 242/242/242 243/243/243
f 244/244/244 245/245/245 246/246/246
f 247/247/247 248/248/248 249/249/249
f 250/250/250 251/251/251 252/252/252
f 253/253/253 254/254/254 255/255/255
f 256/256/256 257/257/257 258/258/258
f 259/259/259 260/260/260 261/261/261
f 262/262/262 263/263/263 264/264/264
f 265/265/265 266/266/266 267/267/267
f 268/268/268 269/269/269 270/270/270
f 271/271/271 272/272/272 273/273/273
f 274/274/274 275/275/275 276/276/276
f 277/277/277 278/278/278 279/279/279
f 280/280/280 281/281/281 282/282/282
f 283/283/283 284/284/284 285/285/285
f 286/286/286 287/287/287 288/288/288
f 289/289/289 290/290/290 291/291/291
f 292/292/292 293/293/293 294/294/294
f 295/295/295 296/296/296 297/297/297
f 298/298/298 299/299/299 300/300/300
f 301/301/301 302/302/302 303/303/303
f 304/304/304 305/305/305 306/306/306
f 307/307/307 308/308/308 309/309/309
f 310/310/310 311/311/311 312/312/312
f 313/313/313 314/314/314 315/315/315
f 316/316/316 317/317/317 318/318/318
f 319/319/319 320/320/320 321/321/321
f 322/322/322 323/323/323 324/324/324
f 325/325/325 326/326/326 327/327/327
f 328/328/328 329/329/329 330/330/330
f 331/331/331 332/332/332 333/333/333
f 334/334/334 335/335/335 336/336/336
f 337/337/337 338/338/338 339/339/339
f 340/340/340 341/341/341 342/342/342
f 343/343/343 344/344/344 345/345/345
f 346/346/346 347/347/347 348/348/348
f 349/349/349 350/350/350 351/351/351
f 352/352/352 353/353/353 354/354/354
f 355/355/355 356/356/356 357/357/357
f 358/358/358 359/359/359 360/360/360
f 361/361/361 362/362/362 363/363/363
f 364/364/364 365/365/365 366/366/366
f 367/367/367 368/368/368 369/369/369
f 370/370/370 371/371/371 372/372/372
f 373/373/373 374/374/374 375/375/375
f 376/376/376 377/377/377 378/378/378
f 379/379/379 380/380/380 381/381/381
f 382/382/382 383/383/383 384/384/384
f 385/385/385 386/386/386 387/387/387
f 388/388/388 389/389/389 390/390/390
f 391/391/391 392/392/392 393/393/393
f 394/394/394 395/395/395 396/396/396
f 397/397/397 398/398/398 399/399/399
f 400/400/400 401/401/401 402/402/402
f 403/403/403 404/404/404 405/405/405
f 406/406/406 407/407/407 408/408/408
f 409/409/409 410/410/410 411/411/411
f 412/412/412 413/413/413 414/414/414
f 415/415/415 416/416/416 417/417/417
f 418/418/418 419/419/419 420/420/420
f 421/421/421 422/422/422 423/423/423
f 424/424/424 425/425/425 426/426/426
f 427/427/427 428/428/428 429/429/429
f 430/430/430 431/431/431 432/432/432
f 433/433/433 434/434/434 435/435/435
f 436/436/436 437/437/437 438/438/438
f 439/439/439 440/440/440 441/441/441
f 442/442/442 443/443/443 444/444/444
f 445/445/445 446/446/446 447/447/447
f 448/448/448 449/449/449 450/450/450
f 451/451/451 452/452/452 453/453/453
f 454/454/454 455/455/455 456/456/456
f 457/457/457 458/458/458 459/459/459
f 460/460/460 461/461/461 462/462/462
f 463/463/463 464/464/464 465/465/465
f 466/466/466 467/467/467 468/468/468
f 469/469/469 470/470/470 471/471/471
f 472/472/472 473/473/473 474/474/474
f 475/475/475 476/476/476 477/477/477
f 478/478/478 479/479/479 480/480/480
f 481/481/481 482/482/482 483/483/483
f 484/484/484 485/485/485 486/486/486
f 487/487/487 488/488/488 489/489/489
f 490/490/490 491/491/491 492/492/492
f 493/493/493 494/494/494 495/495/495
f 496/496/496 497/497/497 498/498/498
f 499/499/499 500/500/500 501/501/501
f 502/502/502 503/503/503 504/504/504
f 505/505/505 506/506/506 507/507/507
f 508/508/508 509/509/509 510/510/510
f 511/511/511 512/512/512 513/513/513
f 514/514/514 515/515/515 516/516/516
f 517/517/517 518/518/518 519/519/519
f 520/520/520 521/521/521 522/522/522
f 523/523/523 524/524/524 525/525/525
f 526/526/526 527/527/527 528/528/528
f 529/529/529 530/530/530 531/531/531
f 532/532/532 533/533/533 534/534/534
f 535/535/535 536/536/536 537/537/537
f 538/538/538 539/539/539 540/540/540
f 541/541/541 542/542/542 543/543/543
f 544/544/544 545/545/545 546/546/546
f 547/547/547 548/548/548 549/549/549
f 550/550/550 551/551/551 552/552/552
f 553/553/553 554/554/554 555/555/555
f 556/556/556 557/557/557 558/558/558
f 559/559/559 560/560/560 561/561/561
f 562/562/562 563/563/563 564/564/564
f 565/565/565 566/566/566 567/567/567
f 568/568/568 569/569/569 570/570/570
f 571/571/571 572/572/572 573/573/573
f 574/574/574 575/575/575 576/576/576
f 577/577/577 578/578/578 579/579/579
f 580/580/580 581/581/581 582/582/582
f 583/583/583 584/584/584 585/585/585
f 586/586/586 587/587/587 588/588/588
f 589/589/589 590/590/590 591/591/591
f 592/592/592 593/593/593 594/594/594
f 595/595/595 596/596/596 597/597/597
f 598/598/598 599/599/599 600/600/600
f 601/601/601 602/602/602 603/603/603
f 604/604/604 605/605/605 606/606/606
f 607/607/607 608/608/608 609/609/609
f 610/610/610 611/611/611 612/612/612
f 613/613/613 614/614/614 615/615/615
f 616/616/616 617/617/617 618/618/618
f 619/619/619 620/620/620 621/621/621
f 622/622/622 623/623/623 624/624/624
f 625/625/625 626/626/626 627/627/627
f 628/628/628 629/629/629 630/630/630
f 631/631/631 632/632/632 633/633/633
f 634/634/634 635/635/635 636/636/636
f 637/637/637 638/638/638 639/639/639
f 640/640/640 641/641/641 642/642/642
f 643/643/643 644/644/644 645/645/645
f 646/646/646 647/647/647 648/648/648
f 649/649/649 650/650/650 651/651/651
f 652/652/652 653/653/653 654/654/654
f 655/655/655 656/656/656 657/657/657
f 658/658/658 659/659/659 660/660/660
f 661/661/661 662/662/662 663/663/663
f 664/664/664 665/665/665 666/666/666
f 667/667/667 668/668/668 669/669/669
f 670/670/670 671/671/671 672/672/672
f 673/673/673 674/674/674 675/675/675
f 676/676/676 677/677/677 678/678/678
f 679/679/679 680/680/680 681/681/681
f 682/682/682 683/683/683 684/684/684
f 685/685/685 686/686/686 687/687/687
f 688/688/688 689/689/689 690/690/690
f 691/691/691 692/692/692 693/693/693
f 694/694/694 695/695/695 696/696/696
f 697/697/697 698/698/698 699/699/699
f 700/700/700 701/701/701 702/702/702
f 703/703/703 704/704/704 705/705/705
f 706/706/706 707/707/707 708/708/708
f 709/709/709 710/710/710 711/711/711
f 712/712/712 713/713/713 714/714/714
f 715/715/715 716/716/716 717/717/717
f 718/718/718 719/719/719 720/720/720
f 721/721/721 722/722/722 723/723/723
f 724/724/724 725/725/725 726/726/726
f 727/727/727 728/728/728 729/729/729
f 730/730/730 731/731/731 732/732/732
f 733/733/733 734/734/734 735/735/735
f 736/736/736 737/737/737 738/738/738
f 739/739/739 740/740/740 741/741/741
f 742/742/742 743/743/743 744/744/744
f 745/745/745 746/746/746 747/747/747
f 748/748/748 749/749/749 750/750/750
f 751/751/751 752/752/752 753/753/753
f 754/754/754 755/755/755 756/756/756
f 757/757/757 758/758/758 759/759/759
f 760/760/760 761/761/761 762/762/762
f 763/763/763 764/764/764 765/765/765
f 766/766/766 767/767/767 768/768/768
f 769/769/769 770/770/770 771/771/771
f 772/772/772 773/773/773 774/774/774
f 775/775/775 776/776/776 777/777/777
f 778/778/778 779/779/779 780/780/780
f 781/781/781 782/782/782 783/783/783
f 784/784/784 785/785/785 786/786/786
f 787/787/787 788/788/788 789/789/789
f 790/790/790 791/791/791 792/792/792
f 793/793/793 794/794/794 795/795/795
f 796/796/796 797/797/797 798/798/798
f 799/799/799 800/800/800 801/801/801
f 802/802/802 803/803/803 804/804/804
f 805/805/805 806/806/806 807/807/807
f 808/808/808 809/809/809 810/810/810
f 811/811/811 812/812/812 813/813/813
f 814/814/814 815/815/815 816/816/816
f 817/817/817 818/818/818 819/819/819
f 820/820/820 821/821/821 822/822/822
f 823/823/823 824/824/824 825/825/825
f 826/826/826 827/827/827 828/828/828
f 829/829/829 830/830/830 831/831/831
f 832/832/832 833/833/833 834/834/834
f 835/835/835 836/836/836 837/837/837
f 838/838/838 839/839/839 840/840/840
f 841/841/841 842/842/842 843/843/843
f 844/844/844 845/845/845 846/846/846
f 847/847/847 848/848/848 849/849/849
f 850/850/850 851/851/851 852/852/852
f 853/853/853 854/854/854 855/855/855
f 856/856/856 857/857/857 858/858/858
f 859/859/859 860/860/860 861/861/861
f 862/862/862 863/863/863 864/864/864
f 865/865/865 866/866/866 867/867/867
f 868/868/868 869/869/869 870/870/870
f 871/871/871 872/872/872 873/873/873
f 874/874/874 875/875/875 876/876/876
f 877/877/877 878/878/878 879/879/879
f 880/880/880 881/881/881 882/882/882
f 883/883/883 884/884/884 885/885/885
f 886/886/886 887/887/887 888/888/888
f 889/889/889 890/890/890 891/891/891
f 892/892/892 893/893/893 894/894/894
f 895/895/895 896/896/896 897/897/897
f 898/898/898 899/899/899 900/900/900
f 901/901/901 902/902/902 903/903/903
f 904/904/904 905/905/905 906/906/906
f 907/907/907 908/908/908 909/909/909
f 910/910/910 911/911/911 912/912/912
f 913/913/913 914/914/914 915/915/915
f 916/916/916 917/917/917 918/918/918
f 919/919/919 920/920/920 921/921/921
f 922/922/922 923/923/923 924/924/924
f 925/925/925 926/926/926 927/927/927
f 928/928/928 929/929/929 930/930/930
f 931/931/931 932/932/932 933/933/933
f 934/934/934 935/935/935 936/936/936
f 937/937/937 938/938/938 939/939/939
f 940/940/940 941/941/941 942/942/942
f 943/943/943 944/944/944 945/945/945
f 946/946/946 947/947/947 948/948/948
f 949/949/949 950/950/950 951/951/951
f 952/952/952 953/953/953 954/954/954
f 955/955/955 956/956/956 957/957/957
f 958/958/958 959/959/959 960/960/960
f 961/961/961 962/962/962 963/963/963
f 964/964/964 965/965/965 966/966/966
f 967/967/967 968/968/968 969/969/969
f 970/970/970 971/971/971 972/972/972
f 973/973/973 974/974/974 975/975/975
f 976/976/976 977/977/977 978/978/978
f 979/979/979 980/980/980 981/981/981
f 982/982/982 983/983/983 984/984/984
f 985/985/985 986/986/986 987/987/987
f 988/988/988 989/989/989 990/990/990
f 991/991/991 992/992/992 993/993/993
f 994/994/994 995/995/995 996/996/996
f 997/997/997 998/998/998 999/999/999
f 1000/1000/1000 1001/1001/1001 1002/1002/1002
f 1003/1003/1003 1004/1004/1004 1005/1005/1005
f 1006/1006/1006 1007/1007/1007 1008/1008/1008
f 1009/1009/1009 1010/1010/1010 1011/1011/1011
f 1012/1012/1012 1013/1013/1013 1014/1014/1014
f 1015/1015/1015 1016/1016/1016 1017/1017/1017
f 1018/1018/1018 1019/1019/1019 1020/1020/1020
f 1021/1021/1021 1022/1022/1022 1023/1023/1023
f 1024/1024/1024 1025/1025/1025 1026/1026/1026
f 1027/1027/1027 1028/1028/1028 1029/1029/1029
f 1030/1030/1030 1031/1031/1031 1032/1032/1032
f 1033/1033/1033 1034/1034/1034 1035/1035/1035
f 1036/1036/1036 1037/1037/1037 1038/1038/1038
f 1039/1039/1039 1040/1040/1040 1041/1041/1041
f 1042/1042/1042 1043/1043/1043 1044/1044/1044
f 1045/1045/1045 1046/1046/1046 1047/1047/1047
f 1048/1048/1048 1049/1049/1049 1050/1050/1050
f 1051/1051/1051 1052/1052/1052 1053/1053/1053
f 1054/1054/1054 1055/1055/1055 1056/1056/1056
f 1057/1057/1057 1058/1058/1058 1059/1059/1059
f 1060/1060/1060 1061/1061/1061 1062/1062/1062
f 1063/1063/1063 1064/1064/1064 1065/1065/1065
f 1066/1066/1066 1067/1067/1067 1068/1068/1068
f 1069/1069/1069 1070/1070/1070 1071/1071/1071
f 1072/1072/1072 1073/1073/1073 1074/1074/1074
f 1075/1075/1075 1076/1076/1076 1077/1077/1077
f 1078/1078/1078 1079/1079/1079 1080/1080/1080
f 1081/1081/1081 1082/1082/1082 1083/1083/1083
f 1084/1084/1084 1085/1085/1085 1086/1086/1086
f 1087/1087/1087 1088/1088/1088 1089/1089/1089
f 1090/1090/1090 1091/1091/1091 1092/1092/1092
f 1093/1093/1093 1094/1094/1094 1095/1095/1095
f 1096/1096/1096 1097/1097/1097 1098/1098/1098
f 1099/1099/1099 1100/1100/1100 1101/1101/1101
f 1102/1102/1102 1103/1103/1103 1104/1104/1104
f 1105/1105/1105 1106/1106/1106 1107/1107/1107
f 1108/1108/1108 1109/1109/1109 1110/1110/1110
f 1111/1111/1111 1112/1112/1112 1113/1113/1113
f 1114/1114/1114 1115/1115/1115 1116/1116/1116
f 1117/1117/1117 1118/1118/1118 1119/1119/1119
f 1120/1120/1120 1121/1121/1121 1122/1122/1122
f 1123/1123/1123 1124/1124/1124 1125/1125/1125
f 1126/1126/1126 1127/1127/1127 1128/1128/1128
f 1129/1129/1129 1130/1130/1130 1131/1131/1131
f 1132/1132/1132 1133/1133/1133 1134/1134/1134
f 1135/1135/1135 1136/1136/1136 1137/1137/1137
f 1138/1138/1138 1139/1139/1139 1140/1140/1140
f 1141/1141/1141 1142/1142/1142 1143/1143/1143
f 1144/1144/1144 1145/1145/1145 1146/1146/1146
f 1147/1147/1147 1148/1148/1148 1149/1149/1149
f 1150/1150/1150 1151/1151/1151 1152/1152/1152
f 1153/1153/1153 1154/1154/1154 1155/1155/1155
f 1156/1156/1156 1157/1157/1157 1158/1158/1158
f 1159/1159/1159 1160/1160/1160 1161/1161/1161
f 1162/1162/1162 1163/1163/1163 1164/1164/1164
f 1165/1165/1165 1166/1166/1166 1167/1167/1167
f 1168/1168/1168 1169/1169/1169 1170/1170/1170
f 1171/1171/1171 1172/1172/1172 1173/1173/1173
f 1174/1174/1174 1175/1175/1175 1176/1176/1176
f 1177/1177/1177 1178/1178/1178 1179/1179/1179
f 1180/1180/1180 1181/1181/1181 1182/1182/1182
f 1183/1183/1183 1184/1184/1184 1185/1185/1185
f 1186/1186/1186 1187/1187/1187 1188/1188/1188
f 1189/1189/1189 1190/1190/1190 1191/1191/1191
f 1192/1192/1192 1193/1193/1193 1194/1194/1194
f 1195/1195/1195 1196/1196/1196 1197/1197/1197
f 1198/1198/1198 1199/1199/1199 1200/1200/1200
f 1201/1201/1201 1202/1202/1202 1203/1203/1203
f 1204/1204/1204 1205/1205/1205 1206/1206/1206
f 1207/1207/1207 1208/1208/1208 1209/1209/1209
f 1210/1210/1210 1211/1211/1211 1212/1212/1212
f 1213/1213/1213 1214/1214/1214 1215/1215/1215
f 1216/1216/1216 1217/1217/1217 1218/1218/1218
f 1219/1219/1219 1220/1220/1220 1221/1221/1221
f 1222/1222/1222 1223/1223/1223 1224/1224/1224
