o Cattail_reed_02_Cylinder.010
v 17.67746925354004 3.0303969383239746 5.320120811462402
v 17.678762435913086 3.0279250144958496 5.324436187744141
v 17.67762565612793 3.1079959869384766 5.360815048217773
v 17.67746925354004 3.0303969383239746 5.320120811462402
v 17.67762565612793 3.1079959869384766 5.360815048217773
v 17.677122116088867 3.1089580059051514 5.359137058258057
v 17.68342399597168 3.1077160835266113 5.3580851554870605
v 17.68021011352539 3.109004020690918 5.357283115386963
v 17.678272247314453 3.1094069480895996 5.357564926147461
v 17.678272247314453 3.1094069480895996 5.357564926147461
v 17.677122116088867 3.1089580059051514 5.359137058258057
v 17.67762565612793 3.1079959869384766 5.360815048217773
v 17.67762565612793 3.1079959869384766 5.360815048217773
v 17.67940330505371 3.1072449684143066 5.3613362312316895
v 17.682851791381836 3.106466054916382 5.360962867736816
v 17.682851791381836 3.106466054916382 5.360962867736816
v 17.68342399597168 3.1077160835266113 5.3580851554870605
v 17.678272247314453 3.1094069480895996 5.357564926147461
v 17.678272247314453 3.1094069480895996 5.357564926147461
v 17.67762565612793 3.1079959869384766 5.360815048217773
v 17.682851791381836 3.106466054916382 5.360962867736816
v 17.683332443237305 3.0259950160980225 5.325775146484375
v 17.68773651123047 3.02606201171875 5.323131084442139
v 17.682851791381836 3.106466054916382 5.360962867736816
v 17.683332443237305 3.0259950160980225 5.325775146484375
v 17.682851791381836 3.106466054916382 5.360962867736816
v 17.67940330505371 3.1072449684143066 5.3613362312316895
v 17.68865966796875 3.028074026107788 5.318493843078613
v 17.685407638549805 3.030517101287842 5.315357208251953
v 17.68021011352539 3.109004020690918 5.357283115386963
v 17.68865966796875 3.028074026107788 5.318493843078613
v 17.68021011352539 3.109004020690918 5.357283115386963
v 17.68342399597168 3.1077160835266113 5.3580851554870605
v 17.6804256439209 3.031550884246826 5.3160810470581055
v 17.67746925354004 3.0303969383239746 5.320120811462402
v 17.677122116088867 3.1089580059051514 5.359137058258057
v 17.6804256439209 3.031550884246826 5.3160810470581055
v 17.677122116088867 3.1089580059051514 5.359137058258057
v 17.678272247314453 3.1094069480895996 5.357564926147461
v 17.678762435913086 3.0279250144958496 5.324436187744141
v 17.683332443237305 3.0259950160980225 5.325775146484375
v 17.67940330505371 3.1072449684143066 5.3613362312316895
v 17.678762435913086 3.0279250144958496 5.324436187744141
v 17.67940330505371 3.1072449684143066 5.3613362312316895
v 17.67762565612793 3.1079959869384766 5.360815048217773
v 17.68773651123047 3.02606201171875 5.323131084442139
v 17.68865966796875 3.028074026107788 5.318493843078613
v 17.68342399597168 3.1077160835266113 5.3580851554870605
v 17.68773651123047 3.02606201171875 5.323131084442139
v 17.68342399597168 3.1077160835266113 5.3580851554870605
v 17.682851791381836 3.106466054916382 5.360962867736816
v 17.685407638549805 3.030517101287842 5.315357208251953
v 17.6804256439209 3.031550884246826 5.3160810470581055
v 17.678272247314453 3.1094069480895996 5.357564926147461
v 17.685407638549805 3.030517101287842 5.315357208251953
v 17.678272247314453 3.1094069480895996 5.357564926147461
v 17.68021011352539 3.109004020690918 5.357283115386963
v 17.419221878051758 1.813662052154541 5.012534141540527
v 17.405670166015625 1.8146719932556152 5.007115840911865
v 17.404050827026367 1.2474639415740967 4.975804805755615
v 17.419221878051758 1.813662052154541 5.012534141540527
v 17.404050827026367 1.2474639415740967 4.975804805755615
v 17.422651290893555 1.246392011642456 4.9832658767700195
v 17.39832878112793 1.248998999595642 4.956630229949951
v 17.4097957611084 1.2498409748077393 4.940179824829102
v 17.429813385009766 1.2493549585342407 4.938841819763184
v 17.429813385009766 1.2493549585342407 4.938841819763184
v 17.44331169128418 1.2479079961776733 4.9536237716674805
v 17.440122604370117 1.2465900182724 4.97339391708374
v 17.440122604370117 1.2465900182724 4.97339391708374
v 17.422651290893555 1.246392011642456 4.9832658767700195
v 17.404050827026367 1.2474639415740967 4.975804805755615
v 17.404050827026367 1.2474639415740967 4.975804805755615
v 17.39832878112793 1.248998999595642 4.956630229949951
v 17.429813385009766 1.2493549585342407 4.938841819763184
v 17.429813385009766 1.2493549585342407 4.938841819763184
v 17.440122604370117 1.2465900182724 4.97339391708374
v 17.404050827026367 1.2474639415740967 4.975804805755615
v 17.434293746948242 1.8149110078811646 4.990931987762451
v 17.431961059570312 1.8137680292129517 5.005331993103027
v 17.440122604370117 1.2465900182724 4.97339391708374
v 17.434293746948242 1.8149110078811646 4.990931987762451
v 17.440122604370117 1.2465900182724 4.97339391708374
v 17.44331169128418 1.2479079961776733 4.9536237716674805
v 17.40987205505371 1.8167330026626587 4.9811692237854
v 17.424463272094727 1.8162310123443604 4.9801788330078125
v 17.429813385009766 1.2493549585342407 4.938841819763184
v 17.40987205505371 1.8167330026626587 4.9811692237854
v 17.429813385009766 1.2493549585342407 4.938841819763184
v 17.4097957611084 1.2498409748077393 4.940179824829102
v 17.405670166015625 1.8146719932556152 5.007115840911865
v 17.401508331298828 1.816038966178894 4.993156909942627
v 17.39832878112793 1.248998999595642 4.956630229949951
v 17.405670166015625 1.8146719932556152 5.007115840911865
v 17.39832878112793 1.248998999595642 4.956630229949951
v 17.404050827026367 1.2474639415740967 4.975804805755615
v 17.431961059570312 1.8137680292129517 5.005331993103027
v 17.419221878051758 1.813662052154541 5.012534141540527
v 17.422651290893555 1.246392011642456 4.9832658767700195
v 17.431961059570312 1.8137680292129517 5.005331993103027
v 17.422651290893555 1.246392011642456 4.9832658767700195
v 17.440122604370117 1.2465900182724 4.97339391708374
v 17.424463272094727 1.8162310123443604 4.9801788330078125
v 17.434293746948242 1.8149110078811646 4.990931987762451
v 17.44331169128418 1.2479079961776733 4.9536237716674805
v 17.424463272094727 1.8162310123443604 4.9801788330078125
v 17.44331169128418 1.2479079961776733 4.9536237716674805
v 17.429813385009766 1.2493549585342407 4.938841819763184
v 17.401508331298828 1.816038966178894 4.993156909942627
v 17.40987205505371 1.8167330026626587 4.9811692237854
v 17.4097957611084 1.2498409748077393 4.940179824829102
v 17.401508331298828 1.816038966178894 4.993156909942627
v 17.4097957611084 1.2498409748077393 4.940179824829102
v 17.39832878112793 1.248998999595642 4.956630229949951
v 17.532299041748047 2.3445820808410645 5.0939741134643555
v 17.537860870361328 2.345088005065918 5.0860090255737305
v 17.40987205505371 1.8167330026626587 4.9811692237854
v 17.532299041748047 2.3445820808410645 5.0939741134643555
v 17.40987205505371 1.8167330026626587 4.9811692237854
v 17.401508331298828 1.816038966178894 4.993156909942627
v 17.547555923461914 2.3446719646453857 5.085340976715088
v 17.55408477783203 2.343647003173828 5.092475891113281
v 17.434293746948242 1.8149110078811646 4.990931987762451
v 17.547555923461914 2.3446719646453857 5.085340976715088
v 17.434293746948242 1.8149110078811646 4.990931987762451
v 17.424463272094727 1.8162310123443604 4.9801788330078125
v 17.55253028869629 2.342784881591797 5.102038860321045
v 17.544063568115234 2.3427350521087646 5.10683012008667
v 17.419221878051758 1.813662052154541 5.012534141540527
v 17.55253028869629 2.342784881591797 5.102038860321045
v 17.419221878051758 1.813662052154541 5.012534141540527
v 17.431961059570312 1.8137680292129517 5.005331993103027
v 17.535058975219727 2.3435349464416504 5.103240966796875
v 17.532299041748047 2.3445820808410645 5.0939741134643555
v 17.401508331298828 1.816038966178894 4.993156909942627
v 17.535058975219727 2.3435349464416504 5.103240966796875
v 17.401508331298828 1.816038966178894 4.993156909942627
v 17.405670166015625 1.8146719932556152 5.007115840911865
v 17.537860870361328 2.345088005065918 5.0860090255737305
v 17.547555923461914 2.3446719646453857 5.085340976715088
v 17.424463272094727 1.8162310123443604 4.9801788330078125
v 17.537860870361328 2.345088005065918 5.0860090255737305
v 17.424463272094727 1.8162310123443604 4.9801788330078125
v 17.40987205505371 1.8167330026626587 4.9811692237854
v 17.55408477783203 2.343647003173828 5.092475891113281
v 17.55253028869629 2.342784881591797 5.102038860321045
v 17.431961059570312 1.8137680292129517 5.005331993103027
v 17.55408477783203 2.343647003173828 5.092475891113281
v 17.431961059570312 1.8137680292129517 5.005331993103027
v 17.434293746948242 1.8149110078811646 4.990931987762451
v 17.544063568115234 2.3427350521087646 5.10683012008667
v 17.535058975219727 2.3435349464416504 5.103240966796875
v 17.405670166015625 1.8146719932556152 5.007115840911865
v 17.544063568115234 2.3427350521087646 5.10683012008667
v 17.405670166015625 1.8146719932556152 5.007115840911865
v 17.419221878051758 1.813662052154541 5.012534141540527
v 17.60077476501465 2.547899007797241 5.1423020362854
v 17.59454345703125 2.549177885055542 5.140100002288818
v 17.535058975219727 2.3435349464416504 5.103240966796875
v 17.60077476501465 2.547899007797241 5.1423020362854
v 17.535058975219727 2.3435349464416504 5.103240966796875
v 17.544063568115234 2.3427350521087646 5.10683012008667
v 17.607524871826172 2.549449920654297 5.132346153259277
v 17.606552124023438 2.548021078109741 5.138851165771484
v 17.55253028869629 2.342784881591797 5.102038860321045
v 17.607524871826172 2.549449920654297 5.132346153259277
v 17.55253028869629 2.342784881591797 5.102038860321045
v 17.55408477783203 2.343647003173828 5.092475891113281
v 17.596296310424805 2.5517539978027344 5.128378868103027
v 17.60296058654785 2.551111936569214 5.127686023712158
v 17.547555923461914 2.3446719646453857 5.085340976715088
v 17.596296310424805 2.5517539978027344 5.128378868103027
v 17.547555923461914 2.3446719646453857 5.085340976715088
v 17.537860870361328 2.345088005065918 5.0860090255737305
v 17.59454345703125 2.549177885055542 5.140100002288818
v 17.59255027770996 2.550894021987915 5.133903980255127
v 17.532299041748047 2.3445820808410645 5.0939741134643555
v 17.59454345703125 2.549177885055542 5.140100002288818
v 17.532299041748047 2.3445820808410645 5.0939741134643555
v 17.535058975219727 2.3435349464416504 5.103240966796875
v 17.606552124023438 2.548021078109741 5.138851165771484
v 17.60077476501465 2.547899007797241 5.1423020362854
v 17.544063568115234 2.3427350521087646 5.10683012008667
v 17.606552124023438 2.548021078109741 5.138851165771484
v 17.544063568115234 2.3427350521087646 5.10683012008667
v 17.55253028869629 2.342784881591797 5.102038860321045
v 17.60296058654785 2.551111936569214 5.127686023712158
v 17.607524871826172 2.549449920654297 5.132346153259277
v 17.55408477783203 2.343647003173828 5.092475891113281
v 17.60296058654785 2.551111936569214 5.127686023712158
v 17.55408477783203 2.343647003173828 5.092475891113281
v 17.547555923461914 2.3446719646453857 5.085340976715088
v 17.59255027770996 2.550894021987915 5.133903980255127
v 17.596296310424805 2.5517539978027344 5.128378868103027
v 17.537860870361328 2.345088005065918 5.0860090255737305
v 17.59255027770996 2.550894021987915 5.133903980255127
v 17.537860870361328 2.345088005065918 5.0860090255737305
v 17.532299041748047 2.3445820808410645 5.0939741134643555
v 17.818164825439453 2.258608102798462 5.05523681640625
v 18.053495407104492 2.5338850021362305 5.1407151222229
v 18.04237174987793 2.5931949615478516 5.242958068847656
v 17.818164825439453 2.258608102798462 5.05523681640625
v 18.04237174987793 2.5931949615478516 5.242958068847656
v 17.7873592376709 2.3010220527648926 5.156033039093018
v 17.7873592376709 2.3010220527648926 5.156033039093018
v 18.04237174987793 2.5931949615478516 5.242958068847656
v 18.03623390197754 2.6229710578918457 5.2325520515441895
v 17.7873592376709 2.3010220527648926 5.156033039093018
v 18.03623390197754 2.6229710578918457 5.2325520515441895
v 17.76795768737793 2.3223071098327637 5.144614219665527
v 17.76795768737793 2.3223071098327637 5.144614219665527
v 18.03623390197754 2.6229710578918457 5.2325520515441895
v 18.047359466552734 2.5636610984802246 5.13031005859375
v 17.76795768737793 2.3223071098327637 5.144614219665527
v 18.047359466552734 2.5636610984802246 5.13031005859375
v 17.798763275146484 2.2798919677734375 5.04381799697876
v 17.798763275146484 2.2798919677734375 5.04381799697876
v 18.047359466552734 2.5636610984802246 5.13031005859375
v 18.053495407104492 2.5338850021362305 5.1407151222229
v 17.798763275146484 2.2798919677734375 5.04381799697876
v 18.053495407104492 2.5338850021362305 5.1407151222229
v 17.818164825439453 2.258608102798462 5.05523681640625
v 17.567886352539062 1.2450230121612549 5.069843769073486
v 17.5398006439209 1.2481809854507446 5.059274196624756
v 17.57830047607422 1.244892954826355 4.956005096435547
v 17.567886352539062 1.2450230121612549 5.069843769073486
v 17.57830047607422 1.244892954826355 4.956005096435547
v 17.60638427734375 1.2417349815368652 4.966576099395752
v 18.03623390197754 2.6229710578918457 5.2325520515441895
v 18.04237174987793 2.5931949615478516 5.242958068847656
v 18.345869064331055 2.7702019214630127 5.2762579917907715
v 18.03623390197754 2.6229710578918457 5.2325520515441895
v 18.345869064331055 2.7702019214630127 5.2762579917907715
v 18.345869064331055 2.7702019214630127 5.2762579917907715
v 18.345869064331055 2.7702019214630127 5.2762579917907715
v 18.345869064331055 2.7702019214630127 5.2762579917907715
v 18.345869064331055 2.7702019214630127 5.2762579917907715
v 18.345869064331055 2.7702019214630127 5.2762579917907715
v 18.345869064331055 2.7702019214630127 5.2762579917907715
v 18.345869064331055 2.7702019214630127 5.2762579917907715
v 18.047359466552734 2.5636610984802246 5.13031005859375
v 18.03623390197754 2.6229710578918457 5.2325520515441895
v 18.345869064331055 2.7702019214630127 5.2762579917907715
v 18.03623390197754 2.6229710578918457 5.2325520515441895
v 18.345869064331055 2.7702019214630127 5.2762579917907715
v 18.345869064331055 2.7702019214630127 5.2762579917907715
v 18.04237174987793 2.5931949615478516 5.242958068847656
v 18.053495407104492 2.5338850021362305 5.1407151222229
v 18.345869064331055 2.7702019214630127 5.2762579917907715
v 18.053495407104492 2.5338850021362305 5.1407151222229
v 18.345869064331055 2.7702019214630127 5.2762579917907715
v 18.345869064331055 2.7702019214630127 5.2762579917907715
v 18.053495407104492 2.5338850021362305 5.1407151222229
v 18.047359466552734 2.5636610984802246 5.13031005859375
v 18.345869064331055 2.7702019214630127 5.2762579917907715
v 18.047359466552734 2.5636610984802246 5.13031005859375
v 18.345869064331055 2.7702019214630127 5.2762579917907715
v 18.345869064331055 2.7702019214630127 5.2762579917907715
v 17.57830047607422 1.244892954826355 4.956005096435547
v 17.639339447021484 1.8962359428405762 4.982046127319336
v 17.66735076904297 1.893051028251648 4.992795944213867
v 17.57830047607422 1.244892954826355 4.956005096435547
v 17.66735076904297 1.893051028251648 4.992795944213867
v 17.60638427734375 1.2417349815368652 4.966576099395752
v 17.639339447021484 1.8962359428405762 4.982046127319336
v 17.798763275146484 2.2798919677734375 5.04381799697876
v 17.818164825439453 2.258608102798462 5.05523681640625
v 17.639339447021484 1.8962359428405762 4.982046127319336
v 17.818164825439453 2.258608102798462 5.05523681640625
v 17.66735076904297 1.893051028251648 4.992795944213867
v 17.5398006439209 1.2481809854507446 5.059274196624756
v 17.601011276245117 1.9080469608306885 5.084687232971191
v 17.639339447021484 1.8962359428405762 4.982046127319336
v 17.5398006439209 1.2481809854507446 5.059274196624756
v 17.639339447021484 1.8962359428405762 4.982046127319336
v 17.57830047607422 1.244892954826355 4.956005096435547
v 17.601011276245117 1.9080469608306885 5.084687232971191
v 17.76795768737793 2.3223071098327637 5.144614219665527
v 17.798763275146484 2.2798919677734375 5.04381799697876
v 17.601011276245117 1.9080469608306885 5.084687232971191
v 17.798763275146484 2.2798919677734375 5.04381799697876
v 17.639339447021484 1.8962359428405762 4.982046127319336
v 17.567886352539062 1.2450230121612549 5.069843769073486
v 17.6290225982666 1.9048629999160767 5.095438003540039
v 17.601011276245117 1.9080469608306885 5.084687232971191
v 17.567886352539062 1.2450230121612549 5.069843769073486
v 17.601011276245117 1.9080469608306885 5.084687232971191
v 17.5398006439209 1.2481809854507446 5.059274196624756
v 17.6290225982666 1.9048629999160767 5.095438003540039
v 17.7873592376709 2.3010220527648926 5.156033039093018
v 17.76795768737793 2.3223071098327637 5.144614219665527
v 17.6290225982666 1.9048629999160767 5.095438003540039
v 17.76795768737793 2.3223071098327637 5.144614219665527
v 17.601011276245117 1.9080469608306885 5.084687232971191
v 17.60638427734375 1.2417349815368652 4.966576099395752
v 17.66735076904297 1.893051028251648 4.992795944213867
v 17.6290225982666 1.9048629999160767 5.095438003540039
v 17.60638427734375 1.2417349815368652 4.966576099395752
v 17.6290225982666 1.9048629999160767 5.095438003540039
v 17.567886352539062 1.2450230121612549 5.069843769073486
v 17.66735076904297 1.893051028251648 4.992795944213867
v 17.818164825439453 2.258608102798462 5.05523681640625
v 17.7873592376709 2.3010220527648926 5.156033039093018
v 17.66735076904297 1.893051028251648 4.992795944213867
v 17.7873592376709 2.3010220527648926 5.156033039093018
v 17.6290225982666 1.9048629999160767 5.095438003540039
v 16.80748748779297 2.014389991760254 4.761148929595947
v 16.634979248046875 2.3051340579986572 4.71307897567749
v 16.695165634155273 2.3514630794525146 4.650814056396484
v 16.80748748779297 2.014389991760254 4.761148929595947
v 16.695165634155273 2.3514630794525146 4.650814056396484
v 16.87285041809082 2.049237012863159 4.698239803314209
v 16.87285041809082 2.049237012863159 4.698239803314209
v 16.695165634155273 2.3514630794525146 4.650814056396484
v 16.696456909179688 2.3693959712982178 4.663329124450684
v 16.87285041809082 2.049237012863159 4.698239803314209
v 16.696456909179688 2.3693959712982178 4.663329124450684
v 16.88416862487793 2.0573830604553223 4.7137861251831055
v 16.88416862487793 2.0573830604553223 4.7137861251831055
v 16.696456909179688 2.3693959712982178 4.663329124450684
v 16.63627052307129 2.3230669498443604 4.7255940437316895
v 16.88416862487793 2.0573830604553223 4.7137861251831055
v 16.63627052307129 2.3230669498443604 4.7255940437316895
v 16.818805694580078 2.0225369930267334 4.7766947746276855
v 16.818805694580078 2.0225369930267334 4.7766947746276855
v 16.63627052307129 2.3230669498443604 4.7255940437316895
v 16.634979248046875 2.3051340579986572 4.71307897567749
v 16.818805694580078 2.0225369930267334 4.7766947746276855
v 16.634979248046875 2.3051340579986572 4.71307897567749
v 16.80748748779297 2.014389991760254 4.761148929595947
v 17.044679641723633 1.2500989437103271 4.671771049499512
v 17.05841827392578 1.25285005569458 4.686402797698975
v 16.98860740661621 1.2463769912719727 4.753159999847412
v 17.044679641723633 1.2500989437103271 4.671771049499512
v 16.98860740661621 1.2463769912719727 4.753159999847412
v 16.974868774414062 1.2436259984970093 4.738526821136475
v 16.696456909179688 2.3693959712982178 4.663329124450684
v 16.695165634155273 2.3514630794525146 4.650814056396484
v 16.46943473815918 2.504460096359253 4.58485221862793
v 16.695165634155273 2.3514630794525146 4.650814056396484
v 16.46943473815918 2.504460096359253 4.58485221862793
v 16.46943473815918 2.504460096359253 4.58485221862793
v 16.46943473815918 2.504460096359253 4.58485221862793
v 16.46943473815918 2.504460096359253 4.58485221862793
v 16.46943473815918 2.504460096359253 4.58485221862793
v 16.46943473815918 2.504460096359253 4.58485221862793
v 16.46943473815918 2.504460096359253 4.58485221862793
v 16.46943473815918 2.504460096359253 4.58485221862793
v 16.63627052307129 2.3230669498443604 4.7255940437316895
v 16.696456909179688 2.3693959712982178 4.663329124450684
v 16.46943473815918 2.504460096359253 4.58485221862793
v 16.696456909179688 2.3693959712982178 4.663329124450684
v 16.46943473815918 2.504460096359253 4.58485221862793
v 16.46943473815918 2.504460096359253 4.58485221862793
v 16.695165634155273 2.3514630794525146 4.650814056396484
v 16.634979248046875 2.3051340579986572 4.71307897567749
v 16.46943473815918 2.504460096359253 4.58485221862793
v 16.695165634155273 2.3514630794525146 4.650814056396484
v 16.46943473815918 2.504460096359253 4.58485221862793
v 16.46943473815918 2.504460096359253 4.58485221862793
v 16.634979248046875 2.3051340579986572 4.71307897567749
v 16.63627052307129 2.3230669498443604 4.7255940437316895
v 16.46943473815918 2.504460096359253 4.58485221862793
v 16.63627052307129 2.3230669498443604 4.7255940437316895
v 16.46943473815918 2.504460096359253 4.58485221862793
v 16.46943473815918 2.504460096359253 4.58485221862793
v 16.98860740661621 1.2463769912719727 4.753159999847412
v 16.900142669677734 1.6332919597625732 4.783901214599609
v 16.886510848999023 1.632267951965332 4.768950939178467
v 16.98860740661621 1.2463769912719727 4.753159999847412
v 16.886510848999023 1.632267951965332 4.768950939178467
v 16.974868774414062 1.2436259984970093 4.738526821136475
v 16.900142669677734 1.6332919597625732 4.783901214599609
v 16.818805694580078 2.0225369930267334 4.7766947746276855
v 16.80748748779297 2.014389991760254 4.761148929595947
v 16.900142669677734 1.6332919597625732 4.783901214599609
v 16.80748748779297 2.014389991760254 4.761148929595947
v 16.886510848999023 1.632267951965332 4.768950939178467
v 17.05841827392578 1.25285005569458 4.686402797698975
v 16.968759536743164 1.6555190086364746 4.719592094421387
v 16.900142669677734 1.6332919597625732 4.783901214599609
v 17.05841827392578 1.25285005569458 4.686402797698975
v 16.900142669677734 1.6332919597625732 4.783901214599609
v 16.98860740661621 1.2463769912719727 4.753159999847412
v 16.968759536743164 1.6555190086364746 4.719592094421387
v 16.88416862487793 2.0573830604553223 4.7137861251831055
v 16.818805694580078 2.0225369930267334 4.7766947746276855
v 16.968759536743164 1.6555190086364746 4.719592094421387
v 16.818805694580078 2.0225369930267334 4.7766947746276855
v 16.900142669677734 1.6332919597625732 4.783901214599609
v 17.044679641723633 1.2500989437103271 4.671771049499512
v 16.955127716064453 1.6544950008392334 4.704640865325928
v 16.968759536743164 1.6555190086364746 4.719592094421387
v 17.044679641723633 1.2500989437103271 4.671771049499512
v 16.968759536743164 1.6555190086364746 4.719592094421387
v 17.05841827392578 1.25285005569458 4.686402797698975
v 16.955127716064453 1.6544950008392334 4.704640865325928
v 16.87285041809082 2.049237012863159 4.698239803314209
v 16.88416862487793 2.0573830604553223 4.7137861251831055
v 16.955127716064453 1.6544950008392334 4.704640865325928
v 16.88416862487793 2.0573830604553223 4.7137861251831055
v 16.968759536743164 1.6555190086364746 4.719592094421387
v 16.974868774414062 1.2436259984970093 4.738526821136475
v 16.886510848999023 1.632267951965332 4.768950939178467
v 16.955127716064453 1.6544950008392334 4.704640865325928
v 16.974868774414062 1.2436259984970093 4.738526821136475
v 16.955127716064453 1.6544950008392334 4.704640865325928
v 17.044679641723633 1.2500989437103271 4.671771049499512
v 16.886510848999023 1.632267951965332 4.768950939178467
v 16.80748748779297 2.014389991760254 4.761148929595947
v 16.87285041809082 2.049237012863159 4.698239803314209
v 16.886510848999023 1.632267951965332 4.768950939178467
v 16.87285041809082 2.049237012863159 4.698239803314209
v 16.955127716064453 1.6544950008392334 4.704640865325928
v 16.95834732055664 2.019408941268921 5.06480598449707
v 16.83536720275879 2.3203539848327637 5.169254779815674
v 16.79381561279297 2.3523941040039062 5.0862321853637695
v 16.95834732055664 2.019408941268921 5.06480598449707
v 16.79381561279297 2.3523941040039062 5.0862321853637695
v 16.91871452331543 2.039458990097046 4.978369235992432
v 16.91871452331543 2.039458990097046 4.978369235992432
v 16.79381561279297 2.3523941040039062 5.0862321853637695
v 16.804773330688477 2.371361017227173 5.086510181427002
v 16.91871452331543 2.039458990097046 4.978369235992432
v 16.804773330688477 2.371361017227173 5.086510181427002
v 16.936552047729492 2.047982931137085 4.971639156341553
v 16.936552047729492 2.047982931137085 4.971639156341553
v 16.804773330688477 2.371361017227173 5.086510181427002
v 16.846324920654297 2.3393208980560303 5.169532775878906
v 16.936552047729492 2.047982931137085 4.971639156341553
v 16.846324920654297 2.3393208980560303 5.169532775878906
v 16.976184844970703 2.0279319286346436 5.058075904846191
v 16.976184844970703 2.0279319286346436 5.058075904846191
v 16.846324920654297 2.3393208980560303 5.169532775878906
v 16.83536720275879 2.3203539848327637 5.169254779815674
v 16.976184844970703 2.0279319286346436 5.058075904846191
v 16.83536720275879 2.3203539848327637 5.169254779815674
v 16.95834732055664 2.019408941268921 5.06480598449707
v 17.001205444335938 1.2506359815597534 4.933980941772461
v 17.019681930541992 1.2517839670181274 4.925753116607666
v 17.059131622314453 1.2504329681396484 5.014149188995361
v 17.001205444335938 1.2506359815597534 4.933980941772461
v 17.059131622314453 1.2504329681396484 5.014149188995361
v 17.0406551361084 1.2492860555648804 5.022377014160156
v 16.804773330688477 2.371361017227173 5.086510181427002
v 16.79381561279297 2.3523941040039062 5.0862321853637695
v 16.645694732666016 2.52126407623291 5.254326820373535
v 16.79381561279297 2.3523941040039062 5.0862321853637695
v 16.645694732666016 2.52126407623291 5.254326820373535
v 16.645694732666016 2.52126407623291 5.254326820373535
v 16.645694732666016 2.52126407623291 5.254326820373535
v 16.645694732666016 2.52126407623291 5.254326820373535
v 16.645694732666016 2.52126407623291 5.254326820373535
v 16.645694732666016 2.52126407623291 5.254326820373535
v 16.645694732666016 2.52126407623291 5.254326820373535
v 16.645694732666016 2.52126407623291 5.254326820373535
v 16.846324920654297 2.3393208980560303 5.169532775878906
v 16.804773330688477 2.371361017227173 5.086510181427002
v 16.645694732666016 2.52126407623291 5.254326820373535
v 16.804773330688477 2.371361017227173 5.086510181427002
v 16.645694732666016 2.52126407623291 5.254326820373535
v 16.645694732666016 2.52126407623291 5.254326820373535
v 16.79381561279297 2.3523941040039062 5.0862321853637695
v 16.83536720275879 2.3203539848327637 5.169254779815674
v 16.645694732666016 2.52126407623291 5.254326820373535
v 16.83536720275879 2.3203539848327637 5.169254779815674
v 16.645694732666016 2.52126407623291 5.254326820373535
v 16.645694732666016 2.52126407623291 5.254326820373535
v 16.83536720275879 2.3203539848327637 5.169254779815674
v 16.846324920654297 2.3393208980560303 5.169532775878906
v 16.645694732666016 2.52126407623291 5.254326820373535
v 16.846324920654297 2.3393208980560303 5.169532775878906
v 16.645694732666016 2.52126407623291 5.254326820373535
v 16.645694732666016 2.52126407623291 5.254326820373535
v 17.059131622314453 1.2504329681396484 5.014149188995361
v 17.037019729614258 1.6353230476379395 5.039768218994141
v 17.018476486206055 1.6341559886932373 5.047840118408203
v 17.059131622314453 1.2504329681396484 5.014149188995361
v 17.018476486206055 1.6341559886932373 5.047840118408203
v 17.0406551361084 1.2492860555648804 5.022377014160156
v 17.037019729614258 1.6353230476379395 5.039768218994141
v 16.976184844970703 2.0279319286346436 5.058075904846191
v 16.95834732055664 2.019408941268921 5.06480598449707
v 17.037019729614258 1.6353230476379395 5.039768218994141
v 16.95834732055664 2.019408941268921 5.06480598449707
v 17.018476486206055 1.6341559886932373 5.047840118408203
v 17.019681930541992 1.2517839670181274 4.925753116607666
v 16.998029708862305 1.6423920392990112 4.951632976531982
v 17.037019729614258 1.6353230476379395 5.039768218994141
v 17.019681930541992 1.2517839670181274 4.925753116607666
v 17.037019729614258 1.6353230476379395 5.039768218994141
v 17.059131622314453 1.2504329681396484 5.014149188995361
v 16.998029708862305 1.6423920392990112 4.951632976531982
v 16.936552047729492 2.047982931137085 4.971639156341553
v 16.976184844970703 2.0279319286346436 5.058075904846191
v 16.998029708862305 1.6423920392990112 4.951632976531982
v 16.976184844970703 2.0279319286346436 5.058075904846191
v 17.037019729614258 1.6353230476379395 5.039768218994141
v 17.001205444335938 1.2506359815597534 4.933980941772461
v 16.9794864654541 1.641224980354309 4.9597039222717285
v 16.998029708862305 1.6423920392990112 4.951632976531982
v 17.001205444335938 1.2506359815597534 4.933980941772461
v 16.998029708862305 1.6423920392990112 4.951632976531982
v 17.019681930541992 1.2517839670181274 4.925753116607666
v 16.9794864654541 1.641224980354309 4.9597039222717285
v 16.91871452331543 2.039458990097046 4.978369235992432
v 16.936552047729492 2.047982931137085 4.971639156341553
v 16.9794864654541 1.641224980354309 4.9597039222717285
v 16.936552047729492 2.047982931137085 4.971639156341553
v 16.998029708862305 1.6423920392990112 4.951632976531982
v 17.0406551361084 1.2492860555648804 5.022377014160156
v 17.018476486206055 1.6341559886932373 5.047840118408203
v 16.9794864654541 1.641224980354309 4.9597039222717285
v 17.0406551361084 1.2492860555648804 5.022377014160156
v 16.9794864654541 1.641224980354309 4.9597039222717285
v 17.001205444335938 1.2506359815597534 4.933980941772461
v 17.018476486206055 1.6341559886932373 5.047840118408203
v 16.95834732055664 2.019408941268921 5.06480598449707
v 16.91871452331543 2.039458990097046 4.978369235992432
v 17.018476486206055 1.6341559886932373 5.047840118408203
v 16.91871452331543 2.039458990097046 4.978369235992432
v 16.9794864654541 1.641224980354309 4.9597039222717285
v 17.770221710205078 2.0172600746154785 4.711118221282959
v 17.930688858032227 2.299962043762207 4.606564998626709
v 17.969785690307617 2.330610990524292 4.691287040710449
v 17.770221710205078 2.0172600746154785 4.711118221282959
v 17.969785690307617 2.330610990524292 4.691287040710449
v 17.805932998657227 2.036314010620117 4.799468994140625
v 17.805932998657227 2.036314010620117 4.799468994140625
v 17.969785690307617 2.330610990524292 4.691287040710449
v 17.960918426513672 2.350579023361206 4.6896820068359375
v 17.805932998657227 2.036314010620117 4.799468994140625
v 17.960918426513672 2.350579023361206 4.6896820068359375
v 17.788681030273438 2.0468640327453613 4.804683208465576
v 17.788681030273438 2.0468640327453613 4.804683208465576
v 17.960918426513672 2.350579023361206 4.6896820068359375
v 17.92182159423828 2.3199288845062256 4.604959964752197
v 17.788681030273438 2.0468640327453613 4.804683208465576
v 17.92182159423828 2.3199288845062256 4.604959964752197
v 17.75296974182129 2.027808904647827 4.716332912445068
v 17.75296974182129 2.027808904647827 4.716332912445068
v 17.92182159423828 2.3199288845062256 4.604959964752197
v 17.930688858032227 2.299962043762207 4.606564998626709
v 17.75296974182129 2.027808904647827 4.716332912445068
v 17.930688858032227 2.299962043762207 4.606564998626709
v 17.770221710205078 2.0172600746154785 4.711118221282959
v 17.627592086791992 1.236240029335022 4.864770889282227
v 17.60883331298828 1.2395780086517334 4.8716559410095215
v 17.57539176940918 1.2390209436416626 4.780808925628662
v 17.627592086791992 1.236240029335022 4.864770889282227
v 17.57539176940918 1.2390209436416626 4.780808925628662
v 17.59415054321289 1.2356840372085571 4.773923873901367
v 17.960918426513672 2.350579023361206 4.6896820068359375
v 17.969785690307617 2.330610990524292 4.691287040710449
v 18.14557456970215 2.477102041244507 4.528954029083252
v 17.969785690307617 2.330610990524292 4.691287040710449
v 18.14557456970215 2.477102041244507 4.528954029083252
v 18.14557456970215 2.477102041244507 4.528954029083252
v 18.14557456970215 2.477102041244507 4.528954029083252
v 18.14557456970215 2.477102041244507 4.528954029083252
v 18.14557456970215 2.477102041244507 4.528954029083252
v 18.14557456970215 2.477102041244507 4.528954029083252
v 18.14557456970215 2.477102041244507 4.528954029083252
v 18.14557456970215 2.477102041244507 4.528954029083252
v 17.92182159423828 2.3199288845062256 4.604959964752197
v 17.960918426513672 2.350579023361206 4.6896820068359375
v 18.14557456970215 2.477102041244507 4.528954029083252
v 17.960918426513672 2.350579023361206 4.6896820068359375
v 18.14557456970215 2.477102041244507 4.528954029083252
v 18.14557456970215 2.477102041244507 4.528954029083252
v 17.969785690307617 2.330610990524292 4.691287040710449
v 17.930688858032227 2.299962043762207 4.606564998626709
v 18.14557456970215 2.477102041244507 4.528954029083252
v 17.930688858032227 2.299962043762207 4.606564998626709
v 18.14557456970215 2.477102041244507 4.528954029083252
v 18.14557456970215 2.477102041244507 4.528954029083252
v 17.930688858032227 2.299962043762207 4.606564998626709
v 17.92182159423828 2.3199288845062256 4.604959964752197
v 18.14557456970215 2.477102041244507 4.528954029083252
v 17.92182159423828 2.3199288845062256 4.604959964752197
v 18.14557456970215 2.477102041244507 4.528954029083252
v 18.14557456970215 2.477102041244507 4.528954029083252
v 17.57539176940918 1.2390209436416626 4.780808925628662
v 17.6502628326416 1.6444439888000488 4.742049217224121
v 17.66907501220703 1.6410859823226929 4.735325813293457
v 17.57539176940918 1.2390209436416626 4.780808925628662
v 17.66907501220703 1.6410859823226929 4.735325813293457
v 17.59415054321289 1.2356840372085571 4.773923873901367
v 17.6502628326416 1.6444439888000488 4.742049217224121
v 17.75296974182129 2.027808904647827 4.716332912445068
v 17.770221710205078 2.0172600746154785 4.711118221282959
v 17.6502628326416 1.6444439888000488 4.742049217224121
v 17.770221710205078 2.0172600746154785 4.711118221282959
v 17.66907501220703 1.6410859823226929 4.735325813293457
v 17.60883331298828 1.2395780086517334 4.8716559410095215
v 17.683862686157227 1.6507229804992676 4.832435131072998
v 17.6502628326416 1.6444439888000488 4.742049217224121
v 17.60883331298828 1.2395780086517334 4.8716559410095215
v 17.6502628326416 1.6444439888000488 4.742049217224121
v 17.57539176940918 1.2390209436416626 4.780808925628662
v 17.683862686157227 1.6507229804992676 4.832435131072998
v 17.788681030273438 2.0468640327453613 4.804683208465576
v 17.75296974182129 2.027808904647827 4.716332912445068
v 17.683862686157227 1.6507229804992676 4.832435131072998
v 17.75296974182129 2.027808904647827 4.716332912445068
v 17.6502628326416 1.6444439888000488 4.742049217224121
v 17.627592086791992 1.236240029335022 4.864770889282227
v 17.702674865722656 1.6473649740219116 4.825710773468018
v 17.683862686157227 1.6507229804992676 4.832435131072998
v 17.627592086791992 1.236240029335022 4.864770889282227
v 17.683862686157227 1.6507229804992676 4.832435131072998
v 17.60883331298828 1.2395780086517334 4.8716559410095215
v 17.702674865722656 1.6473649740219116 4.825710773468018
v 17.805932998657227 2.036314010620117 4.799468994140625
v 17.788681030273438 2.0468640327453613 4.804683208465576
v 17.702674865722656 1.6473649740219116 4.825710773468018
v 17.788681030273438 2.0468640327453613 4.804683208465576
v 17.683862686157227 1.6507229804992676 4.832435131072998
v 17.59415054321289 1.2356840372085571 4.773923873901367
v 17.66907501220703 1.6410859823226929 4.735325813293457
v 17.702674865722656 1.6473649740219116 4.825710773468018
v 17.59415054321289 1.2356840372085571 4.773923873901367
v 17.702674865722656 1.6473649740219116 4.825710773468018
v 17.627592086791992 1.236240029335022 4.864770889282227
v 17.66907501220703 1.6410859823226929 4.735325813293457
v 17.770221710205078 2.0172600746154785 4.711118221282959
v 17.805932998657227 2.036314010620117 4.799468994140625
v 17.66907501220703 1.6410859823226929 4.735325813293457
v 17.805932998657227 2.036314010620117 4.799468994140625
v 17.702674865722656 1.6473649740219116 4.825710773468018
v 17.31769561767578 3.4375290870666504 4.914388179779053
v 17.312910079956055 3.437119960784912 4.9161200523376465
v 17.31117057800293 3.5041589736938477 4.933527946472168
v 17.31769561767578 3.4375290870666504 4.914388179779053
v 17.31117057800293 3.5041589736938477 4.933527946472168
v 17.313365936279297 3.5043458938598633 4.93273401260376
v 17.315677642822266 3.503567934036255 4.9361748695373535
v 17.315370559692383 3.5040829181671143 4.9339118003845215
v 17.313365936279297 3.5043458938598633 4.93273401260376
v 17.313365936279297 3.5043458938598633 4.93273401260376
v 17.31117057800293 3.5041589736938477 4.933527946472168
v 17.310440063476562 3.503662109375 4.935696125030518
v 17.310440063476562 3.503662109375 4.935696125030518
v 17.311723709106445 3.503230094909668 4.937605857849121
v 17.314054489135742 3.503187894821167 4.937819004058838
v 17.314054489135742 3.503187894821167 4.937819004058838
v 17.315677642822266 3.503567934036255 4.9361748695373535
v 17.313365936279297 3.5043458938598633 4.93273401260376
v 17.313365936279297 3.5043458938598633 4.93273401260376
v 17.310440063476562 3.503662109375 4.935696125030518
v 17.314054489135742 3.503187894821167 4.937819004058838
v 17.311315536499023 3.436037063598633 4.920849800109863
v 17.314115524291992 3.435094118118286 4.925014972686768
v 17.311723709106445 3.503230094909668 4.937605857849121
v 17.311315536499023 3.436037063598633 4.920849800109863
v 17.311723709106445 3.503230094909668 4.937605857849121
v 17.310440063476562 3.503662109375 4.935696125030518
v 17.319202423095703 3.435002088546753 4.925479888916016
v 17.322742462158203 3.435831069946289 4.9218950271606445
v 17.315677642822266 3.503567934036255 4.9361748695373535
v 17.319202423095703 3.435002088546753 4.925479888916016
v 17.315677642822266 3.503567934036255 4.9361748695373535
v 17.314054489135742 3.503187894821167 4.937819004058838
v 17.322072982788086 3.436954975128174 4.916957855224609
v 17.31769561767578 3.4375290870666504 4.914388179779053
v 17.313365936279297 3.5043458938598633 4.93273401260376
v 17.322072982788086 3.436954975128174 4.916957855224609
v 17.313365936279297 3.5043458938598633 4.93273401260376
v 17.315370559692383 3.5040829181671143 4.9339118003845215
v 17.312910079956055 3.437119960784912 4.9161200523376465
v 17.311315536499023 3.436037063598633 4.920849800109863
v 17.310440063476562 3.503662109375 4.935696125030518
v 17.312910079956055 3.437119960784912 4.9161200523376465
v 17.310440063476562 3.503662109375 4.935696125030518
v 17.31117057800293 3.5041589736938477 4.933527946472168
v 17.314115524291992 3.435094118118286 4.925014972686768
v 17.319202423095703 3.435002088546753 4.925479888916016
v 17.314054489135742 3.503187894821167 4.937819004058838
v 17.314115524291992 3.435094118118286 4.925014972686768
v 17.314054489135742 3.503187894821167 4.937819004058838
v 17.311723709106445 3.503230094909668 4.937605857849121
v 17.322742462158203 3.435831069946289 4.9218950271606445
v 17.322072982788086 3.436954975128174 4.916957855224609
v 17.315370559692383 3.5040829181671143 4.9339118003845215
v 17.322742462158203 3.435831069946289 4.9218950271606445
v 17.315370559692383 3.5040829181671143 4.9339118003845215
v 17.315677642822266 3.503567934036255 4.9361748695373535
v 17.336355209350586 1.8859519958496094 4.7836689949035645
v 17.326698303222656 1.8862290382385254 4.769970893859863
v 17.303869247436523 1.2482850551605225 4.822650909423828
v 17.336355209350586 1.8859519958496094 4.7836689949035645
v 17.303869247436523 1.2482850551605225 4.822650909423828
v 17.316604614257812 1.2476329803466797 4.840719223022461
v 17.310047149658203 1.248203992843628 4.801416873931885
v 17.330486297607422 1.2474499940872192 4.793006896972656
v 17.349796295166016 1.2465909719467163 4.803752899169922
v 17.349796295166016 1.2465909719467163 4.803752899169922
v 17.35343360900879 1.2462739944458008 4.825563907623291
v 17.33866310119629 1.246737003326416 4.842016220092773
v 17.33866310119629 1.246737003326416 4.842016220092773
v 17.316604614257812 1.2476329803466797 4.840719223022461
v 17.303869247436523 1.2482850551605225 4.822650909423828
v 17.303869247436523 1.2482850551605225 4.822650909423828
v 17.310047149658203 1.248203992843628 4.801416873931885
v 17.349796295166016 1.2465909719467163 4.803752899169922
v 17.349796295166016 1.2465909719467163 4.803752899169922
v 17.33866310119629 1.246737003326416 4.842016220092773
v 17.303869247436523 1.2482850551605225 4.822650909423828
v 17.364423751831055 1.8862860202789307 4.772315979003906
v 17.353145599365234 1.8859779834747314 4.784712791442871
v 17.33866310119629 1.246737003326416 4.842016220092773
v 17.364423751831055 1.8862860202789307 4.772315979003906
v 17.33866310119629 1.246737003326416 4.842016220092773
v 17.35343360900879 1.2462739944458008 4.825563907623291
v 17.347021102905273 1.8867850303649902 4.74763298034668
v 17.361698150634766 1.886646032333374 4.755814075469971
v 17.349796295166016 1.2465909719467163 4.803752899169922
v 17.347021102905273 1.8867850303649902 4.74763298034668
v 17.349796295166016 1.2465909719467163 4.803752899169922
v 17.330486297607422 1.2474499940872192 4.793006896972656
v 17.326698303222656 1.8862290382385254 4.769970893859863
v 17.331443786621094 1.8865989446640015 4.753933906555176
v 17.310047149658203 1.248203992843628 4.801416873931885
v 17.326698303222656 1.8862290382385254 4.769970893859863
v 17.310047149658203 1.248203992843628 4.801416873931885
v 17.303869247436523 1.2482850551605225 4.822650909423828
v 17.353145599365234 1.8859779834747314 4.784712791442871
v 17.336355209350586 1.8859519958496094 4.7836689949035645
v 17.316604614257812 1.2476329803466797 4.840719223022461
v 17.353145599365234 1.8859779834747314 4.784712791442871
v 17.316604614257812 1.2476329803466797 4.840719223022461
v 17.33866310119629 1.246737003326416 4.842016220092773
v 17.361698150634766 1.886646032333374 4.755814075469971
v 17.364423751831055 1.8862860202789307 4.772315979003906
v 17.35343360900879 1.2462739944458008 4.825563907623291
v 17.361698150634766 1.886646032333374 4.755814075469971
v 17.35343360900879 1.2462739944458008 4.825563907623291
v 17.349796295166016 1.2465909719467163 4.803752899169922
v 17.331443786621094 1.8865989446640015 4.753933906555176
v 17.347021102905273 1.8867850303649902 4.74763298034668
v 17.330486297607422 1.2474499940872192 4.793006896972656
v 17.331443786621094 1.8865989446640015 4.753933906555176
v 17.330486297607422 1.2474499940872192 4.793006896972656
v 17.310047149658203 1.248203992843628 4.801416873931885
v 17.313400268554688 2.6339669227600098 4.83193302154541
v 17.326671600341797 2.633435010910034 4.827025890350342
v 17.347021102905273 1.8867850303649902 4.74763298034668
v 17.313400268554688 2.6339669227600098 4.83193302154541
v 17.347021102905273 1.8867850303649902 4.74763298034668
v 17.331443786621094 1.8865989446640015 4.753933906555176
v 17.338834762573242 2.633647918701172 4.8342719078063965
v 17.340730667114258 2.6344470977783203 4.848215103149414
v 17.364423751831055 1.8862860202789307 4.772315979003906
v 17.338834762573242 2.633647918701172 4.8342719078063965
v 17.364423751831055 1.8862860202789307 4.772315979003906
v 17.361698150634766 1.886646032333374 4.755814075469971
v 17.3309326171875 2.6352291107177734 4.8583550453186035
v 17.316816329956055 2.635406970977783 4.857057094573975
v 17.336355209350586 1.8859519958496094 4.7836689949035645
v 17.3309326171875 2.6352291107177734 4.8583550453186035
v 17.336355209350586 1.8859519958496094 4.7836689949035645
v 17.353145599365234 1.8859779834747314 4.784712791442871
v 17.30901527404785 2.634845018386841 4.845297813415527
v 17.313400268554688 2.6339669227600098 4.83193302154541
v 17.331443786621094 1.8865989446640015 4.753933906555176
v 17.30901527404785 2.634845018386841 4.845297813415527
v 17.331443786621094 1.8865989446640015 4.753933906555176
v 17.326698303222656 1.8862290382385254 4.769970893859863
v 17.326671600341797 2.633435010910034 4.827025890350342
v 17.338834762573242 2.633647918701172 4.8342719078063965
v 17.361698150634766 1.886646032333374 4.755814075469971
v 17.326671600341797 2.633435010910034 4.827025890350342
v 17.361698150634766 1.886646032333374 4.755814075469971
v 17.347021102905273 1.8867850303649902 4.74763298034668
v 17.340730667114258 2.6344470977783203 4.848215103149414
v 17.3309326171875 2.6352291107177734 4.8583550453186035
v 17.353145599365234 1.8859779834747314 4.784712791442871
v 17.340730667114258 2.6344470977783203 4.848215103149414
v 17.353145599365234 1.8859779834747314 4.784712791442871
v 17.364423751831055 1.8862860202789307 4.772315979003906
v 17.316816329956055 2.635406970977783 4.857057094573975
v 17.30901527404785 2.634845018386841 4.845297813415527
v 17.326698303222656 1.8862290382385254 4.769970893859863
v 17.316816329956055 2.635406970977783 4.857057094573975
v 17.326698303222656 1.8862290382385254 4.769970893859863
v 17.336355209350586 1.8859519958496094 4.7836689949035645
v 17.311908721923828 2.830763101577759 4.867335796356201
v 17.30719757080078 2.8310129642486572 4.860164165496826
v 17.30901527404785 2.634845018386841 4.845297813415527
v 17.311908721923828 2.830763101577759 4.867335796356201
v 17.30901527404785 2.634845018386841 4.845297813415527
v 17.316816329956055 2.635406970977783 4.857057094573975
v 17.32640266418457 2.8307719230651855 4.86193323135376
v 17.320457458496094 2.830656051635742 4.8681230545043945
v 17.3309326171875 2.6352291107177734 4.8583550453186035
v 17.32640266418457 2.8307719230651855 4.86193323135376
v 17.3309326171875 2.6352291107177734 4.8583550453186035
v 17.340730667114258 2.6344470977783203 4.848215103149414
v 17.317913055419922 2.8312230110168457 4.849009990692139
v 17.325271606445312 2.831023931503296 4.853426933288574
v 17.338834762573242 2.633647918701172 4.8342719078063965
v 17.317913055419922 2.8312230110168457 4.849009990692139
v 17.338834762573242 2.633647918701172 4.8342719078063965
v 17.326671600341797 2.633435010910034 4.827025890350342
v 17.30719757080078 2.8310129642486572 4.860164165496826
v 17.30986976623535 2.8312180042266846 4.852008819580078
v 17.313400268554688 2.6339669227600098 4.83193302154541
v 17.30719757080078 2.8310129642486572 4.860164165496826
v 17.313400268554688 2.6339669227600098 4.83193302154541
v 17.30901527404785 2.634845018386841 4.845297813415527
v 17.320457458496094 2.830656051635742 4.8681230545043945
v 17.311908721923828 2.830763101577759 4.867335796356201
v 17.316816329956055 2.635406970977783 4.857057094573975
v 17.320457458496094 2.830656051635742 4.8681230545043945
v 17.316816329956055 2.635406970977783 4.857057094573975
v 17.3309326171875 2.6352291107177734 4.8583550453186035
v 17.325271606445312 2.831023931503296 4.853426933288574
v 17.32640266418457 2.8307719230651855 4.86193323135376
v 17.340730667114258 2.6344470977783203 4.848215103149414
v 17.325271606445312 2.831023931503296 4.853426933288574
v 17.340730667114258 2.6344470977783203 4.848215103149414
v 17.338834762573242 2.633647918701172 4.8342719078063965
v 17.30986976623535 2.8312180042266846 4.852008819580078
v 17.317913055419922 2.8312230110168457 4.849009990692139
v 17.326671600341797 2.633435010910034 4.827025890350342
v 17.30986976623535 2.8312180042266846 4.852008819580078
v 17.326671600341797 2.633435010910034 4.827025890350342
v 17.313400268554688 2.6339669227600098 4.83193302154541
v 17.147863388061523 1.9563159942626953 4.459475994110107
v 17.10567283630371 2.334865093231201 4.276584148406982
v 17.193572998046875 2.361565113067627 4.264495849609375
v 17.147863388061523 1.9563159942626953 4.459475994110107
v 17.193572998046875 2.361565113067627 4.264495849609375
v 17.237443923950195 1.9744420051574707 4.452246189117432
v 17.237443923950195 1.9744420051574707 4.452246189117432
v 17.193572998046875 2.361565113067627 4.264495849609375
v 17.192201614379883 2.376718044281006 4.278482913970947
v 17.237443923950195 1.9744420051574707 4.452246189117432
v 17.192201614379883 2.376718044281006 4.278482913970947
v 17.236968994140625 1.9855279922485352 4.4685258865356445
v 17.236968994140625 1.9855279922485352 4.4685258865356445
v 17.192201614379883 2.376718044281006 4.278482913970947
v 17.10430335998535 2.35001802444458 4.29056978225708
v 17.236968994140625 1.9855279922485352 4.4685258865356445
v 17.10430335998535 2.35001802444458 4.29056978225708
v 17.14738655090332 1.9674010276794434 4.475757122039795
v 17.14738655090332 1.9674010276794434 4.475757122039795
v 17.10430335998535 2.35001802444458 4.29056978225708
v 17.10567283630371 2.334865093231201 4.276584148406982
v 17.14738655090332 1.9674010276794434 4.475757122039795
v 17.10567283630371 2.334865093231201 4.276584148406982
v 17.147863388061523 1.9563159942626953 4.459475994110107
v 17.253610610961914 1.2448970079421997 4.662958145141602
v 17.25423240661621 1.2493280172348022 4.681539058685303
v 17.1629638671875 1.248412013053894 4.684815883636475
v 17.253610610961914 1.2448970079421997 4.662958145141602
v 17.1629638671875 1.248412013053894 4.684815883636475
v 17.162342071533203 1.2439810037612915 4.666234970092773
v 17.192201614379883 2.376718044281006 4.278482913970947
v 17.193572998046875 2.361565113067627 4.264495849609375
v 17.08904457092285 2.567302942276001 4.134868144989014
v 17.193572998046875 2.361565113067627 4.264495849609375
v 17.08904457092285 2.567302942276001 4.134868144989014
v 17.08904457092285 2.567302942276001 4.134868144989014
v 17.08904457092285 2.567302942276001 4.134868144989014
v 17.08904457092285 2.567302942276001 4.134868144989014
v 17.08904457092285 2.567302942276001 4.134868144989014
v 17.08904457092285 2.567302942276001 4.134868144989014
v 17.08904457092285 2.567302942276001 4.134868144989014
v 17.08904457092285 2.567302942276001 4.134868144989014
v 17.10430335998535 2.35001802444458 4.29056978225708
v 17.192201614379883 2.376718044281006 4.278482913970947
v 17.08904457092285 2.567302942276001 4.134868144989014
v 17.192201614379883 2.376718044281006 4.278482913970947
v 17.08904457092285 2.567302942276001 4.134868144989014
v 17.08904457092285 2.567302942276001 4.134868144989014
v 17.193572998046875 2.361565113067627 4.264495849609375
v 17.10567283630371 2.334865093231201 4.276584148406982
v 17.08904457092285 2.567302942276001 4.134868144989014
v 17.10567283630371 2.334865093231201 4.276584148406982
v 17.08904457092285 2.567302942276001 4.134868144989014
v 17.08904457092285 2.567302942276001 4.134868144989014
v 17.10567283630371 2.334865093231201 4.276584148406982
v 17.10430335998535 2.35001802444458 4.29056978225708
v 17.08904457092285 2.567302942276001 4.134868144989014
v 17.10430335998535 2.35001802444458 4.29056978225708
v 17.08904457092285 2.567302942276001 4.134868144989014
v 17.08904457092285 2.567302942276001 4.134868144989014
v 17.1629638671875 1.248412013053894 4.684815883636475
v 17.149385452270508 1.6107350587844849 4.589723110198975
v 17.148923873901367 1.6062860488891602 4.571142196655273
v 17.1629638671875 1.248412013053894 4.684815883636475
v 17.148923873901367 1.6062860488891602 4.571142196655273
v 17.162342071533203 1.2439810037612915 4.666234970092773
v 17.149385452270508 1.6107350587844849 4.589723110198975
v 17.14738655090332 1.9674010276794434 4.475757122039795
v 17.147863388061523 1.9563159942626953 4.459475994110107
v 17.149385452270508 1.6107350587844849 4.589723110198975
v 17.147863388061523 1.9563159942626953 4.459475994110107
v 17.148923873901367 1.6062860488891602 4.571142196655273
v 17.25423240661621 1.2493280172348022 4.681539058685303
v 17.240249633789062 1.61701500415802 4.5858001708984375
v 17.149385452270508 1.6107350587844849 4.589723110198975
v 17.25423240661621 1.2493280172348022 4.681539058685303
v 17.149385452270508 1.6107350587844849 4.589723110198975
v 17.1629638671875 1.248412013053894 4.684815883636475
v 17.240249633789062 1.61701500415802 4.5858001708984375
v 17.236968994140625 1.9855279922485352 4.4685258865356445
v 17.14738655090332 1.9674010276794434 4.475757122039795
v 17.240249633789062 1.61701500415802 4.5858001708984375
v 17.14738655090332 1.9674010276794434 4.475757122039795
v 17.149385452270508 1.6107350587844849 4.589723110198975
v 17.253610610961914 1.2448970079421997 4.662958145141602
v 17.239788055419922 1.6125659942626953 4.567218780517578
v 17.240249633789062 1.61701500415802 4.5858001708984375
v 17.253610610961914 1.2448970079421997 4.662958145141602
v 17.240249633789062 1.61701500415802 4.5858001708984375
v 17.25423240661621 1.2493280172348022 4.681539058685303
v 17.239788055419922 1.6125659942626953 4.567218780517578
v 17.237443923950195 1.9744420051574707 4.452246189117432
v 17.236968994140625 1.9855279922485352 4.4685258865356445
v 17.239788055419922 1.6125659942626953 4.567218780517578
v 17.236968994140625 1.9855279922485352 4.4685258865356445
v 17.240249633789062 1.61701500415802 4.5858001708984375
v 17.162342071533203 1.2439810037612915 4.666234970092773
v 17.148923873901367 1.6062860488891602 4.571142196655273
v 17.239788055419922 1.6125659942626953 4.567218780517578
v 17.162342071533203 1.2439810037612915 4.666234970092773
v 17.239788055419922 1.6125659942626953 4.567218780517578
v 17.253610610961914 1.2448970079421997 4.662958145141602
v 17.148923873901367 1.6062860488891602 4.571142196655273
v 17.147863388061523 1.9563159942626953 4.459475994110107
v 17.237443923950195 1.9744420051574707 4.452246189117432
v 17.148923873901367 1.6062860488891602 4.571142196655273
v 17.237443923950195 1.9744420051574707 4.452246189117432
v 17.239788055419922 1.6125659942626953 4.567218780517578
v 17.333026885986328 2.1336989402770996 5.457426071166992
v 17.422090530395508 2.3795130252838135 5.722207069396973
v 17.336008071899414 2.434221029281616 5.785216808319092
v 17.333026885986328 2.1336989402770996 5.457426071166992
v 17.336008071899414 2.434221029281616 5.785216808319092
v 17.235153198242188 2.173640012741089 5.502590179443359
v 17.235153198242188 2.173640012741089 5.502590179443359
v 17.336008071899414 2.434221029281616 5.785216808319092
v 17.34091567993164 2.4649600982666016 5.777167797088623
v 17.235153198242188 2.173640012741089 5.502590179443359
v 17.34091567993164 2.4649600982666016 5.777167797088623
v 17.232206344604492 2.1973049640655518 5.482807159423828
v 17.232206344604492 2.1973049640655518 5.482807159423828
v 17.34091567993164 2.4649600982666016 5.777167797088623
v 17.426998138427734 2.410252094268799 5.7141571044921875
v 17.232206344604492 2.1973049640655518 5.482807159423828
v 17.426998138427734 2.410252094268799 5.7141571044921875
v 17.330081939697266 2.157365083694458 5.437643051147461
v 17.330081939697266 2.157365083694458 5.437643051147461
v 17.426998138427734 2.410252094268799 5.7141571044921875
v 17.422090530395508 2.3795130252838135 5.722207069396973
v 17.330081939697266 2.157365083694458 5.437643051147461
v 17.422090530395508 2.3795130252838135 5.722207069396973
v 17.333026885986328 2.1336989402770996 5.457426071166992
v 17.16000747680664 1.2463480234146118 5.1836771965026855
v 17.15045738220215 1.2528150081634521 5.155795097351074
v 17.256040573120117 1.2511240243911743 5.119243144989014
v 17.16000747680664 1.2463480234146118 5.1836771965026855
v 17.256040573120117 1.2511240243911743 5.119243144989014
v 17.265588760375977 1.244657039642334 5.147126197814941
v 17.34091567993164 2.4649600982666016 5.777167797088623
v 17.336008071899414 2.434221029281616 5.785216808319092
v 17.507381439208984 2.578356981277466 6.058234214782715
v 17.336008071899414 2.434221029281616 5.785216808319092
v 17.507381439208984 2.578356981277466 6.058234214782715
v 17.507381439208984 2.578356981277466 6.058234214782715
v 17.507381439208984 2.578356981277466 6.058234214782715
v 17.507381439208984 2.578356981277466 6.058234214782715
v 17.507381439208984 2.578356981277466 6.058234214782715
v 17.507381439208984 2.578356981277466 6.058234214782715
v 17.507381439208984 2.578356981277466 6.058234214782715
v 17.507381439208984 2.578356981277466 6.058234214782715
v 17.426998138427734 2.410252094268799 5.7141571044921875
v 17.34091567993164 2.4649600982666016 5.777167797088623
v 17.507381439208984 2.578356981277466 6.058234214782715
v 17.34091567993164 2.4649600982666016 5.777167797088623
v 17.507381439208984 2.578356981277466 6.058234214782715
v 17.507381439208984 2.578356981277466 6.058234214782715
v 17.336008071899414 2.434221029281616 5.785216808319092
v 17.422090530395508 2.3795130252838135 5.722207069396973
v 17.507381439208984 2.578356981277466 6.058234214782715
v 17.422090530395508 2.3795130252838135 5.722207069396973
v 17.507381439208984 2.578356981277466 6.058234214782715
v 17.507381439208984 2.578356981277466 6.058234214782715
v 17.422090530395508 2.3795130252838135 5.722207069396973
v 17.426998138427734 2.410252094268799 5.7141571044921875
v 17.507381439208984 2.578356981277466 6.058234214782715
v 17.426998138427734 2.410252094268799 5.7141571044921875
v 17.507381439208984 2.578356981277466 6.058234214782715
v 17.507381439208984 2.578356981277466 6.058234214782715
v 17.256040573120117 1.2511240243911743 5.119243144989014
v 17.268457412719727 1.795106053352356 5.234170913696289
v 17.27781867980957 1.7886099815368652 5.26210880279541
v 17.256040573120117 1.2511240243911743 5.119243144989014
v 17.27781867980957 1.7886099815368652 5.26210880279541
v 17.265588760375977 1.244657039642334 5.147126197814941
v 17.268457412719727 1.795106053352356 5.234170913696289
v 17.330081939697266 2.157365083694458 5.437643051147461
v 17.333026885986328 2.1336989402770996 5.457426071166992
v 17.268457412719727 1.795106053352356 5.234170913696289
v 17.333026885986328 2.1336989402770996 5.457426071166992
v 17.27781867980957 1.7886099815368652 5.26210880279541
v 17.15045738220215 1.2528150081634521 5.155795097351074
v 17.163663864135742 1.8052829504013062 5.271390914916992
v 17.268457412719727 1.795106053352356 5.234170913696289
v 17.15045738220215 1.2528150081634521 5.155795097351074
v 17.268457412719727 1.795106053352356 5.234170913696289
v 17.256040573120117 1.2511240243911743 5.119243144989014
v 17.163663864135742 1.8052829504013062 5.271390914916992
v 17.232206344604492 2.1973049640655518 5.482807159423828
v 17.330081939697266 2.157365083694458 5.437643051147461
v 17.163663864135742 1.8052829504013062 5.271390914916992
v 17.330081939697266 2.157365083694458 5.437643051147461
v 17.268457412719727 1.795106053352356 5.234170913696289
v 17.16000747680664 1.2463480234146118 5.1836771965026855
v 17.173025131225586 1.798786997795105 5.299328804016113
v 17.163663864135742 1.8052829504013062 5.271390914916992
v 17.16000747680664 1.2463480234146118 5.1836771965026855
v 17.163663864135742 1.8052829504013062 5.271390914916992
v 17.15045738220215 1.2528150081634521 5.155795097351074
v 17.173025131225586 1.798786997795105 5.299328804016113
v 17.235153198242188 2.173640012741089 5.502590179443359
v 17.232206344604492 2.1973049640655518 5.482807159423828
v 17.173025131225586 1.798786997795105 5.299328804016113
v 17.232206344604492 2.1973049640655518 5.482807159423828
v 17.163663864135742 1.8052829504013062 5.271390914916992
v 17.265588760375977 1.244657039642334 5.147126197814941
v 17.27781867980957 1.7886099815368652 5.26210880279541
v 17.173025131225586 1.798786997795105 5.299328804016113
v 17.265588760375977 1.244657039642334 5.147126197814941
v 17.173025131225586 1.798786997795105 5.299328804016113
v 17.16000747680664 1.2463480234146118 5.1836771965026855
v 17.27781867980957 1.7886099815368652 5.26210880279541
v 17.333026885986328 2.1336989402770996 5.457426071166992
v 17.235153198242188 2.173640012741089 5.502590179443359
v 17.27781867980957 1.7886099815368652 5.26210880279541
v 17.235153198242188 2.173640012741089 5.502590179443359
v 17.173025131225586 1.798786997795105 5.299328804016113
v 17.68515968322754 2.0244300365448 5.354406833648682
v 17.83087158203125 2.3045620918273926 5.484389781951904
v 17.759742736816406 2.3352560997009277 5.544756889343262
v 17.68515968322754 2.0244300365448 5.354406833648682
v 17.759742736816406 2.3352560997009277 5.544756889343262
v 17.609533309936523 2.0435919761657715 5.412352085113525
v 17.609533309936523 2.0435919761657715 5.412352085113525
v 17.759742736816406 2.3352560997009277 5.544756889343262
v 17.759130477905273 2.3553171157836914 5.5359787940979
v 17.609533309936523 2.0435919761657715 5.412352085113525
v 17.759130477905273 2.3553171157836914 5.5359787940979
v 17.600046157836914 2.054378032684326 5.397192001342773
v 17.600046157836914 2.054378032684326 5.397192001342773
v 17.759130477905273 2.3553171157836914 5.5359787940979
v 17.830259323120117 2.3246240615844727 5.475611209869385
v 17.600046157836914 2.054378032684326 5.397192001342773
v 17.830259323120117 2.3246240615844727 5.475611209869385
v 17.67567253112793 2.0352160930633545 5.339248180389404
v 17.67567253112793 2.0352160930633545 5.339248180389404
v 17.830259323120117 2.3246240615844727 5.475611209869385
v 17.83087158203125 2.3045620918273926 5.484389781951904
v 17.67567253112793 2.0352160930633545 5.339248180389404
v 17.83087158203125 2.3045620918273926 5.484389781951904
v 17.68515968322754 2.0244300365448 5.354406833648682
v 17.49231719970703 1.2448780536651611 5.249650955200195
v 17.480758666992188 1.248479962348938 5.233407020568848
v 17.55955696105957 1.2477730512619019 5.177175998687744
v 17.49231719970703 1.2448780536651611 5.249650955200195
v 17.55955696105957 1.2477730512619019 5.177175998687744
v 17.571117401123047 1.2441699504852295 5.193418979644775
v 17.759130477905273 2.3553171157836914 5.5359787940979
v 17.759742736816406 2.3352560997009277 5.544756889343262
v 17.964004516601562 2.478656053543091 5.672924041748047
v 17.759742736816406 2.3352560997009277 5.544756889343262
v 17.964004516601562 2.478656053543091 5.672924041748047
v 17.964004516601562 2.478656053543091 5.672924041748047
v 17.964004516601562 2.478656053543091 5.672924041748047
v 17.964004516601562 2.478656053543091 5.672924041748047
v 17.964004516601562 2.478656053543091 5.672924041748047
v 17.964004516601562 2.478656053543091 5.672924041748047
v 17.964004516601562 2.478656053543091 5.672924041748047
v 17.964004516601562 2.478656053543091 5.672924041748047
v 17.830259323120117 2.3246240615844727 5.475611209869385
v 17.759130477905273 2.3553171157836914 5.5359787940979
v 17.964004516601562 2.478656053543091 5.672924041748047
v 17.759130477905273 2.3553171157836914 5.5359787940979
v 17.964004516601562 2.478656053543091 5.672924041748047
v 17.964004516601562 2.478656053543091 5.672924041748047
v 17.759742736816406 2.3352560997009277 5.544756889343262
v 17.83087158203125 2.3045620918273926 5.484389781951904
v 17.964004516601562 2.478656053543091 5.672924041748047
v 17.759742736816406 2.3352560997009277 5.544756889343262
v 17.964004516601562 2.478656053543091 5.672924041748047
v 17.964004516601562 2.478656053543091 5.672924041748047
v 17.83087158203125 2.3045620918273926 5.484389781951904
v 17.830259323120117 2.3246240615844727 5.475611209869385
v 17.964004516601562 2.478656053543091 5.672924041748047
v 17.830259323120117 2.3246240615844727 5.475611209869385
v 17.964004516601562 2.478656053543091 5.672924041748047
v 17.964004516601562 2.478656053543091 5.672924041748047
v 17.55955696105957 1.2477730512619019 5.177175998687744
v 17.62033462524414 1.6532649993896484 5.243175983428955
v 17.631750106811523 1.649641990661621 5.259512901306152
v 17.55955696105957 1.2477730512619019 5.177175998687744
v 17.631750106811523 1.649641990661621 5.259512901306152
v 17.571117401123047 1.2441699504852295 5.193418979644775
v 17.62033462524414 1.6532649993896484 5.243175983428955
v 17.67567253112793 2.0352160930633545 5.339248180389404
v 17.68515968322754 2.0244300365448 5.354406833648682
v 17.62033462524414 1.6532649993896484 5.243175983428955
v 17.68515968322754 2.0244300365448 5.354406833648682
v 17.631750106811523 1.649641990661621 5.259512901306152
v 17.480758666992188 1.248479962348938 5.233407020568848
v 17.542072296142578 1.659690022468567 5.299495220184326
v 17.62033462524414 1.6532649993896484 5.243175983428955
v 17.480758666992188 1.248479962348938 5.233407020568848
v 17.62033462524414 1.6532649993896484 5.243175983428955
v 17.55955696105957 1.2477730512619019 5.177175998687744
v 17.542072296142578 1.659690022468567 5.299495220184326
v 17.600046157836914 2.054378032684326 5.397192001342773
v 17.67567253112793 2.0352160930633545 5.339248180389404
v 17.542072296142578 1.659690022468567 5.299495220184326
v 17.67567253112793 2.0352160930633545 5.339248180389404
v 17.62033462524414 1.6532649993896484 5.243175983428955
v 17.49231719970703 1.2448780536651611 5.249650955200195
v 17.553489685058594 1.656067967414856 5.31583309173584
v 17.542072296142578 1.659690022468567 5.299495220184326
v 17.49231719970703 1.2448780536651611 5.249650955200195
v 17.542072296142578 1.659690022468567 5.299495220184326
v 17.480758666992188 1.248479962348938 5.233407020568848
v 17.553489685058594 1.656067967414856 5.31583309173584
v 17.609533309936523 2.0435919761657715 5.412352085113525
v 17.600046157836914 2.054378032684326 5.397192001342773
v 17.553489685058594 1.656067967414856 5.31583309173584
v 17.600046157836914 2.054378032684326 5.397192001342773
v 17.542072296142578 1.659690022468567 5.299495220184326
v 17.571117401123047 1.2441699504852295 5.193418979644775
v 17.631750106811523 1.649641990661621 5.259512901306152
v 17.553489685058594 1.656067967414856 5.31583309173584
v 17.571117401123047 1.2441699504852295 5.193418979644775
v 17.553489685058594 1.656067967414856 5.31583309173584
v 17.49231719970703 1.2448780536651611 5.249650955200195
v 17.631750106811523 1.649641990661621 5.259512901306152
v 17.68515968322754 2.0244300365448 5.354406833648682
v 17.609533309936523 2.0435919761657715 5.412352085113525
v 17.631750106811523 1.649641990661621 5.259512901306152
v 17.609533309936523 2.0435919761657715 5.412352085113525
v 17.553489685058594 1.656067967414856 5.31583309173584
v 17.458946228027344 2.0415210723876953 4.587475776672363
v 17.487529754638672 2.3424670696258545 4.4286789894104
v 17.572370529174805 2.3745059967041016 4.4663801193237305
v 17.458946228027344 2.0415210723876953 4.587475776672363
v 17.572370529174805 2.3745059967041016 4.4663801193237305
v 17.54447364807129 2.0615720748901367 4.629032135009766
v 17.54447364807129 2.0615720748901367 4.629032135009766
v 17.572370529174805 2.3745059967041016 4.4663801193237305
v 17.56373405456543 2.393472909927368 4.473127841949463
v 17.54447364807129 2.0615720748901367 4.629032135009766
v 17.56373405456543 2.393472909927368 4.473127841949463
v 17.534976959228516 2.070096015930176 4.645564079284668
v 17.534976959228516 2.070096015930176 4.645564079284668
v 17.56373405456543 2.393472909927368 4.473127841949463
v 17.478893280029297 2.361433982849121 4.435428142547607
v 17.534976959228516 2.070096015930176 4.645564079284668
v 17.478893280029297 2.361433982849121 4.435428142547607
v 17.44944953918457 2.0500450134277344 4.604006767272949
v 17.44944953918457 2.0500450134277344 4.604006767272949
v 17.478893280029297 2.361433982849121 4.435428142547607
v 17.487529754638672 2.3424670696258545 4.4286789894104
v 17.44944953918457 2.0500450134277344 4.604006767272949
v 17.487529754638672 2.3424670696258545 4.4286789894104
v 17.458946228027344 2.0415210723876953 4.587475776672363
v 17.50471305847168 1.2509249448776245 4.708812236785889
v 17.49567413330078 1.252073049545288 4.726906776428223
v 17.409042358398438 1.250722050666809 4.683722019195557
v 17.50471305847168 1.2509249448776245 4.708812236785889
v 17.409042358398438 1.250722050666809 4.683722019195557
v 17.418079376220703 1.2495750188827515 4.6656270027160645
v 17.56373405456543 2.393472909927368 4.473127841949463
v 17.572370529174805 2.3745059967041016 4.4663801193237305
v 17.579923629760742 2.5433759689331055 4.242463111877441
v 17.572370529174805 2.3745059967041016 4.4663801193237305
v 17.579923629760742 2.5433759689331055 4.242463111877441
v 17.579923629760742 2.5433759689331055 4.242463111877441
v 17.579923629760742 2.5433759689331055 4.242463111877441
v 17.579923629760742 2.5433759689331055 4.242463111877441
v 17.579923629760742 2.5433759689331055 4.242463111877441
v 17.579923629760742 2.5433759689331055 4.242463111877441
v 17.579923629760742 2.5433759689331055 4.242463111877441
v 17.579923629760742 2.5433759689331055 4.242463111877441
v 17.478893280029297 2.361433982849121 4.435428142547607
v 17.56373405456543 2.393472909927368 4.473127841949463
v 17.579923629760742 2.5433759689331055 4.242463111877441
v 17.56373405456543 2.393472909927368 4.473127841949463
v 17.579923629760742 2.5433759689331055 4.242463111877441
v 17.579923629760742 2.5433759689331055 4.242463111877441
v 17.572370529174805 2.3745059967041016 4.4663801193237305
v 17.487529754638672 2.3424670696258545 4.4286789894104
v 17.579923629760742 2.5433759689331055 4.242463111877441
v 17.572370529174805 2.3745059967041016 4.4663801193237305
v 17.579923629760742 2.5433759689331055 4.242463111877441
v 17.579923629760742 2.5433759689331055 4.242463111877441
v 17.487529754638672 2.3424670696258545 4.4286789894104
v 17.478893280029297 2.361433982849121 4.435428142547607
v 17.579923629760742 2.5433759689331055 4.242463111877441
v 17.478893280029297 2.361433982849121 4.435428142547607
v 17.579923629760742 2.5433759689331055 4.242463111877441
v 17.579923629760742 2.5433759689331055 4.242463111877441
v 17.409042358398438 1.250722050666809 4.683722019195557
v 17.41411018371582 1.6574350595474243 4.656801223754883
v 17.42329978942871 1.6562680006027222 4.638784885406494
v 17.409042358398438 1.250722050666809 4.683722019195557
v 17.42329978942871 1.6562680006027222 4.638784885406494
v 17.418079376220703 1.2495750188827515 4.6656270027160645
v 17.41411018371582 1.6574350595474243 4.656801223754883
v 17.44944953918457 2.0500450134277344 4.604006767272949
v 17.458946228027344 2.0415210723876953 4.587475776672363
v 17.41411018371582 1.6574350595474243 4.656801223754883
v 17.458946228027344 2.0415210723876953 4.587475776672363
v 17.42329978942871 1.6562680006027222 4.638784885406494
v 17.49567413330078 1.252073049545288 4.726906776428223
v 17.500221252441406 1.6645050048828125 4.700078010559082
v 17.41411018371582 1.6574350595474243 4.656801223754883
v 17.49567413330078 1.252073049545288 4.726906776428223
v 17.41411018371582 1.6574350595474243 4.656801223754883
v 17.409042358398438 1.250722050666809 4.683722019195557
v 17.500221252441406 1.6645050048828125 4.700078010559082
v 17.534976959228516 2.070096015930176 4.645564079284668
v 17.44944953918457 2.0500450134277344 4.604006767272949
v 17.500221252441406 1.6645050048828125 4.700078010559082
v 17.44944953918457 2.0500450134277344 4.604006767272949
v 17.41411018371582 1.6574350595474243 4.656801223754883
v 17.50471305847168 1.2509249448776245 4.708812236785889
v 17.509410858154297 1.663336992263794 4.682062149047852
v 17.500221252441406 1.6645050048828125 4.700078010559082
v 17.50471305847168 1.2509249448776245 4.708812236785889
v 17.500221252441406 1.6645050048828125 4.700078010559082
v 17.49567413330078 1.252073049545288 4.726906776428223
v 17.509410858154297 1.663336992263794 4.682062149047852
v 17.54447364807129 2.0615720748901367 4.629032135009766
v 17.534976959228516 2.070096015930176 4.645564079284668
v 17.509410858154297 1.663336992263794 4.682062149047852
v 17.534976959228516 2.070096015930176 4.645564079284668
v 17.500221252441406 1.6645050048828125 4.700078010559082
v 17.418079376220703 1.2495750188827515 4.6656270027160645
v 17.42329978942871 1.6562680006027222 4.638784885406494
v 17.509410858154297 1.663336992263794 4.682062149047852
v 17.418079376220703 1.2495750188827515 4.6656270027160645
v 17.509410858154297 1.663336992263794 4.682062149047852
v 17.50471305847168 1.2509249448776245 4.708812236785889
v 17.42329978942871 1.6562680006027222 4.638784885406494
v 17.458946228027344 2.0415210723876953 4.587475776672363
v 17.54447364807129 2.0615720748901367 4.629032135009766
v 17.42329978942871 1.6562680006027222 4.638784885406494
v 17.54447364807129 2.0615720748901367 4.629032135009766
v 17.509410858154297 1.663336992263794 4.682062149047852
v 17.59969711303711 2.686974048614502 5.138823986053467
v 17.63083839416504 2.9537129402160645 5.231784820556641
v 17.678203582763672 2.945298910140991 5.225557804107666
v 17.59969711303711 2.686974048614502 5.138823986053467
v 17.678203582763672 2.945298910140991 5.225557804107666
v 17.64784812927246 2.6834959983825684 5.134070873260498
v 17.64784812927246 2.6834959983825684 5.134070873260498
v 17.678203582763672 2.945298910140991 5.225557804107666
v 17.70965576171875 2.925112009048462 5.256481170654297
v 17.64784812927246 2.6834959983825684 5.134070873260498
v 17.70965576171875 2.925112009048462 5.256481170654297
v 17.680997848510742 2.6739840507507324 5.168182849884033
v 17.680997848510742 2.6739840507507324 5.168182849884033
v 17.70965576171875 2.925112009048462 5.256481170654297
v 17.701513290405273 2.908353090286255 5.301268100738525
v 17.680997848510742 2.6739840507507324 5.168182849884033
v 17.701513290405273 2.908353090286255 5.301268100738525
v 17.67418670654297 2.665600061416626 5.215473175048828
v 17.67418670654297 2.665600061416626 5.215473175048828
v 17.701513290405273 2.908353090286255 5.301268100738525
v 17.65990447998047 2.9076430797576904 5.326193809509277
v 17.67418670654297 2.665600061416626 5.215473175048828
v 17.65990447998047 2.9076430797576904 5.326193809509277
v 17.63254165649414 2.6646571159362793 5.240331172943115
v 17.63254165649414 2.6646571159362793 5.240331172943115
v 17.65990447998047 2.9076430797576904 5.326193809509277
v 17.61616325378418 2.923516035079956 5.312489032745361
v 17.63254165649414 2.6646571159362793 5.240331172943115
v 17.61616325378418 2.923516035079956 5.312489032745361
v 17.58742332458496 2.6718649864196777 5.224038124084473
v 17.717973709106445 2.9998319149017334 5.3383870124816895
v 17.725269317626953 3.015734910964966 5.301753997802734
v 17.718080520629883 3.02455997467041 5.308966159820557
v 17.717973709106445 2.9998319149017334 5.3383870124816895
v 17.718080520629883 3.02455997467041 5.308966159820557
v 17.71234703063965 3.0120599269866943 5.337760925292969
v 17.58742332458496 2.6718649864196777 5.224038124084473
v 17.61616325378418 2.923516035079956 5.312489032745361
v 17.603227615356445 2.944019079208374 5.270473003387451
v 17.58742332458496 2.6718649864196777 5.224038124084473
v 17.603227615356445 2.944019079208374 5.270473003387451
v 17.57280731201172 2.681797981262207 5.178863048553467
v 17.57280731201172 2.681797981262207 5.178863048553467
v 17.603227615356445 2.944019079208374 5.270473003387451
v 17.63083839416504 2.9537129402160645 5.231784820556641
v 17.57280731201172 2.681797981262207 5.178863048553467
v 17.63083839416504 2.9537129402160645 5.231784820556641
v 17.59969711303711 2.686974048614502 5.138823986053467
v 17.605365753173828 2.5469939708709717 5.182981014251709
v 17.56778335571289 2.55470609664917 5.169703006744385
v 17.573991775512695 2.546741008758545 5.160783767700195
v 17.605365753173828 2.5469939708709717 5.182981014251709
v 17.573991775512695 2.546741008758545 5.160783767700195
v 17.603532791137695 2.5406789779663086 5.171219825744629
v 17.678203582763672 2.945298910140991 5.225557804107666
v 17.63083839416504 2.9537129402160645 5.231784820556641
v 17.651336669921875 3.030301094055176 5.267617225646973
v 17.678203582763672 2.945298910140991 5.225557804107666
v 17.651336669921875 3.030301094055176 5.267617225646973
v 17.69835662841797 3.020540952682495 5.260777950286865
v 17.55576515197754 2.5650529861450195 5.132330894470215
v 17.5783634185791 2.5702428817749023 5.099005222320557
v 17.582307815551758 2.5589540004730225 5.105213165283203
v 17.55576515197754 2.5650529861450195 5.132330894470215
v 17.582307815551758 2.5589540004730225 5.105213165283203
v 17.564546585083008 2.554872989654541 5.131408214569092
v 17.718080520629883 3.02455997467041 5.308966159820557
v 17.697872161865234 3.03973388671875 5.289481163024902
v 17.685407638549805 3.030517101287842 5.315357208251953
v 17.718080520629883 3.02455997467041 5.308966159820557
v 17.685407638549805 3.030517101287842 5.315357208251953
v 17.68865966796875 3.028074026107788 5.318493843078613
v 17.64706039428711 3.014554023742676 5.348697185516357
v 17.683168411254883 2.9993059635162354 5.359280109405518
v 17.68498992919922 3.011646032333374 5.354183197021484
v 17.64706039428711 3.014554023742676 5.348697185516357
v 17.68498992919922 3.011646032333374 5.354183197021484
v 17.65660858154297 3.0236310958862305 5.345864772796631
v 17.618558883666992 2.56636905670166 5.094820976257324
v 17.64608383178711 2.556346893310547 5.12293004989624
v 17.63553810119629 2.5480310916900635 5.12401819229126
v 17.618558883666992 2.56636905670166 5.094820976257324
v 17.63553810119629 2.5480310916900635 5.12401819229126
v 17.613903045654297 2.555907964706421 5.101923942565918
v 17.636842727661133 3.0340919494628906 5.314610004425049
v 17.64706039428711 3.014554023742676 5.348697185516357
v 17.65660858154297 3.0236310958862305 5.345864772796631
v 17.636842727661133 3.0340919494628906 5.314610004425049
v 17.65660858154297 3.0236310958862305 5.345864772796631
v 17.648574829101562 3.0389890670776367 5.319070816040039
v 17.683168411254883 2.9993059635162354 5.359280109405518
v 17.717973709106445 2.9998319149017334 5.3383870124816895
v 17.71234703063965 3.0120599269866943 5.337760925292969
v 17.683168411254883 2.9993059635162354 5.359280109405518
v 17.71234703063965 3.0120599269866943 5.337760925292969
v 17.68498992919922 3.011646032333374 5.354183197021484
v 17.59969711303711 2.686974048614502 5.138823986053467
v 17.64784812927246 2.6834959983825684 5.134070873260498
v 17.625253677368164 2.5864460468292236 5.092835903167725
v 17.59969711303711 2.686974048614502 5.138823986053467
v 17.625253677368164 2.5864460468292236 5.092835903167725
v 17.577238082885742 2.5910630226135254 5.097854137420654
v 17.56778335571289 2.55470609664917 5.169703006744385
v 17.55576515197754 2.5650529861450195 5.132330894470215
v 17.564546585083008 2.554872989654541 5.131408214569092
v 17.56778335571289 2.55470609664917 5.169703006744385
v 17.564546585083008 2.554872989654541 5.131408214569092
v 17.573991775512695 2.546741008758545 5.160783767700195
v 17.64608383178711 2.556346893310547 5.12293004989624
v 17.640213012695312 2.547724962234497 5.162164211273193
v 17.630922317504883 2.541253089904785 5.154858112335205
v 17.64608383178711 2.556346893310547 5.12293004989624
v 17.630922317504883 2.541253089904785 5.154858112335205
v 17.63553810119629 2.5480310916900635 5.12401819229126
v 17.640213012695312 2.547724962234497 5.162164211273193
v 17.605365753173828 2.5469939708709717 5.182981014251709
v 17.603532791137695 2.5406789779663086 5.171219825744629
v 17.640213012695312 2.547724962234497 5.162164211273193
v 17.603532791137695 2.5406789779663086 5.171219825744629
v 17.630922317504883 2.541253089904785 5.154858112335205
v 17.613903045654297 2.555907964706421 5.101923942565918
v 17.63553810119629 2.5480310916900635 5.12401819229126
v 17.607524871826172 2.549449920654297 5.132346153259277
v 17.613903045654297 2.555907964706421 5.101923942565918
v 17.607524871826172 2.549449920654297 5.132346153259277
v 17.60296058654785 2.551111936569214 5.127686023712158
v 17.70965576171875 2.925112009048462 5.256481170654297
v 17.678203582763672 2.945298910140991 5.225557804107666
v 17.69835662841797 3.020540952682495 5.260777950286865
v 17.70965576171875 2.925112009048462 5.256481170654297
v 17.69835662841797 3.020540952682495 5.260777950286865
v 17.72907257080078 2.9974780082702637 5.2903947830200195
v 17.699560165405273 3.0350399017333984 5.276963233947754
v 17.660205841064453 3.043210029602051 5.282684803009033
v 17.666940689086914 3.0461549758911133 5.293978214263916
v 17.699560165405273 3.0350399017333984 5.276963233947754
v 17.666940689086914 3.0461549758911133 5.293978214263916
v 17.697872161865234 3.03973388671875 5.289481163024902
v 17.701513290405273 2.908353090286255 5.301268100738525
v 17.70965576171875 2.925112009048462 5.256481170654297
v 17.72907257080078 2.9974780082702637 5.2903947830200195
v 17.701513290405273 2.908353090286255 5.301268100738525
v 17.72907257080078 2.9974780082702637 5.2903947830200195
v 17.720352172851562 2.9784789085388184 5.334164142608643
v 17.65990447998047 2.9076430797576904 5.326193809509277
v 17.701513290405273 2.908353090286255 5.301268100738525
v 17.720352172851562 2.9784789085388184 5.334164142608643
v 17.65990447998047 2.9076430797576904 5.326193809509277
v 17.720352172851562 2.9784789085388184 5.334164142608643
v 17.67876434326172 2.9778499603271484 5.359127044677734
v 17.61616325378418 2.923516035079956 5.312489032745361
v 17.65990447998047 2.9076430797576904 5.326193809509277
v 17.67876434326172 2.9778499603271484 5.359127044677734
v 17.61616325378418 2.923516035079956 5.312489032745361
v 17.67876434326172 2.9778499603271484 5.359127044677734
v 17.6356258392334 2.996066093444824 5.3464860916137695
v 17.603227615356445 2.944019079208374 5.270473003387451
v 17.61616325378418 2.923516035079956 5.312489032745361
v 17.6356258392334 2.996066093444824 5.3464860916137695
v 17.603227615356445 2.944019079208374 5.270473003387451
v 17.6356258392334 2.996066093444824 5.3464860916137695
v 17.6234188079834 3.019408941268921 5.305759906768799
v 17.63083839416504 2.9537129402160645 5.231784820556641
v 17.603227615356445 2.944019079208374 5.270473003387451
v 17.6234188079834 3.019408941268921 5.305759906768799
v 17.63083839416504 2.9537129402160645 5.231784820556641
v 17.6234188079834 3.019408941268921 5.305759906768799
v 17.651336669921875 3.030301094055176 5.267617225646973
v 17.57280731201172 2.681797981262207 5.178863048553467
v 17.59969711303711 2.686974048614502 5.138823986053467
v 17.577238082885742 2.5910630226135254 5.097854137420654
v 17.57280731201172 2.681797981262207 5.178863048553467
v 17.577238082885742 2.5910630226135254 5.097854137420654
v 17.550228118896484 2.584872007369995 5.137657165527344
v 17.64784812927246 2.6834959983825684 5.134070873260498
v 17.680997848510742 2.6739840507507324 5.168182849884033
v 17.658117294311523 2.5744869709014893 5.126378059387207
v 17.64784812927246 2.6834959983825684 5.134070873260498
v 17.658117294311523 2.5744869709014893 5.126378059387207
v 17.625253677368164 2.5864460468292236 5.092835903167725
v 17.680997848510742 2.6739840507507324 5.168182849884033
v 17.67418670654297 2.665600061416626 5.215473175048828
v 17.651081085205078 2.564194917678833 5.173224925994873
v 17.680997848510742 2.6739840507507324 5.168182849884033
v 17.651081085205078 2.564194917678833 5.173224925994873
v 17.658117294311523 2.5744869709014893 5.126378059387207
v 17.67418670654297 2.665600061416626 5.215473175048828
v 17.63254165649414 2.6646571159362793 5.240331172943115
v 17.609445571899414 2.563322067260742 5.198099136352539
v 17.67418670654297 2.665600061416626 5.215473175048828
v 17.609445571899414 2.563322067260742 5.198099136352539
v 17.651081085205078 2.564194917678833 5.173224925994873
v 17.63254165649414 2.6646571159362793 5.240331172943115
v 17.58742332458496 2.6718649864196777 5.224038124084473
v 17.564559936523438 2.5725250244140625 5.182269096374512
v 17.63254165649414 2.6646571159362793 5.240331172943115
v 17.564559936523438 2.5725250244140625 5.182269096374512
v 17.609445571899414 2.563322067260742 5.198099136352539
v 17.58742332458496 2.6718649864196777 5.224038124084473
v 17.57280731201172 2.681797981262207 5.178863048553467
v 17.550228118896484 2.584872007369995 5.137657165527344
v 17.58742332458496 2.6718649864196777 5.224038124084473
v 17.550228118896484 2.584872007369995 5.137657165527344
v 17.564559936523438 2.5725250244140625 5.182269096374512
v 17.5783634185791 2.5702428817749023 5.099005222320557
v 17.618558883666992 2.56636905670166 5.094820976257324
v 17.613903045654297 2.555907964706421 5.101923942565918
v 17.5783634185791 2.5702428817749023 5.099005222320557
v 17.613903045654297 2.555907964706421 5.101923942565918
v 17.582307815551758 2.5589540004730225 5.105213165283203
v 17.660205841064453 3.043210029602051 5.282684803009033
v 17.636842727661133 3.0340919494628906 5.314610004425049
v 17.648574829101562 3.0389890670776367 5.319070816040039
v 17.660205841064453 3.043210029602051 5.282684803009033
v 17.648574829101562 3.0389890670776367 5.319070816040039
v 17.666940689086914 3.0461549758911133 5.293978214263916
v 17.65660858154297 3.0236310958862305 5.345864772796631
v 17.68498992919922 3.011646032333374 5.354183197021484
v 17.683332443237305 3.0259950160980225 5.325775146484375
v 17.65660858154297 3.0236310958862305 5.345864772796631
v 17.683332443237305 3.0259950160980225 5.325775146484375
v 17.678762435913086 3.0279250144958496 5.324436187744141
v 17.666940689086914 3.0461549758911133 5.293978214263916
v 17.648574829101562 3.0389890670776367 5.319070816040039
v 17.67746925354004 3.0303969383239746 5.320120811462402
v 17.666940689086914 3.0461549758911133 5.293978214263916
v 17.67746925354004 3.0303969383239746 5.320120811462402
v 17.6804256439209 3.031550884246826 5.3160810470581055
v 17.71234703063965 3.0120599269866943 5.337760925292969
v 17.718080520629883 3.02455997467041 5.308966159820557
v 17.68865966796875 3.028074026107788 5.318493843078613
v 17.71234703063965 3.0120599269866943 5.337760925292969
v 17.68865966796875 3.028074026107788 5.318493843078613
v 17.68773651123047 3.02606201171875 5.323131084442139
v 17.648574829101562 3.0389890670776367 5.319070816040039
v 17.65660858154297 3.0236310958862305 5.345864772796631
v 17.678762435913086 3.0279250144958496 5.324436187744141
v 17.648574829101562 3.0389890670776367 5.319070816040039
v 17.678762435913086 3.0279250144958496 5.324436187744141
v 17.67746925354004 3.0303969383239746 5.320120811462402
v 17.697872161865234 3.03973388671875 5.289481163024902
v 17.666940689086914 3.0461549758911133 5.293978214263916
v 17.6804256439209 3.031550884246826 5.3160810470581055
v 17.697872161865234 3.03973388671875 5.289481163024902
v 17.6804256439209 3.031550884246826 5.3160810470581055
v 17.685407638549805 3.030517101287842 5.315357208251953
v 17.68498992919922 3.011646032333374 5.354183197021484
v 17.71234703063965 3.0120599269866943 5.337760925292969
v 17.68773651123047 3.02606201171875 5.323131084442139
v 17.68498992919922 3.011646032333374 5.354183197021484
v 17.68773651123047 3.02606201171875 5.323131084442139
v 17.683332443237305 3.0259950160980225 5.325775146484375
v 17.603532791137695 2.5406789779663086 5.171219825744629
v 17.573991775512695 2.546741008758545 5.160783767700195
v 17.59454345703125 2.549177885055542 5.140100002288818
v 17.603532791137695 2.5406789779663086 5.171219825744629
v 17.59454345703125 2.549177885055542 5.140100002288818
v 17.60077476501465 2.547899007797241 5.1423020362854
v 17.564546585083008 2.554872989654541 5.131408214569092
v 17.582307815551758 2.5589540004730225 5.105213165283203
v 17.596296310424805 2.5517539978027344 5.128378868103027
v 17.564546585083008 2.554872989654541 5.131408214569092
v 17.596296310424805 2.5517539978027344 5.128378868103027
v 17.59255027770996 2.550894021987915 5.133903980255127
v 17.63553810119629 2.5480310916900635 5.12401819229126
v 17.630922317504883 2.541253089904785 5.154858112335205
v 17.606552124023438 2.548021078109741 5.138851165771484
v 17.63553810119629 2.5480310916900635 5.12401819229126
v 17.606552124023438 2.548021078109741 5.138851165771484
v 17.607524871826172 2.549449920654297 5.132346153259277
v 17.573991775512695 2.546741008758545 5.160783767700195
v 17.564546585083008 2.554872989654541 5.131408214569092
v 17.59255027770996 2.550894021987915 5.133903980255127
v 17.573991775512695 2.546741008758545 5.160783767700195
v 17.59255027770996 2.550894021987915 5.133903980255127
v 17.59454345703125 2.549177885055542 5.140100002288818
v 17.582307815551758 2.5589540004730225 5.105213165283203
v 17.613903045654297 2.555907964706421 5.101923942565918
v 17.60296058654785 2.551111936569214 5.127686023712158
v 17.582307815551758 2.5589540004730225 5.105213165283203
v 17.60296058654785 2.551111936569214 5.127686023712158
v 17.596296310424805 2.5517539978027344 5.128378868103027
v 17.630922317504883 2.541253089904785 5.154858112335205
v 17.603532791137695 2.5406789779663086 5.171219825744629
v 17.60077476501465 2.547899007797241 5.1423020362854
v 17.630922317504883 2.541253089904785 5.154858112335205
v 17.60077476501465 2.547899007797241 5.1423020362854
v 17.606552124023438 2.548021078109741 5.138851165771484
v 17.69835662841797 3.020540952682495 5.260777950286865
v 17.651336669921875 3.030301094055176 5.267617225646973
v 17.660205841064453 3.043210029602051 5.282684803009033
v 17.69835662841797 3.020540952682495 5.260777950286865
v 17.660205841064453 3.043210029602051 5.282684803009033
v 17.699560165405273 3.0350399017333984 5.276963233947754
v 17.72907257080078 2.9974780082702637 5.2903947830200195
v 17.69835662841797 3.020540952682495 5.260777950286865
v 17.699560165405273 3.0350399017333984 5.276963233947754
v 17.72907257080078 2.9974780082702637 5.2903947830200195
v 17.699560165405273 3.0350399017333984 5.276963233947754
v 17.725269317626953 3.015734910964966 5.301753997802734
v 17.720352172851562 2.9784789085388184 5.334164142608643
v 17.72907257080078 2.9974780082702637 5.2903947830200195
v 17.725269317626953 3.015734910964966 5.301753997802734
v 17.720352172851562 2.9784789085388184 5.334164142608643
v 17.725269317626953 3.015734910964966 5.301753997802734
v 17.717973709106445 2.9998319149017334 5.3383870124816895
v 17.67876434326172 2.9778499603271484 5.359127044677734
v 17.720352172851562 2.9784789085388184 5.334164142608643
v 17.717973709106445 2.9998319149017334 5.3383870124816895
v 17.67876434326172 2.9778499603271484 5.359127044677734
v 17.717973709106445 2.9998319149017334 5.3383870124816895
v 17.683168411254883 2.9993059635162354 5.359280109405518
v 17.6356258392334 2.996066093444824 5.3464860916137695
v 17.67876434326172 2.9778499603271484 5.359127044677734
v 17.683168411254883 2.9993059635162354 5.359280109405518
v 17.6356258392334 2.996066093444824 5.3464860916137695
v 17.683168411254883 2.9993059635162354 5.359280109405518
v 17.64706039428711 3.014554023742676 5.348697185516357
v 17.6234188079834 3.019408941268921 5.305759906768799
v 17.6356258392334 2.996066093444824 5.3464860916137695
v 17.64706039428711 3.014554023742676 5.348697185516357
v 17.6234188079834 3.019408941268921 5.305759906768799
v 17.64706039428711 3.014554023742676 5.348697185516357
v 17.636842727661133 3.0340919494628906 5.314610004425049
v 17.651336669921875 3.030301094055176 5.267617225646973
v 17.6234188079834 3.019408941268921 5.305759906768799
v 17.636842727661133 3.0340919494628906 5.314610004425049
v 17.651336669921875 3.030301094055176 5.267617225646973
v 17.636842727661133 3.0340919494628906 5.314610004425049
v 17.660205841064453 3.043210029602051 5.282684803009033
v 17.577238082885742 2.5910630226135254 5.097854137420654
v 17.625253677368164 2.5864460468292236 5.092835903167725
v 17.618558883666992 2.56636905670166 5.094820976257324
v 17.577238082885742 2.5910630226135254 5.097854137420654
v 17.618558883666992 2.56636905670166 5.094820976257324
v 17.5783634185791 2.5702428817749023 5.099005222320557
v 17.625253677368164 2.5864460468292236 5.092835903167725
v 17.658117294311523 2.5744869709014893 5.126378059387207
v 17.64608383178711 2.556346893310547 5.12293004989624
v 17.625253677368164 2.5864460468292236 5.092835903167725
v 17.64608383178711 2.556346893310547 5.12293004989624
v 17.618558883666992 2.56636905670166 5.094820976257324
v 17.658117294311523 2.5744869709014893 5.126378059387207
v 17.651081085205078 2.564194917678833 5.173224925994873
v 17.640213012695312 2.547724962234497 5.162164211273193
v 17.658117294311523 2.5744869709014893 5.126378059387207
v 17.640213012695312 2.547724962234497 5.162164211273193
v 17.64608383178711 2.556346893310547 5.12293004989624
v 17.651081085205078 2.564194917678833 5.173224925994873
v 17.609445571899414 2.563322067260742 5.198099136352539
v 17.605365753173828 2.5469939708709717 5.182981014251709
v 17.651081085205078 2.564194917678833 5.173224925994873
v 17.605365753173828 2.5469939708709717 5.182981014251709
v 17.640213012695312 2.547724962234497 5.162164211273193
v 17.609445571899414 2.563322067260742 5.198099136352539
v 17.564559936523438 2.5725250244140625 5.182269096374512
v 17.56778335571289 2.55470609664917 5.169703006744385
v 17.609445571899414 2.563322067260742 5.198099136352539
v 17.56778335571289 2.55470609664917 5.169703006744385
v 17.605365753173828 2.5469939708709717 5.182981014251709
v 17.564559936523438 2.5725250244140625 5.182269096374512
v 17.550228118896484 2.584872007369995 5.137657165527344
v 17.55576515197754 2.5650529861450195 5.132330894470215
v 17.564559936523438 2.5725250244140625 5.182269096374512
v 17.55576515197754 2.5650529861450195 5.132330894470215
v 17.56778335571289 2.55470609664917 5.169703006744385
v 17.550228118896484 2.584872007369995 5.137657165527344
v 17.577238082885742 2.5910630226135254 5.097854137420654
v 17.5783634185791 2.5702428817749023 5.099005222320557
v 17.550228118896484 2.584872007369995 5.137657165527344
v 17.5783634185791 2.5702428817749023 5.099005222320557
v 17.55576515197754 2.5650529861450195 5.132330894470215
v 17.725269317626953 3.015734910964966 5.301753997802734
v 17.699560165405273 3.0350399017333984 5.276963233947754
v 17.697872161865234 3.03973388671875 5.289481163024902
v 17.725269317626953 3.015734910964966 5.301753997802734
v 17.697872161865234 3.03973388671875 5.289481163024902
v 17.718080520629883 3.02455997467041 5.308966159820557
v 17.325666427612305 3.019984006881714 4.790614128112793
v 17.32703399658203 3.2978060245513916 4.817300796508789
v 17.383275985717773 3.292447090148926 4.850717067718506
v 17.325666427612305 3.019984006881714 4.790614128112793
v 17.383275985717773 3.292447090148926 4.850717067718506
v 17.381948471069336 3.0200700759887695 4.8243889808654785
v 17.381948471069336 3.0200700759887695 4.8243889808654785
v 17.383275985717773 3.292447090148926 4.850717067718506
v 17.391881942749023 3.2823050022125244 4.914995193481445
v 17.381948471069336 3.0200700759887695 4.8243889808654785
v 17.391881942749023 3.2823050022125244 4.914995193481445
v 17.390644073486328 3.0215671062469482 4.889432907104492
v 17.390644073486328 3.0215671062469482 4.889432907104492
v 17.391881942749023 3.2823050022125244 4.914995193481445
v 17.346372604370117 3.275017023086548 4.96173095703125
v 17.390644073486328 3.0215671062469482 4.889432907104492
v 17.346372604370117 3.275017023086548 4.96173095703125
v 17.34520149230957 3.023345947265625 4.936766147613525
v 17.34520149230957 3.023345947265625 4.936766147613525
v 17.346372604370117 3.275017023086548 4.96173095703125
v 17.281015396118164 3.276071071624756 4.955732822418213
v 17.34520149230957 3.023345947265625 4.936766147613525
v 17.281015396118164 3.276071071624756 4.955732822418213
v 17.279842376708984 3.02406907081604 4.930747032165527
v 17.279842376708984 3.02406907081604 4.930747032165527
v 17.281015396118164 3.276071071624756 4.955732822418213
v 17.245027542114258 3.2846739292144775 4.901516914367676
v 17.279842376708984 3.02406907081604 4.930747032165527
v 17.245027542114258 3.2846739292144775 4.901516914367676
v 17.243783950805664 3.023190975189209 4.875905990600586
v 17.341915130615234 3.4100379943847656 4.976263999938965
v 17.379255294799805 3.418828010559082 4.938385009765625
v 17.367534637451172 3.4290220737457275 4.93533182144165
v 17.341915130615234 3.4100379943847656 4.976263999938965
v 17.367534637451172 3.4290220737457275 4.93533182144165
v 17.337596893310547 3.4220190048217773 4.965651988983154
v 17.243783950805664 3.023190975189209 4.875905990600586
v 17.245027542114258 3.2846739292144775 4.901516914367676
v 17.265506744384766 3.294347047805786 4.839909076690674
v 17.243783950805664 3.023190975189209 4.875905990600586
v 17.265506744384766 3.294347047805786 4.839909076690674
v 17.264177322387695 3.0213730335235596 4.813540935516357
v 17.264177322387695 3.0213730335235596 4.813540935516357
v 17.265506744384766 3.294347047805786 4.839909076690674
v 17.32703399658203 3.2978060245513916 4.817300796508789
v 17.264177322387695 3.0213730335235596 4.813540935516357
v 17.32703399658203 3.2978060245513916 4.817300796508789
v 17.325666427612305 3.019984006881714 4.790614128112793
v 17.284486770629883 2.8416929244995117 4.914867877960205
v 17.254438400268555 2.8432869911193848 4.869132041931152
v 17.267532348632812 2.831202983856201 4.867031097412109
v 17.284486770629883 2.8416929244995117 4.914867877960205
v 17.267532348632812 2.831202983856201 4.867031097412109
v 17.291231155395508 2.8299450874328613 4.903103828430176
v 17.383275985717773 3.292447090148926 4.850717067718506
v 17.32703399658203 3.2978060245513916 4.817300796508789
v 17.327245712280273 3.4138150215148926 4.841938018798828
v 17.383275985717773 3.292447090148926 4.850717067718506
v 17.327245712280273 3.4138150215148926 4.841938018798828
v 17.38348960876465 3.406440019607544 4.874961853027344
v 17.271480560302734 2.8445920944213867 4.8171210289001465
v 17.32278060913086 2.84462308883667 4.797999858856201
v 17.321434020996094 2.8322560787200928 4.810927867889404
v 17.271480560302734 2.8445920944213867 4.8171210289001465
v 17.321434020996094 2.8322560787200928 4.810927867889404
v 17.280973434448242 2.832231044769287 4.8260087966918945
v 17.358448028564453 2.83125901222229 4.8331451416015625
v 17.3641414642334 2.829988956451416 4.87592887878418
v 17.358448028564453 2.83125901222229 4.8331451416015625
v 17.3641414642334 2.829988956451416 4.87592887878418
v 17.3641414642334 2.829988956451416 4.87592887878418
v 17.358448028564453 2.83125901222229 4.8331451416015625
v 17.258712768554688 3.4210081100463867 4.92736291885376
v 17.28822135925293 3.4110100269317627 4.971351146697998
v 17.29460334777832 3.422792911529541 4.961720943450928
v 17.258712768554688 3.4210081100463867 4.92736291885376
v 17.29460334777832 3.422792911529541 4.961720943450928
v 17.27092742919922 3.4307620525360107 4.9265007972717285
v 17.369707107543945 2.8433589935302734 4.826169013977051
v 17.37692642211914 2.841749906539917 4.880414009094238
v 17.3641414642334 2.829988956451416 4.87592887878418
v 17.369707107543945 2.8433589935302734 4.826169013977051
v 17.3641414642334 2.829988956451416 4.87592887878418
v 17.358448028564453 2.83125901222229 4.8331451416015625
v 17.275571823120117 3.432486057281494 4.8775248527526855
v 17.258712768554688 3.4210081100463867 4.92736291885376
v 17.27092742919922 3.4307620525360107 4.9265007972717285
v 17.275571823120117 3.432486057281494 4.8775248527526855
v 17.27092742919922 3.4307620525360107 4.9265007972717285
v 17.28439712524414 3.439924955368042 4.88651180267334
v 17.28822135925293 3.4110100269317627 4.971351146697998
v 17.341915130615234 3.4100379943847656 4.976263999938965
v 17.337596893310547 3.4220190048217773 4.965651988983154
v 17.28822135925293 3.4110100269317627 4.971351146697998
v 17.337596893310547 3.4220190048217773 4.965651988983154
v 17.29460334777832 3.422792911529541 4.961720943450928
v 17.325666427612305 3.019984006881714 4.790614128112793
v 17.381948471069336 3.0200700759887695 4.8243889808654785
v 17.380470275878906 2.8707399368286133 4.820062160491943
v 17.325666427612305 3.019984006881714 4.790614128112793
v 17.380470275878906 2.8707399368286133 4.820062160491943
v 17.32420539855957 2.87225604057312 4.786293983459473
v 17.254438400268555 2.8432869911193848 4.869132041931152
v 17.271480560302734 2.8445920944213867 4.8171210289001465
v 17.280973434448242 2.832231044769287 4.8260087966918945
v 17.254438400268555 2.8432869911193848 4.869132041931152
v 17.280973434448242 2.832231044769287 4.8260087966918945
v 17.267532348632812 2.831202983856201 4.867031097412109
v 17.37692642211914 2.841749906539917 4.880414009094238
v 17.339000701904297 2.8410089015960693 4.919888019561768
v 17.334226608276367 2.8294050693511963 4.907063961029053
v 17.37692642211914 2.841749906539917 4.880414009094238
v 17.334226608276367 2.8294050693511963 4.907063961029053
v 17.3641414642334 2.829988956451416 4.87592887878418
v 17.339000701904297 2.8410089015960693 4.919888019561768
v 17.284486770629883 2.8416929244995117 4.914867877960205
v 17.291231155395508 2.8299450874328613 4.903103828430176
v 17.339000701904297 2.8410089015960693 4.919888019561768
v 17.291231155395508 2.8299450874328613 4.903103828430176
v 17.334226608276367 2.8294050693511963 4.907063961029053
v 17.29460334777832 3.422792911529541 4.961720943450928
v 17.337596893310547 3.4220190048217773 4.965651988983154
v 17.29460334777832 3.422792911529541 4.961720943450928
v 17.337596893310547 3.4220190048217773 4.965651988983154
v 17.337596893310547 3.4220190048217773 4.965651988983154
v 17.29460334777832 3.422792911529541 4.961720943450928
v 17.391881942749023 3.2823050022125244 4.914995193481445
v 17.383275985717773 3.292447090148926 4.850717067718506
v 17.38348960876465 3.406440019607544 4.874961853027344
v 17.391881942749023 3.2823050022125244 4.914995193481445
v 17.38348960876465 3.406440019607544 4.874961853027344
v 17.39209747314453 3.3919899463653564 4.9383978843688965
v 17.37212562561035 3.4307401180267334 4.886343955993652
v 17.326005935668945 3.43681001663208 4.859306812286377
v 17.324871063232422 3.443382978439331 4.8718671798706055
v 17.37212562561035 3.4307401180267334 4.886343955993652
v 17.324871063232422 3.443382978439331 4.8718671798706055
v 17.36187171936035 3.4385299682617188 4.893593788146973
v 17.346372604370117 3.275017023086548 4.96173095703125
v 17.391881942749023 3.2823050022125244 4.914995193481445
v 17.39209747314453 3.3919899463653564 4.9383978843688965
v 17.346372604370117 3.275017023086548 4.96173095703125
v 17.39209747314453 3.3919899463653564 4.9383978843688965
v 17.346588134765625 3.38134503364563 4.984478950500488
v 17.281015396118164 3.276071071624756 4.955732822418213
v 17.346372604370117 3.275017023086548 4.96173095703125
v 17.346588134765625 3.38134503364563 4.984478950500488
v 17.281015396118164 3.276071071624756 4.955732822418213
v 17.346588134765625 3.38134503364563 4.984478950500488
v 17.281230926513672 3.3825221061706543 4.9785051345825195
v 17.245027542114258 3.2846739292144775 4.901516914367676
v 17.281015396118164 3.276071071624756 4.955732822418213
v 17.281230926513672 3.3825221061706543 4.9785051345825195
v 17.245027542114258 3.2846739292144775 4.901516914367676
v 17.281230926513672 3.3825221061706543 4.9785051345825195
v 17.245243072509766 3.3946340084075928 4.924973964691162
v 17.265506744384766 3.294347047805786 4.839909076690674
v 17.245027542114258 3.2846739292144775 4.901516914367676
v 17.245243072509766 3.3946340084075928 4.924973964691162
v 17.265506744384766 3.294347047805786 4.839909076690674
v 17.245243072509766 3.3946340084075928 4.924973964691162
v 17.26572036743164 3.4085609912872314 4.864195823669434
v 17.32703399658203 3.2978060245513916 4.817300796508789
v 17.265506744384766 3.294347047805786 4.839909076690674
v 17.26572036743164 3.4085609912872314 4.864195823669434
v 17.32703399658203 3.2978060245513916 4.817300796508789
v 17.26572036743164 3.4085609912872314 4.864195823669434
v 17.327245712280273 3.4138150215148926 4.841938018798828
v 17.264177322387695 3.0213730335235596 4.813540935516357
v 17.325666427612305 3.019984006881714 4.790614128112793
v 17.32420539855957 2.87225604057312 4.786293983459473
v 17.264177322387695 3.0213730335235596 4.813540935516357
v 17.32420539855957 2.87225604057312 4.786293983459473
v 17.262699127197266 2.872217893600464 4.809215068817139
v 17.381948471069336 3.0200700759887695 4.8243889808654785
v 17.390644073486328 3.0215671062469482 4.889432907104492
v 17.38912582397461 2.8688108921051025 4.8850908279418945
v 17.381948471069336 3.0200700759887695 4.8243889808654785
v 17.38912582397461 2.8688108921051025 4.8850908279418945
v 17.380470275878906 2.8707399368286133 4.820062160491943
v 17.390644073486328 3.0215671062469482 4.889432907104492
v 17.34520149230957 3.023345947265625 4.936766147613525
v 17.343652725219727 2.8679230213165283 4.932413101196289
v 17.390644073486328 3.0215671062469482 4.889432907104492
v 17.343652725219727 2.8679230213165283 4.932413101196289
v 17.38912582397461 2.8688108921051025 4.8850908279418945
v 17.34520149230957 3.023345947265625 4.936766147613525
v 17.279842376708984 3.02406907081604 4.930747032165527
v 17.278295516967773 2.8687429428100586 4.926393985748291
v 17.34520149230957 3.023345947265625 4.936766147613525
v 17.278295516967773 2.8687429428100586 4.926393985748291
v 17.343652725219727 2.8679230213165283 4.932413101196289
v 17.279842376708984 3.02406907081604 4.930747032165527
v 17.243783950805664 3.023190975189209 4.875905990600586
v 17.242267608642578 2.870655059814453 4.871564865112305
v 17.279842376708984 3.02406907081604 4.930747032165527
v 17.242267608642578 2.870655059814453 4.871564865112305
v 17.278295516967773 2.8687429428100586 4.926393985748291
v 17.243783950805664 3.023190975189209 4.875905990600586
v 17.264177322387695 3.0213730335235596 4.813540935516357
v 17.262699127197266 2.872217893600464 4.809215068817139
v 17.243783950805664 3.023190975189209 4.875905990600586
v 17.262699127197266 2.872217893600464 4.809215068817139
v 17.242267608642578 2.870655059814453 4.871564865112305
v 17.32278060913086 2.84462308883667 4.797999858856201
v 17.369707107543945 2.8433589935302734 4.826169013977051
v 17.358448028564453 2.83125901222229 4.8331451416015625
v 17.32278060913086 2.84462308883667 4.797999858856201
v 17.358448028564453 2.83125901222229 4.8331451416015625
v 17.321434020996094 2.8322560787200928 4.810927867889404
v 17.326005935668945 3.43681001663208 4.859306812286377
v 17.275571823120117 3.432486057281494 4.8775248527526855
v 17.28439712524414 3.439924955368042 4.88651180267334
v 17.326005935668945 3.43681001663208 4.859306812286377
v 17.28439712524414 3.439924955368042 4.88651180267334
v 17.324871063232422 3.443382978439331 4.8718671798706055
v 17.29460334777832 3.422792911529541 4.961720943450928
v 17.337596893310547 3.4220190048217773 4.965651988983154
v 17.319202423095703 3.435002088546753 4.925479888916016
v 17.29460334777832 3.422792911529541 4.961720943450928
v 17.319202423095703 3.435002088546753 4.925479888916016
v 17.314115524291992 3.435094118118286 4.925014972686768
v 17.334226608276367 2.8294050693511963 4.907063961029053
v 17.291231155395508 2.8299450874328613 4.903103828430176
v 17.311908721923828 2.830763101577759 4.867335796356201
v 17.334226608276367 2.8294050693511963 4.907063961029053
v 17.311908721923828 2.830763101577759 4.867335796356201
v 17.320457458496094 2.830656051635742 4.8681230545043945
v 17.324871063232422 3.443382978439331 4.8718671798706055
v 17.28439712524414 3.439924955368042 4.88651180267334
v 17.324871063232422 3.443382978439331 4.8718671798706055
v 17.28439712524414 3.439924955368042 4.88651180267334
v 17.28439712524414 3.439924955368042 4.88651180267334
v 17.324871063232422 3.443382978439331 4.8718671798706055
v 17.367534637451172 3.4290220737457275 4.93533182144165
v 17.36187171936035 3.4385299682617188 4.893593788146973
v 17.367534637451172 3.4290220737457275 4.93533182144165
v 17.36187171936035 3.4385299682617188 4.893593788146973
v 17.36187171936035 3.4385299682617188 4.893593788146973
v 17.367534637451172 3.4290220737457275 4.93533182144165
v 17.291231155395508 2.8299450874328613 4.903103828430176
v 17.267532348632812 2.831202983856201 4.867031097412109
v 17.291231155395508 2.8299450874328613 4.903103828430176
v 17.267532348632812 2.831202983856201 4.867031097412109
v 17.267532348632812 2.831202983856201 4.867031097412109
v 17.291231155395508 2.8299450874328613 4.903103828430176
v 17.27092742919922 3.4307620525360107 4.9265007972717285
v 17.29460334777832 3.422792911529541 4.961720943450928
v 17.27092742919922 3.4307620525360107 4.9265007972717285
v 17.29460334777832 3.422792911529541 4.961720943450928
v 17.29460334777832 3.422792911529541 4.961720943450928
v 17.27092742919922 3.4307620525360107 4.9265007972717285
v 17.3641414642334 2.829988956451416 4.87592887878418
v 17.334226608276367 2.8294050693511963 4.907063961029053
v 17.3641414642334 2.829988956451416 4.87592887878418
v 17.334226608276367 2.8294050693511963 4.907063961029053
v 17.334226608276367 2.8294050693511963 4.907063961029053
v 17.3641414642334 2.829988956451416 4.87592887878418
v 17.337596893310547 3.4220190048217773 4.965651988983154
v 17.367534637451172 3.4290220737457275 4.93533182144165
v 17.337596893310547 3.4220190048217773 4.965651988983154
v 17.367534637451172 3.4290220737457275 4.93533182144165
v 17.367534637451172 3.4290220737457275 4.93533182144165
v 17.337596893310547 3.4220190048217773 4.965651988983154
v 17.321434020996094 2.8322560787200928 4.810927867889404
v 17.358448028564453 2.83125901222229 4.8331451416015625
v 17.321434020996094 2.8322560787200928 4.810927867889404
v 17.358448028564453 2.83125901222229 4.8331451416015625
v 17.358448028564453 2.83125901222229 4.8331451416015625
v 17.321434020996094 2.8322560787200928 4.810927867889404
v 17.267532348632812 2.831202983856201 4.867031097412109
v 17.280973434448242 2.832231044769287 4.8260087966918945
v 17.267532348632812 2.831202983856201 4.867031097412109
v 17.280973434448242 2.832231044769287 4.8260087966918945
v 17.280973434448242 2.832231044769287 4.8260087966918945
v 17.267532348632812 2.831202983856201 4.867031097412109
v 17.36187171936035 3.4385299682617188 4.893593788146973
v 17.324871063232422 3.443382978439331 4.8718671798706055
v 17.36187171936035 3.4385299682617188 4.893593788146973
v 17.324871063232422 3.443382978439331 4.8718671798706055
v 17.324871063232422 3.443382978439331 4.8718671798706055
v 17.36187171936035 3.4385299682617188 4.893593788146973
v 17.28439712524414 3.439924955368042 4.88651180267334
v 17.27092742919922 3.4307620525360107 4.9265007972717285
v 17.28439712524414 3.439924955368042 4.88651180267334
v 17.27092742919922 3.4307620525360107 4.9265007972717285
v 17.27092742919922 3.4307620525360107 4.9265007972717285
v 17.28439712524414 3.439924955368042 4.88651180267334
v 17.334226608276367 2.8294050693511963 4.907063961029053
v 17.291231155395508 2.8299450874328613 4.903103828430176
v 17.334226608276367 2.8294050693511963 4.907063961029053
v 17.291231155395508 2.8299450874328613 4.903103828430176
v 17.291231155395508 2.8299450874328613 4.903103828430176
v 17.334226608276367 2.8294050693511963 4.907063961029053
v 17.280973434448242 2.832231044769287 4.8260087966918945
v 17.321434020996094 2.8322560787200928 4.810927867889404
v 17.280973434448242 2.832231044769287 4.8260087966918945
v 17.321434020996094 2.8322560787200928 4.810927867889404
v 17.321434020996094 2.8322560787200928 4.810927867889404
v 17.280973434448242 2.832231044769287 4.8260087966918945
v 17.367534637451172 3.4290220737457275 4.93533182144165
v 17.36187171936035 3.4385299682617188 4.893593788146973
v 17.322072982788086 3.436954975128174 4.916957855224609
v 17.367534637451172 3.4290220737457275 4.93533182144165
v 17.322072982788086 3.436954975128174 4.916957855224609
v 17.322742462158203 3.435831069946289 4.9218950271606445
v 17.324871063232422 3.443382978439331 4.8718671798706055
v 17.28439712524414 3.439924955368042 4.88651180267334
v 17.312910079956055 3.437119960784912 4.9161200523376465
v 17.324871063232422 3.443382978439331 4.8718671798706055
v 17.312910079956055 3.437119960784912 4.9161200523376465
v 17.31769561767578 3.4375290870666504 4.914388179779053
v 17.27092742919922 3.4307620525360107 4.9265007972717285
v 17.29460334777832 3.422792911529541 4.961720943450928
v 17.314115524291992 3.435094118118286 4.925014972686768
v 17.27092742919922 3.4307620525360107 4.9265007972717285
v 17.314115524291992 3.435094118118286 4.925014972686768
v 17.311315536499023 3.436037063598633 4.920849800109863
v 17.337596893310547 3.4220190048217773 4.965651988983154
v 17.367534637451172 3.4290220737457275 4.93533182144165
v 17.322742462158203 3.435831069946289 4.9218950271606445
v 17.337596893310547 3.4220190048217773 4.965651988983154
v 17.322742462158203 3.435831069946289 4.9218950271606445
v 17.319202423095703 3.435002088546753 4.925479888916016
v 17.36187171936035 3.4385299682617188 4.893593788146973
v 17.324871063232422 3.443382978439331 4.8718671798706055
v 17.31769561767578 3.4375290870666504 4.914388179779053
v 17.36187171936035 3.4385299682617188 4.893593788146973
v 17.31769561767578 3.4375290870666504 4.914388179779053
v 17.322072982788086 3.436954975128174 4.916957855224609
v 17.28439712524414 3.439924955368042 4.88651180267334
v 17.27092742919922 3.4307620525360107 4.9265007972717285
v 17.311315536499023 3.436037063598633 4.920849800109863
v 17.28439712524414 3.439924955368042 4.88651180267334
v 17.311315536499023 3.436037063598633 4.920849800109863
v 17.312910079956055 3.437119960784912 4.9161200523376465
v 17.358448028564453 2.83125901222229 4.8331451416015625
v 17.3641414642334 2.829988956451416 4.87592887878418
v 17.32640266418457 2.8307719230651855 4.86193323135376
v 17.358448028564453 2.83125901222229 4.8331451416015625
v 17.32640266418457 2.8307719230651855 4.86193323135376
v 17.325271606445312 2.831023931503296 4.853426933288574
v 17.280973434448242 2.832231044769287 4.8260087966918945
v 17.321434020996094 2.8322560787200928 4.810927867889404
v 17.317913055419922 2.8312230110168457 4.849009990692139
v 17.280973434448242 2.832231044769287 4.8260087966918945
v 17.317913055419922 2.8312230110168457 4.849009990692139
v 17.30986976623535 2.8312180042266846 4.852008819580078
v 17.291231155395508 2.8299450874328613 4.903103828430176
v 17.267532348632812 2.831202983856201 4.867031097412109
v 17.30719757080078 2.8310129642486572 4.860164165496826
v 17.291231155395508 2.8299450874328613 4.903103828430176
v 17.30719757080078 2.8310129642486572 4.860164165496826
v 17.311908721923828 2.830763101577759 4.867335796356201
v 17.3641414642334 2.829988956451416 4.87592887878418
v 17.334226608276367 2.8294050693511963 4.907063961029053
v 17.320457458496094 2.830656051635742 4.8681230545043945
v 17.3641414642334 2.829988956451416 4.87592887878418
v 17.320457458496094 2.830656051635742 4.8681230545043945
v 17.32640266418457 2.8307719230651855 4.86193323135376
v 17.321434020996094 2.8322560787200928 4.810927867889404
v 17.358448028564453 2.83125901222229 4.8331451416015625
v 17.325271606445312 2.831023931503296 4.853426933288574
v 17.321434020996094 2.8322560787200928 4.810927867889404
v 17.325271606445312 2.831023931503296 4.853426933288574
v 17.317913055419922 2.8312230110168457 4.849009990692139
v 17.267532348632812 2.831202983856201 4.867031097412109
v 17.280973434448242 2.832231044769287 4.8260087966918945
v 17.30986976623535 2.8312180042266846 4.852008819580078
v 17.267532348632812 2.831202983856201 4.867031097412109
v 17.30986976623535 2.8312180042266846 4.852008819580078
v 17.30719757080078 2.8310129642486572 4.860164165496826
v 17.38348960876465 3.406440019607544 4.874961853027344
v 17.327245712280273 3.4138150215148926 4.841938018798828
v 17.326005935668945 3.43681001663208 4.859306812286377
v 17.38348960876465 3.406440019607544 4.874961853027344
v 17.326005935668945 3.43681001663208 4.859306812286377
v 17.37212562561035 3.4307401180267334 4.886343955993652
v 17.39209747314453 3.3919899463653564 4.9383978843688965
v 17.38348960876465 3.406440019607544 4.874961853027344
v 17.37212562561035 3.4307401180267334 4.886343955993652
v 17.39209747314453 3.3919899463653564 4.9383978843688965
v 17.37212562561035 3.4307401180267334 4.886343955993652
v 17.379255294799805 3.418828010559082 4.938385009765625
v 17.346588134765625 3.38134503364563 4.984478950500488
v 17.39209747314453 3.3919899463653564 4.9383978843688965
v 17.379255294799805 3.418828010559082 4.938385009765625
v 17.346588134765625 3.38134503364563 4.984478950500488
v 17.379255294799805 3.418828010559082 4.938385009765625
v 17.341915130615234 3.4100379943847656 4.976263999938965
v 17.281230926513672 3.3825221061706543 4.9785051345825195
v 17.346588134765625 3.38134503364563 4.984478950500488
v 17.341915130615234 3.4100379943847656 4.976263999938965
v 17.281230926513672 3.3825221061706543 4.9785051345825195
v 17.341915130615234 3.4100379943847656 4.976263999938965
v 17.28822135925293 3.4110100269317627 4.971351146697998
v 17.245243072509766 3.3946340084075928 4.924973964691162
v 17.281230926513672 3.3825221061706543 4.9785051345825195
v 17.28822135925293 3.4110100269317627 4.971351146697998
v 17.245243072509766 3.3946340084075928 4.924973964691162
v 17.28822135925293 3.4110100269317627 4.971351146697998
v 17.258712768554688 3.4210081100463867 4.92736291885376
v 17.26572036743164 3.4085609912872314 4.864195823669434
v 17.245243072509766 3.3946340084075928 4.924973964691162
v 17.258712768554688 3.4210081100463867 4.92736291885376
v 17.26572036743164 3.4085609912872314 4.864195823669434
v 17.258712768554688 3.4210081100463867 4.92736291885376
v 17.275571823120117 3.432486057281494 4.8775248527526855
v 17.327245712280273 3.4138150215148926 4.841938018798828
v 17.26572036743164 3.4085609912872314 4.864195823669434
v 17.275571823120117 3.432486057281494 4.8775248527526855
v 17.327245712280273 3.4138150215148926 4.841938018798828
v 17.275571823120117 3.432486057281494 4.8775248527526855
v 17.326005935668945 3.43681001663208 4.859306812286377
v 17.32420539855957 2.87225604057312 4.786293983459473
v 17.380470275878906 2.8707399368286133 4.820062160491943
v 17.369707107543945 2.8433589935302734 4.826169013977051
v 17.32420539855957 2.87225604057312 4.786293983459473
v 17.369707107543945 2.8433589935302734 4.826169013977051
v 17.32278060913086 2.84462308883667 4.797999858856201
v 17.380470275878906 2.8707399368286133 4.820062160491943
v 17.38912582397461 2.8688108921051025 4.8850908279418945
v 17.37692642211914 2.841749906539917 4.880414009094238
v 17.380470275878906 2.8707399368286133 4.820062160491943
v 17.37692642211914 2.841749906539917 4.880414009094238
v 17.369707107543945 2.8433589935302734 4.826169013977051
v 17.38912582397461 2.8688108921051025 4.8850908279418945
v 17.343652725219727 2.8679230213165283 4.932413101196289
v 17.339000701904297 2.8410089015960693 4.919888019561768
v 17.38912582397461 2.8688108921051025 4.8850908279418945
v 17.339000701904297 2.8410089015960693 4.919888019561768
v 17.37692642211914 2.841749906539917 4.880414009094238
v 17.343652725219727 2.8679230213165283 4.932413101196289
v 17.278295516967773 2.8687429428100586 4.926393985748291
v 17.284486770629883 2.8416929244995117 4.914867877960205
v 17.343652725219727 2.8679230213165283 4.932413101196289
v 17.284486770629883 2.8416929244995117 4.914867877960205
v 17.339000701904297 2.8410089015960693 4.919888019561768
v 17.278295516967773 2.8687429428100586 4.926393985748291
v 17.242267608642578 2.870655059814453 4.871564865112305
v 17.254438400268555 2.8432869911193848 4.869132041931152
v 17.278295516967773 2.8687429428100586 4.926393985748291
v 17.254438400268555 2.8432869911193848 4.869132041931152
v 17.284486770629883 2.8416929244995117 4.914867877960205
v 17.242267608642578 2.870655059814453 4.871564865112305
v 17.262699127197266 2.872217893600464 4.809215068817139
v 17.271480560302734 2.8445920944213867 4.8171210289001465
v 17.242267608642578 2.870655059814453 4.871564865112305
v 17.271480560302734 2.8445920944213867 4.8171210289001465
v 17.254438400268555 2.8432869911193848 4.869132041931152
v 17.262699127197266 2.872217893600464 4.809215068817139
v 17.32420539855957 2.87225604057312 4.786293983459473
v 17.32278060913086 2.84462308883667 4.797999858856201
v 17.262699127197266 2.872217893600464 4.809215068817139
v 17.32278060913086 2.84462308883667 4.797999858856201
v 17.271480560302734 2.8445920944213867 4.8171210289001465
v 17.379255294799805 3.418828010559082 4.938385009765625
v 17.37212562561035 3.4307401180267334 4.886343955993652
v 17.36187171936035 3.4385299682617188 4.893593788146973
v 17.379255294799805 3.418828010559082 4.938385009765625
v 17.36187171936035 3.4385299682617188 4.893593788146973
v 17.367534637451172 3.4290220737457275 4.93533182144165
vt 0.12656299769878387 0.34843799471855164
vt 0.09607599675655365 0.2148679941892624
vt 0.09607599675655365 0.2148679941892624
vt 0.12656299769878387 0.34843799471855164
vt 0.09607599675655365 0.2148679941892624
vt 0.12656299769878387 0.34843799471855164
vt 0.40392398834228516 0.2148679941892624
vt 0.37343698740005493 0.34843799471855164
vt 0.25 0.4078820049762726
vt 0.25 0.4078820049762726
vt 0.12656299769878387 0.34843799471855164
vt 0.09607599675655365 0.2148679941892624
vt 0.09607599675655365 0.2148679941892624
vt 0.18149800598621368 0.10775300115346909
vt 0.3185020089149475 0.10775300115346909
vt 0.3185020089149475 0.10775300115346909
vt 0.40392398834228516 0.2148679941892624
vt 0.25 0.4078820049762726
vt 0.25 0.4078820049762726
vt 0.09607599675655365 0.2148679941892624
vt 0.3185020089149475 0.10775300115346909
vt 0.18149800598621368 0.10775300115346909
vt 0.3185020089149475 0.10775300115346909
vt 0.3185020089149475 0.10775300115346909
vt 0.18149800598621368 0.10775300115346909
vt 0.3185020089149475 0.10775300115346909
vt 0.18149800598621368 0.10775300115346909
vt 0.40392398834228516 0.2148679941892624
vt 0.37343698740005493 0.34843799471855164
vt 0.37343698740005493 0.34843799471855164
vt 0.40392398834228516 0.2148679941892624
vt 0.37343698740005493 0.34843799471855164
vt 0.40392398834228516 0.2148679941892624
vt 0.25 0.4078820049762726
vt 0.12656299769878387 0.34843799471855164
vt 0.12656299769878387 0.34843799471855164
vt 0.25 0.4078820049762726
vt 0.12656299769878387 0.34843799471855164
vt 0.25 0.4078820049762726
vt 0.09607599675655365 0.2148679941892624
vt 0.18149800598621368 0.10775300115346909
vt 0.18149800598621368 0.10775300115346909
vt 0.09607599675655365 0.2148679941892624
vt 0.18149800598621368 0.10775300115346909
vt 0.09607599675655365 0.2148679941892624
vt 0.3185020089149475 0.10775300115346909
vt 0.40392398834228516 0.2148679941892624
vt 0.40392398834228516 0.2148679941892624
vt 0.3185020089149475 0.10775300115346909
vt 0.40392398834228516 0.2148679941892624
vt 0.3185020089149475 0.10775300115346909
vt 0.37343698740005493 0.34843799471855164
vt 0.25 0.4078820049762726
vt 0.25 0.4078820049762726
vt 0.37343698740005493 0.34843799471855164
vt 0.25 0.4078820049762726
vt 0.37343698740005493 0.34843799471855164
vt 0.6814969778060913 0.10775300115346909
vt 0.5960760116577148 0.2148679941892624
vt 0.5960760116577148 0.2148679941892624
vt 0.6814969778060913 0.10775300115346909
vt 0.5960760116577148 0.2148679941892624
vt 0.6814979910850525 0.10775300115346909
vt 0.6265630125999451 0.34843799471855164
vt 0.75 0.4078820049762726
vt 0.8734369874000549 0.34843799471855164
vt 0.8734369874000549 0.34843799471855164
vt 0.9039239883422852 0.2148679941892624
vt 0.8185020089149475 0.10775300115346909
vt 0.8185020089149475 0.10775300115346909
vt 0.6814979910850525 0.10775300115346909
vt 0.5960760116577148 0.2148679941892624
vt 0.5960760116577148 0.2148679941892624
vt 0.6265630125999451 0.34843799471855164
vt 0.8734369874000549 0.34843799471855164
vt 0.8734369874000549 0.34843799471855164
vt 0.8185020089149475 0.10775300115346909
vt 0.5960760116577148 0.2148679941892624
vt 0.9039239883422852 0.2148679941892624
vt 0.8185020089149475 0.10775300115346909
vt 0.8185020089149475 0.10775300115346909
vt 0.9039239883422852 0.2148679941892624
vt 0.8185020089149475 0.10775300115346909
vt 0.9039239883422852 0.2148679941892624
vt 0.75 0.4078820049762726
vt 0.8734369874000549 0.34843799471855164
vt 0.8734369874000549 0.34843799471855164
vt 0.75 0.4078820049762726
vt 0.8734369874000549 0.34843799471855164
vt 0.75 0.4078820049762726
vt 0.5960760116577148 0.2148679941892624
vt 0.6265630125999451 0.34843799471855164
vt 0.6265630125999451 0.34843799471855164
vt 0.5960760116577148 0.2148679941892624
vt 0.6265630125999451 0.34843799471855164
vt 0.5960760116577148 0.2148679941892624
vt 0.8185020089149475 0.10775300115346909
vt 0.6814969778060913 0.10775300115346909
vt 0.6814979910850525 0.10775300115346909
vt 0.8185020089149475 0.10775300115346909
vt 0.6814979910850525 0.10775300115346909
vt 0.8185020089149475 0.10775300115346909
vt 0.8734369874000549 0.34843799471855164
vt 0.9039239883422852 0.2148679941892624
vt 0.9039239883422852 0.2148679941892624
vt 0.8734369874000549 0.34843799471855164
vt 0.9039239883422852 0.2148679941892624
vt 0.8734369874000549 0.34843799471855164
vt 0.6265630125999451 0.34843799471855164
vt 0.75 0.4078820049762726
vt 0.75 0.4078820049762726
vt 0.6265630125999451 0.34843799471855164
vt 0.75 0.4078820049762726
vt 0.6265630125999451 0.34843799471855164
vt 0.6265630125999451 0.34843799471855164
vt 0.75 0.4078820049762726
vt 0.75 0.4078820049762726
vt 0.6265630125999451 0.34843799471855164
vt 0.75 0.4078820049762726
vt 0.6265630125999451 0.34843799471855164
vt 0.8734369874000549 0.34843799471855164
vt 0.9039239883422852 0.2148679941892624
vt 0.9039239883422852 0.2148679941892624
vt 0.8734369874000549 0.34843799471855164
vt 0.9039239883422852 0.2148679941892624
vt 0.8734369874000549 0.34843799471855164
vt 0.8185020089149475 0.10775300115346909
vt 0.6814979910850525 0.10775300115346909
vt 0.6814969778060913 0.10775300115346909
vt 0.8185020089149475 0.10775300115346909
vt 0.6814969778060913 0.10775300115346909
vt 0.8185020089149475 0.10775300115346909
vt 0.5960760116577148 0.2148679941892624
vt 0.6265630125999451 0.34843799471855164
vt 0.6265630125999451 0.34843799471855164
vt 0.5960760116577148 0.2148679941892624
vt 0.6265630125999451 0.34843799471855164
vt 0.5960760116577148 0.2148679941892624
vt 0.75 0.4078820049762726
vt 0.8734369874000549 0.34843799471855164
vt 0.8734369874000549 0.34843799471855164
vt 0.75 0.4078820049762726
vt 0.8734369874000549 0.34843799471855164
vt 0.75 0.4078820049762726
vt 0.9039239883422852 0.2148679941892624
vt 0.8185020089149475 0.10775300115346909
vt 0.8185020089149475 0.10775300115346909
vt 0.9039239883422852 0.2148679941892624
vt 0.8185020089149475 0.10775300115346909
vt 0.9039239883422852 0.2148679941892624
vt 0.6814979910850525 0.10775300115346909
vt 0.5960760116577148 0.2148679941892624
vt 0.5960760116577148 0.2148679941892624
vt 0.6814979910850525 0.10775300115346909
vt 0.5960760116577148 0.2148679941892624
vt 0.6814969778060913 0.10775300115346909
vt 0.6814979910850525 0.10775300115346909
vt 0.5960760116577148 0.2148679941892624
vt 0.5960760116577148 0.2148679941892624
vt 0.6814979910850525 0.10775300115346909
vt 0.5960760116577148 0.2148679941892624
vt 0.6814979910850525 0.10775300115346909
vt 0.9039239883422852 0.2148679941892624
vt 0.8185020089149475 0.10775300115346909
vt 0.8185020089149475 0.10775300115346909
vt 0.9039239883422852 0.2148679941892624
vt 0.8185020089149475 0.10775300115346909
vt 0.9039239883422852 0.2148679941892624
vt 0.75 0.4078820049762726
vt 0.8734369874000549 0.34843799471855164
vt 0.8734369874000549 0.34843799471855164
vt 0.75 0.4078820049762726
vt 0.8734369874000549 0.34843799471855164
vt 0.75 0.4078820049762726
vt 0.5960760116577148 0.2148679941892624
vt 0.6265630125999451 0.34843799471855164
vt 0.6265630125999451 0.34843799471855164
vt 0.5960760116577148 0.2148679941892624
vt 0.6265630125999451 0.34843799471855164
vt 0.5960760116577148 0.2148679941892624
vt 0.8185020089149475 0.10775300115346909
vt 0.6814979910850525 0.10775300115346909
vt 0.6814979910850525 0.10775300115346909
vt 0.8185020089149475 0.10775300115346909
vt 0.6814979910850525 0.10775300115346909
vt 0.8185020089149475 0.10775300115346909
vt 0.8734369874000549 0.34843799471855164
vt 0.9039239883422852 0.2148679941892624
vt 0.9039239883422852 0.2148679941892624
vt 0.8734369874000549 0.34843799471855164
vt 0.9039239883422852 0.2148679941892624
vt 0.8734369874000549 0.34843799471855164
vt 0.6265630125999451 0.34843799471855164
vt 0.75 0.4078820049762726
vt 0.75 0.4078820049762726
vt 0.6265630125999451 0.34843799471855164
vt 0.75 0.4078820049762726
vt 0.6265630125999451 0.34843799471855164
vt 0.5416669845581055 0
vt 0.625 0
vt 0.625 0.25
vt 0.5416669845581055 0
vt 0.625 0.25
vt 0.5416669845581055 0.25
vt 0.5416669845581055 0.25
vt 0.625 0.25
vt 0.625 0.5
vt 0.5416669845581055 0.25
vt 0.625 0.5
vt 0.5416669845581055 0.5
vt 0.5416669845581055 0.5
vt 0.625 0.5
vt 0.625 0.75
vt 0.5416669845581055 0.5
vt 0.625 0.75
vt 0.5416669845581055 0.75
vt 0.5416669845581055 0.75
vt 0.625 0.75
vt 0.625 1
vt 0.5416669845581055 0.75
vt 0.625 1
vt 0.5416669845581055 1
vt 0.125 0.5
vt 0.375 0.5
vt 0.375 0.75
vt 0.125 0.5
vt 0.375 0.75
vt 0.125 0.75
vt 0.625 0.5
vt 0.625 0.25
vt 0.625 0.25
vt 0.625 0.5
vt 0.625 0.25
vt 0.625 0.5
vt 0.625 0.5
vt 0.875 0.5
vt 0.625 0.75
vt 0.875 0.5
vt 0.875 0.75
vt 0.625 0.75
vt 0.625 0.75
vt 0.625 0.5
vt 0.625 0.75
vt 0.625 0.5
vt 0.625 0.5
vt 0.625 0.75
vt 0.625 0.25
vt 0.625 0
vt 0.625 0.25
vt 0.625 0
vt 0.625 0
vt 0.625 0.25
vt 0.625 1
vt 0.625 0.75
vt 0.625 1
vt 0.625 0.75
vt 0.625 0.75
vt 0.625 1
vt 0.375 0.75
vt 0.45833298563957214 0.75
vt 0.45833298563957214 1
vt 0.375 0.75
vt 0.45833298563957214 1
vt 0.375 1
vt 0.45833298563957214 0.75
vt 0.5416669845581055 0.75
vt 0.5416669845581055 1
vt 0.45833298563957214 0.75
vt 0.5416669845581055 1
vt 0.45833298563957214 1
vt 0.375 0.5
vt 0.45833298563957214 0.5
vt 0.45833298563957214 0.75
vt 0.375 0.5
vt 0.45833298563957214 0.75
vt 0.375 0.75
vt 0.45833298563957214 0.5
vt 0.5416669845581055 0.5
vt 0.5416669845581055 0.75
vt 0.45833298563957214 0.5
vt 0.5416669845581055 0.75
vt 0.45833298563957214 0.75
vt 0.375 0.25
vt 0.45833298563957214 0.25
vt 0.45833298563957214 0.5
vt 0.375 0.25
vt 0.45833298563957214 0.5
vt 0.375 0.5
vt 0.45833298563957214 0.25
vt 0.5416669845581055 0.25
vt 0.5416669845581055 0.5
vt 0.45833298563957214 0.25
vt 0.5416669845581055 0.5
vt 0.45833298563957214 0.5
vt 0.375 0
vt 0.45833298563957214 0
vt 0.45833298563957214 0.25
vt 0.375 0
vt 0.45833298563957214 0.25
vt 0.375 0.25
vt 0.45833298563957214 0
vt 0.5416669845581055 0
vt 0.5416669845581055 0.25
vt 0.45833298563957214 0
vt 0.5416669845581055 0.25
vt 0.45833298563957214 0.25
vt 0.5416669845581055 0
vt 0.625 0
vt 0.625 0.25
vt 0.5416669845581055 0
vt 0.625 0.25
vt 0.5416669845581055 0.25
vt 0.5416669845581055 0.25
vt 0.625 0.25
vt 0.625 0.5
vt 0.5416669845581055 0.25
vt 0.625 0.5
vt 0.5416669845581055 0.5
vt 0.5416669845581055 0.5
vt 0.625 0.5
vt 0.625 0.75
vt 0.5416669845581055 0.5
vt 0.625 0.75
vt 0.5416669845581055 0.75
vt 0.5416669845581055 0.75
vt 0.625 0.75
vt 0.625 1
vt 0.5416669845581055 0.75
vt 0.625 1
vt 0.5416669845581055 1
vt 0.125 0.5
vt 0.375 0.5
vt 0.375 0.75
vt 0.125 0.5
vt 0.375 0.75
vt 0.125 0.75
vt 0.625 0.5
vt 0.625 0.25
vt 0.625 0.5
vt 0.625 0.25
vt 0.625 0.25
vt 0.625 0.5
vt 0.625 0.5
vt 0.875 0.5
vt 0.625 0.75
vt 0.875 0.5
vt 0.875 0.75
vt 0.625 0.75
vt 0.625 0.75
vt 0.625 0.5
vt 0.625 0.75
vt 0.625 0.5
vt 0.625 0.5
vt 0.625 0.75
vt 0.625 0.25
vt 0.625 0
vt 0.625 0
vt 0.625 0.25
vt 0.625 0
vt 0.625 0.25
vt 0.625 1
vt 0.625 0.75
vt 0.625 1
vt 0.625 0.75
vt 0.625 0.75
vt 0.625 1
vt 0.375 0.75
vt 0.45833298563957214 0.75
vt 0.45833298563957214 1
vt 0.375 0.75
vt 0.45833298563957214 1
vt 0.375 1
vt 0.45833298563957214 0.75
vt 0.5416669845581055 0.75
vt 0.5416669845581055 1
vt 0.45833298563957214 0.75
vt 0.5416669845581055 1
vt 0.45833298563957214 1
vt 0.375 0.5
vt 0.45833298563957214 0.5
vt 0.45833298563957214 0.75
vt 0.375 0.5
vt 0.45833298563957214 0.75
vt 0.375 0.75
vt 0.45833298563957214 0.5
vt 0.5416669845581055 0.5
vt 0.5416669845581055 0.75
vt 0.45833298563957214 0.5
vt 0.5416669845581055 0.75
vt 0.45833298563957214 0.75
vt 0.375 0.25
vt 0.45833298563957214 0.25
vt 0.45833298563957214 0.5
vt 0.375 0.25
vt 0.45833298563957214 0.5
vt 0.375 0.5
vt 0.45833298563957214 0.25
vt 0.5416669845581055 0.25
vt 0.5416669845581055 0.5
vt 0.45833298563957214 0.25
vt 0.5416669845581055 0.5
vt 0.45833298563957214 0.5
vt 0.375 0
vt 0.45833298563957214 0
vt 0.45833298563957214 0.25
vt 0.375 0
vt 0.45833298563957214 0.25
vt 0.375 0.25
vt 0.45833298563957214 0
vt 0.5416669845581055 0
vt 0.5416669845581055 0.25
vt 0.45833298563957214 0
vt 0.5416669845581055 0.25
vt 0.45833298563957214 0.25
vt 0.5416669845581055 0
vt 0.625 0
vt 0.625 0.25
vt 0.5416669845581055 0
vt 0.625 0.25
vt 0.5416669845581055 0.25
vt 0.5416669845581055 0.25
vt 0.625 0.25
vt 0.625 0.5
vt 0.5416669845581055 0.25
vt 0.625 0.5
vt 0.5416669845581055 0.5
vt 0.5416669845581055 0.5
vt 0.625 0.5
vt 0.625 0.75
vt 0.5416669845581055 0.5
vt 0.625 0.75
vt 0.5416669845581055 0.75
vt 0.5416669845581055 0.75
vt 0.625 0.75
vt 0.625 1
vt 0.5416669845581055 0.75
vt 0.625 1
vt 0.5416669845581055 1
vt 0.125 0.5
vt 0.375 0.5
vt 0.375 0.75
vt 0.125 0.5
vt 0.375 0.75
vt 0.125 0.75
vt 0.625 0.5
vt 0.625 0.25
vt 0.625 0.5
vt 0.625 0.25
vt 0.625 0.25
vt 0.625 0.5
vt 0.625 0.5
vt 0.875 0.5
vt 0.625 0.75
vt 0.875 0.5
vt 0.875 0.75
vt 0.625 0.75
vt 0.625 0.75
vt 0.625 0.5
vt 0.625 0.75
vt 0.625 0.5
vt 0.625 0.5
vt 0.625 0.75
vt 0.625 0.25
vt 0.625 0
vt 0.625 0.25
vt 0.625 0
vt 0.625 0
vt 0.625 0.25
vt 0.625 1
vt 0.625 0.75
vt 0.625 1
vt 0.625 0.75
vt 0.625 0.75
vt 0.625 1
vt 0.375 0.75
vt 0.45833298563957214 0.75
vt 0.45833298563957214 1
vt 0.375 0.75
vt 0.45833298563957214 1
vt 0.375 1
vt 0.45833298563957214 0.75
vt 0.5416669845581055 0.75
vt 0.5416669845581055 1
vt 0.45833298563957214 0.75
vt 0.5416669845581055 1
vt 0.45833298563957214 1
vt 0.375 0.5
vt 0.45833298563957214 0.5
vt 0.45833298563957214 0.75
vt 0.375 0.5
vt 0.45833298563957214 0.75
vt 0.375 0.75
vt 0.45833298563957214 0.5
vt 0.5416669845581055 0.5
vt 0.5416669845581055 0.75
vt 0.45833298563957214 0.5
vt 0.5416669845581055 0.75
vt 0.45833298563957214 0.75
vt 0.375 0.25
vt 0.45833298563957214 0.25
vt 0.45833298563957214 0.5
vt 0.375 0.25
vt 0.45833298563957214 0.5
vt 0.375 0.5
vt 0.45833298563957214 0.25
vt 0.5416669845581055 0.25
vt 0.5416669845581055 0.5
vt 0.45833298563957214 0.25
vt 0.5416669845581055 0.5
vt 0.45833298563957214 0.5
vt 0.375 0
vt 0.45833298563957214 0
vt 0.45833298563957214 0.25
vt 0.375 0
vt 0.45833298563957214 0.25
vt 0.375 0.25
vt 0.45833298563957214 0
vt 0.5416669845581055 0
vt 0.5416669845581055 0.25
vt 0.45833298563957214 0
vt 0.5416669845581055 0.25
vt 0.45833298563957214 0.25
vt 0.5416669845581055 0
vt 0.625 0
vt 0.625 0.25
vt 0.5416669845581055 0
vt 0.625 0.25
vt 0.5416669845581055 0.25
vt 0.5416669845581055 0.25
vt 0.625 0.25
vt 0.625 0.5
vt 0.5416669845581055 0.25
vt 0.625 0.5
vt 0.5416669845581055 0.5
vt 0.5416669845581055 0.5
vt 0.625 0.5
vt 0.625 0.75
vt 0.5416669845581055 0.5
vt 0.625 0.75
vt 0.5416669845581055 0.75
vt 0.5416669845581055 0.75
vt 0.625 0.75
vt 0.625 1
vt 0.5416669845581055 0.75
vt 0.625 1
vt 0.5416669845581055 1
vt 0.125 0.5
vt 0.375 0.5
vt 0.375 0.75
vt 0.125 0.5
vt 0.375 0.75
vt 0.125 0.75
vt 0.625 0.5
vt 0.625 0.25
vt 0.625 0.5
vt 0.625 0.25
vt 0.625 0.25
vt 0.625 0.5
vt 0.625 0.5
vt 0.875 0.5
vt 0.625 0.75
vt 0.875 0.5
vt 0.875 0.75
vt 0.625 0.75
vt 0.625 0.75
vt 0.625 0.5
vt 0.625 0.75
vt 0.625 0.5
vt 0.625 0.5
vt 0.625 0.75
vt 0.625 0.25
vt 0.625 0
vt 0.625 0.25
vt 0.625 0
vt 0.625 0
vt 0.625 0.25
vt 0.625 1
vt 0.625 0.75
vt 0.625 1
vt 0.625 0.75
vt 0.625 0.75
vt 0.625 1
vt 0.375 0.75
vt 0.45833298563957214 0.75
vt 0.45833298563957214 1
vt 0.375 0.75
vt 0.45833298563957214 1
vt 0.375 1
vt 0.45833298563957214 0.75
vt 0.5416669845581055 0.75
vt 0.5416669845581055 1
vt 0.45833298563957214 0.75
vt 0.5416669845581055 1
vt 0.45833298563957214 1
vt 0.375 0.5
vt 0.45833298563957214 0.5
vt 0.45833298563957214 0.75
vt 0.375 0.5
vt 0.45833298563957214 0.75
vt 0.375 0.75
vt 0.45833298563957214 0.5
vt 0.5416669845581055 0.5
vt 0.5416669845581055 0.75
vt 0.45833298563957214 0.5
vt 0.5416669845581055 0.75
vt 0.45833298563957214 0.75
vt 0.375 0.25
vt 0.45833298563957214 0.25
vt 0.45833298563957214 0.5
vt 0.375 0.25
vt 0.45833298563957214 0.5
vt 0.375 0.5
vt 0.45833298563957214 0.25
vt 0.5416669845581055 0.25
vt 0.5416669845581055 0.5
vt 0.45833298563957214 0.25
vt 0.5416669845581055 0.5
vt 0.45833298563957214 0.5
vt 0.375 0
vt 0.45833298563957214 0
vt 0.45833298563957214 0.25
vt 0.375 0
vt 0.45833298563957214 0.25
vt 0.375 0.25
vt 0.45833298563957214 0
vt 0.5416669845581055 0
vt 0.5416669845581055 0.25
vt 0.45833298563957214 0
vt 0.5416669845581055 0.25
vt 0.45833298563957214 0.25
vt 0.25 0.4078820049762726
vt 0.12656299769878387 0.34843799471855164
vt 0.12656299769878387 0.34843799471855164
vt 0.25 0.4078820049762726
vt 0.12656299769878387 0.34843799471855164
vt 0.25 0.4078820049762726
vt 0.40392398834228516 0.2148679941892624
vt 0.37343698740005493 0.34843799471855164
vt 0.25 0.4078820049762726
vt 0.25 0.4078820049762726
vt 0.12656299769878387 0.34843799471855164
vt 0.09607599675655365 0.2148679941892624
vt 0.09607599675655365 0.2148679941892624
vt 0.18149800598621368 0.10775300115346909
vt 0.3185020089149475 0.10775300115346909
vt 0.3185020089149475 0.10775300115346909
vt 0.40392398834228516 0.2148679941892624
vt 0.25 0.4078820049762726
vt 0.25 0.4078820049762726
vt 0.09607599675655365 0.2148679941892624
vt 0.3185020089149475 0.10775300115346909
vt 0.09607599675655365 0.2148679941892624
vt 0.18149800598621368 0.10775300115346909
vt 0.18149800598621368 0.10775300115346909
vt 0.09607599675655365 0.2148679941892624
vt 0.18149800598621368 0.10775300115346909
vt 0.09607599675655365 0.2148679941892624
vt 0.3185020089149475 0.10775300115346909
vt 0.40392398834228516 0.2148679941892624
vt 0.40392398834228516 0.2148679941892624
vt 0.3185020089149475 0.10775300115346909
vt 0.40392398834228516 0.2148679941892624
vt 0.3185020089149475 0.10775300115346909
vt 0.37343698740005493 0.34843799471855164
vt 0.25 0.4078820049762726
vt 0.25 0.4078820049762726
vt 0.37343698740005493 0.34843799471855164
vt 0.25 0.4078820049762726
vt 0.37343698740005493 0.34843799471855164
vt 0.12656299769878387 0.34843799471855164
vt 0.09607599675655365 0.2148679941892624
vt 0.09607599675655365 0.2148679941892624
vt 0.12656299769878387 0.34843799471855164
vt 0.09607599675655365 0.2148679941892624
vt 0.12656299769878387 0.34843799471855164
vt 0.18149800598621368 0.10775300115346909
vt 0.3185020089149475 0.10775300115346909
vt 0.3185020089149475 0.10775300115346909
vt 0.18149800598621368 0.10775300115346909
vt 0.3185020089149475 0.10775300115346909
vt 0.18149800598621368 0.10775300115346909
vt 0.40392398834228516 0.2148679941892624
vt 0.37343698740005493 0.34843799471855164
vt 0.37343698740005493 0.34843799471855164
vt 0.40392398834228516 0.2148679941892624
vt 0.37343698740005493 0.34843799471855164
vt 0.40392398834228516 0.2148679941892624
vt 0.6814979910850525 0.10775300115346909
vt 0.596077024936676 0.2148679941892624
vt 0.5960760116577148 0.2148679941892624
vt 0.6814979910850525 0.10775300115346909
vt 0.5960760116577148 0.2148679941892624
vt 0.6814979910850525 0.10775300115346909
vt 0.6265630125999451 0.34843799471855164
vt 0.75 0.4078820049762726
vt 0.8734369874000549 0.34843799471855164
vt 0.8734369874000549 0.34843799471855164
vt 0.9039239883422852 0.2148679941892624
vt 0.8185020089149475 0.10775300115346909
vt 0.8185020089149475 0.10775300115346909
vt 0.6814979910850525 0.10775300115346909
vt 0.5960760116577148 0.2148679941892624
vt 0.5960760116577148 0.2148679941892624
vt 0.6265630125999451 0.34843799471855164
vt 0.8734369874000549 0.34843799471855164
vt 0.8734369874000549 0.34843799471855164
vt 0.8185020089149475 0.10775300115346909
vt 0.5960760116577148 0.2148679941892624
vt 0.9039239883422852 0.2148679941892624
vt 0.8185020089149475 0.10775300115346909
vt 0.8185020089149475 0.10775300115346909
vt 0.9039239883422852 0.2148679941892624
vt 0.8185020089149475 0.10775300115346909
vt 0.9039239883422852 0.2148679941892624
vt 0.75 0.4078820049762726
vt 0.8734369874000549 0.34843799471855164
vt 0.8734369874000549 0.34843799471855164
vt 0.75 0.4078820049762726
vt 0.8734369874000549 0.34843799471855164
vt 0.75 0.4078820049762726
vt 0.596077024936676 0.2148679941892624
vt 0.6265630125999451 0.34843799471855164
vt 0.6265630125999451 0.34843799471855164
vt 0.596077024936676 0.2148679941892624
vt 0.6265630125999451 0.34843799471855164
vt 0.5960760116577148 0.2148679941892624
vt 0.8185020089149475 0.10775300115346909
vt 0.6814979910850525 0.10775300115346909
vt 0.6814979910850525 0.10775300115346909
vt 0.8185020089149475 0.10775300115346909
vt 0.6814979910850525 0.10775300115346909
vt 0.8185020089149475 0.10775300115346909
vt 0.8734369874000549 0.34843799471855164
vt 0.9039239883422852 0.2148679941892624
vt 0.9039239883422852 0.2148679941892624
vt 0.8734369874000549 0.34843799471855164
vt 0.9039239883422852 0.2148679941892624
vt 0.8734369874000549 0.34843799471855164
vt 0.6265630125999451 0.34843799471855164
vt 0.75 0.4078820049762726
vt 0.75 0.4078820049762726
vt 0.6265630125999451 0.34843799471855164
vt 0.75 0.4078820049762726
vt 0.6265630125999451 0.34843799471855164
vt 0.6265630125999451 0.34843799471855164
vt 0.75 0.4078820049762726
vt 0.75 0.4078820049762726
vt 0.6265630125999451 0.34843799471855164
vt 0.75 0.4078820049762726
vt 0.6265630125999451 0.34843799471855164
vt 0.8734369874000549 0.34843799471855164
vt 0.9039239883422852 0.2148679941892624
vt 0.9039239883422852 0.2148679941892624
vt 0.8734369874000549 0.34843799471855164
vt 0.9039239883422852 0.2148679941892624
vt 0.8734369874000549 0.34843799471855164
vt 0.8185020089149475 0.10775300115346909
vt 0.6814969778060913 0.10775300115346909
vt 0.6814979910850525 0.10775300115346909
vt 0.8185020089149475 0.10775300115346909
vt 0.6814979910850525 0.10775300115346909
vt 0.8185020089149475 0.10775300115346909
vt 0.596077024936676 0.2148679941892624
vt 0.6265630125999451 0.34843799471855164
vt 0.6265630125999451 0.34843799471855164
vt 0.596077024936676 0.2148679941892624
vt 0.6265630125999451 0.34843799471855164
vt 0.596077024936676 0.2148679941892624
vt 0.75 0.4078820049762726
vt 0.8734369874000549 0.34843799471855164
vt 0.8734369874000549 0.34843799471855164
vt 0.75 0.4078820049762726
vt 0.8734369874000549 0.34843799471855164
vt 0.75 0.4078820049762726
vt 0.9039239883422852 0.2148679941892624
vt 0.8185020089149475 0.10775300115346909
vt 0.8185020089149475 0.10775300115346909
vt 0.9039239883422852 0.2148679941892624
vt 0.8185020089149475 0.10775300115346909
vt 0.9039239883422852 0.2148679941892624
vt 0.6814969778060913 0.10775300115346909
vt 0.596077024936676 0.2148679941892624
vt 0.596077024936676 0.2148679941892624
vt 0.6814969778060913 0.10775300115346909
vt 0.596077024936676 0.2148679941892624
vt 0.6814979910850525 0.10775300115346909
vt 0.6814979910850525 0.10775300115346909
vt 0.5960760116577148 0.2148679941892624
vt 0.596077024936676 0.2148679941892624
vt 0.6814979910850525 0.10775300115346909
vt 0.596077024936676 0.2148679941892624
vt 0.6814969778060913 0.10775300115346909
vt 0.9039239883422852 0.2148679941892624
vt 0.8185020089149475 0.10775300115346909
vt 0.8185020089149475 0.10775300115346909
vt 0.9039239883422852 0.2148679941892624
vt 0.8185020089149475 0.10775300115346909
vt 0.9039239883422852 0.2148679941892624
vt 0.75 0.4078820049762726
vt 0.8734369874000549 0.34843799471855164
vt 0.8734369874000549 0.34843799471855164
vt 0.75 0.4078820049762726
vt 0.8734369874000549 0.34843799471855164
vt 0.75 0.4078820049762726
vt 0.5960760116577148 0.2148679941892624
vt 0.6265630125999451 0.34843799471855164
vt 0.6265630125999451 0.34843799471855164
vt 0.5960760116577148 0.2148679941892624
vt 0.6265630125999451 0.34843799471855164
vt 0.596077024936676 0.2148679941892624
vt 0.8185020089149475 0.10775300115346909
vt 0.6814979910850525 0.10775300115346909
vt 0.6814969778060913 0.10775300115346909
vt 0.8185020089149475 0.10775300115346909
vt 0.6814969778060913 0.10775300115346909
vt 0.8185020089149475 0.10775300115346909
vt 0.8734369874000549 0.34843799471855164
vt 0.9039239883422852 0.2148679941892624
vt 0.9039239883422852 0.2148679941892624
vt 0.8734369874000549 0.34843799471855164
vt 0.9039239883422852 0.2148679941892624
vt 0.8734369874000549 0.34843799471855164
vt 0.6265630125999451 0.34843799471855164
vt 0.75 0.4078820049762726
vt 0.75 0.4078820049762726
vt 0.6265630125999451 0.34843799471855164
vt 0.75 0.4078820049762726
vt 0.6265630125999451 0.34843799471855164
vt 0.5416669845581055 0
vt 0.625 0
vt 0.625 0.25
vt 0.5416669845581055 0
vt 0.625 0.25
vt 0.5416669845581055 0.25
vt 0.5416669845581055 0.25
vt 0.625 0.25
vt 0.625 0.5
vt 0.5416669845581055 0.25
vt 0.625 0.5
vt 0.5416669845581055 0.5
vt 0.5416669845581055 0.5
vt 0.625 0.5
vt 0.625 0.75
vt 0.5416669845581055 0.5
vt 0.625 0.75
vt 0.5416669845581055 0.75
vt 0.5416669845581055 0.75
vt 0.625 0.75
vt 0.625 1
vt 0.5416669845581055 0.75
vt 0.625 1
vt 0.5416669845581055 1
vt 0.125 0.5
vt 0.375 0.5
vt 0.375 0.75
vt 0.125 0.5
vt 0.375 0.75
vt 0.125 0.75
vt 0.625 0.5
vt 0.625 0.25
vt 0.625 0.5
vt 0.625 0.25
vt 0.625 0.25
vt 0.625 0.5
vt 0.625 0.5
vt 0.875 0.5
vt 0.625 0.75
vt 0.875 0.5
vt 0.875 0.75
vt 0.625 0.75
vt 0.625 0.75
vt 0.625 0.5
vt 0.625 0.75
vt 0.625 0.5
vt 0.625 0.5
vt 0.625 0.75
vt 0.625 0.25
vt 0.625 0
vt 0.625 0.25
vt 0.625 0
vt 0.625 0
vt 0.625 0.25
vt 0.625 1
vt 0.625 0.75
vt 0.625 1
vt 0.625 0.75
vt 0.625 0.75
vt 0.625 1
vt 0.375 0.75
vt 0.45833298563957214 0.75
vt 0.45833298563957214 1
vt 0.375 0.75
vt 0.45833298563957214 1
vt 0.375 1
vt 0.45833298563957214 0.75
vt 0.5416669845581055 0.75
vt 0.5416669845581055 1
vt 0.45833298563957214 0.75
vt 0.5416669845581055 1
vt 0.45833298563957214 1
vt 0.375 0.5
vt 0.45833298563957214 0.5
vt 0.45833298563957214 0.75
vt 0.375 0.5
vt 0.45833298563957214 0.75
vt 0.375 0.75
vt 0.45833298563957214 0.5
vt 0.5416669845581055 0.5
vt 0.5416669845581055 0.75
vt 0.45833298563957214 0.5
vt 0.5416669845581055 0.75
vt 0.45833298563957214 0.75
vt 0.375 0.25
vt 0.45833298563957214 0.25
vt 0.45833298563957214 0.5
vt 0.375 0.25
vt 0.45833298563957214 0.5
vt 0.375 0.5
vt 0.45833298563957214 0.25
vt 0.5416669845581055 0.25
vt 0.5416669845581055 0.5
vt 0.45833298563957214 0.25
vt 0.5416669845581055 0.5
vt 0.45833298563957214 0.5
vt 0.375 0
vt 0.45833298563957214 0
vt 0.45833298563957214 0.25
vt 0.375 0
vt 0.45833298563957214 0.25
vt 0.375 0.25
vt 0.45833298563957214 0
vt 0.5416669845581055 0
vt 0.5416669845581055 0.25
vt 0.45833298563957214 0
vt 0.5416669845581055 0.25
vt 0.45833298563957214 0.25
vt 0.5416669845581055 0
vt 0.625 0
vt 0.625 0.25
vt 0.5416669845581055 0
vt 0.625 0.25
vt 0.5416669845581055 0.25
vt 0.5416669845581055 0.25
vt 0.625 0.25
vt 0.625 0.5
vt 0.5416669845581055 0.25
vt 0.625 0.5
vt 0.5416669845581055 0.5
vt 0.5416669845581055 0.5
vt 0.625 0.5
vt 0.625 0.75
vt 0.5416669845581055 0.5
vt 0.625 0.75
vt 0.5416669845581055 0.75
vt 0.5416669845581055 0.75
vt 0.625 0.75
vt 0.625 1
vt 0.5416669845581055 0.75
vt 0.625 1
vt 0.5416669845581055 1
vt 0.125 0.5
vt 0.375 0.5
vt 0.375 0.75
vt 0.125 0.5
vt 0.375 0.75
vt 0.125 0.75
vt 0.625 0.5
vt 0.625 0.25
vt 0.625 0.5
vt 0.625 0.25
vt 0.625 0.25
vt 0.625 0.5
vt 0.625 0.5
vt 0.875 0.5
vt 0.625 0.75
vt 0.875 0.5
vt 0.875 0.75
vt 0.625 0.75
vt 0.625 0.75
vt 0.625 0.5
vt 0.625 0.75
vt 0.625 0.5
vt 0.625 0.5
vt 0.625 0.75
vt 0.625 0.25
vt 0.625 0
vt 0.625 0.25
vt 0.625 0
vt 0.625 0
vt 0.625 0.25
vt 0.625 1
vt 0.625 0.75
vt 0.625 1
vt 0.625 0.75
vt 0.625 0.75
vt 0.625 1
vt 0.375 0.75
vt 0.45833298563957214 0.75
vt 0.45833298563957214 1
vt 0.375 0.75
vt 0.45833298563957214 1
vt 0.375 1
vt 0.45833298563957214 0.75
vt 0.5416669845581055 0.75
vt 0.5416669845581055 1
vt 0.45833298563957214 0.75
vt 0.5416669845581055 1
vt 0.45833298563957214 1
vt 0.375 0.5
vt 0.45833298563957214 0.5
vt 0.45833298563957214 0.75
vt 0.375 0.5
vt 0.45833298563957214 0.75
vt 0.375 0.75
vt 0.45833298563957214 0.5
vt 0.5416669845581055 0.5
vt 0.5416669845581055 0.75
vt 0.45833298563957214 0.5
vt 0.5416669845581055 0.75
vt 0.45833298563957214 0.75
vt 0.375 0.25
vt 0.45833298563957214 0.25
vt 0.45833298563957214 0.5
vt 0.375 0.25
vt 0.45833298563957214 0.5
vt 0.375 0.5
vt 0.45833298563957214 0.25
vt 0.5416669845581055 0.25
vt 0.5416669845581055 0.5
vt 0.45833298563957214 0.25
vt 0.5416669845581055 0.5
vt 0.45833298563957214 0.5
vt 0.375 0
vt 0.45833298563957214 0
vt 0.45833298563957214 0.25
vt 0.375 0
vt 0.45833298563957214 0.25
vt 0.375 0.25
vt 0.45833298563957214 0
vt 0.5416669845581055 0
vt 0.5416669845581055 0.25
vt 0.45833298563957214 0
vt 0.5416669845581055 0.25
vt 0.45833298563957214 0.25
vt 0.5416669845581055 0
vt 0.625 0
vt 0.625 0.25
vt 0.5416669845581055 0
vt 0.625 0.25
vt 0.5416669845581055 0.25
vt 0.5416669845581055 0.25
vt 0.625 0.25
vt 0.625 0.5
vt 0.5416669845581055 0.25
vt 0.625 0.5
vt 0.5416669845581055 0.5
vt 0.5416669845581055 0.5
vt 0.625 0.5
vt 0.625 0.75
vt 0.5416669845581055 0.5
vt 0.625 0.75
vt 0.5416669845581055 0.75
vt 0.5416669845581055 0.75
vt 0.625 0.75
vt 0.625 1
vt 0.5416669845581055 0.75
vt 0.625 1
vt 0.5416669845581055 1
vt 0.125 0.5
vt 0.375 0.5
vt 0.375 0.75
vt 0.125 0.5
vt 0.375 0.75
vt 0.125 0.75
vt 0.625 0.5
vt 0.625 0.25
vt 0.625 0.5
vt 0.625 0.25
vt 0.625 0.25
vt 0.625 0.5
vt 0.625 0.5
vt 0.875 0.5
vt 0.625 0.75
vt 0.875 0.5
vt 0.875 0.75
vt 0.625 0.75
vt 0.625 0.75
vt 0.625 0.5
vt 0.625 0.75
vt 0.625 0.5
vt 0.625 0.5
vt 0.625 0.75
vt 0.625 0.25
vt 0.625 0
vt 0.625 0
vt 0.625 0.25
vt 0.625 0
vt 0.625 0.25
vt 0.625 1
vt 0.625 0.75
vt 0.625 1
vt 0.625 0.75
vt 0.625 0.75
vt 0.625 1
vt 0.375 0.75
vt 0.45833298563957214 0.75
vt 0.45833298563957214 1
vt 0.375 0.75
vt 0.45833298563957214 1
vt 0.375 1
vt 0.45833298563957214 0.75
vt 0.5416669845581055 0.75
vt 0.5416669845581055 1
vt 0.45833298563957214 0.75
vt 0.5416669845581055 1
vt 0.45833298563957214 1
vt 0.375 0.5
vt 0.45833298563957214 0.5
vt 0.45833298563957214 0.75
vt 0.375 0.5
vt 0.45833298563957214 0.75
vt 0.375 0.75
vt 0.45833298563957214 0.5
vt 0.5416669845581055 0.5
vt 0.5416669845581055 0.75
vt 0.45833298563957214 0.5
vt 0.5416669845581055 0.75
vt 0.45833298563957214 0.75
vt 0.375 0.25
vt 0.45833298563957214 0.25
vt 0.45833298563957214 0.5
vt 0.375 0.25
vt 0.45833298563957214 0.5
vt 0.375 0.5
vt 0.45833298563957214 0.25
vt 0.5416669845581055 0.25
vt 0.5416669845581055 0.5
vt 0.45833298563957214 0.25
vt 0.5416669845581055 0.5
vt 0.45833298563957214 0.5
vt 0.375 0
vt 0.45833298563957214 0
vt 0.45833298563957214 0.25
vt 0.375 0
vt 0.45833298563957214 0.25
vt 0.375 0.25
vt 0.45833298563957214 0
vt 0.5416669845581055 0
vt 0.5416669845581055 0.25
vt 0.45833298563957214 0
vt 0.5416669845581055 0.25
vt 0.45833298563957214 0.25
vt 0.5416669845581055 0
vt 0.625 0
vt 0.625 0.25
vt 0.5416669845581055 0
vt 0.625 0.25
vt 0.5416669845581055 0.25
vt 0.5416669845581055 0.25
vt 0.625 0.25
vt 0.625 0.5
vt 0.5416669845581055 0.25
vt 0.625 0.5
vt 0.5416669845581055 0.5
vt 0.5416669845581055 0.5
vt 0.625 0.5
vt 0.625 0.75
vt 0.5416669845581055 0.5
vt 0.625 0.75
vt 0.5416669845581055 0.75
vt 0.5416669845581055 0.75
vt 0.625 0.75
vt 0.625 1
vt 0.5416669845581055 0.75
vt 0.625 1
vt 0.5416669845581055 1
vt 0.125 0.5
vt 0.375 0.5
vt 0.375 0.75
vt 0.125 0.5
vt 0.375 0.75
vt 0.125 0.75
vt 0.625 0.5
vt 0.625 0.25
vt 0.625 0.5
vt 0.625 0.25
vt 0.625 0.25
vt 0.625 0.5
vt 0.625 0.5
vt 0.875 0.5
vt 0.625 0.75
vt 0.875 0.5
vt 0.875 0.75
vt 0.625 0.75
vt 0.625 0.75
vt 0.625 0.5
vt 0.625 0.75
vt 0.625 0.5
vt 0.625 0.5
vt 0.625 0.75
vt 0.625 0.25
vt 0.625 0
vt 0.625 0
vt 0.625 0.25
vt 0.625 0
vt 0.625 0.25
vt 0.625 1
vt 0.625 0.75
vt 0.625 1
vt 0.625 0.75
vt 0.625 0.75
vt 0.625 1
vt 0.375 0.75
vt 0.45833298563957214 0.75
vt 0.45833298563957214 1
vt 0.375 0.75
vt 0.45833298563957214 1
vt 0.375 1
vt 0.45833298563957214 0.75
vt 0.5416669845581055 0.75
vt 0.5416669845581055 1
vt 0.45833298563957214 0.75
vt 0.5416669845581055 1
vt 0.45833298563957214 1
vt 0.375 0.5
vt 0.45833298563957214 0.5
vt 0.45833298563957214 0.75
vt 0.375 0.5
vt 0.45833298563957214 0.75
vt 0.375 0.75
vt 0.45833298563957214 0.5
vt 0.5416669845581055 0.5
vt 0.5416669845581055 0.75
vt 0.45833298563957214 0.5
vt 0.5416669845581055 0.75
vt 0.45833298563957214 0.75
vt 0.375 0.25
vt 0.45833298563957214 0.25
vt 0.45833298563957214 0.5
vt 0.375 0.25
vt 0.45833298563957214 0.5
vt 0.375 0.5
vt 0.45833298563957214 0.25
vt 0.5416669845581055 0.25
vt 0.5416669845581055 0.5
vt 0.45833298563957214 0.25
vt 0.5416669845581055 0.5
vt 0.45833298563957214 0.5
vt 0.375 0
vt 0.45833298563957214 0
vt 0.45833298563957214 0.25
vt 0.375 0
vt 0.45833298563957214 0.25
vt 0.375 0.25
vt 0.45833298563957214 0
vt 0.5416669845581055 0
vt 0.5416669845581055 0.25
vt 0.45833298563957214 0
vt 0.5416669845581055 0.25
vt 0.45833298563957214 0.25
vt 1 0.5
vt 1 1
vt 0.857142984867096 1
vt 1 0.5
vt 0.857142984867096 1
vt 0.857142984867096 0.5
vt 0.857142984867096 0.5
vt 0.857142984867096 1
vt 0.7142860293388367 1
vt 0.857142984867096 0.5
vt 0.7142860293388367 1
vt 0.7142860293388367 0.5
vt 0.7142860293388367 0.5
vt 0.7142860293388367 1
vt 0.5714290142059326 1
vt 0.7142860293388367 0.5
vt 0.5714290142059326 1
vt 0.5714290142059326 0.5
vt 0.5714290142059326 0.5
vt 0.5714290142059326 1
vt 0.4285709857940674 1
vt 0.5714290142059326 0.5
vt 0.4285709857940674 1
vt 0.4285709857940674 0.5
vt 0.4285709857940674 0.5
vt 0.4285709857940674 1
vt 0.2857140004634857 1
vt 0.4285709857940674 0.5
vt 0.2857140004634857 1
vt 0.2857140004634857 0.5
vt 0.3371500074863434 0.06903000175952911
vt 0.4458250105381012 0.20530399680137634
vt 0.40392398834228516 0.2148679941892624
vt 0.3371500074863434 0.06903000175952911
vt 0.40392398834228516 0.2148679941892624
vt 0.3185020089149475 0.10775300115346909
vt 0.2857140004634857 0.5
vt 0.2857140004634857 1
vt 0.14285700023174286 1
vt 0.2857140004634857 0.5
vt 0.14285700023174286 1
vt 0.14285700023174286 0.5
vt 0.14285700023174286 0.5
vt 0.14285700023174286 1
vt 0 1
vt 0.14285700023174286 0.5
vt 0 1
vt 0 0.5
vt 0.662850022315979 0.06903000175952911
vt 0.5541750192642212 0.20530399680137634
vt 0.5960760116577148 0.2148679941892624
vt 0.662850022315979 0.06903000175952911
vt 0.5960760116577148 0.2148679941892624
vt 0.6814979910850525 0.10775300115346909
vt 0.857142984867096 1
vt 1 1
vt 1 1
vt 0.857142984867096 1
vt 1 1
vt 0.857142984867096 1
vt 0.592960000038147 0.375234991312027
vt 0.75 0.45086100697517395
vt 0.75 0.4078820049762726
vt 0.592960000038147 0.375234991312027
vt 0.75 0.4078820049762726
vt 0.6265630125999451 0.34843799471855164
vt 0.40392398834228516 0.2148679941892624
vt 0.37343698740005493 0.34843799471855164
vt 0.37343698740005493 0.34843799471855164
vt 0.40392398834228516 0.2148679941892624
vt 0.37343698740005493 0.34843799471855164
vt 0.40392398834228516 0.2148679941892624
vt 0.0541750006377697 0.20530399680137634
vt 0.1628500074148178 0.06903000175952911
vt 0.18149800598621368 0.10775300115346909
vt 0.0541750006377697 0.20530399680137634
vt 0.18149800598621368 0.10775300115346909
vt 0.09607599675655365 0.2148679941892624
vt 0.9070389866828918 0.375234991312027
vt 0.9458249807357788 0.20530399680137634
vt 0.9039239883422852 0.2148679941892624
vt 0.9070389866828918 0.375234991312027
vt 0.9039239883422852 0.2148679941892624
vt 0.8734369874000549 0.34843799471855164
vt 0.09296000003814697 0.375234991312027
vt 0.0541750006377697 0.20530399680137634
vt 0.09607599675655365 0.2148679941892624
vt 0.09296000003814697 0.375234991312027
vt 0.09607599675655365 0.2148679941892624
vt 0.12656299769878387 0.34843799471855164
vt 0.1628500074148178 0.06903000175952911
vt 0.3371500074863434 0.06903000175952911
vt 0.3185020089149475 0.10775300115346909
vt 0.1628500074148178 0.06903000175952911
vt 0.3185020089149475 0.10775300115346909
vt 0.18149800598621368 0.10775300115346909
vt 1 0.5
vt 0.857142984867096 0.5
vt 0.857142984867096 0.5
vt 1 0.5
vt 0.857142984867096 0.5
vt 1 0.5
vt 0.5541750192642212 0.20530399680137634
vt 0.592960000038147 0.375234991312027
vt 0.6265630125999451 0.34843799471855164
vt 0.5541750192642212 0.20530399680137634
vt 0.6265630125999451 0.34843799471855164
vt 0.5960760116577148 0.2148679941892624
vt 0.9458249807357788 0.20530399680137634
vt 0.837149977684021 0.06903000175952911
vt 0.8185020089149475 0.10775300115346909
vt 0.9458249807357788 0.20530399680137634
vt 0.8185020089149475 0.10775300115346909
vt 0.9039239883422852 0.2148679941892624
vt 0.837149977684021 0.06903000175952911
vt 0.662850022315979 0.06903000175952911
vt 0.6814979910850525 0.10775300115346909
vt 0.837149977684021 0.06903000175952911
vt 0.6814979910850525 0.10775300115346909
vt 0.8185020089149475 0.10775300115346909
vt 0.8734369874000549 0.34843799471855164
vt 0.9039239883422852 0.2148679941892624
vt 0.9039239883422852 0.2148679941892624
vt 0.8734369874000549 0.34843799471855164
vt 0.9039239883422852 0.2148679941892624
vt 0.8734369874000549 0.34843799471855164
vt 0.7142860293388367 1
vt 0.857142984867096 1
vt 0.857142984867096 1
vt 0.7142860293388367 1
vt 0.857142984867096 1
vt 0.7142860293388367 1
vt 0.407039999961853 0.375234991312027
vt 0.25 0.45086100697517395
vt 0.25 0.4078820049762726
vt 0.407039999961853 0.375234991312027
vt 0.25 0.4078820049762726
vt 0.37343698740005493 0.34843799471855164
vt 0.5714290142059326 1
vt 0.7142860293388367 1
vt 0.7142860293388367 1
vt 0.5714290142059326 1
vt 0.7142860293388367 1
vt 0.5714290142059326 1
vt 0.4285709857940674 1
vt 0.5714290142059326 1
vt 0.5714290142059326 1
vt 0.4285709857940674 1
vt 0.5714290142059326 1
vt 0.4285709857940674 1
vt 0.2857140004634857 1
vt 0.4285709857940674 1
vt 0.4285709857940674 1
vt 0.2857140004634857 1
vt 0.4285709857940674 1
vt 0.2857140004634857 1
vt 0.14285700023174286 1
vt 0.2857140004634857 1
vt 0.2857140004634857 1
vt 0.14285700023174286 1
vt 0.2857140004634857 1
vt 0.14285700023174286 1
vt 0 1
vt 0.14285700023174286 1
vt 0.14285700023174286 1
vt 0 1
vt 0.14285700023174286 1
vt 0 1
vt 0.14285700023174286 0.5
vt 0 0.5
vt 0 0.5
vt 0.14285700023174286 0.5
vt 0 0.5
vt 0.14285700023174286 0.5
vt 0.857142984867096 0.5
vt 0.7142860293388367 0.5
vt 0.7142860293388367 0.5
vt 0.857142984867096 0.5
vt 0.7142860293388367 0.5
vt 0.857142984867096 0.5
vt 0.7142860293388367 0.5
vt 0.5714290142059326 0.5
vt 0.5714290142059326 0.5
vt 0.7142860293388367 0.5
vt 0.5714290142059326 0.5
vt 0.7142860293388367 0.5
vt 0.5714290142059326 0.5
vt 0.4285709857940674 0.5
vt 0.4285709857940674 0.5
vt 0.5714290142059326 0.5
vt 0.4285709857940674 0.5
vt 0.5714290142059326 0.5
vt 0.4285709857940674 0.5
vt 0.2857140004634857 0.5
vt 0.2857140004634857 0.5
vt 0.4285709857940674 0.5
vt 0.2857140004634857 0.5
vt 0.4285709857940674 0.5
vt 0.2857140004634857 0.5
vt 0.14285700023174286 0.5
vt 0.14285700023174286 0.5
vt 0.2857140004634857 0.5
vt 0.14285700023174286 0.5
vt 0.2857140004634857 0.5
vt 0.75 0.45086100697517395
vt 0.907039999961853 0.375234991312027
vt 0.8734369874000549 0.34843799471855164
vt 0.75 0.45086100697517395
vt 0.8734369874000549 0.34843799471855164
vt 0.75 0.4078820049762726
vt 0.25 0.45086100697517395
vt 0.09296000003814697 0.375234991312027
vt 0.12656299769878387 0.34843799471855164
vt 0.25 0.45086100697517395
vt 0.12656299769878387 0.34843799471855164
vt 0.25 0.4078820049762726
vt 0.09607599675655365 0.2148679941892624
vt 0.18149800598621368 0.10775300115346909
vt 0.18149800598621368 0.10775300115346909
vt 0.09607599675655365 0.2148679941892624
vt 0.18149800598621368 0.10775300115346909
vt 0.09607599675655365 0.2148679941892624
vt 0.25 0.4078820049762726
vt 0.12656299769878387 0.34843799471855164
vt 0.12656299769878387 0.34843799471855164
vt 0.25 0.4078820049762726
vt 0.12656299769878387 0.34843799471855164
vt 0.25 0.4078820049762726
vt 0.3185020089149475 0.10775300115346909
vt 0.40392398834228516 0.2148679941892624
vt 0.40392398834228516 0.2148679941892624
vt 0.3185020089149475 0.10775300115346909
vt 0.40392398834228516 0.2148679941892624
vt 0.3185020089149475 0.10775300115346909
vt 0.12656299769878387 0.34843799471855164
vt 0.09607599675655365 0.2148679941892624
vt 0.09607599675655365 0.2148679941892624
vt 0.12656299769878387 0.34843799471855164
vt 0.09607599675655365 0.2148679941892624
vt 0.12656299769878387 0.34843799471855164
vt 0.37343698740005493 0.34843799471855164
vt 0.25 0.4078820049762726
vt 0.25 0.4078820049762726
vt 0.37343698740005493 0.34843799471855164
vt 0.25 0.4078820049762726
vt 0.37343698740005493 0.34843799471855164
vt 0.18149800598621368 0.10775300115346909
vt 0.3185020089149475 0.10775300115346909
vt 0.3185020089149475 0.10775300115346909
vt 0.18149800598621368 0.10775300115346909
vt 0.3185020089149475 0.10775300115346909
vt 0.18149800598621368 0.10775300115346909
vt 0.6814979910850525 0.10775300115346909
vt 0.5960760116577148 0.2148679941892624
vt 0.5960760116577148 0.2148679941892624
vt 0.6814979910850525 0.10775300115346909
vt 0.5960760116577148 0.2148679941892624
vt 0.6814979910850525 0.10775300115346909
vt 0.6265630125999451 0.34843799471855164
vt 0.75 0.4078820049762726
vt 0.75 0.4078820049762726
vt 0.6265630125999451 0.34843799471855164
vt 0.75 0.4078820049762726
vt 0.6265630125999451 0.34843799471855164
vt 0.9039239883422852 0.2148679941892624
vt 0.8185020089149475 0.10775300115346909
vt 0.8185020089149475 0.10775300115346909
vt 0.9039239883422852 0.2148679941892624
vt 0.8185020089149475 0.10775300115346909
vt 0.9039239883422852 0.2148679941892624
vt 0.5960760116577148 0.2148679941892624
vt 0.6265630125999451 0.34843799471855164
vt 0.6265630125999451 0.34843799471855164
vt 0.5960760116577148 0.2148679941892624
vt 0.6265630125999451 0.34843799471855164
vt 0.5960760116577148 0.2148679941892624
vt 0.75 0.4078820049762726
vt 0.8734369874000549 0.34843799471855164
vt 0.8734369874000549 0.34843799471855164
vt 0.75 0.4078820049762726
vt 0.8734369874000549 0.34843799471855164
vt 0.75 0.4078820049762726
vt 0.8185020089149475 0.10775300115346909
vt 0.6814979910850525 0.10775300115346909
vt 0.6814979910850525 0.10775300115346909
vt 0.8185020089149475 0.10775300115346909
vt 0.6814979910850525 0.10775300115346909
vt 0.8185020089149475 0.10775300115346909
vt 0.4376400113105774 0.39963799715042114
vt 0.2503049969673157 0.48985299468040466
vt 0.25 0.45086100697517395
vt 0.4376400113105774 0.39963799715042114
vt 0.25 0.45086100697517395
vt 0.407039999961853 0.375234991312027
vt 0.48398301005363464 0.1965949982404709
vt 0.4378350079059601 0.3987790048122406
vt 0.407039999961853 0.375234991312027
vt 0.48398301005363464 0.1965949982404709
vt 0.407039999961853 0.375234991312027
vt 0.4458250105381012 0.20530399680137634
vt 0.3541319966316223 0.03376699984073639
vt 0.48351699113845825 0.1960110068321228
vt 0.4458250105381012 0.20530399680137634
vt 0.3541319966316223 0.03376699984073639
vt 0.4458250105381012 0.20530399680137634
vt 0.3371500074863434 0.06903000175952911
vt 0.14586800336837769 0.03376699984073639
vt 0.35405001044273376 0.03376699984073639
vt 0.3371500074863434 0.06903000175952911
vt 0.14586800336837769 0.03376699984073639
vt 0.3371500074863434 0.06903000175952911
vt 0.1628500074148178 0.06903000175952911
vt 0.016423000022768974 0.19608600437641144
vt 0.14586800336837769 0.03376699984073639
vt 0.1628500074148178 0.06903000175952911
vt 0.016423000022768974 0.19608600437641144
vt 0.1628500074148178 0.06903000175952911
vt 0.0541750006377697 0.20530399680137634
vt 0.062157001346349716 0.39874500036239624
vt 0.016016999259591103 0.1965949982404709
vt 0.0541750006377697 0.20530399680137634
vt 0.062157001346349716 0.39874500036239624
vt 0.0541750006377697 0.20530399680137634
vt 0.09296000003814697 0.375234991312027
vt 0.24957700073719025 0.4897960126399994
vt 0.0623599998652935 0.39963799715042114
vt 0.09296000003814697 0.375234991312027
vt 0.24957700073719025 0.4897960126399994
vt 0.09296000003814697 0.375234991312027
vt 0.25 0.45086100697517395
vt 0.7537660002708435 0.4881860017776489
vt 0.9376400113105774 0.39963799715042114
vt 0.907039999961853 0.375234991312027
vt 0.7537660002708435 0.4881860017776489
vt 0.907039999961853 0.375234991312027
vt 0.75 0.45086100697517395
vt 0.9397079944610596 0.3905769884586334
vt 0.9839829802513123 0.1965949982404709
vt 0.9458249807357788 0.20530399680137634
vt 0.9397079944610596 0.3905769884586334
vt 0.9458249807357788 0.20530399680137634
vt 0.9070389866828918 0.375234991312027
vt 0.9794449806213379 0.19090500473976135
vt 0.8541319966316223 0.03376699984073639
vt 0.837149977684021 0.06903000175952911
vt 0.9794449806213379 0.19090500473976135
vt 0.837149977684021 0.06903000175952911
vt 0.9458249807357788 0.20530399680137634
vt 0.8541290163993835 0.03376699984073639
vt 0.6458680033683777 0.03376699984073639
vt 0.662850022315979 0.06903000175952911
vt 0.8541290163993835 0.03376699984073639
vt 0.662850022315979 0.06903000175952911
vt 0.837149977684021 0.06903000175952911
vt 0.6458680033683777 0.03376699984073639
vt 0.5205590128898621 0.19089899957180023
vt 0.5541750192642212 0.20530399680137634
vt 0.6458680033683777 0.03376699984073639
vt 0.5541750192642212 0.20530399680137634
vt 0.662850022315979 0.06903000175952911
vt 0.5160170197486877 0.1965949982404709
vt 0.5602899789810181 0.39056500792503357
vt 0.592960000038147 0.375234991312027
vt 0.5160170197486877 0.1965949982404709
vt 0.592960000038147 0.375234991312027
vt 0.5541750192642212 0.20530399680137634
vt 0.5623599886894226 0.39963799715042114
vt 0.7462310194969177 0.48818498849868774
vt 0.75 0.45086100697517395
vt 0.5623599886894226 0.39963799715042114
vt 0.75 0.45086100697517395
vt 0.592960000038147 0.375234991312027
vt 0.4458250105381012 0.20530399680137634
vt 0.407039999961853 0.375234991312027
vt 0.37343698740005493 0.34843799471855164
vt 0.4458250105381012 0.20530399680137634
vt 0.37343698740005493 0.34843799471855164
vt 0.40392398834228516 0.2148679941892624
vt 1 0.5
vt 1 1
vt 0.857142984867096 1
vt 1 0.5
vt 0.857142984867096 1
vt 0.857142984867096 0.5
vt 0.857142984867096 0.5
vt 0.857142984867096 1
vt 0.7142860293388367 1
vt 0.857142984867096 0.5
vt 0.7142860293388367 1
vt 0.7142860293388367 0.5
vt 0.7142860293388367 0.5
vt 0.7142860293388367 1
vt 0.5714290142059326 1
vt 0.7142860293388367 0.5
vt 0.5714290142059326 1
vt 0.5714290142059326 0.5
vt 0.5714290142059326 0.5
vt 0.5714290142059326 1
vt 0.4285709857940674 1
vt 0.5714290142059326 0.5
vt 0.4285709857940674 1
vt 0.4285709857940674 0.5
vt 0.4285709857940674 0.5
vt 0.4285709857940674 1
vt 0.2857140004634857 1
vt 0.4285709857940674 0.5
vt 0.2857140004634857 1
vt 0.2857140004634857 0.5
vt 0.33555400371551514 0.07234500348567963
vt 0.44207999110221863 0.20615899562835693
vt 0.40392398834228516 0.2148679941892624
vt 0.33555400371551514 0.07234500348567963
vt 0.40392398834228516 0.2148679941892624
vt 0.3185020089149475 0.10775300115346909
vt 0.2857140004634857 0.5
vt 0.2857140004634857 1
vt 0.14285700023174286 1
vt 0.2857140004634857 0.5
vt 0.14285700023174286 1
vt 0.14285700023174286 0.5
vt 0.14285700023174286 0.5
vt 0.14285700023174286 1
vt 0 1
vt 0.14285700023174286 0.5
vt 0 1
vt 0 0.5
vt 0.6631479859352112 0.06965000182390213
vt 0.5548449754714966 0.20545700192451477
vt 0.5960760116577148 0.2148679941892624
vt 0.6631479859352112 0.06965000182390213
vt 0.5960760116577148 0.2148679941892624
vt 0.6814979910850525 0.10775300115346909
vt 0.857142984867096 1
vt 1 1
vt 1 1
vt 0.857142984867096 1
vt 1 1
vt 0.857142984867096 1
vt 0.5934979915618896 0.3748059868812561
vt 0.75 0.4501740038394928
vt 0.75 0.4078820049762726
vt 0.5934979915618896 0.3748059868812561
vt 0.75 0.4078820049762726
vt 0.6265630125999451 0.34843799471855164
vt 0.8734369874000549 0.34843799471855164
vt 0.9039239883422852 0.2148679941892624
vt 0.8734369874000549 0.34843799471855164
vt 0.9039239883422852 0.2148679941892624
vt 0.9039239883422852 0.2148679941892624
vt 0.8734369874000549 0.34843799471855164
vt 0.05795799940824509 0.20616799592971802
vt 0.16445299983024597 0.07236000150442123
vt 0.18149800598621368 0.10775300115346909
vt 0.05795799940824509 0.20616799592971802
vt 0.18149800598621368 0.10775300115346909
vt 0.09607599675655365 0.2148679941892624
vt 0.9065020084381104 0.3748059868812561
vt 0.9451550245285034 0.20545700192451477
vt 0.9039239883422852 0.2148679941892624
vt 0.9065020084381104 0.3748059868812561
vt 0.9039239883422852 0.2148679941892624
vt 0.8734369874000549 0.34843799471855164
vt 0.09617800265550613 0.3726690113544464
vt 0.05795799940824509 0.20616799592971802
vt 0.09607599675655365 0.2148679941892624
vt 0.09617800265550613 0.3726690113544464
vt 0.09607599675655365 0.2148679941892624
vt 0.12656299769878387 0.34843799471855164
vt 0.16445299983024597 0.07236000150442123
vt 0.33555400371551514 0.07234500348567963
vt 0.3185020089149475 0.10775300115346909
vt 0.16445299983024597 0.07236000150442123
vt 0.3185020089149475 0.10775300115346909
vt 0.18149800598621368 0.10775300115346909
vt 1 0.5
vt 0.857142984867096 0.5
vt 0.857142984867096 0.5
vt 1 0.5
vt 0.857142984867096 0.5
vt 1 0.5
vt 0.5548449754714966 0.20545700192451477
vt 0.5934979915618896 0.3748059868812561
vt 0.6265630125999451 0.34843799471855164
vt 0.5548449754714966 0.20545700192451477
vt 0.6265630125999451 0.34843799471855164
vt 0.5960760116577148 0.2148679941892624
vt 0.9451550245285034 0.20545700192451477
vt 0.8368520140647888 0.06965000182390213
vt 0.8185020089149475 0.10775300115346909
vt 0.9451550245285034 0.20545700192451477
vt 0.8185020089149475 0.10775300115346909
vt 0.9039239883422852 0.2148679941892624
vt 0.8368520140647888 0.06965000182390213
vt 0.6631479859352112 0.06965000182390213
vt 0.6814979910850525 0.10775300115346909
vt 0.8368520140647888 0.06965000182390213
vt 0.6814979910850525 0.10775300115346909
vt 0.8185020089149475 0.10775300115346909
vt 0.18149800598621368 0.10775300115346909
vt 0.3185020089149475 0.10775300115346909
vt 0.18149800598621368 0.10775300115346909
vt 0.3185020089149475 0.10775300115346909
vt 0.3185020089149475 0.10775300115346909
vt 0.18149800598621368 0.10775300115346909
vt 0.7142860293388367 1
vt 0.857142984867096 1
vt 0.857142984867096 1
vt 0.7142860293388367 1
vt 0.857142984867096 1
vt 0.7142860293388367 1
vt 0.4038490056991577 0.37268999218940735
vt 0.25 0.4466489851474762
vt 0.25 0.4078820049762726
vt 0.4038490056991577 0.37268999218940735
vt 0.25 0.4078820049762726
vt 0.37343698740005493 0.34843799471855164
vt 0.5714290142059326 1
vt 0.7142860293388367 1
vt 0.7142860293388367 1
vt 0.5714290142059326 1
vt 0.7142860293388367 1
vt 0.5714290142059326 1
vt 0.4285709857940674 1
vt 0.5714290142059326 1
vt 0.5714290142059326 1
vt 0.4285709857940674 1
vt 0.5714290142059326 1
vt 0.4285709857940674 1
vt 0.2857140004634857 1
vt 0.4285709857940674 1
vt 0.4285709857940674 1
vt 0.2857140004634857 1
vt 0.4285709857940674 1
vt 0.2857140004634857 1
vt 0.14285700023174286 1
vt 0.2857140004634857 1
vt 0.2857140004634857 1
vt 0.14285700023174286 1
vt 0.2857140004634857 1
vt 0.14285700023174286 1
vt 0 1
vt 0.14285700023174286 1
vt 0.14285700023174286 1
vt 0 1
vt 0.14285700023174286 1
vt 0 1
vt 0.14285700023174286 0.5
vt 0 0.5
vt 0 0.5
vt 0.14285700023174286 0.5
vt 0 0.5
vt 0.14285700023174286 0.5
vt 0.857142984867096 0.5
vt 0.7142860293388367 0.5
vt 0.7142860293388367 0.5
vt 0.857142984867096 0.5
vt 0.7142860293388367 0.5
vt 0.857142984867096 0.5
vt 0.7142860293388367 0.5
vt 0.5714290142059326 0.5
vt 0.5714290142059326 0.5
vt 0.7142860293388367 0.5
vt 0.5714290142059326 0.5
vt 0.7142860293388367 0.5
vt 0.5714290142059326 0.5
vt 0.4285709857940674 0.5
vt 0.4285709857940674 0.5
vt 0.5714290142059326 0.5
vt 0.4285709857940674 0.5
vt 0.5714290142059326 0.5
vt 0.4285709857940674 0.5
vt 0.2857140004634857 0.5
vt 0.2857140004634857 0.5
vt 0.4285709857940674 0.5
vt 0.2857140004634857 0.5
vt 0.4285709857940674 0.5
vt 0.2857140004634857 0.5
vt 0.14285700023174286 0.5
vt 0.14285700023174286 0.5
vt 0.2857140004634857 0.5
vt 0.14285700023174286 0.5
vt 0.2857140004634857 0.5
vt 0.75 0.4501740038394928
vt 0.9065020084381104 0.3748059868812561
vt 0.8734369874000549 0.34843799471855164
vt 0.75 0.4501740038394928
vt 0.8734369874000549 0.34843799471855164
vt 0.75 0.4078820049762726
vt 0.25 0.4466489851474762
vt 0.09617800265550613 0.3726690113544464
vt 0.12656299769878387 0.34843799471855164
vt 0.25 0.4466489851474762
vt 0.12656299769878387 0.34843799471855164
vt 0.25 0.4078820049762726
vt 0.18149800598621368 0.10775300115346909
vt 0.3185020089149475 0.10775300115346909
vt 0.3185020089149475 0.10775300115346909
vt 0.18149800598621368 0.10775300115346909
vt 0.3185020089149475 0.10775300115346909
vt 0.18149800598621368 0.10775300115346909
vt 0.8185020089149475 0.10775300115346909
vt 0.6814979910850525 0.10775300115346909
vt 0.6814979910850525 0.10775300115346909
vt 0.8185020089149475 0.10775300115346909
vt 0.6814979910850525 0.10775300115346909
vt 0.8185020089149475 0.10775300115346909
vt 0.25 0.4078820049762726
vt 0.12656299769878387 0.34843799471855164
vt 0.25 0.4078820049762726
vt 0.12656299769878387 0.34843799471855164
vt 0.12656299769878387 0.34843799471855164
vt 0.25 0.4078820049762726
vt 0.40392398834228516 0.2148679941892624
vt 0.37343698740005493 0.34843799471855164
vt 0.40392398834228516 0.2148679941892624
vt 0.37343698740005493 0.34843799471855164
vt 0.37343698740005493 0.34843799471855164
vt 0.40392398834228516 0.2148679941892624
vt 0.6814979910850525 0.10775300115346909
vt 0.5960760116577148 0.2148679941892624
vt 0.6814979910850525 0.10775300115346909
vt 0.5960760116577148 0.2148679941892624
vt 0.5960760116577148 0.2148679941892624
vt 0.6814979910850525 0.10775300115346909
vt 0.09607599675655365 0.2148679941892624
vt 0.18149800598621368 0.10775300115346909
vt 0.09607599675655365 0.2148679941892624
vt 0.18149800598621368 0.10775300115346909
vt 0.18149800598621368 0.10775300115346909
vt 0.09607599675655365 0.2148679941892624
vt 0.9039239883422852 0.2148679941892624
vt 0.8185020089149475 0.10775300115346909
vt 0.9039239883422852 0.2148679941892624
vt 0.8185020089149475 0.10775300115346909
vt 0.8185020089149475 0.10775300115346909
vt 0.9039239883422852 0.2148679941892624
vt 0.3185020089149475 0.10775300115346909
vt 0.40392398834228516 0.2148679941892624
vt 0.3185020089149475 0.10775300115346909
vt 0.40392398834228516 0.2148679941892624
vt 0.40392398834228516 0.2148679941892624
vt 0.3185020089149475 0.10775300115346909
vt 0.75 0.4078820049762726
vt 0.8734369874000549 0.34843799471855164
vt 0.75 0.4078820049762726
vt 0.8734369874000549 0.34843799471855164
vt 0.8734369874000549 0.34843799471855164
vt 0.75 0.4078820049762726
vt 0.5960760116577148 0.2148679941892624
vt 0.6265630125999451 0.34843799471855164
vt 0.5960760116577148 0.2148679941892624
vt 0.6265630125999451 0.34843799471855164
vt 0.6265630125999451 0.34843799471855164
vt 0.5960760116577148 0.2148679941892624
vt 0.37343698740005493 0.34843799471855164
vt 0.25 0.4078820049762726
vt 0.37343698740005493 0.34843799471855164
vt 0.25 0.4078820049762726
vt 0.25 0.4078820049762726
vt 0.37343698740005493 0.34843799471855164
vt 0.12656299769878387 0.34843799471855164
vt 0.09607599675655365 0.2148679941892624
vt 0.12656299769878387 0.34843799471855164
vt 0.09607599675655365 0.2148679941892624
vt 0.09607599675655365 0.2148679941892624
vt 0.12656299769878387 0.34843799471855164
vt 0.8185020089149475 0.10775300115346909
vt 0.6814979910850525 0.10775300115346909
vt 0.8185020089149475 0.10775300115346909
vt 0.6814979910850525 0.10775300115346909
vt 0.6814979910850525 0.10775300115346909
vt 0.8185020089149475 0.10775300115346909
vt 0.6265630125999451 0.34843799471855164
vt 0.75 0.4078820049762726
vt 0.6265630125999451 0.34843799471855164
vt 0.75 0.4078820049762726
vt 0.75 0.4078820049762726
vt 0.6265630125999451 0.34843799471855164
vt 0.40392398834228516 0.2148679941892624
vt 0.37343698740005493 0.34843799471855164
vt 0.37343698740005493 0.34843799471855164
vt 0.40392398834228516 0.2148679941892624
vt 0.37343698740005493 0.34843799471855164
vt 0.40392398834228516 0.2148679941892624
vt 0.25 0.4078820049762726
vt 0.12656299769878387 0.34843799471855164
vt 0.12656299769878387 0.34843799471855164
vt 0.25 0.4078820049762726
vt 0.12656299769878387 0.34843799471855164
vt 0.25 0.4078820049762726
vt 0.09607599675655365 0.2148679941892624
vt 0.18149800598621368 0.10775300115346909
vt 0.18149800598621368 0.10775300115346909
vt 0.09607599675655365 0.2148679941892624
vt 0.18149800598621368 0.10775300115346909
vt 0.09607599675655365 0.2148679941892624
vt 0.3185020089149475 0.10775300115346909
vt 0.40392398834228516 0.2148679941892624
vt 0.40392398834228516 0.2148679941892624
vt 0.3185020089149475 0.10775300115346909
vt 0.40392398834228516 0.2148679941892624
vt 0.3185020089149475 0.10775300115346909
vt 0.37343698740005493 0.34843799471855164
vt 0.25 0.4078820049762726
vt 0.25 0.4078820049762726
vt 0.37343698740005493 0.34843799471855164
vt 0.25 0.4078820049762726
vt 0.37343698740005493 0.34843799471855164
vt 0.12656299769878387 0.34843799471855164
vt 0.09607599675655365 0.2148679941892624
vt 0.09607599675655365 0.2148679941892624
vt 0.12656299769878387 0.34843799471855164
vt 0.09607599675655365 0.2148679941892624
vt 0.12656299769878387 0.34843799471855164
vt 0.8734369874000549 0.34843799471855164
vt 0.9039239883422852 0.2148679941892624
vt 0.9039239883422852 0.2148679941892624
vt 0.8734369874000549 0.34843799471855164
vt 0.9039239883422852 0.2148679941892624
vt 0.8734369874000549 0.34843799471855164
vt 0.6265630125999451 0.34843799471855164
vt 0.75 0.4078820049762726
vt 0.75 0.4078820049762726
vt 0.6265630125999451 0.34843799471855164
vt 0.75 0.4078820049762726
vt 0.6265630125999451 0.34843799471855164
vt 0.6814979910850525 0.10775300115346909
vt 0.5960760116577148 0.2148679941892624
vt 0.5960760116577148 0.2148679941892624
vt 0.6814979910850525 0.10775300115346909
vt 0.5960760116577148 0.2148679941892624
vt 0.6814979910850525 0.10775300115346909
vt 0.9039239883422852 0.2148679941892624
vt 0.8185020089149475 0.10775300115346909
vt 0.8185020089149475 0.10775300115346909
vt 0.9039239883422852 0.2148679941892624
vt 0.8185020089149475 0.10775300115346909
vt 0.9039239883422852 0.2148679941892624
vt 0.75 0.4078820049762726
vt 0.8734369874000549 0.34843799471855164
vt 0.8734369874000549 0.34843799471855164
vt 0.75 0.4078820049762726
vt 0.8734369874000549 0.34843799471855164
vt 0.75 0.4078820049762726
vt 0.5960760116577148 0.2148679941892624
vt 0.6265630125999451 0.34843799471855164
vt 0.6265630125999451 0.34843799471855164
vt 0.5960760116577148 0.2148679941892624
vt 0.6265630125999451 0.34843799471855164
vt 0.5960760116577148 0.2148679941892624
vt 0.4376400113105774 0.39963799715042114
vt 0.25017601251602173 0.48991501331329346
vt 0.25 0.4466489851474762
vt 0.4376400113105774 0.39963799715042114
vt 0.25 0.4466489851474762
vt 0.4038490056991577 0.37268999218940735
vt 0.48398301005363464 0.1965949982404709
vt 0.43779799342155457 0.3989430069923401
vt 0.4038490056991577 0.37268999218940735
vt 0.48398301005363464 0.1965949982404709
vt 0.4038490056991577 0.37268999218940735
vt 0.44207999110221863 0.20615899562835693
vt 0.3541319966316223 0.03376699984073639
vt 0.4835579991340637 0.19606199860572815
vt 0.44207999110221863 0.20615899562835693
vt 0.3541319966316223 0.03376699984073639
vt 0.44207999110221863 0.20615899562835693
vt 0.33555400371551514 0.07234500348567963
vt 0.14586800336837769 0.03376699984073639
vt 0.3539550006389618 0.03376699984073639
vt 0.33555400371551514 0.07234500348567963
vt 0.14586800336837769 0.03376699984073639
vt 0.33555400371551514 0.07234500348567963
vt 0.16445299983024597 0.07236000150442123
vt 0.016310999169945717 0.19622699916362762
vt 0.14586800336837769 0.03376699984073639
vt 0.16445299983024597 0.07236000150442123
vt 0.016310999169945717 0.19622699916362762
vt 0.16445299983024597 0.07236000150442123
vt 0.05795799940824509 0.20616799592971802
vt 0.062185000628232956 0.39886999130249023
vt 0.016016999259591103 0.1965949982404709
vt 0.05795799940824509 0.20616799592971802
vt 0.062185000628232956 0.39886999130249023
vt 0.05795799940824509 0.20616799592971802
vt 0.09617800265550613 0.3726690113544464
vt 0.2495640069246292 0.4897899925708771
vt 0.0623599998652935 0.39963799715042114
vt 0.09617800265550613 0.3726690113544464
vt 0.2495640069246292 0.4897899925708771
vt 0.09617800265550613 0.3726690113544464
vt 0.25 0.4466489851474762
vt 1 0.5
vt 0.857142984867096 0.5
vt 0.8689960241317749 0.5
vt 1 0.5
vt 0.8689960241317749 0.5
vt 0.9881470203399658 0.5
vt 0.857142984867096 0.5
vt 0.7142860293388367 0.5
vt 0.7261390089988708 0.5
vt 0.857142984867096 0.5
vt 0.7261390089988708 0.5
vt 0.8452900052070618 0.5
vt 0.7142860293388367 0.5
vt 0.5714290142059326 0.5
vt 0.5832819938659668 0.5
vt 0.7142860293388367 0.5
vt 0.5832819938659668 0.5
vt 0.7024329900741577 0.5
vt 0.5714290142059326 0.5
vt 0.4285709857940674 0.5
vt 0.44042500853538513 0.5
vt 0.5714290142059326 0.5
vt 0.44042500853538513 0.5
vt 0.5595750212669373 0.5
vt 0.4285709857940674 0.5
vt 0.2857140004634857 0.5
vt 0.2975670099258423 0.5
vt 0.4285709857940674 0.5
vt 0.2975670099258423 0.5
vt 0.4167180061340332 0.5
vt 0.2857140004634857 0.5
vt 0.14285700023174286 0.5
vt 0.15470999479293823 0.5
vt 0.2857140004634857 0.5
vt 0.15470999479293823 0.5
vt 0.27386099100112915 0.5
vt 0.14285700023174286 0.5
vt 0 0.5
vt 0.011853000149130821 0.5
vt 0.14285700023174286 0.5
vt 0.011853000149130821 0.5
vt 0.13100400567054749 0.5
vt 0.44207999110221863 0.20615899562835693
vt 0.4038490056991577 0.37268999218940735
vt 0.37343698740005493 0.34843799471855164
vt 0.44207999110221863 0.20615899562835693
vt 0.37343698740005493 0.34843799471855164
vt 0.40392398834228516 0.2148679941892624
vn -0.9677412496626666 -0.11550492591377061 0.22390954823543102
vn -0.9677412496626666 -0.11550492591377061 0.22390954823543102
vn -0.9677412496626666 -0.11550492591377061 0.22390954823543102
vn -0.9676762060776718 -0.11549716262532071 0.22419448168191772
vn -0.9676762060776718 -0.11549716262532071 0.22419448168191772
vn -0.9676762060776718 -0.11549716262532071 0.22419448168191772
vn 0.24309049351515813 0.8712659010421089 0.42638332711755844
vn 0.24309049351515813 0.8712659010421089 0.42638332711755844
vn 0.24309049351515813 0.8712659010421089 0.42638332711755844
vn 0.24258891972161395 0.8712602089045843 0.4266805179614374
vn 0.2497953433308048 0.8721837648326817 0.42059216209118155
vn 0.24258891972161395 0.8712602089045843 0.4266805179614374
vn 0.24349836141658865 0.8711941829917127 0.42629713054258145
vn 0.24040572993988718 0.8757208641549469 0.41870998685938143
vn 0.24349836141658865 0.8711941829917127 0.42629713054258145
vn 0.24279784358210366 0.871292253239485 0.42649620935799804
vn 0.24279784358210366 0.871292253239485 0.42649620935799804
vn 0.24279784358210366 0.871292253239485 0.42649620935799804
vn 0.24298647031363074 0.8711515160849252 0.42667623705505264
vn 0.24298647031363074 0.8711515160849252 0.42667623705505264
vn 0.24298647031363074 0.8711515160849252 0.42667623705505264
vn 0.3125098245652263 -0.3753117890866999 0.8726274523086882
vn 0.3015932918940484 -0.38059152857218276 0.8741805160626726
vn 0.6619850856381899 -0.13969684808133997 0.7363834171331789
vn -0.14630283180590192 -0.4939095511551539 0.8571165829006507
vn 0.28490505420318474 -0.39070693036020876 0.8753154886427998
vn 0.30110890521453254 -0.3804112704551725 0.8744259216830131
vn 0.641775020168273 0.38478501825346306 -0.6633741879329456
vn 0.6325617748935348 0.3875765780041761 -0.6705594657643077
vn 0.8338068000509522 0.06510052883884321 -0.5482044703700386
vn 0.30518150205045064 0.5900642044635407 -0.7474546711453744
vn 0.6180996538384071 0.3924998012300299 -0.6810996431941718
vn 0.6320187857111693 0.3880115265865468 -0.6708198787634103
vn -0.8135709441393738 0.25579087229301006 -0.5221813368014497
vn -0.8135709441393738 0.25579087229301006 -0.5221813368014497
vn -0.8135709441393738 0.25579087229301006 -0.5221813368014497
vn -0.813783005001206 0.25489469234284784 -0.522289112069792
vn -0.813783005001206 0.25489469234284784 -0.522289112069792
vn -0.813783005001206 0.25489469234284784 -0.522289112069792
vn -0.404911817477166 -0.38311117059743593 0.8302242173237302
vn -0.404911817477166 -0.38311117059743593 0.8302242173237302
vn -0.404911817477166 -0.38311117059743593 0.8302242173237302
vn -0.40528237206100054 -0.38328334347052734 0.8299639013322582
vn -0.40528237206100054 -0.38328334347052734 0.8299639013322582
vn -0.40528237206100054 -0.38328334347052734 0.8299639013322582
vn 0.9825595331211426 -0.026898893755369645 0.1839924275276015
vn 0.9825595331211426 -0.026898893755369645 0.1839924275276015
vn 0.9825595331211426 -0.026898893755369645 0.1839924275276015
vn 0.9826163655784761 -0.02680044625960048 0.18370305979387813
vn 0.9826163655784761 -0.02680044625960048 0.18370305979387813
vn 0.9826163655784761 -0.02680044625960048 0.18370305979387813
vn -0.03070140374257597 0.4694214516920002 -0.8824403234778035
vn -0.03070140374257597 0.4694214516920002 -0.8824403234778035
vn -0.03070140374257597 0.4694214516920002 -0.8824403234778035
vn -0.03130084977621105 0.4694127198857641 -0.8824239090214727
vn -0.03130084977621105 0.4694127198857641 -0.8824239090214727
vn -0.03130084977621105 0.4694127198857641 -0.8824239090214727
vn -0.37399304756698665 -0.0499990695542184 0.9260827681234924
vn -0.37399304756698665 -0.0499990695542184 0.9260827681234924
vn -0.37399304756698665 -0.0499990695542184 0.9260827681234924
vn -0.3742856886583719 -0.04999808858990411 0.9259645859334388
vn -0.3742856886583719 -0.04999808858990411 0.9259645859334388
vn -0.3742856886583719 -0.04999808858990411 0.9259645859334388
vn -0.028901247782435538 -0.997043048281749 -0.0712030740183062
vn -0.028901247782435538 -0.997043048281749 -0.0712030740183062
vn -0.028901247782435538 -0.997043048281749 -0.0712030740183062
vn -0.02900116796707209 -0.9970401616102518 -0.07120286786884793
vn -0.02900116796707209 -0.9970401616102518 -0.07120286786884793
vn -0.02900116796707209 -0.9970401616102518 -0.07120286786884793
vn -0.028901247782435538 -0.997043048281749 -0.0712030740183062
vn -0.028901247782435538 -0.997043048281749 -0.0712030740183062
vn -0.028901247782435538 -0.997043048281749 -0.0712030740183062
vn -0.028901247782435538 -0.997043048281749 -0.0712030740183062
vn -0.028901247782435538 -0.997043048281749 -0.0712030740183062
vn -0.028901247782435538 -0.997043048281749 -0.0712030740183062
vn -0.028901247782435538 -0.997043048281749 -0.0712030740183062
vn -0.028901247782435538 -0.997043048281749 -0.0712030740183062
vn -0.028901247782435538 -0.997043048281749 -0.0712030740183062
vn 0.9878668623113429 0.005799805263822183 0.15519479567963593
vn 0.9878509489671121 0.005899707164650691 0.15529229240418616
vn 0.9862720946802175 0.003299906643518926 0.16509532358985807
vn 0.987783973928105 0.008499862539834426 0.1555974716619928
vn 0.9863259303819157 0.005800152460853482 0.16470433293535186
vn 0.9863264975486832 0.005700153278579925 0.16470442764524565
vn -0.0567014788069698 0.07290190025885045 -0.9957259940564731
vn -0.0567014788069698 0.07290190025885045 -0.9957259940564731
vn -0.06540043624918075 0.08050053996958159 -0.9946066790460552
vn -0.06289905321556227 0.06369903982346543 -0.9959850106453182
vn -0.07319791183543123 0.07259792626451635 -0.9946716075192978
vn -0.07319791183543123 0.07259792626451635 -0.9946716075192978
vn -0.9560640776407275 -0.014699448068877467 0.29278901221093545
vn -0.956066869158595 -0.014499497324501098 0.2927898670968977
vn -0.960592123276696 -0.017699854257484313 0.2773977070165376
vn -0.9560606542572332 -0.010299576468896572 0.2929879589774852
vn -0.9608974197941691 -0.012999965243248621 0.2765992580188583
vn -0.9608949022706462 -0.01319992978113146 0.2765985333367808
vn 0.4919941638110339 -0.041899503283886905 0.8695896586324179
vn 0.4919941638110339 -0.041899503283886905 0.8695896586324179
vn 0.4919941638110339 -0.041899503283886905 0.8695896586324179
vn 0.49191835236550147 -0.041901564975151726 0.8696324473354494
vn 0.49191835236550147 -0.041901564975151726 0.8696324473354494
vn 0.49191835236550147 -0.041901564975151726 0.8696324473354494
vn 0.7376427206076599 0.05510319056812418 -0.672938968349837
vn 0.7376386521534469 0.05520288985130681 -0.672935256767923
vn 0.7421976737113092 0.052799833014435776 -0.6680978901112987
vn 0.7373322483201503 0.05690248869306538 -0.6731294543902292
vn 0.7426891877952779 0.05479920368632371 -0.6673903038008082
vn 0.7426891877952779 0.05479920368632371 -0.6673903038008082
vn -0.8205572943855536 0.04129785077690188 -0.5700703589486728
vn -0.8205572943855536 0.04129785077690188 -0.5700703589486728
vn -0.8205572943855536 0.04129785077690188 -0.5700703589486728
vn -0.8206508597078297 0.041302559828596 -0.5699353165161862
vn -0.8206508597078297 0.041302559828596 -0.5699353165161862
vn -0.8206508597078297 0.041302559828596 -0.5699353165161862
vn -0.7884229439255299 0.2982086915638283 -0.5380156482553182
vn -0.7884229439255299 0.2982086915638283 -0.5380156482553182
vn -0.790349133444458 0.3026805217136387 -0.532665701015894
vn -0.7918330521299303 0.2927122026615814 -0.5360223726371919
vn -0.7937863101138375 0.29799486991585805 -0.530190863161267
vn -0.7937863101138375 0.29799486991585805 -0.530190863161267
vn 0.7376987520021869 -0.037299939460842126 -0.6740988546278903
vn 0.7376987520021869 -0.037299939460842126 -0.6740988546278903
vn 0.7356345245410985 -0.03180149458711114 -0.6766317397559901
vn 0.7343396770521011 -0.04110221891938927 -0.6775366014518466
vn 0.7323872676982145 -0.034999391692017906 -0.6799881857023199
vn 0.7323872676982145 -0.034999391692017906 -0.6799881857023199
vn 0.4763939385499166 -0.2619966676079637 0.8392893192905653
vn 0.4763939385499166 -0.2619966676079637 0.8392893192905653
vn 0.4763939385499166 -0.2619966676079637 0.8392893192905653
vn 0.4767057975152104 -0.2620031765492404 0.8391101942495365
vn 0.4767057975152104 -0.2620031765492404 0.8391101942495365
vn 0.4767057975152104 -0.2620031765492404 0.8391101942495365
vn -0.9380048626292242 0.17500089986752906 0.29920154199048693
vn -0.9380048626292242 0.17500089986752906 0.29920154199048693
vn -0.9380048626292242 0.17500089986752906 0.29920154199048693
vn -0.9385767979385768 0.17569564999238435 0.29699264796476255
vn -0.9385767979385768 0.17569564999238435 0.29699264796476255
vn -0.9385767979385768 0.17569564999238435 0.29699264796476255
vn -0.06530210468638681 0.2090067339808311 -0.9757314283521845
vn -0.06530073968112646 0.2091023530479808 -0.9757110327073766
vn -0.05329835929271155 0.20279376021630782 -0.977769899165461
vn -0.06420254581841187 0.21300844933152344 -0.9749386819814949
vn -0.05210082497497893 0.20670327397524954 -0.9770154863485224
vn -0.052101901724248965 0.20660754049367866 -0.9770356779810396
vn 0.9605739466868365 -0.24349338540168305 0.1341963643773635
vn 0.9605739466868365 -0.24349338540168305 0.1341963643773635
vn 0.9605739466868365 -0.24349338540168305 0.1341963643773635
vn 0.9602364100542712 -0.24370923560495197 0.1362051588117558
vn 0.9602364100542712 -0.24370923560495197 0.1362051588117558
vn 0.9602364100542712 -0.24370923560495197 0.1362051588117558
vn -0.3749957503287828 -0.07619913740855137 0.9238895381448726
vn -0.3749957503287828 -0.07619913740855137 0.9238895381448726
vn -0.3749957503287828 -0.07619913740855137 0.9238895381448726
vn -0.3749957503287828 -0.07619913740855137 0.9238895381448726
vn -0.3749957503287828 -0.07619913740855137 0.9238895381448726
vn -0.3749957503287828 -0.07619913740855137 0.9238895381448726
vn -0.36231468270732187 -0.061302481135970165 0.9300376747752033
vn -0.3631172904987396 -0.06100290674898384 0.9297443082423408
vn -0.33610570159576103 -0.05670095849954651 0.9401159283088729
vn -0.38350969322010325 -0.0733018473930856 0.9206232423608386
vn -0.36092060455511643 -0.061703521441576537 0.9305530574068726
vn -0.360293450465085 -0.06189887503071503 0.9307830890287463
vn 0.956300750393328 -0.2707002143679608 0.11050008478864723
vn 0.9560936571332324 -0.27089821755866267 0.11179925989531811
vn 0.9642310668944719 -0.2503080497894384 0.0872028087056639
vn 0.9456787523871615 -0.2978933013892633 0.13019707474005454
vn 0.9559796792412639 -0.271094260323289 0.11229761750606798
vn 0.9561860474102982 -0.27069605667610386 0.11149837504591158
vn -0.0699969803946113 0.21879055404089431 -0.9732579905647397
vn -0.06930342341957925 0.21861079318326326 -0.9733480141275838
vn -0.07890395550377755 0.22461125653858652 -0.9712486546925124
vn -0.06019833864418427 0.2065942996658189 -0.9765730670923042
vn -0.061800805930242925 0.21700282497767195 -0.9742127254034832
vn -0.0626010848179327 0.2172037541772652 -0.9741168478939887
vn -0.9230947345336554 0.20779881679360215 0.3235981502039517
vn -0.9234453249243127 0.20828766191219614 0.3222809050666529
vn -0.9085864877192793 0.21569679920841928 0.35769468146058125
vn -0.9372012405024065 0.18860025137849262 0.29340037488169624
vn -0.9244013082339344 0.20940030088745015 0.3188004631797698
vn -0.9240613665866797 0.20909125548625934 0.3199866210658471
vn 0.48226980750606413 -0.27648266982826447 0.8312479570216693
vn 0.4817023080399195 -0.2764013224070087 0.8316039895290736
vn 0.5032097317159719 -0.26720516357661545 0.8218158957238134
vn 0.4662109686725664 -0.29020682649660723 0.8357196482937059
vn 0.4862063274673492 -0.2772036181687787 0.8287107826044324
vn 0.48659231773094525 -0.2771956304624404 0.8284868730268194
vn 0.7208777313385153 -0.052398381815367816 -0.6910786540209198
vn 0.7216007473892598 -0.052700056615423756 -0.6903007065040515
vn 0.7090889679759363 -0.02979953571060801 -0.704489051132985
vn 0.7268898051801046 -0.07989887795003867 -0.6820904488611129
vn 0.7213976124670219 -0.05289982467933511 -0.6904977141712898
vn 0.721014017523098 -0.05270102517805009 -0.6909134449989985
vn -0.793224009807933 0.329909975780089 -0.5118154727487292
vn -0.7927134487440096 0.32990559657357993 -0.5126087060612692
vn -0.8010989420385484 0.34199954929487203 -0.49119934176138996
vn -0.7885909561016684 0.31079641091557536 -0.5305939077266654
vn -0.7914153965375131 0.3299064082606068 -0.5146099803851036
vn -0.7918235890595613 0.33000983514941534 -0.513915277563813
vn 0.6099159719664873 -0.658817260937423 0.4404115391665921
vn 0.5999851511211568 -0.6576836992133691 0.45548871580220446
vn 0.6009016996430641 -0.6587018586168535 0.4528012906571485
vn 0.6025079959132914 -0.656608688975965 0.45370601100471836
vn 0.5929173849210567 -0.656719294913063 0.46601367184586406
vn 0.6030032203355069 -0.6576035136480194 0.45160240821189995
vn -0.4733902374406175 0.23909506516654302 0.8477825386907437
vn -0.4579788643583711 0.14559328551625775 0.8769594945113476
vn -0.4637819793464295 0.151694106454949 0.8728660685926236
vn -0.45438987315134544 0.14219682311110113 0.8793804106725454
vn -0.41631793926186167 0.04220181770836236 0.9082391645546162
vn -0.4582038734236083 0.14580122455557953 0.8768073980628216
vn -0.596796461109367 0.6641960367737639 -0.4501972997935023
vn -0.596796461109367 0.6641960367737639 -0.4501972997935023
vn -0.596796461109367 0.6641960367737639 -0.4501972997935023
vn -0.5939962808002053 0.6603958585891252 -0.4593971357701918
vn -0.5939962808002053 0.6603958585891252 -0.4593971357701918
vn -0.5939962808002053 0.6603958585891252 -0.4593971357701918
vn 0.5507022592496732 -0.15060061662777582 -0.8210033349071363
vn 0.46959177275500164 -0.13829758099367392 -0.8719847166390665
vn 0.4733688186291862 -0.1413906818875391 -0.8694427161262468
vn 0.46549281507406887 -0.13309794944259884 -0.8749864998779092
vn 0.3855132591587566 -0.1346046232921628 -0.9128313767619781
vn 0.46911795652005417 -0.13770527778561692 -0.8723334221158985
vn -0.10849541530842487 -0.9940580020285801 -0.00879962840124513
vn -0.10849541530842487 -0.9940580020285801 -0.00879962840124513
vn -0.10849541530842487 -0.9940580020285801 -0.00879962840124513
vn -0.10849541530842487 -0.9940580020285801 -0.00879962840124513
vn -0.10849541530842487 -0.9940580020285801 -0.00879962840124513
vn -0.10849541530842487 -0.9940580020285801 -0.00879962840124513
vn -0.2594967641306131 0.27049663448693123 0.9270884532432622
vn -0.2594967641306131 0.27049663448693123 0.9270884532432622
vn -0.2594967641306131 0.27049663448693123 0.9270884532432622
vn 0.13789685836146928 -0.9903774899948131 0.01169973357007415
vn 0 0 1
vn 0.11570376146094977 -0.8309270333283371 0.5442176998848497
vn 0 0 1
vn 0 0 1
vn 0 0 1
vn 0 0 1
vn 0 0 1
vn 0 0 1
vn -0.3125898813105595 0.8064739457588083 -0.5018837922412608
vn -0.3125898813105595 0.8064739457588083 -0.5018837922412608
vn -0.3125898813105595 0.8064739457588083 -0.5018837922412608
vn -0.8049285226681353 0.5017177683438031 0.3168112282154898
vn 0 0 0.9999999999999999
vn -0.587704424839875 0.3663027389157272 0.72140544251237
vn 0.39749912090091294 -0.7742982505365592 0.4923988912447156
vn 0.39749912090091294 -0.7742982505365592 0.4923988912447156
vn -0.24388628163791073 -0.6478635408434193 -0.7216594169514179
vn 0 0 1
vn 0 0 -1
vn 0.9167193497683835 -0.38170806375515404 -0.11800249075559022
vn 0.5299317962228931 -0.18031081118579817 -0.8286496863702401
vn 0.5299317962228931 -0.18031081118579817 -0.8286496863702401
vn 0.925979540506997 -0.1017977530439193 0.3635919526580036
vn 0 0 1
vn 0 0 -1
vn -0.3244939635919453 0.9448824150194741 0.04359919012270107
vn 0.3604894627505542 0.012999620000469994 -0.9326726956042298
vn 0.34980343812707515 0.005100050447362187 -0.9368092357358098
vn 0.349803614781951 0.0050000516910997115 -0.93680970883556
vn 0.36148874847106494 0.0031999003648860887 -0.9323709805471628
vn 0.35098806867278043 -0.004699840021141411 -0.936368136553742
vn 0.3616094053472749 0.003200083049777074 -0.9323241911657473
vn 0.5086237385392367 -0.016000747656498813 -0.8608402108805113
vn 0.4147068549048448 -0.020900345284908133 -0.9097150103531895
vn 0.4185969434836968 -0.02249983698124882 -0.907893361712665
vn 0.4086156230636426 -0.017700676395279464 -0.9125349081780164
vn 0.33351551912705485 -0.04120191826337652 -0.9418438301718757
vn 0.41458719594966476 -0.020799356955516813 -0.9097718635486763
vn -0.926628531547094 0.1074033095067646 -0.36031110672566014
vn -0.9311050942328101 0.10130055419398634 -0.3504019138271098
vn -0.9310032933342868 0.10120035806012395 -0.35070123371498846
vn -0.9284244127126268 0.10000263318392359 -0.35780942306693864
vn -0.9325186777296365 0.09350187552098803 -0.348806988117251
vn -0.9282869377703039 0.09989859160786296 -0.3581949644534345
vn -0.8093013838895193 0.40890068917004485 -0.42170071903041756
vn -0.8307145676002609 0.3991070139427263 -0.38810681338831454
vn -0.8281254922923934 0.3974122130303185 -0.3953121576043745
vn -0.8331244126776333 0.40101173370312754 -0.3809111476879625
vn -0.8495502525337284 0.38707733708434683 -0.3583789942722219
vn -0.8303981753780799 0.398799114134893 -0.38909913504655885
vn -0.3586795738010331 0.005099709661761069 0.9334468149280251
vn -0.35090221926081744 -0.0034000216028352253 0.9364059335410757
vn -0.3509899165136428 -0.003399902264045634 0.9363730662350029
vn -0.36010308857623147 -0.0029000248275751284 0.9329080101777765
vn -0.3524809804138807 -0.011399385360561058 0.9357495457973095
vn -0.36019010570320753 -0.0028999204008279206 0.9328744171726336
vn -0.445600145797295 0.10460003092047096 0.8891003000769181
vn -0.4107829967854123 0.029298787066308903 0.9112622622650622
vn -0.41628905056999144 0.03179916555778941 0.9086760915999514
vn -0.4076161288339043 0.027601092795147684 0.9127361454390723
vn -0.3473993355253909 -0.04779990800424203 0.9364981956583275
vn -0.41110601752675247 0.029400430684573466 0.9111133063614291
vn 0.9275850103890289 -0.09399847513448979 0.36159415810266604
vn 0.9312169094541677 -0.09990181091266072 0.3505063419155199
vn 0.931072988613335 -0.099897100513065 0.3508898106011561
vn 0.92832234665857 -0.10130243718727036 0.35770859217279743
vn 0.9319792310770699 -0.10689761902854271 0.34639228035137026
vn 0.9281756189198803 -0.10129733958401724 0.3580905883095749
vn 0.8121152217294703 -0.38810727588757904 0.4357081695796121
vn 0.8311263003258778 -0.399312651172532 0.38701224724830385
vn 0.8250041959833982 -0.4011020554864498 0.3981020192040373
vn 0.8337563140082465 -0.39857911934991885 0.38207995821506474
vn 0.8483143304181896 -0.40640686994834574 0.33940573487483516
vn 0.8290771338201736 -0.400088952019698 0.3905892172709148
vn -0.48088313040615904 -0.4037858544224728 -0.7782727019876043
vn -0.49469387114400615 -0.41479483706350745 -0.7636905243605002
vn -0.4906009495235305 -0.414100801317098 -0.7667015290679599
vn -0.49668738516234984 -0.41518945941002955 -0.7621806572036546
vn -0.507500906700626 -0.424900760442698 -0.7496013430305867
vn -0.49299649384716404 -0.4145970655028924 -0.7648945877248665
vn 0.7196820337263441 0.386790346604593 -0.5765856381362723
vn 0.7126252750619888 0.32481153806406454 -0.621822066256322
vn 0.7157033838555642 0.32760156459501394 -0.6168029516892682
vn 0.7107011082719562 0.3235005230161334 -0.6247010055292862
vn 0.6821102148096719 0.25750384980261715 -0.684410273293099
vn 0.7123726891089408 0.3246875413183151 -0.6221761425226491
vn 0.47469754979594897 0.4182978403191596 0.7743959923721515
vn 0.4877139925843301 0.4211120848886689 0.7647219582293753
vn 0.4847105314065724 0.4182090776309044 0.7682166804558896
vn 0.49262719258850174 0.42582350597905555 0.758941888999465
vn 0.502015231706508 0.4250129290906365 0.7532228868273048
vn 0.48940403070971256 0.42280348720841454 0.7627063038480084
vn -0.7644903449107462 -0.31399603588547836 0.5629928969236232
vn -0.7131236464715874 -0.32391074740001263 0.6217205904277512
vn -0.7149072728094803 -0.3246033057049056 0.619306293532981
vn -0.7116700234384306 -0.32238641422780273 0.6241736758791447
vn -0.6600099210794071 -0.3445051700586938 0.6676099848561172
vn -0.713331792786022 -0.3240144467688256 0.6214277043114279
vn 0.1418975468049521 -0.9884828890699774 0.052599089598654086
vn 0.1418975468049521 -0.9884828890699774 0.052599089598654086
vn 0.1418975468049521 -0.9884828890699774 0.052599089598654086
vn 0.1418975468049521 -0.9884828890699774 0.052599089598654086
vn 0.1418975468049521 -0.9884828890699774 0.052599089598654086
vn 0.1418975468049521 -0.9884828890699774 0.052599089598654086
vn 0.5226082051046815 0.4622072470742218 -0.7164112818132699
vn 0.5226082051046815 0.4622072470742218 -0.7164112818132699
vn 0.5226082051046815 0.4622072470742218 -0.7164112818132699
vn 0.6640987714878501 0.6974987092796779 -0.2691995027140865
vn 0 0 1
vn 0.5752130564428264 0.604213697904491 0.5514125016376417
vn 0 0 1
vn 0 0 1
vn 0 0 1
vn 0 0 1
vn 0 0 1
vn 0 0 1
vn 0.17720143422000617 0.6998056609244521 0.6920055553595387
vn 0.17720143422000617 0.6998056609244521 0.6920055553595387
vn 0.11080174802401592 0.37170585948464757 0.9217145581250205
vn 0 0 1
vn 0 0 0.9999999999999999
vn 0.14800629683874644 -0.3313140817039845 0.9318396403677653
vn -0.2357109518205535 -0.6566305176112374 -0.7164333259511642
vn -0.2357109518205535 -0.6566305176112374 -0.7164333259511642
vn -0.2357109518205535 -0.6566305176112374 -0.7164333259511642
vn -0.0069002950216717415 0.14880636447415124 -0.9888422785361677
vn 0 0 -1
vn -0.03580065114731104 0.7768141318855256 -0.6287114742712795
vn -0.7878781834623582 -0.3132913499570883 0.5301853431264582
vn -0.7878781834623582 -0.3132913499570883 0.5301853431264582
vn -0.7878781834623582 -0.3132913499570883 0.5301853431264582
vn -0.3532908095371953 -0.2385937904800283 -0.9045764793763573
vn 0 0 1
vn -0.8109344512164379 -0.5478232961507331 0.205608735283404
vn -0.7182889794068974 -0.20029692423543474 0.6662897899596109
vn -0.7025855491571535 -0.21359560082924786 0.6787860232959527
vn -0.7031928624666056 -0.21379783335506877 0.6780931238618335
vn -0.7033893055455929 -0.21379674274912508 0.6778896942969062
vn -0.6867791213818599 -0.22679309901316277 0.6905789807646671
vn -0.7040613242097098 -0.21388824657635533 0.6771628088787528
vn -0.7701669099943534 -0.12349468878222529 0.6257731159072997
vn -0.7443362136843864 -0.1420069121230825 0.6525317141007465
vn -0.7452944353853761 -0.1421989323936811 0.6513951705452619
vn -0.7439148016994166 -0.14200282988430019 0.6530129892409247
vn -0.7210156333994487 -0.16200350957738013 0.6737145681059623
vn -0.7450978253434541 -0.14229957542830032 0.6515980827944332
vn 0.6593091916450662 0.09370130131312689 0.7460103591402443
vn 0.6750037812590514 0.09320051858818663 0.7319040638095102
vn 0.6727972317190238 0.09189961974505458 0.7340969587744746
vn 0.6762589417831834 0.09389430336008125 0.7306556668190662
vn 0.6885209942507744 0.09070276791205667 0.719521958225749
vn 0.6737027788900017 0.09240038405947452 0.7332030651474057
vn 0.6409120137366958 0.15200284061337566 0.7524140662517136
vn 0.6492295148420065 0.14910677911692097 0.7458338993900656
vn 0.6488815242432711 0.14889576902110982 0.7461788106501963
vn 0.6454999784767498 0.1468999923132058 0.749499946661036
vn 0.6523925246134339 0.14339835173798815 0.7441914448227273
vn 0.6450241054473467 0.14680548716141503 0.7499280314344503
vn 0.7135077423283043 0.2242024210444696 -0.6638071828741872
vn 0.7056910527915397 0.21189731515999294 -0.6760914626276203
vn 0.7065066135856126 0.21200198390043906 -0.6752063120129044
vn 0.7008758821002925 0.21159271899247506 -0.6811765697376185
vn 0.694498275578726 0.19909949994882112 -0.6913982458310877
vn 0.7016972248783846 0.2116991784780397 -0.6802973338399152
vn 0.756537910706452 0.17160859721324706 -0.6310315990712494
vn 0.744585864202421 0.14589722672737304 -0.651387664960886
vn 0.7459069656514955 0.14620137138249714 -0.6498060923063556
vn 0.7419162894109775 0.14550319368381967 -0.6545143544143668
vn 0.7240197480205542 0.12080330220209072 -0.6791185218011091
vn 0.743019421029742 0.14570380688357445 -0.6532170700710913
vn -0.6641889270511709 -0.08259861950274888 -0.7429875754269747
vn -0.6750833324862171 -0.09279770376520931 -0.7318818759712582
vn -0.6725886544220293 -0.09269843739752696 -0.7341876474354638
vn -0.675913545000653 -0.09280186093625833 -0.7311146929801217
vn -0.6856129707750364 -0.10250194087046856 -0.7207136785317843
vn -0.6735738599598449 -0.0927963950961062 -0.7332714942202258
vn -0.6435696539894812 -0.1483929996456416 -0.7508645804138242
vn -0.6435696539894812 -0.1483929996456416 -0.7508645804138242
vn -0.6435696539894812 -0.1483929996456416 -0.7508645804138242
vn -0.6504546057900865 -0.1476896899047649 -0.7450480261716672
vn -0.6504546057900865 -0.1476896899047649 -0.7450480261716672
vn -0.6504546057900865 -0.1476896899047649 -0.7450480261716672
vn -0.8604694935186747 -0.43888444518323333 0.25879083156078153
vn -0.8558360748351561 -0.44031856179767676 0.2714114536035249
vn -0.8582643820221778 -0.4408817164440012 0.26268909885543557
vn -0.8517235337691745 -0.4393121351133162 0.2856078954894789
vn -0.8493075345062595 -0.4413039057090197 0.28970256235812586
vn -0.8541722628602546 -0.43988572377056384 0.27729099405325014
vn -0.3275066721317456 0.2367048309884121 -0.9147186467411368
vn -0.3680899514565047 0.17129532358863253 -0.9138751007404751
vn -0.3623931805952749 0.17429672245630823 -0.9155827844597282
vn -0.37148473356860817 0.16989302487100658 -0.9127625391226569
vn -0.4323853392269281 0.10139656758426774 -0.8959696727589295
vn -0.3685957587300981 0.17119803224993332 -0.913689444176704
vn 0.858063339348617 0.4458809445085756 -0.25478910689046474
vn 0.8533481644042517 0.4467728590355121 -0.26868368528276615
vn 0.8561920231576707 0.444295867041122 -0.26369755784108484
vn 0.848111726462237 0.451206243518809 -0.2777038444942545
vn 0.8463084374769241 0.4494044850318217 -0.2860028627280689
vn 0.8511173857949768 0.4487091620389284 -0.27250556599792153
vn 0.29431034379383536 -0.161105667849864 0.9420331126465797
vn 0.36799910151069226 -0.17029959073997944 0.9140977577267755
vn 0.3652892473877418 -0.17089497181104582 0.9150730431788487
vn 0.3699979855781846 -0.16919907977690474 0.9134950257504054
vn 0.4303115858515484 -0.1920051724712209 0.8820237824606671
vn 0.3669957662136932 -0.17089802425661507 0.9143893989359291
vn 0.04609977654207324 -0.9982951383299977 -0.03579982387472858
vn 0.04609977654207324 -0.9982951383299977 -0.03579982387472858
vn 0.04609977654207324 -0.9982951383299977 -0.03579982387472858
vn 0.04609977654207324 -0.9982951383299977 -0.03579982387472858
vn 0.04609977654207324 -0.9982951383299977 -0.03579982387472858
vn 0.04609977654207324 -0.9982951383299977 -0.03579982387472858
vn -0.5299980581386474 0.3177988381800814 -0.7861971488250598
vn -0.5299980581386474 0.3177988381800814 -0.7861971488250598
vn -0.5299980581386474 0.3177988381800814 -0.7861971488250598
vn 0.7999314999604134 0.59942359167997 0.028301114970402226
vn 0 0 0.9999999999999999
vn 0.7948727245712349 0.5957795387726937 0.11499605607366821
vn 0 0 1
vn 0 0 1
vn 0 0 1
vn 0 0 1
vn 0 0 1
vn 0 0 1
vn 0.661378462512286 0.7488755867044093 -0.041998630489712314
vn 0.664375515323827 0.7461725466637749 -0.042798425712825855
vn 0.8975961726348282 0.40389827743229134 -0.17659924223658327
vn -0.001699995390056925 0.001599995599598574 0.9999972750111648
vn 0 0 1
vn 0.40940646272420816 -0.30400479931855273 0.8602135957254676
vn -0.7069308584226078 -0.7024306901216268 0.08270360926301641
vn -0.7069308584226078 -0.7024306901216268 0.08270360926301641
vn -0.7069308584226078 -0.7024306901216268 0.08270360926301641
vn -0.32789237454820697 0.25489408649019324 -0.909678841891724
vn 0 0 -1
vn -0.6311201408226446 0.49061564763477294 -0.6008191526107649
vn 0.2560055633033577 -0.16190350944877543 0.9530206740600651
vn 0.2543032250012162 -0.1703021677397241 0.9520121015077128
vn -0.7000889697786549 -0.4372931039430816 0.564491076668256
vn -0.0051998722808636625 0.004699884480956606 0.9999754359053667
vn 0 0 0.9999999999999999
vn -0.5596022782026521 -0.7607030902811533 0.3289013509657642
vn 0.4004931805702445 -0.03619938549098297 0.9155844127150728
vn 0.4030100556261244 -0.03760093791693761 0.9144228040310427
vn 0.4025159576465816 -0.0377014954819558 0.9146362670910658
vn 0.40682511862484505 -0.03700228494173242 0.9127563496163538
vn 0.40880272568798415 -0.03860025829268151 0.9118060931633509
vn 0.40637838786289787 -0.037098025934356224 0.9129514457788681
vn 0.3386936028807171 0.03399936003464252 0.940282237886537
vn 0.3734112370116874 0.016000482143747864 0.9275279147522025
vn 0.3719994065968136 0.015799973658702584 0.9280984874052983
vn 0.37461562077603083 0.016200676251164326 0.9270386587190385
vn 0.4027931068019492 -0.003499940266098682 0.9152843621142924
vn 0.37299830520782373 0.015899928858108796 0.9276957780298443
vn 0.91440286327967 0.078600244576933 -0.39710125305567506
vn 0.9127061566991866 0.07800052798534342 -0.40110271646725026
vn 0.9133097265789151 0.07760083061125785 -0.39980427014326697
vn 0.9115297781493407 0.07880257657707933 -0.40361320279672125
vn 0.9104790699280447 0.07769821126084928 -0.40619065866884146
vn 0.9121979064135324 0.07829982175764152 -0.40219910174873585
vn 0.9112880263332466 0.16629781308309854 -0.3766950629161934
vn 0.9065678178801532 0.1591943468335599 -0.39088611067707896
vn 0.9067063244787595 0.1591011032115873 -0.3906027139013175
vn 0.9118601274478912 0.15629316198815169 -0.3795833972745134
vn 0.9080334786233789 0.14870548278267334 -0.39161445464831535
vn 0.9120499388870905 0.15630855191903859 -0.37912075328716516
vn -0.4007938209410597 0.040199380043327265 -0.9152859241458909
vn -0.40320984192788256 0.03790092588303116 -0.9143223409660844
vn -0.4028011031617083 0.03790010519636095 -0.9145025168460803
vn -0.4064883341521364 0.03779891323685458 -0.9128737461206416
vn -0.4085223062744682 0.03570195146201868 -0.912049831937923
vn -0.4060801741484307 0.03779815326014493 -0.9130554154999044
vn -0.3516926776685701 0.01589966953679769 -0.9359804810907821
vn -0.37448101685309576 -0.012299375904771138 -0.9271530042927244
vn -0.3726906616816396 -0.012099696571237878 -0.9278767526122127
vn -0.3748938735701753 -0.012399797284616392 -0.9269848049384897
vn -0.4044090550560806 -0.03960088736015753 -0.9137204637682884
vn -0.37351729312727205 -0.012200564969749519 -0.9275429790307802
vn -0.9144755970829059 -0.07729793466486108 0.3971893901357505
vn -0.9126481548472224 -0.0782955516926121 0.4011772077762018
vn -0.9133114087327029 -0.0786009806301702 0.39960500062269155
vn -0.9116180648273348 -0.07780154049367731 0.40360800806881386
vn -0.9103764153773437 -0.07889796028285782 0.40618948064653604
vn -0.912248867064757 -0.0781041893840278 0.4021215489621655
vn -0.9144698327418236 -0.15059503358129198 0.37558762075684915
vn -0.907121098549517 -0.1562036359529109 0.39080907957902966
vn -0.9073654929644687 -0.15609406659966554 0.39028515799313473
vn -0.9113787224627413 -0.1592962769418847 0.3794911334861934
vn -0.9036984249820351 -0.16379971673649435 0.3955993041981159
vn -0.9115339304509615 -0.15930593339434235 0.3791141163580946
vn 0.8234054658952233 -0.5361035156684856 -0.18600123446300054
vn 0.8211393716940147 -0.5354256480267162 -0.197609482791514
vn 0.8234054658952233 -0.5361035156684856 -0.18600123446300054
vn 0.81750533406921 -0.5342035013775938 -0.21520141236597104
vn 0.81750533406921 -0.5342035013775938 -0.21520141236597104
vn 0.8197191128649447 -0.5350124990265916 -0.20450477228962025
vn 0.2888919551741087 0.23459346966310518 0.9281741982123326
vn 0.3221040452895819 0.1667020921511052 0.9319116892069396
vn 0.3165841831297166 0.17029150167294974 0.9331533954554642
vn 0.32690619821042916 0.16400311138424287 0.9307176354984852
vn 0.3801915558958645 0.09039799547428849 0.9204795398267754
vn 0.3241048291604052 0.16560247554966395 0.9314139143295677
vn -0.8200300590393695 0.5445199580089704 0.17620646299667053
vn -0.8158288817019458 0.543119219325064 0.19860702248582687
vn -0.8175301225699797 0.5417199688089217 0.1954072006973519
vn -0.8155597404101705 0.5432731693501207 0.1992901735820662
vn -0.8136317807023886 0.5393210880881715 0.21710847375091336
vn -0.8173886858559003 0.5417925368920825 0.1957973013164525
vn -0.24738983344642732 -0.16559319625101318 -0.9546607584177336
vn -0.3219129408874779 -0.1658066654121264 -0.9321374406138219
vn -0.3191978832959373 -0.16679889636760156 -0.9328937986019327
vn -0.32548528986149405 -0.16319262474521487 -0.9313578760672756
vn -0.38829995094497616 -0.17839997168673521 -0.9040998828659924
vn -0.3225969716260266 -0.16529844138106034 -0.9319912119621668
vn -0.15260433357961226 -0.986327966788028 0.06220176287306751
vn -0.15260433357961226 -0.986327966788028 0.06220176287306751
vn -0.15260433357961226 -0.986327966788028 0.06220176287306751
vn -0.15270200695867844 -0.9863129097268034 0.0622008133149252
vn -0.15270200695867844 -0.9863129097268034 0.0622008133149252
vn -0.15270200695867844 -0.9863129097268034 0.0622008133149252
vn 0.5071969498395553 0.29049823670212127 0.8113951124738243
vn 0.5071969498395553 0.29049823670212127 0.8113951124738243
vn 0.5071969498395553 0.29049823670212127 0.8113951124738243
vn 0.33350558863907803 -0.8099135629314697 -0.4825080755035655
vn 0 0 1
vn 0.2530906269928585 -0.6146772364073296 0.7470723054504225
vn 0 0 1
vn 0 0 1
vn 0 0 1
vn 0 0 1
vn 0 0 1
vn 0 0 1
vn -0.5805799819766514 0.8137718863567428 -0.026499084953632634
vn -0.5805799819766514 0.8137718863567428 -0.026499084953632634
vn -0.5805799819766514 0.8137718863567428 -0.026499084953632634
vn -0.8705755795367427 0.47438671479882527 0.13059634426982492
vn 0 0 1
vn -0.45220232872029287 0.24640127000743425 0.8572044493810491
vn 0.633363348179862 -0.773755211277387 -0.012399282377668689
vn 0.630098348063484 -0.7763979795959446 -0.01349996470379067
vn -0.8292942620527332 -0.5055964856415214 -0.23799836266948513
vn 0.0038999490002012234 0.003299956917963375 0.9999869502559198
vn 0 0 -1
vn 0.8906963687182954 -0.45459816184852053 0.0006999971348616603
vn -0.20799907237195497 -0.16969923638892792 -0.9632956737479003
vn -0.20800819278129368 -0.17170676020365533 -0.9629378901238774
vn 0.9625244183643183 -0.010100256091054933 -0.271006879763828
vn 0.0018999949970573014 0.0012999965585526253 0.9999973500104683
vn 0 0 1
vn -0.29719827477115923 0.9353945970714722 0.19159888632908192
vn -0.33701962563347754 -0.016400954552440786 -0.9413547581160036
vn -0.3509885971567098 -0.024099216355478126 -0.936069566024351
vn -0.3509009001409364 -0.02410006224734918 -0.936102422430342
vn -0.33801314182545866 -0.027601072839516586 -0.9407365713797832
vn -0.35209885513302747 -0.03529988525028869 -0.9352969123841519
vn -0.3379813399777914 -0.02759847600227779 -0.9407480735824912
vn -0.269795778488084 0.034899451432384175 -0.9622849194493943
vn -0.3085022612641636 0.020300150235722497 -0.9510069708973246
vn -0.3070903776160516 0.019999373022123092 -0.9514701913640555
vn -0.3076921570980891 0.019999489247119032 -0.9512757522875157
vn -0.3397976318782815 0.0030999784828872573 -0.9404934659546113
vn -0.3060092565392386 0.019500590644495247 -0.9518287986170718
vn -0.9229240809871457 0.20300528634822299 0.32710853619052543
vn -0.9210439993195796 0.20110961310161413 0.3335159289082209
vn -0.9214819672878319 0.20079606626995708 0.3324934942729828
vn -0.9209058753982279 0.20110129252054573 0.3339021395612632
vn -0.9194731864763334 0.19879420180810303 0.3391901010916104
vn -0.9213564169738863 0.2008904982601065 0.33278425535149453
vn -0.9120970923389355 0.2698991286759727 0.308599018933648
vn -0.9098102795336401 0.26500298187115623 0.3194036237338507
vn -0.9100140131505131 0.2649040704814831 0.31890489069946737
vn -0.9124978140588276 0.263399350542381 0.31299923557688336
vn -0.9109118240443341 0.258103354220208 0.3219041897156693
vn -0.9126739458861666 0.26339247008803274 0.3124910801950989
vn 0.34149620456044644 0.03339962655750504 0.9392895225736467
vn 0.34679215499174615 0.026099409994513732 0.9375788084391196
vn 0.3467032838582625 0.026200247398214315 0.937608863011741
vn 0.3425114152939363 0.026800892310065976 0.9391313233859944
vn 0.3477895670525704 0.01939941937826878 0.9373719003560815
vn 0.34239008694516904 0.0268992209387286 0.9391727531581019
vn 0.2888838820860785 0.01499916343158504 0.9572466389427696
vn 0.30960646973691186 -0.01660034686751292 0.9507198653551555
vn 0.3078043374110572 -0.01610022773010795 0.95131344599873
vn 0.30879527959577424 -0.016499747052513867 0.9509854013845696
vn 0.33690833198123277 -0.04780118350940102 0.940323254363479
vn 0.3075034813217324 -0.016100182614509698 0.9514107383747539
vn 0.9237700074165076 -0.1984935645871 -0.32748935588078626
vn 0.921065467945099 -0.20089246711829126 -0.3335875003866331
vn 0.9214113212847502 -0.20110247531429137 -0.33250409235189243
vn 0.9209888367232915 -0.20089756740881615 -0.3337959407187248
vn 0.9185953832236945 -0.20329897243064263 -0.33889828817620027
vn 0.9213042632211416 -0.2011009385806479 -0.3328015430741451
vn 0.9137273472386153 -0.26290786794930776 -0.3098092766181029
vn 0.9111730571184758 -0.26429217756334966 -0.3160906592422397
vn 0.9115709114914828 -0.2645915673546831 -0.3146899677577588
vn 0.9109106510955647 -0.2641030744054894 -0.31700370945814293
vn 0.9087116463047976 -0.2655034149473405 -0.32210414545814947
vn 0.9112810737640823 -0.2643945131537893 -0.3156934367603358
vn -0.34861343714099047 0.2271087534923306 -0.909335078797637
vn -0.34861343714099047 0.2271087534923306 -0.909335078797637
vn -0.34861343714099047 0.2271087534923306 -0.909335078797637
vn -0.34790330524460383 0.2271021552769462 -0.9096086528108919
vn -0.34790330524460383 0.2271021552769462 -0.9096086528108919
vn -0.34790330524460383 0.2271021552769462 -0.9096086528108919
vn -0.0029001446958592443 0.9749486624033376 0.22241109423472105
vn -0.0029001446958592443 0.9749486624033376 0.22241109423472105
vn -0.0029001446958592443 0.9749486624033376 0.22241109423472105
vn -0.002400089887190334 0.9748364535318687 0.2229083408801528
vn -0.002400089887190334 0.9748364535318687 0.2229083408801528
vn -0.002400089887190334 0.9748364535318687 0.2229083408801528
vn -0.0028999908292251884 0.9749969529634415 0.22219930640124716
vn -0.0028999908292251884 0.9749969529634415 0.22219930640124716
vn -0.0028999908292251884 0.9749969529634415 0.22219930640124716
vn -0.0028000540838136303 0.9750188913644652 0.2221043024786713
vn -0.0028000540838136303 0.9750188913644652 0.2221043024786713
vn -0.0028000540838136303 0.9750188913644652 0.2221043024786713
vn -0.0027000161712332103 0.9749058209728874 0.22260132557075119
vn -0.0027000161712332103 0.9749058209728874 0.22260132557075119
vn -0.0027000161712332103 0.9749058209728874 0.22260132557075119
vn -0.8362755989758964 -0.12789627024003306 0.5331844583408204
vn -0.8362755989758964 -0.12789627024003306 0.5331844583408204
vn -0.8362755989758964 -0.12789627024003306 0.5331844583408204
vn -0.8362755989758964 -0.12789627024003306 0.5331844583408204
vn -0.8362755989758964 -0.12789627024003306 0.5331844583408204
vn -0.8362755989758964 -0.12789627024003306 0.5331844583408204
vn 0.7179513748043038 -0.07109518197298696 0.6924531020342375
vn 0.7179513748043038 -0.07109518197298696 0.6924531020342375
vn 0.7179513748043038 -0.07109518197298696 0.6924531020342375
vn 0.7180010960267378 -0.07110010562029918 0.6924010406442104
vn 0.7180010960267378 -0.07110010562029918 0.6924010406442104
vn 0.7180010960267378 -0.07110010562029918 0.6924010406442104
vn 0.5138986290643778 0.2577993341335333 -0.8181978381577771
vn 0.5138986290643778 0.2577993341335333 -0.8181978381577771
vn 0.5138986290643778 0.2577993341335333 -0.8181978381577771
vn 0.5147886385036246 0.2582942997016613 -0.8174819339956162
vn 0.5147886385036246 0.2582942997016613 -0.8174819339956162
vn 0.5147886385036246 0.2582942997016613 -0.8174819339956162
vn -0.9499306696311438 0.05540178939758623 -0.30750994232003653
vn -0.9499306696311438 0.05540178939758623 -0.30750994232003653
vn -0.9499306696311438 0.05540178939758623 -0.30750994232003653
vn -0.9499853868049373 0.05509915452081686 -0.30739526350964647
vn -0.9499853868049373 0.05509915452081686 -0.30739526350964647
vn -0.9499853868049373 0.05509915452081686 -0.30739526350964647
vn -0.09280324203847022 -0.18400643087744373 0.9785342056683014
vn -0.09280324203847022 -0.18400643087744373 0.9785342056683014
vn -0.09280324203847022 -0.18400643087744373 0.9785342056683014
vn -0.09290238455661987 -0.18400472225319403 0.9785251193159115
vn -0.09290238455661987 -0.18400472225319403 0.9785251193159115
vn -0.09290238455661987 -0.18400472225319403 0.9785251193159115
vn 0.9865269424771768 0.1252034195981625 -0.1053028750203891
vn 0.9865269424771768 0.1252034195981625 -0.1053028750203891
vn 0.9865269424771768 0.1252034195981625 -0.1053028750203891
vn 0.9865685482636202 0.12479602043017499 -0.10539664540109746
vn 0.9865685482636202 0.12479602043017499 -0.10539664540109746
vn 0.9865685482636202 0.12479602043017499 -0.10539664540109746
vn -0.8141980432160737 0.0766998191206158 0.5754986395900352
vn -0.8141980432160737 0.0766998191206158 0.5754986395900352
vn -0.8141980432160737 0.0766998191206158 0.5754986395900352
vn -0.8136205173237285 0.07670193582117087 0.576314555456613
vn -0.8136205173237285 0.07670193582117087 0.576314555456613
vn -0.8136205173237285 0.07670193582117087 0.576314555456613
vn -0.04009857666298721 -0.9991645002643378 -0.007899719053159168
vn -0.04009857666298721 -0.9991645002643378 -0.007899719053159168
vn -0.04009857666298721 -0.9991645002643378 -0.007899719053159168
vn -0.040098608138116526 -0.9991652845523218 -0.007799728896831004
vn -0.040098608138116526 -0.9991652845523218 -0.007799728896831004
vn -0.040098608138116526 -0.9991652845523218 -0.007799728896831004
vn -0.04009857666298721 -0.9991645002643378 -0.007899719053159168
vn -0.04009857666298721 -0.9991645002643378 -0.007899719053159168
vn -0.04009857666298721 -0.9991645002643378 -0.007899719053159168
vn -0.04009857666298721 -0.9991645002643378 -0.007899719053159168
vn -0.04009857666298721 -0.9991645002643378 -0.007899719053159168
vn -0.04009857666298721 -0.9991645002643378 -0.007899719053159168
vn -0.040098608138116526 -0.9991652845523218 -0.007799728896831004
vn -0.040098608138116526 -0.9991652845523218 -0.007799728896831004
vn -0.040098608138116526 -0.9991652845523218 -0.007799728896831004
vn 0.7384258527365282 0.04360152799311463 0.6729235965300943
vn 0.7384258527365282 0.04360152799311463 0.6729235965300943
vn 0.7384258527365282 0.04360152799311463 0.6729235965300943
vn 0.7440068678319969 0.042700393256569324 0.6668061615151408
vn 0.7440068678319969 0.042700393256569324 0.6668061615151408
vn 0.7440068678319969 0.042700393256569324 0.6668061615151408
vn 0.47558273305031856 -0.07499727939743435 -0.8764681808870033
vn 0.4755934120254846 -0.07469896250424661 -0.8764878615467225
vn 0.49329647913093205 -0.07869943829884396 -0.8662938197219652
vn 0.47410328071150143 -0.06970048591077052 -0.8777060564234441
vn 0.4917171117091025 -0.07370256912612022 -0.8676302284710162
vn 0.4917134852918106 -0.0738020225550525 -0.8676238296917413
vn -0.9602851294497042 0.011199825834760443 -0.27879568515139524
vn -0.9602829592736105 0.011399797560575044 -0.27879505509297575
vn -0.9578302021996904 0.008500268747943416 -0.28720906877275504
vn -0.9611978373429275 0.014099968554677047 -0.2754993799884787
vn -0.9588166258584198 0.011200193603430128 -0.28380492180496186
vn -0.9587904826856203 0.0110998893823915 -0.2838971693539298
vn -0.05610134962178923 0.09040217817832662 0.9943239335102158
vn -0.05600115661794325 0.09050186352263676 0.9943205132935671
vn -0.06680223957057306 0.08850296990653662 0.9938333286351785
vn -0.04950217617687318 0.09290408519444744 0.9944437467790406
vn -0.06009725366919125 0.09079585248728503 0.9940545424032466
vn -0.06019743127078128 0.09069613289503914 0.9940575842204942
vn 0.9860725344545735 -0.030499150277951165 -0.16349543916163786
vn 0.9860725344545735 -0.030499150277951165 -0.16349543916163786
vn 0.9860725344545735 -0.030499150277951165 -0.16349543916163786
vn 0.9858477312407158 -0.030701485592488188 -0.16480797793173577
vn 0.9858477312407158 -0.030701485592488188 -0.16480797793173577
vn 0.9858477312407158 -0.030701485592488188 -0.16480797793173577
vn -0.3738919774007756 -0.055998800719461624 -0.9257801702096022
vn -0.3738919774007756 -0.055998800719461624 -0.9257801702096022
vn -0.3738919774007756 -0.055998800719461624 -0.9257801702096022
vn -0.38170015342839825 -0.055800019440975374 -0.922600320129537
vn -0.38170015342839825 -0.055800019440975374 -0.922600320129537
vn -0.38170015342839825 -0.055800019440975374 -0.922600320129537
vn -0.3590139408153821 0.08840343226960551 -0.9291360629440462
vn -0.35950980204987426 0.08860242021077229 -0.928925354031665
vn -0.32949800421973013 0.08419949487372297 -0.9403943376468326
vn -0.38959093652193166 0.09399780790263922 -0.916178647584336
vn -0.3605977789147623 0.08869945144493091 -0.9284942913960798
vn -0.3601860081874244 0.08859656357964794 -0.9286639265244915
vn 0.9871142689038443 0.04620066734709533 -0.1532022142891945
vn 0.9870551336615511 0.046497887310522935 -0.1534930278157147
vn 0.9914106833375486 0.03680039724636614 -0.12550134551742795
vn 0.9830173149449557 0.05710100863989874 -0.1744030771824739
vn 0.9879974296724628 0.046199880695398585 -0.14739962681207117
vn 0.9880356479117292 0.04600166094228459 -0.14720531799565054
vn -0.0767961355007713 -0.09969497487238647 0.9920500317813318
vn -0.07630059964121905 -0.09950077901110009 0.9921077630331165
vn -0.10359643842882849 -0.10589635352694633 0.9889659954996217
vn -0.04810160197411493 -0.09160305467941754 0.9946331566265643
vn -0.07459683752760302 -0.0992957826557022 0.9922578593176633
vn -0.07500126924142657 -0.09940167700214757 0.9922167687664506
vn -0.9549100276807565 0.007400077507792969 -0.2968030961557099
vn -0.9550677877976559 0.007599743807327899 -0.29629000085280394
vn -0.9457731886599987 0.004899861120838355 -0.32479080493895574
vn -0.9632156551945615 0.011000179034014367 -0.2685043717508738
vn -0.9548787744279896 0.00779982619456162 -0.29689339645440943
vn -0.9547572160488697 0.007699654847970777 -0.2972866860756372
vn 0.4934073748267003 0.1052015709305445 -0.8634128745509705
vn 0.4930847648765718 0.10539674965927535 -0.863573355197968
vn 0.5187823829134675 0.09799666579528596 -0.849271153796967
vn 0.47200942939252793 0.11380226942670364 -0.8742174455121976
vn 0.4976234046499374 0.10560496862817657 -0.8609404960539645
vn 0.49782720422334803 0.10540576506236515 -0.8608470824872339
vn 0.7268904301114076 -0.046299393065410095 0.6851909725136691
vn 0.7272377568712873 -0.04610239713097398 0.6848356109020589
vn 0.709929898115544 -0.05360225414256143 0.7022295480200829
vn 0.747688252425151 -0.035699441065313066 0.66308960713696
vn 0.7318989765178286 -0.04539993906512833 0.6798990614091459
vn 0.7316036759711686 -0.04560023072716353 0.6802034109463894
vn -0.8240133303844984 -0.07630123690103721 0.5614090777641731
vn -0.8237381543088591 -0.07620352957737576 0.5618260186354707
vn -0.8323176640112737 -0.07780164869683874 0.5488116340192418
vn -0.8107655051947272 -0.07399685123225887 0.5806752634597497
vn -0.819219744601921 -0.07680185664450037 0.5683137204663641
vn -0.8195045566538118 -0.07680042795180694 0.5679031395317855
vn -0.8355641955689386 -0.04929788653570942 0.5471765651655278
vn -0.8355641955689386 -0.04929788653570942 0.5471765651655278
vn -0.8355641955689386 -0.04929788653570942 0.5471765651655278
vn -0.8311634866257692 -0.049997804101736466 0.5537756568188053
vn -0.8311634866257692 -0.049997804101736466 0.5537756568188053
vn -0.8311634866257692 -0.049997804101736466 0.5537756568188053
vn 0.7212076507601735 0.004000042682734138 0.6927073871004468
vn 0.7212076507601735 0.004000042682734138 0.6927073871004468
vn 0.7212076507601735 0.004000042682734138 0.6927073871004468
vn 0.7192460607388607 0.003900249585674936 0.694744479765619
vn 0.7192460607388607 0.003900249585674936 0.694744479765619
vn 0.7192460607388607 0.003900249585674936 0.694744479765619
vn 0.5121101509507566 0.11770234045723257 -0.8508168735656827
vn 0.5121101509507566 0.11770234045723257 -0.8508168735656827
vn 0.5121101509507566 0.11770234045723257 -0.8508168735656827
vn 0.5067766046237179 0.1172945823532322 -0.8540605680843935
vn 0.5067766046237179 0.1172945823532322 -0.8540605680843935
vn 0.5067766046237179 0.1172945823532322 -0.8540605680843935
vn -0.949174848424343 0.01499960260226077 -0.314391665030102
vn -0.949174848424343 0.01499960260226077 -0.314391665030102
vn -0.950772069170574 0.01759948285464484 -0.3093909027239719
vn -0.9495475900604912 0.011400571281694943 -0.31341570028440524
vn -0.950824814535887 0.01410036822829151 -0.3094080666023796
vn -0.950824814535887 0.01410036822829151 -0.3094080666023796
vn -0.09230304052531675 -0.05460180029966933 0.9942327655603677
vn -0.09230304052531675 -0.05460180029966933 0.9942327655603677
vn -0.09230304052531675 -0.05460180029966933 0.9942327655603677
vn -0.09209557789334935 -0.05459737769733844 0.9942522471088835
vn -0.09209557789334935 -0.05459737769733844 0.9942522471088835
vn -0.09209557789334935 -0.05459737769733844 0.9942522471088835
vn 0.9873598847088544 0.080896712188583 -0.13629446072674806
vn 0.9872714327620847 0.08129764722558895 -0.13669605190891265
vn 0.9891992826615281 0.07799994536187448 -0.12409991017507939
vn 0.9857543172419538 0.08489606246945874 -0.14519326642799718
vn 0.9877684906019256 0.08139740284322619 -0.13299575852022968
vn 0.9878108067415976 0.08120089179676118 -0.13280145050384423
vn -0.34800872394813914 0.0883022132681886 -0.9333234418934988
vn -0.34800872394813914 0.0883022132681886 -0.9333234418934988
vn -0.34800872394813914 0.0883022132681886 -0.9333234418934988
vn -0.342197814925739 0.08909943143785068 -0.9353940061693263
vn -0.342197814925739 0.08909943143785068 -0.9353940061693263
vn -0.342197814925739 0.08909943143785068 -0.9353940061693263
vn 0.0061000349628623175 -0.43480249949652583 -0.9005051782222162
vn 0.011400528246525996 -0.4346201265247679 -0.9005417111801625
vn 0.01009973046115295 -0.43478841241955996 -0.9004760029397179
vn 0.013299683650891311 -0.43448968184365105 -0.9005786111085412
vn 0.01740005882338002 -0.4345014716132164 -0.9005030311547497
vn 0.012099934838458398 -0.43469767359364864 -0.9004951549837316
vn 0.9934640667435843 0.11279592295769535 -0.017499367229153247
vn 0.9945598753030201 0.10119591698969713 -0.024699004470942525
vn 0.9945401552780005 0.10160410301115026 -0.023800961974462857
vn 0.9946246074399986 0.09940245824372827 -0.029000716714116942
vn 0.995426712936955 0.08790235572948148 -0.03740100304453062
vn 0.9946176599129377 0.09970176686517948 -0.02820050129471161
vn -0.008700439723188687 0.4361220417352083 0.8998454684340729
vn -0.008700439723188687 0.4361220417352083 0.8998454684340729
vn -0.008700439723188687 0.4361220417352083 0.8998454684340729
vn -0.015199839808610309 0.4341954055272811 0.9006904655256389
vn -0.015199839808610309 0.4341954055272811 0.9006904655256389
vn -0.015199839808610309 0.4341954055272811 0.9006904655256389
vn -0.9950687459068647 -0.09839690409883199 0.012499607318019683
vn -0.9946605428944203 -0.10069600245992513 0.022599103910721913
vn -0.994644874039976 -0.10100456060543217 0.021900988171857604
vn -0.9948350483351293 -0.09730343129730207 0.028901018352511427
vn -0.9942333473606528 -0.10020335920803665 0.038201280076152914
vn -0.9948161307842857 -0.09770158681595126 0.028200458596060983
vn 0.018100249001753645 -0.9727133319164993 0.23130316664061618
vn 0.018100249001753645 -0.9727133319164993 0.23130316664061618
vn 0.018100249001753645 -0.9727133319164993 0.23130316664061618
vn 0.018100249001753645 -0.9727133319164993 0.23130316664061618
vn 0.018100249001753645 -0.9727133319164993 0.23130316664061618
vn 0.018100249001753645 -0.9727133319164993 0.23130316664061618
vn 0.9178497695216811 0.31088298050369567 -0.246786492787056
vn 0.9178497695216811 0.31088298050369567 -0.246786492787056
vn 0.9178497695216811 0.31088298050369567 -0.246786492787056
vn 0.7223020460129601 0.1292003638124577 -0.6794019578395549
vn 0 0 1
vn 0.7327976839080061 0.13109958336710542 0.6676978760637428
vn 0 0 1
vn 0 0 1
vn 0 0 1
vn 0 0 1
vn 0 0 1
vn 0 0 1
vn -0.06380133180488039 0.5783120742008193 0.813316995330523
vn -0.06380133180488039 0.5783120742008193 0.813316995330523
vn -0.2352993366483298 0.12769963856024832 0.9634972882600336
vn 0 0 1
vn 0 0 1
vn 0.060801835739991705 -0.3990120293480327 0.914927613096365
vn 0.039899622721971555 -0.518095109545843 -0.8543918758809245
vn 0.039899622721971555 -0.518095109545843 -0.8543918758809245
vn -0.7005120103856426 -0.6343108585091953 0.32700559335092866
vn 0 0 1
vn 0 0 -1
vn 0.7089998662467567 0.6442998702305389 0.2866999596843219
vn -0.9968156900202055 -0.07880124016329801 -0.012200191730776801
vn -0.9968156900202055 -0.07880124016329801 -0.012200191730776801
vn -0.9968156900202055 -0.07880124016329801 -0.012200191730776801
vn -0.259593552369162 0.025699359542017818 -0.965375952925848
vn 0 0 1
vn -0.9070718202547595 0.0897972083241028 0.41128721628190035
vn -0.9990676856540617 -0.02919905539829545 0.03179897239982095
vn -0.9990676856540617 -0.02919905539829545 0.03179897239982095
vn -0.9990676856540617 -0.02919905539829545 0.03179897239982095
vn -0.9988563010145411 -0.02649884048741293 0.039798258459017286
vn -0.9988563010145411 -0.02649884048741293 0.039798258459017286
vn -0.9988563010145411 -0.02649884048741293 0.039798258459017286
vn -0.999450023775942 0.007500375088476734 -0.03230161525064812
vn -0.9999915001081946 -0.003799967764485588 0.0015999863597540552
vn -0.9999915151079128 -0.00409996523205884 0.00039999659593840096
vn -0.9999906401313612 -0.00359996624263366 0.002399977650308083
vn -0.9993577631230919 -0.016899284667176332 0.03159866236643308
vn -0.9999911901163537 -0.00409996389959344 0.0008999920556448998
vn 0.02010004078390414 0.2585005422184797 0.9658019766148946
vn 0.03179991357883804 0.2546992979750482 0.9664973011381852
vn 0.03120129694154057 0.25461057874259463 0.9665401865734953
vn 0.025299059946044113 0.2528906089331223 0.9671640488972288
vn 0.035700776533007156 0.2487053967937876 0.9679210092567393
vn 0.024700078347527993 0.25280078063694567 0.9672030145936151
vn 0.01549954305987197 0.3032910569470382 0.9527719028922313
vn 0.01549954305987197 0.3032910569470382 0.9527719028922313
vn 0.01549954305987197 0.3032910569470382 0.9527719028922313
vn 0.02010061566521275 0.3044093301442585 0.9523292103947055
vn 0.02010061566521275 0.3044093301442585 0.9523292103947055
vn 0.02010061566521275 0.3044093301442585 0.9523292103947055
vn 0.9990647635880064 0.029298966297474093 -0.03179887939441283
vn 0.9990647635880064 0.029298966297474093 -0.03179887939441283
vn 0.9990647635880064 0.029298966297474093 -0.03179887939441283
vn 0.9988211302764683 0.027500582191022718 -0.04000084614596592
vn 0.9988211302764683 0.027500582191022718 -0.04000084614596592
vn 0.9988211302764683 0.027500582191022718 -0.04000084614596592
vn 0.9993562042341152 0.03249857395219769 0.01519933386220943
vn 0.9999733610653093 0.007199808075993884 -0.0011999680902737943
vn 0.9999694014061016 0.007799761119377578 0.0005999816693412597
vn 0.9999662717073553 0.0060997941396996646 -0.005499814464589137
vn 0.9994122128922069 -0.019200235162841226 -0.028400346680868556
vn 0.9999704713070129 0.006499808197602075 -0.004099878952474726
vn -0.020800172125201917 -0.24850206013392412 -0.968408012641757
vn -0.03180053537032064 -0.2531042540473895 -0.9669162127781681
vn -0.031201112327038604 -0.2531090380355884 -0.9669344887086482
vn -0.02509871453586391 -0.25448696572478513 -0.9667504532219469
vn -0.03600114588874297 -0.2589082387388114 -0.9652307710635132
vn -0.02459904474786358 -0.2544901274667057 -0.9667624641138445
vn -0.01539969857477521 -0.30389405682491893 -0.9525813621472442
vn -0.01539969857477521 -0.30389405682491893 -0.9525813621472442
vn -0.01539969857477521 -0.30389405682491893 -0.9525813621472442
vn -0.020200158433363362 -0.3029023740194466 -0.9528074860183721
vn -0.020200158433363362 -0.3029023740194466 -0.9528074860183721
vn -0.020200158433363362 -0.3029023740194466 -0.9528074860183721
vn 0.03159915621850358 -0.737980305280822 0.6740820145530534
vn 0.01709962305160756 -0.7370837241894775 0.6755850697184355
vn 0.020200231492923576 -0.7378084860571641 0.6747077801164498
vn 0.01680042876256131 -0.7364188285520865 0.6763172735834613
vn 0.0052001241692097916 -0.7363175714855006 0.6766161338826615
vn 0.019100176424681245 -0.7371068437981054 0.6755062428183336
vn -0.9497170131262396 0.24320436137429044 0.19720353340419094
vn -0.9651717931280697 0.14539575240038766 0.2174936434332547
vn -0.9655100318085245 0.15240158581272734 0.21110219117495693
vn -0.9649186550608286 0.14220273990802512 0.2207042588584376
vn -0.965474921120722 0.035299084688484805 0.2580932996168072
vn -0.9652336436870653 0.14630510141262124 0.21660754925725417
vn -0.02259964284726608 0.7432882503442364 -0.6685894353363505
vn -0.012299196426865769 0.7408516006337841 -0.6715561298995145
vn -0.013899925996944507 0.7406960805755708 -0.6716964405721285
vn -0.012500039380656972 0.7418023361563385 -0.6705020828367954
vn -0.003800142385289234 0.7394277218951153 -0.6732252245800446
vn -0.014299903225451131 0.7415949622933747 -0.6706954783423181
vn 0.9805814187197621 -0.1626969145358779 -0.1094979235512896
vn 0.9689164962663077 -0.1395023785442638 -0.2043034743794511
vn 0.9692514687727398 -0.14309283281540697 -0.20018998845783614
vn 0.9687601962487072 -0.13429447456602905 -0.20849142971642773
vn 0.9470493472456178 -0.12580655040873778 -0.2954153783334627
vn 0.9688903982258561 -0.13939862030896918 -0.20449797280583937
vn -0.08410396864922025 -0.9766460702228148 -0.1977093219243432
vn -0.08410396864922025 -0.9766460702228148 -0.1977093219243432
vn -0.08410396864922025 -0.9766460702228148 -0.1977093219243432
vn -0.08410396864922025 -0.9766460702228148 -0.1977093219243432
vn -0.08410396864922025 -0.9766460702228148 -0.1977093219243432
vn -0.08410396864922025 -0.9766460702228148 -0.1977093219243432
vn -0.8740600084688511 0.24878860318626297 0.4172808796483009
vn -0.8772254412934013 0.23890693257071272 0.41641205880383725
vn -0.8711076964962532 -0.20920184112474957 -0.44430391712768713
vn 0.003499963953591566 0.0028999700065833966 0.9999896701597896
vn 0 0 1
vn 0.4714109967287965 -0.8422196409268514 0.26160609434836957
vn 0 0 1
vn 0 0 1
vn 0 0 1
vn 0 0 1
vn 0 0 1
vn 0 0 1
vn 0.20410799425903906 0.8599336875105177 -0.46781831918397077
vn 0.20410799425903906 0.8599336875105177 -0.46781831918397077
vn 0.20410799425903906 0.8599336875105177 -0.46781831918397077
vn -0.42119517891747393 0.05179940762096369 0.9054896148641322
vn 0 0 1
vn -0.6964606682438449 0.08569515790339431 0.7124597374597735
vn -0.14260489239141197 -0.8355286672139142 0.5306182157915182
vn -0.14260489239141197 -0.8355286672139142 0.5306182157915182
vn -0.14260489239141197 -0.8355286672139142 0.5306182157915182
vn 0.5192752389772731 0.6252701942030383 -0.5825722362303157
vn 0 0 -1
vn 0.39050267990866394 0.47030320563067574 -0.7914054281830912
vn 0.9725097349171827 -0.19030190250276757 -0.13420134647289597
vn 0.970393105678601 -0.19939858114023276 -0.1362990326110264
vn 0.34109108637306207 -0.48178738923424697 0.807178903571998
vn 0.00129999416657807 0.002699987947116268 0.9999955100300462
vn 0 0 -1
vn -0.8721782667276776 0.4773881024425009 -0.10679733467766132
vn 0.9507260847829512 0.051001399159435606 -0.3058083860803371
vn 0.947740890712243 0.045497162410447496 -0.31578032282674234
vn 0.9478050379953418 0.045400243357986064 -0.31560169177886893
vn 0.950733989332102 0.043001539469337255 -0.30701099187477554
vn 0.9478158044706143 0.03750062756488749 -0.3166052806381503
vn 0.9507727861867078 0.042998770640243426 -0.30689120999173697
vn 0.9880636488387117 -0.021099223465130153 -0.15259439246807016
vn 0.9659671091619652 -0.013899526101705346 -0.25829120618291307
vn 0.9670165096087684 -0.01610027533866464 -0.25420434944763215
vn 0.9645198471231153 -0.01040021392767725 -0.2638054208234942
vn 0.9385977576848072 -0.025099940139298935 -0.34409917505576104
vn 0.9660929718356659 -0.014299896226306778 -0.2577981433944939
vn -0.30779477462627247 0.20779647659681758 -0.928484249207659
vn -0.31678770667744927 0.2027921371839352 -0.926564028005844
vn -0.31640487544601026 0.20270313284824437 -0.9267143004872115
vn -0.31139508336768296 0.2018968199932088 -0.9285853628671213
vn -0.31921461146362556 0.19670900510513473 -0.9270423933880666
vn -0.31089200221499136 0.20179481065482735 -0.9287760856910218
vn -0.1790958466752618 0.5075882188841209 -0.8427804445724383
vn -0.21770220699923856 0.49900506114462884 -0.8388084990149456
vn -0.21040684574348753 0.49721618899911557 -0.8417274028220014
vn -0.2257947004555872 0.5009882448546971 -0.8354804197368015
vn -0.2526038297866542 0.48830737153600856 -0.835312645708605
vn -0.21758868488310462 0.4989740584492854 -0.838856396056852
vn -0.9503956925631372 -0.03289985292141095 0.3092986052913662
vn -0.947259982260563 -0.04359815782585686 0.31748657710509504
vn -0.9472900479470588 -0.04359954161549174 0.3173966682739093
vn -0.9511121514274037 -0.041800534178395576 0.3060039064285559
vn -0.947933430072238 -0.05250185005824513 0.3141110757231318
vn -0.9511507826068675 -0.04179783657143843 0.30588417677985696
vn -0.9676562741395844 0.10299534554123752 0.23028958707492278
vn -0.9644333145883702 0.022000760006996575 0.26340908919626166
vn -0.9658740830095406 0.025099326618841965 0.25779309450363497
vn -0.9638153644785514 0.02020032095894459 0.26580423290127
vn -0.9453429726989443 -0.06360289607466409 0.31981453309635355
vn -0.9647223625227344 0.02250052284479223 0.26230609928147863
vn 0.30730817471943667 -0.19780525647856417 0.9308247774205721
vn 0.31671589191091654 -0.20161010917412284 0.926846485503328
vn 0.3162072662014631 -0.20160464055295685 0.9270213232223465
vn 0.31138989282906715 -0.2028934242251008 0.9283698578961486
vn 0.32108747874766896 -0.2064919435688064 0.9242639818972944
vn 0.310903103506871 -0.2030020187972875 0.9285092571396484
vn 0.17170607140798586 -0.49141737742847147 0.8538301858115341
vn 0.21729981557387598 -0.4996995907631609 0.8384993197031761
vn 0.203894436146422 -0.5016863076526993 0.8406770531079898
vn 0.22760677825998293 -0.49791485189594387 0.8368249247910529
vn 0.26400621365106247 -0.5039118543136976 0.8224193347895953
vn 0.21709104680224997 -0.49967941504949304 0.8385654175877393
vn 0.39029444617469344 -0.5402923155095588 0.7454894091041862
vn 0.4052087035527673 -0.5462117034096808 0.7331157354902297
vn 0.3999796547096181 -0.5463722107770045 0.7358625436241631
vn 0.41039418291462304 -0.5459922604594853 0.7303896673339377
vn 0.42100610575577646 -0.5514079977659075 0.7202104407158708
vn 0.40568593159191607 -0.5461810393933247 0.7328746121374561
vn -0.8163505543212536 0.23801475238860662 0.5262326007620323
vn -0.8119483587830457 0.16788932284350191 0.5590644309421489
vn -0.8145162280546752 0.17150341975604658 0.5542110529821342
vn -0.8106278493643392 0.1664057209151861 0.5614192959648282
vn -0.786625860858174 0.09010296073532185 0.6108201138599364
vn -0.8119800921544588 0.16799588370450808 0.5589863263114563
vn -0.3860979479264991 0.5516970720901588 -0.7392960944399019
vn -0.3993129273817422 0.5525178843154105 -0.7316236556710327
vn -0.39540306521480884 0.5503042852487624 -0.7354057449160852
vn -0.4063008850217804 0.5564012016635566 -0.7248015546464207
vn -0.41499949878967846 0.5543993683771715 -0.7213991657517416
vn -0.40209870519713303 0.5540981971606894 -0.7288976740133438
vn 0.8542088583288289 -0.16810174159034288 -0.4920051126023513
vn 0.8126289508786254 -0.1674059630988374 -0.5582198775687367
vn 0.814039927032975 -0.16850826902146498 -0.5558272757498846
vn 0.8111103703133503 -0.16510210299053552 -0.5611071758213775
vn 0.7679165945337167 -0.17940387619720832 -0.6149132890458263
vn 0.8124860535356269 -0.16719712912621795 -0.5584904053088584
vn -0.10920278260331441 -0.9840250943132843 -0.1406035775982424
vn -0.10920278260331441 -0.9840250943132843 -0.1406035775982424
vn -0.10920278260331441 -0.9840250943132843 -0.1406035775982424
vn -0.10910396932018557 -0.984035835852119 -0.1406051124155939
vn -0.10910396932018557 -0.984035835852119 -0.1406051124155939
vn -0.10910396932018557 -0.984035835852119 -0.1406051124155939
vn -0.6462040808494193 0.28930182112469616 0.7062044620274581
vn -0.6462040808494193 0.28930182112469616 0.7062044620274581
vn -0.9749635391153021 -0.20919216649025013 0.07539718081520187
vn 0 0 1
vn 0 0 1
vn 0.23149941844805327 -0.8276979404671199 0.5111987271156897
vn 0 0 1
vn 0 0 1
vn 0 0 1
vn 0 0 1
vn 0 0 1
vn 0 0 1
vn -0.12030617074435904 0.8204420653941168 -0.5589286561026059
vn -0.12030617074435904 0.8204420653941168 -0.5589286561026059
vn -0.16060508376547158 0.4009126802884142 -0.9019285059541281
vn 0 0 1
vn 0 0 1
vn -0.5815160904846932 -0.14100390568786778 0.8012221508970935
vn 0.17209585041826234 -0.7812812034599957 0.59998558265088
vn 0.17209585041826234 -0.7812812034599957 0.59998558265088
vn 0.17209585041826234 -0.7812812034599957 0.59998558265088
vn 0.644284363932534 -0.11239727781524841 -0.7564816655622078
vn 0 0 -1
vn 0.8431616143809594 -0.14699330301957403 -0.5171764311160069
vn 0.8727416708054724 -0.17320827129891242 -0.4564218123548818
vn 0.8727416708054724 -0.17320827129891242 -0.4564218123548818
vn 0.6783038960252654 -0.2534014448087525 0.6897039454764504
vn 0 0 1
vn 0 0 -1
vn -0.6468732570907775 0.7622685030738805 0.022399073245881893
vn 0.8163920630938596 -0.028499723238899228 -0.5767943871889337
vn 0.8163920630938596 -0.028499723238899228 -0.5767943871889337
vn 0.8163920630938596 -0.028499723238899228 -0.5767943871889337
vn 0.8116915285575571 -0.026299725981262182 -0.5834939475960372
vn 0.8116915285575571 -0.026299725981262182 -0.5834939475960372
vn 0.8116915285575571 -0.026299725981262182 -0.5834939475960372
vn 0.8564938603649194 0.02979978502573672 -0.5152962642690297
vn 0.8375260687018995 0.017500545291855893 -0.5461170343060442
vn 0.8383941364646109 0.017099881032993855 -0.5447961692325093
vn 0.8350115940478692 0.01890026247276425 -0.5499076448678426
vn 0.8180814767528958 0.004199904880070584 -0.5750870005423524
vn 0.836087026818799 0.01829971701804445 -0.5482915318900708
vn -0.559275591973124 0.2121907383454395 -0.8013650246819665
vn -0.559275591973124 0.2121907383454395 -0.8013650246819665
vn -0.559275591973124 0.2121907383454395 -0.8013650246819665
vn -0.5660851206352031 0.21439435762745168 -0.7959790798839751
vn -0.5660851206352031 0.21439435762745168 -0.7959790798839751
vn -0.5660851206352031 0.21439435762745168 -0.7959790798839751
vn -0.536989833292879 0.2807946982623823 -0.7954849190071573
vn -0.5441004429476765 0.2775002363450237 -0.7918006862920732
vn -0.5436062306294489 0.2773031669181581 -0.7922090757104482
vn -0.5418090964684856 0.27680464261579363 -0.7936133144109578
vn -0.5478908614683036 0.27289542306343395 -0.7907867550677298
vn -0.5412280314596752 0.2767143308313241 -0.7940411809691343
vn -0.8163092706095149 0.028600325530160352 0.5769065748425222
vn -0.8163092706095149 0.028600325530160352 0.5769065748425222
vn -0.8163092706095149 0.028600325530160352 0.5769065748425222
vn -0.8115905380004618 0.02719968226311466 0.5835931595837175
vn -0.8115905380004618 0.02719968226311466 0.5835931595837175
vn -0.8115905380004618 0.02719968226311466 0.5835931595837175
vn -0.8471416886068215 0.01600078780569904 0.5311261001061612
vn -0.8360957124552952 -0.014299926895086683 0.5483971842603386
vn -0.8371347048694974 -0.013800571489215457 0.5468226679003264
vn -0.8352543364702969 -0.014599201707728103 0.5496699525324823
vn -0.8186828378998533 -0.044899058021043256 0.572487978491309
vn -0.8360969038800398 -0.014199947810339373 0.5483979657186876
vn 0.5588966213520147 -0.21419871057056789 0.8010951747646524
vn 0.5588966213520147 -0.21419871057056789 0.8010951747646524
vn 0.5588966213520147 -0.21419871057056789 0.8010951747646524
vn 0.5663274130597418 -0.21241029538830625 0.7963385760027661
vn 0.5663274130597418 -0.21241029538830625 0.7963385760027661
vn 0.5663274130597418 -0.21241029538830625 0.7963385760027661
vn 0.5367049267720596 -0.2741025165360884 0.7980072881917692
vn 0.5441621967785183 -0.27668076728188684 0.7920449839582872
vn 0.5432978469826493 -0.27679892346091806 0.7925968744796402
vn 0.5419892656995211 -0.27739449527687493 0.7932842680001803
vn 0.5489867202500803 -0.27959321855458247 0.7876809081902072
vn 0.5411940001308929 -0.2774969362908041 0.7937912222817411
vn 0.5038949888661697 -0.4336956895685778 -0.7469925629115718
vn 0.48581124304365786 -0.44021019047944493 -0.7551174904148537
vn 0.4904886292469039 -0.44038979226727737 -0.7519825366631047
vn 0.4814831869843364 -0.43988465061465887 -0.7580735022443577
vn 0.4672066811801449 -0.44600637727018994 -0.7634109171966009
vn 0.48579593109195857 -0.44009632984152114 -0.7551937061406959
vn 0.8341778059800782 0.23739367226148528 0.49778673383334504
vn 0.8652389702861789 0.1712077217208916 0.4712212222738432
vn 0.8619887840750884 0.17409773369282688 0.4760938092978862
vn 0.8664054584978803 0.17030107911662143 0.46940294410750366
vn 0.9033934811203181 0.10079927232815872 0.4167969829154561
vn 0.8648742691978668 0.17149489664641365 0.4717859672602522
vn -0.5007817063893626 0.4460836890176789 0.7417728931001298
vn -0.4880062717265098 0.44680573072248964 0.7498096543451105
vn -0.49319228020697087 0.4444930380706875 0.7477882814346176
vn -0.47867468814590436 0.45107612805089636 0.7532601606556879
vn -0.47169267964083794 0.44899302080476794 0.7588881888933674
vn -0.4842016794838497 0.44860154947831027 0.7512026247229694
vn -0.8260038821386523 -0.16160075806477928 -0.5400025756278982
vn -0.8648588732943396 -0.17049188932710058 -0.472177556601032
vn -0.8633274494532741 -0.1712054456193029 -0.47471508340350876
vn -0.8665286932465401 -0.16880558211085062 -0.46971555140176097
vn -0.8927313981375951 -0.19140673481695533 -0.4079143447416458
vn -0.8647519767653858 -0.17049053197319444 -0.47237378969186583
vn -0.012799971698490528 -0.9982978338488171 0.056899873965391985
vn -0.012799971698490528 -0.9982978338488171 0.056899873965391985
vn -0.012799971698490528 -0.9982978338488171 0.056899873965391985
vn -0.012799971698490528 -0.9982978338488171 0.056899873965391985
vn -0.012799971698490528 -0.9982978338488171 0.056899873965391985
vn -0.012799971698490528 -0.9982978338488171 0.056899873965391985
vn 0.9088353016259328 0.3178123280331797 0.2702105080647868
vn 0.9088353016259328 0.3178123280331797 0.2702105080647868
vn 0.9088353016259328 0.3178123280331797 0.2702105080647868
vn 0.6497995784775026 -0.1944998723426895 -0.734799501543882
vn 0 0 1
vn 0.5987968719329047 -0.17919905643281964 0.7805959289779545
vn 0 0 1
vn 0 0 1
vn 0 0 1
vn 0 0 1
vn 0 0 1
vn 0 0 1
vn -0.48398923309161496 0.7488833405500404 0.45268992091497084
vn -0.48398923309161496 0.7488833405500404 0.45268992091497084
vn -0.8243466961314435 0.40707366604335504 0.3933745733918202
vn 0 0 1
vn 0 0 1
vn -0.2381996963917272 -0.22789971371763768 0.9440988428794455
vn 0.49330435169435694 -0.7024062379646058 -0.5131045638735051
vn 0.49330435169435694 -0.7024062379646058 -0.5131045638735051
vn -0.4329183265296188 -0.4970210357330796 0.7520317896163774
vn 0 0 1
vn 0 0 1
vn 0.8583808662994465 0.45498987795507706 -0.2369947242649843
vn -0.8032886197927441 -0.16179770025123752 -0.5731918505220382
vn -0.8032886197927441 -0.16179770025123752 -0.5731918505220382
vn 0.531174966530134 0.026098770778782324 -0.8468600882646127
vn 0 0 1
vn 0 0 1
vn -0.6667793169670618 0.626580570197357 0.40348746141124825
vn -0.8907045868143856 -0.012800065841898831 -0.454402351822983
vn -0.8939988702974213 -0.018199977875814306 -0.4476994312172558
vn -0.893938748783527 -0.01820079014588642 -0.447819433099333
vn -0.8921828306437878 -0.0185996422762195 -0.45129131391113103
vn -0.8953663089688884 -0.023999097495295683 -0.4446832761447639
vn -0.8920818777856989 -0.018599622715296967 -0.45149083862376416
vn -0.8589291506169385 0.034701176068117366 -0.5109173539819862
vn -0.8780362969973287 0.016200669749903404 -0.47831976694976064
vn -0.8773304179224188 0.016100558371495682 -0.4796166279521595
vn -0.8779957191650615 0.016099921707130586 -0.4783976480385863
vn -0.8926725838317001 -0.004199870784269769 -0.45068616482052326
vn -0.8771201544829981 0.0158003624630013 -0.4800110239835742
vn -0.45227789786982026 0.06289692395955263 0.8896564955390833
vn -0.45227789786982026 0.06289692395955263 0.8896564955390833
vn -0.45227789786982026 0.06289692395955263 0.8896564955390833
vn -0.4459994549620554 0.06459991793448891 0.892698906001574
vn -0.4459994549620554 0.06459991793448891 0.892698906001574
vn -0.4459994549620554 0.06459991793448891 0.892698906001574
vn -0.46108656122878594 0.15689542659291714 0.8733744948007354
vn -0.46108656122878594 0.15689542659291714 0.8733744948007354
vn -0.46108656122878594 0.15689542659291714 0.8733744948007354
vn -0.45369665374603496 0.15879883258406938 0.8768935380931868
vn -0.45369665374603496 0.15879883258406938 0.8768935380931868
vn -0.45369665374603496 0.15879883258406938 0.8768935380931868
vn 0.8909742869111834 0.024599290016130725 0.4533869153314976
vn 0.8936213767383704 0.019200460493895576 0.4484107239496419
vn 0.8935210613628748 0.01920045412496369 0.44861058331514764
vn 0.892513786746376 0.019300299236558256 0.45060696723089333
vn 0.8951194315668213 0.013900301461812651 0.44560967768974813
vn 0.8924129938596513 0.019300281191977284 0.4508065522331774
vn 0.8663772458973226 0.017399543202448367 0.4990868899176942
vn 0.8789177106554005 -0.012500252193653538 0.4768096072767045
vn 0.8780670670348784 -0.012199542512070692 0.4783820616946903
vn 0.8778520984496815 -0.012299328398646213 0.4787738712256897
vn 0.8930377684899549 -0.040901728956143545 0.4481189491852359
vn 0.8771884932095096 -0.012099841108430811 0.4799936887355716
vn 0.45231226099770583 -0.06450174334825035 -0.8895241107784431
vn 0.45231226099770583 -0.06450174334825035 -0.8895241107784431
vn 0.45231226099770583 -0.06450174334825035 -0.8895241107784431
vn 0.44600518312921805 -0.06300073177853377 -0.892810329474991
vn 0.44600518312921805 -0.06300073177853377 -0.892810329474991
vn 0.44600518312921805 -0.06300073177853377 -0.892810329474991
vn 0.4613784112210697 -0.15889255704571326 -0.8728591621645478
vn 0.4613784112210697 -0.15889255704571326 -0.8728591621645478
vn 0.4613784112210697 -0.15889255704571326 -0.8728591621645478
vn 0.45372047173908786 -0.15680707487400677 -0.8772395766233517
vn 0.45372047173908786 -0.15680707487400677 -0.8772395766233517
vn 0.45372047173908786 -0.15680707487400677 -0.8772395766233517
vn -0.06400038695860077 0.33510200531078915 -0.9400056364223767
vn -0.06400038695860077 0.33510200531078915 -0.9400056364223767
vn -0.06400038695860077 0.33510200531078915 -0.9400056364223767
vn -0.06840022562840777 0.3362010930411114 -0.9393030576826336
vn -0.06840022562840777 0.3362010930411114 -0.9393030576826336
vn -0.06840022562840777 0.3362010930411114 -0.9393030576826336
vn 0.7392781995760278 0.14419574257245313 -0.6577806104284359
vn 0.7392781995760278 0.14419574257245313 -0.6577806104284359
vn 0.7392781995760278 0.14419574257245313 -0.6577806104284359
vn 0.7296711515472291 0.15119401284127001 -0.6668735870318261
vn 0.7296711515472291 0.15119401284127001 -0.6668735870318261
vn 0.7296711515472291 0.15119401284127001 -0.6668735870318261
vn 0.9805815606733966 -0.15019717015277095 0.12609763259246912
vn 0.9819182083350365 -0.1509028081572993 0.11430211997313597
vn 0.9818548451605912 -0.15109304969245732 0.11459473534724085
vn 0.9806313946930478 -0.15440494926636378 0.12050385630518042
vn 0.981530415607662 -0.15630483225295835 0.11030341178506146
vn 0.9805689080109041 -0.15449509407058862 0.12089616433296459
vn 0.4877079566162152 -0.3392055340185473 0.8044131741489744
vn 0.4877079566162152 -0.3392055340185473 0.8044131741489744
vn 0.4877079566162152 -0.3392055340185473 0.8044131741489744
vn 0.487784179026415 -0.3391889871933302 0.8043739339749202
vn 0.487784179026415 -0.3391889871933302 0.8043739339749202
vn 0.487784179026415 -0.3391889871933302 0.8043739339749202
vn -0.3770938364681691 -0.2648956756617394 0.8874855038328392
vn -0.36911339760613604 -0.2712098420094798 0.8889322366214691
vn -0.3702045487758519 -0.2711033395768679 0.8885108729418776
vn -0.3707017436506466 -0.2711012883579023 0.8883041757782386
vn -0.3624896221602061 -0.2769920708032917 0.8898745229178411
vn -0.3717058838844278 -0.27100429582714214 0.8879140766588461
vn 0.8457152756661955 0.4071073330780224 0.3450062200293657
vn 0.8457152756661955 0.4071073330780224 0.3450062200293657
vn 0.8457152756661955 0.4071073330780224 0.3450062200293657
vn 0.845817807478235 0.40680857502341516 0.3451072584576133
vn 0.845817807478235 0.40680857502341516 0.3451072584576133
vn 0.845817807478235 0.40680857502341516 0.3451072584576133
vn -0.9550468083028527 0.004900240312008018 0.2964145434951173
vn -0.9550468083028527 0.004900240312008018 0.2964145434951173
vn -0.9550468083028527 0.004900240312008018 0.2964145434951173
vn -0.9512870017408533 0.00259996441321988 0.3082957678982109
vn -0.9512870017408533 0.00259996441321988 0.3082957678982109
vn -0.9512870017408533 0.00259996441321988 0.3082957678982109
vn -0.8140195490750852 0.2735065603382893 -0.512412270711302
vn -0.8140195490750852 0.2735065603382893 -0.512412270711302
vn -0.8140195490750852 0.2735065603382893 -0.512412270711302
vn -0.8145021584467493 0.27340074183891777 -0.5117013467321694
vn -0.8145021584467493 0.27340074183891777 -0.5117013467321694
vn -0.8145021584467493 0.27340074183891777 -0.5117013467321694
vn -0.33709202986446396 -0.8065809059366594 0.4855885146708613
vn -0.33709202986446396 -0.8065809059366594 0.4855885146708613
vn -0.33709202986446396 -0.8065809059366594 0.4855885146708613
vn -0.33709202986446396 -0.8065809059366594 0.4855885146708613
vn -0.33709202986446396 -0.8065809059366594 0.4855885146708613
vn -0.33709202986446396 -0.8065809059366594 0.4855885146708613
vn -0.04159901722977272 0.43248978608791616 -0.9006786922621995
vn -0.03320124899945088 0.4335163071364257 -0.9005338908179262
vn -0.04159901722977272 0.43248978608791616 -0.9006786922621995
vn -0.04120163690528822 0.4326171707410542 -0.900635780266546
vn -0.04120163690528822 0.4326171707410542 -0.900635780266546
vn -0.04889954193619175 0.4293959680576393 -0.9017915154925076
vn -0.6643736742892907 -0.5247792228880457 -0.5321789061362414
vn -0.6643736742892907 -0.5247792228880457 -0.5321789061362414
vn -0.6643736742892907 -0.5247792228880457 -0.5321789061362414
vn -0.6643178342022196 -0.5248140723122035 -0.5322142469569502
vn -0.6643178342022196 -0.5248140723122035 -0.5322142469569502
vn -0.6643178342022196 -0.5248140723122035 -0.5322142469569502
vn 0.24239076636160456 0.871166819213707 0.42698371102854327
vn 0.24239076636160456 0.871166819213707 0.42698371102854327
vn 0.24239076636160456 0.871166819213707 0.42698371102854327
vn 0.2424015326189038 0.8711054965582088 0.42710269356453745
vn 0.2424015326189038 0.8711054965582088 0.42710269356453745
vn 0.2424015326189038 0.8711054965582088 0.42710269356453745
vn -0.10209696426400544 0.39248834374770536 0.9140728143371608
vn -0.10209696426400544 0.39248834374770536 0.9140728143371608
vn -0.10209696426400544 0.39248834374770536 0.9140728143371608
vn -0.10210229079848983 0.3926088094220821 0.9140204838940295
vn -0.10210229079848983 0.3926088094220821 0.9140204838940295
vn -0.10210229079848983 0.3926088094220821 0.9140204838940295
vn 0.4303792087778574 -0.6302695172799211 -0.6461687645185897
vn 0.4303792087778574 -0.6302695172799211 -0.6461687645185897
vn 0.4303792087778574 -0.6302695172799211 -0.6461687645185897
vn 0.43040562861462606 -0.6301082316599925 -0.6463084490018413
vn 0.43040562861462606 -0.6301082316599925 -0.6463084490018413
vn 0.43040562861462606 -0.6301082316599925 -0.6463084490018413
vn -0.49073228272976993 0.6842449927263179 0.5394354610292045
vn -0.49073228272976993 0.6842449927263179 0.5394354610292045
vn -0.49073228272976993 0.6842449927263179 0.5394354610292045
vn -0.49072515428102603 0.6843350750033778 0.53932766299902
vn -0.49072515428102603 0.6843350750033778 0.53932766299902
vn -0.49072515428102603 0.6843350750033778 0.53932766299902
vn 0.49267787014941855 0.2690879178870386 0.8275628125479364
vn 0.49267787014941855 0.2690879178870386 0.8275628125479364
vn 0.49267787014941855 0.2690879178870386 0.8275628125479364
vn 0.4927043764251114 0.26890238977188197 0.827607335773743
vn 0.4927043764251114 0.26890238977188197 0.827607335773743
vn 0.4927043764251114 0.26890238977188197 0.827607335773743
vn -0.05269765153174929 0.40418196190593625 -0.9131592956285922
vn -0.052498209309733965 0.4041862136600017 -0.9131689015217629
vn -0.06680212044308978 0.4080129540646939 -0.910528915531906
vn -0.05179789742413809 0.3969838896190244 -0.9163627934423074
vn -0.06479828732280819 0.4007893860788966 -0.9138758394697455
vn -0.06519804055617519 0.40118793311882284 -0.913672511257443
vn -0.7530027627741791 -0.6552023902655008 0.06080022240771449
vn -0.7530027627741791 -0.6552023902655008 0.06080022240771449
vn -0.7530027627741791 -0.6552023902655008 0.06080022240771449
vn -0.7531880059940392 -0.6549895458546205 0.06079903328080982
vn -0.7531880059940392 -0.6549895458546205 0.06079903328080982
vn -0.7531880059940392 -0.6549895458546205 0.06079903328080982
vn 0.6120326640945342 -0.7866419913837857 -0.08130433858718353
vn 0.6120326640945342 -0.7866419913837857 -0.08130433858718353
vn 0.6120326640945342 -0.7866419913837857 -0.08130433858718353
vn 0.6118112631364024 -0.7868144924956055 -0.08130149259590805
vn 0.6118112631364024 -0.7868144924956055 -0.08130149259590805
vn 0.6118112631364024 -0.7868144924956055 -0.08130149259590805
vn 0.27050134792924496 -0.8651043232877929 0.4224020958722051
vn 0.27050134792924496 -0.8651043232877929 0.4224020958722051
vn 0.27050134792924496 -0.8651043232877929 0.4224020958722051
vn 0.27050134792924496 -0.8651043232877929 0.4224020958722051
vn 0.27050134792924496 -0.8651043232877929 0.4224020958722051
vn 0.27050134792924496 -0.8651043232877929 0.4224020958722051
vn -0.11719763712923784 -0.9661804974165005 -0.2296953640440468
vn -0.11719763712923784 -0.9661804974165005 -0.2296953640440468
vn -0.11719763712923784 -0.9661804974165005 -0.2296953640440468
vn -0.11719763712923784 -0.9661804974165005 -0.2296953640440468
vn -0.11719763712923784 -0.9661804974165005 -0.2296953640440468
vn -0.11719763712923784 -0.9661804974165005 -0.2296953640440468
vn 0.7334261291094518 0.11700416912910615 -0.6696238776700939
vn 0.7334261291094518 0.11700416912910615 -0.6696238776700939
vn 0.7334261291094518 0.11700416912910615 -0.6696238776700939
vn 0.7334723419507118 0.1169955863669075 -0.6695747578605405
vn 0.7334723419507118 0.1169955863669075 -0.6695747578605405
vn 0.7334723419507118 0.1169955863669075 -0.6695747578605405
vn 0.14560669155803538 0.9326428439306169 -0.3301151572384005
vn 0.14560669155803538 0.9326428439306169 -0.3301151572384005
vn 0.14560669155803538 0.9326428439306169 -0.3301151572384005
vn 0.14560669155803538 0.9326428439306169 -0.3301151572384005
vn 0.14560669155803538 0.9326428439306169 -0.3301151572384005
vn 0.14560669155803538 0.9326428439306169 -0.3301151572384005
vn 0.95551841619369 -0.2874055445535878 0.06620127849640034
vn 0.9560261335005089 -0.2874078725880235 0.05840159962273024
vn 0.95551841619369 -0.2874055445535878 0.06620127849640034
vn 0.9555287353789351 -0.2875086382069299 0.06560197269541503
vn 0.9555287353789351 -0.2875086382069299 0.06560197269541503
vn 0.9555176890244813 -0.2857052804958657 0.07320135694160963
vn 0.4580972475038168 -0.4753971536208386 0.7510955053511049
vn 0.4580972475038168 -0.4753971536208386 0.7510955053511049
vn 0.4580972475038168 -0.4753971536208386 0.7510955053511049
vn 0.4580972475038168 -0.4753971536208386 0.7510955053511049
vn 0.4580972475038168 -0.4753971536208386 0.7510955053511049
vn 0.4580972475038168 -0.4753971536208386 0.7510955053511049
vn -0.3839126155761196 -0.30561004057040786 0.871328644487289
vn -0.3839126155761196 -0.30561004057040786 0.871328644487289
vn -0.3839126155761196 -0.30561004057040786 0.871328644487289
vn -0.3842035813139489 -0.30530283783586687 0.8713080886316288
vn -0.3842035813139489 -0.30530283783586687 0.8713080886316288
vn -0.3842035813139489 -0.30530283783586687 0.8713080886316288
vn -0.9375251010594867 0.09460253235162894 0.33480896904960317
vn -0.9371306204426912 0.08680283844374931 0.33801104636802193
vn -0.9375251010594867 0.09460253235162894 0.33480896904960317
vn -0.9374888692880838 0.09429888225843357 0.33499603097015984
vn -0.9374888692880838 0.09429888225843357 0.33499603097015984
vn -0.9387925180950297 0.10049920398359032 0.32949737171555404
vn -0.7844038706764366 0.42260209384458747 -0.45400224442836684
vn -0.7844038706764366 0.42260209384458747 -0.45400224442836684
vn -0.7844038706764366 0.42260209384458747 -0.45400224442836684
vn -0.7847254617175082 0.4223137262649267 -0.45371474115403837
vn -0.7847254617175082 0.4223137262649267 -0.45371474115403837
vn -0.7847254617175082 0.4223137262649267 -0.45371474115403837
vn -0.790698549594155 0.38449928264976324 -0.4763991029709407
vn -0.7910331264407654 0.3855161540741201 -0.4750198815010245
vn -0.7838118211685521 0.39080589028313295 -0.482607278350053
vn -0.7934390214764351 0.3846189341631286 -0.4717232182983325
vn -0.7866960948815833 0.3907980542194297 -0.47789761991076557
vn -0.7862858058745094 0.38979297377297667 -0.47939135273541683
vn 0.7327984346573301 0.11649974772678663 -0.6703985851292958
vn 0.7328069677162311 0.11640110911408211 -0.670406391574211
vn 0.7261998182315208 0.12239997265858453 -0.6764998674749937
vn 0.7316962831470667 0.10999944015835773 -0.6726965678473583
vn 0.725383079561958 0.11609729488514203 -0.6784841973145451
vn 0.7252780644131634 0.11619648351086942 -0.6785794769227872
vn 0.9615329097812662 -0.26110893397181734 0.08530291910405358
vn 0.9623240420095216 -0.25850646742253025 0.08430210241257743
vn 0.9603247486422202 -0.26010670262599217 0.10060258641948659
vn 0.9632730834772149 -0.25639282754253745 0.07979777335891985
vn 0.9620976299569703 -0.25539936515264217 0.09559976313154783
vn 0.9614130069957062 -0.25770349010167665 0.09630130408716878
vn 0.47018026235752924 -0.4286820024559757 0.7714676024693065
vn 0.47018026235752924 -0.4286820024559757 0.7714676024693065
vn 0.47018026235752924 -0.4286820024559757 0.7714676024693065
vn 0.4700083315173262 -0.4286076119781507 0.7716136878378235
vn 0.4700083315173262 -0.4286076119781507 0.7716136878378235
vn 0.4700083315173262 -0.4286076119781507 0.7716136878378235
vn -0.370913815530372 -0.2835105420296928 0.8843329203454607
vn -0.37139879994131386 -0.2832990979763734 0.8841971230941239
vn -0.35939569121775805 -0.28689657078074726 0.8879893551210836
vn -0.3762934220387331 -0.28559500871987564 0.8813845650592447
vn -0.365210966528429 -0.2890086726354093 0.8849265150671491
vn -0.3645939420785096 -0.28899520052940625 0.8851853091136458
vn -0.942781736692126 0.08229840690437672 0.3230937467373528
vn -0.942781736692126 0.08229840690437672 0.3230937467373528
vn -0.942781736692126 0.08229840690437672 0.3230937467373528
vn -0.9423370647553317 0.08020315436952195 0.32491277355235587
vn -0.9423370647553317 0.08020315436952195 0.32491277355235587
vn -0.9423370647553317 0.08020315436952195 0.32491277355235587
vn -0.13770556427724442 -0.513720742590126 -0.846834208212998
vn -0.13770556427724442 -0.513720742590126 -0.846834208212998
vn -0.13770556427724442 -0.513720742590126 -0.846834208212998
vn -0.13760745291283855 -0.513727814793028 -0.8468458662654151
vn -0.13760745291283855 -0.513727814793028 -0.8468458662654151
vn -0.13760745291283855 -0.513727814793028 -0.8468458662654151
vn -0.38048955178884647 0.9246746574875883 -0.014299607677620518
vn -0.38048955178884647 0.9246746574875883 -0.014299607677620518
vn -0.38048955178884647 0.9246746574875883 -0.014299607677620518
vn -0.38040403778108123 0.9247098321652317 -0.014300151635526594
vn -0.38040403778108123 0.9247098321652317 -0.014300151635526594
vn -0.38040403778108123 0.9247098321652317 -0.014300151635526594
vn 0.2432048440645653 0.8714173405412864 0.4260084769432205
vn 0.2432048440645653 0.8714173405412864 0.4260084769432205
vn 0.2432048440645653 0.8714173405412864 0.4260084769432205
vn 0.24309991632570385 0.8714997066584362 0.42589986144244674
vn 0.24309991632570385 0.8714997066584362 0.42589986144244674
vn 0.24309991632570385 0.8714997066584362 0.42589986144244674
vn 0.24340559915228058 0.8709200359378642 0.4269098327554762
vn 0.24340559915228058 0.8709200359378642 0.4269098327554762
vn 0.24340559915228058 0.8709200359378642 0.4269098327554762
vn 0.24351006789682514 0.870936004518037 0.42681766934727716
vn 0.24351006789682514 0.870936004518037 0.42681766934727716
vn 0.24351006789682514 0.870936004518037 0.42681766934727716
vn 0.2422119867324163 0.8714431177029566 0.4265210968888719
vn 0.2422119867324163 0.8714431177029566 0.4265210968888719
vn 0.2422119867324163 0.8714431177029566 0.4265210968888719
vn 0.24229578575507124 0.8713848291413572 0.42659258285584434
vn 0.24229578575507124 0.8713848291413572 0.42659258285584434
vn 0.24229578575507124 0.8713848291413572 0.42659258285584434
vn 0.24349836141658865 0.8711941829917127 0.42629713054258145
vn 0.24349836141658865 0.8711941829917127 0.42629713054258145
vn 0.24349836141658865 0.8711941829917127 0.42629713054258145
vn 0.24360326663629078 0.8711117042054698 0.42640573082496225
vn 0.24360326663629078 0.8711117042054698 0.42640573082496225
vn 0.24360326663629078 0.8711117042054698 0.42640573082496225
vn 0.24290400605101545 0.8709143422041714 0.4272070369123661
vn 0.24290400605101545 0.8709143422041714 0.4272070369123661
vn 0.24290400605101545 0.8709143422041714 0.4272070369123661
vn 0.24290400605101545 0.8709143422041714 0.4272070369123661
vn 0.24290400605101545 0.8709143422041714 0.4272070369123661
vn 0.24290400605101545 0.8709143422041714 0.4272070369123661
vn 0.24259789937846973 0.8715924470071453 0.42599632103722523
vn 0.24259789937846973 0.8715924470071453 0.42599632103722523
vn 0.24259789937846973 0.8715924470071453 0.42599632103722523
vn 0.24270281556766354 0.8715101412155783 0.4261049366927488
vn 0.24270281556766354 0.8715101412155783 0.4261049366927488
vn 0.24270281556766354 0.8715101412155783 0.4261049366927488
vn -0.11700092423373895 -0.9661076199638283 -0.23010182610374474
vn -0.11700092423373895 -0.9661076199638283 -0.23010182610374474
vn -0.11700092423373895 -0.9661076199638283 -0.23010182610374474
vn -0.11689368258195211 -0.9661478042933704 -0.22998758060279872
vn -0.11689368258195211 -0.9661478042933704 -0.22998758060279872
vn -0.11689368258195211 -0.9661478042933704 -0.22998758060279872
vn -0.1169017430852227 -0.9662144258366769 -0.2297034300325911
vn -0.1169017430852227 -0.9662144258366769 -0.2297034300325911
vn -0.1169017430852227 -0.9662144258366769 -0.2297034300325911
vn -0.11680311216397976 -0.966225715937302 -0.2297061140898455
vn -0.11680311216397976 -0.966225715937302 -0.2297061140898455
vn -0.11680311216397976 -0.966225715937302 -0.2297061140898455
vn -0.11730219770118952 -0.9661181084210829 -0.22990431704372105
vn -0.11730219770118952 -0.9661181084210829 -0.22990431704372105
vn -0.11730219770118952 -0.9661181084210829 -0.22990431704372105
vn -0.11730219770118952 -0.9661181084210829 -0.22990431704372105
vn -0.11730219770118952 -0.9661181084210829 -0.22990431704372105
vn -0.11730219770118952 -0.9661181084210829 -0.22990431704372105
vn -0.1167950582732245 -0.966159092058735 -0.2299902676097298
vn -0.1167950582732245 -0.966159092058735 -0.2299902676097298
vn -0.1167950582732245 -0.966159092058735 -0.2299902676097298
vn -0.1168063449804359 -0.9661524366108284 -0.23001249314606975
vn -0.1168063449804359 -0.9661524366108284 -0.23001249314606975
vn -0.1168063449804359 -0.9661524366108284 -0.23001249314606975
vn -0.11700306496537254 -0.9662253157670327 -0.22960601464161728
vn -0.11700306496537254 -0.9662253157670327 -0.22960601464161728
vn -0.11700306496537254 -0.9662253157670327 -0.22960601464161728
vn -0.11700306496537254 -0.9662253157670327 -0.22960601464161728
vn -0.11700306496537254 -0.9662253157670327 -0.22960601464161728
vn -0.11700306496537254 -0.9662253157670327 -0.22960601464161728
vn -0.1172008805615395 -0.9661072190166964 -0.23000172816616984
vn -0.1172008805615395 -0.9661072190166964 -0.23000172816616984
vn -0.1172008805615395 -0.9661072190166964 -0.23000172816616984
vn -0.11709686145358444 -0.9660740806687819 -0.23019382202328514
vn -0.11709686145358444 -0.9660740806687819 -0.23019382202328514
vn -0.11709686145358444 -0.9660740806687819 -0.23019382202328514
vn 0.05669820817481842 0.7414766045550434 -0.668578909394612
vn 0.05669820817481842 0.7414766045550434 -0.668578909394612
vn 0.05669820817481842 0.7414766045550434 -0.668578909394612
vn 0.056701999503421745 0.7415261860418318 -0.6685235961928109
vn 0.056701999503421745 0.7415261860418318 -0.6685235961928109
vn 0.056701999503421745 0.7415261860418318 -0.6685235961928109
vn 0.7719783089468132 0.4438875082734527 -0.4549872201660223
vn 0.7719783089468132 0.4438875082734527 -0.4549872201660223
vn 0.7719783089468132 0.4438875082734527 -0.4549872201660223
vn 0.7719783089468132 0.4438875082734527 -0.4549872201660223
vn 0.7719783089468132 0.4438875082734527 -0.4549872201660223
vn 0.7719783089468132 0.4438875082734527 -0.4549872201660223
vn 0.972925693740548 0.06460170611161548 0.22190586749101904
vn 0.972925693740548 0.06460170611161548 0.22190586749101904
vn 0.972925693740548 0.06460170611161548 0.22190586749101904
vn 0.9729588980116629 0.06449727262282355 0.22179063236337915
vn 0.9729588980116629 0.06449727262282355 0.22179063236337915
vn 0.9729588980116629 0.06449727262282355 0.22179063236337915
vn 0.5127100977739045 -0.11130218652688216 0.8513167324298333
vn 0.5127100977739045 -0.11130218652688216 0.8513167324298333
vn 0.5127100977739045 -0.11130218652688216 0.8513167324298333
vn 0.5127100977739045 -0.11130218652688216 0.8513167324298333
vn 0.5127100977739045 -0.11130218652688216 0.8513167324298333
vn 0.5127100977739045 -0.11130218652688216 0.8513167324298333
vn -0.2625897340062647 0.046998160152625715 0.9637623174501001
vn -0.2625897340062647 0.046998160152625715 0.9637623174501001
vn -0.2625897340062647 0.046998160152625715 0.9637623174501001
vn -0.2625884986060335 0.04709793635250349 0.9637577832584101
vn -0.2625884986060335 0.04709793635250349 0.9637577832584101
vn -0.2625884986060335 0.04709793635250349 0.9637577832584101
vn -0.7733225300542456 0.4216123015808665 0.47351381359595507
vn -0.7733225300542456 0.4216123015808665 0.47351381359595507
vn -0.7733225300542456 0.4216123015808665 0.47351381359595507
vn -0.7732899273774869 0.4216945122242095 0.4734938506216391
vn -0.7732899273774869 0.4216945122242095 0.4734938506216391
vn -0.7732899273774869 0.4216945122242095 0.4734938506216391
vn -0.6326939325768942 0.7314929845744506 -0.254197563321813
vn -0.6326939325768942 0.7314929845744506 -0.254197563321813
vn -0.6326939325768942 0.7314929845744506 -0.254197563321813
vn -0.6326939325768942 0.7314929845744506 -0.254197563321813
vn -0.6326939325768942 0.7314929845744506 -0.254197563321813
vn -0.6326939325768942 0.7314929845744506 -0.254197563321813
vn -0.10780473750490106 -0.06800299247167595 -0.991843602382148
vn -0.10639540007273238 -0.05579758698793315 -0.992757094222795
vn -0.10639599316872093 -0.05569790382531672 -0.9927626282989843
vn -0.11309877958328464 -0.06599928762285841 -0.9913893080369824
vn -0.11399885418695375 -0.0561994364936607 -0.99189005670077
vn -0.11260215583132126 -0.06640127101160474 -0.9914189960406158
vn 0.6328291809820417 -0.2827130462245114 -0.7208332409039246
vn 0.6328291809820417 -0.2827130462245114 -0.7208332409039246
vn 0.6328291809820417 -0.2827130462245114 -0.7208332409039246
vn 0.6330903654210375 -0.28249571165239423 -0.7206890883793541
vn 0.6330903654210375 -0.28249571165239423 -0.7206890883793541
vn 0.6330903654210375 -0.28249571165239423 -0.7206890883793541
vn 0.836860977874544 -0.5473744768430845 0.006699687427152214
vn 0.8308634928210162 -0.5564755577457929 -0.000899960426756779
vn 0.8321863360882723 -0.5544908856026827 -0.002399960735012233
vn 0.8348676975368627 -0.5503787093871314 0.008899655209764266
vn 0.8297818835320334 -0.5580877939569908 -0.00019999562613707268
vn 0.835792092218561 -0.5489948357232192 0.007499928943400698
vn 0.3880952126506457 -0.6764916806220836 0.6258922526815289
vn 0.3880952126506457 -0.6764916806220836 0.6258922526815289
vn 0.3880952126506457 -0.6764916806220836 0.6258922526815289
vn 0.3881214717255208 -0.6764374308849321 0.6259346014428411
vn 0.3881214717255208 -0.6764374308849321 0.6259346014428411
vn 0.3881214717255208 -0.6764374308849321 0.6259346014428411
vn -0.37420662652184955 -0.5787102748623174 0.7246128748759009
vn -0.37420662652184955 -0.5787102748623174 0.7246128748759009
vn -0.37420662652184955 -0.5787102748623174 0.7246128748759009
vn -0.3746957211400603 -0.5777933625794194 0.7250916815951606
vn -0.3746957211400603 -0.5777933625794194 0.7250916815951606
vn -0.3746957211400603 -0.5777933625794194 0.7250916815951606
vn -0.9255817721583639 -0.3148938121260091 0.21009585939025993
vn -0.9255817721583639 -0.3148938121260091 0.21009585939025993
vn -0.9255817721583639 -0.3148938121260091 0.21009585939025993
vn -0.9252566180188037 -0.31578520440051666 0.2101901412867154
vn -0.9252566180188037 -0.31578520440051666 0.2101901412867154
vn -0.9252566180188037 -0.31578520440051666 0.2101901412867154
vn -0.8195999083386075 -0.07579999443173746 -0.5678999481383095
vn -0.8195999083386075 -0.07579999443173746 -0.5678999481383095
vn -0.8195999083386075 -0.07579999443173746 -0.5678999481383095
vn -0.8196883729453297 -0.07639891293021471 -0.5676919740152395
vn -0.8196883729453297 -0.07639891293021471 -0.5676919740152395
vn -0.8196883729453297 -0.07639891293021471 -0.5676919740152395
vn 0.6913295298144255 0.7022300164184018 -0.1701072757044106
vn 0.6913295298144255 0.7022300164184018 -0.1701072757044106
vn 0.6913295298144255 0.7022300164184018 -0.1701072757044106
vn 0.6913817416422966 0.7021814605758868 -0.1700955136009735
vn 0.6913817416422966 0.7021814605758868 -0.1700955136009735
vn 0.6913817416422966 0.7021814605758868 -0.1700955136009735
vn 0.5186006123812208 0.08480009976417723 -0.8508010037122714
vn 0.5087026658027509 0.08120042704550383 -0.8571044793097297
vn 0.5087067940882113 0.08110108298725414 -0.8571114349877668
vn 0.5185948234423623 0.07759922964241496 -0.8514914965269405
vn 0.5103104973012609 0.07380151849616218 -0.8568176773455368
vn 0.5187040174521053 0.07780060025929383 -0.8514066060809838
vn 0.9921061214497999 0.015000092211869187 -0.12450076712803806
vn 0.9899612685882833 0.011199561319231607 -0.14089448719284112
vn 0.9899601549624194 0.01129954545634069 -0.14089432869800905
vn 0.9923579941056706 0.004899792699565686 -0.12329478320704038
vn 0.9904179223268019 -0.00020000361086401766 -0.13810249502603733
vn 0.9923697331233402 0.0049998474424790195 -0.123196243068782
vn 0.7201089153599556 -0.0711008782581336 0.6902085301776778
vn 0.7201089153599556 -0.0711008782581336 0.6902085301776778
vn 0.7201089153599556 -0.0711008782581336 0.6902085301776778
vn 0.7181027139871844 -0.07200026787947182 0.6922026102157692
vn 0.7181027139871844 -0.07200026787947182 0.6922026102157692
vn 0.7181027139871844 -0.07200026787947182 0.6922026102157692
vn -0.092498917511405 -0.09789885625057718 0.9908883712124426
vn -0.092498917511405 -0.09789885625057718 0.9908883712124426
vn -0.092498917511405 -0.09789885625057718 0.9908883712124426
vn -0.09230152539152577 -0.09780162011326744 0.9909163796777293
vn -0.09230152539152577 -0.09780162011326744 0.9909163796777293
vn -0.09230152539152577 -0.09780162011326744 0.9909163796777293
vn -0.8372401585950544 -0.04320207405057421 0.5451261300226371
vn -0.8317660387514191 -0.04879800756140803 0.5529774057208935
vn -0.8318201137191986 -0.048601175528572294 0.5529133966087459
vn -0.8382005320115761 -0.05070003522495528 0.5430003449020074
vn -0.8315436390281102 -0.056002941154638476 0.5526290319680266
vn -0.8381962782570114 -0.05079977545580266 0.542997589248548
vn 0.437600177339074 0.6794003226345271 0.589000243121267
vn 0.437600177339074 0.6794003226345271 0.589000243121267
vn 0.437600177339074 0.6794003226345271 0.589000243121267
vn 0.4374896180047237 0.6794838590661151 0.5889860095169501
vn 0.4374896180047237 0.6794838590661151 0.5889860095169501
vn 0.4374896180047237 0.6794838590661151 0.5889860095169501
vn -0.9499980535876311 0.03489992738913537 -0.3102993606953541
vn -0.9499980535876311 0.03489992738913537 -0.3102993606953541
vn -0.9499980535876311 0.03489992738913537 -0.3102993606953541
vn -0.9496111523915879 0.03470040700638556 -0.31150367735728557
vn -0.9496111523915879 0.03470040700638556 -0.31150367735728557
vn -0.9496111523915879 0.03470040700638556 -0.31150367735728557
vn -0.3540057566621638 0.09090147410218721 -0.9308151514968471
vn -0.3420040139906702 0.09070106303025684 -0.9353109491390823
vn -0.34238804204000484 0.08969686204740318 -0.9352672888575014
vn -0.3515219005240807 0.0939058518531769 -0.9314580207608218
vn -0.3401913315110716 0.09269763318160279 -0.9357761520616206
vn -0.3519052916790187 0.09290139450834053 -0.9314139770191934
vn -0.5980931815688247 -0.7118918722030559 0.3680957870610705
vn -0.5980931815688247 -0.7118918722030559 0.3680957870610705
vn -0.5980931815688247 -0.7118918722030559 0.3680957870610705
vn -0.5980931815688247 -0.7118918722030559 0.3680957870610705
vn -0.5980931815688247 -0.7118918722030559 0.3680957870610705
vn -0.5980931815688247 -0.7118918722030559 0.3680957870610705
vn 0.5221190196740173 0.18060659128271336 -0.833530436444814
vn 0.5225860682596303 0.17949521515567024 -0.8334778155398983
vn 0.5151057250966646 0.17720197316658384 -0.8386092967994743
vn 0.523277544621213 0.17469251291551652 -0.8340642284779131
vn 0.515520005372339 0.17730688364150984 -0.8383325074660051
vn 0.5091930638031564 0.1724976574697587 -0.8431885802963656
vn -0.2538941782603644 -0.6855842853554348 -0.6822843497539514
vn -0.2538941782603644 -0.6855842853554348 -0.6822843497539514
vn -0.2538941782603644 -0.6855842853554348 -0.6822843497539514
vn -0.2538941782603644 -0.6855842853554348 -0.6822843497539514
vn -0.2538941782603644 -0.6855842853554348 -0.6822843497539514
vn -0.2538941782603644 -0.6855842853554348 -0.6822843497539514
vn 0 0 1
vn 0 0 1
vn 0 0 1
vn 0 0 1
vn 0 0 1
vn 0 0 1
vn -0.5170018050856698 0.6918023875160803 0.5041017656834881
vn -0.5170018050856698 0.6918023875160803 0.5041017656834881
vn -0.5170018050856698 0.6918023875160803 0.5041017656834881
vn -0.516883054046897 0.691977281510977 0.5039834821815399
vn -0.516883054046897 0.691977281510977 0.5039834821815399
vn -0.516883054046897 0.691977281510977 0.5039834821815399
vn 0.6938412066397386 -0.7111422445460225 -0.11340673697253094
vn 0.6938412066397386 -0.7111422445460225 -0.11340673697253094
vn 0.6938412066397386 -0.7111422445460225 -0.11340673697253094
vn 0.6938930713663698 -0.7110928930264223 -0.113398866824406
vn 0.6938930713663698 -0.7110928930264223 -0.113398866824406
vn 0.6938930713663698 -0.7110928930264223 -0.113398866824406
vn -0.6250983590459774 0.7798979463767417 -0.03179991753711384
vn -0.6250983590459774 0.7798979463767417 -0.03179991753711384
vn -0.6250983590459774 0.7798979463767417 -0.03179991753711384
vn -0.6250983590459774 0.7798979463767417 -0.03179991753711384
vn -0.6250983590459774 0.7798979463767417 -0.03179991753711384
vn -0.6250983590459774 0.7798979463767417 -0.03179991753711384
vn -0.057599592278601446 0.6502954339640798 0.757494643898429
vn -0.057599592278601446 0.6502954339640798 0.757494643898429
vn -0.057599592278601446 0.6502954339640798 0.757494643898429
vn -0.05749992591886424 0.650299176317691 0.7574990031675672
vn -0.05749992591886424 0.650299176317691 0.7574990031675672
vn -0.05749992591886424 0.650299176317691 0.7574990031675672
vn 0.52072077457473 0.025901035149500956 -0.8533340561025778
vn 0.5215725540726108 0.024498709824243764 -0.852855136617656
vn 0.5101985320559741 0.028099918542644254 -0.8595974944506445
vn 0.5226090146066981 0.016400283125466788 -0.852414716300241
vn 0.5066304326441038 0.019101145759285454 -0.8619517103350574
vn 0.5069118899643688 0.01750041012726252 -0.8618202083138509
vn -0.6789154773874511 -0.6939158049722919 -0.2399054609078863
vn -0.6789154773874511 -0.6939158049722919 -0.2399054609078863
vn -0.6789154773874511 -0.6939158049722919 -0.2399054609078863
vn -0.6789317603523045 -0.6939324477018215 -0.23981122328089663
vn -0.6789317603523045 -0.6939324477018215 -0.23981122328089663
vn -0.6789317603523045 -0.6939324477018215 -0.23981122328089663
vn 0.5029052372657417 -0.7257075719936191 0.4695048905834893
vn 0.5029052372657417 -0.7257075719936191 0.4695048905834893
vn 0.5029052372657417 -0.7257075719936191 0.4695048905834893
vn 0.5028816276407365 -0.7256735025857693 0.46958283212475416
vn 0.5028816276407365 -0.7256735025857693 0.46958283212475416
vn 0.5028816276407365 -0.7256735025857693 0.46958283212475416
vn -0.07209992377882163 -0.726099274124046 0.683799272526391
vn -0.07209992377882163 -0.726099274124046 0.683799272526391
vn -0.07209992377882163 -0.726099274124046 0.683799272526391
vn -0.07210022809249242 -0.7260023218742921 0.6839021755647127
vn -0.07210022809249242 -0.7260023218742921 0.6839021755647127
vn -0.07210022809249242 -0.7260023218742921 0.6839021755647127
vn 0 0 1
vn 0 0 1
vn 0 0 1
vn 0 0 1
vn 0 0 1
vn 0 0 1
vn 0.99135643052713 0.0254988787756534 -0.1286943465490706
vn 0.99135643052713 0.0254988787756534 -0.1286943465490706
vn 0.99135643052713 0.0254988787756534 -0.1286943465490706
vn 0.99135643052713 0.0254988787756534 -0.1286943465490706
vn 0.99135643052713 0.0254988787756534 -0.1286943465490706
vn 0.99135643052713 0.0254988787756534 -0.1286943465490706
vn 0.3507015560422839 0.8424037737445725 -0.40910182176375576
vn 0.3507015560422839 0.8424037737445725 -0.40910182176375576
vn 0.3507015560422839 0.8424037737445725 -0.40910182176375576
vn 0.3506872054596974 0.8423693028826158 -0.4091850944107373
vn 0.3506872054596974 0.8423693028826158 -0.4091850944107373
vn 0.3506872054596974 0.8423693028826158 -0.4091850944107373
vn 0.7250765234801069 -0.14799521403244814 0.6725782123452199
vn 0.7249063750155343 -0.14870130508683208 0.6726058796407522
vn 0.7146224923314421 -0.14870467371285098 0.6835214798892223
vn 0.7248951718644963 -0.14089906106844086 0.6742955171121741
vn 0.716598711759387 -0.14189974769105362 0.6828987830637877
vn 0.7159883669877104 -0.14309766439183255 0.683288897014926
vn -0.09270043437218511 -0.20810098754543666 0.9737045796594687
vn -0.09270043437218511 -0.20810098754543666 0.9737045796594687
vn -0.09270043437218511 -0.20810098754543666 0.9737045796594687
vn -0.09270043437218511 -0.20810098754543666 0.9737045796594687
vn -0.09270043437218511 -0.20810098754543666 0.9737045796594687
vn -0.09270043437218511 -0.20810098754543666 0.9737045796594687
vn -0.835976345446892 -0.11309679615144778 0.5369847898716837
vn -0.8387810698188667 -0.10879754433083093 0.5334879673067597
vn -0.8326020705665605 -0.11500028841850478 0.5418013711240836
vn -0.8361900698617815 -0.11289865577179087 0.536693637552628
vn -0.8338037756523107 -0.11800053252454829 0.5393024550582669
vn -0.8331724315906527 -0.11659614447525471 0.5405821291263937
vn -0.9505529278696926 0.06499677700699977 -0.30368495237179177
vn -0.9505920660872909 0.065299455760205 -0.30349745463399985
vn -0.9499319789105322 0.06690225421010107 -0.30521029442783787
vn -0.9508275718313943 0.06690193986578277 -0.3024087615916741
vn -0.9500864083265315 0.06659904927327033 -0.30479564194569403
vn -0.9493636956207377 0.06819739115619285 -0.30668826074179034
vn -0.3479001171150041 0.19560006705348576 -0.9169002793543244
vn -0.35289053864936404 0.1918948559375403 -0.9157754266175047
vn -0.3429931225398914 0.19259613806554082 -0.9193815559889017
vn -0.3483918222749136 0.19529541561677888 -0.9167785113161382
vn -0.34298916377172844 0.19829374224444793 -0.9181710218264694
vn -0.343007050776474 0.19850409083231002 -0.9181188861146815
vn -0.3485886980685128 0.03079900125624597 -0.9367696307526824
vn -0.3485886980685128 0.03079900125624597 -0.9367696307526824
vn -0.3485886980685128 0.03079900125624597 -0.9367696307526824
vn -0.3490953192082218 0.03059959043459012 -0.9365874882637207
vn -0.3490953192082218 0.03059959043459012 -0.9365874882637207
vn -0.3490953192082218 0.03059959043459012 -0.9365874882637207
vn 0.9911779898204217 -0.00609986461130265 -0.13239707001014742
vn 0.9911779898204217 -0.00609986461130265 -0.13239707001014742
vn 0.9911779898204217 -0.00609986461130265 -0.13239707001014742
vn 0.9912179157771198 -0.0060001086812851365 -0.1321023926288822
vn 0.9912179157771198 -0.0060001086812851365 -0.1321023926288822
vn 0.9912179157771198 -0.0060001086812851365 -0.1321023926288822
vn 0.7253238158277935 -0.03490114375208095 0.6875225613445757
vn 0.7272012304907258 -0.03150005503451359 0.6857011863090197
vn 0.7130142034038099 -0.027400545864242114 0.7006139848952286
vn 0.7282038875518889 -0.030000158728477836 0.6847036502243742
vn 0.7146060141758117 -0.021200177009988257 0.6992058330695655
vn 0.713878334368741 -0.02339928824353587 0.6998787016537994
vn -0.09199934776575264 -0.026999809231299382 0.9953929527137256
vn -0.09199934776575264 -0.026999809231299382 0.9953929527137256
vn -0.09199934776575264 -0.026999809231299382 0.9953929527137256
vn -0.09199934776575264 -0.026999809231299382 0.9953929527137256
vn -0.09199934776575264 -0.026999809231299382 0.9953929527137256
vn -0.09199934776575264 -0.026999809231299382 0.9953929527137256
vn -0.8354733588308363 -0.00729976738400227 0.5494824656711623
vn -0.8354733588308363 -0.00729976738400227 0.5494824656711623
vn -0.8354733588308363 -0.00729976738400227 0.5494824656711623
vn -0.8357945326946998 -0.007099953669466843 0.5489964387639866
vn -0.8357945326946998 -0.007099953669466843 0.5489964387639866
vn -0.8357945326946998 -0.007099953669466843 0.5489964387639866
vn -0.950169580217449 0.018399410937327308 -0.31119002314752325
vn -0.9520460772287962 0.016400793469975312 -0.3055147800136942
vn -0.950169580217449 0.018399410937327308 -0.31119002314752325
vn -0.9502696887097162 0.018299417290012557 -0.31089009319433974
vn -0.9502696887097162 0.018299417290012557 -0.31089009319433974
vn -0.9485078233520973 0.021800180544890208 -0.3160026284195701
vn 0.3570890647472139 -0.6932787590204045 -0.6259808001281574
vn 0.3570890647472139 -0.6932787590204045 -0.6259808001281574
vn 0.3570890647472139 -0.6932787590204045 -0.6259808001281574
vn 0.35709146466117686 -0.6931834041878626 -0.6260850214025742
vn 0.35709146466117686 -0.6931834041878626 -0.6260850214025742
vn 0.35709146466117686 -0.6931834041878626 -0.6260850214025742
vn -0.2415931589219743 0.8506759085972888 -0.4668867572487772
vn -0.2415931589219743 0.8506759085972888 -0.4668867572487772
vn -0.2415931589219743 0.8506759085972888 -0.4668867572487772
vn -0.24161371491261963 0.8506482662175071 -0.4669264823794773
vn -0.24161371491261963 0.8506482662175071 -0.4669264823794773
vn -0.24161371491261963 0.8506482662175071 -0.4669264823794773
vn -0.011400164334584517 0.9499136485746129 0.3123044932510758
vn -0.011400164334584517 0.9499136485746129 0.3123044932510758
vn -0.011400164334584517 0.9499136485746129 0.3123044932510758
vn -0.011399437168046646 0.9499530693989232 0.3121845908622277
vn -0.011399437168046646 0.9499530693989232 0.3121845908622277
vn -0.011399437168046646 0.9499530693989232 0.3121845908622277
vn -0.009900414914690011 -0.999541871669583 -0.028601198642437813
vn -0.009900414914690011 -0.999541871669583 -0.028601198642437813
vn -0.009900414914690011 -0.999541871669583 -0.028601198642437813
vn -0.009900414914690011 -0.999541871669583 -0.028601198642437813
vn -0.009900414914690011 -0.999541871669583 -0.028601198642437813
vn -0.009900414914690011 -0.999541871669583 -0.028601198642437813
vn 0 0 1
vn 0 0 1
vn 0 0 1
vn 0 0 1
vn 0 0 1
vn 0 0 1
vn 0 0 1
vn 0 0 1
vn 0 0 1
vn 0 0 1
vn 0 0 1
vn 0 0 1
vn 0 0 1
vn 0 0 1
vn 0 0 1
vn 0 0 1
vn 0 0 1
vn 0 0 1
vn 0 0 1
vn 0 0 1
vn 0 0 1
vn 0 0 1
vn 0 0 1
vn 0 0 1
vn 0 0 1
vn 0 0 1
vn 0 0 1
vn 0 0 1
vn 0 0 1
vn 0 0 1
vn 0 0 1
vn 0 0 1
vn 0 0 1
vn 0 0 1
vn 0 0 1
vn 0 0 1
vn 0 0 1
vn 0 0 1
vn 0 0 1
vn 0 0 1
vn 0 0 1
vn 0 0 1
vn 0 0 1
vn 0 0 1
vn 0 0 1
vn 0 0 1
vn 0 0 1
vn 0 0 1
vn 0 0 1
vn 0 0 1
vn 0 0 1
vn 0 0 1
vn 0 0 1
vn 0 0 1
vn 0 0 1
vn 0 0 1
vn 0 0 1
vn 0 0 1
vn 0 0 1
vn 0 0 1
vn 0 0 1
vn 0 0 1
vn 0 0 1
vn 0 0 1
vn 0 0 1
vn 0 0 1
vn 0 0 1
vn 0 0 1
vn 0 0 1
vn 0 0 1
vn 0 0 1
vn 0 0 1
vn 0.08490359288826008 0.9739412438190869 0.2103089001987185
vn 0.08490359288826008 0.9739412438190869 0.2103089001987185
vn 0.08490359288826008 0.9739412438190869 0.2103089001987185
vn 0.08500108851388555 0.9739124816866389 0.2104026923934836
vn 0.08500108851388555 0.9739124816866389 0.2104026923934836
vn 0.08500108851388555 0.9739124816866389 0.2104026923934836
vn -0.037600028701922174 0.9908007936980076 0.13000009634232237
vn -0.037600028701922174 0.9908007936980076 0.13000009634232237
vn -0.037600028701922174 0.9908007936980076 0.13000009634232237
vn -0.03750017146743167 0.9908045141061579 0.1300005844862773
vn -0.03750017146743167 0.9908045141061579 0.1300005844862773
vn -0.03750017146743167 0.9908045141061579 0.1300005844862773
vn -0.08659708340677036 0.9575677667680267 0.274890736825261
vn -0.08659708340677036 0.9575677667680267 0.274890736825261
vn -0.08659708340677036 0.9575677667680267 0.274890736825261
vn -0.08659946315109346 0.9575940813546998 0.27479830482808826
vn -0.08659946315109346 0.9575940813546998 0.27479830482808826
vn -0.08659946315109346 0.9575940813546998 0.27479830482808826
vn 0.06110081674751829 0.9576128192452942 0.28150378080918503
vn 0.06110081674751829 0.9576128192452942 0.28150378080918503
vn 0.06110081674751829 0.9576128192452942 0.28150378080918503
vn 0.06110081674751829 0.9576128192452942 0.28150378080918503
vn 0.06110081674751829 0.9576128192452942 0.28150378080918503
vn 0.06110081674751829 0.9576128192452942 0.28150378080918503
vn 0.04519948793774921 0.9885887842992391 0.14369837106911748
vn 0.04519948793774921 0.9885887842992391 0.14369837106911748
vn 0.04519948793774921 0.9885887842992391 0.14369837106911748
vn 0.04519948793774921 0.9885887842992391 0.14369837106911748
vn 0.04519948793774921 0.9885887842992391 0.14369837106911748
vn 0.04519948793774921 0.9885887842992391 0.14369837106911748
vn -0.10100138817593862 0.9766133800164022 0.18980259629275828
vn -0.10100138817593862 0.9766133800164022 0.18980259629275828
vn -0.10100138817593862 0.9766133800164022 0.18980259629275828
vn -0.10090431828816318 0.9766417699031661 0.18970812273387896
vn -0.10090431828816318 0.9766417699031661 0.18970812273387896
vn -0.10090431828816318 0.9766417699031661 0.18970812273387896
vn -0.010200484222566046 -0.9995473896302101 -0.028301342813690372
vn -0.010200484222566046 -0.9995473896302101 -0.028301342813690372
vn -0.010200484222566046 -0.9995473896302101 -0.028301342813690372
vn -0.010200513041741573 -0.9995502136267028 -0.02820141791644291
vn -0.010200513041741573 -0.9995502136267028 -0.02820141791644291
vn -0.010200513041741573 -0.9995502136267028 -0.02820141791644291
vn -0.009799607225934414 -0.9995599184196055 -0.02799887832054703
vn -0.009799607225934414 -0.9995599184196055 -0.02799887832054703
vn -0.009799607225934414 -0.9995599184196055 -0.02799887832054703
vn -0.009799607225934414 -0.9995599184196055 -0.02799887832054703
vn -0.009799607225934414 -0.9995599184196055 -0.02799887832054703
vn -0.009799607225934414 -0.9995599184196055 -0.02799887832054703
vn -0.009700453582884967 -0.9995466848937758 -0.028501331866234346
vn -0.009700453582884967 -0.9995466848937758 -0.028501331866234346
vn -0.009700453582884967 -0.9995466848937758 -0.028501331866234346
vn -0.009700453582884967 -0.9995466848937758 -0.028501331866234346
vn -0.009700453582884967 -0.9995466848937758 -0.028501331866234346
vn -0.009700453582884967 -0.9995466848937758 -0.028501331866234346
vn -0.010200426278910463 -0.9995417117203756 -0.028501190059885877
vn -0.010200426278910463 -0.9995417117203756 -0.028501190059885877
vn -0.010200426278910463 -0.9995417117203756 -0.028501190059885877
vn -0.010200426278910463 -0.9995417117203756 -0.028501190059885877
vn -0.010200426278910463 -0.9995417117203756 -0.028501190059885877
vn -0.010200426278910463 -0.9995417117203756 -0.028501190059885877
vn -0.010099564544395014 -0.9995569349909481 -0.02799879475111371
vn -0.010099564544395014 -0.9995569349909481 -0.02799879475111371
vn -0.010099564544395014 -0.9995569349909481 -0.02799879475111371
vn -0.010099536217723516 -0.9995541314917659 -0.0280987114638475
vn -0.010099536217723516 -0.9995541314917659 -0.0280987114638475
vn -0.010099536217723516 -0.9995541314917659 -0.0280987114638475
vn -0.00969956635419219 -0.9995552758761691 -0.02819873899052792
vn -0.00969956635419219 -0.9995552758761691 -0.02819873899052792
vn -0.00969956635419219 -0.9995552758761691 -0.02819873899052792
vn -0.00969956635419219 -0.9995552758761691 -0.02819873899052792
vn -0.00969956635419219 -0.9995552758761691 -0.02819873899052792
vn -0.00969956635419219 -0.9995552758761691 -0.02819873899052792
vn 0.4710920644602014 0.5548906404560995 -0.6856884452408726
vn 0.47419141218250194 0.538690216930291 -0.6963873597330442
vn 0.4739002517453742 0.5388002983714275 -0.6965003875594986
vn 0.47840912005604974 0.5529105658655861 -0.6822130312456615
vn 0.4840183034085972 0.5385203783186104 -0.6897260935335445
vn 0.477988636883882 0.5531868728056372 -0.6822837729020148
vn 0.8986299129604904 0.4381146024554535 -0.02280075981017705
vn 0.9032767722048052 0.4281890016018235 -0.027299298571613267
vn 0.9033847324676118 0.42799276801267055 -0.026799546139329482
vn 0.9004047886537986 0.4346023152131827 -0.019800105571685152
vn 0.9038190573875158 0.4274089999820545 -0.020800438396399536
vn 0.8999619249656163 0.4354815833972956 -0.020599129446813247
vn 0.6407980947332385 0.3068990824828178 0.7036979145609686
vn 0.6407980947332385 0.3068990824828178 0.7036979145609686
vn 0.6407980947332385 0.3068990824828178 0.7036979145609686
vn 0.6416009837630189 0.3059004704288942 0.703401080341584
vn 0.6416009837630189 0.3059004704288942 0.703401080341584
vn 0.6416009837630189 0.3059004704288942 0.703401080341584
vn -0.08320234222635142 0.26180736054836823 0.9615270543311539
vn -0.08320234222635142 0.26180736054836823 0.9615270543311539
vn -0.08320234222635142 0.26180736054836823 0.9615270543311539
vn -0.0832994715833787 0.2618983403181508 0.9614938675688618
vn -0.0832994715833787 0.2618983403181508 0.9614938675688618
vn -0.0832994715833787 0.2618983403181508 0.9614938675688618
vn -0.7478073192354056 0.32840320357304753 0.577005675172191
vn -0.7478073192354056 0.32840320357304753 0.577005675172191
vn -0.7478073192354056 0.32840320357304753 0.577005675172191
vn -0.7476590099050958 0.3296819290558441 0.5764684124579157
vn -0.7476590099050958 0.3296819290558441 0.5764684124579157
vn -0.7476590099050958 0.3296819290558441 0.5764684124579157
vn -0.871128596499004 0.45351488571647924 -0.18830617832467497
vn -0.864292068441327 0.4664957262676514 -0.1880982663488129
vn -0.8643331887016811 0.4653178542706502 -0.19080732010523557
vn -0.8708979665636364 0.455598942623118 -0.18429958034683708
vn -0.8638762913887893 0.46798714795261864 -0.18629488057250923
vn -0.8707961310997449 0.4548979658666506 -0.1864991654461207
vn -0.3238836825328348 0.5587718063570568 -0.7634614781437514
vn -0.3238836825328348 0.5587718063570568 -0.7634614781437514
vn -0.3238836825328348 0.5587718063570568 -0.7634614781437514
vn -0.3236997892980413 0.5590995897068137 -0.7632994793644735
vn -0.3236997892980413 0.5590995897068137 -0.7632994793644735
vn -0.3236997892980413 0.5590995897068137 -0.7632994793644735
vn 0.4719289872277427 -0.36452238678639615 -0.8027493136376673
vn 0.4719289872277427 -0.36452238678639615 -0.8027493136376673
vn 0.4719289872277427 -0.36452238678639615 -0.8027493136376673
vn 0.4719860318589055 -0.3643892132929675 -0.8027762371706182
vn 0.4719860318589055 -0.3643892132929675 -0.8027762371706182
vn 0.4719860318589055 -0.3643892132929675 -0.8027762371706182
vn 0.9119872238994216 -0.3880945611856259 -0.13289813776860399
vn 0.9119872238994216 -0.3880945611856259 -0.13289813776860399
vn 0.9119872238994216 -0.3880945611856259 -0.13289813776860399
vn 0.9119872238994216 -0.3880945611856259 -0.13289813776860399
vn 0.9119872238994216 -0.3880945611856259 -0.13289813776860399
vn 0.9119872238994216 -0.3880945611856259 -0.13289813776860399
vn 0.6623666195277186 -0.4071794840537487 0.6288682923324608
vn 0.6623666195277186 -0.4071794840537487 0.6288682923324608
vn 0.6623666195277186 -0.4071794840537487 0.6288682923324608
vn 0.6624229379390753 -0.40731409516617123 0.6287217820078508
vn 0.6624229379390753 -0.40731409516617123 0.6287217820078508
vn 0.6624229379390753 -0.40731409516617123 0.6287217820078508
vn -0.08880263392399973 -0.407612083974383 0.9088269808969256
vn -0.08880263392399973 -0.407612083974383 0.9088269808969256
vn -0.08880263392399973 -0.407612083974383 0.9088269808969256
vn -0.08880263392399973 -0.407612083974383 0.9088269808969256
vn -0.08880263392399973 -0.407612083974383 0.9088269808969256
vn -0.08880263392399973 -0.407612083974383 0.9088269808969256
vn -0.7759828666608023 -0.38929138189235246 0.49628903940468605
vn -0.7759828666608023 -0.38929138189235246 0.49628903940468605
vn -0.7759828666608023 -0.38929138189235246 0.49628903940468605
vn -0.7760830307354236 -0.3890914878593677 0.4962891732446949
vn -0.7760830307354236 -0.3890914878593677 0.4962891732446949
vn -0.7760830307354236 -0.3890914878593677 0.4962891732446949
vn -0.8817567061499083 -0.36558204168059955 -0.2980853601911852
vn -0.8817567061499083 -0.36558204168059955 -0.2980853601911852
vn -0.8817567061499083 -0.36558204168059955 -0.2980853601911852
vn -0.8817344500951316 -0.36561428332501134 -0.29811164912524624
vn -0.8817344500951316 -0.36561428332501134 -0.29811164912524624
vn -0.8817344500951316 -0.36561428332501134 -0.29811164912524624
vn -0.3263938129280229 -0.3543932783029928 -0.8762833349870146
vn -0.3263938129280229 -0.3543932783029928 -0.8762833349870146
vn -0.3263938129280229 -0.3543932783029928 -0.8762833349870146
vn -0.32641083406885363 -0.3545117496973321 -0.8762290720633569
vn -0.32641083406885363 -0.3545117496973321 -0.8762290720633569
vn -0.32641083406885363 -0.3545117496973321 -0.8762290720633569
vn 0.6407927307275663 0.7627913259171325 0.08679901700072376
vn 0.6407927307275663 0.7627913259171325 0.08679901700072376
vn 0.6407927307275663 0.7627913259171325 0.08679901700072376
vn 0.6409005307935417 0.7627006340956728 0.08680007130535969
vn 0.6409005307935417 0.7627006340956728 0.08680007130535969
vn 0.6409005307935417 0.7627006340956728 0.08680007130535969
f 1/1/1 2/2/2 3/3/3
f 4/4/4 5/5/5 6/6/6
f 7/7/7 8/8/8 9/9/9
f 10/10/10 11/11/11 12/12/12
f 13/13/13 14/14/14 15/15/15
f 16/16/16 17/17/17 18/18/18
f 19/19/19 20/20/20 21/21/21
f 22/22/22 23/23/23 24/24/24
f 25/25/25 26/26/26 27/27/27
f 28/28/28 29/29/29 30/30/30
f 31/31/31 32/32/32 33/33/33
f 34/34/34 35/35/35 36/36/36
f 37/37/37 38/38/38 39/39/39
f 40/40/40 41/41/41 42/42/42
f 43/43/43 44/44/44 45/45/45
f 46/46/46 47/47/47 48/48/48
f 49/49/49 50/50/50 51/51/51
f 52/52/52 53/53/53 54/54/54
f 55/55/55 56/56/56 57/57/57
f 58/58/58 59/59/59 60/60/60
f 61/61/61 62/62/62 63/63/63
f 64/64/64 65/65/65 66/66/66
f 67/67/67 68/68/68 69/69/69
f 70/70/70 71/71/71 72/72/72
f 73/73/73 74/74/74 75/75/75
f 76/76/76 77/77/77 78/78/78
f 79/79/79 80/80/80 81/81/81
f 82/82/82 83/83/83 84/84/84
f 85/85/85 86/86/86 87/87/87
f 88/88/88 89/89/89 90/90/90
f 91/91/91 92/92/92 93/93/93
f 94/94/94 95/95/95 96/96/96
f 97/97/97 98/98/98 99/99/99
f 100/100/100 101/101/101 102/102/102
f 103/103/103 104/104/104 105/105/105
f 106/106/106 107/107/107 108/108/108
f 109/109/109 110/110/110 111/111/111
f 112/112/112 113/113/113 114/114/114
f 115/115/115 116/116/116 117/117/117
f 118/118/118 119/119/119 120/120/120
f 121/121/121 122/122/122 123/123/123
f 124/124/124 125/125/125 126/126/126
f 127/127/127 128/128/128 129/129/129
f 130/130/130 131/131/131 132/132/132
f 133/133/133 134/134/134 135/135/135
f 136/136/136 137/137/137 138/138/138
f 139/139/139 140/140/140 141/141/141
f 142/142/142 143/143/143 144/144/144
f 145/145/145 146/146/146 147/147/147
f 148/148/148 149/149/149 150/150/150
f 151/151/151 152/152/152 153/153/153
f 154/154/154 155/155/155 156/156/156
f 157/157/157 158/158/158 159/159/159
f 160/160/160 161/161/161 162/162/162
f 163/163/163 164/164/164 165/165/165
f 166/166/166 167/167/167 168/168/168
f 169/169/169 170/170/170 171/171/171
f 172/172/172 173/173/173 174/174/174
f 175/175/175 176/176/176 177/177/177
f 178/178/178 179/179/179 180/180/180
f 181/181/181 182/182/182 183/183/183
f 184/184/184 185/185/185 186/186/186
f 187/187/187 188/188/188 189/189/189
f 190/190/190 191/191/191 192/192/192
f 193/193/193 194/194/194 195/195/195
f 196/196/196 197/197/197 198/198/198
f 199/199/199 200/200/200 201/201/201
f 202/202/202 203/203/203 204/204/204
f 205/205/205 206/206/206 207/207/207
f 208/208/208 209/209/209 210/210/210
f 211/211/211 212/212/212 213/213/213
f 214/214/214 215/215/215 216/216/216
f 217/217/217 218/218/218 219/219/219
f 220/220/220 221/221/221 222/222/222
f 223/223/223 224/224/224 225/225/225
f 226/226/226 227/227/227 228/228/228
f 229/229/229 230/230/230 231/231/231
f 232/232/232 233/233/233 234/234/234
f 235/235/235 236/236/236 237/237/237
f 238/238/238 239/239/239 240/240/240
f 241/241/241 242/242/242 243/243/243
f 244/244/244 245/245/245 246/246/246
f 247/247/247 248/248/248 249/249/249
f 250/250/250 251/251/251 252/252/252
f 253/253/253 254/254/254 255/255/255
f 256/256/256 257/257/257 258/258/258
f 259/259/259 260/260/260 261/261/261
f 262/262/262 263/263/263 264/264/264
f 265/265/265 266/266/266 267/267/267
f 268/268/268 269/269/269 270/270/270
f 271/271/271 272/272/272 273/273/273
f 274/274/274 275/275/275 276/276/276
f 277/277/277 278/278/278 279/279/279
f 280/280/280 281/281/281 282/282/282
f 283/283/283 284/284/284 285/285/285
f 286/286/286 287/287/287 288/288/288
f 289/289/289 290/290/290 291/291/291
f 292/292/292 293/293/293 294/294/294
f 295/295/295 296/296/296 297/297/297
f 298/298/298 299/299/299 300/300/300
f 301/301/301 302/302/302 303/303/303
f 304/304/304 305/305/305 306/306/306
f 307/307/307 308/308/308 309/309/309
f 310/310/310 311/311/311 312/312/312
f 313/313/313 314/314/314 315/315/315
f 316/316/316 317/317/317 318/318/318
f 319/319/319 320/320/320 321/321/321
f 322/322/322 323/323/323 324/324/324
f 325/325/325 326/326/326 327/327/327
f 328/328/328 329/329/329 330/330/330
f 331/331/331 332/332/332 333/333/333
f 334/334/334 335/335/335 336/336/336
f 337/337/337 338/338/338 339/339/339
f 340/340/340 341/341/341 342/342/342
f 343/343/343 344/344/344 345/345/345
f 346/346/346 347/347/347 348/348/348
f 349/349/349 350/350/350 351/351/351
f 352/352/352 353/353/353 354/354/354
f 355/355/355 356/356/356 357/357/357
f 358/358/358 359/359/359 360/360/360
f 361/361/361 362/362/362 363/363/363
f 364/364/364 365/365/365 366/366/366
f 367/367/367 368/368/368 369/369/369
f 370/370/370 371/371/371 372/372/372
f 373/373/373 374/374/374 375/375/375
f 376/376/376 377/377/377 378/378/378
f 379/379/379 380/380/380 381/381/381
f 382/382/382 383/383/383 384/384/384
f 385/385/385 386/386/386 387/387/387
f 388/388/388 389/389/389 390/390/390
f 391/391/391 392/392/392 393/393/393
f 394/394/394 395/395/395 396/396/396
f 397/397/397 398/398/398 399/399/399
f 400/400/400 401/401/401 402/402/402
f 403/403/403 404/404/404 405/405/405
f 406/406/406 407/407/407 408/408/408
f 409/409/409 410/410/410 411/411/411
f 412/412/412 413/413/413 414/414/414
f 415/415/415 416/416/416 417/417/417
f 418/418/418 419/419/419 420/420/420
f 421/421/421 422/422/422 423/423/423
f 424/424/424 425/425/425 426/426/426
f 427/427/427 428/428/428 429/429/429
f 430/430/430 431/431/431 432/432/432
f 433/433/433 434/434/434 435/435/435
f 436/436/436 437/437/437 438/438/438
f 439/439/439 440/440/440 441/441/441
f 442/442/442 443/443/443 444/444/444
f 445/445/445 446/446/446 447/447/447
f 448/448/448 449/449/449 450/450/450
f 451/451/451 452/452/452 453/453/453
f 454/454/454 455/455/455 456/456/456
f 457/457/457 458/458/458 459/459/459
f 460/460/460 461/461/461 462/462/462
f 463/463/463 464/464/464 465/465/465
f 466/466/466 467/467/467 468/468/468
f 469/469/469 470/470/470 471/471/471
f 472/472/472 473/473/473 474/474/474
f 475/475/475 476/476/476 477/477/477
f 478/478/478 479/479/479 480/480/480
f 481/481/481 482/482/482 483/483/483
f 484/484/484 485/485/485 486/486/486
f 487/487/487 488/488/488 489/489/489
f 490/490/490 491/491/491 492/492/492
f 493/493/493 494/494/494 495/495/495
f 496/496/496 497/497/497 498/498/498
f 499/499/499 500/500/500 501/501/501
f 502/502/502 503/503/503 504/504/504
f 505/505/505 506/506/506 507/507/507
f 508/508/508 509/509/509 510/510/510
f 511/511/511 512/512/512 513/513/513
f 514/514/514 515/515/515 516/516/516
f 517/517/517 518/518/518 519/519/519
f 520/520/520 521/521/521 522/522/522
f 523/523/523 524/524/524 525/525/525
f 526/526/526 527/527/527 528/528/528
f 529/529/529 530/530/530 531/531/531
f 532/532/532 533/533/533 534/534/534
f 535/535/535 536/536/536 537/537/537
f 538/538/538 539/539/539 540/540/540
f 541/541/541 542/542/542 543/543/543
f 544/544/544 545/545/545 546/546/546
f 547/547/547 548/548/548 549/549/549
f 550/550/550 551/551/551 552/552/552
f 553/553/553 554/554/554 555/555/555
f 556/556/556 557/557/557 558/558/558
f 559/559/559 560/560/560 561/561/561
f 562/562/562 563/563/563 564/564/564
f 565/565/565 566/566/566 567/567/567
f 568/568/568 569/569/569 570/570/570
f 571/571/571 572/572/572 573/573/573
f 574/574/574 575/575/575 576/576/576
f 577/577/577 578/578/578 579/579/579
f 580/580/580 581/581/581 582/582/582
f 583/583/583 584/584/584 585/585/585
f 586/586/586 587/587/587 588/588/588
f 589/589/589 590/590/590 591/591/591
f 592/592/592 593/593/593 594/594/594
f 595/595/595 596/596/596 597/597/597
f 598/598/598 599/599/599 600/600/600
f 601/601/601 602/602/602 603/603/603
f 604/604/604 605/605/605 606/606/606
f 607/607/607 608/608/608 609/609/609
f 610/610/610 611/611/611 612/612/612
f 613/613/613 614/614/614 615/615/615
f 616/616/616 617/617/617 618/618/618
f 619/619/619 620/620/620 621/621/621
f 622/622/622 623/623/623 624/624/624
f 625/625/625 626/626/626 627/627/627
f 628/628/628 629/629/629 630/630/630
f 631/631/631 632/632/632 633/633/633
f 634/634/634 635/635/635 636/636/636
f 637/637/637 638/638/638 639/639/639
f 640/640/640 641/641/641 642/642/642
f 643/643/643 644/644/644 645/645/645
f 646/646/646 647/647/647 648/648/648
f 649/649/649 650/650/650 651/651/651
f 652/652/652 653/653/653 654/654/654
f 655/655/655 656/656/656 657/657/657
f 658/658/658 659/659/659 660/660/660
f 661/661/661 662/662/662 663/663/663
f 664/664/664 665/665/665 666/666/666
f 667/667/667 668/668/668 669/669/669
f 670/670/670 671/671/671 672/672/672
f 673/673/673 674/674/674 675/675/675
f 676/676/676 677/677/677 678/678/678
f 679/679/679 680/680/680 681/681/681
f 682/682/682 683/683/683 684/684/684
f 685/685/685 686/686/686 687/687/687
f 688/688/688 689/689/689 690/690/690
f 691/691/691 692/692/692 693/693/693
f 694/694/694 695/695/695 696/696/696
f 697/697/697 698/698/698 699/699/699
f 700/700/700 701/701/701 702/702/702
f 703/703/703 704/704/704 705/705/705
f 706/706/706 707/707/707 708/708/708
f 709/709/709 710/710/710 711/711/711
f 712/712/712 713/713/713 714/714/714
f 715/715/715 716/716/716 717/717/717
f 718/718/718 719/719/719 720/720/720
f 721/721/721 722/722/722 723/723/723
f 724/724/724 725/725/725 726/726/726
f 727/727/727 728/728/728 729/729/729
f 730/730/730 731/731/731 732/732/732
f 733/733/733 734/734/734 735/735/735
f 736/736/736 737/737/737 738/738/738
f 739/739/739 740/740/740 741/741/741
f 742/742/742 743/743/743 744/744/744
f 745/745/745 746/746/746 747/747/747
f 748/748/748 749/749/749 750/750/750
f 751/751/751 752/752/752 753/753/753
f 754/754/754 755/755/755 756/756/756
f 757/757/757 758/758/758 759/759/759
f 760/760/760 761/761/761 762/762/762
f 763/763/763 764/764/764 765/765/765
f 766/766/766 767/767/767 768/768/768
f 769/769/769 770/770/770 771/771/771
f 772/772/772 773/773/773 774/774/774
f 775/775/775 776/776/776 777/777/777
f 778/778/778 779/779/779 780/780/780
f 781/781/781 782/782/782 783/783/783
f 784/784/784 785/785/785 786/786/786
f 787/787/787 788/788/788 789/789/789
f 790/790/790 791/791/791 792/792/792
f 793/793/793 794/794/794 795/795/795
f 796/796/796 797/797/797 798/798/798
f 799/799/799 800/800/800 801/801/801
f 802/802/802 803/803/803 804/804/804
f 805/805/805 806/806/806 807/807/807
f 808/808/808 809/809/809 810/810/810
f 811/811/811 812/812/812 813/813/813
f 814/814/814 815/815/815 816/816/816
f 817/817/817 818/818/818 819/819/819
f 820/820/820 821/821/821 822/822/822
f 823/823/823 824/824/824 825/825/825
f 826/826/826 827/827/827 828/828/828
f 829/829/829 830/830/830 831/831/831
f 832/832/832 833/833/833 834/834/834
f 835/835/835 836/836/836 837/837/837
f 838/838/838 839/839/839 840/840/840
f 841/841/841 842/842/842 843/843/843
f 844/844/844 845/845/845 846/846/846
f 847/847/847 848/848/848 849/849/849
f 850/850/850 851/851/851 852/852/852
f 853/853/853 854/854/854 855/855/855
f 856/856/856 857/857/857 858/858/858
f 859/859/859 860/860/860 861/861/861
f 862/862/862 863/863/863 864/864/864
f 865/865/865 866/866/866 867/867/867
f 868/868/868 869/869/869 870/870/870
f 871/871/871 872/872/872 873/873/873
f 874/874/874 875/875/875 876/876/876
f 877/877/877 878/878/878 879/879/879
f 880/880/880 881/881/881 882/882/882
f 883/883/883 884/884/884 885/885/885
f 886/886/886 887/887/887 888/888/888
f 889/889/889 890/890/890 891/891/891
f 892/892/892 893/893/893 894/894/894
f 895/895/895 896/896/896 897/897/897
f 898/898/898 899/899/899 900/900/900
f 901/901/901 902/902/902 903/903/903
f 904/904/904 905/905/905 906/906/906
f 907/907/907 908/908/908 909/909/909
f 910/910/910 911/911/911 912/912/912
f 913/913/913 914/914/914 915/915/915
f 916/916/916 917/917/917 918/918/918
f 919/919/919 920/920/920 921/921/921
f 922/922/922 923/923/923 924/924/924
f 925/925/925 926/926/926 927/927/927
f 928/928/928 929/929/929 930/930/930
f 931/931/931 932/932/932 933/933/933
f 934/934/934 935/935/935 936/936/936
f 937/937/937 938/938/938 939/939/939
f 940/940/940 941/941/941 942/942/942
f 943/943/943 944/944/944 945/945/945
f 946/946/946 947/947/947 948/948/948
f 949/949/949 950/950/950 951/951/951
f 952/952/952 953/953/953 954/954/954
f 955/955/955 956/956/956 957/957/957
f 958/958/958 959/959/959 960/960/960
f 961/961/961 962/962/962 963/963/963
f 964/964/964 965/965/965 966/966/966
f 967/967/967 968/968/968 969/969/969
f 970/970/970 971/971/971 972/972/972
f 973/973/973 974/974/974 975/975/975
f 976/976/976 977/977/977 978/978/978
f 979/979/979 980/980/980 981/981/981
f 982/982/982 983/983/983 984/984/984
f 985/985/985 986/986/986 987/987/987
f 988/988/988 989/989/989 990/990/990
f 991/991/991 992/992/992 993/993/993
f 994/994/994 995/995/995 996/996/996
f 997/997/997 998/998/998 999/999/999
f 1000/1000/1000 1001/1001/1001 1002/1002/1002
f 1003/1003/1003 1004/1004/1004 1005/1005/1005
f 1006/1006/1006 1007/1007/1007 1008/1008/1008
f 1009/1009/1009 1010/1010/1010 1011/1011/1011
f 1012/1012/1012 1013/1013/1013 1014/1014/1014
f 1015/1015/1015 1016/1016/1016 1017/1017/1017
f 1018/1018/1018 1019/1019/1019 1020/1020/1020
f 1021/1021/1021 1022/1022/1022 1023/1023/1023
f 1024/1024/1024 1025/1025/1025 1026/1026/1026
f 1027/1027/1027 1028/1028/1028 1029/1029/1029
f 1030/1030/1030 1031/1031/1031 1032/1032/1032
f 1033/1033/1033 1034/1034/1034 1035/1035/1035
f 1036/1036/1036 1037/1037/1037 1038/1038/1038
f 1039/1039/1039 1040/1040/1040 1041/1041/1041
f 1042/1042/1042 1043/1043/1043 1044/1044/1044
f 1045/1045/1045 1046/1046/1046 1047/1047/1047
f 1048/1048/1048 1049/1049/1049 1050/1050/1050
f 1051/1051/1051 1052/1052/1052 1053/1053/1053
f 1054/1054/1054 1055/1055/1055 1056/1056/1056
f 1057/1057/1057 1058/1058/1058 1059/1059/1059
f 1060/1060/1060 1061/1061/1061 1062/1062/1062
f 1063/1063/1063 1064/1064/1064 1065/1065/1065
f 1066/1066/1066 1067/1067/1067 1068/1068/1068
f 1069/1069/1069 1070/1070/1070 1071/1071/1071
f 1072/1072/1072 1073/1073/1073 1074/1074/1074
f 1075/1075/1075 1076/1076/1076 1077/1077/1077
f 1078/1078/1078 1079/1079/1079 1080/1080/1080
f 1081/1081/1081 1082/1082/1082 1083/1083/1083
f 1084/1084/1084 1085/1085/1085 1086/1086/1086
f 1087/1087/1087 1088/1088/1088 1089/1089/1089
f 1090/1090/1090 1091/1091/1091 1092/1092/1092
f 1093/1093/1093 1094/1094/1094 1095/1095/1095
f 1096/1096/1096 1097/1097/1097 1098/1098/1098
f 1099/1099/1099 1100/1100/1100 1101/1101/1101
f 1102/1102/1102 1103/1103/1103 1104/1104/1104
f 1105/1105/1105 1106/1106/1106 1107/1107/1107
f 1108/1108/1108 1109/1109/1109 1110/1110/1110
f 1111/1111/1111 1112/1112/1112 1113/1113/1113
f 1114/1114/1114 1115/1115/1115 1116/1116/1116
f 1117/1117/1117 1118/1118/1118 1119/1119/1119
f 1120/1120/1120 1121/1121/1121 1122/1122/1122
f 1123/1123/1123 1124/1124/1124 1125/1125/1125
f 1126/1126/1126 1127/1127/1127 1128/1128/1128
f 1129/1129/1129 1130/1130/1130 1131/1131/1131
f 1132/1132/1132 1133/1133/1133 1134/1134/1134
f 1135/1135/1135 1136/1136/1136 1137/1137/1137
f 1138/1138/1138 1139/1139/1139 1140/1140/1140
f 1141/1141/1141 1142/1142/1142 1143/1143/1143
f 1144/1144/1144 1145/1145/1145 1146/1146/1146
f 1147/1147/1147 1148/1148/1148 1149/1149/1149
f 1150/1150/1150 1151/1151/1151 1152/1152/1152
f 1153/1153/1153 1154/1154/1154 1155/1155/1155
f 1156/1156/1156 1157/1157/1157 1158/1158/1158
f 1159/1159/1159 1160/1160/1160 1161/1161/1161
f 1162/1162/1162 1163/1163/1163 1164/1164/1164
f 1165/1165/1165 1166/1166/1166 1167/1167/1167
f 1168/1168/1168 1169/1169/1169 1170/1170/1170
f 1171/1171/1171 1172/1172/1172 1173/1173/1173
f 1174/1174/1174 1175/1175/1175 1176/1176/1176
f 1177/1177/1177 1178/1178/1178 1179/1179/1179
f 1180/1180/1180 1181/1181/1181 1182/1182/1182
f 1183/1183/1183 1184/1184/1184 1185/1185/1185
f 1186/1186/1186 1187/1187/1187 1188/1188/1188
f 1189/1189/1189 1190/1190/1190 1191/1191/1191
f 1192/1192/1192 1193/1193/1193 1194/1194/1194
f 1195/1195/1195 1196/1196/1196 1197/1197/1197
f 1198/1198/1198 1199/1199/1199 1200/1200/1200
f 1201/1201/1201 1202/1202/1202 1203/1203/1203
f 1204/1204/1204 1205/1205/1205 1206/1206/1206
f 1207/1207/1207 1208/1208/1208 1209/1209/1209
f 1210/1210/1210 1211/1211/1211 1212/1212/1212
f 1213/1213/1213 1214/1214/1214 1215/1215/1215
f 1216/1216/1216 1217/1217/1217 1218/1218/1218
f 1219/1219/1219 1220/1220/1220 1221/1221/1221
f 1222/1222/1222 1223/1223/1223 1224/1224/1224
f 1225/1225/1225 1226/1226/1226 1227/1227/1227
f 1228/1228/1228 1229/1229/1229 1230/1230/1230
f 1231/1231/1231 1232/1232/1232 1233/1233/1233
f 1234/1234/1234 1235/1235/1235 1236/1236/1236
f 1237/1237/1237 1238/1238/1238 1239/1239/1239
f 1240/1240/1240 1241/1241/1241 1242/1242/1242
f 1243/1243/1243 1244/1244/1244 1245/1245/1245
f 1246/1246/1246 1247/1247/1247 1248/1248/1248
f 1249/1249/1249 1250/1250/1250 1251/1251/1251
f 1252/1252/1252 1253/1253/1253 1254/1254/1254
f 1255/1255/1255 1256/1256/1256 1257/1257/1257
f 1258/1258/1258 1259/1259/1259 1260/1260/1260
f 1261/1261/1261 1262/1262/1262 1263/1263/1263
f 1264/1264/1264 1265/1265/1265 1266/1266/1266
f 1267/1267/1267 1268/1268/1268 1269/1269/1269
f 1270/1270/1270 1271/1271/1271 1272/1272/1272
f 1273/1273/1273 1274/1274/1274 1275/1275/1275
f 1276/1276/1276 1277/1277/1277 1278/1278/1278
f 1279/1279/1279 1280/1280/1280 1281/1281/1281
f 1282/1282/1282 1283/1283/1283 1284/1284/1284
f 1285/1285/1285 1286/1286/1286 1287/1287/1287
f 1288/1288/1288 1289/1289/1289 1290/1290/1290
f 1291/1291/1291 1292/1292/1292 1293/1293/1293
f 1294/1294/1294 1295/1295/1295 1296/1296/1296
f 1297/1297/1297 1298/1298/1298 1299/1299/1299
f 1300/1300/1300 1301/1301/1301 1302/1302/1302
f 1303/1303/1303 1304/1304/1304 1305/1305/1305
f 1306/1306/1306 1307/1307/1307 1308/1308/1308
f 1309/1309/1309 1310/1310/1310 1311/1311/1311
f 1312/1312/1312 1313/1313/1313 1314/1314/1314
f 1315/1315/1315 1316/1316/1316 1317/1317/1317
f 1318/1318/1318 1319/1319/1319 1320/1320/1320
f 1321/1321/1321 1322/1322/1322 1323/1323/1323
f 1324/1324/1324 1325/1325/1325 1326/1326/1326
f 1327/1327/1327 1328/1328/1328 1329/1329/1329
f 1330/1330/1330 1331/1331/1331 1332/1332/1332
f 1333/1333/1333 1334/1334/1334 1335/1335/1335
f 1336/1336/1336 1337/1337/1337 1338/1338/1338
f 1339/1339/1339 1340/1340/1340 1341/1341/1341
f 1342/1342/1342 1343/1343/1343 1344/1344/1344
f 1345/1345/1345 1346/1346/1346 1347/1347/1347
f 1348/1348/1348 1349/1349/1349 1350/1350/1350
f 1351/1351/1351 1352/1352/1352 1353/1353/1353
f 1354/1354/1354 1355/1355/1355 1356/1356/1356
f 1357/1357/1357 1358/1358/1358 1359/1359/1359
f 1360/1360/1360 1361/1361/1361 1362/1362/1362
f 1363/1363/1363 1364/1364/1364 1365/1365/1365
f 1366/1366/1366 1367/1367/1367 1368/1368/1368
f 1369/1369/1369 1370/1370/1370 1371/1371/1371
f 1372/1372/1372 1373/1373/1373 1374/1374/1374
f 1375/1375/1375 1376/1376/1376 1377/1377/1377
f 1378/1378/1378 1379/1379/1379 1380/1380/1380
f 1381/1381/1381 1382/1382/1382 1383/1383/1383
f 1384/1384/1384 1385/1385/1385 1386/1386/1386
f 1387/1387/1387 1388/1388/1388 1389/1389/1389
f 1390/1390/1390 1391/1391/1391 1392/1392/1392
f 1393/1393/1393 1394/1394/1394 1395/1395/1395
f 1396/1396/1396 1397/1397/1397 1398/1398/1398
f 1399/1399/1399 1400/1400/1400 1401/1401/1401
f 1402/1402/1402 1403/1403/1403 1404/1404/1404
f 1405/1405/1405 1406/1406/1406 1407/1407/1407
f 1408/1408/1408 1409/1409/1409 1410/1410/1410
f 1411/1411/1411 1412/1412/1412 1413/1413/1413
f 1414/1414/1414 1415/1415/1415 1416/1416/1416
f 1417/1417/1417 1418/1418/1418 1419/1419/1419
f 1420/1420/1420 1421/1421/1421 1422/1422/1422
f 1423/1423/1423 1424/1424/1424 1425/1425/1425
f 1426/1426/1426 1427/1427/1427 1428/1428/1428
f 1429/1429/1429 1430/1430/1430 1431/1431/1431
f 1432/1432/1432 1433/1433/1433 1434/1434/1434
f 1435/1435/1435 1436/1436/1436 1437/1437/1437
f 1438/1438/1438 1439/1439/1439 1440/1440/1440
f 1441/1441/1441 1442/1442/1442 1443/1443/1443
f 1444/1444/1444 1445/1445/1445 1446/1446/1446
f 1447/1447/1447 1448/1448/1448 1449/1449/1449
f 1450/1450/1450 1451/1451/1451 1452/1452/1452
f 1453/1453/1453 1454/1454/1454 1455/1455/1455
f 1456/1456/1456 1457/1457/1457 1458/1458/1458
f 1459/1459/1459 1460/1460/1460 1461/1461/1461
f 1462/1462/1462 1463/1463/1463 1464/1464/1464
f 1465/1465/1465 1466/1466/1466 1467/1467/1467
f 1468/1468/1468 1469/1469/1469 1470/1470/1470
f 1471/1471/1471 1472/1472/1472 1473/1473/1473
f 1474/1474/1474 1475/1475/1475 1476/1476/1476
f 1477/1477/1477 1478/1478/1478 1479/1479/1479
f 1480/1480/1480 1481/1481/1481 1482/1482/1482
f 1483/1483/1483 1484/1484/1484 1485/1485/1485
f 1486/1486/1486 1487/1487/1487 1488/1488/1488
f 1489/1489/1489 1490/1490/1490 1491/1491/1491
f 1492/1492/1492 1493/1493/1493 1494/1494/1494
f 1495/1495/1495 1496/1496/1496 1497/1497/1497
f 1498/1498/1498 1499/1499/1499 1500/1500/1500
f 1501/1501/1501 1502/1502/1502 1503/1503/1503
f 1504/1504/1504 1505/1505/1505 1506/1506/1506
f 1507/1507/1507 1508/1508/1508 1509/1509/1509
f 1510/1510/1510 1511/1511/1511 1512/1512/1512
f 1513/1513/1513 1514/1514/1514 1515/1515/1515
f 1516/1516/1516 1517/1517/1517 1518/1518/1518
f 1519/1519/1519 1520/1520/1520 1521/1521/1521
f 1522/1522/1522 1523/1523/1523 1524/1524/1524
f 1525/1525/1525 1526/1526/1526 1527/1527/1527
f 1528/1528/1528 1529/1529/1529 1530/1530/1530
f 1531/1531/1531 1532/1532/1532 1533/1533/1533
f 1534/1534/1534 1535/1535/1535 1536/1536/1536
f 1537/1537/1537 1538/1538/1538 1539/1539/1539
f 1540/1540/1540 1541/1541/1541 1542/1542/1542
f 1543/1543/1543 1544/1544/1544 1545/1545/1545
f 1546/1546/1546 1547/1547/1547 1548/1548/1548
f 1549/1549/1549 1550/1550/1550 1551/1551/1551
f 1552/1552/1552 1553/1553/1553 1554/1554/1554
f 1555/1555/1555 1556/1556/1556 1557/1557/1557
f 1558/1558/1558 1559/1559/1559 1560/1560/1560
f 1561/1561/1561 1562/1562/1562 1563/1563/1563
f 1564/1564/1564 1565/1565/1565 1566/1566/1566
f 1567/1567/1567 1568/1568/1568 1569/1569/1569
f 1570/1570/1570 1571/1571/1571 1572/1572/1572
f 1573/1573/1573 1574/1574/1574 1575/1575/1575
f 1576/1576/1576 1577/1577/1577 1578/1578/1578
f 1579/1579/1579 1580/1580/1580 1581/1581/1581
f 1582/1582/1582 1583/1583/1583 1584/1584/1584
f 1585/1585/1585 1586/1586/1586 1587/1587/1587
f 1588/1588/1588 1589/1589/1589 1590/1590/1590
f 1591/1591/1591 1592/1592/1592 1593/1593/1593
f 1594/1594/1594 1595/1595/1595 1596/1596/1596
f 1597/1597/1597 1598/1598/1598 1599/1599/1599
f 1600/1600/1600 1601/1601/1601 1602/1602/1602
f 1603/1603/1603 1604/1604/1604 1605/1605/1605
f 1606/1606/1606 1607/1607/1607 1608/1608/1608
f 1609/1609/1609 1610/1610/1610 1611/1611/1611
f 1612/1612/1612 1613/1613/1613 1614/1614/1614
f 1615/1615/1615 1616/1616/1616 1617/1617/1617
f 1618/1618/1618 1619/1619/1619 1620/1620/1620
f 1621/1621/1621 1622/1622/1622 1623/1623/1623
f 1624/1624/1624 1625/1625/1625 1626/1626/1626
f 1627/1627/1627 1628/1628/1628 1629/1629/1629
f 1630/1630/1630 1631/1631/1631 1632/1632/1632
f 1633/1633/1633 1634/1634/1634 1635/1635/1635
f 1636/1636/1636 1637/1637/1637 1638/1638/1638
f 1639/1639/1639 1640/1640/1640 1641/1641/1641
f 1642/1642/1642 1643/1643/1643 1644/1644/1644
f 1645/1645/1645 1646/1646/1646 1647/1647/1647
f 1648/1648/1648 1649/1649/1649 1650/1650/1650
f 1651/1651/1651 1652/1652/1652 1653/1653/1653
f 1654/1654/1654 1655/1655/1655 1656/1656/1656
f 1657/1657/1657 1658/1658/1658 1659/1659/1659
f 1660/1660/1660 1661/1661/1661 1662/1662/1662
f 1663/1663/1663 1664/1664/1664 1665/1665/1665
f 1666/1666/1666 1667/1667/1667 1668/1668/1668
f 1669/1669/1669 1670/1670/1670 1671/1671/1671
f 1672/1672/1672 1673/1673/1673 1674/1674/1674
f 1675/1675/1675 1676/1676/1676 1677/1677/1677
f 1678/1678/1678 1679/1679/1679 1680/1680/1680
f 1681/1681/1681 1682/1682/1682 1683/1683/1683
f 1684/1684/1684 1685/1685/1685 1686/1686/1686
f 1687/1687/1687 1688/1688/1688 1689/1689/1689
f 1690/1690/1690 1691/1691/1691 1692/1692/1692
f 1693/1693/1693 1694/1694/1694 1695/1695/1695
f 1696/1696/1696 1697/1697/1697 1698/1698/1698
f 1699/1699/1699 1700/1700/1700 1701/1701/1701
f 1702/1702/1702 1703/1703/1703 1704/1704/1704
f 1705/1705/1705 1706/1706/1706 1707/1707/1707
f 1708/1708/1708 1709/1709/1709 1710/1710/1710
f 1711/1711/1711 1712/1712/1712 1713/1713/1713
f 1714/1714/1714 1715/1715/1715 1716/1716/1716
f 1717/1717/1717 1718/1718/1718 1719/1719/1719
f 1720/1720/1720 1721/1721/1721 1722/1722/1722
f 1723/1723/1723 1724/1724/1724 1725/1725/1725
f 1726/1726/1726 1727/1727/1727 1728/1728/1728
f 1729/1729/1729 1730/1730/1730 1731/1731/1731
f 1732/1732/1732 1733/1733/1733 1734/1734/1734
f 1735/1735/1735 1736/1736/1736 1737/1737/1737
f 1738/1738/1738 1739/1739/1739 1740/1740/1740
f 1741/1741/1741 1742/1742/1742 1743/1743/1743
f 1744/1744/1744 1745/1745/1745 1746/1746/1746
f 1747/1747/1747 1748/1748/1748 1749/1749/1749
f 1750/1750/1750 1751/1751/1751 1752/1752/1752
f 1753/1753/1753 1754/1754/1754 1755/1755/1755
f 1756/1756/1756 1757/1757/1757 1758/1758/1758
f 1759/1759/1759 1760/1760/1760 1761/1761/1761
f 1762/1762/1762 1763/1763/1763 1764/1764/1764
f 1765/1765/1765 1766/1766/1766 1767/1767/1767
f 1768/1768/1768 1769/1769/1769 1770/1770/1770
f 1771/1771/1771 1772/1772/1772 1773/1773/1773
f 1774/1774/1774 1775/1775/1775 1776/1776/1776
f 1777/1777/1777 1778/1778/1778 1779/1779/1779
f 1780/1780/1780 1781/1781/1781 1782/1782/1782
f 1783/1783/1783 1784/1784/1784 1785/1785/1785
f 1786/1786/1786 1787/1787/1787 1788/1788/1788
f 1789/1789/1789 1790/1790/1790 1791/1791/1791
f 1792/1792/1792 1793/1793/1793 1794/1794/1794
f 1795/1795/1795 1796/1796/1796 1797/1797/1797
f 1798/1798/1798 1799/1799/1799 1800/1800/1800
f 1801/1801/1801 1802/1802/1802 1803/1803/1803
f 1804/1804/1804 1805/1805/1805 1806/1806/1806
f 1807/1807/1807 1808/1808/1808 1809/1809/1809
f 1810/1810/1810 1811/1811/1811 1812/1812/1812
f 1813/1813/1813 1814/1814/1814 1815/1815/1815
f 1816/1816/1816 1817/1817/1817 1818/1818/1818
f 1819/1819/1819 1820/1820/1820 1821/1821/1821
f 1822/1822/1822 1823/1823/1823 1824/1824/1824
f 1825/1825/1825 1826/1826/1826 1827/1827/1827
f 1828/1828/1828 1829/1829/1829 1830/1830/1830
f 1831/1831/1831 1832/1832/1832 1833/1833/1833
f 1834/1834/1834 1835/1835/1835 1836/1836/1836
f 1837/1837/1837 1838/1838/1838 1839/1839/1839
f 1840/1840/1840 1841/1841/1841 1842/1842/1842
f 1843/1843/1843 1844/1844/1844 1845/1845/1845
f 1846/1846/1846 1847/1847/1847 1848/1848/1848
f 1849/1849/1849 1850/1850/1850 1851/1851/1851
f 1852/1852/1852 1853/1853/1853 1854/1854/1854
f 1855/1855/1855 1856/1856/1856 1857/1857/1857
f 1858/1858/1858 1859/1859/1859 1860/1860/1860
f 1861/1861/1861 1862/1862/1862 1863/1863/1863
f 1864/1864/1864 1865/1865/1865 1866/1866/1866
f 1867/1867/1867 1868/1868/1868 1869/1869/1869
f 1870/1870/1870 1871/1871/1871 1872/1872/1872
f 1873/1873/1873 1874/1874/1874 1875/1875/1875
f 1876/1876/1876 1877/1877/1877 1878/1878/1878
f 1879/1879/1879 1880/1880/1880 1881/1881/1881
f 1882/1882/1882 1883/1883/1883 1884/1884/1884
f 1885/1885/1885 1886/1886/1886 1887/1887/1887
f 1888/1888/1888 1889/1889/1889 1890/1890/1890
f 1891/1891/1891 1892/1892/1892 1893/1893/1893
f 1894/1894/1894 1895/1895/1895 1896/1896/1896
f 1897/1897/1897 1898/1898/1898 1899/1899/1899
f 1900/1900/1900 1901/1901/1901 1902/1902/1902
f 1903/1903/1903 1904/1904/1904 1905/1905/1905
f 1906/1906/1906 1907/1907/1907 1908/1908/1908
f 1909/1909/1909 1910/1910/1910 1911/1911/1911
f 1912/1912/1912 1913/1913/1913 1914/1914/1914
f 1915/1915/1915 1916/1916/1916 1917/1917/1917
f 1918/1918/1918 1919/1919/1919 1920/1920/1920
f 1921/1921/1921 1922/1922/1922 1923/1923/1923
f 1924/1924/1924 1925/1925/1925 1926/1926/1926
f 1927/1927/1927 1928/1928/1928 1929/1929/1929
f 1930/1930/1930 1931/1931/1931 1932/1932/1932
f 1933/1933/1933 1934/1934/1934 1935/1935/1935
f 1936/1936/1936 1937/1937/1937 1938/1938/1938
f 1939/1939/1939 1940/1940/1940 1941/1941/1941
f 1942/1942/1942 1943/1943/1943 1944/1944/1944
f 1945/1945/1945 1946/1946/1946 1947/1947/1947
f 1948/1948/1948 1949/1949/1949 1950/1950/1950
f 1951/1951/1951 1952/1952/1952 1953/1953/1953
f 1954/1954/1954 1955/1955/1955 1956/1956/1956
f 1957/1957/1957 1958/1958/1958 1959/1959/1959
f 1960/1960/1960 1961/1961/1961 1962/1962/1962
f 1963/1963/1963 1964/1964/1964 1965/1965/1965
f 1966/1966/1966 1967/1967/1967 1968/1968/1968
f 1969/1969/1969 1970/1970/1970 1971/1971/1971
f 1972/1972/1972 1973/1973/1973 1974/1974/1974
f 1975/1975/1975 1976/1976/1976 1977/1977/1977
f 1978/1978/1978 1979/1979/1979 1980/1980/1980
f 1981/1981/1981 1982/1982/1982 1983/1983/1983
f 1984/1984/1984 1985/1985/1985 1986/1986/1986
f 1987/1987/1987 1988/1988/1988 1989/1989/1989
f 1990/1990/1990 1991/1991/1991 1992/1992/1992
f 1993/1993/1993 1994/1994/1994 1995/1995/1995
f 1996/1996/1996 1997/1997/1997 1998/1998/1998
f 1999/1999/1999 2000/2000/2000 2001/2001/2001
f 2002/2002/2002 2003/2003/2003 2004/2004/2004
f 2005/2005/2005 2006/2006/2006 2007/2007/2007
f 2008/2008/2008 2009/2009/2009 2010/2010/2010
f 2011/2011/2011 2012/2012/2012 2013/2013/2013
f 2014/2014/2014 2015/2015/2015 2016/2016/2016
f 2017/2017/2017 2018/2018/2018 2019/2019/2019
f 2020/2020/2020 2021/2021/2021 2022/2022/2022
f 2023/2023/2023 2024/2024/2024 2025/2025/2025
f 2026/2026/2026 2027/2027/2027 2028/2028/2028
f 2029/2029/2029 2030/2030/2030 2031/2031/2031
f 2032/2032/2032 2033/2033/2033 2034/2034/2034
f 2035/2035/2035 2036/2036/2036 2037/2037/2037
f 2038/2038/2038 2039/2039/2039 2040/2040/2040
f 2041/2041/2041 2042/2042/2042 2043/2043/2043
f 2044/2044/2044 2045/2045/2045 2046/2046/2046
f 2047/2047/2047 2048/2048/2048 2049/2049/2049
f 2050/2050/2050 2051/2051/2051 2052/2052/2052
f 2053/2053/2053 2054/2054/2054 2055/2055/2055
f 2056/2056/2056 2057/2057/2057 2058/2058/2058
f 2059/2059/2059 2060/2060/2060 2061/2061/2061
f 2062/2062/2062 2063/2063/2063 2064/2064/2064
f 2065/2065/2065 2066/2066/2066 2067/2067/2067
f 2068/2068/2068 2069/2069/2069 2070/2070/2070
f 2071/2071/2071 2072/2072/2072 2073/2073/2073
f 2074/2074/2074 2075/2075/2075 2076/2076/2076
f 2077/2077/2077 2078/2078/2078 2079/2079/2079
f 2080/2080/2080 2081/2081/2081 2082/2082/2082
f 2083/2083/2083 2084/2084/2084 2085/2085/2085
f 2086/2086/2086 2087/2087/2087 2088/2088/2088
f 2089/2089/2089 2090/2090/2090 2091/2091/2091
f 2092/2092/2092 2093/2093/2093 2094/2094/2094
f 2095/2095/2095 2096/2096/2096 2097/2097/2097
f 2098/2098/2098 2099/2099/2099 2100/2100/2100
