o Cattail_reed_03_Cube.029
v 17.649757385253906 2.0734150409698486 6.7100419998168945
v 17.827686309814453 2.397099018096924 6.572282791137695
v 17.879697799682617 2.4325170516967773 6.659653186798096
v 17.649757385253906 2.0734150409698486 6.7100419998168945
v 17.879697799682617 2.4325170516967773 6.659653186798096
v 17.69805908203125 2.0955090522766113 6.801924228668213
v 17.69805908203125 2.0955090522766113 6.801924228668213
v 17.879697799682617 2.4325170516967773 6.659653186798096
v 17.86971092224121 2.455698013305664 6.658880233764648
v 17.69805908203125 2.0955090522766113 6.801924228668213
v 17.86971092224121 2.455698013305664 6.658880233764648
v 17.678956985473633 2.107970952987671 6.809786796569824
v 17.678956985473633 2.107970952987671 6.809786796569824
v 17.86971092224121 2.455698013305664 6.658880233764648
v 17.817699432373047 2.4202799797058105 6.571509838104248
v 17.678956985473633 2.107970952987671 6.809786796569824
v 17.817699432373047 2.4202799797058105 6.571509838104248
v 17.63065528869629 2.085876941680908 6.7179059982299805
v 17.63065528869629 2.085876941680908 6.7179059982299805
v 17.817699432373047 2.4202799797058105 6.571509838104248
v 17.827686309814453 2.397099018096924 6.572282791137695
v 17.63065528869629 2.085876941680908 6.7179059982299805
v 17.827686309814453 2.397099018096924 6.572282791137695
v 17.649757385253906 2.0734150409698486 6.7100419998168945
v 17.488792419433594 1.283316969871521 6.872735977172852
v 17.468017578125 1.287479043006897 6.882684230804443
v 17.422334671020508 1.2867079973220825 6.787614822387695
v 17.488792419433594 1.283316969871521 6.872735977172852
v 17.422334671020508 1.2867079973220825 6.787614822387695
v 17.4431095123291 1.282546043395996 6.777666091918945
v 17.86971092224121 2.455698013305664 6.658880233764648
v 17.879697799682617 2.4325170516967773 6.659653186798096
v 18.068544387817383 2.5982439517974854 6.4578351974487305
v 17.879697799682617 2.4325170516967773 6.659653186798096
v 18.068544387817383 2.5982439517974854 6.4578351974487305
v 18.068544387817383 2.5982439517974854 6.4578351974487305
v 18.068544387817383 2.5982439517974854 6.4578351974487305
v 18.068544387817383 2.5982439517974854 6.4578351974487305
v 18.068544387817383 2.5982439517974854 6.4578351974487305
v 18.068544387817383 2.5982439517974854 6.4578351974487305
v 18.068544387817383 2.5982439517974854 6.4578351974487305
v 18.068544387817383 2.5982439517974854 6.4578351974487305
v 17.817699432373047 2.4202799797058105 6.571509838104248
v 17.86971092224121 2.455698013305664 6.658880233764648
v 18.068544387817383 2.5982439517974854 6.4578351974487305
v 17.86971092224121 2.455698013305664 6.658880233764648
v 18.068544387817383 2.5982439517974854 6.4578351974487305
v 18.068544387817383 2.5982439517974854 6.4578351974487305
v 17.879697799682617 2.4325170516967773 6.659653186798096
v 17.827686309814453 2.397099018096924 6.572282791137695
v 18.068544387817383 2.5982439517974854 6.4578351974487305
v 17.827686309814453 2.397099018096924 6.572282791137695
v 18.068544387817383 2.5982439517974854 6.4578351974487305
v 18.068544387817383 2.5982439517974854 6.4578351974487305
v 17.827686309814453 2.397099018096924 6.572282791137695
v 17.817699432373047 2.4202799797058105 6.571509838104248
v 18.068544387817383 2.5982439517974854 6.4578351974487305
v 17.827686309814453 2.397099018096924 6.572282791137695
v 18.068544387817383 2.5982439517974854 6.4578351974487305
v 18.068544387817383 2.5982439517974854 6.4578351974487305
v 17.422334671020508 1.2867079973220825 6.787614822387695
v 17.5107421875 1.6445790529251099 6.762724876403809
v 17.531591415405273 1.6403939723968506 6.752945899963379
v 17.422334671020508 1.2867079973220825 6.787614822387695
v 17.531591415405273 1.6403939723968506 6.752945899963379
v 17.4431095123291 1.282546043395996 6.777666091918945
v 17.5107421875 1.6445790529251099 6.762724876403809
v 17.63065528869629 2.085876941680908 6.7179059982299805
v 17.649757385253906 2.0734150409698486 6.7100419998168945
v 17.5107421875 1.6445790529251099 6.762724876403809
v 17.649757385253906 2.0734150409698486 6.7100419998168945
v 17.531591415405273 1.6403939723968506 6.752945899963379
v 17.468017578125 1.287479043006897 6.882684230804443
v 17.556640625 1.6519570350646973 6.857219219207764
v 17.5107421875 1.6445790529251099 6.762724876403809
v 17.468017578125 1.287479043006897 6.882684230804443
v 17.5107421875 1.6445790529251099 6.762724876403809
v 17.422334671020508 1.2867079973220825 6.787614822387695
v 17.556640625 1.6519570350646973 6.857219219207764
v 17.678956985473633 2.107970952987671 6.809786796569824
v 17.63065528869629 2.085876941680908 6.7179059982299805
v 17.556640625 1.6519570350646973 6.857219219207764
v 17.63065528869629 2.085876941680908 6.7179059982299805
v 17.5107421875 1.6445790529251099 6.762724876403809
v 17.488792419433594 1.283316969871521 6.872735977172852
v 17.577489852905273 1.6477710008621216 6.847439765930176
v 17.556640625 1.6519570350646973 6.857219219207764
v 17.488792419433594 1.283316969871521 6.872735977172852
v 17.556640625 1.6519570350646973 6.857219219207764
v 17.468017578125 1.287479043006897 6.882684230804443
v 17.577489852905273 1.6477710008621216 6.847439765930176
v 17.69805908203125 2.0955090522766113 6.801924228668213
v 17.678956985473633 2.107970952987671 6.809786796569824
v 17.577489852905273 1.6477710008621216 6.847439765930176
v 17.678956985473633 2.107970952987671 6.809786796569824
v 17.556640625 1.6519570350646973 6.857219219207764
v 17.4431095123291 1.282546043395996 6.777666091918945
v 17.531591415405273 1.6403939723968506 6.752945899963379
v 17.577489852905273 1.6477710008621216 6.847439765930176
v 17.4431095123291 1.282546043395996 6.777666091918945
v 17.577489852905273 1.6477710008621216 6.847439765930176
v 17.488792419433594 1.283316969871521 6.872735977172852
v 17.531591415405273 1.6403939723968506 6.752945899963379
v 17.649757385253906 2.0734150409698486 6.7100419998168945
v 17.69805908203125 2.0955090522766113 6.801924228668213
v 17.531591415405273 1.6403939723968506 6.752945899963379
v 17.69805908203125 2.0955090522766113 6.801924228668213
v 17.577489852905273 1.6477710008621216 6.847439765930176
v 17.775449752807617 2.3457510471343994 7.173662185668945
v 18.03036117553711 2.644033908843994 7.266495227813721
v 18.01698112487793 2.7084128856658936 7.38084077835083
v 17.775449752807617 2.3457510471343994 7.173662185668945
v 18.01698112487793 2.7084128856658936 7.38084077835083
v 17.740676879882812 2.3918280601501465 7.28661584854126
v 17.740676879882812 2.3918280601501465 7.28661584854126
v 18.01698112487793 2.7084128856658936 7.38084077835083
v 18.010417938232422 2.7406699657440186 7.369330883026123
v 17.740676879882812 2.3918280601501465 7.28661584854126
v 18.010417938232422 2.7406699657440186 7.369330883026123
v 17.719697952270508 2.4148879051208496 7.274127960205078
v 17.719697952270508 2.4148879051208496 7.274127960205078
v 18.010417938232422 2.7406699657440186 7.369330883026123
v 18.023799896240234 2.676290988922119 7.2549848556518555
v 17.719697952270508 2.4148879051208496 7.274127960205078
v 18.023799896240234 2.676290988922119 7.2549848556518555
v 17.75446891784668 2.368809938430786 7.161174774169922
v 17.75446891784668 2.368809938430786 7.161174774169922
v 18.023799896240234 2.676290988922119 7.2549848556518555
v 18.03036117553711 2.644033908843994 7.266495227813721
v 17.75446891784668 2.368809938430786 7.161174774169922
v 18.03036117553711 2.644033908843994 7.266495227813721
v 17.775449752807617 2.3457510471343994 7.173662185668945
v 17.48674201965332 1.2840169668197632 7.203199863433838
v 17.456310272216797 1.287438988685608 7.191747188568115
v 17.499469757080078 1.2837530374526978 7.075979232788086
v 17.48674201965332 1.2840169668197632 7.203199863433838
v 17.499469757080078 1.2837530374526978 7.075979232788086
v 17.52989959716797 1.280331015586853 7.087431907653809
v 18.010417938232422 2.7406699657440186 7.369330883026123
v 18.01698112487793 2.7084128856658936 7.38084077835083
v 18.346744537353516 2.9001309871673584 7.414484024047852
v 18.010417938232422 2.7406699657440186 7.369330883026123
v 18.346744537353516 2.9001309871673584 7.414484024047852
v 18.346744537353516 2.9001309871673584 7.414484024047852
v 18.346744537353516 2.9001309871673584 7.414484024047852
v 18.346744537353516 2.9001309871673584 7.414484024047852
v 18.346744537353516 2.9001309871673584 7.414484024047852
v 18.346744537353516 2.9001309871673584 7.414484024047852
v 18.346744537353516 2.9001309871673584 7.414484024047852
v 18.346744537353516 2.9001309871673584 7.414484024047852
v 18.023799896240234 2.676290988922119 7.2549848556518555
v 18.010417938232422 2.7406699657440186 7.369330883026123
v 18.346744537353516 2.9001309871673584 7.414484024047852
v 18.010417938232422 2.7406699657440186 7.369330883026123
v 18.346744537353516 2.9001309871673584 7.414484024047852
v 18.346744537353516 2.9001309871673584 7.414484024047852
v 18.01698112487793 2.7084128856658936 7.38084077835083
v 18.03036117553711 2.644033908843994 7.266495227813721
v 18.346744537353516 2.9001309871673584 7.414484024047852
v 18.01698112487793 2.7084128856658936 7.38084077835083
v 18.346744537353516 2.9001309871673584 7.414484024047852
v 18.346744537353516 2.9001309871673584 7.414484024047852
v 18.03036117553711 2.644033908843994 7.266495227813721
v 18.023799896240234 2.676290988922119 7.2549848556518555
v 18.346744537353516 2.9001309871673584 7.414484024047852
v 18.023799896240234 2.676290988922119 7.2549848556518555
v 18.346744537353516 2.9001309871673584 7.414484024047852
v 18.346744537353516 2.9001309871673584 7.414484024047852
v 17.499469757080078 1.2837530374526978 7.075979232788086
v 17.5819034576416 1.9530839920043945 7.093761920928955
v 17.61225128173828 1.9496339559555054 7.1054182052612305
v 17.499469757080078 1.2837530374526978 7.075979232788086
v 17.61225128173828 1.9496339559555054 7.1054182052612305
v 17.52989959716797 1.280331015586853 7.087431907653809
v 17.5819034576416 1.9530839920043945 7.093761920928955
v 17.75446891784668 2.368809938430786 7.161174774169922
v 17.775449752807617 2.3457510471343994 7.173662185668945
v 17.5819034576416 1.9530839920043945 7.093761920928955
v 17.775449752807617 2.3457510471343994 7.173662185668945
v 17.61225128173828 1.9496339559555054 7.1054182052612305
v 17.456310272216797 1.287438988685608 7.191747188568115
v 17.538936614990234 1.9660049676895142 7.208837032318115
v 17.5819034576416 1.9530839920043945 7.093761920928955
v 17.456310272216797 1.287438988685608 7.191747188568115
v 17.5819034576416 1.9530839920043945 7.093761920928955
v 17.499469757080078 1.2837530374526978 7.075979232788086
v 17.538936614990234 1.9660049676895142 7.208837032318115
v 17.719697952270508 2.4148879051208496 7.274127960205078
v 17.75446891784668 2.368809938430786 7.161174774169922
v 17.538936614990234 1.9660049676895142 7.208837032318115
v 17.75446891784668 2.368809938430786 7.161174774169922
v 17.5819034576416 1.9530839920043945 7.093761920928955
v 17.48674201965332 1.2840169668197632 7.203199863433838
v 17.569284439086914 1.9625550508499146 7.220491886138916
v 17.538936614990234 1.9660049676895142 7.208837032318115
v 17.48674201965332 1.2840169668197632 7.203199863433838
v 17.538936614990234 1.9660049676895142 7.208837032318115
v 17.456310272216797 1.287438988685608 7.191747188568115
v 17.569284439086914 1.9625550508499146 7.220491886138916
v 17.740676879882812 2.3918280601501465 7.28661584854126
v 17.719697952270508 2.4148879051208496 7.274127960205078
v 17.569284439086914 1.9625550508499146 7.220491886138916
v 17.719697952270508 2.4148879051208496 7.274127960205078
v 17.538936614990234 1.9660049676895142 7.208837032318115
v 17.52989959716797 1.280331015586853 7.087431907653809
v 17.61225128173828 1.9496339559555054 7.1054182052612305
v 17.569284439086914 1.9625550508499146 7.220491886138916
v 17.52989959716797 1.280331015586853 7.087431907653809
v 17.569284439086914 1.9625550508499146 7.220491886138916
v 17.48674201965332 1.2840169668197632 7.203199863433838
v 17.61225128173828 1.9496339559555054 7.1054182052612305
v 17.775449752807617 2.3457510471343994 7.173662185668945
v 17.740676879882812 2.3918280601501465 7.28661584854126
v 17.61225128173828 1.9496339559555054 7.1054182052612305
v 17.740676879882812 2.3918280601501465 7.28661584854126
v 17.569284439086914 1.9625550508499146 7.220491886138916
v 16.659027099609375 2.017137050628662 6.764035224914551
v 16.46566390991211 2.3130860328674316 6.700272083282471
v 16.526897430419922 2.3612020015716553 6.632373809814453
v 16.659027099609375 2.017137050628662 6.764035224914551
v 16.526897430419922 2.3612020015716553 6.632373809814453
v 16.72616958618164 2.053375005722046 6.695991039276123
v 16.72616958618164 2.053375005722046 6.695991039276123
v 16.526897430419922 2.3612020015716553 6.632373809814453
v 16.52754783630371 2.380687952041626 6.644660949707031
v 16.72616958618164 2.053375005722046 6.695991039276123
v 16.52754783630371 2.380687952041626 6.644660949707031
v 16.73776626586914 2.063138961791992 6.711891174316406
v 16.73776626586914 2.063138961791992 6.711891174316406
v 16.52754783630371 2.380687952041626 6.644660949707031
v 16.4663143157959 2.3325719833374023 6.712557792663574
v 16.73776626586914 2.063138961791992 6.711891174316406
v 16.4663143157959 2.3325719833374023 6.712557792663574
v 16.670623779296875 2.026900053024292 6.779935836791992
v 16.670623779296875 2.026900053024292 6.779935836791992
v 16.4663143157959 2.3325719833374023 6.712557792663574
v 16.46566390991211 2.3130860328674316 6.700272083282471
v 16.670623779296875 2.026900053024292 6.779935836791992
v 16.46566390991211 2.3130860328674316 6.700272083282471
v 16.659027099609375 2.017137050628662 6.764035224914551
v 16.93231773376465 1.2816879749298096 6.714942932128906
v 16.946773529052734 1.2857919931411743 6.7300567626953125
v 16.874223709106445 1.2792149782180786 6.80122709274292
v 16.93231773376465 1.2816879749298096 6.714942932128906
v 16.874223709106445 1.2792149782180786 6.80122709274292
v 16.859769821166992 1.2751109600067139 6.7861127853393555
v 16.52754783630371 2.380687952041626 6.644660949707031
v 16.526897430419922 2.3612020015716553 6.632373809814453
v 16.283199310302734 2.5094690322875977 6.556628227233887
v 16.526897430419922 2.3612020015716553 6.632373809814453
v 16.283199310302734 2.5094690322875977 6.556628227233887
v 16.283199310302734 2.5094690322875977 6.556628227233887
v 16.283199310302734 2.5094690322875977 6.556628227233887
v 16.283199310302734 2.5094690322875977 6.556628227233887
v 16.283199310302734 2.5094690322875977 6.556628227233887
v 16.283199310302734 2.5094690322875977 6.556628227233887
v 16.283199310302734 2.5094690322875977 6.556628227233887
v 16.283199310302734 2.5094690322875977 6.556628227233887
v 16.4663143157959 2.3325719833374023 6.712557792663574
v 16.52754783630371 2.380687952041626 6.644660949707031
v 16.283199310302734 2.5094690322875977 6.556628227233887
v 16.52754783630371 2.380687952041626 6.644660949707031
v 16.283199310302734 2.5094690322875977 6.556628227233887
v 16.283199310302734 2.5094690322875977 6.556628227233887
v 16.526897430419922 2.3612020015716553 6.632373809814453
v 16.46566390991211 2.3130860328674316 6.700272083282471
v 16.283199310302734 2.5094690322875977 6.556628227233887
v 16.46566390991211 2.3130860328674316 6.700272083282471
v 16.283199310302734 2.5094690322875977 6.556628227233887
v 16.283199310302734 2.5094690322875977 6.556628227233887
v 16.46566390991211 2.3130860328674316 6.700272083282471
v 16.4663143157959 2.3325719833374023 6.712557792663574
v 16.283199310302734 2.5094690322875977 6.556628227233887
v 16.4663143157959 2.3325719833374023 6.712557792663574
v 16.283199310302734 2.5094690322875977 6.556628227233887
v 16.283199310302734 2.5094690322875977 6.556628227233887
v 16.874223709106445 1.2792149782180786 6.80122709274292
v 16.772098541259766 1.6218270063400269 6.805844783782959
v 16.75777816772461 1.61947500705719 6.790237903594971
v 16.874223709106445 1.2792149782180786 6.80122709274292
v 16.75777816772461 1.61947500705719 6.790237903594971
v 16.859769821166992 1.2751109600067139 6.7861127853393555
v 16.772098541259766 1.6218270063400269 6.805844783782959
v 16.670623779296875 2.026900053024292 6.779935836791992
v 16.659027099609375 2.017137050628662 6.764035224914551
v 16.772098541259766 1.6218270063400269 6.805844783782959
v 16.659027099609375 2.017137050628662 6.764035224914551
v 16.75777816772461 1.61947500705719 6.790237903594971
v 16.946773529052734 1.2857919931411743 6.7300567626953125
v 16.843177795410156 1.6448789834976196 6.7369208335876465
v 16.772098541259766 1.6218270063400269 6.805844783782959
v 16.946773529052734 1.2857919931411743 6.7300567626953125
v 16.772098541259766 1.6218270063400269 6.805844783782959
v 16.874223709106445 1.2792149782180786 6.80122709274292
v 16.843177795410156 1.6448789834976196 6.7369208335876465
v 16.73776626586914 2.063138961791992 6.711891174316406
v 16.670623779296875 2.026900053024292 6.779935836791992
v 16.843177795410156 1.6448789834976196 6.7369208335876465
v 16.670623779296875 2.026900053024292 6.779935836791992
v 16.772098541259766 1.6218270063400269 6.805844783782959
v 16.93231773376465 1.2816879749298096 6.714942932128906
v 16.828857421875 1.6425280570983887 6.721313953399658
v 16.843177795410156 1.6448789834976196 6.7369208335876465
v 16.93231773376465 1.2816879749298096 6.714942932128906
v 16.843177795410156 1.6448789834976196 6.7369208335876465
v 16.946773529052734 1.2857919931411743 6.7300567626953125
v 16.828857421875 1.6425280570983887 6.721313953399658
v 16.72616958618164 2.053375005722046 6.695991039276123
v 16.73776626586914 2.063138961791992 6.711891174316406
v 16.828857421875 1.6425280570983887 6.721313953399658
v 16.73776626586914 2.063138961791992 6.711891174316406
v 16.843177795410156 1.6448789834976196 6.7369208335876465
v 16.859769821166992 1.2751109600067139 6.7861127853393555
v 16.75777816772461 1.61947500705719 6.790237903594971
v 16.828857421875 1.6425280570983887 6.721313953399658
v 16.859769821166992 1.2751109600067139 6.7861127853393555
v 16.828857421875 1.6425280570983887 6.721313953399658
v 16.93231773376465 1.2816879749298096 6.714942932128906
v 16.75777816772461 1.61947500705719 6.790237903594971
v 16.659027099609375 2.017137050628662 6.764035224914551
v 16.72616958618164 2.053375005722046 6.695991039276123
v 16.75777816772461 1.61947500705719 6.790237903594971
v 16.72616958618164 2.053375005722046 6.695991039276123
v 16.828857421875 1.6425280570983887 6.721313953399658
v 16.864198684692383 2.010880947113037 7.124496936798096
v 16.73935890197754 2.310800075531006 7.229689121246338
v 16.697673797607422 2.342819929122925 7.146726131439209
v 16.864198684692383 2.010880947113037 7.124496936798096
v 16.697673797607422 2.342819929122925 7.146726131439209
v 16.824506759643555 2.0309340953826904 7.038087844848633
v 16.824506759643555 2.0309340953826904 7.038087844848633
v 16.697673797607422 2.342819929122925 7.146726131439209
v 16.70851707458496 2.3618509769439697 7.147064208984375
v 16.824506759643555 2.0309340953826904 7.038087844848633
v 16.70851707458496 2.3618509769439697 7.147064208984375
v 16.842296600341797 2.0395829677581787 7.031394004821777
v 16.842296600341797 2.0395829677581787 7.031394004821777
v 16.70851707458496 2.3618509769439697 7.147064208984375
v 16.750202178955078 2.3298308849334717 7.230027198791504
v 16.842296600341797 2.0395829677581787 7.031394004821777
v 16.750202178955078 2.3298308849334717 7.230027198791504
v 16.881990432739258 2.0195300579071045 7.11780309677124
v 16.881990432739258 2.0195300579071045 7.11780309677124
v 16.750202178955078 2.3298308849334717 7.230027198791504
v 16.73935890197754 2.310800075531006 7.229689121246338
v 16.881990432739258 2.0195300579071045 7.11780309677124
v 16.73935890197754 2.310800075531006 7.229689121246338
v 16.864198684692383 2.010880947113037 7.124496936798096
v 16.93834114074707 1.2828149795532227 6.98728084564209
v 16.956815719604492 1.284095048904419 6.979069232940674
v 16.996213912963867 1.282734990119934 7.067488193511963
v 16.93834114074707 1.2828149795532227 6.98728084564209
v 16.996213912963867 1.282734990119934 7.067488193511963
v 16.977739334106445 1.2814550399780273 7.075699806213379
v 16.70851707458496 2.3618509769439697 7.147064208984375
v 16.697673797607422 2.342819929122925 7.146726131439209
v 16.54843521118164 2.510340929031372 7.315183162689209
v 16.697673797607422 2.342819929122925 7.146726131439209
v 16.54843521118164 2.510340929031372 7.315183162689209
v 16.54843521118164 2.510340929031372 7.315183162689209
v 16.54843521118164 2.510340929031372 7.315183162689209
v 16.54843521118164 2.510340929031372 7.315183162689209
v 16.54843521118164 2.510340929031372 7.315183162689209
v 16.54843521118164 2.510340929031372 7.315183162689209
v 16.54843521118164 2.510340929031372 7.315183162689209
v 16.54843521118164 2.510340929031372 7.315183162689209
v 16.750202178955078 2.3298308849334717 7.230027198791504
v 16.70851707458496 2.3618509769439697 7.147064208984375
v 16.54843521118164 2.510340929031372 7.315183162689209
v 16.70851707458496 2.3618509769439697 7.147064208984375
v 16.54843521118164 2.510340929031372 7.315183162689209
v 16.54843521118164 2.510340929031372 7.315183162689209
v 16.697673797607422 2.342819929122925 7.146726131439209
v 16.73935890197754 2.310800075531006 7.229689121246338
v 16.54843521118164 2.510340929031372 7.315183162689209
v 16.73935890197754 2.310800075531006 7.229689121246338
v 16.54843521118164 2.510340929031372 7.315183162689209
v 16.54843521118164 2.510340929031372 7.315183162689209
v 16.73935890197754 2.310800075531006 7.229689121246338
v 16.750202178955078 2.3298308849334717 7.230027198791504
v 16.54843521118164 2.510340929031372 7.315183162689209
v 16.750202178955078 2.3298308849334717 7.230027198791504
v 16.54843521118164 2.510340929031372 7.315183162689209
v 16.54843521118164 2.510340929031372 7.315183162689209
v 16.996213912963867 1.282734990119934 7.067488193511963
v 16.945175170898438 1.6273410320281982 7.098455905914307
v 16.926631927490234 1.626041054725647 7.106512069702148
v 16.996213912963867 1.282734990119934 7.067488193511963
v 16.926631927490234 1.626041054725647 7.106512069702148
v 16.977739334106445 1.2814550399780273 7.075699806213379
v 16.945175170898438 1.6273410320281982 7.098455905914307
v 16.881990432739258 2.0195300579071045 7.11780309677124
v 16.864198684692383 2.010880947113037 7.124496936798096
v 16.945175170898438 1.6273410320281982 7.098455905914307
v 16.864198684692383 2.010880947113037 7.124496936798096
v 16.926631927490234 1.626041054725647 7.106512069702148
v 16.956815719604492 1.284095048904419 6.979069232940674
v 16.906204223632812 1.6344209909439087 7.010313034057617
v 16.945175170898438 1.6273410320281982 7.098455905914307
v 16.956815719604492 1.284095048904419 6.979069232940674
v 16.945175170898438 1.6273410320281982 7.098455905914307
v 16.996213912963867 1.282734990119934 7.067488193511963
v 16.906204223632812 1.6344209909439087 7.010313034057617
v 16.842296600341797 2.0395829677581787 7.031394004821777
v 16.881990432739258 2.0195300579071045 7.11780309677124
v 16.906204223632812 1.6344209909439087 7.010313034057617
v 16.881990432739258 2.0195300579071045 7.11780309677124
v 16.945175170898438 1.6273410320281982 7.098455905914307
v 16.93834114074707 1.2828149795532227 6.98728084564209
v 16.887662887573242 1.6331210136413574 7.018369197845459
v 16.906204223632812 1.6344209909439087 7.010313034057617
v 16.93834114074707 1.2828149795532227 6.98728084564209
v 16.906204223632812 1.6344209909439087 7.010313034057617
v 16.956815719604492 1.284095048904419 6.979069232940674
v 16.887662887573242 1.6331210136413574 7.018369197845459
v 16.824506759643555 2.0309340953826904 7.038087844848633
v 16.842296600341797 2.0395829677581787 7.031394004821777
v 16.887662887573242 1.6331210136413574 7.018369197845459
v 16.842296600341797 2.0395829677581787 7.031394004821777
v 16.906204223632812 1.6344209909439087 7.010313034057617
v 16.977739334106445 1.2814550399780273 7.075699806213379
v 16.926631927490234 1.626041054725647 7.106512069702148
v 16.887662887573242 1.6331210136413574 7.018369197845459
v 16.977739334106445 1.2814550399780273 7.075699806213379
v 16.887662887573242 1.6331210136413574 7.018369197845459
v 16.93834114074707 1.2828149795532227 6.98728084564209
v 16.926631927490234 1.626041054725647 7.106512069702148
v 16.864198684692383 2.010880947113037 7.124496936798096
v 16.824506759643555 2.0309340953826904 7.038087844848633
v 16.926631927490234 1.626041054725647 7.106512069702148
v 16.824506759643555 2.0309340953826904 7.038087844848633
v 16.887662887573242 1.6331210136413574 7.018369197845459
v 16.775598526000977 3.037929058074951 6.5754289627075195
v 16.77161979675293 3.0378549098968506 6.57863187789917
v 16.762962341308594 3.106358051300049 6.572926044464111
v 16.775598526000977 3.037929058074951 6.5754289627075195
v 16.762962341308594 3.106358051300049 6.572926044464111
v 16.764785766601562 3.1063919067382812 6.571457862854004
v 16.768054962158203 3.107074022293091 6.574036121368408
v 16.767051696777344 3.106710910797119 6.571951866149902
v 16.764785766601562 3.1063919067382812 6.571457862854004
v 16.764785766601562 3.1063919067382812 6.571457862854004
v 16.762962341308594 3.106358051300049 6.572926044464111
v 16.762954711914062 3.1066339015960693 6.57525110244751
v 16.762954711914062 3.1066339015960693 6.57525110244751
v 16.764768600463867 3.1070120334625244 6.576682090759277
v 16.767038345336914 3.107208013534546 6.576140880584717
v 16.767038345336914 3.107208013534546 6.576140880584717
v 16.768054962158203 3.107074022293091 6.574036121368408
v 16.764785766601562 3.1063919067382812 6.571457862854004
v 16.764785766601562 3.1063919067382812 6.571457862854004
v 16.762954711914062 3.1066339015960693 6.57525110244751
v 16.767038345336914 3.107208013534546 6.576140880584717
v 16.771604537963867 3.038456916809082 6.583703994750977
v 16.775562286376953 3.0392820835113525 6.586824893951416
v 16.764768600463867 3.1070120334625244 6.576682090759277
v 16.771604537963867 3.038456916809082 6.583703994750977
v 16.764768600463867 3.1070120334625244 6.576682090759277
v 16.762954711914062 3.1066339015960693 6.57525110244751
v 16.7805118560791 3.0397090911865234 6.585646152496338
v 16.78272819519043 3.0394160747528076 6.581054210662842
v 16.768054962158203 3.107074022293091 6.574036121368408
v 16.7805118560791 3.0397090911865234 6.585646152496338
v 16.768054962158203 3.107074022293091 6.574036121368408
v 16.767038345336914 3.107208013534546 6.576140880584717
v 16.780540466308594 3.0386240482330322 6.576507091522217
v 16.775598526000977 3.037929058074951 6.5754289627075195
v 16.764785766601562 3.1063919067382812 6.571457862854004
v 16.780540466308594 3.0386240482330322 6.576507091522217
v 16.764785766601562 3.1063919067382812 6.571457862854004
v 16.767051696777344 3.106710910797119 6.571951866149902
v 16.77161979675293 3.0378549098968506 6.57863187789917
v 16.771604537963867 3.038456916809082 6.583703994750977
v 16.762954711914062 3.1066339015960693 6.57525110244751
v 16.77161979675293 3.0378549098968506 6.57863187789917
v 16.762954711914062 3.1066339015960693 6.57525110244751
v 16.762962341308594 3.106358051300049 6.572926044464111
v 16.775562286376953 3.0392820835113525 6.586824893951416
v 16.7805118560791 3.0397090911865234 6.585646152496338
v 16.767038345336914 3.107208013534546 6.576140880584717
v 16.775562286376953 3.0392820835113525 6.586824893951416
v 16.767038345336914 3.107208013534546 6.576140880584717
v 16.764768600463867 3.1070120334625244 6.576682090759277
v 16.78272819519043 3.0394160747528076 6.581054210662842
v 16.780540466308594 3.0386240482330322 6.576507091522217
v 16.767051696777344 3.106710910797119 6.571951866149902
v 16.78272819519043 3.0394160747528076 6.581054210662842
v 16.767051696777344 3.106710910797119 6.571951866149902
v 16.768054962158203 3.107074022293091 6.574036121368408
v 17.026763916015625 1.7387640476226807 6.885595798492432
v 17.01410675048828 1.7381279468536377 6.874623775482178
v 17.037010192871094 1.2548270225524902 6.897188186645508
v 17.026763916015625 1.7387640476226807 6.885595798492432
v 17.037010192871094 1.2548270225524902 6.897188186645508
v 17.053638458251953 1.2570029497146606 6.911604881286621
v 17.03803062438965 1.2523260116577148 6.87523889541626
v 17.055931091308594 1.2513840198516846 6.8622870445251465
v 17.07723045349121 1.2527110576629639 6.8680830001831055
v 17.07723045349121 1.2527110576629639 6.8680830001831055
v 17.085891723632812 1.2553069591522217 6.888266086578369
v 17.07539176940918 1.2572170495986938 6.9076337814331055
v 17.07539176940918 1.2572170495986938 6.9076337814331055
v 17.053638458251953 1.2570029497146606 6.911604881286621
v 17.037010192871094 1.2548270225524902 6.897188186645508
v 17.037010192871094 1.2548270225524902 6.897188186645508
v 17.03803062438965 1.2523260116577148 6.87523889541626
v 17.07723045349121 1.2527110576629639 6.8680830001831055
v 17.07723045349121 1.2527110576629639 6.8680830001831055
v 17.07539176940918 1.2572170495986938 6.9076337814331055
v 17.037010192871094 1.2548270225524902 6.897188186645508
v 17.051288604736328 1.7384929656982422 6.867842197418213
v 17.043312072753906 1.7389270067214966 6.882576942443848
v 17.07539176940918 1.2572170495986938 6.9076337814331055
v 17.051288604736328 1.7384929656982422 6.867842197418213
v 17.07539176940918 1.2572170495986938 6.9076337814331055
v 17.085891723632812 1.2553069591522217 6.888266086578369
v 17.02848243713379 1.737347960472107 6.848071098327637
v 17.044689178466797 1.7377909421920776 6.852485179901123
v 17.07723045349121 1.2527110576629639 6.8680830001831055
v 17.02848243713379 1.737347960472107 6.848071098327637
v 17.07723045349121 1.2527110576629639 6.8680830001831055
v 17.055931091308594 1.2513840198516846 6.8622870445251465
v 17.01410675048828 1.7381279468536377 6.874623775482178
v 17.01487159729004 1.7374980449676514 6.857923984527588
v 17.03803062438965 1.2523260116577148 6.87523889541626
v 17.01410675048828 1.7381279468536377 6.874623775482178
v 17.03803062438965 1.2523260116577148 6.87523889541626
v 17.037010192871094 1.2548270225524902 6.897188186645508
v 17.043312072753906 1.7389270067214966 6.882576942443848
v 17.026763916015625 1.7387640476226807 6.885595798492432
v 17.053638458251953 1.2570029497146606 6.911604881286621
v 17.043312072753906 1.7389270067214966 6.882576942443848
v 17.053638458251953 1.2570029497146606 6.911604881286621
v 17.07539176940918 1.2572170495986938 6.9076337814331055
v 17.044689178466797 1.7377909421920776 6.852485179901123
v 17.051288604736328 1.7384929656982422 6.867842197418213
v 17.085891723632812 1.2553069591522217 6.888266086578369
v 17.044689178466797 1.7377909421920776 6.852485179901123
v 17.085891723632812 1.2553069591522217 6.888266086578369
v 17.07723045349121 1.2527110576629639 6.8680830001831055
v 17.01487159729004 1.7374980449676514 6.857923984527588
v 17.02848243713379 1.737347960472107 6.848071098327637
v 17.055931091308594 1.2513840198516846 6.8622870445251465
v 17.01487159729004 1.7374980449676514 6.857923984527588
v 17.055931091308594 1.2513840198516846 6.8622870445251465
v 17.03803062438965 1.2523260116577148 6.87523889541626
v 16.915931701660156 2.149380922317505 6.796675205230713
v 16.927221298217773 2.148000955581665 6.788242816925049
v 17.02848243713379 1.737347960472107 6.848071098327637
v 16.915931701660156 2.149380922317505 6.796675205230713
v 17.02848243713379 1.737347960472107 6.848071098327637
v 17.01487159729004 1.7374980449676514 6.857923984527588
v 16.940673828125 2.151650905609131 6.790743827819824
v 16.94615364074707 2.1575820446014404 6.80229377746582
v 17.051288604736328 1.7384929656982422 6.867842197418213
v 16.940673828125 2.151650905609131 6.790743827819824
v 17.051288604736328 1.7384929656982422 6.867842197418213
v 17.044689178466797 1.7377909421920776 6.852485179901123
v 16.939538955688477 2.1613290309906006 6.8141961097717285
v 16.92580795288086 2.160068988800049 6.817486763000488
v 17.026763916015625 1.7387640476226807 6.885595798492432
v 16.939538955688477 2.1613290309906006 6.8141961097717285
v 17.026763916015625 1.7387640476226807 6.885595798492432
v 17.043312072753906 1.7389270067214966 6.882576942443848
v 16.915302276611328 2.154752016067505 6.809689998626709
v 16.915931701660156 2.149380922317505 6.796675205230713
v 17.01487159729004 1.7374980449676514 6.857923984527588
v 16.915302276611328 2.154752016067505 6.809689998626709
v 17.01487159729004 1.7374980449676514 6.857923984527588
v 17.01410675048828 1.7381279468536377 6.874623775482178
v 16.927221298217773 2.148000955581665 6.788242816925049
v 16.940673828125 2.151650905609131 6.790743827819824
v 17.044689178466797 1.7377909421920776 6.852485179901123
v 16.927221298217773 2.148000955581665 6.788242816925049
v 17.044689178466797 1.7377909421920776 6.852485179901123
v 17.02848243713379 1.737347960472107 6.848071098327637
v 16.94615364074707 2.1575820446014404 6.80229377746582
v 16.939538955688477 2.1613290309906006 6.8141961097717285
v 17.043312072753906 1.7389270067214966 6.882576942443848
v 16.94615364074707 2.1575820446014404 6.80229377746582
v 17.043312072753906 1.7389270067214966 6.882576942443848
v 17.051288604736328 1.7384929656982422 6.867842197418213
v 16.92580795288086 2.160068988800049 6.817486763000488
v 16.915302276611328 2.154752016067505 6.809689998626709
v 17.01410675048828 1.7381279468536377 6.874623775482178
v 16.92580795288086 2.160068988800049 6.817486763000488
v 17.01410675048828 1.7381279468536377 6.874623775482178
v 17.026763916015625 1.7387640476226807 6.885595798492432
v 16.863971710205078 2.4565670490264893 6.732339859008789
v 16.85750389099121 2.4538779258728027 6.727376937866211
v 16.915302276611328 2.154752016067505 6.809689998626709
v 16.863971710205078 2.4565670490264893 6.732339859008789
v 16.915302276611328 2.154752016067505 6.809689998626709
v 16.92580795288086 2.160068988800049 6.817486763000488
v 16.876188278198242 2.4555931091308594 6.722900867462158
v 16.87228775024414 2.4573299884796143 6.730348110198975
v 16.939538955688477 2.1613290309906006 6.8141961097717285
v 16.876188278198242 2.4555931091308594 6.722900867462158
v 16.939538955688477 2.1613290309906006 6.8141961097717285
v 16.94615364074707 2.1575820446014404 6.80229377746582
v 16.864532470703125 2.450747013092041 6.713957786560059
v 16.872737884521484 2.452662944793701 6.715607166290283
v 16.940673828125 2.151650905609131 6.790743827819824
v 16.864532470703125 2.450747013092041 6.713957786560059
v 16.940673828125 2.151650905609131 6.790743827819824
v 16.927221298217773 2.148000955581665 6.788242816925049
v 16.85750389099121 2.4538779258728027 6.727376937866211
v 16.85775375366211 2.4512879848480225 6.719196796417236
v 16.915931701660156 2.149380922317505 6.796675205230713
v 16.85750389099121 2.4538779258728027 6.727376937866211
v 16.915931701660156 2.149380922317505 6.796675205230713
v 16.915302276611328 2.154752016067505 6.809689998626709
v 16.87228775024414 2.4573299884796143 6.730348110198975
v 16.863971710205078 2.4565670490264893 6.732339859008789
v 16.92580795288086 2.160068988800049 6.817486763000488
v 16.87228775024414 2.4573299884796143 6.730348110198975
v 16.92580795288086 2.160068988800049 6.817486763000488
v 16.939538955688477 2.1613290309906006 6.8141961097717285
v 16.872737884521484 2.452662944793701 6.715607166290283
v 16.876188278198242 2.4555931091308594 6.722900867462158
v 16.94615364074707 2.1575820446014404 6.80229377746582
v 16.872737884521484 2.452662944793701 6.715607166290283
v 16.94615364074707 2.1575820446014404 6.80229377746582
v 16.940673828125 2.151650905609131 6.790743827819824
v 16.85775375366211 2.4512879848480225 6.719196796417236
v 16.864532470703125 2.450747013092041 6.713957786560059
v 16.927221298217773 2.148000955581665 6.788242816925049
v 16.85775375366211 2.4512879848480225 6.719196796417236
v 16.927221298217773 2.148000955581665 6.788242816925049
v 16.915931701660156 2.149380922317505 6.796675205230713
v 17.64129066467285 3.0659799575805664 6.682260990142822
v 17.645030975341797 3.063507080078125 6.679752826690674
v 17.68012809753418 3.1435790061950684 6.6701130867004395
v 17.64129066467285 3.0659799575805664 6.682260990142822
v 17.68012809753418 3.1435790061950684 6.6701130867004395
v 17.678672790527344 3.1445400714874268 6.671088218688965
v 17.675809860229492 3.1432979106903076 6.66537618637085
v 17.67599105834961 3.1445870399475098 6.668684005737305
v 17.67683219909668 3.144989013671875 6.670453071594238
v 17.67683219909668 3.144989013671875 6.670453071594238
v 17.678672790527344 3.1445400714874268 6.671088218688965
v 17.68012809753418 3.1435790061950684 6.6701130867004395
v 17.68012809753418 3.1435790061950684 6.6701130867004395
v 17.68010139465332 3.1428279876708984 6.6682610511779785
v 17.678730010986328 3.1420490741729736 6.665074825286865
v 17.678730010986328 3.1420490741729736 6.665074825286865
v 17.675809860229492 3.1432979106903076 6.66537618637085
v 17.67683219909668 3.144989013671875 6.670453071594238
v 17.67683219909668 3.144989013671875 6.670453071594238
v 17.68012809753418 3.1435790061950684 6.6701130867004395
v 17.678730010986328 3.1420490741729736 6.665074825286865
v 17.64496421813965 3.061577081680298 6.674992084503174
v 17.641138076782227 3.0616440773010254 6.671562194824219
v 17.678730010986328 3.1420490741729736 6.665074825286865
v 17.64496421813965 3.061577081680298 6.674992084503174
v 17.678730010986328 3.1420490741729736 6.665074825286865
v 17.68010139465332 3.1428279876708984 6.6682610511779785
v 17.636436462402344 3.06365704536438 6.672047138214111
v 17.634397506713867 3.0660998821258545 6.67608118057251
v 17.67599105834961 3.1445870399475098 6.668684005737305
v 17.636436462402344 3.06365704536438 6.672047138214111
v 17.67599105834961 3.1445870399475098 6.668684005737305
v 17.675809860229492 3.1432979106903076 6.66537618637085
v 17.636558532714844 3.067133903503418 6.68062686920166
v 17.64129066467285 3.0659799575805664 6.682260990142822
v 17.678672790527344 3.1445400714874268 6.671088218688965
v 17.636558532714844 3.067133903503418 6.68062686920166
v 17.678672790527344 3.1445400714874268 6.671088218688965
v 17.67683219909668 3.144989013671875 6.670453071594238
v 17.645030975341797 3.063507080078125 6.679752826690674
v 17.64496421813965 3.061577081680298 6.674992084503174
v 17.68010139465332 3.1428279876708984 6.6682610511779785
v 17.645030975341797 3.063507080078125 6.679752826690674
v 17.68010139465332 3.1428279876708984 6.6682610511779785
v 17.68012809753418 3.1435790061950684 6.6701130867004395
v 17.641138076782227 3.0616440773010254 6.671562194824219
v 17.636436462402344 3.06365704536438 6.672047138214111
v 17.675809860229492 3.1432979106903076 6.66537618637085
v 17.641138076782227 3.0616440773010254 6.671562194824219
v 17.675809860229492 3.1432979106903076 6.66537618637085
v 17.678730010986328 3.1420490741729736 6.665074825286865
v 17.634397506713867 3.0660998821258545 6.67608118057251
v 17.636558532714844 3.067133903503418 6.68062686920166
v 17.67683219909668 3.144989013671875 6.670453071594238
v 17.634397506713867 3.0660998821258545 6.67608118057251
v 17.67683219909668 3.144989013671875 6.670453071594238
v 17.67599105834961 3.1445870399475098 6.668684005737305
v 17.430891036987305 1.8564540147781372 6.979508876800537
v 17.429710388183594 1.8574650287628174 6.9940571784973145
v 17.384506225585938 1.2856190204620361 7.0359787940979
v 17.430891036987305 1.8564540147781372 6.979508876800537
v 17.384506225585938 1.2856190204620361 7.0359787940979
v 17.386152267456055 1.284546971321106 7.016005992889404
v 17.36787223815918 1.287153959274292 7.047100067138672
v 17.348772048950195 1.2879949808120728 7.040995121002197
v 17.341590881347656 1.2875100374221802 7.022261142730713
v 17.341590881347656 1.2875100374221802 7.022261142730713
v 17.351736068725586 1.2860629558563232 7.0050048828125
v 17.371566772460938 1.2847440242767334 7.00222110748291
v 17.371566772460938 1.2847440242767334 7.00222110748291
v 17.386152267456055 1.284546971321106 7.016005992889404
v 17.384506225585938 1.2856190204620361 7.0359787940979
v 17.384506225585938 1.2856190204620361 7.0359787940979
v 17.36787223815918 1.287153959274292 7.047100067138672
v 17.341590881347656 1.2875100374221802 7.022261142730713
v 17.341590881347656 1.2875100374221802 7.022261142730713
v 17.371566772460938 1.2847440242767334 7.00222110748291
v 17.384506225585938 1.2856190204620361 7.0359787940979
v 17.405805587768555 1.8577040433883667 6.9714789390563965
v 17.42025375366211 1.8565609455108643 6.969460964202881
v 17.371566772460938 1.2847440242767334 7.00222110748291
v 17.405805587768555 1.8577040433883667 6.9714789390563965
v 17.371566772460938 1.2847440242767334 7.00222110748291
v 17.351736068725586 1.2860629558563232 7.0050048828125
v 17.40367889404297 1.8595249652862549 6.997693061828613
v 17.39842987060547 1.8590240478515625 6.984043121337891
v 17.341590881347656 1.2875100374221802 7.022261142730713
v 17.40367889404297 1.8595249652862549 6.997693061828613
v 17.341590881347656 1.2875100374221802 7.022261142730713
v 17.348772048950195 1.2879949808120728 7.040995121002197
v 17.429710388183594 1.8574650287628174 6.9940571784973145
v 17.417600631713867 1.8588320016860962 7.0021491050720215
v 17.36787223815918 1.287153959274292 7.047100067138672
v 17.429710388183594 1.8574650287628174 6.9940571784973145
v 17.36787223815918 1.287153959274292 7.047100067138672
v 17.384506225585938 1.2856190204620361 7.0359787940979
v 17.42025375366211 1.8565609455108643 6.969460964202881
v 17.430891036987305 1.8564540147781372 6.979508876800537
v 17.386152267456055 1.284546971321106 7.016005992889404
v 17.42025375366211 1.8565609455108643 6.969460964202881
v 17.386152267456055 1.284546971321106 7.016005992889404
v 17.371566772460938 1.2847440242767334 7.00222110748291
v 17.39842987060547 1.8590240478515625 6.984043121337891
v 17.405805587768555 1.8577040433883667 6.9714789390563965
v 17.351736068725586 1.2860629558563232 7.0050048828125
v 17.39842987060547 1.8590240478515625 6.984043121337891
v 17.351736068725586 1.2860629558563232 7.0050048828125
v 17.341590881347656 1.2875100374221802 7.022261142730713
v 17.417600631713867 1.8588320016860962 7.0021491050720215
v 17.40367889404297 1.8595249652862549 6.997693061828613
v 17.348772048950195 1.2879949808120728 7.040995121002197
v 17.417600631713867 1.8588320016860962 7.0021491050720215
v 17.348772048950195 1.2879949808120728 7.040995121002197
v 17.36787223815918 1.287153959274292 7.047100067138672
v 17.468006134033203 2.3801639080047607 6.887661933898926
v 17.458755493164062 2.3806700706481934 6.884696006774902
v 17.40367889404297 1.8595249652862549 6.997693061828613
v 17.468006134033203 2.3801639080047607 6.887661933898926
v 17.40367889404297 1.8595249652862549 6.997693061828613
v 17.417600631713867 1.8588320016860962 7.0021491050720215
v 17.455259323120117 2.380254030227661 6.8756279945373535
v 17.46014976501465 2.3792290687561035 6.8672871589660645
v 17.405805587768555 1.8577040433883667 6.9714789390563965
v 17.455259323120117 2.380254030227661 6.8756279945373535
v 17.405805587768555 1.8577040433883667 6.9714789390563965
v 17.39842987060547 1.8590240478515625 6.984043121337891
v 17.46974754333496 2.3783669471740723 6.865952014923096
v 17.476821899414062 2.37831711769104 6.8726301193237305
v 17.430891036987305 1.8564540147781372 6.979508876800537
v 17.46974754333496 2.3783669471740723 6.865952014923096
v 17.430891036987305 1.8564540147781372 6.979508876800537
v 17.42025375366211 1.8565609455108643 6.969460964202881
v 17.47604751586914 2.379117012023926 6.882291793823242
v 17.468006134033203 2.3801639080047607 6.887661933898926
v 17.417600631713867 1.8588320016860962 7.0021491050720215
v 17.47604751586914 2.379117012023926 6.882291793823242
v 17.417600631713867 1.8588320016860962 7.0021491050720215
v 17.429710388183594 1.8574650287628174 6.9940571784973145
v 17.458755493164062 2.3806700706481934 6.884696006774902
v 17.455259323120117 2.380254030227661 6.8756279945373535
v 17.39842987060547 1.8590240478515625 6.984043121337891
v 17.458755493164062 2.3806700706481934 6.884696006774902
v 17.39842987060547 1.8590240478515625 6.984043121337891
v 17.40367889404297 1.8595249652862549 6.997693061828613
v 17.46014976501465 2.3792290687561035 6.8672871589660645
v 17.46974754333496 2.3783669471740723 6.865952014923096
v 17.42025375366211 1.8565609455108643 6.969460964202881
v 17.46014976501465 2.3792290687561035 6.8672871589660645
v 17.42025375366211 1.8565609455108643 6.969460964202881
v 17.405805587768555 1.8577040433883667 6.9714789390563965
v 17.476821899414062 2.37831711769104 6.8726301193237305
v 17.47604751586914 2.379117012023926 6.882291793823242
v 17.429710388183594 1.8574650287628174 6.9940571784973145
v 17.476821899414062 2.37831711769104 6.8726301193237305
v 17.429710388183594 1.8574650287628174 6.9940571784973145
v 17.430891036987305 1.8564540147781372 6.979508876800537
v 17.493993759155273 2.583482027053833 6.807981014251709
v 17.49372673034668 2.5847599506378174 6.814583778381348
v 17.47604751586914 2.379117012023926 6.882291793823242
v 17.493993759155273 2.583482027053833 6.807981014251709
v 17.47604751586914 2.379117012023926 6.882291793823242
v 17.476821899414062 2.37831711769104 6.8726301193237305
v 17.48248863220215 2.5850319862365723 6.8044657707214355
v 17.48899269104004 2.5836029052734375 6.803477764129639
v 17.46974754333496 2.3783669471740723 6.865952014923096
v 17.48248863220215 2.5850319862365723 6.8044657707214355
v 17.46974754333496 2.3783669471740723 6.865952014923096
v 17.46014976501465 2.3792290687561035 6.8672871589660645
v 17.482009887695312 2.5873360633850098 6.81636381149292
v 17.479381561279297 2.5866940021514893 6.810201168060303
v 17.455259323120117 2.380254030227661 6.8756279945373535
v 17.482009887695312 2.5873360633850098 6.81636381149292
v 17.455259323120117 2.380254030227661 6.8756279945373535
v 17.458755493164062 2.3806700706481934 6.884696006774902
v 17.49372673034668 2.5847599506378174 6.814583778381348
v 17.488393783569336 2.5864760875701904 6.818315029144287
v 17.468006134033203 2.3801639080047607 6.887661933898926
v 17.49372673034668 2.5847599506378174 6.814583778381348
v 17.468006134033203 2.3801639080047607 6.887661933898926
v 17.47604751586914 2.379117012023926 6.882291793823242
v 17.48899269104004 2.5836029052734375 6.803477764129639
v 17.493993759155273 2.583482027053833 6.807981014251709
v 17.476821899414062 2.37831711769104 6.8726301193237305
v 17.48899269104004 2.5836029052734375 6.803477764129639
v 17.476821899414062 2.37831711769104 6.8726301193237305
v 17.46974754333496 2.3783669471740723 6.865952014923096
v 17.479381561279297 2.5866940021514893 6.810201168060303
v 17.48248863220215 2.5850319862365723 6.8044657707214355
v 17.46014976501465 2.3792290687561035 6.8672871589660645
v 17.479381561279297 2.5866940021514893 6.810201168060303
v 17.46014976501465 2.3792290687561035 6.8672871589660645
v 17.455259323120117 2.380254030227661 6.8756279945373535
v 17.488393783569336 2.5864760875701904 6.818315029144287
v 17.482009887695312 2.5873360633850098 6.81636381149292
v 17.458755493164062 2.3806700706481934 6.884696006774902
v 17.488393783569336 2.5864760875701904 6.818315029144287
v 17.458755493164062 2.3806700706481934 6.884696006774902
v 17.468006134033203 2.3801639080047607 6.887661933898926
v 16.975387573242188 1.9945520162582397 6.580358028411865
v 16.8211669921875 2.431926965713501 6.427893161773682
v 16.899503707885742 2.462775945663452 6.361767768859863
v 16.975387573242188 1.9945520162582397 6.580358028411865
v 16.899503707885742 2.462775945663452 6.361767768859863
v 17.058368682861328 2.015496015548706 6.517934799194336
v 17.058368682861328 2.015496015548706 6.517934799194336
v 16.899503707885742 2.462775945663452 6.361767768859863
v 16.906810760498047 2.4802839756011963 6.376267910003662
v 17.058368682861328 2.015496015548706 6.517934799194336
v 16.906810760498047 2.4802839756011963 6.376267910003662
v 17.06796646118164 2.0283050537109375 6.534121990203857
v 17.06796646118164 2.0283050537109375 6.534121990203857
v 16.906810760498047 2.4802839756011963 6.376267910003662
v 16.828474044799805 2.449434995651245 6.442392826080322
v 17.06796646118164 2.0283050537109375 6.534121990203857
v 16.828474044799805 2.449434995651245 6.442392826080322
v 16.9849853515625 2.0073609352111816 6.596543788909912
v 16.9849853515625 2.0073609352111816 6.596543788909912
v 16.828474044799805 2.449434995651245 6.442392826080322
v 16.8211669921875 2.431926965713501 6.427893161773682
v 16.9849853515625 2.0073609352111816 6.596543788909912
v 16.8211669921875 2.431926965713501 6.427893161773682
v 16.975387573242188 1.9945520162582397 6.580358028411865
v 17.213254928588867 1.270493984222412 6.694252014160156
v 17.2253475189209 1.2756129503250122 6.712006092071533
v 17.138277053833008 1.274554967880249 6.771613121032715
v 17.213254928588867 1.270493984222412 6.694252014160156
v 17.138277053833008 1.274554967880249 6.771613121032715
v 17.126184463500977 1.269436001777649 6.753859043121338
v 16.906810760498047 2.4802839756011963 6.376267910003662
v 16.899503707885742 2.462775945663452 6.361767768859863
v 16.717348098754883 2.7004849910736084 6.299828052520752
v 16.899503707885742 2.462775945663452 6.361767768859863
v 16.717348098754883 2.7004849910736084 6.299828052520752
v 16.717348098754883 2.7004849910736084 6.299828052520752
v 16.717348098754883 2.7004849910736084 6.299828052520752
v 16.717348098754883 2.7004849910736084 6.299828052520752
v 16.717348098754883 2.7004849910736084 6.299828052520752
v 16.717348098754883 2.7004849910736084 6.299828052520752
v 16.717348098754883 2.7004849910736084 6.299828052520752
v 16.717348098754883 2.7004849910736084 6.299828052520752
v 16.828474044799805 2.449434995651245 6.442392826080322
v 16.906810760498047 2.4802839756011963 6.376267910003662
v 16.717348098754883 2.7004849910736084 6.299828052520752
v 16.906810760498047 2.4802839756011963 6.376267910003662
v 16.717348098754883 2.7004849910736084 6.299828052520752
v 16.717348098754883 2.7004849910736084 6.299828052520752
v 16.899503707885742 2.462775945663452 6.361767768859863
v 16.8211669921875 2.431926965713501 6.427893161773682
v 16.717348098754883 2.7004849910736084 6.299828052520752
v 16.899503707885742 2.462775945663452 6.361767768859863
v 16.717348098754883 2.7004849910736084 6.299828052520752
v 16.717348098754883 2.7004849910736084 6.299828052520752
v 16.8211669921875 2.431926965713501 6.427893161773682
v 16.828474044799805 2.449434995651245 6.442392826080322
v 16.717348098754883 2.7004849910736084 6.299828052520752
v 16.828474044799805 2.449434995651245 6.442392826080322
v 16.717348098754883 2.7004849910736084 6.299828052520752
v 16.717348098754883 2.7004849910736084 6.299828052520752
v 17.138277053833008 1.274554967880249 6.771613121032715
v 17.057373046875 1.595268964767456 6.7065629959106445
v 17.04543685913086 1.590129017829895 6.6887102127075195
v 17.138277053833008 1.274554967880249 6.771613121032715
v 17.04543685913086 1.590129017829895 6.6887102127075195
v 17.126184463500977 1.269436001777649 6.753859043121338
v 17.057373046875 1.595268964767456 6.7065629959106445
v 16.9849853515625 2.0073609352111816 6.596543788909912
v 16.975387573242188 1.9945520162582397 6.580358028411865
v 17.057373046875 1.595268964767456 6.7065629959106445
v 16.975387573242188 1.9945520162582397 6.580358028411865
v 17.04543685913086 1.590129017829895 6.6887102127075195
v 17.2253475189209 1.2756129503250122 6.712006092071533
v 17.14365005493164 1.6025259494781494 6.646574974060059
v 17.057373046875 1.595268964767456 6.7065629959106445
v 17.2253475189209 1.2756129503250122 6.712006092071533
v 17.057373046875 1.595268964767456 6.7065629959106445
v 17.138277053833008 1.274554967880249 6.771613121032715
v 17.14365005493164 1.6025259494781494 6.646574974060059
v 17.06796646118164 2.0283050537109375 6.534121990203857
v 16.9849853515625 2.0073609352111816 6.596543788909912
v 17.14365005493164 1.6025259494781494 6.646574974060059
v 16.9849853515625 2.0073609352111816 6.596543788909912
v 17.057373046875 1.595268964767456 6.7065629959106445
v 17.213254928588867 1.270493984222412 6.694252014160156
v 17.131715774536133 1.5973860025405884 6.628722190856934
v 17.14365005493164 1.6025259494781494 6.646574974060059
v 17.213254928588867 1.270493984222412 6.694252014160156
v 17.14365005493164 1.6025259494781494 6.646574974060059
v 17.2253475189209 1.2756129503250122 6.712006092071533
v 17.131715774536133 1.5973860025405884 6.628722190856934
v 17.058368682861328 2.015496015548706 6.517934799194336
v 17.06796646118164 2.0283050537109375 6.534121990203857
v 17.131715774536133 1.5973860025405884 6.628722190856934
v 17.06796646118164 2.0283050537109375 6.534121990203857
v 17.14365005493164 1.6025259494781494 6.646574974060059
v 17.126184463500977 1.269436001777649 6.753859043121338
v 17.04543685913086 1.590129017829895 6.6887102127075195
v 17.131715774536133 1.5973860025405884 6.628722190856934
v 17.126184463500977 1.269436001777649 6.753859043121338
v 17.131715774536133 1.5973860025405884 6.628722190856934
v 17.213254928588867 1.270493984222412 6.694252014160156
v 17.04543685913086 1.590129017829895 6.6887102127075195
v 16.975387573242188 1.9945520162582397 6.580358028411865
v 17.058368682861328 2.015496015548706 6.517934799194336
v 17.04543685913086 1.590129017829895 6.6887102127075195
v 17.058368682861328 2.015496015548706 6.517934799194336
v 17.131715774536133 1.5973860025405884 6.628722190856934
v 17.26772689819336 2.005423069000244 7.505855083465576
v 17.33998680114746 2.2087490558624268 7.725330829620361
v 17.24547004699707 2.2543699741363525 7.785518169403076
v 17.26772689819336 2.005423069000244 7.505855083465576
v 17.24547004699707 2.2543699741363525 7.785518169403076
v 17.16230583190918 2.038849115371704 7.551681995391846
v 17.16230583190918 2.038849115371704 7.551681995391846
v 17.24547004699707 2.2543699741363525 7.785518169403076
v 17.251073837280273 2.2797679901123047 7.778326988220215
v 17.16230583190918 2.038849115371704 7.551681995391846
v 17.251073837280273 2.2797679901123047 7.778326988220215
v 17.16062355041504 2.0584099292755127 7.53505802154541
v 17.16062355041504 2.0584099292755127 7.53505802154541
v 17.251073837280273 2.2797679901123047 7.778326988220215
v 17.34558868408203 2.2341480255126953 7.718139171600342
v 17.16062355041504 2.0584099292755127 7.53505802154541
v 17.34558868408203 2.2341480255126953 7.718139171600342
v 17.26604461669922 2.0249838829040527 7.489232063293457
v 17.26604461669922 2.0249838829040527 7.489232063293457
v 17.34558868408203 2.2341480255126953 7.718139171600342
v 17.33998680114746 2.2087490558624268 7.725330829620361
v 17.26604461669922 2.0249838829040527 7.489232063293457
v 17.33998680114746 2.2087490558624268 7.725330829620361
v 17.26772689819336 2.005423069000244 7.505855083465576
v 17.101713180541992 1.2822409868240356 7.270636081695557
v 17.093814849853516 1.2875900268554688 7.247574806213379
v 17.20649528503418 1.2857849597930908 7.208567142486572
v 17.101713180541992 1.2822409868240356 7.270636081695557
v 17.20649528503418 1.2857849597930908 7.208567142486572
v 17.214391708374023 1.2804360389709473 7.231626987457275
v 17.251073837280273 2.2797679901123047 7.778326988220215
v 17.24547004699707 2.2543699741363525 7.785518169403076
v 17.403188705444336 2.373323917388916 8.00578784942627
v 17.24547004699707 2.2543699741363525 7.785518169403076
v 17.403188705444336 2.373323917388916 8.00578784942627
v 17.403188705444336 2.373323917388916 8.00578784942627
v 17.403188705444336 2.373323917388916 8.00578784942627
v 17.403188705444336 2.373323917388916 8.00578784942627
v 17.403188705444336 2.373323917388916 8.00578784942627
v 17.403188705444336 2.373323917388916 8.00578784942627
v 17.403188705444336 2.373323917388916 8.00578784942627
v 17.403188705444336 2.373323917388916 8.00578784942627
v 17.34558868408203 2.2341480255126953 7.718139171600342
v 17.251073837280273 2.2797679901123047 7.778326988220215
v 17.403188705444336 2.373323917388916 8.00578784942627
v 17.34558868408203 2.2341480255126953 7.718139171600342
v 17.403188705444336 2.373323917388916 8.00578784942627
v 17.403188705444336 2.373323917388916 8.00578784942627
v 17.24547004699707 2.2543699741363525 7.785518169403076
v 17.33998680114746 2.2087490558624268 7.725330829620361
v 17.403188705444336 2.373323917388916 8.00578784942627
v 17.33998680114746 2.2087490558624268 7.725330829620361
v 17.403188705444336 2.373323917388916 8.00578784942627
v 17.403188705444336 2.373323917388916 8.00578784942627
v 17.33998680114746 2.2087490558624268 7.725330829620361
v 17.34558868408203 2.2341480255126953 7.718139171600342
v 17.403188705444336 2.373323917388916 8.00578784942627
v 17.34558868408203 2.2341480255126953 7.718139171600342
v 17.403188705444336 2.373323917388916 8.00578784942627
v 17.403188705444336 2.373323917388916 8.00578784942627
v 17.20649528503418 1.2857849597930908 7.208567142486572
v 17.218212127685547 1.7253220081329346 7.319861888885498
v 17.225910186767578 1.7199510335922241 7.342985153198242
v 17.20649528503418 1.2857849597930908 7.208567142486572
v 17.225910186767578 1.7199510335922241 7.342985153198242
v 17.214391708374023 1.2804360389709473 7.231626987457275
v 17.218212127685547 1.7253220081329346 7.319861888885498
v 17.26604461669922 2.0249838829040527 7.489232063293457
v 17.26772689819336 2.005423069000244 7.505855083465576
v 17.218212127685547 1.7253220081329346 7.319861888885498
v 17.26772689819336 2.005423069000244 7.505855083465576
v 17.225910186767578 1.7199510335922241 7.342985153198242
v 17.093814849853516 1.2875900268554688 7.247574806213379
v 17.106277465820312 1.7341439723968506 7.359392166137695
v 17.218212127685547 1.7253220081329346 7.319861888885498
v 17.093814849853516 1.2875900268554688 7.247574806213379
v 17.218212127685547 1.7253220081329346 7.319861888885498
v 17.20649528503418 1.2857849597930908 7.208567142486572
v 17.106277465820312 1.7341439723968506 7.359392166137695
v 17.16062355041504 2.0584099292755127 7.53505802154541
v 17.26604461669922 2.0249838829040527 7.489232063293457
v 17.106277465820312 1.7341439723968506 7.359392166137695
v 17.26604461669922 2.0249838829040527 7.489232063293457
v 17.218212127685547 1.7253220081329346 7.319861888885498
v 17.101713180541992 1.2822409868240356 7.270636081695557
v 17.11397361755371 1.7287729978561401 7.382513999938965
v 17.106277465820312 1.7341439723968506 7.359392166137695
v 17.101713180541992 1.2822409868240356 7.270636081695557
v 17.106277465820312 1.7341439723968506 7.359392166137695
v 17.093814849853516 1.2875900268554688 7.247574806213379
v 17.11397361755371 1.7287729978561401 7.382513999938965
v 17.16230583190918 2.038849115371704 7.551681995391846
v 17.16062355041504 2.0584099292755127 7.53505802154541
v 17.11397361755371 1.7287729978561401 7.382513999938965
v 17.16062355041504 2.0584099292755127 7.53505802154541
v 17.106277465820312 1.7341439723968506 7.359392166137695
v 17.214391708374023 1.2804360389709473 7.231626987457275
v 17.225910186767578 1.7199510335922241 7.342985153198242
v 17.11397361755371 1.7287729978561401 7.382513999938965
v 17.214391708374023 1.2804360389709473 7.231626987457275
v 17.11397361755371 1.7287729978561401 7.382513999938965
v 17.101713180541992 1.2822409868240356 7.270636081695557
v 17.225910186767578 1.7199510335922241 7.342985153198242
v 17.26772689819336 2.005423069000244 7.505855083465576
v 17.16230583190918 2.038849115371704 7.551681995391846
v 17.225910186767578 1.7199510335922241 7.342985153198242
v 17.16230583190918 2.038849115371704 7.551681995391846
v 17.11397361755371 1.7287729978561401 7.382513999938965
v 17.494916915893555 2.043471097946167 7.487717151641846
v 17.6406307220459 2.3236029148101807 7.617700099945068
v 17.569499969482422 2.354296922683716 7.678067207336426
v 17.494916915893555 2.043471097946167 7.487717151641846
v 17.569499969482422 2.354296922683716 7.678067207336426
v 17.41929054260254 2.062633991241455 7.545661926269531
v 17.41929054260254 2.062633991241455 7.545661926269531
v 17.569499969482422 2.354296922683716 7.678067207336426
v 17.56888771057129 2.3743579387664795 7.6692891120910645
v 17.41929054260254 2.062633991241455 7.545661926269531
v 17.56888771057129 2.3743579387664795 7.6692891120910645
v 17.409805297851562 2.0734190940856934 7.530501842498779
v 17.409805297851562 2.0734190940856934 7.530501842498779
v 17.56888771057129 2.3743579387664795 7.6692891120910645
v 17.640018463134766 2.3436648845672607 7.608921051025391
v 17.409805297851562 2.0734190940856934 7.530501842498779
v 17.640018463134766 2.3436648845672607 7.608921051025391
v 17.485431671142578 2.0542569160461426 7.47255802154541
v 17.485431671142578 2.0542569160461426 7.47255802154541
v 17.640018463134766 2.3436648845672607 7.608921051025391
v 17.6406307220459 2.3236029148101807 7.617700099945068
v 17.485431671142578 2.0542569160461426 7.47255802154541
v 17.6406307220459 2.3236029148101807 7.617700099945068
v 17.494916915893555 2.043471097946167 7.487717151641846
v 17.302074432373047 1.2812919616699219 7.382960796356201
v 17.290515899658203 1.2848939895629883 7.36671781539917
v 17.36931610107422 1.2841869592666626 7.31048583984375
v 17.302074432373047 1.2812919616699219 7.382960796356201
v 17.36931610107422 1.2841869592666626 7.31048583984375
v 17.380874633789062 1.2805839776992798 7.326728820800781
v 17.56888771057129 2.3743579387664795 7.6692891120910645
v 17.569499969482422 2.354296922683716 7.678067207336426
v 17.773761749267578 2.497697114944458 7.806232929229736
v 17.569499969482422 2.354296922683716 7.678067207336426
v 17.773761749267578 2.497697114944458 7.806232929229736
v 17.773761749267578 2.497697114944458 7.806232929229736
v 17.773761749267578 2.497697114944458 7.806232929229736
v 17.773761749267578 2.497697114944458 7.806232929229736
v 17.773761749267578 2.497697114944458 7.806232929229736
v 17.773761749267578 2.497697114944458 7.806232929229736
v 17.773761749267578 2.497697114944458 7.806232929229736
v 17.773761749267578 2.497697114944458 7.806232929229736
v 17.640018463134766 2.3436648845672607 7.608921051025391
v 17.56888771057129 2.3743579387664795 7.6692891120910645
v 17.773761749267578 2.497697114944458 7.806232929229736
v 17.56888771057129 2.3743579387664795 7.6692891120910645
v 17.773761749267578 2.497697114944458 7.806232929229736
v 17.773761749267578 2.497697114944458 7.806232929229736
v 17.569499969482422 2.354296922683716 7.678067207336426
v 17.6406307220459 2.3236029148101807 7.617700099945068
v 17.773761749267578 2.497697114944458 7.806232929229736
v 17.6406307220459 2.3236029148101807 7.617700099945068
v 17.773761749267578 2.497697114944458 7.806232929229736
v 17.773761749267578 2.497697114944458 7.806232929229736
v 17.6406307220459 2.3236029148101807 7.617700099945068
v 17.640018463134766 2.3436648845672607 7.608921051025391
v 17.773761749267578 2.497697114944458 7.806232929229736
v 17.6406307220459 2.3236029148101807 7.617700099945068
v 17.773761749267578 2.497697114944458 7.806232929229736
v 17.773761749267578 2.497697114944458 7.806232929229736
v 17.36931610107422 1.2841869592666626 7.31048583984375
v 17.430091857910156 1.672305941581726 7.376485824584961
v 17.441509246826172 1.6686830520629883 7.392823219299316
v 17.36931610107422 1.2841869592666626 7.31048583984375
v 17.441509246826172 1.6686830520629883 7.392823219299316
v 17.380874633789062 1.2805839776992798 7.326728820800781
v 17.430091857910156 1.672305941581726 7.376485824584961
v 17.485431671142578 2.0542569160461426 7.47255802154541
v 17.494916915893555 2.043471097946167 7.487717151641846
v 17.430091857910156 1.672305941581726 7.376485824584961
v 17.494916915893555 2.043471097946167 7.487717151641846
v 17.441509246826172 1.6686830520629883 7.392823219299316
v 17.290515899658203 1.2848939895629883 7.36671781539917
v 17.351829528808594 1.6787309646606445 7.432806015014648
v 17.430091857910156 1.672305941581726 7.376485824584961
v 17.290515899658203 1.2848939895629883 7.36671781539917
v 17.430091857910156 1.672305941581726 7.376485824584961
v 17.36931610107422 1.2841869592666626 7.31048583984375
v 17.351829528808594 1.6787309646606445 7.432806015014648
v 17.409805297851562 2.0734190940856934 7.530501842498779
v 17.485431671142578 2.0542569160461426 7.47255802154541
v 17.351829528808594 1.6787309646606445 7.432806015014648
v 17.485431671142578 2.0542569160461426 7.47255802154541
v 17.430091857910156 1.672305941581726 7.376485824584961
v 17.302074432373047 1.2812919616699219 7.382960796356201
v 17.36324691772461 1.6751079559326172 7.449141979217529
v 17.351829528808594 1.6787309646606445 7.432806015014648
v 17.302074432373047 1.2812919616699219 7.382960796356201
v 17.351829528808594 1.6787309646606445 7.432806015014648
v 17.290515899658203 1.2848939895629883 7.36671781539917
v 17.36324691772461 1.6751079559326172 7.449141979217529
v 17.41929054260254 2.062633991241455 7.545661926269531
v 17.409805297851562 2.0734190940856934 7.530501842498779
v 17.36324691772461 1.6751079559326172 7.449141979217529
v 17.409805297851562 2.0734190940856934 7.530501842498779
v 17.351829528808594 1.6787309646606445 7.432806015014648
v 17.380874633789062 1.2805839776992798 7.326728820800781
v 17.441509246826172 1.6686830520629883 7.392823219299316
v 17.36324691772461 1.6751079559326172 7.449141979217529
v 17.380874633789062 1.2805839776992798 7.326728820800781
v 17.36324691772461 1.6751079559326172 7.449141979217529
v 17.302074432373047 1.2812919616699219 7.382960796356201
v 17.441509246826172 1.6686830520629883 7.392823219299316
v 17.494916915893555 2.043471097946167 7.487717151641846
v 17.41929054260254 2.062633991241455 7.545661926269531
v 17.441509246826172 1.6686830520629883 7.392823219299316
v 17.41929054260254 2.062633991241455 7.545661926269531
v 17.36324691772461 1.6751079559326172 7.449141979217529
v 17.3675479888916 2.0771028995513916 6.60202693939209
v 17.39613151550293 2.3780479431152344 6.443231105804443
v 17.480972290039062 2.410088062286377 6.480930805206299
v 17.3675479888916 2.0771028995513916 6.60202693939209
v 17.480972290039062 2.410088062286377 6.480930805206299
v 17.45307731628418 2.097153902053833 6.643582820892334
v 17.45307731628418 2.097153902053833 6.643582820892334
v 17.480972290039062 2.410088062286377 6.480930805206299
v 17.472335815429688 2.4290549755096436 6.4876790046691895
v 17.45307731628418 2.097153902053833 6.643582820892334
v 17.472335815429688 2.4290549755096436 6.4876790046691895
v 17.443580627441406 2.105678081512451 6.660114765167236
v 17.443580627441406 2.105678081512451 6.660114765167236
v 17.472335815429688 2.4290549755096436 6.4876790046691895
v 17.387495040893555 2.3970160484313965 6.449978828430176
v 17.443580627441406 2.105678081512451 6.660114765167236
v 17.387495040893555 2.3970160484313965 6.449978828430176
v 17.358051300048828 2.0856270790100098 6.618557929992676
v 17.358051300048828 2.0856270790100098 6.618557929992676
v 17.387495040893555 2.3970160484313965 6.449978828430176
v 17.39613151550293 2.3780479431152344 6.443231105804443
v 17.358051300048828 2.0856270790100098 6.618557929992676
v 17.39613151550293 2.3780479431152344 6.443231105804443
v 17.3675479888916 2.0771028995513916 6.60202693939209
v 17.416366577148438 1.278838038444519 6.725550174713135
v 17.40732765197754 1.279984951019287 6.7436442375183105
v 17.320695877075195 1.278635025024414 6.700459957122803
v 17.416366577148438 1.278838038444519 6.725550174713135
v 17.320695877075195 1.278635025024414 6.700459957122803
v 17.32973289489746 1.27748703956604 6.6823649406433105
v 17.472335815429688 2.4290549755096436 6.4876790046691895
v 17.480972290039062 2.410088062286377 6.480930805206299
v 17.488525390625 2.578958034515381 6.25701379776001
v 17.480972290039062 2.410088062286377 6.480930805206299
v 17.488525390625 2.578958034515381 6.25701379776001
v 17.488525390625 2.578958034515381 6.25701379776001
v 17.488525390625 2.578958034515381 6.25701379776001
v 17.488525390625 2.578958034515381 6.25701379776001
v 17.488525390625 2.578958034515381 6.25701379776001
v 17.488525390625 2.578958034515381 6.25701379776001
v 17.488525390625 2.578958034515381 6.25701379776001
v 17.488525390625 2.578958034515381 6.25701379776001
v 17.387495040893555 2.3970160484313965 6.449978828430176
v 17.472335815429688 2.4290549755096436 6.4876790046691895
v 17.488525390625 2.578958034515381 6.25701379776001
v 17.387495040893555 2.3970160484313965 6.449978828430176
v 17.488525390625 2.578958034515381 6.25701379776001
v 17.488525390625 2.578958034515381 6.25701379776001
v 17.480972290039062 2.410088062286377 6.480930805206299
v 17.39613151550293 2.3780479431152344 6.443231105804443
v 17.488525390625 2.578958034515381 6.25701379776001
v 17.480972290039062 2.410088062286377 6.480930805206299
v 17.488525390625 2.578958034515381 6.25701379776001
v 17.488525390625 2.578958034515381 6.25701379776001
v 17.39613151550293 2.3780479431152344 6.443231105804443
v 17.387495040893555 2.3970160484313965 6.449978828430176
v 17.488525390625 2.578958034515381 6.25701379776001
v 17.387495040893555 2.3970160484313965 6.449978828430176
v 17.488525390625 2.578958034515381 6.25701379776001
v 17.488525390625 2.578958034515381 6.25701379776001
v 17.320695877075195 1.278635025024414 6.700459957122803
v 17.322711944580078 1.6930170059204102 6.671352863311768
v 17.33190155029297 1.6918489933013916 6.653337001800537
v 17.320695877075195 1.278635025024414 6.700459957122803
v 17.33190155029297 1.6918489933013916 6.653337001800537
v 17.32973289489746 1.27748703956604 6.6823649406433105
v 17.322711944580078 1.6930170059204102 6.671352863311768
v 17.358051300048828 2.0856270790100098 6.618557929992676
v 17.3675479888916 2.0771028995513916 6.60202693939209
v 17.322711944580078 1.6930170059204102 6.671352863311768
v 17.3675479888916 2.0771028995513916 6.60202693939209
v 17.33190155029297 1.6918489933013916 6.653337001800537
v 17.40732765197754 1.279984951019287 6.7436442375183105
v 17.408823013305664 1.700085997581482 6.714630126953125
v 17.322711944580078 1.6930170059204102 6.671352863311768
v 17.40732765197754 1.279984951019287 6.7436442375183105
v 17.322711944580078 1.6930170059204102 6.671352863311768
v 17.320695877075195 1.278635025024414 6.700459957122803
v 17.408823013305664 1.700085997581482 6.714630126953125
v 17.443580627441406 2.105678081512451 6.660114765167236
v 17.358051300048828 2.0856270790100098 6.618557929992676
v 17.408823013305664 1.700085997581482 6.714630126953125
v 17.358051300048828 2.0856270790100098 6.618557929992676
v 17.322711944580078 1.6930170059204102 6.671352863311768
v 17.416366577148438 1.278838038444519 6.725550174713135
v 17.418012619018555 1.6989190578460693 6.69661283493042
v 17.408823013305664 1.700085997581482 6.714630126953125
v 17.416366577148438 1.278838038444519 6.725550174713135
v 17.408823013305664 1.700085997581482 6.714630126953125
v 17.40732765197754 1.279984951019287 6.7436442375183105
v 17.418012619018555 1.6989190578460693 6.69661283493042
v 17.45307731628418 2.097153902053833 6.643582820892334
v 17.443580627441406 2.105678081512451 6.660114765167236
v 17.418012619018555 1.6989190578460693 6.69661283493042
v 17.443580627441406 2.105678081512451 6.660114765167236
v 17.408823013305664 1.700085997581482 6.714630126953125
v 17.32973289489746 1.27748703956604 6.6823649406433105
v 17.33190155029297 1.6918489933013916 6.653337001800537
v 17.418012619018555 1.6989190578460693 6.69661283493042
v 17.32973289489746 1.27748703956604 6.6823649406433105
v 17.418012619018555 1.6989190578460693 6.69661283493042
v 17.416366577148438 1.278838038444519 6.725550174713135
v 17.33190155029297 1.6918489933013916 6.653337001800537
v 17.3675479888916 2.0771028995513916 6.60202693939209
v 17.45307731628418 2.097153902053833 6.643582820892334
v 17.33190155029297 1.6918489933013916 6.653337001800537
v 17.45307731628418 2.097153902053833 6.643582820892334
v 17.418012619018555 1.6989190578460693 6.69661283493042
v 16.947839736938477 2.7889389991760254 7.567324161529541
v 16.946775436401367 2.7849841117858887 7.573363780975342
v 16.926815032958984 2.8430089950561523 7.597267150878906
v 16.947839736938477 2.7889389991760254 7.567324161529541
v 16.926815032958984 2.8430089950561523 7.597267150878906
v 16.927030563354492 2.8438029289245605 7.5960540771484375
v 16.931411743164062 2.8437530994415283 7.597947120666504
v 16.929603576660156 2.84437894821167 7.596175193786621
v 16.92827033996582 2.8444130420684814 7.5955681800842285
v 16.92827033996582 2.8444130420684814 7.5955681800842285
v 16.927030563354492 2.8438029289245605 7.5960540771484375
v 16.926815032958984 2.8430089950561523 7.597267150878906
v 16.926815032958984 2.8430089950561523 7.597267150878906
v 16.92778968811035 2.842628002166748 7.598293781280518
v 16.93012237548828 2.8425099849700928 7.599452018737793
v 16.93012237548828 2.8425099849700928 7.599452018737793
v 16.931411743164062 2.8437530994415283 7.597947120666504
v 16.92827033996582 2.8444130420684814 7.5955681800842285
v 16.92827033996582 2.8444130420684814 7.5955681800842285
v 16.926815032958984 2.8430089950561523 7.597267150878906
v 16.93012237548828 2.8425099849700928 7.599452018737793
v 16.951627731323242 2.7830889225006104 7.5784759521484375
v 16.958742141723633 2.7846810817718506 7.578810214996338
v 16.93012237548828 2.8425099849700928 7.599452018737793
v 16.951627731323242 2.7830889225006104 7.5784759521484375
v 16.93012237548828 2.8425099849700928 7.599452018737793
v 16.92778968811035 2.842628002166748 7.598293781280518
v 16.9627628326416 2.788559913635254 7.574113845825195
v 16.960660934448242 2.791806936264038 7.567924976348877
v 16.929603576660156 2.84437894821167 7.596175193786621
v 16.9627628326416 2.788559913635254 7.574113845825195
v 16.929603576660156 2.84437894821167 7.596175193786621
v 16.931411743164062 2.8437530994415283 7.597947120666504
v 16.95401954650879 2.791975975036621 7.5649027824401855
v 16.947839736938477 2.7889389991760254 7.567324161529541
v 16.927030563354492 2.8438029289245605 7.5960540771484375
v 16.95401954650879 2.791975975036621 7.5649027824401855
v 16.927030563354492 2.8438029289245605 7.5960540771484375
v 16.92827033996582 2.8444130420684814 7.5955681800842285
v 16.946775436401367 2.7849841117858887 7.573363780975342
v 16.951627731323242 2.7830889225006104 7.5784759521484375
v 16.92778968811035 2.842628002166748 7.598293781280518
v 16.946775436401367 2.7849841117858887 7.573363780975342
v 16.92778968811035 2.842628002166748 7.598293781280518
v 16.926815032958984 2.8430089950561523 7.597267150878906
v 16.958742141723633 2.7846810817718506 7.578810214996338
v 16.9627628326416 2.788559913635254 7.574113845825195
v 16.931411743164062 2.8437530994415283 7.597947120666504
v 16.958742141723633 2.7846810817718506 7.578810214996338
v 16.931411743164062 2.8437530994415283 7.597947120666504
v 16.93012237548828 2.8425099849700928 7.599452018737793
v 16.960660934448242 2.791806936264038 7.567924976348877
v 16.95401954650879 2.791975975036621 7.5649027824401855
v 16.92827033996582 2.8444130420684814 7.5955681800842285
v 16.960660934448242 2.791806936264038 7.567924976348877
v 16.92827033996582 2.8444130420684814 7.5955681800842285
v 16.929603576660156 2.84437894821167 7.596175193786621
v 17.11181640625 1.6613689661026 7.149263858795166
v 17.101457595825195 1.6609599590301514 7.134255886077881
v 17.16048812866211 1.281633973121643 7.0900678634643555
v 17.11181640625 1.6613689661026 7.149263858795166
v 17.16048812866211 1.281633973121643 7.0900678634643555
v 17.17165756225586 1.2825549840927124 7.106717109680176
v 17.166534423828125 1.2815569639205933 7.070931911468506
v 17.185245513916016 1.2823820114135742 7.063717842102051
v 17.20252799987793 1.2834880352020264 7.073859214782715
v 17.20252799987793 1.2834880352020264 7.073859214782715
v 17.20536994934082 1.2840410470962524 7.093719005584717
v 17.191631317138672 1.2836259603500366 7.108342170715332
v 17.191631317138672 1.2836259603500366 7.108342170715332
v 17.17165756225586 1.2825549840927124 7.106717109680176
v 17.16048812866211 1.281633973121643 7.0900678634643555
v 17.16048812866211 1.281633973121643 7.0900678634643555
v 17.166534423828125 1.2815569639205933 7.070931911468506
v 17.20252799987793 1.2834880352020264 7.073859214782715
v 17.20252799987793 1.2834880352020264 7.073859214782715
v 17.191631317138672 1.2836259603500366 7.108342170715332
v 17.16048812866211 1.281633973121643 7.0900678634643555
v 17.142175674438477 1.6643840074539185 7.137271881103516
v 17.12993812561035 1.6628940105438232 7.150607109069824
v 17.191631317138672 1.2836259603500366 7.108342170715332
v 17.142175674438477 1.6643840074539185 7.137271881103516
v 17.191631317138672 1.2836259603500366 7.108342170715332
v 17.20536994934082 1.2840410470962524 7.093719005584717
v 17.123510360717773 1.6636459827423096 7.110228061676025
v 17.139314651489258 1.6647189855575562 7.119301795959473
v 17.20252799987793 1.2834880352020264 7.073859214782715
v 17.123510360717773 1.6636459827423096 7.110228061676025
v 17.20252799987793 1.2834880352020264 7.073859214782715
v 17.185245513916016 1.2823820114135742 7.063717842102051
v 17.101457595825195 1.6609599590301514 7.134255886077881
v 17.10666275024414 1.661972999572754 7.116882801055908
v 17.166534423828125 1.2815569639205933 7.070931911468506
v 17.101457595825195 1.6609599590301514 7.134255886077881
v 17.166534423828125 1.2815569639205933 7.070931911468506
v 17.16048812866211 1.281633973121643 7.0900678634643555
v 17.12993812561035 1.6628940105438232 7.150607109069824
v 17.11181640625 1.6613689661026 7.149263858795166
v 17.17165756225586 1.2825549840927124 7.106717109680176
v 17.12993812561035 1.6628940105438232 7.150607109069824
v 17.17165756225586 1.2825549840927124 7.106717109680176
v 17.191631317138672 1.2836259603500366 7.108342170715332
v 17.139314651489258 1.6647189855575562 7.119301795959473
v 17.142175674438477 1.6643840074539185 7.137271881103516
v 17.20536994934082 1.2840410470962524 7.093719005584717
v 17.139314651489258 1.6647189855575562 7.119301795959473
v 17.20536994934082 1.2840410470962524 7.093719005584717
v 17.20252799987793 1.2834880352020264 7.073859214782715
v 17.10666275024414 1.661972999572754 7.116882801055908
v 17.123510360717773 1.6636459827423096 7.110228061676025
v 17.185245513916016 1.2823820114135742 7.063717842102051
v 17.10666275024414 1.661972999572754 7.116882801055908
v 17.185245513916016 1.2823820114135742 7.063717842102051
v 17.166534423828125 1.2815569639205933 7.070931911468506
v 17.05466651916504 2.3607819080352783 7.364849090576172
v 17.061071395874023 2.363161087036133 7.362102031707764
v 17.048799514770508 2.0818419456481934 7.217607021331787
v 17.05466651916504 2.3607819080352783 7.364849090576172
v 17.048799514770508 2.0818419456481934 7.217607021331787
v 17.0338134765625 2.0793209075927734 7.223702907562256
v 17.0338134765625 2.0793209075927734 7.223702907562256
v 17.048799514770508 2.0818419456481934 7.217607021331787
v 17.123510360717773 1.6636459827423096 7.110228061676025
v 17.0338134765625 2.0793209075927734 7.223702907562256
v 17.123510360717773 1.6636459827423096 7.110228061676025
v 17.10666275024414 1.661972999572754 7.116882801055908
v 17.06758689880371 2.3637399673461914 7.365485191345215
v 17.069305419921875 2.362083911895752 7.3724517822265625
v 17.06600570678711 2.0816590785980225 7.24169397354126
v 17.06758689880371 2.3637399673461914 7.365485191345215
v 17.06600570678711 2.0816590785980225 7.24169397354126
v 17.063127517700195 2.0828819274902344 7.225614070892334
v 17.063127517700195 2.0828819274902344 7.225614070892334
v 17.06600570678711 2.0816590785980225 7.24169397354126
v 17.142175674438477 1.6643840074539185 7.137271881103516
v 17.063127517700195 2.0828819274902344 7.225614070892334
v 17.142175674438477 1.6643840074539185 7.137271881103516
v 17.139314651489258 1.6647189855575562 7.119301795959473
v 17.06493377685547 2.359438896179199 7.377755165100098
v 17.057764053344727 2.3577980995178223 7.377401828765869
v 17.03900146484375 2.077116012573242 7.252679824829102
v 17.06493377685547 2.359438896179199 7.377755165100098
v 17.03900146484375 2.077116012573242 7.252679824829102
v 17.055269241333008 2.0790929794311523 7.253739833831787
v 17.055269241333008 2.0790929794311523 7.253739833831787
v 17.03900146484375 2.077116012573242 7.252679824829102
v 17.11181640625 1.6613689661026 7.149263858795166
v 17.055269241333008 2.0790929794311523 7.253739833831787
v 17.11181640625 1.6613689661026 7.149263858795166
v 17.12993812561035 1.6628940105438232 7.150607109069824
v 17.05319595336914 2.358396053314209 7.371657848358154
v 17.05466651916504 2.3607819080352783 7.364849090576172
v 17.0338134765625 2.0793209075927734 7.223702907562256
v 17.05319595336914 2.358396053314209 7.371657848358154
v 17.0338134765625 2.0793209075927734 7.223702907562256
v 17.02945327758789 2.0772180557250977 7.239312171936035
v 17.02945327758789 2.0772180557250977 7.239312171936035
v 17.0338134765625 2.0793209075927734 7.223702907562256
v 17.10666275024414 1.661972999572754 7.116882801055908
v 17.02945327758789 2.0772180557250977 7.239312171936035
v 17.10666275024414 1.661972999572754 7.116882801055908
v 17.101457595825195 1.6609599590301514 7.134255886077881
v 17.061071395874023 2.363161087036133 7.362102031707764
v 17.06758689880371 2.3637399673461914 7.365485191345215
v 17.063127517700195 2.0828819274902344 7.225614070892334
v 17.061071395874023 2.363161087036133 7.362102031707764
v 17.063127517700195 2.0828819274902344 7.225614070892334
v 17.048799514770508 2.0818419456481934 7.217607021331787
v 17.048799514770508 2.0818419456481934 7.217607021331787
v 17.063127517700195 2.0828819274902344 7.225614070892334
v 17.139314651489258 1.6647189855575562 7.119301795959473
v 17.048799514770508 2.0818419456481934 7.217607021331787
v 17.139314651489258 1.6647189855575562 7.119301795959473
v 17.123510360717773 1.6636459827423096 7.110228061676025
v 17.069305419921875 2.362083911895752 7.3724517822265625
v 17.06493377685547 2.359438896179199 7.377755165100098
v 17.055269241333008 2.0790929794311523 7.253739833831787
v 17.069305419921875 2.362083911895752 7.3724517822265625
v 17.055269241333008 2.0790929794311523 7.253739833831787
v 17.06600570678711 2.0816590785980225 7.24169397354126
v 17.06600570678711 2.0816590785980225 7.24169397354126
v 17.055269241333008 2.0790929794311523 7.253739833831787
v 17.12993812561035 1.6628940105438232 7.150607109069824
v 17.06600570678711 2.0816590785980225 7.24169397354126
v 17.12993812561035 1.6628940105438232 7.150607109069824
v 17.142175674438477 1.6643840074539185 7.137271881103516
v 17.057764053344727 2.3577980995178223 7.377401828765869
v 17.05319595336914 2.358396053314209 7.371657848358154
v 17.02945327758789 2.0772180557250977 7.239312171936035
v 17.057764053344727 2.3577980995178223 7.377401828765869
v 17.02945327758789 2.0772180557250977 7.239312171936035
v 17.03900146484375 2.077116012573242 7.252679824829102
v 17.03900146484375 2.077116012573242 7.252679824829102
v 17.02945327758789 2.0772180557250977 7.239312171936035
v 17.101457595825195 1.6609599590301514 7.134255886077881
v 17.03900146484375 2.077116012573242 7.252679824829102
v 17.101457595825195 1.6609599590301514 7.134255886077881
v 17.11181640625 1.6613689661026 7.149263858795166
v 16.806692123413086 1.7787810564041138 7.438530921936035
v 16.715335845947266 1.9273359775543213 7.580501079559326
v 16.6376953125 1.9606679677963257 7.554530143737793
v 16.806692123413086 1.7787810564041138 7.438530921936035
v 16.6376953125 1.9606679677963257 7.554530143737793
v 16.732187271118164 1.8032020330429077 7.3997650146484375
v 16.732187271118164 1.8032020330429077 7.3997650146484375
v 16.6376953125 1.9606679677963257 7.554530143737793
v 16.64435577392578 1.9792250394821167 7.554401874542236
v 16.732187271118164 1.8032020330429077 7.3997650146484375
v 16.64435577392578 1.9792250394821167 7.554401874542236
v 16.7408504486084 1.8174940347671509 7.3911638259887695
v 16.7408504486084 1.8174940347671509 7.3911638259887695
v 16.64435577392578 1.9792250394821167 7.554401874542236
v 16.721996307373047 1.9458930492401123 7.5803728103637695
v 16.7408504486084 1.8174940347671509 7.3911638259887695
v 16.721996307373047 1.9458930492401123 7.5803728103637695
v 16.81535530090332 1.793073058128357 7.429931163787842
v 16.81535530090332 1.793073058128357 7.429931163787842
v 16.721996307373047 1.9458930492401123 7.5803728103637695
v 16.715335845947266 1.9273359775543213 7.580501079559326
v 16.81535530090332 1.793073058128357 7.429931163787842
v 16.715335845947266 1.9273359775543213 7.580501079559326
v 16.806692123413086 1.7787810564041138 7.438530921936035
v 16.863861083984375 1.2847440242767334 7.236100196838379
v 16.873319625854492 1.288651943206787 7.221008777618408
v 16.947290420532227 1.2873330116271973 7.267032146453857
v 16.863861083984375 1.2847440242767334 7.236100196838379
v 16.947290420532227 1.2873330116271973 7.267032146453857
v 16.93783187866211 1.283424973487854 7.28212308883667
v 16.64435577392578 1.9792250394821167 7.554401874542236
v 16.6376953125 1.9606679677963257 7.554530143737793
v 16.58519744873047 2.047579050064087 7.745377063751221
v 16.6376953125 1.9606679677963257 7.554530143737793
v 16.58519744873047 2.047579050064087 7.745377063751221
v 16.58519744873047 2.047579050064087 7.745377063751221
v 16.58519744873047 2.047579050064087 7.745377063751221
v 16.58519744873047 2.047579050064087 7.745377063751221
v 16.58519744873047 2.047579050064087 7.745377063751221
v 16.58519744873047 2.047579050064087 7.745377063751221
v 16.58519744873047 2.047579050064087 7.745377063751221
v 16.58519744873047 2.047579050064087 7.745377063751221
v 16.721996307373047 1.9458930492401123 7.5803728103637695
v 16.64435577392578 1.9792250394821167 7.554401874542236
v 16.58519744873047 2.047579050064087 7.745377063751221
v 16.721996307373047 1.9458930492401123 7.5803728103637695
v 16.58519744873047 2.047579050064087 7.745377063751221
v 16.58519744873047 2.047579050064087 7.745377063751221
v 16.6376953125 1.9606679677963257 7.554530143737793
v 16.715335845947266 1.9273359775543213 7.580501079559326
v 16.58519744873047 2.047579050064087 7.745377063751221
v 16.6376953125 1.9606679677963257 7.554530143737793
v 16.58519744873047 2.047579050064087 7.745377063751221
v 16.58519744873047 2.047579050064087 7.745377063751221
v 16.715335845947266 1.9273359775543213 7.580501079559326
v 16.721996307373047 1.9458930492401123 7.5803728103637695
v 16.58519744873047 2.047579050064087 7.745377063751221
v 16.721996307373047 1.9458930492401123 7.5803728103637695
v 16.58519744873047 2.047579050064087 7.745377063751221
v 16.58519744873047 2.047579050064087 7.745377063751221
v 16.947290420532227 1.2873330116271973 7.267032146453857
v 16.889501571655273 1.5741310119628906 7.324875831604004
v 16.879915237426758 1.5702069997787476 7.339879989624023
v 16.947290420532227 1.2873330116271973 7.267032146453857
v 16.879915237426758 1.5702069997787476 7.339879989624023
v 16.93783187866211 1.283424973487854 7.28212308883667
v 16.889501571655273 1.5741310119628906 7.324875831604004
v 16.81535530090332 1.793073058128357 7.429931163787842
v 16.806692123413086 1.7787810564041138 7.438530921936035
v 16.889501571655273 1.5741310119628906 7.324875831604004
v 16.806692123413086 1.7787810564041138 7.438530921936035
v 16.879915237426758 1.5702069997787476 7.339879989624023
v 16.873319625854492 1.288651943206787 7.221008777618408
v 16.815576553344727 1.58057701587677 7.279513835906982
v 16.889501571655273 1.5741310119628906 7.324875831604004
v 16.873319625854492 1.288651943206787 7.221008777618408
v 16.889501571655273 1.5741310119628906 7.324875831604004
v 16.947290420532227 1.2873330116271973 7.267032146453857
v 16.815576553344727 1.58057701587677 7.279513835906982
v 16.7408504486084 1.8174940347671509 7.3911638259887695
v 16.81535530090332 1.793073058128357 7.429931163787842
v 16.815576553344727 1.58057701587677 7.279513835906982
v 16.81535530090332 1.793073058128357 7.429931163787842
v 16.889501571655273 1.5741310119628906 7.324875831604004
v 16.863861083984375 1.2847440242767334 7.236100196838379
v 16.80599021911621 1.5766520500183105 7.294517993927002
v 16.815576553344727 1.58057701587677 7.279513835906982
v 16.863861083984375 1.2847440242767334 7.236100196838379
v 16.815576553344727 1.58057701587677 7.279513835906982
v 16.873319625854492 1.288651943206787 7.221008777618408
v 16.80599021911621 1.5766520500183105 7.294517993927002
v 16.732187271118164 1.8032020330429077 7.3997650146484375
v 16.7408504486084 1.8174940347671509 7.3911638259887695
v 16.80599021911621 1.5766520500183105 7.294517993927002
v 16.7408504486084 1.8174940347671509 7.3911638259887695
v 16.815576553344727 1.58057701587677 7.279513835906982
v 16.93783187866211 1.283424973487854 7.28212308883667
v 16.879915237426758 1.5702069997787476 7.339879989624023
v 16.80599021911621 1.5766520500183105 7.294517993927002
v 16.93783187866211 1.283424973487854 7.28212308883667
v 16.80599021911621 1.5766520500183105 7.294517993927002
v 16.863861083984375 1.2847440242767334 7.236100196838379
v 16.879915237426758 1.5702069997787476 7.339879989624023
v 16.806692123413086 1.7787810564041138 7.438530921936035
v 16.732187271118164 1.8032020330429077 7.3997650146484375
v 16.879915237426758 1.5702069997787476 7.339879989624023
v 16.732187271118164 1.8032020330429077 7.3997650146484375
v 16.80599021911621 1.5766520500183105 7.294517993927002
v 16.82260513305664 2.605494976043701 6.598217010498047
v 16.78234100341797 2.8734660148620605 6.5313591957092285
v 16.84562873840332 2.884413003921509 6.5449018478393555
v 16.82260513305664 2.605494976043701 6.598217010498047
v 16.84562873840332 2.884413003921509 6.5449018478393555
v 16.885072708129883 2.621635913848877 6.610298156738281
v 16.885072708129883 2.621635913848877 6.610298156738281
v 16.84562873840332 2.884413003921509 6.5449018478393555
v 16.873205184936523 2.89890193939209 6.6026787757873535
v 16.885072708129883 2.621635913848877 6.610298156738281
v 16.873205184936523 2.89890193939209 6.6026787757873535
v 16.9108943939209 2.6472249031066895 6.664950847625732
v 16.9108943939209 2.6472249031066895 6.664950847625732
v 16.873205184936523 2.89890193939209 6.6026787757873535
v 16.84430694580078 2.906022071838379 6.661181926727295
v 16.9108943939209 2.6472249031066895 6.664950847625732
v 16.84430694580078 2.906022071838379 6.661181926727295
v 16.88062858581543 2.6629929542541504 6.7210211753845215
v 16.88062858581543 2.6629929542541504 6.7210211753845215
v 16.84430694580078 2.906022071838379 6.661181926727295
v 16.780691146850586 2.900412082672119 6.676359176635742
v 16.88062858581543 2.6629929542541504 6.7210211753845215
v 16.780691146850586 2.900412082672119 6.676359176635742
v 16.81706428527832 2.657067060470581 6.736286163330078
v 16.81706428527832 2.657067060470581 6.736286163330078
v 16.780691146850586 2.900412082672119 6.676359176635742
v 16.730266571044922 2.886296033859253 6.636778831481934
v 16.81706428527832 2.657067060470581 6.736286163330078
v 16.730266571044922 2.886296033859253 6.636778831481934
v 16.76806640625 2.633908987045288 6.699251174926758
v 16.82032585144043 3.0364770889282227 6.631715774536133
v 16.843671798706055 3.0334150791168213 6.583219051361084
v 16.829959869384766 3.0409910678863525 6.580933094024658
v 16.82032585144043 3.0364770889282227 6.631715774536133
v 16.829959869384766 3.0409910678863525 6.580933094024658
v 16.811220169067383 3.0434670448303223 6.619757175445557
v 16.76806640625 2.633908987045288 6.699251174926758
v 16.730266571044922 2.886296033859253 6.636778831481934
v 16.730998992919922 2.8743040561676025 6.5722479820251465
v 16.76806640625 2.633908987045288 6.699251174926758
v 16.730998992919922 2.8743040561676025 6.5722479820251465
v 16.770532608032227 2.6109580993652344 6.637804985046387
v 16.770532608032227 2.6109580993652344 6.637804985046387
v 16.730998992919922 2.8743040561676025 6.5722479820251465
v 16.78234100341797 2.8734660148620605 6.5313591957092285
v 16.770532608032227 2.6109580993652344 6.637804985046387
v 16.78234100341797 2.8734660148620605 6.5313591957092285
v 16.82260513305664 2.605494976043701 6.598217010498047
v 16.849184036254883 2.4821269512176514 6.77986478805542
v 16.80793571472168 2.464977979660034 6.748216152191162
v 16.821861267089844 2.453869104385376 6.746089935302734
v 16.849184036254883 2.4821269512176514 6.77986478805542
v 16.821861267089844 2.453869104385376 6.746089935302734
v 16.854394912719727 2.4673941135406494 6.77105188369751
v 16.84562873840332 2.884413003921509 6.5449018478393555
v 16.78234100341797 2.8734660148620605 6.5313591957092285
v 16.768896102905273 2.9902360439300537 6.5155720710754395
v 16.84562873840332 2.884413003921509 6.5449018478393555
v 16.768896102905273 2.9902360439300537 6.5155720710754395
v 16.83243179321289 2.9991660118103027 6.529417991638184
v 16.809528350830078 2.4484610557556152 6.696043968200684
v 16.852764129638672 2.4450130462646484 6.662637233734131
v 16.857219696044922 2.4381210803985596 6.678590774536133
v 16.809528350830078 2.4484610557556152 6.696043968200684
v 16.857219696044922 2.4381210803985596 6.678590774536133
v 16.823118209838867 2.44084095954895 6.7049407958984375
v 16.89848518371582 2.4477570056915283 6.686882972717285
v 16.915843963623047 2.462493896484375 6.723573207855225
v 16.89848518371582 2.4477570056915283 6.686882972717285
v 16.915843963623047 2.462493896484375 6.723573207855225
v 16.915843963623047 2.462493896484375 6.723573207855225
v 16.89848518371582 2.4477570056915283 6.686882972717285
v 16.72631072998047 3.023303985595703 6.611169815063477
v 16.768049240112305 3.0319719314575195 6.644163131713867
v 16.769363403320312 3.0398569107055664 6.629727840423584
v 16.72631072998047 3.023303985595703 6.611169815063477
v 16.769363403320312 3.0398569107055664 6.629727840423584
v 16.735904693603516 3.0328800678253174 6.60333776473999
v 16.90508460998535 2.457231044769287 6.673150062561035
v 16.927091598510742 2.4759140014648438 6.719666957855225
v 16.915843963623047 2.462493896484375 6.723573207855225
v 16.90508460998535 2.457231044769287 6.673150062561035
v 16.915843963623047 2.462493896484375 6.723573207855225
v 16.89848518371582 2.4477570056915283 6.686882972717285
v 16.726539611816406 3.017016887664795 6.557689189910889
v 16.72631072998047 3.023303985595703 6.611169815063477
v 16.735904693603516 3.0328800678253174 6.60333776473999
v 16.726539611816406 3.017016887664795 6.557689189910889
v 16.735904693603516 3.0328800678253174 6.60333776473999
v 16.736042022705078 3.0277891159057617 6.560459136962891
v 16.768049240112305 3.0319719314575195 6.644163131713867
v 16.82032585144043 3.0364770889282227 6.631715774536133
v 16.811220169067383 3.0434670448303223 6.619757175445557
v 16.768049240112305 3.0319719314575195 6.644163131713867
v 16.811220169067383 3.0434670448303223 6.619757175445557
v 16.769363403320312 3.0398569107055664 6.629727840423584
v 16.82260513305664 2.605494976043701 6.598217010498047
v 16.885072708129883 2.621635913848877 6.610298156738281
v 16.908761978149414 2.481187105178833 6.655389785766602
v 16.82260513305664 2.605494976043701 6.598217010498047
v 16.908761978149414 2.481187105178833 6.655389785766602
v 16.846033096313477 2.4665400981903076 6.642788887023926
v 16.80793571472168 2.464977979660034 6.748216152191162
v 16.809528350830078 2.4484610557556152 6.696043968200684
v 16.823118209838867 2.44084095954895 6.7049407958984375
v 16.80793571472168 2.464977979660034 6.748216152191162
v 16.823118209838867 2.44084095954895 6.7049407958984375
v 16.821861267089844 2.453869104385376 6.746089935302734
v 16.927091598510742 2.4759140014648438 6.719666957855225
v 16.90221405029297 2.486994981765747 6.767159938812256
v 16.896221160888672 2.4712328910827637 6.7610321044921875
v 16.927091598510742 2.4759140014648438 6.719666957855225
v 16.896221160888672 2.4712328910827637 6.7610321044921875
v 16.915843963623047 2.462493896484375 6.723573207855225
v 16.90221405029297 2.486994981765747 6.767159938812256
v 16.849184036254883 2.4821269512176514 6.77986478805542
v 16.854394912719727 2.4673941135406494 6.77105188369751
v 16.90221405029297 2.486994981765747 6.767159938812256
v 16.854394912719727 2.4673941135406494 6.77105188369751
v 16.896221160888672 2.4712328910827637 6.7610321044921875
v 16.769363403320312 3.0398569107055664 6.629727840423584
v 16.811220169067383 3.0434670448303223 6.619757175445557
v 16.769363403320312 3.0398569107055664 6.629727840423584
v 16.811220169067383 3.0434670448303223 6.619757175445557
v 16.811220169067383 3.0434670448303223 6.619757175445557
v 16.769363403320312 3.0398569107055664 6.629727840423584
v 16.873205184936523 2.89890193939209 6.6026787757873535
v 16.84562873840332 2.884413003921509 6.5449018478393555
v 16.83243179321289 2.9991660118103027 6.529417991638184
v 16.873205184936523 2.89890193939209 6.6026787757873535
v 16.83243179321289 2.9991660118103027 6.529417991638184
v 16.860536575317383 3.0093460083007812 6.5878448486328125
v 16.820539474487305 3.025114059448242 6.535292148590088
v 16.768449783325195 3.017827033996582 6.5239667892456055
v 16.769670486450195 3.0284180641174316 6.533380031585693
v 16.820539474487305 3.025114059448242 6.535292148590088
v 16.769670486450195 3.0284180641174316 6.533380031585693
v 16.81146812438965 3.0342929363250732 6.5424909591674805
v 16.84430694580078 2.906022071838379 6.661181926727295
v 16.873205184936523 2.89890193939209 6.6026787757873535
v 16.860536575317383 3.0093460083007812 6.5878448486328125
v 16.84430694580078 2.906022071838379 6.661181926727295
v 16.860536575317383 3.0093460083007812 6.5878448486328125
v 16.832048416137695 3.013108015060425 6.646853923797607
v 16.780691146850586 2.900412082672119 6.676359176635742
v 16.84430694580078 2.906022071838379 6.661181926727295
v 16.832048416137695 3.013108015060425 6.646853923797607
v 16.780691146850586 2.900412082672119 6.676359176635742
v 16.832048416137695 3.013108015060425 6.646853923797607
v 16.76841926574707 3.007622003555298 6.662012100219727
v 16.730266571044922 2.886296033859253 6.636778831481934
v 16.780691146850586 2.900412082672119 6.676359176635742
v 16.76841926574707 3.007622003555298 6.662012100219727
v 16.730266571044922 2.886296033859253 6.636778831481934
v 16.76841926574707 3.007622003555298 6.662012100219727
v 16.71756362915039 2.997015953063965 6.621902942657471
v 16.730998992919922 2.8743040561676025 6.5722479820251465
v 16.730266571044922 2.886296033859253 6.636778831481934
v 16.71756362915039 2.997015953063965 6.621902942657471
v 16.730998992919922 2.8743040561676025 6.5722479820251465
v 16.71756362915039 2.997015953063965 6.621902942657471
v 16.717775344848633 2.98927903175354 6.556731224060059
v 16.78234100341797 2.8734660148620605 6.5313591957092285
v 16.730998992919922 2.8743040561676025 6.5722479820251465
v 16.717775344848633 2.98927903175354 6.556731224060059
v 16.78234100341797 2.8734660148620605 6.5313591957092285
v 16.717775344848633 2.98927903175354 6.556731224060059
v 16.768896102905273 2.9902360439300537 6.5155720710754395
v 16.770532608032227 2.6109580993652344 6.637804985046387
v 16.82260513305664 2.605494976043701 6.598217010498047
v 16.846033096313477 2.4665400981903076 6.642788887023926
v 16.770532608032227 2.6109580993652344 6.637804985046387
v 16.846033096313477 2.4665400981903076 6.642788887023926
v 16.7941951751709 2.470673084259033 6.6828389167785645
v 16.885072708129883 2.621635913848877 6.610298156738281
v 16.9108943939209 2.6472249031066895 6.664950847625732
v 16.93514633178711 2.50358510017395 6.711153984069824
v 16.885072708129883 2.621635913848877 6.610298156738281
v 16.93514633178711 2.50358510017395 6.711153984069824
v 16.908761978149414 2.481187105178833 6.655389785766602
v 16.9108943939209 2.6472249031066895 6.664950847625732
v 16.88062858581543 2.6629929542541504 6.7210211753845215
v 16.905317306518555 2.51686692237854 6.768089771270752
v 16.9108943939209 2.6472249031066895 6.664950847625732
v 16.905317306518555 2.51686692237854 6.768089771270752
v 16.93514633178711 2.50358510017395 6.711153984069824
v 16.88062858581543 2.6629929542541504 6.7210211753845215
v 16.81706428527832 2.657067060470581 6.736286163330078
v 16.841737747192383 2.5110321044921875 6.783322811126709
v 16.88062858581543 2.6629929542541504 6.7210211753845215
v 16.841737747192383 2.5110321044921875 6.783322811126709
v 16.905317306518555 2.51686692237854 6.768089771270752
v 16.81706428527832 2.657067060470581 6.736286163330078
v 16.76806640625 2.633908987045288 6.699251174926758
v 16.79228401184082 2.490473985671997 6.745382785797119
v 16.81706428527832 2.657067060470581 6.736286163330078
v 16.79228401184082 2.490473985671997 6.745382785797119
v 16.841737747192383 2.5110321044921875 6.783322811126709
v 16.76806640625 2.633908987045288 6.699251174926758
v 16.770532608032227 2.6109580993652344 6.637804985046387
v 16.7941951751709 2.470673084259033 6.6828389167785645
v 16.76806640625 2.633908987045288 6.699251174926758
v 16.7941951751709 2.470673084259033 6.6828389167785645
v 16.79228401184082 2.490473985671997 6.745382785797119
v 16.852764129638672 2.4450130462646484 6.662637233734131
v 16.90508460998535 2.457231044769287 6.673150062561035
v 16.89848518371582 2.4477570056915283 6.686882972717285
v 16.852764129638672 2.4450130462646484 6.662637233734131
v 16.89848518371582 2.4477570056915283 6.686882972717285
v 16.857219696044922 2.4381210803985596 6.678590774536133
v 16.768449783325195 3.017827033996582 6.5239667892456055
v 16.726539611816406 3.017016887664795 6.557689189910889
v 16.736042022705078 3.0277891159057617 6.560459136962891
v 16.768449783325195 3.017827033996582 6.5239667892456055
v 16.736042022705078 3.0277891159057617 6.560459136962891
v 16.769670486450195 3.0284180641174316 6.533380031585693
v 16.769363403320312 3.0398569107055664 6.629727840423584
v 16.811220169067383 3.0434670448303223 6.619757175445557
v 16.7805118560791 3.0397090911865234 6.585646152496338
v 16.769363403320312 3.0398569107055664 6.629727840423584
v 16.7805118560791 3.0397090911865234 6.585646152496338
v 16.775562286376953 3.0392820835113525 6.586824893951416
v 16.896221160888672 2.4712328910827637 6.7610321044921875
v 16.854394912719727 2.4673941135406494 6.77105188369751
v 16.863971710205078 2.4565670490264893 6.732339859008789
v 16.896221160888672 2.4712328910827637 6.7610321044921875
v 16.863971710205078 2.4565670490264893 6.732339859008789
v 16.87228775024414 2.4573299884796143 6.730348110198975
v 16.769670486450195 3.0284180641174316 6.533380031585693
v 16.736042022705078 3.0277891159057617 6.560459136962891
v 16.769670486450195 3.0284180641174316 6.533380031585693
v 16.736042022705078 3.0277891159057617 6.560459136962891
v 16.736042022705078 3.0277891159057617 6.560459136962891
v 16.769670486450195 3.0284180641174316 6.533380031585693
v 16.829959869384766 3.0409910678863525 6.580933094024658
v 16.81146812438965 3.0342929363250732 6.5424909591674805
v 16.829959869384766 3.0409910678863525 6.580933094024658
v 16.81146812438965 3.0342929363250732 6.5424909591674805
v 16.81146812438965 3.0342929363250732 6.5424909591674805
v 16.829959869384766 3.0409910678863525 6.580933094024658
v 16.854394912719727 2.4673941135406494 6.77105188369751
v 16.821861267089844 2.453869104385376 6.746089935302734
v 16.854394912719727 2.4673941135406494 6.77105188369751
v 16.821861267089844 2.453869104385376 6.746089935302734
v 16.821861267089844 2.453869104385376 6.746089935302734
v 16.854394912719727 2.4673941135406494 6.77105188369751
v 16.735904693603516 3.0328800678253174 6.60333776473999
v 16.769363403320312 3.0398569107055664 6.629727840423584
v 16.735904693603516 3.0328800678253174 6.60333776473999
v 16.769363403320312 3.0398569107055664 6.629727840423584
v 16.769363403320312 3.0398569107055664 6.629727840423584
v 16.735904693603516 3.0328800678253174 6.60333776473999
v 16.915843963623047 2.462493896484375 6.723573207855225
v 16.896221160888672 2.4712328910827637 6.7610321044921875
v 16.915843963623047 2.462493896484375 6.723573207855225
v 16.896221160888672 2.4712328910827637 6.7610321044921875
v 16.896221160888672 2.4712328910827637 6.7610321044921875
v 16.915843963623047 2.462493896484375 6.723573207855225
v 16.811220169067383 3.0434670448303223 6.619757175445557
v 16.829959869384766 3.0409910678863525 6.580933094024658
v 16.811220169067383 3.0434670448303223 6.619757175445557
v 16.829959869384766 3.0409910678863525 6.580933094024658
v 16.829959869384766 3.0409910678863525 6.580933094024658
v 16.811220169067383 3.0434670448303223 6.619757175445557
v 16.857219696044922 2.4381210803985596 6.678590774536133
v 16.89848518371582 2.4477570056915283 6.686882972717285
v 16.857219696044922 2.4381210803985596 6.678590774536133
v 16.89848518371582 2.4477570056915283 6.686882972717285
v 16.89848518371582 2.4477570056915283 6.686882972717285
v 16.857219696044922 2.4381210803985596 6.678590774536133
v 16.821861267089844 2.453869104385376 6.746089935302734
v 16.823118209838867 2.44084095954895 6.7049407958984375
v 16.821861267089844 2.453869104385376 6.746089935302734
v 16.823118209838867 2.44084095954895 6.7049407958984375
v 16.823118209838867 2.44084095954895 6.7049407958984375
v 16.821861267089844 2.453869104385376 6.746089935302734
v 16.81146812438965 3.0342929363250732 6.5424909591674805
v 16.769670486450195 3.0284180641174316 6.533380031585693
v 16.81146812438965 3.0342929363250732 6.5424909591674805
v 16.769670486450195 3.0284180641174316 6.533380031585693
v 16.769670486450195 3.0284180641174316 6.533380031585693
v 16.81146812438965 3.0342929363250732 6.5424909591674805
v 16.736042022705078 3.0277891159057617 6.560459136962891
v 16.735904693603516 3.0328800678253174 6.60333776473999
v 16.736042022705078 3.0277891159057617 6.560459136962891
v 16.735904693603516 3.0328800678253174 6.60333776473999
v 16.735904693603516 3.0328800678253174 6.60333776473999
v 16.736042022705078 3.0277891159057617 6.560459136962891
v 16.896221160888672 2.4712328910827637 6.7610321044921875
v 16.854394912719727 2.4673941135406494 6.77105188369751
v 16.896221160888672 2.4712328910827637 6.7610321044921875
v 16.854394912719727 2.4673941135406494 6.77105188369751
v 16.854394912719727 2.4673941135406494 6.77105188369751
v 16.896221160888672 2.4712328910827637 6.7610321044921875
v 16.823118209838867 2.44084095954895 6.7049407958984375
v 16.857219696044922 2.4381210803985596 6.678590774536133
v 16.823118209838867 2.44084095954895 6.7049407958984375
v 16.857219696044922 2.4381210803985596 6.678590774536133
v 16.857219696044922 2.4381210803985596 6.678590774536133
v 16.823118209838867 2.44084095954895 6.7049407958984375
v 16.829959869384766 3.0409910678863525 6.580933094024658
v 16.81146812438965 3.0342929363250732 6.5424909591674805
v 16.780540466308594 3.0386240482330322 6.576507091522217
v 16.829959869384766 3.0409910678863525 6.580933094024658
v 16.780540466308594 3.0386240482330322 6.576507091522217
v 16.78272819519043 3.0394160747528076 6.581054210662842
v 16.769670486450195 3.0284180641174316 6.533380031585693
v 16.736042022705078 3.0277891159057617 6.560459136962891
v 16.77161979675293 3.0378549098968506 6.57863187789917
v 16.769670486450195 3.0284180641174316 6.533380031585693
v 16.77161979675293 3.0378549098968506 6.57863187789917
v 16.775598526000977 3.037929058074951 6.5754289627075195
v 16.735904693603516 3.0328800678253174 6.60333776473999
v 16.769363403320312 3.0398569107055664 6.629727840423584
v 16.775562286376953 3.0392820835113525 6.586824893951416
v 16.735904693603516 3.0328800678253174 6.60333776473999
v 16.775562286376953 3.0392820835113525 6.586824893951416
v 16.771604537963867 3.038456916809082 6.583703994750977
v 16.811220169067383 3.0434670448303223 6.619757175445557
v 16.829959869384766 3.0409910678863525 6.580933094024658
v 16.78272819519043 3.0394160747528076 6.581054210662842
v 16.811220169067383 3.0434670448303223 6.619757175445557
v 16.78272819519043 3.0394160747528076 6.581054210662842
v 16.7805118560791 3.0397090911865234 6.585646152496338
v 16.81146812438965 3.0342929363250732 6.5424909591674805
v 16.769670486450195 3.0284180641174316 6.533380031585693
v 16.775598526000977 3.037929058074951 6.5754289627075195
v 16.81146812438965 3.0342929363250732 6.5424909591674805
v 16.775598526000977 3.037929058074951 6.5754289627075195
v 16.780540466308594 3.0386240482330322 6.576507091522217
v 16.736042022705078 3.0277891159057617 6.560459136962891
v 16.735904693603516 3.0328800678253174 6.60333776473999
v 16.771604537963867 3.038456916809082 6.583703994750977
v 16.736042022705078 3.0277891159057617 6.560459136962891
v 16.771604537963867 3.038456916809082 6.583703994750977
v 16.77161979675293 3.0378549098968506 6.57863187789917
v 16.89848518371582 2.4477570056915283 6.686882972717285
v 16.915843963623047 2.462493896484375 6.723573207855225
v 16.876188278198242 2.4555931091308594 6.722900867462158
v 16.89848518371582 2.4477570056915283 6.686882972717285
v 16.876188278198242 2.4555931091308594 6.722900867462158
v 16.872737884521484 2.452662944793701 6.715607166290283
v 16.823118209838867 2.44084095954895 6.7049407958984375
v 16.857219696044922 2.4381210803985596 6.678590774536133
v 16.864532470703125 2.450747013092041 6.713957786560059
v 16.823118209838867 2.44084095954895 6.7049407958984375
v 16.864532470703125 2.450747013092041 6.713957786560059
v 16.85775375366211 2.4512879848480225 6.719196796417236
v 16.854394912719727 2.4673941135406494 6.77105188369751
v 16.821861267089844 2.453869104385376 6.746089935302734
v 16.85750389099121 2.4538779258728027 6.727376937866211
v 16.854394912719727 2.4673941135406494 6.77105188369751
v 16.85750389099121 2.4538779258728027 6.727376937866211
v 16.863971710205078 2.4565670490264893 6.732339859008789
v 16.915843963623047 2.462493896484375 6.723573207855225
v 16.896221160888672 2.4712328910827637 6.7610321044921875
v 16.87228775024414 2.4573299884796143 6.730348110198975
v 16.915843963623047 2.462493896484375 6.723573207855225
v 16.87228775024414 2.4573299884796143 6.730348110198975
v 16.876188278198242 2.4555931091308594 6.722900867462158
v 16.857219696044922 2.4381210803985596 6.678590774536133
v 16.89848518371582 2.4477570056915283 6.686882972717285
v 16.872737884521484 2.452662944793701 6.715607166290283
v 16.857219696044922 2.4381210803985596 6.678590774536133
v 16.872737884521484 2.452662944793701 6.715607166290283
v 16.864532470703125 2.450747013092041 6.713957786560059
v 16.821861267089844 2.453869104385376 6.746089935302734
v 16.823118209838867 2.44084095954895 6.7049407958984375
v 16.85775375366211 2.4512879848480225 6.719196796417236
v 16.821861267089844 2.453869104385376 6.746089935302734
v 16.85775375366211 2.4512879848480225 6.719196796417236
v 16.85750389099121 2.4538779258728027 6.727376937866211
v 16.83243179321289 2.9991660118103027 6.529417991638184
v 16.768896102905273 2.9902360439300537 6.5155720710754395
v 16.768449783325195 3.017827033996582 6.5239667892456055
v 16.83243179321289 2.9991660118103027 6.529417991638184
v 16.768449783325195 3.017827033996582 6.5239667892456055
v 16.820539474487305 3.025114059448242 6.535292148590088
v 16.860536575317383 3.0093460083007812 6.5878448486328125
v 16.83243179321289 2.9991660118103027 6.529417991638184
v 16.820539474487305 3.025114059448242 6.535292148590088
v 16.860536575317383 3.0093460083007812 6.5878448486328125
v 16.820539474487305 3.025114059448242 6.535292148590088
v 16.843671798706055 3.0334150791168213 6.583219051361084
v 16.832048416137695 3.013108015060425 6.646853923797607
v 16.860536575317383 3.0093460083007812 6.5878448486328125
v 16.843671798706055 3.0334150791168213 6.583219051361084
v 16.832048416137695 3.013108015060425 6.646853923797607
v 16.843671798706055 3.0334150791168213 6.583219051361084
v 16.82032585144043 3.0364770889282227 6.631715774536133
v 16.76841926574707 3.007622003555298 6.662012100219727
v 16.832048416137695 3.013108015060425 6.646853923797607
v 16.82032585144043 3.0364770889282227 6.631715774536133
v 16.76841926574707 3.007622003555298 6.662012100219727
v 16.82032585144043 3.0364770889282227 6.631715774536133
v 16.768049240112305 3.0319719314575195 6.644163131713867
v 16.71756362915039 2.997015953063965 6.621902942657471
v 16.76841926574707 3.007622003555298 6.662012100219727
v 16.768049240112305 3.0319719314575195 6.644163131713867
v 16.71756362915039 2.997015953063965 6.621902942657471
v 16.768049240112305 3.0319719314575195 6.644163131713867
v 16.72631072998047 3.023303985595703 6.611169815063477
v 16.717775344848633 2.98927903175354 6.556731224060059
v 16.71756362915039 2.997015953063965 6.621902942657471
v 16.72631072998047 3.023303985595703 6.611169815063477
v 16.717775344848633 2.98927903175354 6.556731224060059
v 16.72631072998047 3.023303985595703 6.611169815063477
v 16.726539611816406 3.017016887664795 6.557689189910889
v 16.768896102905273 2.9902360439300537 6.5155720710754395
v 16.717775344848633 2.98927903175354 6.556731224060059
v 16.726539611816406 3.017016887664795 6.557689189910889
v 16.768896102905273 2.9902360439300537 6.5155720710754395
v 16.726539611816406 3.017016887664795 6.557689189910889
v 16.768449783325195 3.017827033996582 6.5239667892456055
v 16.846033096313477 2.4665400981903076 6.642788887023926
v 16.908761978149414 2.481187105178833 6.655389785766602
v 16.90508460998535 2.457231044769287 6.673150062561035
v 16.846033096313477 2.4665400981903076 6.642788887023926
v 16.90508460998535 2.457231044769287 6.673150062561035
v 16.852764129638672 2.4450130462646484 6.662637233734131
v 16.908761978149414 2.481187105178833 6.655389785766602
v 16.93514633178711 2.50358510017395 6.711153984069824
v 16.927091598510742 2.4759140014648438 6.719666957855225
v 16.908761978149414 2.481187105178833 6.655389785766602
v 16.927091598510742 2.4759140014648438 6.719666957855225
v 16.90508460998535 2.457231044769287 6.673150062561035
v 16.93514633178711 2.50358510017395 6.711153984069824
v 16.905317306518555 2.51686692237854 6.768089771270752
v 16.90221405029297 2.486994981765747 6.767159938812256
v 16.93514633178711 2.50358510017395 6.711153984069824
v 16.90221405029297 2.486994981765747 6.767159938812256
v 16.927091598510742 2.4759140014648438 6.719666957855225
v 16.905317306518555 2.51686692237854 6.768089771270752
v 16.841737747192383 2.5110321044921875 6.783322811126709
v 16.849184036254883 2.4821269512176514 6.77986478805542
v 16.905317306518555 2.51686692237854 6.768089771270752
v 16.849184036254883 2.4821269512176514 6.77986478805542
v 16.90221405029297 2.486994981765747 6.767159938812256
v 16.841737747192383 2.5110321044921875 6.783322811126709
v 16.79228401184082 2.490473985671997 6.745382785797119
v 16.80793571472168 2.464977979660034 6.748216152191162
v 16.841737747192383 2.5110321044921875 6.783322811126709
v 16.80793571472168 2.464977979660034 6.748216152191162
v 16.849184036254883 2.4821269512176514 6.77986478805542
v 16.79228401184082 2.490473985671997 6.745382785797119
v 16.7941951751709 2.470673084259033 6.6828389167785645
v 16.809528350830078 2.4484610557556152 6.696043968200684
v 16.79228401184082 2.490473985671997 6.745382785797119
v 16.809528350830078 2.4484610557556152 6.696043968200684
v 16.80793571472168 2.464977979660034 6.748216152191162
v 16.7941951751709 2.470673084259033 6.6828389167785645
v 16.846033096313477 2.4665400981903076 6.642788887023926
v 16.852764129638672 2.4450130462646484 6.662637233734131
v 16.7941951751709 2.470673084259033 6.6828389167785645
v 16.852764129638672 2.4450130462646484 6.662637233734131
v 16.809528350830078 2.4484610557556152 6.696043968200684
v 16.843671798706055 3.0334150791168213 6.583219051361084
v 16.820539474487305 3.025114059448242 6.535292148590088
v 16.81146812438965 3.0342929363250732 6.5424909591674805
v 16.843671798706055 3.0334150791168213 6.583219051361084
v 16.81146812438965 3.0342929363250732 6.5424909591674805
v 16.829959869384766 3.0409910678863525 6.580933094024658
v 17.49098777770996 2.7225561141967773 6.810033798217773
v 17.570632934570312 2.9892959594726562 6.752867221832275
v 17.55071449279785 2.9808809757232666 6.709444046020508
v 17.49098777770996 2.7225561141967773 6.810033798217773
v 17.55071449279785 2.9808809757232666 6.709444046020508
v 17.472248077392578 2.71907901763916 6.765427112579346
v 17.472248077392578 2.71907901763916 6.765427112579346
v 17.55071449279785 2.9808809757232666 6.709444046020508
v 17.570987701416016 2.9606940746307373 6.670270919799805
v 17.472248077392578 2.71907901763916 6.765427112579346
v 17.570987701416016 2.9606940746307373 6.670270919799805
v 17.495067596435547 2.709566116333008 6.723691940307617
v 17.495067596435547 2.709566116333008 6.723691940307617
v 17.570987701416016 2.9606940746307373 6.670270919799805
v 17.616186141967773 2.943934917449951 6.664844989776611
v 17.495067596435547 2.709566116333008 6.723691940307617
v 17.616186141967773 2.943934917449951 6.664844989776611
v 17.54226303100586 2.7011818885803223 6.716257095336914
v 17.54226303100586 2.7011818885803223 6.716257095336914
v 17.616186141967773 2.943934917449951 6.664844989776611
v 17.652273178100586 2.9432249069213867 6.697254180908203
v 17.54226303100586 2.7011818885803223 6.716257095336914
v 17.652273178100586 2.9432249069213867 6.697254180908203
v 17.578296661376953 2.7002389430999756 6.748720169067383
v 17.578296661376953 2.7002389430999756 6.748720169067383
v 17.652273178100586 2.9432249069213867 6.697254180908203
v 17.652074813842773 2.9590981006622314 6.743092060089111
v 17.578296661376953 2.7002389430999756 6.748720169067383
v 17.652074813842773 2.9590981006622314 6.743092060089111
v 17.576030731201172 2.7074480056762695 6.79663610458374
v 17.646800994873047 3.035414934158325 6.638171195983887
v 17.609643936157227 3.0513179302215576 6.642004013061523
v 17.618656158447266 3.0601420402526855 6.6467437744140625
v 17.646800994873047 3.035414934158325 6.638171195983887
v 17.618656158447266 3.0601420402526855 6.6467437744140625
v 17.64786148071289 3.0476419925689697 6.643732070922852
v 17.576030731201172 2.7074480056762695 6.79663610458374
v 17.652074813842773 2.9590981006622314 6.743092060089111
v 17.615741729736328 2.9796009063720703 6.767841815948486
v 17.576030731201172 2.7074480056762695 6.79663610458374
v 17.615741729736328 2.9796009063720703 6.767841815948486
v 17.53717613220215 2.7173800468444824 6.8239240646362305
v 17.53717613220215 2.7173800468444824 6.8239240646362305
v 17.615741729736328 2.9796009063720703 6.767841815948486
v 17.570632934570312 2.9892959594726562 6.752867221832275
v 17.53717613220215 2.7173800468444824 6.8239240646362305
v 17.570632934570312 2.9892959594726562 6.752867221832275
v 17.49098777770996 2.7225561141967773 6.810033798217773
v 17.531509399414062 2.582576036453247 6.791597843170166
v 17.529905319213867 2.590287923812866 6.831425189971924
v 17.519550323486328 2.5823230743408203 6.828122138977051
v 17.531509399414062 2.582576036453247 6.791597843170166
v 17.519550323486328 2.5823230743408203 6.828122138977051
v 17.520811080932617 2.576261043548584 6.796817779541016
v 17.55071449279785 2.9808809757232666 6.709444046020508
v 17.570632934570312 2.9892959594726562 6.752867221832275
v 17.598825454711914 3.0658841133117676 6.722713947296143
v 17.55071449279785 2.9808809757232666 6.709444046020508
v 17.598825454711914 3.0658841133117676 6.722713947296143
v 17.578426361083984 3.0561230182647705 6.679800987243652
v 17.497737884521484 2.600635051727295 6.853928089141846
v 17.459230422973633 2.6058249473571777 6.8421630859375
v 17.463998794555664 2.594536066055298 6.8365631103515625
v 17.497737884521484 2.600635051727295 6.853928089141846
v 17.463998794555664 2.594536066055298 6.8365631103515625
v 17.494266510009766 2.590456008911133 6.8458099365234375
v 17.618656158447266 3.0601420402526855 6.6467437744140625
v 17.605995178222656 3.0753159523010254 6.671800136566162
v 17.634397506713867 3.0660998821258545 6.67608118057251
v 17.618656158447266 3.0601420402526855 6.6467437744140625
v 17.634397506713867 3.0660998821258545 6.67608118057251
v 17.636436462402344 3.06365704536438 6.672047138214111
v 17.677562713623047 3.050136089324951 6.702889919281006
v 17.677026748657227 3.034888982772827 6.6652679443359375
v 17.671621322631836 3.047229051589966 6.6650309562683105
v 17.677562713623047 3.050136089324951 6.702889919281006
v 17.671621322631836 3.047229051589966 6.6650309562683105
v 17.672040939331055 3.0592129230499268 6.694602966308594
v 17.44338035583496 2.6019508838653564 6.804987907409668
v 17.462121963500977 2.5919289588928223 6.770398139953613
v 17.466272354125977 2.5836129188537598 6.780154228210449
v 17.44338035583496 2.6019508838653564 6.804987907409668
v 17.466272354125977 2.5836129188537598 6.780154228210449
v 17.451539993286133 2.5914900302886963 6.807343006134033
v 17.64800453186035 3.069674015045166 6.7227067947387695
v 17.677562713623047 3.050136089324951 6.702889919281006
v 17.672040939331055 3.0592129230499268 6.694602966308594
v 17.64800453186035 3.069674015045166 6.7227067947387695
v 17.672040939331055 3.0592129230499268 6.694602966308594
v 17.648807525634766 3.074570894241333 6.710179805755615
v 17.677026748657227 3.034888982772827 6.6652679443359375
v 17.646800994873047 3.035414934158325 6.638171195983887
v 17.64786148071289 3.0476419925689697 6.643732070922852
v 17.677026748657227 3.034888982772827 6.6652679443359375
v 17.64786148071289 3.0476419925689697 6.643732070922852
v 17.671621322631836 3.047229051589966 6.6650309562683105
v 17.49098777770996 2.7225561141967773 6.810033798217773
v 17.472248077392578 2.71907901763916 6.765427112579346
v 17.43950843811035 2.622028112411499 6.799174785614014
v 17.49098777770996 2.7225561141967773 6.810033798217773
v 17.43950843811035 2.622028112411499 6.799174785614014
v 17.45846176147461 2.626645088195801 6.843575954437256
v 17.529905319213867 2.590287923812866 6.831425189971924
v 17.497737884521484 2.600635051727295 6.853928089141846
v 17.494266510009766 2.590456008911133 6.8458099365234375
v 17.529905319213867 2.590287923812866 6.831425189971924
v 17.494266510009766 2.590456008911133 6.8458099365234375
v 17.519550323486328 2.5823230743408203 6.828122138977051
v 17.462121963500977 2.5919289588928223 6.770398139953613
v 17.5013427734375 2.5833070278167725 6.764439105987549
v 17.497100830078125 2.5768349170684814 6.775469779968262
v 17.462121963500977 2.5919289588928223 6.770398139953613
v 17.497100830078125 2.5768349170684814 6.775469779968262
v 17.466272354125977 2.5836129188537598 6.780154228210449
v 17.5013427734375 2.5833070278167725 6.764439105987549
v 17.531509399414062 2.582576036453247 6.791597843170166
v 17.520811080932617 2.576261043548584 6.796817779541016
v 17.5013427734375 2.5833070278167725 6.764439105987549
v 17.520811080932617 2.576261043548584 6.796817779541016
v 17.497100830078125 2.5768349170684814 6.775469779968262
v 17.451539993286133 2.5914900302886963 6.807343006134033
v 17.466272354125977 2.5836129188537598 6.780154228210449
v 17.48248863220215 2.5850319862365723 6.8044657707214355
v 17.451539993286133 2.5914900302886963 6.807343006134033
v 17.48248863220215 2.5850319862365723 6.8044657707214355
v 17.479381561279297 2.5866940021514893 6.810201168060303
v 17.570987701416016 2.9606940746307373 6.670270919799805
v 17.55071449279785 2.9808809757232666 6.709444046020508
v 17.578426361083984 3.0561230182647705 6.679800987243652
v 17.570987701416016 2.9606940746307373 6.670270919799805
v 17.578426361083984 3.0561230182647705 6.679800987243652
v 17.59766960144043 3.033060073852539 6.641718864440918
v 17.593538284301758 3.070621967315674 6.673879146575928
v 17.61060905456543 3.078792095184326 6.709795951843262
v 17.619415283203125 3.081737995147705 6.70003080368042
v 17.593538284301758 3.070621967315674 6.673879146575928
v 17.619415283203125 3.081737995147705 6.70003080368042
v 17.605995178222656 3.0753159523010254 6.671800136566162
v 17.616186141967773 2.943934917449951 6.664844989776611
v 17.570987701416016 2.9606940746307373 6.670270919799805
v 17.59766960144043 3.033060073852539 6.641718864440918
v 17.616186141967773 2.943934917449951 6.664844989776611
v 17.59766960144043 3.033060073852539 6.641718864440918
v 17.64206314086914 3.0140609741210938 6.637144088745117
v 17.652273178100586 2.9432249069213867 6.697254180908203
v 17.616186141967773 2.943934917449951 6.664844989776611
v 17.64206314086914 3.0140609741210938 6.637144088745117
v 17.652273178100586 2.9432249069213867 6.697254180908203
v 17.64206314086914 3.0140609741210938 6.637144088745117
v 17.678180694580078 3.0134329795837402 6.669520854949951
v 17.652074813842773 2.9590981006622314 6.743092060089111
v 17.652273178100586 2.9432249069213867 6.697254180908203
v 17.678180694580078 3.0134329795837402 6.669520854949951
v 17.652074813842773 2.9590981006622314 6.743092060089111
v 17.678180694580078 3.0134329795837402 6.669520854949951
v 17.678821563720703 3.0316479206085205 6.714469909667969
v 17.615741729736328 2.9796009063720703 6.767841815948486
v 17.652074813842773 2.9590981006622314 6.743092060089111
v 17.678821563720703 3.0316479206085205 6.714469909667969
v 17.615741729736328 2.9796009063720703 6.767841815948486
v 17.678821563720703 3.0316479206085205 6.714469909667969
v 17.64350700378418 3.0549910068511963 6.738142967224121
v 17.570632934570312 2.9892959594726562 6.752867221832275
v 17.615741729736328 2.9796009063720703 6.767841815948486
v 17.64350700378418 3.0549910068511963 6.738142967224121
v 17.570632934570312 2.9892959594726562 6.752867221832275
v 17.64350700378418 3.0549910068511963 6.738142967224121
v 17.598825454711914 3.0658841133117676 6.722713947296143
v 17.53717613220215 2.7173800468444824 6.8239240646362305
v 17.49098777770996 2.7225561141967773 6.810033798217773
v 17.45846176147461 2.626645088195801 6.843575954437256
v 17.53717613220215 2.7173800468444824 6.8239240646362305
v 17.45846176147461 2.626645088195801 6.843575954437256
v 17.504459381103516 2.6204540729522705 6.857648849487305
v 17.472248077392578 2.71907901763916 6.765427112579346
v 17.495067596435547 2.709566116333008 6.723691940307617
v 17.461868286132812 2.610069990158081 6.757883071899414
v 17.472248077392578 2.71907901763916 6.765427112579346
v 17.461868286132812 2.610069990158081 6.757883071899414
v 17.43950843811035 2.622028112411499 6.799174785614014
v 17.495067596435547 2.709566116333008 6.723691940307617
v 17.54226303100586 2.7011818885803223 6.716257095336914
v 17.50870704650879 2.5997769832611084 6.750792026519775
v 17.495067596435547 2.709566116333008 6.723691940307617
v 17.50870704650879 2.5997769832611084 6.750792026519775
v 17.461868286132812 2.610069990158081 6.757883071899414
v 17.54226303100586 2.7011818885803223 6.716257095336914
v 17.578296661376953 2.7002389430999756 6.748720169067383
v 17.54475212097168 2.5989038944244385 6.783242225646973
v 17.54226303100586 2.7011818885803223 6.716257095336914
v 17.54475212097168 2.5989038944244385 6.783242225646973
v 17.50870704650879 2.5997769832611084 6.750792026519775
v 17.578296661376953 2.7002389430999756 6.748720169067383
v 17.576030731201172 2.7074480056762695 6.79663610458374
v 17.542861938476562 2.608107089996338 6.830799102783203
v 17.578296661376953 2.7002389430999756 6.748720169067383
v 17.542861938476562 2.608107089996338 6.830799102783203
v 17.54475212097168 2.5989038944244385 6.783242225646973
v 17.576030731201172 2.7074480056762695 6.79663610458374
v 17.53717613220215 2.7173800468444824 6.8239240646362305
v 17.504459381103516 2.6204540729522705 6.857648849487305
v 17.576030731201172 2.7074480056762695 6.79663610458374
v 17.504459381103516 2.6204540729522705 6.857648849487305
v 17.542861938476562 2.608107089996338 6.830799102783203
v 17.459230422973633 2.6058249473571777 6.8421630859375
v 17.44338035583496 2.6019508838653564 6.804987907409668
v 17.451539993286133 2.5914900302886963 6.807343006134033
v 17.459230422973633 2.6058249473571777 6.8421630859375
v 17.451539993286133 2.5914900302886963 6.807343006134033
v 17.463998794555664 2.594536066055298 6.8365631103515625
v 17.61060905456543 3.078792095184326 6.709795951843262
v 17.64800453186035 3.069674015045166 6.7227067947387695
v 17.648807525634766 3.074570894241333 6.710179805755615
v 17.61060905456543 3.078792095184326 6.709795951843262
v 17.648807525634766 3.074570894241333 6.710179805755615
v 17.619415283203125 3.081737995147705 6.70003080368042
v 17.672040939331055 3.0592129230499268 6.694602966308594
v 17.671621322631836 3.047229051589966 6.6650309562683105
v 17.64496421813965 3.061577081680298 6.674992084503174
v 17.672040939331055 3.0592129230499268 6.694602966308594
v 17.64496421813965 3.061577081680298 6.674992084503174
v 17.645030975341797 3.063507080078125 6.679752826690674
v 17.619415283203125 3.081737995147705 6.70003080368042
v 17.648807525634766 3.074570894241333 6.710179805755615
v 17.64129066467285 3.0659799575805664 6.682260990142822
v 17.619415283203125 3.081737995147705 6.70003080368042
v 17.64129066467285 3.0659799575805664 6.682260990142822
v 17.636558532714844 3.067133903503418 6.68062686920166
v 17.64786148071289 3.0476419925689697 6.643732070922852
v 17.618656158447266 3.0601420402526855 6.6467437744140625
v 17.636436462402344 3.06365704536438 6.672047138214111
v 17.64786148071289 3.0476419925689697 6.643732070922852
v 17.636436462402344 3.06365704536438 6.672047138214111
v 17.641138076782227 3.0616440773010254 6.671562194824219
v 17.648807525634766 3.074570894241333 6.710179805755615
v 17.672040939331055 3.0592129230499268 6.694602966308594
v 17.645030975341797 3.063507080078125 6.679752826690674
v 17.648807525634766 3.074570894241333 6.710179805755615
v 17.645030975341797 3.063507080078125 6.679752826690674
v 17.64129066467285 3.0659799575805664 6.682260990142822
v 17.605995178222656 3.0753159523010254 6.671800136566162
v 17.619415283203125 3.081737995147705 6.70003080368042
v 17.636558532714844 3.067133903503418 6.68062686920166
v 17.605995178222656 3.0753159523010254 6.671800136566162
v 17.636558532714844 3.067133903503418 6.68062686920166
v 17.634397506713867 3.0660998821258545 6.67608118057251
v 17.671621322631836 3.047229051589966 6.6650309562683105
v 17.64786148071289 3.0476419925689697 6.643732070922852
v 17.641138076782227 3.0616440773010254 6.671562194824219
v 17.671621322631836 3.047229051589966 6.6650309562683105
v 17.641138076782227 3.0616440773010254 6.671562194824219
v 17.64496421813965 3.061577081680298 6.674992084503174
v 17.520811080932617 2.576261043548584 6.796817779541016
v 17.519550323486328 2.5823230743408203 6.828122138977051
v 17.49372673034668 2.5847599506378174 6.814583778381348
v 17.520811080932617 2.576261043548584 6.796817779541016
v 17.49372673034668 2.5847599506378174 6.814583778381348
v 17.493993759155273 2.583482027053833 6.807981014251709
v 17.494266510009766 2.590456008911133 6.8458099365234375
v 17.463998794555664 2.594536066055298 6.8365631103515625
v 17.482009887695312 2.5873360633850098 6.81636381149292
v 17.494266510009766 2.590456008911133 6.8458099365234375
v 17.482009887695312 2.5873360633850098 6.81636381149292
v 17.488393783569336 2.5864760875701904 6.818315029144287
v 17.466272354125977 2.5836129188537598 6.780154228210449
v 17.497100830078125 2.5768349170684814 6.775469779968262
v 17.48899269104004 2.5836029052734375 6.803477764129639
v 17.466272354125977 2.5836129188537598 6.780154228210449
v 17.48899269104004 2.5836029052734375 6.803477764129639
v 17.48248863220215 2.5850319862365723 6.8044657707214355
v 17.519550323486328 2.5823230743408203 6.828122138977051
v 17.494266510009766 2.590456008911133 6.8458099365234375
v 17.488393783569336 2.5864760875701904 6.818315029144287
v 17.519550323486328 2.5823230743408203 6.828122138977051
v 17.488393783569336 2.5864760875701904 6.818315029144287
v 17.49372673034668 2.5847599506378174 6.814583778381348
v 17.463998794555664 2.594536066055298 6.8365631103515625
v 17.451539993286133 2.5914900302886963 6.807343006134033
v 17.479381561279297 2.5866940021514893 6.810201168060303
v 17.463998794555664 2.594536066055298 6.8365631103515625
v 17.479381561279297 2.5866940021514893 6.810201168060303
v 17.482009887695312 2.5873360633850098 6.81636381149292
v 17.497100830078125 2.5768349170684814 6.775469779968262
v 17.520811080932617 2.576261043548584 6.796817779541016
v 17.493993759155273 2.583482027053833 6.807981014251709
v 17.497100830078125 2.5768349170684814 6.775469779968262
v 17.493993759155273 2.583482027053833 6.807981014251709
v 17.48899269104004 2.5836029052734375 6.803477764129639
v 17.578426361083984 3.0561230182647705 6.679800987243652
v 17.598825454711914 3.0658841133117676 6.722713947296143
v 17.61060905456543 3.078792095184326 6.709795951843262
v 17.578426361083984 3.0561230182647705 6.679800987243652
v 17.61060905456543 3.078792095184326 6.709795951843262
v 17.593538284301758 3.070621967315674 6.673879146575928
v 17.59766960144043 3.033060073852539 6.641718864440918
v 17.578426361083984 3.0561230182647705 6.679800987243652
v 17.593538284301758 3.070621967315674 6.673879146575928
v 17.59766960144043 3.033060073852539 6.641718864440918
v 17.593538284301758 3.070621967315674 6.673879146575928
v 17.609643936157227 3.0513179302215576 6.642004013061523
v 17.64206314086914 3.0140609741210938 6.637144088745117
v 17.59766960144043 3.033060073852539 6.641718864440918
v 17.609643936157227 3.0513179302215576 6.642004013061523
v 17.64206314086914 3.0140609741210938 6.637144088745117
v 17.609643936157227 3.0513179302215576 6.642004013061523
v 17.646800994873047 3.035414934158325 6.638171195983887
v 17.678180694580078 3.0134329795837402 6.669520854949951
v 17.64206314086914 3.0140609741210938 6.637144088745117
v 17.646800994873047 3.035414934158325 6.638171195983887
v 17.678180694580078 3.0134329795837402 6.669520854949951
v 17.646800994873047 3.035414934158325 6.638171195983887
v 17.677026748657227 3.034888982772827 6.6652679443359375
v 17.678821563720703 3.0316479206085205 6.714469909667969
v 17.678180694580078 3.0134329795837402 6.669520854949951
v 17.677026748657227 3.034888982772827 6.6652679443359375
v 17.678821563720703 3.0316479206085205 6.714469909667969
v 17.677026748657227 3.034888982772827 6.6652679443359375
v 17.677562713623047 3.050136089324951 6.702889919281006
v 17.64350700378418 3.0549910068511963 6.738142967224121
v 17.678821563720703 3.0316479206085205 6.714469909667969
v 17.677562713623047 3.050136089324951 6.702889919281006
v 17.64350700378418 3.0549910068511963 6.738142967224121
v 17.677562713623047 3.050136089324951 6.702889919281006
v 17.64800453186035 3.069674015045166 6.7227067947387695
v 17.598825454711914 3.0658841133117676 6.722713947296143
v 17.64350700378418 3.0549910068511963 6.738142967224121
v 17.64800453186035 3.069674015045166 6.7227067947387695
v 17.598825454711914 3.0658841133117676 6.722713947296143
v 17.64800453186035 3.069674015045166 6.7227067947387695
v 17.61060905456543 3.078792095184326 6.709795951843262
v 17.45846176147461 2.626645088195801 6.843575954437256
v 17.43950843811035 2.622028112411499 6.799174785614014
v 17.44338035583496 2.6019508838653564 6.804987907409668
v 17.45846176147461 2.626645088195801 6.843575954437256
v 17.44338035583496 2.6019508838653564 6.804987907409668
v 17.459230422973633 2.6058249473571777 6.8421630859375
v 17.43950843811035 2.622028112411499 6.799174785614014
v 17.461868286132812 2.610069990158081 6.757883071899414
v 17.462121963500977 2.5919289588928223 6.770398139953613
v 17.43950843811035 2.622028112411499 6.799174785614014
v 17.462121963500977 2.5919289588928223 6.770398139953613
v 17.44338035583496 2.6019508838653564 6.804987907409668
v 17.461868286132812 2.610069990158081 6.757883071899414
v 17.50870704650879 2.5997769832611084 6.750792026519775
v 17.5013427734375 2.5833070278167725 6.764439105987549
v 17.461868286132812 2.610069990158081 6.757883071899414
v 17.5013427734375 2.5833070278167725 6.764439105987549
v 17.462121963500977 2.5919289588928223 6.770398139953613
v 17.50870704650879 2.5997769832611084 6.750792026519775
v 17.54475212097168 2.5989038944244385 6.783242225646973
v 17.531509399414062 2.582576036453247 6.791597843170166
v 17.50870704650879 2.5997769832611084 6.750792026519775
v 17.531509399414062 2.582576036453247 6.791597843170166
v 17.5013427734375 2.5833070278167725 6.764439105987549
v 17.54475212097168 2.5989038944244385 6.783242225646973
v 17.542861938476562 2.608107089996338 6.830799102783203
v 17.529905319213867 2.590287923812866 6.831425189971924
v 17.54475212097168 2.5989038944244385 6.783242225646973
v 17.529905319213867 2.590287923812866 6.831425189971924
v 17.531509399414062 2.582576036453247 6.791597843170166
v 17.542861938476562 2.608107089996338 6.830799102783203
v 17.504459381103516 2.6204540729522705 6.857648849487305
v 17.497737884521484 2.600635051727295 6.853928089141846
v 17.542861938476562 2.608107089996338 6.830799102783203
v 17.497737884521484 2.600635051727295 6.853928089141846
v 17.529905319213867 2.590287923812866 6.831425189971924
v 17.504459381103516 2.6204540729522705 6.857648849487305
v 17.45846176147461 2.626645088195801 6.843575954437256
v 17.459230422973633 2.6058249473571777 6.8421630859375
v 17.504459381103516 2.6204540729522705 6.857648849487305
v 17.459230422973633 2.6058249473571777 6.8421630859375
v 17.497737884521484 2.600635051727295 6.853928089141846
v 17.609643936157227 3.0513179302215576 6.642004013061523
v 17.593538284301758 3.070621967315674 6.673879146575928
v 17.605995178222656 3.0753159523010254 6.671800136566162
v 17.609643936157227 3.0513179302215576 6.642004013061523
v 17.605995178222656 3.0753159523010254 6.671800136566162
v 17.618656158447266 3.0601420402526855 6.6467437744140625
v 17.027414321899414 2.5069479942321777 7.37701416015625
v 16.976938247680664 2.7112560272216797 7.457828998565674
v 17.02487564086914 2.7114429473876953 7.480600833892822
v 17.027414321899414 2.5069479942321777 7.37701416015625
v 17.02487564086914 2.7114429473876953 7.480600833892822
v 17.074071884155273 2.5123419761657715 7.401725769042969
v 17.074071884155273 2.5123419761657715 7.401725769042969
v 17.02487564086914 2.7114429473876953 7.480600833892822
v 17.039400100708008 2.690854072570801 7.527309894561768
v 17.074071884155273 2.5123419761657715 7.401725769042969
v 17.039400100708008 2.690854072570801 7.527309894561768
v 17.085826873779297 2.50301194190979 7.452630043029785
v 17.085826873779297 2.50301194190979 7.452630043029785
v 17.039400100708008 2.690854072570801 7.527309894561768
v 17.00957489013672 2.66499400138855 7.562781810760498
v 17.085826873779297 2.50301194190979 7.452630043029785
v 17.00957489013672 2.66499400138855 7.562781810760498
v 17.053829193115234 2.485982894897461 7.491394996643066
v 17.053829193115234 2.485982894897461 7.491394996643066
v 17.00957489013672 2.66499400138855 7.562781810760498
v 16.957860946655273 2.6533350944519043 7.560307025909424
v 17.053829193115234 2.485982894897461 7.491394996643066
v 16.957860946655273 2.6533350944519043 7.560307025909424
v 17.002174377441406 2.4740779399871826 7.488830089569092
v 17.002174377441406 2.4740779399871826 7.488830089569092
v 16.957860946655273 2.6533350944519043 7.560307025909424
v 16.92319679260254 2.6646571159362793 7.521748065948486
v 17.002174377441406 2.4740779399871826 7.488830089569092
v 16.92319679260254 2.6646571159362793 7.521748065948486
v 16.969758987426758 2.4762630462646484 7.446866035461426
v 16.981807708740234 2.760385036468506 7.608822822570801
v 17.00627326965332 2.7839980125427246 7.580245018005371
v 16.993610382080078 2.7911369800567627 7.582687854766846
v 16.981807708740234 2.760385036468506 7.608822822570801
v 16.993610382080078 2.7911369800567627 7.582687854766846
v 16.97437858581543 2.7725770473480225 7.60515022277832
v 16.969758987426758 2.4762630462646484 7.446866035461426
v 16.92319679260254 2.6646571159362793 7.521748065948486
v 16.93168830871582 2.690433979034424 7.476140022277832
v 16.969758987426758 2.4762630462646484 7.446866035461426
v 16.93168830871582 2.690433979034424 7.476140022277832
v 16.98099136352539 2.4908909797668457 7.3971028327941895
v 16.98099136352539 2.4908909797668457 7.3971028327941895
v 16.93168830871582 2.690433979034424 7.476140022277832
v 16.976938247680664 2.7112560272216797 7.457828998565674
v 16.98099136352539 2.4908909797668457 7.3971028327941895
v 16.976938247680664 2.7112560272216797 7.457828998565674
v 17.027414321899414 2.5069479942321777 7.37701416015625
v 17.038166046142578 2.3517279624938965 7.4172258377075195
v 17.010604858398438 2.3553318977355957 7.382582187652588
v 17.023202896118164 2.349189043045044 7.3780131340026855
v 17.038166046142578 2.3517279624938965 7.4172258377075195
v 17.023202896118164 2.349189043045044 7.3780131340026855
v 17.04486656188965 2.34635591506958 7.405243873596191
v 17.02487564086914 2.7114429473876953 7.480600833892822
v 16.976938247680664 2.7112560272216797 7.457828998565674
v 16.956905364990234 2.791604995727539 7.504772186279297
v 17.02487564086914 2.7114429473876953 7.480600833892822
v 16.956905364990234 2.791604995727539 7.504772186279297
v 17.005197525024414 2.7903800010681152 7.526744842529297
v 17.01948356628418 2.3697268962860107 7.341510772705078
v 17.058115005493164 2.38407301902771 7.324942111968994
v 17.060546875 2.3717799186706543 7.332705974578857
v 17.01948356628418 2.3697268962860107 7.341510772705078
v 17.060546875 2.3717799186706543 7.332705974578857
v 17.030181884765625 2.3605029582977295 7.345730781555176
v 16.993610382080078 2.7911369800567627 7.582687854766846
v 16.98355484008789 2.8066680431365967 7.553081035614014
v 16.960660934448242 2.791806936264038 7.567924976348877
v 16.993610382080078 2.7911369800567627 7.582687854766846
v 16.960660934448242 2.791806936264038 7.567924976348877
v 16.9627628326416 2.788559913635254 7.574113845825195
v 16.908979415893555 2.762234926223755 7.575681209564209
v 16.938508987426758 2.750699996948242 7.606791019439697
v 16.940343856811523 2.7649641036987305 7.603553771972656
v 16.908979415893555 2.762234926223755 7.575681209564209
v 16.940343856811523 2.7649641036987305 7.603553771972656
v 16.917133331298828 2.774030923843384 7.579100131988525
v 17.097410202026367 2.3875670433044434 7.3453497886657715
v 17.107778549194336 2.3775789737701416 7.387368202209473
v 17.09958267211914 2.366676092147827 7.38177490234375
v 17.097410202026367 2.3875670433044434 7.3453497886657715
v 17.09958267211914 2.366676092147827 7.38177490234375
v 17.091434478759766 2.3745269775390625 7.348748207092285
v 16.91545867919922 2.786303997039795 7.5389180183410645
v 16.908979415893555 2.762234926223755 7.575681209564209
v 16.917133331298828 2.774030923843384 7.579100131988525
v 16.91545867919922 2.786303997039795 7.5389180183410645
v 16.917133331298828 2.774030923843384 7.579100131988525
v 16.922225952148438 2.792949914932251 7.550203800201416
v 16.938508987426758 2.750699996948242 7.606791019439697
v 16.981807708740234 2.760385036468506 7.608822822570801
v 16.97437858581543 2.7725770473480225 7.60515022277832
v 16.938508987426758 2.750699996948242 7.606791019439697
v 16.97437858581543 2.7725770473480225 7.60515022277832
v 16.940343856811523 2.7649641036987305 7.603553771972656
v 17.027414321899414 2.5069479942321777 7.37701416015625
v 17.074071884155273 2.5123419761657715 7.401725769042969
v 17.10003089904785 2.410512924194336 7.348086833953857
v 17.027414321899414 2.5069479942321777 7.37701416015625
v 17.10003089904785 2.410512924194336 7.348086833953857
v 17.053081512451172 2.406322956085205 7.323726177215576
v 17.010604858398438 2.3553318977355957 7.382582187652588
v 17.01948356628418 2.3697268962860107 7.341510772705078
v 17.030181884765625 2.3605029582977295 7.345730781555176
v 17.010604858398438 2.3553318977355957 7.382582187652588
v 17.030181884765625 2.3605029582977295 7.345730781555176
v 17.023202896118164 2.349189043045044 7.3780131340026855
v 17.107778549194336 2.3775789737701416 7.387368202209473
v 17.081411361694336 2.361629009246826 7.419355869293213
v 17.078859329223633 2.354137897491455 7.406919002532959
v 17.107778549194336 2.3775789737701416 7.387368202209473
v 17.078859329223633 2.354137897491455 7.406919002532959
v 17.09958267211914 2.366676092147827 7.38177490234375
v 17.081411361694336 2.361629009246826 7.419355869293213
v 17.038166046142578 2.3517279624938965 7.4172258377075195
v 17.04486656188965 2.34635591506958 7.405243873596191
v 17.081411361694336 2.361629009246826 7.419355869293213
v 17.04486656188965 2.34635591506958 7.405243873596191
v 17.078859329223633 2.354137897491455 7.406919002532959
v 17.091434478759766 2.3745269775390625 7.348748207092285
v 17.09958267211914 2.366676092147827 7.38177490234375
v 17.069305419921875 2.362083911895752 7.3724517822265625
v 17.091434478759766 2.3745269775390625 7.348748207092285
v 17.069305419921875 2.362083911895752 7.3724517822265625
v 17.06758689880371 2.3637399673461914 7.365485191345215
v 17.039400100708008 2.690854072570801 7.527309894561768
v 17.02487564086914 2.7114429473876953 7.480600833892822
v 17.005197525024414 2.7903800010681152 7.526744842529297
v 17.039400100708008 2.690854072570801 7.527309894561768
v 17.005197525024414 2.7903800010681152 7.526744842529297
v 17.020479202270508 2.7667739391326904 7.571744918823242
v 16.99348258972168 2.8037569522857666 7.542579174041748
v 16.953065872192383 2.8047831058502197 7.524187088012695
v 16.951786041259766 2.8074750900268555 7.538623809814453
v 16.99348258972168 2.8037569522857666 7.542579174041748
v 16.951786041259766 2.8074750900268555 7.538623809814453
v 16.98355484008789 2.8066680431365967 7.553081035614014
v 17.00957489013672 2.66499400138855 7.562781810760498
v 17.039400100708008 2.690854072570801 7.527309894561768
v 17.020479202270508 2.7667739391326904 7.571744918823242
v 17.00957489013672 2.66499400138855 7.562781810760498
v 17.020479202270508 2.7667739391326904 7.571744918823242
v 16.99124526977539 2.738563060760498 7.605885982513428
v 16.957860946655273 2.6533350944519043 7.560307025909424
v 17.00957489013672 2.66499400138855 7.562781810760498
v 16.99124526977539 2.738563060760498 7.605885982513428
v 16.957860946655273 2.6533350944519043 7.560307025909424
v 16.99124526977539 2.738563060760498 7.605885982513428
v 16.93950843811035 2.726989984512329 7.603458881378174
v 16.92319679260254 2.6646571159362793 7.521748065948486
v 16.957860946655273 2.6533350944519043 7.560307025909424
v 16.93950843811035 2.726989984512329 7.603458881378174
v 16.92319679260254 2.6646571159362793 7.521748065948486
v 16.93950843811035 2.726989984512329 7.603458881378174
v 16.90422821044922 2.7407689094543457 7.566291809082031
v 16.93168830871582 2.690433979034424 7.476140022277832
v 16.92319679260254 2.6646571159362793 7.521748065948486
v 16.90422821044922 2.7407689094543457 7.566291809082031
v 16.93168830871582 2.690433979034424 7.476140022277832
v 16.90422821044922 2.7407689094543457 7.566291809082031
v 16.911970138549805 2.7695260047912598 7.522371768951416
v 16.976938247680664 2.7112560272216797 7.457828998565674
v 16.93168830871582 2.690433979034424 7.476140022277832
v 16.911970138549805 2.7695260047912598 7.522371768951416
v 16.976938247680664 2.7112560272216797 7.457828998565674
v 16.911970138549805 2.7695260047912598 7.522371768951416
v 16.956905364990234 2.791604995727539 7.504772186279297
v 16.98099136352539 2.4908909797668457 7.3971028327941895
v 17.027414321899414 2.5069479942321777 7.37701416015625
v 17.053081512451172 2.406322956085205 7.323726177215576
v 16.98099136352539 2.4908909797668457 7.3971028327941895
v 17.053081512451172 2.406322956085205 7.323726177215576
v 17.006919860839844 2.389194965362549 7.343502998352051
v 17.074071884155273 2.5123419761657715 7.401725769042969
v 17.085826873779297 2.50301194190979 7.452630043029785
v 17.112417221069336 2.398597002029419 7.398238182067871
v 17.074071884155273 2.5123419761657715 7.401725769042969
v 17.112417221069336 2.398597002029419 7.398238182067871
v 17.10003089904785 2.410512924194336 7.348086833953857
v 17.085826873779297 2.50301194190979 7.452630043029785
v 17.053829193115234 2.485982894897461 7.491394996643066
v 17.08091163635254 2.3795509338378906 7.436417102813721
v 17.085826873779297 2.50301194190979 7.452630043029785
v 17.08091163635254 2.3795509338378906 7.436417102813721
v 17.112417221069336 2.398597002029419 7.398238182067871
v 17.053829193115234 2.485982894897461 7.491394996643066
v 17.002174377441406 2.4740779399871826 7.488830089569092
v 17.029239654541016 2.3677210807800293 7.433873176574707
v 17.053829193115234 2.485982894897461 7.491394996643066
v 17.029239654541016 2.3677210807800293 7.433873176574707
v 17.08091163635254 2.3795509338378906 7.436417102813721
v 17.002174377441406 2.4740779399871826 7.488830089569092
v 16.969758987426758 2.4762630462646484 7.446866035461426
v 16.996309280395508 2.372014045715332 7.392521858215332
v 17.002174377441406 2.4740779399871826 7.488830089569092
v 16.996309280395508 2.372014045715332 7.392521858215332
v 17.029239654541016 2.3677210807800293 7.433873176574707
v 16.969758987426758 2.4762630462646484 7.446866035461426
v 16.98099136352539 2.4908909797668457 7.3971028327941895
v 17.006919860839844 2.389194965362549 7.343502998352051
v 16.969758987426758 2.4762630462646484 7.446866035461426
v 17.006919860839844 2.389194965362549 7.343502998352051
v 16.996309280395508 2.372014045715332 7.392521858215332
v 17.058115005493164 2.38407301902771 7.324942111968994
v 17.097410202026367 2.3875670433044434 7.3453497886657715
v 17.091434478759766 2.3745269775390625 7.348748207092285
v 17.058115005493164 2.38407301902771 7.324942111968994
v 17.091434478759766 2.3745269775390625 7.348748207092285
v 17.060546875 2.3717799186706543 7.332705974578857
v 16.953065872192383 2.8047831058502197 7.524187088012695
v 16.91545867919922 2.786303997039795 7.5389180183410645
v 16.922225952148438 2.792949914932251 7.550203800201416
v 16.953065872192383 2.8047831058502197 7.524187088012695
v 16.922225952148438 2.792949914932251 7.550203800201416
v 16.951786041259766 2.8074750900268555 7.538623809814453
v 16.917133331298828 2.774030923843384 7.579100131988525
v 16.940343856811523 2.7649641036987305 7.603553771972656
v 16.951627731323242 2.7830889225006104 7.5784759521484375
v 16.917133331298828 2.774030923843384 7.579100131988525
v 16.951627731323242 2.7830889225006104 7.5784759521484375
v 16.946775436401367 2.7849841117858887 7.573363780975342
v 16.951786041259766 2.8074750900268555 7.538623809814453
v 16.922225952148438 2.792949914932251 7.550203800201416
v 16.947839736938477 2.7889389991760254 7.567324161529541
v 16.951786041259766 2.8074750900268555 7.538623809814453
v 16.947839736938477 2.7889389991760254 7.567324161529541
v 16.95401954650879 2.791975975036621 7.5649027824401855
v 16.97437858581543 2.7725770473480225 7.60515022277832
v 16.993610382080078 2.7911369800567627 7.582687854766846
v 16.9627628326416 2.788559913635254 7.574113845825195
v 16.97437858581543 2.7725770473480225 7.60515022277832
v 16.9627628326416 2.788559913635254 7.574113845825195
v 16.958742141723633 2.7846810817718506 7.578810214996338
v 16.922225952148438 2.792949914932251 7.550203800201416
v 16.917133331298828 2.774030923843384 7.579100131988525
v 16.946775436401367 2.7849841117858887 7.573363780975342
v 16.922225952148438 2.792949914932251 7.550203800201416
v 16.946775436401367 2.7849841117858887 7.573363780975342
v 16.947839736938477 2.7889389991760254 7.567324161529541
v 16.98355484008789 2.8066680431365967 7.553081035614014
v 16.951786041259766 2.8074750900268555 7.538623809814453
v 16.95401954650879 2.791975975036621 7.5649027824401855
v 16.98355484008789 2.8066680431365967 7.553081035614014
v 16.95401954650879 2.791975975036621 7.5649027824401855
v 16.960660934448242 2.791806936264038 7.567924976348877
v 16.940343856811523 2.7649641036987305 7.603553771972656
v 16.97437858581543 2.7725770473480225 7.60515022277832
v 16.958742141723633 2.7846810817718506 7.578810214996338
v 16.940343856811523 2.7649641036987305 7.603553771972656
v 16.958742141723633 2.7846810817718506 7.578810214996338
v 16.951627731323242 2.7830889225006104 7.5784759521484375
v 17.04486656188965 2.34635591506958 7.405243873596191
v 17.023202896118164 2.349189043045044 7.3780131340026855
v 17.05319595336914 2.358396053314209 7.371657848358154
v 17.04486656188965 2.34635591506958 7.405243873596191
v 17.05319595336914 2.358396053314209 7.371657848358154
v 17.057764053344727 2.3577980995178223 7.377401828765869
v 17.030181884765625 2.3605029582977295 7.345730781555176
v 17.060546875 2.3717799186706543 7.332705974578857
v 17.061071395874023 2.363161087036133 7.362102031707764
v 17.030181884765625 2.3605029582977295 7.345730781555176
v 17.061071395874023 2.363161087036133 7.362102031707764
v 17.05466651916504 2.3607819080352783 7.364849090576172
v 17.09958267211914 2.366676092147827 7.38177490234375
v 17.078859329223633 2.354137897491455 7.406919002532959
v 17.06493377685547 2.359438896179199 7.377755165100098
v 17.09958267211914 2.366676092147827 7.38177490234375
v 17.06493377685547 2.359438896179199 7.377755165100098
v 17.069305419921875 2.362083911895752 7.3724517822265625
v 17.023202896118164 2.349189043045044 7.3780131340026855
v 17.030181884765625 2.3605029582977295 7.345730781555176
v 17.05466651916504 2.3607819080352783 7.364849090576172
v 17.023202896118164 2.349189043045044 7.3780131340026855
v 17.05466651916504 2.3607819080352783 7.364849090576172
v 17.05319595336914 2.358396053314209 7.371657848358154
v 17.060546875 2.3717799186706543 7.332705974578857
v 17.091434478759766 2.3745269775390625 7.348748207092285
v 17.06758689880371 2.3637399673461914 7.365485191345215
v 17.060546875 2.3717799186706543 7.332705974578857
v 17.06758689880371 2.3637399673461914 7.365485191345215
v 17.061071395874023 2.363161087036133 7.362102031707764
v 17.078859329223633 2.354137897491455 7.406919002532959
v 17.04486656188965 2.34635591506958 7.405243873596191
v 17.057764053344727 2.3577980995178223 7.377401828765869
v 17.078859329223633 2.354137897491455 7.406919002532959
v 17.057764053344727 2.3577980995178223 7.377401828765869
v 17.06493377685547 2.359438896179199 7.377755165100098
v 17.005197525024414 2.7903800010681152 7.526744842529297
v 16.956905364990234 2.791604995727539 7.504772186279297
v 16.953065872192383 2.8047831058502197 7.524187088012695
v 17.005197525024414 2.7903800010681152 7.526744842529297
v 16.953065872192383 2.8047831058502197 7.524187088012695
v 16.99348258972168 2.8037569522857666 7.542579174041748
v 17.020479202270508 2.7667739391326904 7.571744918823242
v 17.005197525024414 2.7903800010681152 7.526744842529297
v 16.99348258972168 2.8037569522857666 7.542579174041748
v 17.020479202270508 2.7667739391326904 7.571744918823242
v 16.99348258972168 2.8037569522857666 7.542579174041748
v 17.00627326965332 2.7839980125427246 7.580245018005371
v 16.99124526977539 2.738563060760498 7.605885982513428
v 17.020479202270508 2.7667739391326904 7.571744918823242
v 17.00627326965332 2.7839980125427246 7.580245018005371
v 16.99124526977539 2.738563060760498 7.605885982513428
v 17.00627326965332 2.7839980125427246 7.580245018005371
v 16.981807708740234 2.760385036468506 7.608822822570801
v 16.93950843811035 2.726989984512329 7.603458881378174
v 16.99124526977539 2.738563060760498 7.605885982513428
v 16.981807708740234 2.760385036468506 7.608822822570801
v 16.93950843811035 2.726989984512329 7.603458881378174
v 16.981807708740234 2.760385036468506 7.608822822570801
v 16.938508987426758 2.750699996948242 7.606791019439697
v 16.90422821044922 2.7407689094543457 7.566291809082031
v 16.93950843811035 2.726989984512329 7.603458881378174
v 16.938508987426758 2.750699996948242 7.606791019439697
v 16.90422821044922 2.7407689094543457 7.566291809082031
v 16.938508987426758 2.750699996948242 7.606791019439697
v 16.908979415893555 2.762234926223755 7.575681209564209
v 16.911970138549805 2.7695260047912598 7.522371768951416
v 16.90422821044922 2.7407689094543457 7.566291809082031
v 16.908979415893555 2.762234926223755 7.575681209564209
v 16.911970138549805 2.7695260047912598 7.522371768951416
v 16.908979415893555 2.762234926223755 7.575681209564209
v 16.91545867919922 2.786303997039795 7.5389180183410645
v 16.956905364990234 2.791604995727539 7.504772186279297
v 16.911970138549805 2.7695260047912598 7.522371768951416
v 16.91545867919922 2.786303997039795 7.5389180183410645
v 16.956905364990234 2.791604995727539 7.504772186279297
v 16.91545867919922 2.786303997039795 7.5389180183410645
v 16.953065872192383 2.8047831058502197 7.524187088012695
v 17.053081512451172 2.406322956085205 7.323726177215576
v 17.10003089904785 2.410512924194336 7.348086833953857
v 17.097410202026367 2.3875670433044434 7.3453497886657715
v 17.053081512451172 2.406322956085205 7.323726177215576
v 17.097410202026367 2.3875670433044434 7.3453497886657715
v 17.058115005493164 2.38407301902771 7.324942111968994
v 17.10003089904785 2.410512924194336 7.348086833953857
v 17.112417221069336 2.398597002029419 7.398238182067871
v 17.107778549194336 2.3775789737701416 7.387368202209473
v 17.10003089904785 2.410512924194336 7.348086833953857
v 17.107778549194336 2.3775789737701416 7.387368202209473
v 17.097410202026367 2.3875670433044434 7.3453497886657715
v 17.112417221069336 2.398597002029419 7.398238182067871
v 17.08091163635254 2.3795509338378906 7.436417102813721
v 17.081411361694336 2.361629009246826 7.419355869293213
v 17.112417221069336 2.398597002029419 7.398238182067871
v 17.081411361694336 2.361629009246826 7.419355869293213
v 17.107778549194336 2.3775789737701416 7.387368202209473
v 17.08091163635254 2.3795509338378906 7.436417102813721
v 17.029239654541016 2.3677210807800293 7.433873176574707
v 17.038166046142578 2.3517279624938965 7.4172258377075195
v 17.08091163635254 2.3795509338378906 7.436417102813721
v 17.038166046142578 2.3517279624938965 7.4172258377075195
v 17.081411361694336 2.361629009246826 7.419355869293213
v 17.029239654541016 2.3677210807800293 7.433873176574707
v 16.996309280395508 2.372014045715332 7.392521858215332
v 17.010604858398438 2.3553318977355957 7.382582187652588
v 17.029239654541016 2.3677210807800293 7.433873176574707
v 17.010604858398438 2.3553318977355957 7.382582187652588
v 17.038166046142578 2.3517279624938965 7.4172258377075195
v 16.996309280395508 2.372014045715332 7.392521858215332
v 17.006919860839844 2.389194965362549 7.343502998352051
v 17.01948356628418 2.3697268962860107 7.341510772705078
v 16.996309280395508 2.372014045715332 7.392521858215332
v 17.01948356628418 2.3697268962860107 7.341510772705078
v 17.010604858398438 2.3553318977355957 7.382582187652588
v 17.006919860839844 2.389194965362549 7.343502998352051
v 17.053081512451172 2.406322956085205 7.323726177215576
v 17.058115005493164 2.38407301902771 7.324942111968994
v 17.006919860839844 2.389194965362549 7.343502998352051
v 17.058115005493164 2.38407301902771 7.324942111968994
v 17.01948356628418 2.3697268962860107 7.341510772705078
v 17.00627326965332 2.7839980125427246 7.580245018005371
v 16.99348258972168 2.8037569522857666 7.542579174041748
v 16.98355484008789 2.8066680431365967 7.553081035614014
v 17.00627326965332 2.7839980125427246 7.580245018005371
v 16.98355484008789 2.8066680431365967 7.553081035614014
v 16.993610382080078 2.7911369800567627 7.582687854766846
vt 0.5416669845581055 0
vt 0.625 0
vt 0.625 0.25
vt 0.5416669845581055 0
vt 0.625 0.25
vt 0.5416669845581055 0.25
vt 0.5416669845581055 0.25
vt 0.625 0.25
vt 0.625 0.5
vt 0.5416669845581055 0.25
vt 0.625 0.5
vt 0.5416669845581055 0.5
vt 0.5416669845581055 0.5
vt 0.625 0.5
vt 0.625 0.75
vt 0.5416669845581055 0.5
vt 0.625 0.75
vt 0.5416669845581055 0.75
vt 0.5416669845581055 0.75
vt 0.625 0.75
vt 0.625 1
vt 0.5416669845581055 0.75
vt 0.625 1
vt 0.5416669845581055 1
vt 0.125 0.5
vt 0.375 0.5
vt 0.375 0.75
vt 0.125 0.5
vt 0.375 0.75
vt 0.125 0.75
vt 0.625 0.5
vt 0.625 0.25
vt 0.625 0.5
vt 0.625 0.25
vt 0.625 0.25
vt 0.625 0.5
vt 0.625 0.5
vt 0.875 0.5
vt 0.625 0.75
vt 0.875 0.5
vt 0.875 0.75
vt 0.625 0.75
vt 0.625 0.75
vt 0.625 0.5
vt 0.625 0.75
vt 0.625 0.5
vt 0.625 0.5
vt 0.625 0.75
vt 0.625 0.25
vt 0.625 0
vt 0.625 0.25
vt 0.625 0
vt 0.625 0
vt 0.625 0.25
vt 0.625 1
vt 0.625 0.75
vt 0.625 0.75
vt 0.625 1
vt 0.625 0.75
vt 0.625 1
vt 0.375 0.75
vt 0.45833298563957214 0.75
vt 0.45833298563957214 1
vt 0.375 0.75
vt 0.45833298563957214 1
vt 0.375 1
vt 0.45833298563957214 0.75
vt 0.5416669845581055 0.75
vt 0.5416669845581055 1
vt 0.45833298563957214 0.75
vt 0.5416669845581055 1
vt 0.45833298563957214 1
vt 0.375 0.5
vt 0.45833298563957214 0.5
vt 0.45833298563957214 0.75
vt 0.375 0.5
vt 0.45833298563957214 0.75
vt 0.375 0.75
vt 0.45833298563957214 0.5
vt 0.5416669845581055 0.5
vt 0.5416669845581055 0.75
vt 0.45833298563957214 0.5
vt 0.5416669845581055 0.75
vt 0.45833298563957214 0.75
vt 0.375 0.25
vt 0.45833298563957214 0.25
vt 0.45833298563957214 0.5
vt 0.375 0.25
vt 0.45833298563957214 0.5
vt 0.375 0.5
vt 0.45833298563957214 0.25
vt 0.5416669845581055 0.25
vt 0.5416669845581055 0.5
vt 0.45833298563957214 0.25
vt 0.5416669845581055 0.5
vt 0.45833298563957214 0.5
vt 0.375 0
vt 0.45833298563957214 0
vt 0.45833298563957214 0.25
vt 0.375 0
vt 0.45833298563957214 0.25
vt 0.375 0.25
vt 0.45833298563957214 0
vt 0.5416669845581055 0
vt 0.5416669845581055 0.25
vt 0.45833298563957214 0
vt 0.5416669845581055 0.25
vt 0.45833298563957214 0.25
vt 0.5416669845581055 0
vt 0.625 0
vt 0.625 0.25
vt 0.5416669845581055 0
vt 0.625 0.25
vt 0.5416669845581055 0.25
vt 0.5416669845581055 0.25
vt 0.625 0.25
vt 0.625 0.5
vt 0.5416669845581055 0.25
vt 0.625 0.5
vt 0.5416669845581055 0.5
vt 0.5416669845581055 0.5
vt 0.625 0.5
vt 0.625 0.75
vt 0.5416669845581055 0.5
vt 0.625 0.75
vt 0.5416669845581055 0.75
vt 0.5416669845581055 0.75
vt 0.625 0.75
vt 0.625 1
vt 0.5416669845581055 0.75
vt 0.625 1
vt 0.5416669845581055 1
vt 0.125 0.5
vt 0.375 0.5
vt 0.375 0.75
vt 0.125 0.5
vt 0.375 0.75
vt 0.125 0.75
vt 0.625 0.5
vt 0.625 0.25
vt 0.625 0.25
vt 0.625 0.5
vt 0.625 0.25
vt 0.625 0.5
vt 0.625 0.5
vt 0.875 0.5
vt 0.625 0.75
vt 0.875 0.5
vt 0.875 0.75
vt 0.625 0.75
vt 0.625 0.75
vt 0.625 0.5
vt 0.625 0.75
vt 0.625 0.5
vt 0.625 0.5
vt 0.625 0.75
vt 0.625 0.25
vt 0.625 0
vt 0.625 0
vt 0.625 0.25
vt 0.625 0
vt 0.625 0.25
vt 0.625 1
vt 0.625 0.75
vt 0.625 1
vt 0.625 0.75
vt 0.625 0.75
vt 0.625 1
vt 0.375 0.75
vt 0.45833298563957214 0.75
vt 0.45833298563957214 1
vt 0.375 0.75
vt 0.45833298563957214 1
vt 0.375 1
vt 0.45833298563957214 0.75
vt 0.5416669845581055 0.75
vt 0.5416669845581055 1
vt 0.45833298563957214 0.75
vt 0.5416669845581055 1
vt 0.45833298563957214 1
vt 0.375 0.5
vt 0.45833298563957214 0.5
vt 0.45833298563957214 0.75
vt 0.375 0.5
vt 0.45833298563957214 0.75
vt 0.375 0.75
vt 0.45833298563957214 0.5
vt 0.5416669845581055 0.5
vt 0.5416669845581055 0.75
vt 0.45833298563957214 0.5
vt 0.5416669845581055 0.75
vt 0.45833298563957214 0.75
vt 0.375 0.25
vt 0.45833298563957214 0.25
vt 0.45833298563957214 0.5
vt 0.375 0.25
vt 0.45833298563957214 0.5
vt 0.375 0.5
vt 0.45833298563957214 0.25
vt 0.5416669845581055 0.25
vt 0.5416669845581055 0.5
vt 0.45833298563957214 0.25
vt 0.5416669845581055 0.5
vt 0.45833298563957214 0.5
vt 0.375 0
vt 0.45833298563957214 0
vt 0.45833298563957214 0.25
vt 0.375 0
vt 0.45833298563957214 0.25
vt 0.375 0.25
vt 0.45833298563957214 0
vt 0.5416669845581055 0
vt 0.5416669845581055 0.25
vt 0.45833298563957214 0
vt 0.5416669845581055 0.25
vt 0.45833298563957214 0.25
vt 0.5416669845581055 0
vt 0.625 0
vt 0.625 0.25
vt 0.5416669845581055 0
vt 0.625 0.25
vt 0.5416669845581055 0.25
vt 0.5416669845581055 0.25
vt 0.625 0.25
vt 0.625 0.5
vt 0.5416669845581055 0.25
vt 0.625 0.5
vt 0.5416669845581055 0.5
vt 0.5416669845581055 0.5
vt 0.625 0.5
vt 0.625 0.75
vt 0.5416669845581055 0.5
vt 0.625 0.75
vt 0.5416669845581055 0.75
vt 0.5416669845581055 0.75
vt 0.625 0.75
vt 0.625 1
vt 0.5416669845581055 0.75
vt 0.625 1
vt 0.5416669845581055 1
vt 0.125 0.5
vt 0.375 0.5
vt 0.375 0.75
vt 0.125 0.5
vt 0.375 0.75
vt 0.125 0.75
vt 0.625 0.5
vt 0.625 0.25
vt 0.625 0.5
vt 0.625 0.25
vt 0.625 0.25
vt 0.625 0.5
vt 0.625 0.5
vt 0.875 0.5
vt 0.625 0.75
vt 0.875 0.5
vt 0.875 0.75
vt 0.625 0.75
vt 0.625 0.75
vt 0.625 0.5
vt 0.625 0.75
vt 0.625 0.5
vt 0.625 0.5
vt 0.625 0.75
vt 0.625 0.25
vt 0.625 0
vt 0.625 0.25
vt 0.625 0
vt 0.625 0
vt 0.625 0.25
vt 0.625 1
vt 0.625 0.75
vt 0.625 1
vt 0.625 0.75
vt 0.625 0.75
vt 0.625 1
vt 0.375 0.75
vt 0.45833298563957214 0.75
vt 0.45833298563957214 1
vt 0.375 0.75
vt 0.45833298563957214 1
vt 0.375 1
vt 0.45833298563957214 0.75
vt 0.5416669845581055 0.75
vt 0.5416669845581055 1
vt 0.45833298563957214 0.75
vt 0.5416669845581055 1
vt 0.45833298563957214 1
vt 0.375 0.5
vt 0.45833298563957214 0.5
vt 0.45833298563957214 0.75
vt 0.375 0.5
vt 0.45833298563957214 0.75
vt 0.375 0.75
vt 0.45833298563957214 0.5
vt 0.5416669845581055 0.5
vt 0.5416669845581055 0.75
vt 0.45833298563957214 0.5
vt 0.5416669845581055 0.75
vt 0.45833298563957214 0.75
vt 0.375 0.25
vt 0.45833298563957214 0.25
vt 0.45833298563957214 0.5
vt 0.375 0.25
vt 0.45833298563957214 0.5
vt 0.375 0.5
vt 0.45833298563957214 0.25
vt 0.5416669845581055 0.25
vt 0.5416669845581055 0.5
vt 0.45833298563957214 0.25
vt 0.5416669845581055 0.5
vt 0.45833298563957214 0.5
vt 0.375 0
vt 0.45833298563957214 0
vt 0.45833298563957214 0.25
vt 0.375 0
vt 0.45833298563957214 0.25
vt 0.375 0.25
vt 0.45833298563957214 0
vt 0.5416669845581055 0
vt 0.5416669845581055 0.25
vt 0.45833298563957214 0
vt 0.5416669845581055 0.25
vt 0.45833298563957214 0.25
vt 0.5416669845581055 0
vt 0.625 0
vt 0.625 0.25
vt 0.5416669845581055 0
vt 0.625 0.25
vt 0.5416669845581055 0.25
vt 0.5416669845581055 0.25
vt 0.625 0.25
vt 0.625 0.5
vt 0.5416669845581055 0.25
vt 0.625 0.5
vt 0.5416669845581055 0.5
vt 0.5416669845581055 0.5
vt 0.625 0.5
vt 0.625 0.75
vt 0.5416669845581055 0.5
vt 0.625 0.75
vt 0.5416669845581055 0.75
vt 0.5416669845581055 0.75
vt 0.625 0.75
vt 0.625 1
vt 0.5416669845581055 0.75
vt 0.625 1
vt 0.5416669845581055 1
vt 0.125 0.5
vt 0.375 0.5
vt 0.375 0.75
vt 0.125 0.5
vt 0.375 0.75
vt 0.125 0.75
vt 0.625 0.5
vt 0.625 0.25
vt 0.625 0.5
vt 0.625 0.25
vt 0.625 0.25
vt 0.625 0.5
vt 0.625 0.5
vt 0.875 0.5
vt 0.625 0.75
vt 0.875 0.5
vt 0.875 0.75
vt 0.625 0.75
vt 0.625 0.75
vt 0.625 0.5
vt 0.625 0.75
vt 0.625 0.5
vt 0.625 0.5
vt 0.625 0.75
vt 0.625 0.25
vt 0.625 0
vt 0.625 0.25
vt 0.625 0
vt 0.625 0
vt 0.625 0.25
vt 0.625 1
vt 0.625 0.75
vt 0.625 1
vt 0.625 0.75
vt 0.625 0.75
vt 0.625 1
vt 0.375 0.75
vt 0.45833298563957214 0.75
vt 0.45833298563957214 1
vt 0.375 0.75
vt 0.45833298563957214 1
vt 0.375 1
vt 0.45833298563957214 0.75
vt 0.5416669845581055 0.75
vt 0.5416669845581055 1
vt 0.45833298563957214 0.75
vt 0.5416669845581055 1
vt 0.45833298563957214 1
vt 0.375 0.5
vt 0.45833298563957214 0.5
vt 0.45833298563957214 0.75
vt 0.375 0.5
vt 0.45833298563957214 0.75
vt 0.375 0.75
vt 0.45833298563957214 0.5
vt 0.5416669845581055 0.5
vt 0.5416669845581055 0.75
vt 0.45833298563957214 0.5
vt 0.5416669845581055 0.75
vt 0.45833298563957214 0.75
vt 0.375 0.25
vt 0.45833298563957214 0.25
vt 0.45833298563957214 0.5
vt 0.375 0.25
vt 0.45833298563957214 0.5
vt 0.375 0.5
vt 0.45833298563957214 0.25
vt 0.5416669845581055 0.25
vt 0.5416669845581055 0.5
vt 0.45833298563957214 0.25
vt 0.5416669845581055 0.5
vt 0.45833298563957214 0.5
vt 0.375 0
vt 0.45833298563957214 0
vt 0.45833298563957214 0.25
vt 0.375 0
vt 0.45833298563957214 0.25
vt 0.375 0.25
vt 0.45833298563957214 0
vt 0.5416669845581055 0
vt 0.5416669845581055 0.25
vt 0.45833298563957214 0
vt 0.5416669845581055 0.25
vt 0.45833298563957214 0.25
vt 0.25 0.4078820049762726
vt 0.12656299769878387 0.34843799471855164
vt 0.12656299769878387 0.34843799471855164
vt 0.25 0.4078820049762726
vt 0.12656299769878387 0.34843799471855164
vt 0.25 0.4078820049762726
vt 0.40392398834228516 0.2148679941892624
vt 0.37343698740005493 0.34843799471855164
vt 0.25 0.4078820049762726
vt 0.25 0.4078820049762726
vt 0.12656299769878387 0.34843799471855164
vt 0.09607599675655365 0.2148679941892624
vt 0.09607599675655365 0.2148679941892624
vt 0.18149800598621368 0.10775300115346909
vt 0.3185020089149475 0.10775300115346909
vt 0.3185020089149475 0.10775300115346909
vt 0.40392398834228516 0.2148679941892624
vt 0.25 0.4078820049762726
vt 0.25 0.4078820049762726
vt 0.09607599675655365 0.2148679941892624
vt 0.3185020089149475 0.10775300115346909
vt 0.09607599675655365 0.2148679941892624
vt 0.18149800598621368 0.10775300115346909
vt 0.18149800598621368 0.10775300115346909
vt 0.09607599675655365 0.2148679941892624
vt 0.18149800598621368 0.10775300115346909
vt 0.09607599675655365 0.2148679941892624
vt 0.3185020089149475 0.10775300115346909
vt 0.40392398834228516 0.2148679941892624
vt 0.40392398834228516 0.2148679941892624
vt 0.3185020089149475 0.10775300115346909
vt 0.40392398834228516 0.2148679941892624
vt 0.3185020089149475 0.10775300115346909
vt 0.37343698740005493 0.34843799471855164
vt 0.25 0.4078820049762726
vt 0.25 0.4078820049762726
vt 0.37343698740005493 0.34843799471855164
vt 0.25 0.4078820049762726
vt 0.37343698740005493 0.34843799471855164
vt 0.12656299769878387 0.34843799471855164
vt 0.09607599675655365 0.2148679941892624
vt 0.09607599675655365 0.2148679941892624
vt 0.12656299769878387 0.34843799471855164
vt 0.09607599675655365 0.2148679941892624
vt 0.12656299769878387 0.34843799471855164
vt 0.18149800598621368 0.10775300115346909
vt 0.3185020089149475 0.10775300115346909
vt 0.3185020089149475 0.10775300115346909
vt 0.18149800598621368 0.10775300115346909
vt 0.3185020089149475 0.10775300115346909
vt 0.18149800598621368 0.10775300115346909
vt 0.40392398834228516 0.2148679941892624
vt 0.37343698740005493 0.34843799471855164
vt 0.37343698740005493 0.34843799471855164
vt 0.40392398834228516 0.2148679941892624
vt 0.37343698740005493 0.34843799471855164
vt 0.40392398834228516 0.2148679941892624
vt 0.6814979910850525 0.10775300115346909
vt 0.596077024936676 0.2148679941892624
vt 0.5960760116577148 0.2148679941892624
vt 0.6814979910850525 0.10775300115346909
vt 0.5960760116577148 0.2148679941892624
vt 0.6814979910850525 0.10775300115346909
vt 0.6265630125999451 0.34843799471855164
vt 0.75 0.4078820049762726
vt 0.8734369874000549 0.34843799471855164
vt 0.8734369874000549 0.34843799471855164
vt 0.9039239883422852 0.2148679941892624
vt 0.8185020089149475 0.10775300115346909
vt 0.8185020089149475 0.10775300115346909
vt 0.6814979910850525 0.10775300115346909
vt 0.5960760116577148 0.2148679941892624
vt 0.5960760116577148 0.2148679941892624
vt 0.6265630125999451 0.34843799471855164
vt 0.8734369874000549 0.34843799471855164
vt 0.8734369874000549 0.34843799471855164
vt 0.8185020089149475 0.10775300115346909
vt 0.5960760116577148 0.2148679941892624
vt 0.9039239883422852 0.2148679941892624
vt 0.8185020089149475 0.10775300115346909
vt 0.8185020089149475 0.10775300115346909
vt 0.9039239883422852 0.2148679941892624
vt 0.8185020089149475 0.10775300115346909
vt 0.9039239883422852 0.2148679941892624
vt 0.75 0.4078820049762726
vt 0.8734369874000549 0.34843799471855164
vt 0.8734369874000549 0.34843799471855164
vt 0.75 0.4078820049762726
vt 0.8734369874000549 0.34843799471855164
vt 0.75 0.4078820049762726
vt 0.596077024936676 0.2148679941892624
vt 0.6265630125999451 0.34843799471855164
vt 0.6265630125999451 0.34843799471855164
vt 0.596077024936676 0.2148679941892624
vt 0.6265630125999451 0.34843799471855164
vt 0.5960760116577148 0.2148679941892624
vt 0.8185020089149475 0.10775300115346909
vt 0.6814979910850525 0.10775300115346909
vt 0.6814979910850525 0.10775300115346909
vt 0.8185020089149475 0.10775300115346909
vt 0.6814979910850525 0.10775300115346909
vt 0.8185020089149475 0.10775300115346909
vt 0.8734369874000549 0.34843799471855164
vt 0.9039239883422852 0.2148679941892624
vt 0.9039239883422852 0.2148679941892624
vt 0.8734369874000549 0.34843799471855164
vt 0.9039239883422852 0.2148679941892624
vt 0.8734369874000549 0.34843799471855164
vt 0.6265630125999451 0.34843799471855164
vt 0.75 0.4078820049762726
vt 0.75 0.4078820049762726
vt 0.6265630125999451 0.34843799471855164
vt 0.75 0.4078820049762726
vt 0.6265630125999451 0.34843799471855164
vt 0.6265630125999451 0.34843799471855164
vt 0.75 0.4078820049762726
vt 0.75 0.4078820049762726
vt 0.6265630125999451 0.34843799471855164
vt 0.75 0.4078820049762726
vt 0.6265630125999451 0.34843799471855164
vt 0.8734369874000549 0.34843799471855164
vt 0.9039239883422852 0.2148679941892624
vt 0.9039239883422852 0.2148679941892624
vt 0.8734369874000549 0.34843799471855164
vt 0.9039239883422852 0.2148679941892624
vt 0.8734369874000549 0.34843799471855164
vt 0.8185020089149475 0.10775300115346909
vt 0.6814969778060913 0.10775300115346909
vt 0.6814979910850525 0.10775300115346909
vt 0.8185020089149475 0.10775300115346909
vt 0.6814979910850525 0.10775300115346909
vt 0.8185020089149475 0.10775300115346909
vt 0.596077024936676 0.2148679941892624
vt 0.6265630125999451 0.34843799471855164
vt 0.6265630125999451 0.34843799471855164
vt 0.596077024936676 0.2148679941892624
vt 0.6265630125999451 0.34843799471855164
vt 0.596077024936676 0.2148679941892624
vt 0.75 0.4078820049762726
vt 0.8734369874000549 0.34843799471855164
vt 0.8734369874000549 0.34843799471855164
vt 0.75 0.4078820049762726
vt 0.8734369874000549 0.34843799471855164
vt 0.75 0.4078820049762726
vt 0.9039239883422852 0.2148679941892624
vt 0.8185020089149475 0.10775300115346909
vt 0.8185020089149475 0.10775300115346909
vt 0.9039239883422852 0.2148679941892624
vt 0.8185020089149475 0.10775300115346909
vt 0.9039239883422852 0.2148679941892624
vt 0.6814969778060913 0.10775300115346909
vt 0.596077024936676 0.2148679941892624
vt 0.596077024936676 0.2148679941892624
vt 0.6814969778060913 0.10775300115346909
vt 0.596077024936676 0.2148679941892624
vt 0.6814979910850525 0.10775300115346909
vt 0.6814979910850525 0.10775300115346909
vt 0.5960760116577148 0.2148679941892624
vt 0.596077024936676 0.2148679941892624
vt 0.6814979910850525 0.10775300115346909
vt 0.596077024936676 0.2148679941892624
vt 0.6814969778060913 0.10775300115346909
vt 0.9039239883422852 0.2148679941892624
vt 0.8185020089149475 0.10775300115346909
vt 0.8185020089149475 0.10775300115346909
vt 0.9039239883422852 0.2148679941892624
vt 0.8185020089149475 0.10775300115346909
vt 0.9039239883422852 0.2148679941892624
vt 0.75 0.4078820049762726
vt 0.8734369874000549 0.34843799471855164
vt 0.8734369874000549 0.34843799471855164
vt 0.75 0.4078820049762726
vt 0.8734369874000549 0.34843799471855164
vt 0.75 0.4078820049762726
vt 0.5960760116577148 0.2148679941892624
vt 0.6265630125999451 0.34843799471855164
vt 0.6265630125999451 0.34843799471855164
vt 0.5960760116577148 0.2148679941892624
vt 0.6265630125999451 0.34843799471855164
vt 0.596077024936676 0.2148679941892624
vt 0.8185020089149475 0.10775300115346909
vt 0.6814979910850525 0.10775300115346909
vt 0.6814969778060913 0.10775300115346909
vt 0.8185020089149475 0.10775300115346909
vt 0.6814969778060913 0.10775300115346909
vt 0.8185020089149475 0.10775300115346909
vt 0.8734369874000549 0.34843799471855164
vt 0.9039239883422852 0.2148679941892624
vt 0.9039239883422852 0.2148679941892624
vt 0.8734369874000549 0.34843799471855164
vt 0.9039239883422852 0.2148679941892624
vt 0.8734369874000549 0.34843799471855164
vt 0.6265630125999451 0.34843799471855164
vt 0.75 0.4078820049762726
vt 0.75 0.4078820049762726
vt 0.6265630125999451 0.34843799471855164
vt 0.75 0.4078820049762726
vt 0.6265630125999451 0.34843799471855164
vt 0.12656299769878387 0.34843799471855164
vt 0.09607599675655365 0.2148679941892624
vt 0.09607599675655365 0.2148679941892624
vt 0.12656299769878387 0.34843799471855164
vt 0.09607599675655365 0.2148679941892624
vt 0.12656299769878387 0.34843799471855164
vt 0.40392398834228516 0.2148679941892624
vt 0.37343698740005493 0.34843799471855164
vt 0.25 0.4078820049762726
vt 0.25 0.4078820049762726
vt 0.12656299769878387 0.34843799471855164
vt 0.09607599675655365 0.2148679941892624
vt 0.09607599675655365 0.2148679941892624
vt 0.18149800598621368 0.10775300115346909
vt 0.3185020089149475 0.10775300115346909
vt 0.3185020089149475 0.10775300115346909
vt 0.40392398834228516 0.2148679941892624
vt 0.25 0.4078820049762726
vt 0.25 0.4078820049762726
vt 0.09607599675655365 0.2148679941892624
vt 0.3185020089149475 0.10775300115346909
vt 0.18149800598621368 0.10775300115346909
vt 0.3185020089149475 0.10775300115346909
vt 0.3185020089149475 0.10775300115346909
vt 0.18149800598621368 0.10775300115346909
vt 0.3185020089149475 0.10775300115346909
vt 0.18149800598621368 0.10775300115346909
vt 0.40392398834228516 0.2148679941892624
vt 0.37343698740005493 0.34843799471855164
vt 0.37343698740005493 0.34843799471855164
vt 0.40392398834228516 0.2148679941892624
vt 0.37343698740005493 0.34843799471855164
vt 0.40392398834228516 0.2148679941892624
vt 0.25 0.4078820049762726
vt 0.12656299769878387 0.34843799471855164
vt 0.12656299769878387 0.34843799471855164
vt 0.25 0.4078820049762726
vt 0.12656299769878387 0.34843799471855164
vt 0.25 0.4078820049762726
vt 0.09607599675655365 0.2148679941892624
vt 0.18149800598621368 0.10775300115346909
vt 0.18149800598621368 0.10775300115346909
vt 0.09607599675655365 0.2148679941892624
vt 0.18149800598621368 0.10775300115346909
vt 0.09607599675655365 0.2148679941892624
vt 0.3185020089149475 0.10775300115346909
vt 0.40392398834228516 0.2148679941892624
vt 0.40392398834228516 0.2148679941892624
vt 0.3185020089149475 0.10775300115346909
vt 0.40392398834228516 0.2148679941892624
vt 0.3185020089149475 0.10775300115346909
vt 0.37343698740005493 0.34843799471855164
vt 0.25 0.4078820049762726
vt 0.25 0.4078820049762726
vt 0.37343698740005493 0.34843799471855164
vt 0.25 0.4078820049762726
vt 0.37343698740005493 0.34843799471855164
vt 0.6814969778060913 0.10775300115346909
vt 0.5960760116577148 0.2148679941892624
vt 0.5960760116577148 0.2148679941892624
vt 0.6814969778060913 0.10775300115346909
vt 0.5960760116577148 0.2148679941892624
vt 0.6814979910850525 0.10775300115346909
vt 0.6265630125999451 0.34843799471855164
vt 0.75 0.4078820049762726
vt 0.8734369874000549 0.34843799471855164
vt 0.8734369874000549 0.34843799471855164
vt 0.9039239883422852 0.2148679941892624
vt 0.8185020089149475 0.10775300115346909
vt 0.8185020089149475 0.10775300115346909
vt 0.6814979910850525 0.10775300115346909
vt 0.5960760116577148 0.2148679941892624
vt 0.5960760116577148 0.2148679941892624
vt 0.6265630125999451 0.34843799471855164
vt 0.8734369874000549 0.34843799471855164
vt 0.8734369874000549 0.34843799471855164
vt 0.8185020089149475 0.10775300115346909
vt 0.5960760116577148 0.2148679941892624
vt 0.9039239883422852 0.2148679941892624
vt 0.8185020089149475 0.10775300115346909
vt 0.8185020089149475 0.10775300115346909
vt 0.9039239883422852 0.2148679941892624
vt 0.8185020089149475 0.10775300115346909
vt 0.9039239883422852 0.2148679941892624
vt 0.75 0.4078820049762726
vt 0.8734369874000549 0.34843799471855164
vt 0.8734369874000549 0.34843799471855164
vt 0.75 0.4078820049762726
vt 0.8734369874000549 0.34843799471855164
vt 0.75 0.4078820049762726
vt 0.5960760116577148 0.2148679941892624
vt 0.6265630125999451 0.34843799471855164
vt 0.6265630125999451 0.34843799471855164
vt 0.5960760116577148 0.2148679941892624
vt 0.6265630125999451 0.34843799471855164
vt 0.5960760116577148 0.2148679941892624
vt 0.8185020089149475 0.10775300115346909
vt 0.6814969778060913 0.10775300115346909
vt 0.6814979910850525 0.10775300115346909
vt 0.8185020089149475 0.10775300115346909
vt 0.6814979910850525 0.10775300115346909
vt 0.8185020089149475 0.10775300115346909
vt 0.8734369874000549 0.34843799471855164
vt 0.9039239883422852 0.2148679941892624
vt 0.9039239883422852 0.2148679941892624
vt 0.8734369874000549 0.34843799471855164
vt 0.9039239883422852 0.2148679941892624
vt 0.8734369874000549 0.34843799471855164
vt 0.6265630125999451 0.34843799471855164
vt 0.75 0.4078820049762726
vt 0.75 0.4078820049762726
vt 0.6265630125999451 0.34843799471855164
vt 0.75 0.4078820049762726
vt 0.6265630125999451 0.34843799471855164
vt 0.6265630125999451 0.34843799471855164
vt 0.75 0.4078820049762726
vt 0.75 0.4078820049762726
vt 0.6265630125999451 0.34843799471855164
vt 0.75 0.4078820049762726
vt 0.6265630125999451 0.34843799471855164
vt 0.8734369874000549 0.34843799471855164
vt 0.9039239883422852 0.2148679941892624
vt 0.9039239883422852 0.2148679941892624
vt 0.8734369874000549 0.34843799471855164
vt 0.9039239883422852 0.2148679941892624
vt 0.8734369874000549 0.34843799471855164
vt 0.8185020089149475 0.10775300115346909
vt 0.6814979910850525 0.10775300115346909
vt 0.6814969778060913 0.10775300115346909
vt 0.8185020089149475 0.10775300115346909
vt 0.6814969778060913 0.10775300115346909
vt 0.8185020089149475 0.10775300115346909
vt 0.5960760116577148 0.2148679941892624
vt 0.6265630125999451 0.34843799471855164
vt 0.6265630125999451 0.34843799471855164
vt 0.5960760116577148 0.2148679941892624
vt 0.6265630125999451 0.34843799471855164
vt 0.5960760116577148 0.2148679941892624
vt 0.75 0.4078820049762726
vt 0.8734369874000549 0.34843799471855164
vt 0.8734369874000549 0.34843799471855164
vt 0.75 0.4078820049762726
vt 0.8734369874000549 0.34843799471855164
vt 0.75 0.4078820049762726
vt 0.9039239883422852 0.2148679941892624
vt 0.8185020089149475 0.10775300115346909
vt 0.8185020089149475 0.10775300115346909
vt 0.9039239883422852 0.2148679941892624
vt 0.8185020089149475 0.10775300115346909
vt 0.9039239883422852 0.2148679941892624
vt 0.6814979910850525 0.10775300115346909
vt 0.5960760116577148 0.2148679941892624
vt 0.5960760116577148 0.2148679941892624
vt 0.6814979910850525 0.10775300115346909
vt 0.5960760116577148 0.2148679941892624
vt 0.6814969778060913 0.10775300115346909
vt 0.6814979910850525 0.10775300115346909
vt 0.5960760116577148 0.2148679941892624
vt 0.5960760116577148 0.2148679941892624
vt 0.6814979910850525 0.10775300115346909
vt 0.5960760116577148 0.2148679941892624
vt 0.6814979910850525 0.10775300115346909
vt 0.9039239883422852 0.2148679941892624
vt 0.8185020089149475 0.10775300115346909
vt 0.8185020089149475 0.10775300115346909
vt 0.9039239883422852 0.2148679941892624
vt 0.8185020089149475 0.10775300115346909
vt 0.9039239883422852 0.2148679941892624
vt 0.75 0.4078820049762726
vt 0.8734369874000549 0.34843799471855164
vt 0.8734369874000549 0.34843799471855164
vt 0.75 0.4078820049762726
vt 0.8734369874000549 0.34843799471855164
vt 0.75 0.4078820049762726
vt 0.5960760116577148 0.2148679941892624
vt 0.6265630125999451 0.34843799471855164
vt 0.6265630125999451 0.34843799471855164
vt 0.5960760116577148 0.2148679941892624
vt 0.6265630125999451 0.34843799471855164
vt 0.5960760116577148 0.2148679941892624
vt 0.8185020089149475 0.10775300115346909
vt 0.6814979910850525 0.10775300115346909
vt 0.6814979910850525 0.10775300115346909
vt 0.8185020089149475 0.10775300115346909
vt 0.6814979910850525 0.10775300115346909
vt 0.8185020089149475 0.10775300115346909
vt 0.8734369874000549 0.34843799471855164
vt 0.9039239883422852 0.2148679941892624
vt 0.9039239883422852 0.2148679941892624
vt 0.8734369874000549 0.34843799471855164
vt 0.9039239883422852 0.2148679941892624
vt 0.8734369874000549 0.34843799471855164
vt 0.6265630125999451 0.34843799471855164
vt 0.75 0.4078820049762726
vt 0.75 0.4078820049762726
vt 0.6265630125999451 0.34843799471855164
vt 0.75 0.4078820049762726
vt 0.6265630125999451 0.34843799471855164
vt 0.5416669845581055 0
vt 0.625 0
vt 0.625 0.25
vt 0.5416669845581055 0
vt 0.625 0.25
vt 0.5416669845581055 0.25
vt 0.5416669845581055 0.25
vt 0.625 0.25
vt 0.625 0.5
vt 0.5416669845581055 0.25
vt 0.625 0.5
vt 0.5416669845581055 0.5
vt 0.5416669845581055 0.5
vt 0.625 0.5
vt 0.625 0.75
vt 0.5416669845581055 0.5
vt 0.625 0.75
vt 0.5416669845581055 0.75
vt 0.5416669845581055 0.75
vt 0.625 0.75
vt 0.625 1
vt 0.5416669845581055 0.75
vt 0.625 1
vt 0.5416669845581055 1
vt 0.125 0.5
vt 0.375 0.5
vt 0.375 0.75
vt 0.125 0.5
vt 0.375 0.75
vt 0.125 0.75
vt 0.625 0.5
vt 0.625 0.25
vt 0.625 0.5
vt 0.625 0.25
vt 0.625 0.25
vt 0.625 0.5
vt 0.625 0.5
vt 0.875 0.5
vt 0.625 0.75
vt 0.875 0.5
vt 0.875 0.75
vt 0.625 0.75
vt 0.625 0.75
vt 0.625 0.5
vt 0.625 0.75
vt 0.625 0.5
vt 0.625 0.5
vt 0.625 0.75
vt 0.625 0.25
vt 0.625 0
vt 0.625 0
vt 0.625 0.25
vt 0.625 0
vt 0.625 0.25
vt 0.625 1
vt 0.625 0.75
vt 0.625 1
vt 0.625 0.75
vt 0.625 0.75
vt 0.625 1
vt 0.375 0.75
vt 0.45833298563957214 0.75
vt 0.45833298563957214 1
vt 0.375 0.75
vt 0.45833298563957214 1
vt 0.375 1
vt 0.45833298563957214 0.75
vt 0.5416669845581055 0.75
vt 0.5416669845581055 1
vt 0.45833298563957214 0.75
vt 0.5416669845581055 1
vt 0.45833298563957214 1
vt 0.375 0.5
vt 0.45833298563957214 0.5
vt 0.45833298563957214 0.75
vt 0.375 0.5
vt 0.45833298563957214 0.75
vt 0.375 0.75
vt 0.45833298563957214 0.5
vt 0.5416669845581055 0.5
vt 0.5416669845581055 0.75
vt 0.45833298563957214 0.5
vt 0.5416669845581055 0.75
vt 0.45833298563957214 0.75
vt 0.375 0.25
vt 0.45833298563957214 0.25
vt 0.45833298563957214 0.5
vt 0.375 0.25
vt 0.45833298563957214 0.5
vt 0.375 0.5
vt 0.45833298563957214 0.25
vt 0.5416669845581055 0.25
vt 0.5416669845581055 0.5
vt 0.45833298563957214 0.25
vt 0.5416669845581055 0.5
vt 0.45833298563957214 0.5
vt 0.375 0
vt 0.45833298563957214 0
vt 0.45833298563957214 0.25
vt 0.375 0
vt 0.45833298563957214 0.25
vt 0.375 0.25
vt 0.45833298563957214 0
vt 0.5416669845581055 0
vt 0.5416669845581055 0.25
vt 0.45833298563957214 0
vt 0.5416669845581055 0.25
vt 0.45833298563957214 0.25
vt 0.5416669845581055 0
vt 0.625 0
vt 0.625 0.25
vt 0.5416669845581055 0
vt 0.625 0.25
vt 0.5416669845581055 0.25
vt 0.5416669845581055 0.25
vt 0.625 0.25
vt 0.625 0.5
vt 0.5416669845581055 0.25
vt 0.625 0.5
vt 0.5416669845581055 0.5
vt 0.5416669845581055 0.5
vt 0.625 0.5
vt 0.625 0.75
vt 0.5416669845581055 0.5
vt 0.625 0.75
vt 0.5416669845581055 0.75
vt 0.5416669845581055 0.75
vt 0.625 0.75
vt 0.625 1
vt 0.5416669845581055 0.75
vt 0.625 1
vt 0.5416669845581055 1
vt 0.125 0.5
vt 0.375 0.5
vt 0.375 0.75
vt 0.125 0.5
vt 0.375 0.75
vt 0.125 0.75
vt 0.625 0.5
vt 0.625 0.25
vt 0.625 0.5
vt 0.625 0.25
vt 0.625 0.25
vt 0.625 0.5
vt 0.625 0.5
vt 0.875 0.5
vt 0.625 0.75
vt 0.875 0.5
vt 0.875 0.75
vt 0.625 0.75
vt 0.625 0.75
vt 0.625 0.5
vt 0.625 0.5
vt 0.625 0.75
vt 0.625 0.5
vt 0.625 0.75
vt 0.625 0.25
vt 0.625 0
vt 0.625 0.25
vt 0.625 0
vt 0.625 0
vt 0.625 0.25
vt 0.625 1
vt 0.625 0.75
vt 0.625 1
vt 0.625 0.75
vt 0.625 0.75
vt 0.625 1
vt 0.375 0.75
vt 0.45833298563957214 0.75
vt 0.45833298563957214 1
vt 0.375 0.75
vt 0.45833298563957214 1
vt 0.375 1
vt 0.45833298563957214 0.75
vt 0.5416669845581055 0.75
vt 0.5416669845581055 1
vt 0.45833298563957214 0.75
vt 0.5416669845581055 1
vt 0.45833298563957214 1
vt 0.375 0.5
vt 0.45833298563957214 0.5
vt 0.45833298563957214 0.75
vt 0.375 0.5
vt 0.45833298563957214 0.75
vt 0.375 0.75
vt 0.45833298563957214 0.5
vt 0.5416669845581055 0.5
vt 0.5416669845581055 0.75
vt 0.45833298563957214 0.5
vt 0.5416669845581055 0.75
vt 0.45833298563957214 0.75
vt 0.375 0.25
vt 0.45833298563957214 0.25
vt 0.45833298563957214 0.5
vt 0.375 0.25
vt 0.45833298563957214 0.5
vt 0.375 0.5
vt 0.45833298563957214 0.25
vt 0.5416669845581055 0.25
vt 0.5416669845581055 0.5
vt 0.45833298563957214 0.25
vt 0.5416669845581055 0.5
vt 0.45833298563957214 0.5
vt 0.375 0
vt 0.45833298563957214 0
vt 0.45833298563957214 0.25
vt 0.375 0
vt 0.45833298563957214 0.25
vt 0.375 0.25
vt 0.45833298563957214 0
vt 0.5416669845581055 0
vt 0.5416669845581055 0.25
vt 0.45833298563957214 0
vt 0.5416669845581055 0.25
vt 0.45833298563957214 0.25
vt 0.5416669845581055 0
vt 0.625 0
vt 0.625 0.25
vt 0.5416669845581055 0
vt 0.625 0.25
vt 0.5416669845581055 0.25
vt 0.5416669845581055 0.25
vt 0.625 0.25
vt 0.625 0.5
vt 0.5416669845581055 0.25
vt 0.625 0.5
vt 0.5416669845581055 0.5
vt 0.5416669845581055 0.5
vt 0.625 0.5
vt 0.625 0.75
vt 0.5416669845581055 0.5
vt 0.625 0.75
vt 0.5416669845581055 0.75
vt 0.5416669845581055 0.75
vt 0.625 0.75
vt 0.625 1
vt 0.5416669845581055 0.75
vt 0.625 1
vt 0.5416669845581055 1
vt 0.125 0.5
vt 0.375 0.5
vt 0.375 0.75
vt 0.125 0.5
vt 0.375 0.75
vt 0.125 0.75
vt 0.625 0.5
vt 0.625 0.25
vt 0.625 0.5
vt 0.625 0.25
vt 0.625 0.25
vt 0.625 0.5
vt 0.625 0.5
vt 0.875 0.5
vt 0.625 0.75
vt 0.875 0.5
vt 0.875 0.75
vt 0.625 0.75
vt 0.625 0.75
vt 0.625 0.5
vt 0.625 0.75
vt 0.625 0.5
vt 0.625 0.5
vt 0.625 0.75
vt 0.625 0.25
vt 0.625 0
vt 0.625 0.25
vt 0.625 0
vt 0.625 0
vt 0.625 0.25
vt 0.625 1
vt 0.625 0.75
vt 0.625 0.75
vt 0.625 1
vt 0.625 0.75
vt 0.625 1
vt 0.375 0.75
vt 0.45833298563957214 0.75
vt 0.45833298563957214 1
vt 0.375 0.75
vt 0.45833298563957214 1
vt 0.375 1
vt 0.45833298563957214 0.75
vt 0.5416669845581055 0.75
vt 0.5416669845581055 1
vt 0.45833298563957214 0.75
vt 0.5416669845581055 1
vt 0.45833298563957214 1
vt 0.375 0.5
vt 0.45833298563957214 0.5
vt 0.45833298563957214 0.75
vt 0.375 0.5
vt 0.45833298563957214 0.75
vt 0.375 0.75
vt 0.45833298563957214 0.5
vt 0.5416669845581055 0.5
vt 0.5416669845581055 0.75
vt 0.45833298563957214 0.5
vt 0.5416669845581055 0.75
vt 0.45833298563957214 0.75
vt 0.375 0.25
vt 0.45833298563957214 0.25
vt 0.45833298563957214 0.5
vt 0.375 0.25
vt 0.45833298563957214 0.5
vt 0.375 0.5
vt 0.45833298563957214 0.25
vt 0.5416669845581055 0.25
vt 0.5416669845581055 0.5
vt 0.45833298563957214 0.25
vt 0.5416669845581055 0.5
vt 0.45833298563957214 0.5
vt 0.375 0
vt 0.45833298563957214 0
vt 0.45833298563957214 0.25
vt 0.375 0
vt 0.45833298563957214 0.25
vt 0.375 0.25
vt 0.45833298563957214 0
vt 0.5416669845581055 0
vt 0.5416669845581055 0.25
vt 0.45833298563957214 0
vt 0.5416669845581055 0.25
vt 0.45833298563957214 0.25
vt 0.5416669845581055 0
vt 0.625 0
vt 0.625 0.25
vt 0.5416669845581055 0
vt 0.625 0.25
vt 0.5416669845581055 0.25
vt 0.5416669845581055 0.25
vt 0.625 0.25
vt 0.625 0.5
vt 0.5416669845581055 0.25
vt 0.625 0.5
vt 0.5416669845581055 0.5
vt 0.5416669845581055 0.5
vt 0.625 0.5
vt 0.625 0.75
vt 0.5416669845581055 0.5
vt 0.625 0.75
vt 0.5416669845581055 0.75
vt 0.5416669845581055 0.75
vt 0.625 0.75
vt 0.625 1
vt 0.5416669845581055 0.75
vt 0.625 1
vt 0.5416669845581055 1
vt 0.125 0.5
vt 0.375 0.5
vt 0.375 0.75
vt 0.125 0.5
vt 0.375 0.75
vt 0.125 0.75
vt 0.625 0.5
vt 0.625 0.25
vt 0.625 0.5
vt 0.625 0.25
vt 0.625 0.25
vt 0.625 0.5
vt 0.625 0.5
vt 0.875 0.5
vt 0.625 0.75
vt 0.875 0.5
vt 0.875 0.75
vt 0.625 0.75
vt 0.625 0.75
vt 0.625 0.5
vt 0.625 0.5
vt 0.625 0.75
vt 0.625 0.5
vt 0.625 0.75
vt 0.625 0.25
vt 0.625 0
vt 0.625 0
vt 0.625 0.25
vt 0.625 0
vt 0.625 0.25
vt 0.625 1
vt 0.625 0.75
vt 0.625 1
vt 0.625 0.75
vt 0.625 0.75
vt 0.625 1
vt 0.375 0.75
vt 0.45833298563957214 0.75
vt 0.45833298563957214 1
vt 0.375 0.75
vt 0.45833298563957214 1
vt 0.375 1
vt 0.45833298563957214 0.75
vt 0.5416669845581055 0.75
vt 0.5416669845581055 1
vt 0.45833298563957214 0.75
vt 0.5416669845581055 1
vt 0.45833298563957214 1
vt 0.375 0.5
vt 0.45833298563957214 0.5
vt 0.45833298563957214 0.75
vt 0.375 0.5
vt 0.45833298563957214 0.75
vt 0.375 0.75
vt 0.45833298563957214 0.5
vt 0.5416669845581055 0.5
vt 0.5416669845581055 0.75
vt 0.45833298563957214 0.5
vt 0.5416669845581055 0.75
vt 0.45833298563957214 0.75
vt 0.375 0.25
vt 0.45833298563957214 0.25
vt 0.45833298563957214 0.5
vt 0.375 0.25
vt 0.45833298563957214 0.5
vt 0.375 0.5
vt 0.45833298563957214 0.25
vt 0.5416669845581055 0.25
vt 0.5416669845581055 0.5
vt 0.45833298563957214 0.25
vt 0.5416669845581055 0.5
vt 0.45833298563957214 0.5
vt 0.375 0
vt 0.45833298563957214 0
vt 0.45833298563957214 0.25
vt 0.375 0
vt 0.45833298563957214 0.25
vt 0.375 0.25
vt 0.45833298563957214 0
vt 0.5416669845581055 0
vt 0.5416669845581055 0.25
vt 0.45833298563957214 0
vt 0.5416669845581055 0.25
vt 0.45833298563957214 0.25
vt 0.12656299769878387 0.34843799471855164
vt 0.09607599675655365 0.2148679941892624
vt 0.09607599675655365 0.2148679941892624
vt 0.12656299769878387 0.34843799471855164
vt 0.09607599675655365 0.2148679941892624
vt 0.12656299769878387 0.34843799471855164
vt 0.40392398834228516 0.2148679941892624
vt 0.37343698740005493 0.34843799471855164
vt 0.25 0.4078820049762726
vt 0.25 0.4078820049762726
vt 0.12656299769878387 0.34843799471855164
vt 0.09607599675655365 0.2148679941892624
vt 0.09607599675655365 0.2148679941892624
vt 0.18149800598621368 0.10775300115346909
vt 0.3185020089149475 0.10775300115346909
vt 0.3185020089149475 0.10775300115346909
vt 0.40392398834228516 0.2148679941892624
vt 0.25 0.4078820049762726
vt 0.25 0.4078820049762726
vt 0.09607599675655365 0.2148679941892624
vt 0.3185020089149475 0.10775300115346909
vt 0.18149800598621368 0.10775300115346909
vt 0.3185020089149475 0.10775300115346909
vt 0.3185020089149475 0.10775300115346909
vt 0.18149800598621368 0.10775300115346909
vt 0.3185020089149475 0.10775300115346909
vt 0.18149800598621368 0.10775300115346909
vt 0.40392398834228516 0.2148679941892624
vt 0.37343698740005493 0.34843799471855164
vt 0.37343698740005493 0.34843799471855164
vt 0.40392398834228516 0.2148679941892624
vt 0.37343698740005493 0.34843799471855164
vt 0.40392398834228516 0.2148679941892624
vt 0.25 0.4078820049762726
vt 0.12656299769878387 0.34843799471855164
vt 0.12656299769878387 0.34843799471855164
vt 0.25 0.4078820049762726
vt 0.12656299769878387 0.34843799471855164
vt 0.25 0.4078820049762726
vt 0.09607599675655365 0.2148679941892624
vt 0.18149800598621368 0.10775300115346909
vt 0.18149800598621368 0.10775300115346909
vt 0.09607599675655365 0.2148679941892624
vt 0.18149800598621368 0.10775300115346909
vt 0.09607599675655365 0.2148679941892624
vt 0.3185020089149475 0.10775300115346909
vt 0.40392398834228516 0.2148679941892624
vt 0.40392398834228516 0.2148679941892624
vt 0.3185020089149475 0.10775300115346909
vt 0.40392398834228516 0.2148679941892624
vt 0.3185020089149475 0.10775300115346909
vt 0.37343698740005493 0.34843799471855164
vt 0.25 0.4078820049762726
vt 0.25 0.4078820049762726
vt 0.37343698740005493 0.34843799471855164
vt 0.25 0.4078820049762726
vt 0.37343698740005493 0.34843799471855164
vt 0.6814979910850525 0.10775300115346909
vt 0.5960760116577148 0.2148679941892624
vt 0.5960760116577148 0.2148679941892624
vt 0.6814979910850525 0.10775300115346909
vt 0.5960760116577148 0.2148679941892624
vt 0.6814979910850525 0.10775300115346909
vt 0.6265630125999451 0.34843799471855164
vt 0.75 0.4078820049762726
vt 0.8734369874000549 0.34843799471855164
vt 0.8734369874000549 0.34843799471855164
vt 0.9039239883422852 0.2148679941892624
vt 0.8185020089149475 0.10775300115346909
vt 0.8185020089149475 0.10775300115346909
vt 0.6814979910850525 0.10775300115346909
vt 0.5960760116577148 0.2148679941892624
vt 0.5960760116577148 0.2148679941892624
vt 0.6265630125999451 0.34843799471855164
vt 0.8734369874000549 0.34843799471855164
vt 0.8734369874000549 0.34843799471855164
vt 0.8185020089149475 0.10775300115346909
vt 0.5960760116577148 0.2148679941892624
vt 0.903922975063324 0.2148679941892624
vt 0.8185030221939087 0.10775300115346909
vt 0.8185020089149475 0.10775300115346909
vt 0.903922975063324 0.2148679941892624
vt 0.8185020089149475 0.10775300115346909
vt 0.9039239883422852 0.2148679941892624
vt 0.75 0.4078820049762726
vt 0.8734369874000549 0.34843799471855164
vt 0.8734369874000549 0.34843799471855164
vt 0.75 0.4078820049762726
vt 0.8734369874000549 0.34843799471855164
vt 0.75 0.4078820049762726
vt 0.5960760116577148 0.2148679941892624
vt 0.6265630125999451 0.34843799471855164
vt 0.6265630125999451 0.34843799471855164
vt 0.5960760116577148 0.2148679941892624
vt 0.6265630125999451 0.34843799471855164
vt 0.5960760116577148 0.2148679941892624
vt 0.8185030221939087 0.10775300115346909
vt 0.6814979910850525 0.10775300115346909
vt 0.6814979910850525 0.10775300115346909
vt 0.8185030221939087 0.10775300115346909
vt 0.6814979910850525 0.10775300115346909
vt 0.8185020089149475 0.10775300115346909
vt 0.8734369874000549 0.34843799471855164
vt 0.903922975063324 0.2148679941892624
vt 0.9039239883422852 0.2148679941892624
vt 0.8734369874000549 0.34843799471855164
vt 0.9039239883422852 0.2148679941892624
vt 0.8734369874000549 0.34843799471855164
vt 0.6265630125999451 0.34843799471855164
vt 0.75 0.4078820049762726
vt 0.75 0.4078820049762726
vt 0.6265630125999451 0.34843799471855164
vt 0.75 0.4078820049762726
vt 0.6265630125999451 0.34843799471855164
vt 0.6265630125999451 0.34843799471855164
vt 0.75 0.4078820049762726
vt 0.75 0.4078820049762726
vt 0.6265630125999451 0.34843799471855164
vt 0.75 0.4078820049762726
vt 0.6265630125999451 0.34843799471855164
vt 0.6265630125999451 0.34843799471855164
vt 0.75 0.4078820049762726
vt 0.75 0.4078820049762726
vt 0.6265630125999451 0.34843799471855164
vt 0.75 0.4078820049762726
vt 0.6265630125999451 0.34843799471855164
vt 0.8734369874000549 0.34843799471855164
vt 0.9039239883422852 0.2148679941892624
vt 0.9039239883422852 0.2148679941892624
vt 0.8734369874000549 0.34843799471855164
vt 0.9039239883422852 0.2148679941892624
vt 0.8734369874000549 0.34843799471855164
vt 0.8734369874000549 0.34843799471855164
vt 0.9039239883422852 0.2148679941892624
vt 0.903922975063324 0.2148679941892624
vt 0.8734369874000549 0.34843799471855164
vt 0.903922975063324 0.2148679941892624
vt 0.8734369874000549 0.34843799471855164
vt 0.8185020089149475 0.10775300115346909
vt 0.6814979910850525 0.10775300115346909
vt 0.6814969778060913 0.10775300115346909
vt 0.8185020089149475 0.10775300115346909
vt 0.6814969778060913 0.10775300115346909
vt 0.8185020089149475 0.10775300115346909
vt 0.8185020089149475 0.10775300115346909
vt 0.6814969778060913 0.10775300115346909
vt 0.6814979910850525 0.10775300115346909
vt 0.8185020089149475 0.10775300115346909
vt 0.6814979910850525 0.10775300115346909
vt 0.8185030221939087 0.10775300115346909
vt 0.5960760116577148 0.2148679941892624
vt 0.6265630125999451 0.34843799471855164
vt 0.6265630125999451 0.34843799471855164
vt 0.5960760116577148 0.2148679941892624
vt 0.6265630125999451 0.34843799471855164
vt 0.596077024936676 0.2148679941892624
vt 0.596077024936676 0.2148679941892624
vt 0.6265630125999451 0.34843799471855164
vt 0.6265630125999451 0.34843799471855164
vt 0.596077024936676 0.2148679941892624
vt 0.6265630125999451 0.34843799471855164
vt 0.5960760116577148 0.2148679941892624
vt 0.75 0.4078820049762726
vt 0.8734369874000549 0.34843799471855164
vt 0.8734369874000549 0.34843799471855164
vt 0.75 0.4078820049762726
vt 0.8734369874000549 0.34843799471855164
vt 0.75 0.4078820049762726
vt 0.75 0.4078820049762726
vt 0.8734369874000549 0.34843799471855164
vt 0.8734369874000549 0.34843799471855164
vt 0.75 0.4078820049762726
vt 0.8734369874000549 0.34843799471855164
vt 0.75 0.4078820049762726
vt 0.9039239883422852 0.2148679941892624
vt 0.8185020089149475 0.10775300115346909
vt 0.8185020089149475 0.10775300115346909
vt 0.9039239883422852 0.2148679941892624
vt 0.8185020089149475 0.10775300115346909
vt 0.9039239883422852 0.2148679941892624
vt 0.9039239883422852 0.2148679941892624
vt 0.8185020089149475 0.10775300115346909
vt 0.8185030221939087 0.10775300115346909
vt 0.9039239883422852 0.2148679941892624
vt 0.8185030221939087 0.10775300115346909
vt 0.903922975063324 0.2148679941892624
vt 0.6814979910850525 0.10775300115346909
vt 0.5960760116577148 0.2148679941892624
vt 0.596077024936676 0.2148679941892624
vt 0.6814979910850525 0.10775300115346909
vt 0.596077024936676 0.2148679941892624
vt 0.6814969778060913 0.10775300115346909
vt 0.6814969778060913 0.10775300115346909
vt 0.596077024936676 0.2148679941892624
vt 0.5960760116577148 0.2148679941892624
vt 0.6814969778060913 0.10775300115346909
vt 0.5960760116577148 0.2148679941892624
vt 0.6814979910850525 0.10775300115346909
vt 0.5416669845581055 0
vt 0.625 0
vt 0.625 0.25
vt 0.5416669845581055 0
vt 0.625 0.25
vt 0.5416669845581055 0.25
vt 0.5416669845581055 0.25
vt 0.625 0.25
vt 0.625 0.5
vt 0.5416669845581055 0.25
vt 0.625 0.5
vt 0.5416669845581055 0.5
vt 0.5416669845581055 0.5
vt 0.625 0.5
vt 0.625 0.75
vt 0.5416669845581055 0.5
vt 0.625 0.75
vt 0.5416669845581055 0.75
vt 0.5416669845581055 0.75
vt 0.625 0.75
vt 0.625 1
vt 0.5416669845581055 0.75
vt 0.625 1
vt 0.5416669845581055 1
vt 0.125 0.5
vt 0.375 0.5
vt 0.375 0.75
vt 0.125 0.5
vt 0.375 0.75
vt 0.125 0.75
vt 0.625 0.5
vt 0.625 0.25
vt 0.625 0.5
vt 0.625 0.25
vt 0.625 0.25
vt 0.625 0.5
vt 0.625 0.5
vt 0.875 0.5
vt 0.625 0.75
vt 0.875 0.5
vt 0.875 0.75
vt 0.625 0.75
vt 0.625 0.75
vt 0.625 0.5
vt 0.625 0.5
vt 0.625 0.75
vt 0.625 0.5
vt 0.625 0.75
vt 0.625 0.25
vt 0.625 0
vt 0.625 0
vt 0.625 0.25
vt 0.625 0
vt 0.625 0.25
vt 0.625 1
vt 0.625 0.75
vt 0.625 1
vt 0.625 0.75
vt 0.625 0.75
vt 0.625 1
vt 0.375 0.75
vt 0.45833298563957214 0.75
vt 0.45833298563957214 1
vt 0.375 0.75
vt 0.45833298563957214 1
vt 0.375 1
vt 0.45833298563957214 0.75
vt 0.5416669845581055 0.75
vt 0.5416669845581055 1
vt 0.45833298563957214 0.75
vt 0.5416669845581055 1
vt 0.45833298563957214 1
vt 0.375 0.5
vt 0.45833298563957214 0.5
vt 0.45833298563957214 0.75
vt 0.375 0.5
vt 0.45833298563957214 0.75
vt 0.375 0.75
vt 0.45833298563957214 0.5
vt 0.5416669845581055 0.5
vt 0.5416669845581055 0.75
vt 0.45833298563957214 0.5
vt 0.5416669845581055 0.75
vt 0.45833298563957214 0.75
vt 0.375 0.25
vt 0.45833298563957214 0.25
vt 0.45833298563957214 0.5
vt 0.375 0.25
vt 0.45833298563957214 0.5
vt 0.375 0.5
vt 0.45833298563957214 0.25
vt 0.5416669845581055 0.25
vt 0.5416669845581055 0.5
vt 0.45833298563957214 0.25
vt 0.5416669845581055 0.5
vt 0.45833298563957214 0.5
vt 0.375 0
vt 0.45833298563957214 0
vt 0.45833298563957214 0.25
vt 0.375 0
vt 0.45833298563957214 0.25
vt 0.375 0.25
vt 0.45833298563957214 0
vt 0.5416669845581055 0
vt 0.5416669845581055 0.25
vt 0.45833298563957214 0
vt 0.5416669845581055 0.25
vt 0.45833298563957214 0.25
vt 1 0.5
vt 1 1
vt 0.857142984867096 1
vt 1 0.5
vt 0.857142984867096 1
vt 0.857142984867096 0.5
vt 0.857142984867096 0.5
vt 0.857142984867096 1
vt 0.7142860293388367 1
vt 0.857142984867096 0.5
vt 0.7142860293388367 1
vt 0.7142860293388367 0.5
vt 0.7142860293388367 0.5
vt 0.7142860293388367 1
vt 0.5714290142059326 1
vt 0.7142860293388367 0.5
vt 0.5714290142059326 1
vt 0.5714290142059326 0.5
vt 0.5714290142059326 0.5
vt 0.5714290142059326 1
vt 0.4285709857940674 1
vt 0.5714290142059326 0.5
vt 0.4285709857940674 1
vt 0.4285709857940674 0.5
vt 0.4285709857940674 0.5
vt 0.4285709857940674 1
vt 0.2857140004634857 1
vt 0.4285709857940674 0.5
vt 0.2857140004634857 1
vt 0.2857140004634857 0.5
vt 0.33555400371551514 0.07234500348567963
vt 0.44207999110221863 0.20615899562835693
vt 0.40392398834228516 0.2148679941892624
vt 0.33555400371551514 0.07234500348567963
vt 0.40392398834228516 0.2148679941892624
vt 0.3185020089149475 0.10775300115346909
vt 0.2857140004634857 0.5
vt 0.2857140004634857 1
vt 0.14285700023174286 1
vt 0.2857140004634857 0.5
vt 0.14285700023174286 1
vt 0.14285700023174286 0.5
vt 0.14285700023174286 0.5
vt 0.14285700023174286 1
vt 0 1
vt 0.14285700023174286 0.5
vt 0 1
vt 0 0.5
vt 0.6631479859352112 0.06965000182390213
vt 0.5548449754714966 0.20545700192451477
vt 0.5960760116577148 0.2148679941892624
vt 0.6631479859352112 0.06965000182390213
vt 0.5960760116577148 0.2148679941892624
vt 0.6814979910850525 0.10775300115346909
vt 0.857142984867096 1
vt 1 1
vt 1 1
vt 0.857142984867096 1
vt 1 1
vt 0.857142984867096 1
vt 0.5934979915618896 0.3748059868812561
vt 0.75 0.4501740038394928
vt 0.75 0.4078820049762726
vt 0.5934979915618896 0.3748059868812561
vt 0.75 0.4078820049762726
vt 0.6265630125999451 0.34843799471855164
vt 0.8734369874000549 0.34843799471855164
vt 0.9039239883422852 0.2148679941892624
vt 0.8734369874000549 0.34843799471855164
vt 0.9039239883422852 0.2148679941892624
vt 0.9039239883422852 0.2148679941892624
vt 0.8734369874000549 0.34843799471855164
vt 0.05795799940824509 0.20616799592971802
vt 0.16445299983024597 0.07236000150442123
vt 0.18149800598621368 0.10775300115346909
vt 0.05795799940824509 0.20616799592971802
vt 0.18149800598621368 0.10775300115346909
vt 0.09607599675655365 0.2148679941892624
vt 0.9065020084381104 0.3748059868812561
vt 0.9451550245285034 0.20545700192451477
vt 0.9039239883422852 0.2148679941892624
vt 0.9065020084381104 0.3748059868812561
vt 0.9039239883422852 0.2148679941892624
vt 0.8734369874000549 0.34843799471855164
vt 0.09617800265550613 0.3726690113544464
vt 0.05795799940824509 0.20616799592971802
vt 0.09607599675655365 0.2148679941892624
vt 0.09617800265550613 0.3726690113544464
vt 0.09607599675655365 0.2148679941892624
vt 0.12656299769878387 0.34843799471855164
vt 0.16445299983024597 0.07236000150442123
vt 0.33555400371551514 0.07234500348567963
vt 0.3185020089149475 0.10775300115346909
vt 0.16445299983024597 0.07236000150442123
vt 0.3185020089149475 0.10775300115346909
vt 0.18149800598621368 0.10775300115346909
vt 1 0.5
vt 0.857142984867096 0.5
vt 0.857142984867096 0.5
vt 1 0.5
vt 0.857142984867096 0.5
vt 1 0.5
vt 0.5548449754714966 0.20545700192451477
vt 0.5934979915618896 0.3748059868812561
vt 0.6265630125999451 0.34843799471855164
vt 0.5548449754714966 0.20545700192451477
vt 0.6265630125999451 0.34843799471855164
vt 0.5960760116577148 0.2148679941892624
vt 0.9451550245285034 0.20545700192451477
vt 0.8368520140647888 0.06965000182390213
vt 0.8185020089149475 0.10775300115346909
vt 0.9451550245285034 0.20545700192451477
vt 0.8185020089149475 0.10775300115346909
vt 0.9039239883422852 0.2148679941892624
vt 0.8368520140647888 0.06965000182390213
vt 0.6631479859352112 0.06965000182390213
vt 0.6814979910850525 0.10775300115346909
vt 0.8368520140647888 0.06965000182390213
vt 0.6814979910850525 0.10775300115346909
vt 0.8185020089149475 0.10775300115346909
vt 0.18149800598621368 0.10775300115346909
vt 0.3185020089149475 0.10775300115346909
vt 0.18149800598621368 0.10775300115346909
vt 0.3185020089149475 0.10775300115346909
vt 0.3185020089149475 0.10775300115346909
vt 0.18149800598621368 0.10775300115346909
vt 0.7142860293388367 1
vt 0.857142984867096 1
vt 0.857142984867096 1
vt 0.7142860293388367 1
vt 0.857142984867096 1
vt 0.7142860293388367 1
vt 0.4038490056991577 0.37268999218940735
vt 0.25 0.4466489851474762
vt 0.25 0.4078820049762726
vt 0.4038490056991577 0.37268999218940735
vt 0.25 0.4078820049762726
vt 0.37343698740005493 0.34843799471855164
vt 0.5714290142059326 1
vt 0.7142860293388367 1
vt 0.7142860293388367 1
vt 0.5714290142059326 1
vt 0.7142860293388367 1
vt 0.5714290142059326 1
vt 0.4285709857940674 1
vt 0.5714290142059326 1
vt 0.5714290142059326 1
vt 0.4285709857940674 1
vt 0.5714290142059326 1
vt 0.4285709857940674 1
vt 0.2857140004634857 1
vt 0.4285709857940674 1
vt 0.4285709857940674 1
vt 0.2857140004634857 1
vt 0.4285709857940674 1
vt 0.2857140004634857 1
vt 0.14285700023174286 1
vt 0.2857140004634857 1
vt 0.2857140004634857 1
vt 0.14285700023174286 1
vt 0.2857140004634857 1
vt 0.14285700023174286 1
vt 0 1
vt 0.14285700023174286 1
vt 0.14285700023174286 1
vt 0 1
vt 0.14285700023174286 1
vt 0 1
vt 0.14285700023174286 0.5
vt 0 0.5
vt 0 0.5
vt 0.14285700023174286 0.5
vt 0 0.5
vt 0.14285700023174286 0.5
vt 0.857142984867096 0.5
vt 0.7142860293388367 0.5
vt 0.7142860293388367 0.5
vt 0.857142984867096 0.5
vt 0.7142860293388367 0.5
vt 0.857142984867096 0.5
vt 0.7142860293388367 0.5
vt 0.5714290142059326 0.5
vt 0.5714290142059326 0.5
vt 0.7142860293388367 0.5
vt 0.5714290142059326 0.5
vt 0.7142860293388367 0.5
vt 0.5714290142059326 0.5
vt 0.4285709857940674 0.5
vt 0.4285709857940674 0.5
vt 0.5714290142059326 0.5
vt 0.4285709857940674 0.5
vt 0.5714290142059326 0.5
vt 0.4285709857940674 0.5
vt 0.2857140004634857 0.5
vt 0.2857140004634857 0.5
vt 0.4285709857940674 0.5
vt 0.2857140004634857 0.5
vt 0.4285709857940674 0.5
vt 0.2857140004634857 0.5
vt 0.14285700023174286 0.5
vt 0.14285700023174286 0.5
vt 0.2857140004634857 0.5
vt 0.14285700023174286 0.5
vt 0.2857140004634857 0.5
vt 0.75 0.4501740038394928
vt 0.9065020084381104 0.3748059868812561
vt 0.8734369874000549 0.34843799471855164
vt 0.75 0.4501740038394928
vt 0.8734369874000549 0.34843799471855164
vt 0.75 0.4078820049762726
vt 0.25 0.4466489851474762
vt 0.09617800265550613 0.3726690113544464
vt 0.12656299769878387 0.34843799471855164
vt 0.25 0.4466489851474762
vt 0.12656299769878387 0.34843799471855164
vt 0.25 0.4078820049762726
vt 0.18149800598621368 0.10775300115346909
vt 0.3185020089149475 0.10775300115346909
vt 0.3185020089149475 0.10775300115346909
vt 0.18149800598621368 0.10775300115346909
vt 0.3185020089149475 0.10775300115346909
vt 0.18149800598621368 0.10775300115346909
vt 0.8185020089149475 0.10775300115346909
vt 0.6814979910850525 0.10775300115346909
vt 0.6814979910850525 0.10775300115346909
vt 0.8185020089149475 0.10775300115346909
vt 0.6814979910850525 0.10775300115346909
vt 0.8185020089149475 0.10775300115346909
vt 0.25 0.4078820049762726
vt 0.12656299769878387 0.34843799471855164
vt 0.25 0.4078820049762726
vt 0.12656299769878387 0.34843799471855164
vt 0.12656299769878387 0.34843799471855164
vt 0.25 0.4078820049762726
vt 0.40392398834228516 0.2148679941892624
vt 0.37343698740005493 0.34843799471855164
vt 0.40392398834228516 0.2148679941892624
vt 0.37343698740005493 0.34843799471855164
vt 0.37343698740005493 0.34843799471855164
vt 0.40392398834228516 0.2148679941892624
vt 0.6814979910850525 0.10775300115346909
vt 0.5960760116577148 0.2148679941892624
vt 0.6814979910850525 0.10775300115346909
vt 0.5960760116577148 0.2148679941892624
vt 0.5960760116577148 0.2148679941892624
vt 0.6814979910850525 0.10775300115346909
vt 0.09607599675655365 0.2148679941892624
vt 0.18149800598621368 0.10775300115346909
vt 0.09607599675655365 0.2148679941892624
vt 0.18149800598621368 0.10775300115346909
vt 0.18149800598621368 0.10775300115346909
vt 0.09607599675655365 0.2148679941892624
vt 0.9039239883422852 0.2148679941892624
vt 0.8185020089149475 0.10775300115346909
vt 0.9039239883422852 0.2148679941892624
vt 0.8185020089149475 0.10775300115346909
vt 0.8185020089149475 0.10775300115346909
vt 0.9039239883422852 0.2148679941892624
vt 0.3185020089149475 0.10775300115346909
vt 0.40392398834228516 0.2148679941892624
vt 0.3185020089149475 0.10775300115346909
vt 0.40392398834228516 0.2148679941892624
vt 0.40392398834228516 0.2148679941892624
vt 0.3185020089149475 0.10775300115346909
vt 0.75 0.4078820049762726
vt 0.8734369874000549 0.34843799471855164
vt 0.75 0.4078820049762726
vt 0.8734369874000549 0.34843799471855164
vt 0.8734369874000549 0.34843799471855164
vt 0.75 0.4078820049762726
vt 0.5960760116577148 0.2148679941892624
vt 0.6265630125999451 0.34843799471855164
vt 0.5960760116577148 0.2148679941892624
vt 0.6265630125999451 0.34843799471855164
vt 0.6265630125999451 0.34843799471855164
vt 0.5960760116577148 0.2148679941892624
vt 0.37343698740005493 0.34843799471855164
vt 0.25 0.4078820049762726
vt 0.37343698740005493 0.34843799471855164
vt 0.25 0.4078820049762726
vt 0.25 0.4078820049762726
vt 0.37343698740005493 0.34843799471855164
vt 0.12656299769878387 0.34843799471855164
vt 0.09607599675655365 0.2148679941892624
vt 0.12656299769878387 0.34843799471855164
vt 0.09607599675655365 0.2148679941892624
vt 0.09607599675655365 0.2148679941892624
vt 0.12656299769878387 0.34843799471855164
vt 0.8185020089149475 0.10775300115346909
vt 0.6814979910850525 0.10775300115346909
vt 0.8185020089149475 0.10775300115346909
vt 0.6814979910850525 0.10775300115346909
vt 0.6814979910850525 0.10775300115346909
vt 0.8185020089149475 0.10775300115346909
vt 0.6265630125999451 0.34843799471855164
vt 0.75 0.4078820049762726
vt 0.6265630125999451 0.34843799471855164
vt 0.75 0.4078820049762726
vt 0.75 0.4078820049762726
vt 0.6265630125999451 0.34843799471855164
vt 0.40392398834228516 0.2148679941892624
vt 0.37343698740005493 0.34843799471855164
vt 0.37343698740005493 0.34843799471855164
vt 0.40392398834228516 0.2148679941892624
vt 0.37343698740005493 0.34843799471855164
vt 0.40392398834228516 0.2148679941892624
vt 0.25 0.4078820049762726
vt 0.12656299769878387 0.34843799471855164
vt 0.12656299769878387 0.34843799471855164
vt 0.25 0.4078820049762726
vt 0.12656299769878387 0.34843799471855164
vt 0.25 0.4078820049762726
vt 0.09607599675655365 0.2148679941892624
vt 0.18149800598621368 0.10775300115346909
vt 0.18149800598621368 0.10775300115346909
vt 0.09607599675655365 0.2148679941892624
vt 0.18149800598621368 0.10775300115346909
vt 0.09607599675655365 0.2148679941892624
vt 0.3185020089149475 0.10775300115346909
vt 0.40392398834228516 0.2148679941892624
vt 0.40392398834228516 0.2148679941892624
vt 0.3185020089149475 0.10775300115346909
vt 0.40392398834228516 0.2148679941892624
vt 0.3185020089149475 0.10775300115346909
vt 0.37343698740005493 0.34843799471855164
vt 0.25 0.4078820049762726
vt 0.25 0.4078820049762726
vt 0.37343698740005493 0.34843799471855164
vt 0.25 0.4078820049762726
vt 0.37343698740005493 0.34843799471855164
vt 0.12656299769878387 0.34843799471855164
vt 0.09607599675655365 0.2148679941892624
vt 0.09607599675655365 0.2148679941892624
vt 0.12656299769878387 0.34843799471855164
vt 0.09607599675655365 0.2148679941892624
vt 0.12656299769878387 0.34843799471855164
vt 0.8734369874000549 0.34843799471855164
vt 0.9039239883422852 0.2148679941892624
vt 0.9039239883422852 0.2148679941892624
vt 0.8734369874000549 0.34843799471855164
vt 0.9039239883422852 0.2148679941892624
vt 0.8734369874000549 0.34843799471855164
vt 0.6265630125999451 0.34843799471855164
vt 0.75 0.4078820049762726
vt 0.75 0.4078820049762726
vt 0.6265630125999451 0.34843799471855164
vt 0.75 0.4078820049762726
vt 0.6265630125999451 0.34843799471855164
vt 0.6814979910850525 0.10775300115346909
vt 0.5960760116577148 0.2148679941892624
vt 0.5960760116577148 0.2148679941892624
vt 0.6814979910850525 0.10775300115346909
vt 0.5960760116577148 0.2148679941892624
vt 0.6814979910850525 0.10775300115346909
vt 0.9039239883422852 0.2148679941892624
vt 0.8185020089149475 0.10775300115346909
vt 0.8185020089149475 0.10775300115346909
vt 0.9039239883422852 0.2148679941892624
vt 0.8185020089149475 0.10775300115346909
vt 0.9039239883422852 0.2148679941892624
vt 0.75 0.4078820049762726
vt 0.8734369874000549 0.34843799471855164
vt 0.8734369874000549 0.34843799471855164
vt 0.75 0.4078820049762726
vt 0.8734369874000549 0.34843799471855164
vt 0.75 0.4078820049762726
vt 0.5960760116577148 0.2148679941892624
vt 0.6265630125999451 0.34843799471855164
vt 0.6265630125999451 0.34843799471855164
vt 0.5960760116577148 0.2148679941892624
vt 0.6265630125999451 0.34843799471855164
vt 0.5960760116577148 0.2148679941892624
vt 0.4376400113105774 0.39963799715042114
vt 0.25017601251602173 0.48991501331329346
vt 0.25 0.4466489851474762
vt 0.4376400113105774 0.39963799715042114
vt 0.25 0.4466489851474762
vt 0.4038490056991577 0.37268999218940735
vt 0.48398301005363464 0.1965949982404709
vt 0.43779799342155457 0.3989430069923401
vt 0.4038490056991577 0.37268999218940735
vt 0.48398301005363464 0.1965949982404709
vt 0.4038490056991577 0.37268999218940735
vt 0.44207999110221863 0.20615899562835693
vt 0.3541319966316223 0.03376699984073639
vt 0.4835579991340637 0.19606199860572815
vt 0.44207999110221863 0.20615899562835693
vt 0.3541319966316223 0.03376699984073639
vt 0.44207999110221863 0.20615899562835693
vt 0.33555400371551514 0.07234500348567963
vt 0.14586800336837769 0.03376699984073639
vt 0.3539550006389618 0.03376699984073639
vt 0.33555400371551514 0.07234500348567963
vt 0.14586800336837769 0.03376699984073639
vt 0.33555400371551514 0.07234500348567963
vt 0.16445299983024597 0.07236000150442123
vt 0.016310999169945717 0.19622699916362762
vt 0.14586800336837769 0.03376699984073639
vt 0.16445299983024597 0.07236000150442123
vt 0.016310999169945717 0.19622699916362762
vt 0.16445299983024597 0.07236000150442123
vt 0.05795799940824509 0.20616799592971802
vt 0.062185000628232956 0.39886999130249023
vt 0.016016999259591103 0.1965949982404709
vt 0.05795799940824509 0.20616799592971802
vt 0.062185000628232956 0.39886999130249023
vt 0.05795799940824509 0.20616799592971802
vt 0.09617800265550613 0.3726690113544464
vt 0.2495640069246292 0.4897899925708771
vt 0.0623599998652935 0.39963799715042114
vt 0.09617800265550613 0.3726690113544464
vt 0.2495640069246292 0.4897899925708771
vt 0.09617800265550613 0.3726690113544464
vt 0.25 0.4466489851474762
vt 1 0.5
vt 0.857142984867096 0.5
vt 0.8689960241317749 0.5
vt 1 0.5
vt 0.8689960241317749 0.5
vt 0.9881470203399658 0.5
vt 0.857142984867096 0.5
vt 0.7142860293388367 0.5
vt 0.7261390089988708 0.5
vt 0.857142984867096 0.5
vt 0.7261390089988708 0.5
vt 0.8452900052070618 0.5
vt 0.7142860293388367 0.5
vt 0.5714290142059326 0.5
vt 0.5832819938659668 0.5
vt 0.7142860293388367 0.5
vt 0.5832819938659668 0.5
vt 0.7024329900741577 0.5
vt 0.5714290142059326 0.5
vt 0.4285709857940674 0.5
vt 0.44042500853538513 0.5
vt 0.5714290142059326 0.5
vt 0.44042500853538513 0.5
vt 0.5595750212669373 0.5
vt 0.4285709857940674 0.5
vt 0.2857140004634857 0.5
vt 0.2975670099258423 0.5
vt 0.4285709857940674 0.5
vt 0.2975670099258423 0.5
vt 0.4167180061340332 0.5
vt 0.2857140004634857 0.5
vt 0.14285700023174286 0.5
vt 0.15470999479293823 0.5
vt 0.2857140004634857 0.5
vt 0.15470999479293823 0.5
vt 0.27386099100112915 0.5
vt 0.14285700023174286 0.5
vt 0 0.5
vt 0.011853000149130821 0.5
vt 0.14285700023174286 0.5
vt 0.011853000149130821 0.5
vt 0.13100400567054749 0.5
vt 0.44207999110221863 0.20615899562835693
vt 0.4038490056991577 0.37268999218940735
vt 0.37343698740005493 0.34843799471855164
vt 0.44207999110221863 0.20615899562835693
vt 0.37343698740005493 0.34843799471855164
vt 0.40392398834228516 0.2148679941892624
vt 1 0.5
vt 1 1
vt 0.857142984867096 1
vt 1 0.5
vt 0.857142984867096 1
vt 0.857142984867096 0.5
vt 0.857142984867096 0.5
vt 0.857142984867096 1
vt 0.7142860293388367 1
vt 0.857142984867096 0.5
vt 0.7142860293388367 1
vt 0.7142860293388367 0.5
vt 0.7142860293388367 0.5
vt 0.7142860293388367 1
vt 0.5714290142059326 1
vt 0.7142860293388367 0.5
vt 0.5714290142059326 1
vt 0.5714290142059326 0.5
vt 0.5714290142059326 0.5
vt 0.5714290142059326 1
vt 0.4285709857940674 1
vt 0.5714290142059326 0.5
vt 0.4285709857940674 1
vt 0.4285709857940674 0.5
vt 0.4285709857940674 0.5
vt 0.4285709857940674 1
vt 0.2857140004634857 1
vt 0.4285709857940674 0.5
vt 0.2857140004634857 1
vt 0.2857140004634857 0.5
vt 0.3371500074863434 0.06903000175952911
vt 0.4458250105381012 0.20530399680137634
vt 0.40392398834228516 0.2148679941892624
vt 0.3371500074863434 0.06903000175952911
vt 0.40392398834228516 0.2148679941892624
vt 0.3185020089149475 0.10775300115346909
vt 0.2857140004634857 0.5
vt 0.2857140004634857 1
vt 0.14285700023174286 1
vt 0.2857140004634857 0.5
vt 0.14285700023174286 1
vt 0.14285700023174286 0.5
vt 0.14285700023174286 0.5
vt 0.14285700023174286 1
vt 0 1
vt 0.14285700023174286 0.5
vt 0 1
vt 0 0.5
vt 0.662850022315979 0.06903000175952911
vt 0.5541750192642212 0.20530399680137634
vt 0.5960760116577148 0.2148679941892624
vt 0.662850022315979 0.06903000175952911
vt 0.5960760116577148 0.2148679941892624
vt 0.6814979910850525 0.10775300115346909
vt 0.857142984867096 1
vt 1 1
vt 1 1
vt 0.857142984867096 1
vt 1 1
vt 0.857142984867096 1
vt 0.592960000038147 0.375234991312027
vt 0.75 0.45086100697517395
vt 0.75 0.4078820049762726
vt 0.592960000038147 0.375234991312027
vt 0.75 0.4078820049762726
vt 0.6265630125999451 0.34843799471855164
vt 0.40392398834228516 0.2148679941892624
vt 0.37343698740005493 0.34843799471855164
vt 0.37343698740005493 0.34843799471855164
vt 0.40392398834228516 0.2148679941892624
vt 0.37343698740005493 0.34843799471855164
vt 0.40392398834228516 0.2148679941892624
vt 0.0541750006377697 0.20530399680137634
vt 0.1628500074148178 0.06903000175952911
vt 0.18149800598621368 0.10775300115346909
vt 0.0541750006377697 0.20530399680137634
vt 0.18149800598621368 0.10775300115346909
vt 0.09607599675655365 0.2148679941892624
vt 0.9070389866828918 0.375234991312027
vt 0.9458249807357788 0.20530399680137634
vt 0.9039239883422852 0.2148679941892624
vt 0.9070389866828918 0.375234991312027
vt 0.9039239883422852 0.2148679941892624
vt 0.8734369874000549 0.34843799471855164
vt 0.09296000003814697 0.375234991312027
vt 0.0541750006377697 0.20530399680137634
vt 0.09607599675655365 0.2148679941892624
vt 0.09296000003814697 0.375234991312027
vt 0.09607599675655365 0.2148679941892624
vt 0.12656299769878387 0.34843799471855164
vt 0.1628500074148178 0.06903000175952911
vt 0.3371500074863434 0.06903000175952911
vt 0.3185020089149475 0.10775300115346909
vt 0.1628500074148178 0.06903000175952911
vt 0.3185020089149475 0.10775300115346909
vt 0.18149800598621368 0.10775300115346909
vt 1 0.5
vt 0.857142984867096 0.5
vt 0.857142984867096 0.5
vt 1 0.5
vt 0.857142984867096 0.5
vt 1 0.5
vt 0.5541750192642212 0.20530399680137634
vt 0.592960000038147 0.375234991312027
vt 0.6265630125999451 0.34843799471855164
vt 0.5541750192642212 0.20530399680137634
vt 0.6265630125999451 0.34843799471855164
vt 0.5960760116577148 0.2148679941892624
vt 0.9458249807357788 0.20530399680137634
vt 0.837149977684021 0.06903000175952911
vt 0.8185020089149475 0.10775300115346909
vt 0.9458249807357788 0.20530399680137634
vt 0.8185020089149475 0.10775300115346909
vt 0.9039239883422852 0.2148679941892624
vt 0.837149977684021 0.06903000175952911
vt 0.662850022315979 0.06903000175952911
vt 0.6814979910850525 0.10775300115346909
vt 0.837149977684021 0.06903000175952911
vt 0.6814979910850525 0.10775300115346909
vt 0.8185020089149475 0.10775300115346909
vt 0.8734369874000549 0.34843799471855164
vt 0.9039239883422852 0.2148679941892624
vt 0.9039239883422852 0.2148679941892624
vt 0.8734369874000549 0.34843799471855164
vt 0.9039239883422852 0.2148679941892624
vt 0.8734369874000549 0.34843799471855164
vt 0.7142860293388367 1
vt 0.857142984867096 1
vt 0.857142984867096 1
vt 0.7142860293388367 1
vt 0.857142984867096 1
vt 0.7142860293388367 1
vt 0.407039999961853 0.375234991312027
vt 0.25 0.45086100697517395
vt 0.25 0.4078820049762726
vt 0.407039999961853 0.375234991312027
vt 0.25 0.4078820049762726
vt 0.37343698740005493 0.34843799471855164
vt 0.5714290142059326 1
vt 0.7142860293388367 1
vt 0.7142860293388367 1
vt 0.5714290142059326 1
vt 0.7142860293388367 1
vt 0.5714290142059326 1
vt 0.4285709857940674 1
vt 0.5714290142059326 1
vt 0.5714290142059326 1
vt 0.4285709857940674 1
vt 0.5714290142059326 1
vt 0.4285709857940674 1
vt 0.2857140004634857 1
vt 0.4285709857940674 1
vt 0.4285709857940674 1
vt 0.2857140004634857 1
vt 0.4285709857940674 1
vt 0.2857140004634857 1
vt 0.14285700023174286 1
vt 0.2857140004634857 1
vt 0.2857140004634857 1
vt 0.14285700023174286 1
vt 0.2857140004634857 1
vt 0.14285700023174286 1
vt 0 1
vt 0.14285700023174286 1
vt 0.14285700023174286 1
vt 0 1
vt 0.14285700023174286 1
vt 0 1
vt 0.14285700023174286 0.5
vt 0 0.5
vt 0 0.5
vt 0.14285700023174286 0.5
vt 0 0.5
vt 0.14285700023174286 0.5
vt 0.857142984867096 0.5
vt 0.7142860293388367 0.5
vt 0.7142860293388367 0.5
vt 0.857142984867096 0.5
vt 0.7142860293388367 0.5
vt 0.857142984867096 0.5
vt 0.7142860293388367 0.5
vt 0.5714290142059326 0.5
vt 0.5714290142059326 0.5
vt 0.7142860293388367 0.5
vt 0.5714290142059326 0.5
vt 0.7142860293388367 0.5
vt 0.5714290142059326 0.5
vt 0.4285709857940674 0.5
vt 0.4285709857940674 0.5
vt 0.5714290142059326 0.5
vt 0.4285709857940674 0.5
vt 0.5714290142059326 0.5
vt 0.4285709857940674 0.5
vt 0.2857140004634857 0.5
vt 0.2857140004634857 0.5
vt 0.4285709857940674 0.5
vt 0.2857140004634857 0.5
vt 0.4285709857940674 0.5
vt 0.2857140004634857 0.5
vt 0.14285700023174286 0.5
vt 0.14285700023174286 0.5
vt 0.2857140004634857 0.5
vt 0.14285700023174286 0.5
vt 0.2857140004634857 0.5
vt 0.75 0.45086100697517395
vt 0.907039999961853 0.375234991312027
vt 0.8734369874000549 0.34843799471855164
vt 0.75 0.45086100697517395
vt 0.8734369874000549 0.34843799471855164
vt 0.75 0.4078820049762726
vt 0.25 0.45086100697517395
vt 0.09296000003814697 0.375234991312027
vt 0.12656299769878387 0.34843799471855164
vt 0.25 0.45086100697517395
vt 0.12656299769878387 0.34843799471855164
vt 0.25 0.4078820049762726
vt 0.09607599675655365 0.2148679941892624
vt 0.18149800598621368 0.10775300115346909
vt 0.18149800598621368 0.10775300115346909
vt 0.09607599675655365 0.2148679941892624
vt 0.18149800598621368 0.10775300115346909
vt 0.09607599675655365 0.2148679941892624
vt 0.25 0.4078820049762726
vt 0.12656299769878387 0.34843799471855164
vt 0.12656299769878387 0.34843799471855164
vt 0.25 0.4078820049762726
vt 0.12656299769878387 0.34843799471855164
vt 0.25 0.4078820049762726
vt 0.3185020089149475 0.10775300115346909
vt 0.40392398834228516 0.2148679941892624
vt 0.40392398834228516 0.2148679941892624
vt 0.3185020089149475 0.10775300115346909
vt 0.40392398834228516 0.2148679941892624
vt 0.3185020089149475 0.10775300115346909
vt 0.12656299769878387 0.34843799471855164
vt 0.09607599675655365 0.2148679941892624
vt 0.09607599675655365 0.2148679941892624
vt 0.12656299769878387 0.34843799471855164
vt 0.09607599675655365 0.2148679941892624
vt 0.12656299769878387 0.34843799471855164
vt 0.37343698740005493 0.34843799471855164
vt 0.25 0.4078820049762726
vt 0.25 0.4078820049762726
vt 0.37343698740005493 0.34843799471855164
vt 0.25 0.4078820049762726
vt 0.37343698740005493 0.34843799471855164
vt 0.18149800598621368 0.10775300115346909
vt 0.3185020089149475 0.10775300115346909
vt 0.3185020089149475 0.10775300115346909
vt 0.18149800598621368 0.10775300115346909
vt 0.3185020089149475 0.10775300115346909
vt 0.18149800598621368 0.10775300115346909
vt 0.6814979910850525 0.10775300115346909
vt 0.5960760116577148 0.2148679941892624
vt 0.5960760116577148 0.2148679941892624
vt 0.6814979910850525 0.10775300115346909
vt 0.5960760116577148 0.2148679941892624
vt 0.6814979910850525 0.10775300115346909
vt 0.6265630125999451 0.34843799471855164
vt 0.75 0.4078820049762726
vt 0.75 0.4078820049762726
vt 0.6265630125999451 0.34843799471855164
vt 0.75 0.4078820049762726
vt 0.6265630125999451 0.34843799471855164
vt 0.9039239883422852 0.2148679941892624
vt 0.8185020089149475 0.10775300115346909
vt 0.8185020089149475 0.10775300115346909
vt 0.9039239883422852 0.2148679941892624
vt 0.8185020089149475 0.10775300115346909
vt 0.9039239883422852 0.2148679941892624
vt 0.5960760116577148 0.2148679941892624
vt 0.6265630125999451 0.34843799471855164
vt 0.6265630125999451 0.34843799471855164
vt 0.5960760116577148 0.2148679941892624
vt 0.6265630125999451 0.34843799471855164
vt 0.5960760116577148 0.2148679941892624
vt 0.75 0.4078820049762726
vt 0.8734369874000549 0.34843799471855164
vt 0.8734369874000549 0.34843799471855164
vt 0.75 0.4078820049762726
vt 0.8734369874000549 0.34843799471855164
vt 0.75 0.4078820049762726
vt 0.8185020089149475 0.10775300115346909
vt 0.6814979910850525 0.10775300115346909
vt 0.6814979910850525 0.10775300115346909
vt 0.8185020089149475 0.10775300115346909
vt 0.6814979910850525 0.10775300115346909
vt 0.8185020089149475 0.10775300115346909
vt 0.4376400113105774 0.39963799715042114
vt 0.2503049969673157 0.48985299468040466
vt 0.25 0.45086100697517395
vt 0.4376400113105774 0.39963799715042114
vt 0.25 0.45086100697517395
vt 0.407039999961853 0.375234991312027
vt 0.48398301005363464 0.1965949982404709
vt 0.4378350079059601 0.3987790048122406
vt 0.407039999961853 0.375234991312027
vt 0.48398301005363464 0.1965949982404709
vt 0.407039999961853 0.375234991312027
vt 0.4458250105381012 0.20530399680137634
vt 0.3541319966316223 0.03376699984073639
vt 0.48351699113845825 0.1960110068321228
vt 0.4458250105381012 0.20530399680137634
vt 0.3541319966316223 0.03376699984073639
vt 0.4458250105381012 0.20530399680137634
vt 0.3371500074863434 0.06903000175952911
vt 0.14586800336837769 0.03376699984073639
vt 0.35405001044273376 0.03376699984073639
vt 0.3371500074863434 0.06903000175952911
vt 0.14586800336837769 0.03376699984073639
vt 0.3371500074863434 0.06903000175952911
vt 0.1628500074148178 0.06903000175952911
vt 0.016423000022768974 0.19608600437641144
vt 0.14586800336837769 0.03376699984073639
vt 0.1628500074148178 0.06903000175952911
vt 0.016423000022768974 0.19608600437641144
vt 0.1628500074148178 0.06903000175952911
vt 0.0541750006377697 0.20530399680137634
vt 0.062157001346349716 0.39874500036239624
vt 0.016016999259591103 0.1965949982404709
vt 0.0541750006377697 0.20530399680137634
vt 0.062157001346349716 0.39874500036239624
vt 0.0541750006377697 0.20530399680137634
vt 0.09296000003814697 0.375234991312027
vt 0.24957700073719025 0.4897960126399994
vt 0.0623599998652935 0.39963799715042114
vt 0.09296000003814697 0.375234991312027
vt 0.24957700073719025 0.4897960126399994
vt 0.09296000003814697 0.375234991312027
vt 0.25 0.45086100697517395
vt 0.7537660002708435 0.4881860017776489
vt 0.9376400113105774 0.39963799715042114
vt 0.907039999961853 0.375234991312027
vt 0.7537660002708435 0.4881860017776489
vt 0.907039999961853 0.375234991312027
vt 0.75 0.45086100697517395
vt 0.9397079944610596 0.3905769884586334
vt 0.9839829802513123 0.1965949982404709
vt 0.9458249807357788 0.20530399680137634
vt 0.9397079944610596 0.3905769884586334
vt 0.9458249807357788 0.20530399680137634
vt 0.9070389866828918 0.375234991312027
vt 0.9794449806213379 0.19090500473976135
vt 0.8541319966316223 0.03376699984073639
vt 0.837149977684021 0.06903000175952911
vt 0.9794449806213379 0.19090500473976135
vt 0.837149977684021 0.06903000175952911
vt 0.9458249807357788 0.20530399680137634
vt 0.8541290163993835 0.03376699984073639
vt 0.6458680033683777 0.03376699984073639
vt 0.662850022315979 0.06903000175952911
vt 0.8541290163993835 0.03376699984073639
vt 0.662850022315979 0.06903000175952911
vt 0.837149977684021 0.06903000175952911
vt 0.6458680033683777 0.03376699984073639
vt 0.5205590128898621 0.19089899957180023
vt 0.5541750192642212 0.20530399680137634
vt 0.6458680033683777 0.03376699984073639
vt 0.5541750192642212 0.20530399680137634
vt 0.662850022315979 0.06903000175952911
vt 0.5160170197486877 0.1965949982404709
vt 0.5602899789810181 0.39056500792503357
vt 0.592960000038147 0.375234991312027
vt 0.5160170197486877 0.1965949982404709
vt 0.592960000038147 0.375234991312027
vt 0.5541750192642212 0.20530399680137634
vt 0.5623599886894226 0.39963799715042114
vt 0.7462310194969177 0.48818498849868774
vt 0.75 0.45086100697517395
vt 0.5623599886894226 0.39963799715042114
vt 0.75 0.45086100697517395
vt 0.592960000038147 0.375234991312027
vt 0.4458250105381012 0.20530399680137634
vt 0.407039999961853 0.375234991312027
vt 0.37343698740005493 0.34843799471855164
vt 0.4458250105381012 0.20530399680137634
vt 0.37343698740005493 0.34843799471855164
vt 0.40392398834228516 0.2148679941892624
vt 1 0.5
vt 1 1
vt 0.857142984867096 1
vt 1 0.5
vt 0.857142984867096 1
vt 0.857142984867096 0.5
vt 0.857142984867096 0.5
vt 0.857142984867096 1
vt 0.7142860293388367 1
vt 0.857142984867096 0.5
vt 0.7142860293388367 1
vt 0.7142860293388367 0.5
vt 0.7142860293388367 0.5
vt 0.7142860293388367 1
vt 0.5714290142059326 1
vt 0.7142860293388367 0.5
vt 0.5714290142059326 1
vt 0.5714290142059326 0.5
vt 0.5714290142059326 0.5
vt 0.5714290142059326 1
vt 0.4285709857940674 1
vt 0.5714290142059326 0.5
vt 0.4285709857940674 1
vt 0.4285709857940674 0.5
vt 0.4285709857940674 0.5
vt 0.4285709857940674 1
vt 0.2857140004634857 1
vt 0.4285709857940674 0.5
vt 0.2857140004634857 1
vt 0.2857140004634857 0.5
vt 0.3371500074863434 0.06903000175952911
vt 0.4458250105381012 0.20530399680137634
vt 0.40392398834228516 0.2148679941892624
vt 0.3371500074863434 0.06903000175952911
vt 0.40392398834228516 0.2148679941892624
vt 0.3185020089149475 0.10775300115346909
vt 0.2857140004634857 0.5
vt 0.2857140004634857 1
vt 0.14285700023174286 1
vt 0.2857140004634857 0.5
vt 0.14285700023174286 1
vt 0.14285700023174286 0.5
vt 0.14285700023174286 0.5
vt 0.14285700023174286 1
vt 0 1
vt 0.14285700023174286 0.5
vt 0 1
vt 0 0.5
vt 0.662850022315979 0.06903000175952911
vt 0.5541750192642212 0.20530399680137634
vt 0.5960760116577148 0.2148679941892624
vt 0.662850022315979 0.06903000175952911
vt 0.5960760116577148 0.2148679941892624
vt 0.6814979910850525 0.10775300115346909
vt 0.857142984867096 1
vt 1 1
vt 1 1
vt 0.857142984867096 1
vt 1 1
vt 0.857142984867096 1
vt 0.592960000038147 0.375234991312027
vt 0.75 0.45086100697517395
vt 0.75 0.4078820049762726
vt 0.592960000038147 0.375234991312027
vt 0.75 0.4078820049762726
vt 0.6265630125999451 0.34843799471855164
vt 0.40392398834228516 0.2148679941892624
vt 0.37343698740005493 0.34843799471855164
vt 0.37343698740005493 0.34843799471855164
vt 0.40392398834228516 0.2148679941892624
vt 0.37343698740005493 0.34843799471855164
vt 0.40392398834228516 0.2148679941892624
vt 0.0541750006377697 0.20530399680137634
vt 0.1628500074148178 0.06903000175952911
vt 0.18149800598621368 0.10775300115346909
vt 0.0541750006377697 0.20530399680137634
vt 0.18149800598621368 0.10775300115346909
vt 0.09607599675655365 0.2148679941892624
vt 0.9070389866828918 0.375234991312027
vt 0.9458249807357788 0.20530399680137634
vt 0.9039239883422852 0.2148679941892624
vt 0.9070389866828918 0.375234991312027
vt 0.9039239883422852 0.2148679941892624
vt 0.8734369874000549 0.34843799471855164
vt 0.09296000003814697 0.375234991312027
vt 0.0541750006377697 0.20530399680137634
vt 0.09607599675655365 0.2148679941892624
vt 0.09296000003814697 0.375234991312027
vt 0.09607599675655365 0.2148679941892624
vt 0.12656299769878387 0.34843799471855164
vt 0.1628500074148178 0.06903000175952911
vt 0.3371500074863434 0.06903000175952911
vt 0.3185020089149475 0.10775300115346909
vt 0.1628500074148178 0.06903000175952911
vt 0.3185020089149475 0.10775300115346909
vt 0.18149800598621368 0.10775300115346909
vt 1 0.5
vt 0.857142984867096 0.5
vt 0.857142984867096 0.5
vt 1 0.5
vt 0.857142984867096 0.5
vt 1 0.5
vt 0.5541750192642212 0.20530399680137634
vt 0.592960000038147 0.375234991312027
vt 0.6265630125999451 0.34843799471855164
vt 0.5541750192642212 0.20530399680137634
vt 0.6265630125999451 0.34843799471855164
vt 0.5960760116577148 0.2148679941892624
vt 0.9458249807357788 0.20530399680137634
vt 0.837149977684021 0.06903000175952911
vt 0.8185020089149475 0.10775300115346909
vt 0.9458249807357788 0.20530399680137634
vt 0.8185020089149475 0.10775300115346909
vt 0.9039239883422852 0.2148679941892624
vt 0.837149977684021 0.06903000175952911
vt 0.662850022315979 0.06903000175952911
vt 0.6814979910850525 0.10775300115346909
vt 0.837149977684021 0.06903000175952911
vt 0.6814979910850525 0.10775300115346909
vt 0.8185020089149475 0.10775300115346909
vt 0.8734369874000549 0.34843799471855164
vt 0.9039239883422852 0.2148679941892624
vt 0.9039239883422852 0.2148679941892624
vt 0.8734369874000549 0.34843799471855164
vt 0.9039239883422852 0.2148679941892624
vt 0.8734369874000549 0.34843799471855164
vt 0.7142860293388367 1
vt 0.857142984867096 1
vt 0.857142984867096 1
vt 0.7142860293388367 1
vt 0.857142984867096 1
vt 0.7142860293388367 1
vt 0.407039999961853 0.375234991312027
vt 0.25 0.45086100697517395
vt 0.25 0.4078820049762726
vt 0.407039999961853 0.375234991312027
vt 0.25 0.4078820049762726
vt 0.37343698740005493 0.34843799471855164
vt 0.5714290142059326 1
vt 0.7142860293388367 1
vt 0.7142860293388367 1
vt 0.5714290142059326 1
vt 0.7142860293388367 1
vt 0.5714290142059326 1
vt 0.4285709857940674 1
vt 0.5714290142059326 1
vt 0.5714290142059326 1
vt 0.4285709857940674 1
vt 0.5714290142059326 1
vt 0.4285709857940674 1
vt 0.2857140004634857 1
vt 0.4285709857940674 1
vt 0.4285709857940674 1
vt 0.2857140004634857 1
vt 0.4285709857940674 1
vt 0.2857140004634857 1
vt 0.14285700023174286 1
vt 0.2857140004634857 1
vt 0.2857140004634857 1
vt 0.14285700023174286 1
vt 0.2857140004634857 1
vt 0.14285700023174286 1
vt 0 1
vt 0.14285700023174286 1
vt 0.14285700023174286 1
vt 0 1
vt 0.14285700023174286 1
vt 0 1
vt 0.14285700023174286 0.5
vt 0 0.5
vt 0 0.5
vt 0.14285700023174286 0.5
vt 0 0.5
vt 0.14285700023174286 0.5
vt 0.857142984867096 0.5
vt 0.7142860293388367 0.5
vt 0.7142860293388367 0.5
vt 0.857142984867096 0.5
vt 0.7142860293388367 0.5
vt 0.857142984867096 0.5
vt 0.7142860293388367 0.5
vt 0.5714290142059326 0.5
vt 0.5714290142059326 0.5
vt 0.7142860293388367 0.5
vt 0.5714290142059326 0.5
vt 0.7142860293388367 0.5
vt 0.5714290142059326 0.5
vt 0.4285709857940674 0.5
vt 0.4285709857940674 0.5
vt 0.5714290142059326 0.5
vt 0.4285709857940674 0.5
vt 0.5714290142059326 0.5
vt 0.4285709857940674 0.5
vt 0.2857140004634857 0.5
vt 0.2857140004634857 0.5
vt 0.4285709857940674 0.5
vt 0.2857140004634857 0.5
vt 0.4285709857940674 0.5
vt 0.2857140004634857 0.5
vt 0.14285700023174286 0.5
vt 0.14285700023174286 0.5
vt 0.2857140004634857 0.5
vt 0.14285700023174286 0.5
vt 0.2857140004634857 0.5
vt 0.75 0.45086100697517395
vt 0.907039999961853 0.375234991312027
vt 0.8734369874000549 0.34843799471855164
vt 0.75 0.45086100697517395
vt 0.8734369874000549 0.34843799471855164
vt 0.75 0.4078820049762726
vt 0.25 0.45086100697517395
vt 0.09296000003814697 0.375234991312027
vt 0.12656299769878387 0.34843799471855164
vt 0.25 0.45086100697517395
vt 0.12656299769878387 0.34843799471855164
vt 0.25 0.4078820049762726
vt 0.09607599675655365 0.2148679941892624
vt 0.18149800598621368 0.10775300115346909
vt 0.18149800598621368 0.10775300115346909
vt 0.09607599675655365 0.2148679941892624
vt 0.18149800598621368 0.10775300115346909
vt 0.09607599675655365 0.2148679941892624
vt 0.25 0.4078820049762726
vt 0.12656299769878387 0.34843799471855164
vt 0.12656299769878387 0.34843799471855164
vt 0.25 0.4078820049762726
vt 0.12656299769878387 0.34843799471855164
vt 0.25 0.4078820049762726
vt 0.3185020089149475 0.10775300115346909
vt 0.40392398834228516 0.2148679941892624
vt 0.40392398834228516 0.2148679941892624
vt 0.3185020089149475 0.10775300115346909
vt 0.40392398834228516 0.2148679941892624
vt 0.3185020089149475 0.10775300115346909
vt 0.12656299769878387 0.34843799471855164
vt 0.09607599675655365 0.2148679941892624
vt 0.09607599675655365 0.2148679941892624
vt 0.12656299769878387 0.34843799471855164
vt 0.09607599675655365 0.2148679941892624
vt 0.12656299769878387 0.34843799471855164
vt 0.37343698740005493 0.34843799471855164
vt 0.25 0.4078820049762726
vt 0.25 0.4078820049762726
vt 0.37343698740005493 0.34843799471855164
vt 0.25 0.4078820049762726
vt 0.37343698740005493 0.34843799471855164
vt 0.18149800598621368 0.10775300115346909
vt 0.3185020089149475 0.10775300115346909
vt 0.3185020089149475 0.10775300115346909
vt 0.18149800598621368 0.10775300115346909
vt 0.3185020089149475 0.10775300115346909
vt 0.18149800598621368 0.10775300115346909
vt 0.6814979910850525 0.10775300115346909
vt 0.5960760116577148 0.2148679941892624
vt 0.5960760116577148 0.2148679941892624
vt 0.6814979910850525 0.10775300115346909
vt 0.5960760116577148 0.2148679941892624
vt 0.6814979910850525 0.10775300115346909
vt 0.6265630125999451 0.34843799471855164
vt 0.75 0.4078820049762726
vt 0.75 0.4078820049762726
vt 0.6265630125999451 0.34843799471855164
vt 0.75 0.4078820049762726
vt 0.6265630125999451 0.34843799471855164
vt 0.9039239883422852 0.2148679941892624
vt 0.8185020089149475 0.10775300115346909
vt 0.8185020089149475 0.10775300115346909
vt 0.9039239883422852 0.2148679941892624
vt 0.8185020089149475 0.10775300115346909
vt 0.9039239883422852 0.2148679941892624
vt 0.5960760116577148 0.2148679941892624
vt 0.6265630125999451 0.34843799471855164
vt 0.6265630125999451 0.34843799471855164
vt 0.5960760116577148 0.2148679941892624
vt 0.6265630125999451 0.34843799471855164
vt 0.5960760116577148 0.2148679941892624
vt 0.75 0.4078820049762726
vt 0.8734369874000549 0.34843799471855164
vt 0.8734369874000549 0.34843799471855164
vt 0.75 0.4078820049762726
vt 0.8734369874000549 0.34843799471855164
vt 0.75 0.4078820049762726
vt 0.8185020089149475 0.10775300115346909
vt 0.6814979910850525 0.10775300115346909
vt 0.6814979910850525 0.10775300115346909
vt 0.8185020089149475 0.10775300115346909
vt 0.6814979910850525 0.10775300115346909
vt 0.8185020089149475 0.10775300115346909
vt 0.4376400113105774 0.39963799715042114
vt 0.2503049969673157 0.48985299468040466
vt 0.25 0.45086100697517395
vt 0.4376400113105774 0.39963799715042114
vt 0.25 0.45086100697517395
vt 0.407039999961853 0.375234991312027
vt 0.48398301005363464 0.1965949982404709
vt 0.4378350079059601 0.3987790048122406
vt 0.407039999961853 0.375234991312027
vt 0.48398301005363464 0.1965949982404709
vt 0.407039999961853 0.375234991312027
vt 0.4458250105381012 0.20530399680137634
vt 0.3541319966316223 0.03376699984073639
vt 0.48351699113845825 0.1960110068321228
vt 0.4458250105381012 0.20530399680137634
vt 0.3541319966316223 0.03376699984073639
vt 0.4458250105381012 0.20530399680137634
vt 0.3371500074863434 0.06903000175952911
vt 0.14586800336837769 0.03376699984073639
vt 0.35405001044273376 0.03376699984073639
vt 0.3371500074863434 0.06903000175952911
vt 0.14586800336837769 0.03376699984073639
vt 0.3371500074863434 0.06903000175952911
vt 0.1628500074148178 0.06903000175952911
vt 0.016423000022768974 0.19608600437641144
vt 0.14586800336837769 0.03376699984073639
vt 0.1628500074148178 0.06903000175952911
vt 0.016423000022768974 0.19608600437641144
vt 0.1628500074148178 0.06903000175952911
vt 0.0541750006377697 0.20530399680137634
vt 0.062157001346349716 0.39874500036239624
vt 0.016016999259591103 0.1965949982404709
vt 0.0541750006377697 0.20530399680137634
vt 0.062157001346349716 0.39874500036239624
vt 0.0541750006377697 0.20530399680137634
vt 0.09296000003814697 0.375234991312027
vt 0.24957700073719025 0.4897960126399994
vt 0.0623599998652935 0.39963799715042114
vt 0.09296000003814697 0.375234991312027
vt 0.24957700073719025 0.4897960126399994
vt 0.09296000003814697 0.375234991312027
vt 0.25 0.45086100697517395
vt 0.7537660002708435 0.4881860017776489
vt 0.9376400113105774 0.39963799715042114
vt 0.907039999961853 0.375234991312027
vt 0.7537660002708435 0.4881860017776489
vt 0.907039999961853 0.375234991312027
vt 0.75 0.45086100697517395
vt 0.9397079944610596 0.3905769884586334
vt 0.9839829802513123 0.1965949982404709
vt 0.9458249807357788 0.20530399680137634
vt 0.9397079944610596 0.3905769884586334
vt 0.9458249807357788 0.20530399680137634
vt 0.9070389866828918 0.375234991312027
vt 0.9794449806213379 0.19090500473976135
vt 0.8541319966316223 0.03376699984073639
vt 0.837149977684021 0.06903000175952911
vt 0.9794449806213379 0.19090500473976135
vt 0.837149977684021 0.06903000175952911
vt 0.9458249807357788 0.20530399680137634
vt 0.8541290163993835 0.03376699984073639
vt 0.6458680033683777 0.03376699984073639
vt 0.662850022315979 0.06903000175952911
vt 0.8541290163993835 0.03376699984073639
vt 0.662850022315979 0.06903000175952911
vt 0.837149977684021 0.06903000175952911
vt 0.6458680033683777 0.03376699984073639
vt 0.5205590128898621 0.19089899957180023
vt 0.5541750192642212 0.20530399680137634
vt 0.6458680033683777 0.03376699984073639
vt 0.5541750192642212 0.20530399680137634
vt 0.662850022315979 0.06903000175952911
vt 0.5160170197486877 0.1965949982404709
vt 0.5602899789810181 0.39056500792503357
vt 0.592960000038147 0.375234991312027
vt 0.5160170197486877 0.1965949982404709
vt 0.592960000038147 0.375234991312027
vt 0.5541750192642212 0.20530399680137634
vt 0.5623599886894226 0.39963799715042114
vt 0.7462310194969177 0.48818498849868774
vt 0.75 0.45086100697517395
vt 0.5623599886894226 0.39963799715042114
vt 0.75 0.45086100697517395
vt 0.592960000038147 0.375234991312027
vt 0.4458250105381012 0.20530399680137634
vt 0.407039999961853 0.375234991312027
vt 0.37343698740005493 0.34843799471855164
vt 0.4458250105381012 0.20530399680137634
vt 0.37343698740005493 0.34843799471855164
vt 0.40392398834228516 0.2148679941892624
vn 0.7981010315759023 -0.546600694328804 -0.253500343898682
vn 0.7981010315759023 -0.546600694328804 -0.253500343898682
vn 0.7981010315759023 -0.546600694328804 -0.253500343898682
vn 0.7889874842665963 -0.5449913889305043 -0.2836954981353552
vn 0.7889874842665963 -0.5449913889305043 -0.2836954981353552
vn 0.7889874842665963 -0.5449913889305043 -0.2836954981353552
vn 0.38971059199504526 0.236606430164366 0.8900241860150465
vn 0.39610035598966736 0.12970011688969946 0.9090007632910199
vn 0.36508890767978613 0.12329625621448086 0.9227719776264739
vn 0.4338039283681794 0.19110172665134195 0.8805079680520848
vn 0.4223004935360133 0.08020009325224334 0.9029010124047768
vn 0.4176120858440524 0.18290528741435 0.890025730859987
vn -0.7964146122856125 0.5506100873225829 0.2501045722824262
vn -0.7956324109131656 0.5483223663662018 0.2575104837614821
vn -0.7959116089505899 0.5481079980143148 0.25710374024977417
vn -0.7841293767004573 0.5573208538831333 0.27301023135100194
vn -0.7835755186687839 0.5549826870890048 0.27929128803887526
vn -0.7843123527088302 0.5574087464047753 0.27230428351349245
vn -0.3221062319872375 -0.22360431698540018 -0.9199177597701202
vn -0.3712001646186706 -0.11260005008002832 -0.9217004212373167
vn -0.3370835346080537 -0.1369933031857396 -0.93145452147617
vn -0.45298206755530673 -0.18849253630120322 -0.871365486022977
vn -0.4994972414235677 -0.09219949318543315 -0.8613952398676203
vn -0.42620073272041853 -0.2054003569333724 -0.8810014919398388
vn -0.15720469884546664 -0.9840294790520706 0.08350249707294247
vn -0.15720469884546664 -0.9840294790520706 0.08350249707294247
vn -0.15720469884546664 -0.9840294790520706 0.08350249707294247
vn -0.15720469884546664 -0.9840294790520706 0.08350249707294247
vn -0.15720469884546664 -0.9840294790520706 0.08350249707294247
vn -0.15720469884546664 -0.9840294790520706 0.08350249707294247
vn 0.5789115725556233 0.2750055130693801 0.7676153717472197
vn 0.5789115725556233 0.2750055130693801 0.7676153717472197
vn 0.2250085468078987 -0.006200235854365674 0.9743370622832469
vn 0 0 1
vn 0 0 1
vn 0.24780354464785936 -0.2934041953441713 0.9233132628823199
vn 0 0 1
vn 0 0 1
vn 0 0 1
vn 0 0 1
vn 0 0 1
vn 0 0 1
vn -0.5752858010128317 0.8178798463137911 0.010899731499178035
vn -0.5752858010128317 0.8178798463137911 0.010899731499178035
vn -0.5752858010128317 0.8178798463137911 0.010899731499178035
vn -0.06070208122552966 0.05860201090432444 0.9964341732662818
vn 0 0 1
vn -0.032599087155705087 0.0314991179800536 0.9989720241743977
vn 0.6242982390840216 -0.7791978158125089 -0.05569984299443752
vn 0.6242982390840216 -0.7791978158125089 -0.05569984299443752
vn -0.6738586233473187 0.7363547851615923 0.06079626723806225
vn 0 0 1
vn 0 0 -1
vn 0.14519631410161918 -0.11259714097449829 -0.982975032346027
vn -0.3109037416734396 -0.16780201235109077 -0.9355112762892703
vn -0.30819389339674325 -0.1639967541585031 -0.9370814205278175
vn -0.4242903557848859 -0.3339924113679574 0.8416809152740439
vn 0.004499921755821763 0.0037999341547910585 0.9999826554518886
vn 0 0 -1
vn -0.555239900607075 0.6799488765835867 -0.47893441931705444
vn -0.4170940861677554 0.039899434241368784 -0.9079870915553281
vn -0.4190807997681418 0.04239805764310011 -0.9069584819459968
vn -0.4177015427968173 0.04000014755123578 -0.9077033707886282
vn -0.42448383423778174 0.04189840696457477 -0.9044655869432637
vn -0.4245934753353454 0.042499346850436555 -0.9043860825001342
vn -0.42321858083369146 0.04010176034540934 -0.9051397028383603
vn -0.37570236946184715 0.00800005089930326 -0.926705848026418
vn -0.38351737052587365 0.026901218612593796 -0.9231417826867535
vn -0.37598952119811435 0.009599733240789034 -0.926574187569953
vn -0.4204040875394694 0.024400237137843162 -0.9070088376679265
vn -0.42181475669892543 0.025200882399899014 -0.906331742000297
vn -0.41010364828594353 0.00750006631495324 -0.9120080847601245
vn -0.8802408816403573 0.2492115676193424 0.40381875247902566
vn -0.8730182281172925 0.2470051439600444 0.42050877783016727
vn -0.8759918350984756 0.2457977160026797 0.41499612967914656
vn -0.878473114603908 0.24299256822408072 0.4113874070823931
vn -0.8738048745402875 0.23880134183472979 0.4236023611449358
vn -0.8811947059002939 0.2416985372542284 0.40629756014829893
vn -0.8764302151742396 0.27850959433658234 0.3928135483815552
vn -0.8739772342213148 0.27729277305061106 0.3990896040700175
vn -0.8751776706892327 0.27709293541117874 0.3965899013744365
vn -0.8737690088276483 0.2770901753069603 0.3996858190638082
vn -0.8726319404809662 0.27541008743026785 0.4033147408588928
vn -0.8749951549786152 0.276798473940092 0.39719778900238745
vn 0.41800849110862737 -0.03870078442022331 0.9076183948369204
vn 0.4211194747682989 -0.03720172136920871 0.9062419212870477
vn 0.41800849110862737 -0.03870078442022331 0.9076183948369204
vn 0.42500011948665806 -0.04020000894063575 0.9043002033160774
vn 0.42500011948665806 -0.04020000894063575 0.9043002033160774
vn 0.42170478433496306 -0.040900463390612075 0.9058102599128779
vn 0.3792875971887225 0.004099865971899851 0.9252697497042783
vn 0.38561964326042514 -0.014300728371055723 0.9225470068781103
vn 0.3814997803778566 -0.01769998927973435 0.9241994524728657
vn 0.4147856332424814 -0.009599668227738412 0.9098685206256732
vn 0.4187084943923637 -0.030200612844706244 0.907618377792938
vn 0.4119982605410154 -0.01269994621257473 0.9110961226332682
vn 0.8830909280178184 -0.23979754999082262 -0.40329585650118843
vn 0.8744075471281408 -0.24170207434279192 -0.4207036353345901
vn 0.8763236298485246 -0.24390658424673334 -0.41541121064578534
vn 0.8779434140809022 -0.2450121193317432 -0.41132034116067867
vn 0.8717064438678808 -0.24840184214491254 -0.4224031256255418
vn 0.8800793242457474 -0.24689420351147323 -0.40559047733839076
vn 0.8772163192650065 -0.2756051111883256 -0.39310730329265703
vn 0.8740333565538344 -0.27751059038516834 -0.3988152001307289
vn 0.875026663072138 -0.2781084880194561 -0.39621207427887845
vn 0.874012240311162 -0.27600385438146297 -0.3999055840480849
vn 0.8717162755933898 -0.2783051870439741 -0.40330752253089447
vn 0.8749158197918425 -0.2766050099226161 -0.39750720341105483
vn 0.6092076691874075 -0.6590082747874679 0.4411055537679065
vn 0.6099124922664425 -0.6574134796680581 0.4425090603909399
vn 0.6091413867215555 -0.6578447316433231 0.44293010738948924
vn 0.6005664383244413 -0.6591631718198779 0.45257470772752345
vn 0.6004107110725898 -0.6581117811776401 0.4543081129635493
vn 0.5997752531684948 -0.6596727685101766 0.45288131356105504
vn -0.2950024836410298 0.41760354025341223 0.8594072479409519
vn -0.3908128318632419 -0.18430605726060992 0.9018295890621919
vn -0.5550115801601 -0.20290423829197263 0.8067168127486517
vn -0.4059795206555421 0.4067794938666652 0.8183587673984288
vn -0.6299239593380558 -0.19710750231799717 0.7512286189848121
vn -0.5031930777570609 0.37949478519775615 0.7763893575423904
vn -0.6038121655415062 0.6673134322138662 -0.4360087750619551
vn -0.6028011773966939 0.6582012984590623 -0.4510008772008808
vn -0.6007882093088078 0.6590870856385364 -0.45239113729163233
vn -0.5966767958456881 0.6672740220923224 -0.4457826608786591
vn -0.5930900556550489 0.6591889474448336 -0.4622922424718626
vn -0.5949830148785584 0.668180909172605 -0.4466872335575444
vn 0.6581891274779261 -0.38929354295133917 -0.644389330984181
vn 0.5481998021970452 0.280799907651061 -0.787799713591136
vn 0.7258030873671661 0.147500625386436 -0.6719028530069656
vn 0.3050895829539332 -0.3726872880503011 -0.8763700883181185
vn 0.11729771478242455 0.19739616415897965 -0.9732810490717171
vn 0.4106966433337245 -0.45279631223058786 -0.791393559984406
vn -0.10839660068871358 -0.9940687812318634 -0.008799723821213743
vn -0.10839660068871358 -0.9940687812318634 -0.008799723821213743
vn -0.10839660068871358 -0.9940687812318634 -0.008799723821213743
vn -0.10849541530842487 -0.9940580020285801 -0.00879962840124513
vn -0.10849541530842487 -0.9940580020285801 -0.00879962840124513
vn -0.10849541530842487 -0.9940580020285801 -0.00879962840124513
vn -0.2562058555619613 0.2782063743880997 0.9257212176598265
vn -0.2562058555619613 0.2782063743880997 0.9257212176598265
vn -0.2562058555619613 0.2782063743880997 0.9257212176598265
vn 0.24669384818276402 -0.5386865431226439 0.8055798864962775
vn 0 0 1
vn 0.27010823395167166 -0.5898179855560908 0.7610231835273248
vn 0 0 1
vn 0 0 1
vn 0 0 1
vn 0 0 1
vn 0 0 1
vn 0 0 1
vn -0.3178126163195578 0.809832214176606 -0.4931195856888402
vn -0.3178126163195578 0.809832214176606 -0.4931195856888402
vn -0.3178126163195578 0.809832214176606 -0.4931195856888402
vn -0.05909933772930138 0.10139886942908102 0.9930888870380447
vn 0 0 1
vn -0.06580239080584838 0.11280409426668242 0.9914359695315215
vn 0.40218418941662076 -0.7768694274040003 0.48448092898304745
vn 0.40218418941662076 -0.7768694274040003 0.48448092898304745
vn 0.40218418941662076 -0.7768694274040003 0.48448092898304745
vn 0.11139776974144473 -0.15709686069366144 -0.9812803438655177
vn 0 0 -1
vn 0.06659679624097578 -0.09389548221653296 -0.9933521556576814
vn 0.5353037665884884 -0.18520130323716114 -0.8241057909973902
vn 0.5353037665884884 -0.18520130323716114 -0.8241057909973902
vn 0.5354118042087522 -0.3270072179017387 0.7787172011417839
vn 0 0 1
vn 0 0 -1
vn -0.5001785099573101 0.7327685623521689 -0.46138020352548764
vn 0.3574189336894211 -0.013300704338333356 -0.9338494509846978
vn 0.3511086983679075 -0.0199004928647314 -0.9361232035977607
vn 0.35180546425537795 -0.022000341921902443 -0.9358145651117947
vn 0.35539691316605415 -0.015199868405654186 -0.9345918885334339
vn 0.34959973270179556 -0.02369998346071291 -0.9365993474687002
vn 0.35600734811198753 -0.01750036098315086 -0.9343192738329492
vn 0.49009441319961156 -0.06159929793038204 -0.869490076219972
vn 0.45109382981460244 0.02269969047443363 -0.8921878057648848
vn 0.47597936642138217 -0.01849919787687496 -0.8792618622566384
vn 0.3662120273907855 -0.013700449968378924 -0.9304305716521757
vn 0.33019038667927036 0.025399261230171184 -0.9435725653459597
vn 0.39010737890987346 -0.03960074860416331 -0.9199173950035179
vn -0.9252927739573377 0.12169904561205508 -0.35919719481010737
vn -0.9252927739573377 0.12169904561205508 -0.35919719481010737
vn -0.9252927739573377 0.12169904561205508 -0.35919719481010737
vn -0.9285074473455984 0.1237009929677314 -0.3501028199865838
vn -0.9285074473455984 0.1237009929677314 -0.3501028199865838
vn -0.9285074473455984 0.1237009929677314 -0.3501028199865838
vn -0.8234317291535433 0.39181507430365686 -0.4104158074095411
vn -0.8210703336876222 0.4031854346093595 -0.40408540242993
vn -0.8223198778076268 0.3894094104787878 -0.414910025900812
vn -0.8399730815854146 0.40848690800594195 -0.3571885611265397
vn -0.8389775254732279 0.4063891152057528 -0.3618903132070609
vn -0.8404965155936495 0.395998357530679 -0.3697984695857173
vn -0.3588879035645723 0.019899328422443668 0.9331685214383102
vn -0.3539126975685305 0.021400769583782182 0.9350335873972592
vn -0.3551803256931387 0.02159880459622709 0.9345482480217542
vn -0.35159985521040615 0.016799992897368592 0.9359996271658817
vn -0.34800389068640447 0.018500207603225263 0.9373105325268476
vn -0.35290216752906217 0.017000105414511805 0.935505775807496
vn -0.4602961737557858 0.07379938434257366 0.8846926490575362
vn -0.4476043729106202 0.02750026808371133 0.8938087382693315
vn -0.46042189825527446 0.021401019442581097 0.8874422076810569
vn -0.37171974032382066 0.0271014405767111 0.9279493232780862
vn -0.3682024576515041 -0.021100140149715667 0.9295061776368432
vn -0.37788625732052994 0.02299916336165639 0.9255663212395674
vn 0.9250121516937609 -0.12350161778382639 0.35930470303581635
vn 0.9272669480724278 -0.1189957642374588 0.35498734499414014
vn 0.9250121516937609 -0.12350161778382639 0.35930470303581635
vn 0.9287402496078849 -0.1219052866970172 0.3501151950909895
vn 0.9287402496078849 -0.1219052866970172 0.3501151950909895
vn 0.926681195728039 -0.12629744481523686 0.3539928204317062
vn 0.8131649643129338 -0.40678247692586994 0.4162820645668021
vn 0.8131649643129338 -0.40678247692586994 0.4162820645668021
vn 0.8131649643129338 -0.40678247692586994 0.4162820645668021
vn 0.846032891166583 -0.39321528975339465 0.3600140038504984
vn 0.846032891166583 -0.39321528975339465 0.3600140038504984
vn 0.846032891166583 -0.39321528975339465 0.3600140038504984
vn -0.46649229545006626 -0.46669226572456446 -0.7513875613813424
vn -0.46649229545006626 -0.46669226572456446 -0.7513875613813424
vn -0.46649229545006626 -0.46669226572456446 -0.7513875613813424
vn -0.49069371767999287 -0.46939397282703865 -0.7340905759530202
vn -0.49069371767999287 -0.46939397282703865 -0.7340905759530202
vn -0.49069371767999287 -0.46939397282703865 -0.7340905759530202
vn 0.7148050656582197 0.36810259606662776 -0.5946042355032105
vn 0.7115976024701369 0.34579884454295035 -0.6115979163400687
vn 0.711115659447986 0.35130774604064385 -0.6090134534307913
vn 0.675809998323905 0.3214047296814949 -0.6633097661755091
vn 0.6610196908534152 0.2889085882839295 -0.692520610465741
vn 0.6804950093597774 0.3174976803261608 -0.6603951583892357
vn 0.46038627605351673 0.4633862077031861 0.7571774556416975
vn 0.4664126147988315 0.47671290388348414 0.7451201782447534
vn 0.4624055179688571 0.47530569685816326 0.7485089388151144
vn 0.4835968551091485 0.47499691430181634 0.7351952211027315
vn 0.4863103808915706 0.4868103851361015 0.7256155058712129
vn 0.47979428563542237 0.47389436016473885 0.7383912099122304
vn -0.7342074727956487 -0.35190359262546467 0.5806059320988012
vn -0.7117643997819139 -0.34568271589036814 0.6114694588757076
vn -0.7103134017692603 -0.3491065665192447 0.611211482614754
vn -0.6757236796410354 -0.3138109999837869 0.6670233617059862
vn -0.6648002941484553 -0.31210013682807913 0.6787002825194797
vn -0.681126549145798 -0.31101210726435585 0.6628258392547184
vn 0.1802942009503858 -0.9791685256935282 0.09339699885341124
vn 0.1802942009503858 -0.9791685256935282 0.09339699885341124
vn 0.1802942009503858 -0.9791685256935282 0.09339699885341124
vn 0.1803909462610107 -0.9791508677035252 0.09339531456390561
vn 0.1803909462610107 -0.9791508677035252 0.09339531456390561
vn 0.1803909462610107 -0.9791508677035252 0.09339531456390561
vn 0.5027782485980832 0.44898058786942346 -0.7386680339997603
vn 0.5027782485980832 0.44898058786942346 -0.7386680339997603
vn 0.607510635126053 0.3789066142702983 -0.6981121728425591
vn 0 0 1
vn 0 0 1
vn 0.06780094930854742 0.10060140484670681 0.9926139171982875
vn 0 0 1
vn 0 0 1
vn 0 0 1
vn 0 0 1
vn 0 0 1
vn 0 0 1
vn 0.15119519364688283 0.7370765913795856 0.6586790659026088
vn 0.15379149381602178 0.7338594410694109 0.6616634319524755
vn 0.004399974211529428 0.7046958666940503 0.7094958602354626
vn -0.005399898703922985 0.0028999454881533993 0.9999812155286484
vn 0 0 1
vn -0.053897680975696985 -0.13219431553837688 0.9897573959939789
vn -0.21139918159678203 -0.6973972665971193 -0.6847973704411235
vn -0.21139918159678203 -0.6973972665971193 -0.6847973704411235
vn -0.21139918159678203 -0.6973972665971193 -0.6847973704411235
vn -0.11449936982789484 -0.12759929584256538 -0.9851945564250222
vn 0 0 -1
vn 0.23879318755102336 0.26619240729832094 -0.9338733403818457
vn -0.7739998457712939 -0.3190999334506996 0.5468998731191774
vn -0.7739998457712939 -0.3190999334506996 0.5468998731191774
vn 0.7309944605713224 0.32169756619206546 -0.6017954590391513
vn 0 0 1
vn 0 0 -0.9999999999999999
vn -0.22080702952903436 -0.1261040197761173 -0.9671308246079579
vn -0.7036175313809369 -0.21860545498826925 0.6761168719849907
vn -0.7008994393338805 -0.21589982559579526 0.6797994125101589
vn -0.7022889727013035 -0.2176965825647583 0.6777893454177137
vn -0.6778920355842508 -0.21079752529729448 0.7042916948395581
vn -0.6771279415450395 -0.2091086210798003 0.7055291173077708
vn -0.6793594475982012 -0.21218732660198075 0.7024580267806548
vn -0.7636717770525814 -0.14899449592069722 0.6281767721897153
vn -0.7467796692573699 -0.13759625767481667 0.6506822538364931
vn -0.7515846629430476 -0.13349726587890837 0.6459868221811041
vn -0.7225168043534798 -0.14850344398459067 0.6752156652148638
vn -0.709303237614462 -0.1383006364832723 0.691203190862111
vn -0.7270344281039072 -0.14630693155807936 0.6708317390595679
vn 0.651125464594331 0.1724067456228142 0.739128908527171
vn 0.6637212980032283 0.19790635241339963 0.7213231690798051
vn 0.6552834547340742 0.18219539354812234 0.7330814637689467
vn 0.6779043946508585 0.18610120806493263 0.711204592272734
vn 0.6827074275403725 0.19530212891535748 0.704107695471606
vn 0.6688737700212226 0.17129327338058598 0.7233716156113402
vn 0.6396735018722721 0.20549149574191256 0.7406693298498431
vn 0.6396735018722721 0.20549149574191256 0.7406693298498431
vn 0.6396735018722721 0.20549149574191256 0.7406693298498431
vn 0.645087117062677 0.20859583451290878 0.7350852938425766
vn 0.645087117062677 0.20859583451290878 0.7350852938425766
vn 0.645087117062677 0.20859583451290878 0.7350852938425766
vn 0.7004121893524053 0.22540392519788258 -0.6772118099324301
vn 0.6970197142473114 0.20800587948402963 -0.6862194051837005
vn 0.69920221401709 0.20500065481004792 -0.6849021794687553
vn 0.6818869070246101 0.2180958009607021 -0.6981865564673391
vn 0.6807982829708394 0.1972994983758819 -0.7053981895671282
vn 0.6843934349341837 0.21499793428119984 -0.6966932714428969
vn 0.7499957962632273 0.16239909699874833 -0.641196412093423
vn 0.7461288422973442 0.1418054812719247 -0.6505251387711799
vn 0.7489912155070043 0.1377983746297845 -0.6480924062529431
vn 0.7241034647950388 0.15080072748545229 -0.6730032041986711
vn 0.7219305915156486 0.12690538233844093 -0.6802288180953523
vn 0.7265347719874705 0.14740706668836878 -0.6711321641699532
vn -0.6533097707800047 -0.18110270802537534 -0.735110979750169
vn -0.6553960418510184 -0.1868988822294973 -0.7317956245751834
vn -0.6543678232017379 -0.1874907832076623 -0.7325639618288609
vn -0.678539114016028 -0.18011037719432726 -0.712141083478029
vn -0.6793988621355275 -0.18639967674414049 -0.7096987717606889
vn -0.6777198425138353 -0.18050529010687025 -0.712820913909277
vn -0.6397200784980515 -0.20150632453561992 -0.7417232788166974
vn -0.6424104583214468 -0.21040341692179934 -0.7369119385563381
vn -0.6410977463996472 -0.2119992557728635 -0.7375974478759032
vn -0.6431825429313716 -0.20239451178388806 -0.7384799781091536
vn -0.6447950271242288 -0.21259835070101324 -0.7341943300483014
vn -0.6420317827172443 -0.20401008915373475 -0.7390365846860373
vn -0.85656360735822 -0.44698101312715777 0.25788904678813485
vn -0.85656360735822 -0.44698101312715777 0.25788904678813485
vn -0.85656360735822 -0.44698101312715777 0.25788904678813485
vn -0.8485125111810022 -0.4449065591310944 0.2865042268648748
vn -0.8485125111810022 -0.4449065591310944 0.2865042268648748
vn -0.8485125111810022 -0.4449065591310944 0.2865042268648748
vn -0.34130008343060253 0.2688000477113566 -0.900700165094154
vn -0.36270839631636687 0.12470289409640399 -0.9235214168851692
vn -0.32308313698169194 0.11089421150664094 -0.9398509245898468
vn -0.37851121062712384 0.2274067313878212 -0.8972265276668409
vn -0.38119219239200636 0.0745984785180614 -0.9214811877961296
vn -0.35681431349323917 0.2127085331781688 -0.9096365348860721
vn 0.856287453456401 0.44779345115326974 -0.2573962357094532
vn 0.856287453456401 0.44779345115326974 -0.2573962357094532
vn 0.856287453456401 0.44779345115326974 -0.2573962357094532
vn 0.8427829629621864 0.45939069996642057 -0.28049431745588
vn 0.8427829629621864 0.45939069996642057 -0.28049431745588
vn 0.8427829629621864 0.45939069996642057 -0.28049431745588
vn 0.24588830118654909 -0.23708872008114074 0.9398552453170007
vn 0.3321909087473587 -0.10829703961985802 0.9369743600308275
vn 0.2840950044500702 -0.12369782693542344 0.9507832960553991
vn 0.40669934814367087 -0.2285996372578724 0.8844986410758822
vn 0.4815170938370086 -0.10740381297948667 0.8698308509705949
vn 0.37078782009274064 -0.23699222590960145 0.8979705325506432
vn 0.05200024343702515 -0.9979046602163133 -0.03850017923406079
vn 0.05200024343702515 -0.9979046602163133 -0.03850017923406079
vn 0.05200024343702515 -0.9979046602163133 -0.03850017923406079
vn 0.05200024343702515 -0.9979046602163133 -0.03850017923406079
vn 0.05200024343702515 -0.9979046602163133 -0.03850017923406079
vn 0.05200024343702515 -0.9979046602163133 -0.03850017923406079
vn -0.5313975246318356 0.31669852140514165 -0.7856963264232273
vn -0.5313975246318356 0.31669852140514165 -0.7856963264232273
vn -0.5313975246318356 0.31669852140514165 -0.7856963264232273
vn 0.22380254769957145 0.19410221395457478 0.9551108575349322
vn 0 0 1
vn 0.4327057027286042 0.3755049353531275 0.8196107724716583
vn 0 0 1
vn 0 0 1
vn 0 0 1
vn 0 0 1
vn 0 0 1
vn 0 0 1
vn 0.6569209244505556 0.752923999764649 -0.03950126070685003
vn 0.6569209244505556 0.752923999764649 -0.03950126070685003
vn 0.6604073616797612 0.7508084131884644 0.012200136253214958
vn 0 0 1
vn 0 0 1
vn -0.035701419959232324 -0.051402041605537956 0.9980396979738216
vn -0.7027706332022965 -0.7068704867219335 0.08029665067697517
vn -0.7027706332022965 -0.7068704867219335 0.08029665067697517
vn -0.7027706332022965 -0.7068704867219335 0.08029665067697517
vn 0.14599860366035688 0.19739811864506893 -0.9693907315858828
vn 0 0 -1
vn -0.028398831274311885 -0.038398421325183806 -0.9988588827366891
vn 0.25629309590938965 -0.16289561120090038 0.952774301102137
vn 0.2595934290357271 -0.16809573576270678 0.9509758541728951
vn -0.8051912702050851 -0.05569939782139287 -0.5903935936880207
vn -0.003799950665035932 0.0033999558459359594 0.9999870002530978
vn 0 0 -0.9999999999999999
vn -0.3713875745469869 -0.4066863802884231 -0.834672065879772
vn 0.39968253883594973 -0.023198987011001725 0.9163600139417438
vn 0.401593921964065 -0.020599688458280727 0.9155861372240967
vn 0.39968253883594973 -0.023198987011001725 0.9163600139417438
vn 0.40740139980583207 -0.021200071593961173 0.9130030976949965
vn 0.40740139980583207 -0.021200071593961173 0.9130030976949965
vn 0.4054109443599385 -0.023800642596324556 0.9138246525483895
vn 0.3066106760059591 0.0019000661637584956 0.9518331172572964
vn 0.37449945259204065 0.06129990765707912 0.9251986172328055
vn 0.34908635452047354 0.055197842722207076 0.9354634761691237
vn 0.38458188871470517 -0.020799019829356197 0.9228565282029315
vn 0.43771456396306463 0.029500981529136404 0.8986298751896923
vn 0.36139360938144316 -0.024799561612273223 0.9320834945658528
vn 0.9081708518671138 0.17209446434402373 -0.3815877345527554
vn 0.903025584457955 0.16720473685671536 -0.3957112201935213
vn 0.9030123273689603 0.16870229823779415 -0.39510539250810045
vn 0.905084496163478 0.16599715240238747 -0.3914932952156422
vn 0.900123697085089 0.16220427543546992 -0.4043106515741643
vn 0.9050553927986105 0.1675917480445442 -0.3908807259939112
vn 0.9103119611732883 0.1634021384745303 -0.3803049756271825
vn 0.9103119611732883 0.1634021384745303 -0.3803049756271825
vn 0.9103119611732883 0.1634021384745303 -0.3803049756271825
vn 0.906868289098793 0.1651942206821126 -0.3876864398973189
vn 0.906868289098793 0.1651942206821126 -0.3876864398973189
vn 0.906868289098793 0.1651942206821126 -0.3876864398973189
vn -0.39971637139371907 0.023500962560860216 -0.9163375618179971
vn -0.39971637139371907 0.023500962560860216 -0.9163375618179971
vn -0.39971637139371907 0.023500962560860216 -0.9163375618179971
vn -0.40738890935620403 0.022599384818161268 -0.9129751060896475
vn -0.40738890935620403 0.022599384818161268 -0.9129751060896475
vn -0.40738890935620403 0.022599384818161268 -0.9129751060896475
vn -0.3538908283046297 0.03379912387911437 -0.9346758266195117
vn -0.38189225768386914 -0.03399931144837061 -0.9235812635291786
vn -0.36869131483844236 -0.04669890098550715 -0.9283781163994799
vn -0.37160834409115934 0.017700397081687257 -0.9282208436277314
vn -0.39130296956384597 -0.058400445647324696 -0.918406976214091
vn -0.36281499644555876 0.006500268775951786 -0.9318385186608513
vn -0.90843873344614 -0.16040684267363206 0.38601646648588667
vn -0.9027276757286421 -0.16950518868902448 0.39541210715032726
vn -0.9026319259504697 -0.1707060384039688 0.3951139768565125
vn -0.9055319955044854 -0.1642057959109747 0.39121383118047853
vn -0.8995772548788105 -0.17449558584629823 0.40038987627668693
vn -0.9054057356614694 -0.16540105021638107 0.3910024890184608
vn -0.9100821752182416 -0.16539676203181586 0.37999255974219404
vn -0.9100821752182416 -0.16539676203181586 0.37999255974219404
vn -0.9100821752182416 -0.16539676203181586 0.37999255974219404
vn -0.9071312741622678 -0.1632056286198345 0.3879133591712785
vn -0.9071312741622678 -0.1632056286198345 0.3879133591712785
vn -0.9071312741622678 -0.1632056286198345 0.3879133591712785
vn -0.6189698203554473 -0.14259304330838732 -0.7723623408020343
vn -0.6189698203554473 -0.14259304330838732 -0.7723623408020343
vn -0.6189698203554473 -0.14259304330838732 -0.7723623408020343
vn -0.6191976071168784 -0.14249944954329097 -0.772197015159079
vn -0.6191976071168784 -0.14249944954329097 -0.772197015159079
vn -0.6191976071168784 -0.14249944954329097 -0.772197015159079
vn -0.11300255341448756 0.986622292752315 -0.11750265684643486
vn -0.11300255341448756 0.986622292752315 -0.11750265684643486
vn -0.11300255341448756 0.986622292752315 -0.11750265684643486
vn -0.11290382479541569 0.9866334375323378 -0.11750398414389436
vn -0.11290382479541569 0.9866334375323378 -0.11750398414389436
vn -0.11290382479541569 0.9866334375323378 -0.11750398414389436
vn -0.113195466513331 0.9866604701900948 -0.11699531155174753
vn -0.113195466513331 0.9866604701900948 -0.11699531155174753
vn -0.113195466513331 0.9866604701900948 -0.11699531155174753
vn -0.11270503987153409 0.9866440983532807 -0.11760525996824171
vn -0.11270503987153409 0.9866440983532807 -0.11760525996824171
vn -0.11270503987153409 0.9866440983532807 -0.11760525996824171
vn -0.11329605450169425 0.986565597864964 -0.11769590113379265
vn -0.11329605450169425 0.986565597864964 -0.11769590113379265
vn -0.11329605450169425 0.986565597864964 -0.11769590113379265
vn -0.6215013238222872 0.018200039067999774 0.7832016745800968
vn -0.6215013238222872 0.018200039067999774 0.7832016745800968
vn -0.6215013238222872 0.018200039067999774 0.7832016745800968
vn -0.621392408081931 0.018099779821100774 0.7832904143091288
vn -0.621392408081931 0.018099779821100774 0.7832904143091288
vn -0.621392408081931 0.018099779821100774 0.7832904143091288
vn 0.8814241646385256 0.23360641281338615 0.4105112493997448
vn 0.8814241646385256 0.23360641281338615 0.4105112493997448
vn 0.8814241646385256 0.23360641281338615 0.4105112493997448
vn 0.8813038436813607 0.2339010231001884 0.4106018101581442
vn 0.8813038436813607 0.2339010231001884 0.4106018101581442
vn 0.8813038436813607 0.2339010231001884 0.4106018101581442
vn 0.21600718620438386 -0.02250074887340783 -0.9761324765666801
vn 0.21600718620438386 -0.02250074887340783 -0.9761324765666801
vn 0.21600718620438386 -0.02250074887340783 -0.9761324765666801
vn 0.215795438102103 -0.022499525024770338 -0.9761793381689562
vn 0.215795438102103 -0.022499525024770338 -0.9761793381689562
vn 0.215795438102103 -0.022499525024770338 -0.9761793381689562
vn -0.9921749130575537 -0.12429685810415464 0.011799701889089175
vn -0.9921749130575537 -0.12429685810415464 0.011799701889089175
vn -0.9921749130575537 -0.12429685810415464 0.011799701889089175
vn -0.9921660442968576 -0.12439573786939079 0.011499606265248995
vn -0.9921660442968576 -0.12439573786939079 0.011499606265248995
vn -0.9921660442968576 -0.12439573786939079 0.011499606265248995
vn 0.21350559955063858 0.17780466870438058 0.9606252436551144
vn 0.21350559955063858 0.17780466870438058 0.9606252436551144
vn 0.21350559955063858 0.17780466870438058 0.9606252436551144
vn 0.2132995214979235 0.17819960287947767 0.9605978428366125
vn 0.2132995214979235 0.17819960287947767 0.9605978428366125
vn 0.2132995214979235 0.17819960287947767 0.9605978428366125
vn 0.8816135410674393 0.14450221807664526 -0.4493068808481127
vn 0.8816135410674393 0.14450221807664526 -0.4493068808481127
vn 0.8816135410674393 0.14450221807664526 -0.4493068808481127
vn 0.8814865204946996 0.14469779202322533 -0.44949311804492753
vn 0.8814865204946996 0.14469779202322533 -0.44949311804492753
vn 0.8814865204946996 0.14469779202322533 -0.44949311804492753
vn -0.6604053456134061 -0.0022000178846363623 0.7509060789516524
vn -0.6617901430241862 0.0006999895206614785 0.7496888131823086
vn -0.6554276380438802 0.013800582242745572 0.7551318793548459
vn -0.6550050884325129 -0.005300041249362136 0.755605878544014
vn -0.650404578591349 0.011200078738741211 0.7595053932551471
vn -0.6489129280065072 0.008500170168109628 0.7608151937054982
vn 0.03070113461072237 -0.992936709429927 0.1146042381418892
vn 0.03070113461072237 -0.992936709429927 0.1146042381418892
vn 0.03070113461072237 -0.992936709429927 0.1146042381418892
vn 0.030701486330218127 -0.9929480847488912 0.1145055445409721
vn 0.030701486330218127 -0.9929480847488912 0.1145055445409721
vn 0.030701486330218127 -0.9929480847488912 0.1145055445409721
vn 0.030701486330218127 -0.9929480847488912 0.1145055445409721
vn 0.030701486330218127 -0.9929480847488912 0.1145055445409721
vn 0.030701486330218127 -0.9929480847488912 0.1145055445409721
vn 0.03070113461072237 -0.992936709429927 0.1146042381418892
vn 0.03070113461072237 -0.992936709429927 0.1146042381418892
vn 0.03070113461072237 -0.992936709429927 0.1146042381418892
vn 0.03070113461072237 -0.992936709429927 0.1146042381418892
vn 0.03070113461072237 -0.992936709429927 0.1146042381418892
vn 0.03070113461072237 -0.992936709429927 0.1146042381418892
vn 0.8803290296857859 0.08860292546339509 0.4660153657250057
vn 0.8787496861658077 0.09100514189796956 0.46852647012909
vn 0.8771820843474276 0.07419848082240137 0.4743903206680654
vn 0.8793153801313257 0.09180160267703477 0.4673081724199033
vn 0.8763176568764185 0.07780156785843992 0.4754095921259815
vn 0.8778430827473916 0.07510368420237624 0.4730232115782333
vn 0.2630937856897105 -0.013399683176282887 -0.9646772042617322
vn 0.2630937856897105 -0.013399683176282887 -0.9646772042617322
vn 0.2630937856897105 -0.013399683176282887 -0.9646772042617322
vn 0.26330566378361464 -0.013300285769834263 -0.9646207699494713
vn 0.26330566378361464 -0.013300285769834263 -0.9646207699494713
vn 0.26330566378361464 -0.013300285769834263 -0.9646207699494713
vn -0.9978279795317109 -0.04920137837364955 -0.04380122863341269
vn -0.9978279795317109 -0.04920137837364955 -0.04380122863341269
vn -0.9978279795317109 -0.04920137837364955 -0.04380122863341269
vn -0.9979554523877291 -0.04919780097468969 -0.04079817923459246
vn -0.9979554523877291 -0.04919780097468969 -0.04079817923459246
vn -0.9979554523877291 -0.04919780097468969 -0.04079817923459246
vn 0.17850367269403367 0.06300129843634542 0.9819201979947638
vn 0.17850367269403367 0.06300129843634542 0.9819201979947638
vn 0.17850367269403367 0.06300129843634542 0.9819201979947638
vn 0.1786004873777267 0.06300017351293248 0.9819026652605538
vn 0.1786004873777267 0.06300017351293248 0.9819026652605538
vn 0.1786004873777267 0.06300017351293248 0.9819026652605538
vn 0.9143627581449905 0.04929799316931804 -0.4018836328926121
vn 0.9144707828466788 0.051298361534251956 -0.4013871764564528
vn 0.9186271172407312 0.04450131331886571 -0.392611579787046
vn 0.913449532496282 0.05229710869083814 -0.4035777050394419
vn 0.9180092036951631 0.047500476518239486 -0.39370395814814046
vn 0.917837711249636 0.04570187603131406 -0.3943162110987171
vn -0.5858987694792086 -0.05669987875427556 -0.8083982655053137
vn -0.5858987694792086 -0.05669987875427556 -0.8083982655053137
vn -0.5858987694792086 -0.05669987875427556 -0.8083982655053137
vn -0.5872220646296746 -0.05680213604271556 -0.8074303463166633
vn -0.5872220646296746 -0.05680213604271556 -0.8074303463166633
vn -0.5872220646296746 -0.05680213604271556 -0.8074303463166633
vn -0.5960177507714672 -0.24950743075179774 -0.7632226953943114
vn -0.5923879856960663 -0.24999492374066362 -0.7658844642025693
vn -0.6047009389773157 -0.2586003857629492 -0.7533011448837752
vn -0.5612092366517107 -0.2522041481358076 -0.7883129203304331
vn -0.5706748258179316 -0.2604885275541057 -0.7787656709115827
vn -0.5739769723026115 -0.2600895719486638 -0.7764688337788503
vn 0.8776598856348238 0.13769371744857398 -0.4590790403870125
vn 0.877115674065599 0.14360256960941542 -0.45830818922426314
vn 0.8588775132627993 0.16139577764190174 -0.4860872557174027
vn 0.9094015425128117 0.14180024392432736 -0.39100067173640524
vn 0.8937069926913824 0.17360136074006868 -0.41370324964124006
vn 0.8942837448767648 0.16719696300119283 -0.41509247067655536
vn 0.19839741319541115 0.189197526688955 0.9616874556383439
vn 0.19350888156867818 0.19440892322485448 0.9616441562889007
vn 0.2063017819818708 0.22270191771190867 0.9528081814292649
vn 0.1784067964407128 0.17900682947263577 0.967536857171817
vn 0.18540205529439485 0.21250236826405625 0.9594106635715393
vn 0.18939904786653736 0.20809895725059788 0.9595951358038779
vn -0.9754070167834192 -0.2174015698822949 0.036300262015364355
vn -0.9748731170358345 -0.22049392532293358 0.031699125800577065
vn -0.9729686501510837 -0.22379279504418492 0.05699816408876073
vn -0.9697507923703168 -0.23908786350212646 -0.04919750220418948
vn -0.969117472929334 -0.24480441552653534 -0.029700535378555465
vn -0.9698828766835172 -0.24229572302555 -0.024899560631287506
vn 0.21949745574338783 -0.006899919776488625 -0.9755886725609609
vn 0.25920126916808994 -0.006000029275410181 -0.9658046912861552
vn 0.13390563572438133 -0.1129047468072185 -0.9845414155177258
vn 0.3447842621833137 -0.05169764064658307 -0.9372572573750948
vn 0.23879303599174206 -0.1463957327045873 -0.9599719659488676
vn 0.20831148419053322 -0.1450079939537609 -0.9672533314720831
vn 0.8714451706333607 0.27311414576128096 0.4074211309749145
vn 0.8699859699130414 0.27629555578868314 0.40839341082574676
vn 0.8716307276899437 0.28871020147623916 0.39611399130837177
vn 0.8496002600185711 0.27180008911911724 0.4520001213840723
vn 0.8488275817734672 0.2891093844298579 0.44261439228203636
vn 0.8505216195510072 0.2861072769221662 0.4413112289173192
vn -0.6123742121771403 -0.06529725344565201 0.7878667989913531
vn -0.6267685546512352 -0.05059746116740075 0.7775609788459134
vn -0.600215005744079 0.028800719664531068 0.7993200018931345
vn -0.6400188154288288 -0.09040266259684993 0.763022460018366
vn -0.6323115835140307 0.00020000365278378097 0.7747141546096328
vn -0.6250917927653031 -0.009799871187226673 0.7804897264808636
vn -0.6209916099851975 0.10619856870595623 0.7765895211324956
vn -0.6265976044747152 0.10889958209756391 0.771697040998295
vn -0.6284045140336787 0.07860055800692871 0.7739054974756902
vn -0.6249964661407794 0.11099937381710581 0.7726956427492961
vn -0.6287392510284535 0.08230513570308604 0.7732482258971409
vn -0.624697078990118 0.08059962277621661 0.7766963758828452
vn 0.8700777775427597 0.30529219243615835 0.3869901009893866
vn 0.8696227417007844 0.30630802529322043 0.3872101248131032
vn 0.8700942526560057 0.3094979568566482 0.38359745332385536
vn 0.870232499751863 0.30431138260454527 0.38741447932793366
vn 0.8701935520049985 0.30859772950509634 0.38409715358646357
vn 0.8706321690374943 0.307711383057453 0.38381418808316287
vn 0.23481282352466978 -0.18511011639169916 -0.9542521588751182
vn 0.23481282352466978 -0.18511011639169916 -0.9542521588751182
vn 0.23481282352466978 -0.18511011639169916 -0.9542521588751182
vn 0.22840433386158082 -0.18710353778352484 -0.9554180898549789
vn 0.22840433386158082 -0.18710353778352484 -0.9554180898549789
vn 0.22840433386158082 -0.18710353778352484 -0.9554180898549789
vn -0.9828722154607861 -0.1821948449261959 0.027699215828713677
vn -0.9828722154607861 -0.1821948449261959 0.027699215828713677
vn -0.9828722154607861 -0.1821948449261959 0.027699215828713677
vn -0.9828329792095992 -0.1824061224848883 0.027700928829396773
vn -0.9828329792095992 -0.1824061224848883 0.027700928829396773
vn -0.9828329792095992 -0.1824061224848883 0.027700928829396773
vn 0.19470919499504122 0.30801453986147465 0.9312439919904489
vn 0.19470919499504122 0.30801453986147465 0.9312439919904489
vn 0.19470919499504122 0.30801453986147465 0.9312439919904489
vn 0.19499179466821773 0.3080870319996557 0.9311608780042849
vn 0.19499179466821773 0.3080870319996557 0.9311608780042849
vn 0.19499179466821773 0.3080870319996557 0.9311608780042849
vn 0.8850191833160431 0.08670188011785507 -0.4574099136951814
vn 0.8849047842216543 0.08790047565836234 -0.45740248057991684
vn 0.8873551935166432 0.08609565257967236 -0.4529771507989351
vn 0.8813795155883868 0.08559801524625638 -0.4645892048757508
vn 0.8838179919977959 0.08410170979835645 -0.4602093647786591
vn 0.883821758392937 0.08350205074084763 -0.4603113152131828
vn -0.5964895766579732 -0.30039474997513305 -0.7442870273797396
vn -0.5948047645945103 -0.30170241505850315 -0.7451059956566825
vn -0.6022687326469284 -0.3046841751390852 -0.7378617262710391
vn -0.5887178426017446 -0.3054092719642207 -0.748422660266665
vn -0.5951962058422183 -0.3101980272277775 -0.7412952586217064
vn -0.5968706393931243 -0.3084848243437788 -0.7406635896140913
vn 0.49948561874600667 -0.11559666757776094 0.8585752891335947
vn 0.49948561874600667 -0.11559666757776094 0.8585752891335947
vn 0.49948561874600667 -0.11559666757776094 0.8585752891335947
vn 0.4998946141731488 -0.11519875383462333 0.8583907163032627
vn 0.4998946141731488 -0.11519875383462333 0.8583907163032627
vn 0.4998946141731488 -0.11519875383462333 0.8583907163032627
vn 0.3345037494043015 0.87190975661034 -0.35760399600977877
vn 0.3345037494043015 0.87190975661034 -0.35760399600977877
vn 0.3345037494043015 0.87190975661034 -0.35760399600977877
vn 0.33620358366569 0.8710092791322511 -0.35820383302787817
vn 0.33620358366569 0.8710092791322511 -0.35820383302787817
vn 0.33620358366569 0.8710092791322511 -0.35820383302787817
vn 0.33608869743269776 0.8714706766661641 -0.35718797175858363
vn 0.33608869743269776 0.8714706766661641 -0.35718797175858363
vn 0.33608869743269776 0.8714706766661641 -0.35718797175858363
vn 0.3359916817949728 0.8711784689089238 -0.3579911522287789
vn 0.3359916817949728 0.8711784689089238 -0.3579911522287789
vn 0.3359916817949728 0.8711784689089238 -0.3579911522287789
vn 0.33601573387950473 0.8712408325307393 -0.357816766399455
vn 0.33601573387950473 0.8712408325307393 -0.357816766399455
vn 0.33601573387950473 0.8712408325307393 -0.357816766399455
vn 0.6810922826088283 -0.4638947361054076 -0.5664935801793257
vn 0.6292019510603667 -0.5028015615369296 -0.5927018597050739
vn 0.48190398639998483 -0.24420202290181217 -0.8415069339598255
vn 0.7953155281152315 -0.5628109739047837 -0.22520439247745494
vn 0.7620215521382186 -0.44951269366919283 -0.4661131754275203
vn 0.7400885779430276 -0.5207919385088814 -0.42549342366531184
vn -0.7378264227144032 0.4145148413365969 -0.532719078179262
vn -0.7619680814025153 0.3956834199975846 -0.5126785289660422
vn -0.7942705884404315 0.2185919050973705 -0.566879009458273
vn -0.8509848566158704 0.51039090818522 -0.12379779744540238
vn -0.9237010061598185 0.329300353967092 -0.19580022496536287
vn -0.9008090312777024 0.36570367711658636 -0.23410234879627947
vn -0.25930131697005926 0.25580131436508985 0.9313047377666911
vn -0.25930131697005926 0.25580131436508985 0.9313047377666911
vn -0.25930131697005926 0.25580131436508985 0.9313047377666911
vn -0.2595011293410517 0.2556011208094531 0.9313040485854606
vn -0.2595011293410517 0.2556011208094531 0.9313040485854606
vn -0.2595011293410517 0.2556011208094531 0.9313040485854606
vn 0.9127054582044715 -0.38300227793905395 0.14240084851313786
vn 0.9127054582044715 -0.38300227793905395 0.14240084851313786
vn 0.9127054582044715 -0.38300227793905395 0.14240084851313786
vn 0.9128826008497917 -0.38269271442796166 0.14209730254117542
vn 0.9128826008497917 -0.38269271442796166 0.14209730254117542
vn 0.9128826008497917 -0.38269271442796166 0.14209730254117542
vn -0.11380476152965449 -0.02680112130513361 -0.9931415690373483
vn -0.11380476152965449 -0.02680112130513361 -0.9931415690373483
vn -0.11380476152965449 -0.02680112130513361 -0.9931415690373483
vn -0.11400156273319559 -0.0270003708072671 -0.9931136005868914
vn -0.11400156273319559 -0.0270003708072671 -0.9931136005868914
vn -0.11400156273319559 -0.0270003708072671 -0.9931136005868914
vn -0.8340819895695003 0.46938984855285754 0.28979372793645763
vn -0.8340819895695003 0.46938984855285754 0.28979372793645763
vn -0.8340819895695003 0.46938984855285754 0.28979372793645763
vn -0.8339882099869381 0.46949337289328974 0.28989590961596035
vn -0.8339882099869381 0.46949337289328974 0.28989590961596035
vn -0.8339882099869381 0.46949337289328974 0.28989590961596035
vn 0.9936943015663894 -0.07229958537172039 0.0856995040216866
vn 0.9936943015663894 -0.07229958537172039 0.0856995040216866
vn 0.9936943015663894 -0.07229958537172039 0.0856995040216866
vn 0.9936857807014439 -0.07229896540740985 0.08579876941297138
vn 0.9936857807014439 -0.07229896540740985 0.08579876941297138
vn 0.9936857807014439 -0.07229896540740985 0.08579876941297138
vn -0.05950264429105246 -0.9970442645867118 0.048602158152859086
vn -0.05950264429105246 -0.9970442645867118 0.048602158152859086
vn -0.05950264429105246 -0.9970442645867118 0.048602158152859086
vn -0.05950235478218144 -0.9970394134887003 0.04870192732822718
vn -0.05950235478218144 -0.9970394134887003 0.04870192732822718
vn -0.05950235478218144 -0.9970394134887003 0.04870192732822718
vn -0.05950264429105246 -0.9970442645867118 0.048602158152859086
vn -0.05950264429105246 -0.9970442645867118 0.048602158152859086
vn -0.05950264429105246 -0.9970442645867118 0.048602158152859086
vn -0.05950264429105246 -0.9970442645867118 0.048602158152859086
vn -0.05950264429105246 -0.9970442645867118 0.048602158152859086
vn -0.05950264429105246 -0.9970442645867118 0.048602158152859086
vn -0.05950264429105246 -0.9970442645867118 0.048602158152859086
vn -0.05950264429105246 -0.9970442645867118 0.048602158152859086
vn -0.05950264429105246 -0.9970442645867118 0.048602158152859086
vn -0.14160262174285052 -0.044600825185615006 -0.9889183302519544
vn -0.14160262174285052 -0.044600825185615006 -0.9889183302519544
vn -0.14160262174285052 -0.044600825185615006 -0.9889183302519544
vn -0.141798610101872 -0.04459956118372711 -0.9888903039849244
vn -0.141798610101872 -0.04459956118372711 -0.9888903039849244
vn -0.141798610101872 -0.04459956118372711 -0.9888903039849244
vn -0.9253780627255742 0.11369730479475315 0.3615914322943402
vn -0.9259813283890278 0.1112977549501021 0.36079272334397033
vn -0.9319779249008743 0.11439729201539067 0.3439918706554063
vn -0.9248676910466621 0.11809587749116693 0.36148736876633353
vn -0.9314218797941516 0.11850278531381538 0.34410808144185834
vn -0.9307858323062462 0.12089815474644534 0.3449947398973978
vn 0.5569035355086134 0.016900105780736658 0.8304052255149931
vn 0.5569035355086134 0.016900105780736658 0.8304052255149931
vn 0.5569035355086134 0.016900105780736658 0.8304052255149931
vn 0.5567882820461659 0.016899643330295155 0.8304825169932163
vn 0.5567882820461659 0.016899643330295155 0.8304825169932163
vn 0.5567882820461659 0.016899643330295155 0.8304825169932163
vn 0.682738941332874 -0.09960568653044571 -0.7238413121661853
vn 0.682738941332874 -0.09960568653044571 -0.7238413121661853
vn 0.682738941332874 -0.09960568653044571 -0.7238413121661853
vn 0.682738941332874 -0.09960568653044571 -0.7238413121661853
vn 0.682738941332874 -0.09960568653044571 -0.7238413121661853
vn 0.682738941332874 -0.09960568653044571 -0.7238413121661853
vn -0.8588814025225204 0.051398884786195156 -0.509588943211765
vn -0.8617019505121277 0.04840010938524446 -0.5051011561015185
vn -0.8588814025225204 0.051398884786195156 -0.509588943211765
vn -0.8589951408745482 0.05139970598491213 -0.5093971124560676
vn -0.8589951408745482 0.05139970598491213 -0.5093971124560676
vn -0.8589951408745482 0.05139970598491213 -0.5093971124560676
vn -0.2987085100597101 0.10060286125000621 0.9490270229694305
vn -0.2987085100597101 0.10060286125000621 0.9490270229694305
vn -0.2987085100597101 0.10060286125000621 0.9490270229694305
vn -0.2988906566483295 0.10059684931767514 0.9489703100074773
vn -0.2988906566483295 0.10059684931767514 0.9489703100074773
vn -0.2988906566483295 0.10059684931767514 0.9489703100074773
vn -0.28541450311817795 0.23181178158225693 0.9299472347017671
vn -0.28541450311817795 0.23181178158225693 0.9299472347017671
vn -0.28541450311817795 0.23181178158225693 0.9299472347017671
vn -0.28599211414877046 0.23179360261915713 0.9297742932720547
vn -0.28599211414877046 0.23179360261915713 0.9297742932720547
vn -0.28599211414877046 0.23179360261915713 0.9297742932720547
vn -0.8632193622846214 -0.01090024449422176 -0.5047113207041208
vn -0.8632193622846214 -0.01090024449422176 -0.5047113207041208
vn -0.8632193622846214 -0.01090024449422176 -0.5047113207041208
vn -0.8628112162821402 -0.011000142912142753 -0.5054065709046991
vn -0.8628112162821402 -0.011000142912142753 -0.5054065709046991
vn -0.8628112162821402 -0.011000142912142753 -0.5054065709046991
vn 0.6711838033257653 -0.2049950582761125 -0.712382852289086
vn 0.6711838033257653 -0.2049950582761125 -0.712382852289086
vn 0.6711838033257653 -0.2049950582761125 -0.712382852289086
vn 0.6710261003891195 -0.20500797108470636 -0.7125276867521032
vn 0.6710261003891195 -0.20500797108470636 -0.7125276867521032
vn 0.6710261003891195 -0.20500797108470636 -0.7125276867521032
vn 0.5621859176580116 0.12519686510903355 0.8174795036903919
vn 0.5621859176580116 0.12519686510903355 0.8174795036903919
vn 0.5621859176580116 0.12519686510903355 0.8174795036903919
vn 0.5609758285279794 0.1254945885660988 0.8182647664710808
vn 0.5609758285279794 0.1254945885660988 0.8182647664710808
vn 0.5609758285279794 0.1254945885660988 0.8182647664710808
vn -0.9199753276874054 0.17369534342510934 0.35139055781122563
vn -0.9199130189635885 0.17520247992016902 0.35080497227251434
vn -0.9230649510390371 0.16949355860057055 0.34528688037082317
vn -0.9198167322050009 0.1761032073565833 0.3506063882966737
vn -0.922990193519592 0.17169818060413317 0.34439633773299116
vn -0.9230206418618893 0.17050381244430857 0.34490773351553317
vn -0.1513055411587806 -0.1785065361501125 -0.9722355937561313
vn -0.15049318595021074 -0.1779919445212991 -0.9724559983197606
vn -0.1513055411587806 -0.1785065361501125 -0.9722355937561313
vn -0.1500030255567834 -0.17860359368741957 -0.9724195846679302
vn -0.1500030255567834 -0.17860359368741957 -0.9724195846679302
vn -0.1500030255567834 -0.17860359368741957 -0.9724195846679302
vn 0.9938849079461027 -0.06999893729650485 0.08539870335272656
vn 0.9938849079461027 -0.06999893729650485 0.08539870335272656
vn 0.9938849079461027 -0.06999893729650485 0.08539870335272656
vn 0.993883367448628 -0.06989882878067691 0.08549857100598471
vn 0.993883367448628 -0.06989882878067691 0.08549857100598471
vn 0.993883367448628 -0.06989882878067691 0.08549857100598471
vn 0.9964991876904746 -0.06269995131476076 0.05529995512973582
vn 0.9964257281319688 -0.05780149120711401 0.06160159032776325
vn 0.9964447762776942 -0.06860308179338885 0.04890219828745405
vn 0.9943720734044669 -0.055898428775305195 0.08999747381873464
vn 0.9947321606080023 -0.06070196099239458 0.08260266692918086
vn 0.9948463009344415 -0.06380297091771239 0.07880367008669462
vn -0.1926052609715404 -0.27060738698725684 -0.9432257712520443
vn -0.1926972487976022 -0.26539620522104085 -0.944686521847383
vn -0.2014072548745676 -0.2583093149344062 -0.9448340677081923
vn -0.15710521093035992 -0.28210933669718813 -0.9464313365727064
vn -0.16620129113616336 -0.2714021178037837 -0.9480073951590743
vn -0.16540498521366273 -0.2763083434727664 -0.946728519795302
vn -0.9287227209291 0.1831044854877447 0.3224079016158217
vn -0.9297145309318381 0.19550305334792722 0.3121048655593657
vn -0.8989874630951389 0.2632963330123116 0.3499951174231383
vn -0.9197314503606075 0.15830540616370636 0.3592122737281085
vn -0.895724858462239 0.24500681033296082 0.3710102974625777
vn -0.8948064954516267 0.23580170780795381 0.37910274371525
vn 0.6039931178335819 0.19959773104324177 0.7715912514875077
vn 0.6039931178335819 0.19959773104324177 0.7715912514875077
vn 0.6039931178335819 0.19959773104324177 0.7715912514875077
vn 0.5614929784907763 0.2148973096500909 0.7990899707859619
vn 0.5614929784907763 0.2148973096500909 0.7990899707859619
vn 0.5614929784907763 0.2148973096500909 0.7990899707859619
vn 0.6386810223651569 -0.2795916830181196 -0.7168786804318381
vn 0.6386810223651569 -0.2795916830181196 -0.7168786804318381
vn 0.6386810223651569 -0.2795916830181196 -0.7168786804318381
vn 0.6589002486428708 -0.27490008371290414 -0.7002002615773584
vn 0.6589002486428708 -0.27490008371290414 -0.7002002615773584
vn 0.6589002486428708 -0.27490008371290414 -0.7002002615773584
vn -0.8837869694612004 -0.04629931724738299 -0.46559313336110714
vn -0.8837869694612004 -0.04629931724738299 -0.46559313336110714
vn -0.8837869694612004 -0.04629931724738299 -0.46559313336110714
vn -0.8643391572689642 -0.057402599031670505 -0.49962262042063915
vn -0.8643391572689642 -0.057402599031670505 -0.49962262042063915
vn -0.8643391572689642 -0.057402599031670505 -0.49962262042063915
vn -0.23491031128962842 0.32901444134197666 0.9146401713451234
vn -0.23799935353489682 0.3318990914050658 0.9127975136039006
vn -0.23491031128962842 0.32901444134197666 0.9146401713451234
vn -0.27180545300760156 0.33050662349860604 0.9038181053391677
vn -0.27180545300760156 0.33050662349860604 0.9038181053391677
vn -0.27018743972421755 0.3289846854003311 0.9048579027600507
vn -0.47501767877126644 -0.43431617486580304 -0.7653284687666435
vn -0.47501767877126644 -0.43431617486580304 -0.7653284687666435
vn -0.47501767877126644 -0.43431617486580304 -0.7653284687666435
vn -0.468694167086523 -0.43489458121230845 -0.7688904219531164
vn -0.468694167086523 -0.43489458121230845 -0.7688904219531164
vn -0.468694167086523 -0.43489458121230845 -0.7688904219531164
vn 0.8311436332422653 0.10870570826046926 -0.5453286439500833
vn 0.8293011746663532 0.10420014738890084 -0.5490008114576317
vn 0.8295043437570249 0.10520054851781846 -0.5485028607762932
vn 0.8229751535559376 0.09729706135817463 -0.5596831054093419
vn 0.8197839026787784 0.09349816508647789 -0.5649888901865354
vn 0.8229891225387297 0.09769870688220697 -0.5595925900657339
vn 0.48060294745517734 0.43820268489162817 0.7596046431211203
vn 0.47150222956422 0.42950203608023746 0.7702036409410825
vn 0.46939381422521054 0.4312943409934466 0.7704898692352399
vn 0.47288689092352343 0.43968781571579474 0.7635788191822486
vn 0.46171762696037166 0.4334165587316876 0.7739295313988636
vn 0.47167457469975166 0.4406762283585009 0.76375883454238
vn -0.8342011200343071 -0.09790013175216851 0.5427007053030388
vn -0.8281535253785567 -0.10239425336115218 0.5510691020930865
vn -0.8279711622255688 -0.10379638245426243 0.5510808157722872
vn -0.8256594418122832 -0.09639526675784715 0.5558726820890845
vn -0.8195946310444935 -0.10029934378634794 0.5640963414161351
vn -0.8255099701437015 -0.0969011701543085 0.5560067017726231
vn 0.13900083746902456 -0.972705870295502 0.1858011223743816
vn 0.13900083746902456 -0.972705870295502 0.1858011223743816
vn 0.13900083746902456 -0.972705870295502 0.1858011223743816
vn 0.13900083746902456 -0.972705870295502 0.1858011223743816
vn 0.13900083746902456 -0.972705870295502 0.1858011223743816
vn 0.13900083746902456 -0.972705870295502 0.1858011223743816
vn 0.6435034687403031 0.3108016757478909 -0.6995038270599386
vn 0.6435034687403031 0.3108016757478909 -0.6995038270599386
vn 0.6435034687403031 0.3108016757478909 -0.6995038270599386
vn 0.12899765874493704 0.07659861406337475 0.9886820805303872
vn 0 0 1
vn 0.10529667896365957 0.06259802629333457 0.9924686879208852
vn 0 0 1
vn 0 0 1
vn 0 0 1
vn 0 0 1
vn 0 0 1
vn 0 0 1
vn 0.3811110900457377 0.5783168294131826 0.72132099779615
vn 0.3829070454988842 0.572610543675483 0.724913346393197
vn 0.1641991429836276 0.5836969795409555 0.7951958736803203
vn -0.005299823548583234 0.0061997939453516645 0.9999667366594696
vn 0 0 0.9999999999999999
vn -0.13600669408514504 -0.1591078185381584 0.9778480869971871
vn -0.42150007621684715 -0.5250000743567433 -0.7394001674834854
vn -0.42330914827751265 -0.5181112227398078 -0.7432160694277459
vn 0.5043262739551251 0.22991198101815818 0.832343372883359
vn -0.005599762795378863 0.007299691219214627 0.9999576776867807
vn 0 0 -0.9999999999999999
vn 0.2698056800822384 0.2309048593445566 -0.9348196836430175
vn -0.8487595693013507 -0.07879624646016076 0.5228750759628685
vn -0.8487595693013507 -0.07879624646016076 0.5228750759628685
vn -0.8487595693013507 -0.07879624646016076 0.5228750759628685
vn 0.2619098657483836 -0.01040039148857536 -0.9650362967684417
vn 0 0 -1
vn -0.260597701798667 0.010399908287173642 -0.9653914644976263
vn -0.8215092485225155 -0.08900100315829691 0.5632063352171996
vn -0.8119040732407956 -0.08340042000548673 0.5778028606695481
vn -0.8137738934930125 -0.08119740101215588 0.5754815655936288
vn -0.8134627432083544 -0.09579561150274529 0.5736737454588225
vn -0.8056765885586992 -0.08799744203565735 0.5857829673553147
vn -0.8153987234969303 -0.09349985634200646 0.5712991323147627
vn -0.8687161919094829 -0.010000185852720526 0.4952092226495761
vn -0.8436233435054076 -0.004700130125969632 0.5369148564433247
vn -0.8438156159731239 -0.005000092372690539 0.5366099191369482
vn -0.8381059220876882 -0.018200129000832864 0.5452038322186472
vn -0.8271639661362044 -0.017899219745700697 0.5616755211492838
vn -0.842900398766677 -0.013500007086657119 0.5379002394195757
vn 0.5293777219195123 0.2916877352227437 0.7966664877198829
vn 0.5330823798733566 0.2981901500732773 0.7917738380799371
vn 0.5293777219195123 0.2916877352227437 0.7966664877198829
vn 0.5372095558476209 0.29570528790196876 0.7899140939449146
vn 0.5372095558476209 0.29570528790196876 0.7899140939449146
vn 0.5332927169964516 0.28939606858455924 0.7948891705680382
vn 0.5227891422023414 0.3032936777439152 0.7966834112970534
vn 0.5252939705788335 0.30859645112163053 0.7929908415793078
vn 0.5227891422023414 0.3032936777439152 0.7966834112970534
vn 0.5263911916279587 0.3043948862501937 0.7938866837283705
vn 0.5263911916279587 0.3043948862501937 0.7938866837283705
vn 0.5231160884355451 0.2997091988980548 0.7978245133585338
vn 0.8140913397659033 0.09749895599442594 -0.5724938812757334
vn 0.8119901166638943 0.08469897476928141 -0.5774929732154218
vn 0.8130284608903028 0.08270289193554448 -0.5763201830995015
vn 0.8143949700452111 0.09369941845106929 -0.572696474362285
vn 0.8133795789319861 0.0786980255812858 -0.5763855318673711
vn 0.8154674936725224 0.09179633522770056 -0.5714772082963752
vn 0.8513887562085531 0.037499505474876425 -0.523193055086545
vn 0.8429166850007831 0.006000118976158119 -0.5380106511209257
vn 0.8431073985335389 0.0066000577929868935 -0.5377047087157949
vn 0.8403222774516861 0.02010053169688692 -0.5417143515210893
vn 0.8289052536618537 -0.023300147786794293 -0.5589035547971507
vn 0.8431566854319631 0.01449925424789301 -0.5374723950470766
vn -0.5286876394187585 -0.2947931244131433 -0.7959814028760708
vn -0.5342966729985772 -0.2899981699804598 -0.7939950419433587
vn -0.5286876394187585 -0.2947931244131433 -0.7959814028760708
vn -0.5377154382073396 -0.29260840826978657 -0.790722724425769
vn -0.5377154382073396 -0.29260840826978657 -0.790722724425769
vn -0.531792576471806 -0.29699586064871986 -0.7930889700197604
vn -0.522517489849048 -0.3039101884789518 -0.7966266817904971
vn -0.522517489849048 -0.3039101884789518 -0.7966266817904971
vn -0.522517489849048 -0.3039101884789518 -0.7966266817904971
vn -0.5267224171503558 -0.3029128669798424 -0.7942337755908766
vn -0.5267224171503558 -0.3029128669798424 -0.7942337755908766
vn -0.5240967996823184 -0.30649811296582546 -0.7945951493126168
vn 0.05829930725749102 -0.7417911998773004 0.6680920644326585
vn 0.05839764541924986 -0.7446699720975405 0.6648731816412329
vn 0.07110448875043293 -0.738546658368255 0.670442380143606
vn 0.04750078711216705 -0.747012366767088 0.6631110006030351
vn 0.0615993808773604 -0.7426925201112312 0.666793323936551
vn 0.060801907251463755 -0.7410232287942343 0.668720945134779
vn -0.12369980611536288 0.7242988896176009 0.6782989580308466
vn -0.8609981930459052 -0.42199910460062107 0.2838993964205637
vn -0.9021896544578031 -0.430295070895923 -0.02999965586439713
vn -0.2550002178319153 0.9661008208428397 0.04030003563853157
vn -0.9007429241265134 -0.3472779916243104 -0.2608834628131946
vn -0.3394159996241806 0.9029425615763992 -0.26361242325233586
vn -0.054400734660723996 0.7460100565786875 -0.6637089388819747
vn -0.06380190146466122 0.746322228482386 -0.6625197722653858
vn -0.052897324190265334 0.7513619662908825 -0.6577667281833348
vn -0.0543992016060762 0.7420890992171713 -0.6680901852951208
vn -0.05200121245698022 0.7504174879752328 -0.6589153721411766
vn -0.04600008125353641 0.7480013455485717 -0.6621011853049308
vn 0.39080509452763534 -0.6465084205502969 0.6552085471426686
vn 0.8211706363197742 0.5706795741082139 0.0018999320632140475
vn 0.8446088654117984 0.37470393320275974 0.38240401006027186
vn 0.297703980697066 -0.8853118544517483 -0.3572047875439626
vn 0.5871027679780142 0.4154019363839484 -0.6948032607012002
vn 0.3482045284902971 -0.9370121805575913 0.027600359156321766
vn -0.08410396864922025 -0.9766460702228148 -0.1977093219243432
vn -0.08410396864922025 -0.9766460702228148 -0.1977093219243432
vn -0.08410396864922025 -0.9766460702228148 -0.1977093219243432
vn -0.08410396864922025 -0.9766460702228148 -0.1977093219243432
vn -0.08410396864922025 -0.9766460702228148 -0.1977093219243432
vn -0.08410396864922025 -0.9766460702228148 -0.1977093219243432
vn -0.8443004582162655 0.31000018088622566 0.4371002449167828
vn -0.8443004582162655 0.31000018088622566 0.4371002449167828
vn -0.8918120217604385 0.2716036734226585 0.3618048678872042
vn 0 0 1
vn 0 0 0.9999999999999999
vn 0.027001473659854267 -0.1196065226620485 0.9924541300014268
vn 0 0 1
vn 0 0 1
vn 0 0 1
vn 0 0 1
vn 0 0 1
vn 0 0 1
vn 0.13639482538275477 0.8807665985689466 -0.45348280061552054
vn 0.13639482538275477 0.8807665985689466 -0.45348280061552054
vn 0.12180167213388125 0.8715119940804913 -0.4750065229438815
vn 0 0 1
vn 0 0 1
vn 0.06910224375021155 -0.052401701904041864 0.9962323732675256
vn -0.08120123568074925 -0.851512894632508 0.5180078663480765
vn -0.08120123568074925 -0.851512894632508 0.5180078663480765
vn -0.08120123568074925 -0.851512894632508 0.5180078663480765
vn -0.5587097345739531 0.3982069255000145 -0.7275126644781715
vn 0 0 -1
vn 0.2065948167065001 -0.1472963126288805 -0.9672757507536011
vn 0.968405644381724 -0.23630138342628987 -0.07970046499512659
vn 0.968405644381724 -0.23630138342628987 -0.07970046499512659
vn -0.7617103496724253 -0.12720174003333035 0.635308634078276
vn 0 0 1
vn 0 0 -1
vn -0.23979911496497355 0.10619960745504456 -0.9649963874742796
vn 0.9527566068690408 0.053497565205087624 -0.2989863852828741
vn 0.949320440440504 0.055301192297872934 -0.3094066571557263
vn 0.9497824568063085 0.05689894650244371 -0.30769432011313574
vn 0.9497897100985035 0.04919946460709122 -0.30899663311009745
vn 0.9466928922708537 0.052699607364786766 -0.3177976071455592
vn 0.9501967794423671 0.05069982844394665 -0.3074989556618167
vn 0.9952556424015693 -0.07319674037521753 -0.06409714085887787
vn 0.9656166758387495 0.11590200235582228 -0.23270402057556788
vn 0.9844310045616014 0.11110350521300524 -0.136204289166018
vn 0.9631718319101017 -0.06049823208245953 -0.2619923398304532
vn 0.8828743513715157 0.08589750583262293 -0.4616865800324501
vn 0.9709016226001771 -0.04760008068950092 -0.23470038677151
vn -0.3064999249516454 0.2392999485867204 -0.9212998049554925
vn -0.30830081585748126 0.24310065478757292 -0.9197024946054374
vn -0.3064999249516454 0.2392999485867204 -0.9212998049554925
vn -0.3141052654524706 0.24090403540949548 -0.9183153749875113
vn -0.3141052654524706 0.24090403540949548 -0.9183153749875113
vn -0.3110079268988305 0.23800607975612978 -0.9201234566106933
vn -0.20860477612938255 0.5000114491428289 -0.840519243148007
vn -0.2074075013065725 0.49981808766788494 -0.8409304416191524
vn -0.21770307280691734 0.4879068652746297 -0.8453119323115642
vn -0.24470097255244072 0.5115020345421967 -0.8237032855895885
vn -0.25349913107774413 0.498998273823657 -0.828697117929005
vn -0.2534055384983078 0.4990109234266901 -0.8287181253956164
vn -0.9509031100017903 -0.04290013925396774 0.3065009844044767
vn -0.9487990085175555 -0.053599940797458126 0.3112996752047978
vn -0.9491137347763583 -0.055500802850111296 0.3100044827770494
vn -0.9503428166761003 -0.04669719118719596 0.3076814962381754
vn -0.9484988948466153 -0.05919993243925177 0.3111996376507167
vn -0.9506451989972207 -0.04839721058881364 0.30648232515229473
vn -0.9633017191968862 0.15730027783677755 0.21750039168883306
vn -0.9574632590595654 -0.08189685955812209 0.276689378085883
vn -0.9717605821635655 -0.11329540406008543 0.20699159976189954
vn -0.9658292608932622 0.07560228968570094 0.24790750814901572
vn -0.9584431851919126 -0.16780755342561426 0.23071039372444957
vn -0.97110183737368 0.06000011386734629 0.23100044975144046
vn 0.3061937336357236 -0.24129506539191095 0.9208811480857501
vn 0.310493514699988 -0.23729504033352417 0.920480766318536
vn 0.3061937336357236 -0.24129506539191095 0.9208811480857501
vn 0.3142994717444097 -0.2387996022574665 0.9187984501635063
vn 0.3142994717444097 -0.2387996022574665 0.9187984501635063
vn 0.3099954986800044 -0.24289647015237792 0.9191866489378806
vn 0.20309546249059623 -0.5074886650252776 0.8373813277035693
vn 0.20309546249059623 -0.5074886650252776 0.8373813277035693
vn 0.20309546249059623 -0.5074886650252776 0.8373813277035693
vn 0.2548095243822793 -0.493418466487836 0.8316311220804984
vn 0.2548095243822793 -0.493418466487836 0.8316311220804984
vn 0.2548095243822793 -0.493418466487836 0.8316311220804984
vn 0.39179602446118605 -0.5469944596485297 0.7397924954541123
vn 0.39179602446118605 -0.5469944596485297 0.7397924954541123
vn 0.39179602446118605 -0.5469944596485297 0.7397924954541123
vn 0.4184086577696547 -0.5452112854050031 0.726415066866334
vn 0.4184086577696547 -0.5452112854050031 0.726415066866334
vn 0.4184086577696547 -0.5452112854050031 0.726415066866334
vn -0.5722014350588144 0.5430013443884893 0.6146015438549816
vn -0.2686057608156638 -0.6215133749312879 0.7359158036339203
vn -0.526615354785191 -0.7626222361322927 0.37561095971902775
vn -0.7437204652487028 0.5387147886824062 0.3958108715347816
vn -0.7452976573563653 -0.6663979252300948 -0.021099933368109534
vn -0.832603580590928 0.47120201711464094 0.2911012481152556
vn -0.39569994852160323 0.5508999000951788 -0.7347998712677639
vn -0.39149125055006595 0.5537876156190487 -0.7348835809362695
vn -0.3897066999379534 0.5426093109826983 -0.744112776169279
vn -0.4121988279262883 0.5637983688776698 -0.7156979289526225
vn -0.4061152697543598 0.5557208922396327 -0.7254272379782345
vn -0.4098934296038342 0.5529910961188423 -0.7253883263334806
vn 0.9221051543610294 -0.3701020573235812 -0.11290062650700833
vn 0.33360502096944705 0.7430111215274572 -0.5802087238834701
vn 0.6579091339894022 0.7445103451204174 -0.11340157592375831
vn 0.6523156481668057 -0.5546133046395293 -0.516612405458426
vn -0.16450326492870793 -0.01060021019593098 -0.9863195787226358
vn 0.7371765339415637 -0.5818814607570707 -0.3434890441238556
vn -0.10920278260331441 -0.9840250943132843 -0.1406035775982424
vn -0.10920278260331441 -0.9840250943132843 -0.1406035775982424
vn -0.10920278260331441 -0.9840250943132843 -0.1406035775982424
vn -0.10910396932018557 -0.984035835852119 -0.1406051124155939
vn -0.10910396932018557 -0.984035835852119 -0.1406051124155939
vn -0.10910396932018557 -0.984035835852119 -0.1406051124155939
vn -0.6462040808494193 0.28930182112469616 0.7062044620274581
vn -0.6462040808494193 0.28930182112469616 0.7062044620274581
vn -0.6462040808494193 0.28930182112469616 0.7062044620274581
vn 0.17809843567563757 -0.2770975554678162 0.9441916606090373
vn 0 0 0.9999999999999999
vn 0.2791892434588019 -0.43438327562030643 0.8563670569319412
vn 0 0 1
vn 0 0 1
vn 0 0 1
vn 0 0 1
vn 0 0 1
vn 0 0 1
vn -0.12030617074435904 0.8204420653941168 -0.5589286561026059
vn -0.12030617074435904 0.8204420653941168 -0.5589286561026059
vn -0.12030617074435904 0.8204420653941168 -0.5589286561026059
vn -0.04980104173538232 0.05890122947442036 0.9970208129264265
vn 0 0 0.9999999999999999
vn -0.08509752781510377 0.10069707000707091 0.991271159094094
vn 0.17209585041826234 -0.7812812034599957 0.59998558265088
vn 0.17209585041826234 -0.7812812034599957 0.59998558265088
vn -0.2884067832961805 0.40050942727508665 -0.8697204872903318
vn 0 0 1
vn 0 0 -0.9999999999999999
vn 0.18431136088021843 -0.10200628271153477 -0.9775602490577531
vn 0.8727416708054724 -0.17320827129891242 -0.4564218123548818
vn 0.8727416708054724 -0.17320827129891242 -0.4564218123548818
vn 0.8727416708054724 -0.17320827129891242 -0.4564218123548818
vn -0.5522736986385687 0.3864816117892816 0.7386648262512804
vn 0 0 1
vn -0.8149101922194826 0.570307129233892 0.1033012921594046
vn 0.8162026360785964 -0.029700095108656524 -0.5770018727949564
vn 0.8162026360785964 -0.029700095108656524 -0.5770018727949564
vn 0.8162026360785964 -0.029700095108656524 -0.5770018727949564
vn 0.811586106863556 -0.027399529987146863 -0.5835899732710803
vn 0.811586106863556 -0.027399529987146863 -0.5835899732710803
vn 0.811586106863556 -0.027399529987146863 -0.5835899732710803
vn 0.8529058539393032 0.02420016516631347 -0.5215035535084985
vn 0.8411344470326088 0.010600434092460467 -0.5407221771041011
vn 0.8415097886841566 0.006200072415033268 -0.5402062889774557
vn 0.8304060628164223 0.03260023890524851 -0.5562040949696874
vn 0.8194130752603743 0.010400165823744964 -0.573109107101933
vn 0.8314105610951333 0.026900343312617588 -0.5550070724136216
vn -0.5566086409956106 0.22540351032983724 -0.7996124550680824
vn -0.5560163488842296 0.2254066308975039 -0.8000235437291124
vn -0.5608039650095221 0.21810153228030021 -0.798705599358477
vn -0.5618151268845671 0.2266061063661747 -0.7956214148458044
vn -0.5659128558642483 0.21910496514535832 -0.7948180004354595
vn -0.5663751197373387 0.21919037464931346 -0.7944651052145769
vn -0.537607896787756 0.284604180279958 -0.7937116667144428
vn -0.5360030915815149 0.28430163220082755 -0.7949045651793702
vn -0.5457941387451479 0.2703970984692755 -0.7930915251412282
vn -0.5398723136442519 0.28408542473361537 -0.7923593606529324
vn -0.5478204937843276 0.2694100769101766 -0.7920296187953759
vn -0.5487941522053891 0.2695971353300133 -0.7912915790825901
vn -0.8162002078751569 0.029800006604250567 0.5770001562139625
vn -0.8162002078751569 0.029800006604250567 0.5770001562139625
vn -0.8162002078751569 0.029800006604250567 0.5770001562139625
vn -0.8114819485326666 0.028399367988463615 0.5836870078248123
vn -0.8114819485326666 0.028399367988463615 0.5836870078248123
vn -0.8114819485326666 0.028399367988463615 0.5836870078248123
vn -0.8577464133834768 0.002299856352024355 0.5140678953100861
vn -0.8390007153358633 -0.00570000504667002 0.5441004591142868
vn -0.8412109173001953 -0.00030000390983182156 0.5407070395441677
vn -0.8290228799652383 -0.03170087521614646 0.5583154296673813
vn -0.8123911115061045 -0.03089966221651853 0.5822936482744606
vn -0.8322738378896101 -0.02539920105779683 0.5537825740758956
vn 0.561031209698041 -0.22281240053620016 0.7972443890753002
vn 0.5612926610385836 -0.21909714168477976 0.7980895884359006
vn 0.5538215775950805 -0.22580879584525587 0.8014312496459142
vn 0.568591933903564 -0.21879688992707538 0.7929887348872267
vn 0.5614175563456772 -0.22190694199203334 0.7972249597965388
vn 0.5612868711193439 -0.2255947355466642 0.7962813972476612
vn 0.5462255229523247 -0.27721297793284194 0.7904369949218376
vn 0.5456035673500814 -0.27220176959205267 0.7926051626918792
vn 0.5319229648793214 -0.2829122258745034 0.798134469801127
vn 0.5532294895194031 -0.2712144549615353 0.7876419563139192
vn 0.5389081778009099 -0.2773041990871481 0.7954120674643669
vn 0.5399182994891799 -0.28240958120021525 0.792926893429042
vn 0.49320485074982573 -0.4414043291254803 -0.7496073595063799
vn 0.4927268284376998 -0.43692377052088355 -0.7525409565542197
vn 0.5020293682169962 -0.44372596602753717 -0.7423434383899226
vn 0.46989498170805905 -0.43659532583663624 -0.7671917802109094
vn 0.47891682641882094 -0.4393154489722322 -0.760026716416766
vn 0.47879661845592925 -0.4437968691304504 -0.7574946449349839
vn 0.8331202588465475 0.19490474063588012 0.5176125736273435
vn 0.833109583821288 0.19470223758036262 0.517705959040767
vn 0.8329657807437305 0.19459200589660167 0.5179787248054926
vn 0.8888365590653455 0.15160623475278864 0.4324177619535985
vn 0.8888365590653455 0.15160623475278864 0.4324177619535985
vn 0.8888365590653455 0.15160623475278864 0.4324177619535985
vn -0.49832875423790346 0.4420255194428219 0.745843075224945
vn -0.49832875423790346 0.4420255194428219 0.745843075224945
vn -0.49832875423790346 0.4420255194428219 0.745843075224945
vn -0.47327801896169086 0.4535789137348048 0.7551649394555152
vn -0.47327801896169086 0.4535789137348048 0.7551649394555152
vn -0.47327801896169086 0.4535789137348048 0.7551649394555152
vn -0.8303089369662305 -0.202002187718345 -0.5194056077392798
vn -0.8397922236612739 -0.18029832775571725 -0.5120952392734625
vn -0.8347981549024681 -0.18899957673360895 -0.5170988305594506
vn -0.8870301656052144 -0.15500526827136948 -0.4349147641946716
vn -0.893147580198581 -0.1415075309575416 -0.4269227314956651
vn -0.8828833416263239 -0.16219694357650333 -0.4406916797185722
vn -0.012799971698490528 -0.9982978338488171 0.056899873965391985
vn -0.012799971698490528 -0.9982978338488171 0.056899873965391985
vn -0.012799971698490528 -0.9982978338488171 0.056899873965391985
vn -0.012799971698490528 -0.9982978338488171 0.056899873965391985
vn -0.012799971698490528 -0.9982978338488171 0.056899873965391985
vn -0.012799971698490528 -0.9982978338488171 0.056899873965391985
vn 0.9088815780049656 0.3176935514634317 0.2701945308879421
vn 0.9088815780049656 0.3176935514634317 0.2701945308879421
vn 0.9088815780049656 0.3176935514634317 0.2701945308879421
vn 0.39288238065596415 -0.0694968843569942 0.916958896589576
vn 0 0 1
vn 0.17300789380600548 -0.030601397662422338 0.9844449314928266
vn 0 0 1
vn 0 0 1
vn 0 0 1
vn 0 0 1
vn 0 0 1
vn 0 0 1
vn -0.4831811757501827 0.7442709907685696 0.4610820357604954
vn -0.48398923309161496 0.7488833405500404 0.45268992091497084
vn -0.48652353967878864 0.7173347123041602 0.49872412801260163
vn 0.006899995273743547 0.0123999920058422 0.9998993100625069
vn 0 0 1
vn 0.029999041840251036 -0.03409891146915358 0.9989681284832292
vn 0.49330435169435694 -0.7024062379646058 -0.5131045638735051
vn 0.49330435169435694 -0.7024062379646058 -0.5131045638735051
vn -0.5231129141795163 0.6284155193295825 0.5757141774217005
vn 0 0 1
vn 0 0 -1
vn -0.35240095602664484 0.1834005001171388 -0.9177024696208952
vn -0.8032886197927441 -0.16179770025123752 -0.5731918505220382
vn -0.8032886197927441 -0.16179770025123752 -0.5731918505220382
vn -0.8032886197927441 -0.16179770025123752 -0.5731918505220382
vn 0.029999687196237412 -0.017899813155532823 -0.9993896214475739
vn 0 0 -1
vn -0.6557120432569236 0.3916071886173015 -0.6455118326964144
vn -0.891190405337174 -0.027499703600485044 -0.45279512777507774
vn -0.891190405337174 -0.027499703600485044 -0.45279512777507774
vn -0.891190405337174 -0.027499703600485044 -0.45279512777507774
vn -0.8949913365756121 -0.026499743737018557 -0.445295711899937
vn -0.8949913365756121 -0.026499743737018557 -0.445295711899937
vn -0.8949913365756121 -0.026499743737018557 -0.445295711899937
vn -0.8647360734265666 0.010300429661454443 -0.5021209261359192
vn -0.8647360734265666 0.010300429661454443 -0.5021209261359192
vn -0.8647360734265666 0.010300429661454443 -0.5021209261359192
vn -0.8900177793216552 0.021700434235032963 -0.45540909482064645
vn -0.8900177793216552 0.021700434235032963 -0.45540909482064645
vn -0.8900177793216552 0.021700434235032963 -0.45540909482064645
vn -0.45231244323083825 0.06310173696126321 0.889624428897398
vn -0.45231244323083825 0.06310173696126321 0.889624428897398
vn -0.45231244323083825 0.06310173696126321 0.889624428897398
vn -0.445990791549865 0.06489866197712123 0.892681565579969
vn -0.445990791549865 0.06489866197712123 0.892681565579969
vn -0.445990791549865 0.06489866197712123 0.892681565579969
vn -0.45380484094385204 0.15840169139826513 0.8769093855684826
vn -0.453697942167478 0.16789923228021553 0.8751959923769704
vn -0.46709927113879196 0.1510997608074493 0.8711986760696673
vn -0.44770619457131866 0.1640022759584431 0.8790121824087077
vn -0.461284254810023 0.15689465308964473 0.8732702354347374
vn -0.4615818489824845 0.14799418045296694 0.8746656042408237
vn 0.8912258426654486 0.027700802558133484 0.4527131132438031
vn 0.8912258426654486 0.027700802558133484 0.4527131132438031
vn 0.8912258426654486 0.027700802558133484 0.4527131132438031
vn 0.8949448106696669 0.02760138096815062 0.4453222985929239
vn 0.8949448106696669 0.02760138096815062 0.4453222985929239
vn 0.8949448106696669 0.02760138096815062 0.4453222985929239
vn 0.861498293550577 -0.007899983742924827 0.5076990057763611
vn 0.8719582410697106 -0.0018999090892540004 0.48957656824655005
vn 0.8675747559086321 -0.004599866132440005 0.49728551571671736
vn 0.8885970450231119 -0.02119992907369362 0.45819848819421477
vn 0.8933790975147144 -0.01679960608595054 0.44898948914106124
vn 0.8843225780558496 -0.0249006364748722 0.4662119005814869
vn 0.452306416821263 -0.06470091616030965 -0.8895126175329536
vn 0.452306416821263 -0.06470091616030965 -0.8895126175329536
vn 0.452306416821263 -0.06470091616030965 -0.8895126175329536
vn 0.4459995546342723 -0.06319993245294579 -0.892799062389726
vn 0.4459995546342723 -0.06319993245294579 -0.892799062389726
vn 0.4459995546342723 -0.06319993245294579 -0.892799062389726
vn 0.4625827403639403 -0.1518943284008724 -0.8734674128535278
vn 0.4623867723978101 -0.1512956734942175 -0.8736750493710272
vn 0.4571182691282423 -0.1641065634630788 -0.874134957462255
vn 0.4584152982604969 -0.15150505392852928 -0.875729200697826
vn 0.45260590256179317 -0.16340212452039624 -0.8766114547896607
vn 0.45201232206914094 -0.16390447380341322 -0.8768239185634077
vn -0.9342916833177305 -0.1995982183061647 -0.2953973624329207
vn -0.9342916833177305 -0.1995982183061647 -0.2953973624329207
vn -0.9342916833177305 -0.1995982183061647 -0.2953973624329207
vn -0.9340324121484934 -0.19960691956991175 -0.2962102812460729
vn -0.9340324121484934 -0.19960691956991175 -0.2962102812460729
vn -0.9340324121484934 -0.19960691956991175 -0.2962102812460729
vn -0.21009951262201015 0.8350980772511689 0.5083988553954412
vn -0.21009951262201015 0.8350980772511689 0.5083988553954412
vn -0.21009951262201015 0.8350980772511689 0.5083988553954412
vn -0.20999778079324002 0.8354911987199914 0.5077946326255782
vn -0.20999778079324002 0.8354911987199914 0.5077946326255782
vn -0.20999778079324002 0.8354911987199914 0.5077946326255782
vn -0.21090626098325368 0.8337247758712906 0.5103151449608662
vn -0.21090626098325368 0.8337247758712906 0.5103151449608662
vn -0.21090626098325368 0.8337247758712906 0.5103151449608662
vn -0.21039229641405785 0.8346694258072033 0.5089813662918249
vn -0.21039229641405785 0.8346694258072033 0.5089813662918249
vn -0.21039229641405785 0.8346694258072033 0.5089813662918249
vn -0.210800996489916 0.8340039062485726 0.5099023673616165
vn -0.210800996489916 0.8340039062485726 0.5099023673616165
vn -0.210800996489916 0.8340039062485726 0.5099023673616165
vn -0.006000041660419475 -0.37450260348655645 0.9272064492236152
vn 0.017799618453597628 -0.3829917860943055 0.9235802430580681
vn -0.006999981195349717 -0.19789945949152316 0.980197329212964
vn -0.39962013068682584 -0.4898246818458799 0.7748390363194326
vn -0.3448953993487029 -0.34739536352973144 0.8719883169550752
vn -0.385921253885967 -0.32001762484657686 0.8652476556377593
vn 0.8419947408692585 0.5376966340796091 -0.043899727196977094
vn 0.8450644435154965 0.5323776210492126 -0.049397924165145574
vn 0.8756286030664264 0.47971568013019583 0.05610183356328117
vn 0.6461133233139915 0.608812562605505 -0.46030950136822907
vn 0.6638884772609683 0.6307890436690676 -0.4016930073416463
vn 0.6866173522918804 0.6143155112924649 -0.3888098045538015
vn -0.4624082747775088 0.26730479928302686 -0.8454151238874005
vn -0.4624082747775088 0.26730479928302686 -0.8454151238874005
vn -0.4624082747775088 0.26730479928302686 -0.8454151238874005
vn -0.4629930521118642 0.26669599768187835 -0.8452873348847765
vn -0.4629930521118642 0.26669599768187835 -0.8452873348847765
vn -0.4629930521118642 0.26669599768187835 -0.8452873348847765
vn -0.7227144778089089 -0.4608092233867351 0.5151103213944661
vn -0.7227144778089089 -0.4608092233867351 0.5151103213944661
vn -0.7227144778089089 -0.4608092233867351 0.5151103213944661
vn -0.7222822894536098 -0.4612886791770566 0.5152873458612569
vn -0.7222822894536098 -0.4612886791770566 0.5152873458612569
vn -0.7222822894536098 -0.4612886791770566 0.5152873458612569
vn 0.711367693738323 0.10409527300767384 0.6950684703271164
vn 0.711367693738323 0.10409527300767384 0.6950684703271164
vn 0.711367693738323 0.10409527300767384 0.6950684703271164
vn 0.7114887247633499 0.10379835542759189 0.694988989801385
vn 0.7114887247633499 0.10379835542759189 0.694988989801385
vn 0.7114887247633499 0.10379835542759189 0.694988989801385
vn 0.3455122377008337 0.5943210354425037 -0.7262257227815005
vn 0.3455122377008337 0.5943210354425037 -0.7262257227815005
vn 0.3455122377008337 0.5943210354425037 -0.7262257227815005
vn 0.34601177575067327 0.5945202626058241 -0.7258247091364193
vn 0.34601177575067327 0.5945202626058241 -0.7258247091364193
vn 0.34601177575067327 0.5945202626058241 -0.7258247091364193
vn -0.8054879257700471 -0.19069714290823284 0.5610916156255628
vn -0.8054879257700471 -0.19069714290823284 0.5610916156255628
vn -0.8054879257700471 -0.19069714290823284 0.5610916156255628
vn -0.8103595332009481 -0.19029049803700984 0.5541723137320812
vn -0.8103595332009481 -0.19029049803700984 0.5541723137320812
vn -0.8103595332009481 -0.19029049803700984 0.5541723137320812
vn 0.051902275970688576 -0.9984437676747525 0.02040089558101137
vn 0.051902275970688576 -0.9984437676747525 0.02040089558101137
vn 0.051902275970688576 -0.9984437676747525 0.02040089558101137
vn 0.051902275970688576 -0.9984437676747525 0.02040089558101137
vn 0.051902275970688576 -0.9984437676747525 0.02040089558101137
vn 0.051902275970688576 -0.9984437676747525 0.02040089558101137
vn 0.051902275970688576 -0.9984437676747525 0.02040089558101137
vn 0.051902275970688576 -0.9984437676747525 0.02040089558101137
vn 0.051902275970688576 -0.9984437676747525 0.02040089558101137
vn 0.051902275970688576 -0.9984437676747525 0.02040089558101137
vn 0.051902275970688576 -0.9984437676747525 0.02040089558101137
vn 0.051902275970688576 -0.9984437676747525 0.02040089558101137
vn 0.051902275970688576 -0.9984437676747525 0.02040089558101137
vn 0.051902275970688576 -0.9984437676747525 0.02040089558101137
vn 0.051902275970688576 -0.9984437676747525 0.02040089558101137
vn 0.7309868054382853 0.0387993004747485 0.6812876812021486
vn 0.7299294102084405 0.040401626145572515 0.6823274615003792
vn 0.7327707883427762 0.04949802604605214 0.6786729088221003
vn 0.7284943720005048 0.03619972174756395 0.684094679199443
vn 0.730017945413311 0.046901152129115435 0.6818167505301476
vn 0.7308864876572937 0.045399162432429016 0.6809874141351063
vn 0.48229895994404803 0.18979957970059774 -0.8551981248707026
vn 0.4851043764168498 0.18800168921339583 -0.8540076749269466
vn 0.47281332082160843 0.18170513055218293 -0.8622243380841538
vn 0.49619786226047813 0.18349921798200275 -0.8485963224573421
vn 0.4866913247509656 0.17539687793436892 -0.8557847215410114
vn 0.4838894858658626 0.17729614991465018 -0.8569813537609282
vn -0.9498087941149521 -0.11040101922343189 -0.29270269827305606
vn -0.9492717047715953 -0.1107966965295594 -0.29429122066104124
vn -0.9508507414338269 -0.11479404962676568 -0.28758510685539573
vn -0.9464057852867236 -0.11210068453003338 -0.3029018423577479
vn -0.9476215790089574 -0.11620264532077124 -0.29750678684195686
vn -0.948127292692142 -0.1159033423687166 -0.2960085337959521
vn -0.06320011485284835 -0.12130022326684767 0.9906018379338895
vn -0.06320011485284835 -0.12130022326684767 0.9906018379338895
vn -0.06320011485284835 -0.12130022326684767 0.9906018379338895
vn -0.07390278441496652 -0.12230460825902978 0.9897373193197881
vn -0.07390278441496652 -0.12230460825902978 0.9897373193197881
vn -0.07390278441496652 -0.12230460825902978 0.9897373193197881
vn 0.9739798137989735 0.1735964093334941 -0.14569697655969058
vn 0.9737898298492426 0.17589815965570546 -0.14419849067143312
vn 0.970790280761423 0.1866981355539232 -0.15069849687321482
vn 0.9745957865384948 0.1706992577638375 -0.14499936641340075
vn 0.9714483802729541 0.18380914681466445 -0.15000747318823493
vn 0.9716098337942486 0.1818018336914895 -0.15140153282158206
vn -0.36849676743937115 0.0629994493420791 -0.9274918877107923
vn -0.36381262256942476 0.06310219392151789 -0.9293322811467642
vn -0.38040519582013704 0.051000695378297614 -0.9234125925413694
vn -0.35159027962718986 0.057698406946833 -0.9343742125655397
vn -0.3643985684447095 0.04619981833029898 -0.9300963714055086
vn -0.36861006467330126 0.0464012649996208 -0.9284253027723769
vn -0.4789228696071303 0.43212064573281533 -0.7641365273946314
vn -0.47329623097648105 0.4296965563011827 -0.7689938538417339
vn -0.48411815998702595 0.4318161934212321 -0.7610285029287494
vn -0.40118102375438575 0.43417945555788656 -0.8065618305814131
vn -0.40118102375438575 0.43417945555788656 -0.8065618305814131
vn -0.40118102375438575 0.43417945555788656 -0.8065618305814131
vn -0.3932132325509618 0.1682056573329912 -0.9039304235326964
vn -0.38900581036968573 0.1700025416494441 -0.9054135051628914
vn -0.3985834061170511 0.16059331587512107 -0.9029623775464644
vn -0.3702906865021729 0.1691957498696039 -0.9133770337137954
vn -0.37770841878759454 0.16380365174909944 -0.911320313638753
vn -0.3812959506620069 0.16119828893277544 -0.9102903436013707
vn 0.9774581530560237 0.06369726955534098 -0.20129137307768877
vn 0.9784765527676188 0.06979832372307558 -0.19419533900031247
vn 0.9716897305396729 0.10589887646375756 -0.2111977640209567
vn 0.9820935083997903 0.03999973430527005 -0.18409878330532
vn 0.980148212592957 0.08310408837729816 -0.18000886602000957
vn 0.979790999529303 0.08029926680880037 -0.18319832147522122
vn 0.9640180965790524 0.21510404618834353 -0.15620294101425872
vn 0.9640180965790524 0.21510404618834353 -0.15620294101425872
vn 0.9640180965790524 0.21510404618834353 -0.15620294101425872
vn 0.9653157411092258 0.21390348269606932 -0.14970243838107233
vn 0.9653157411092258 0.21390348269606932 -0.14970243838107233
vn 0.9653157411092258 0.21390348269606932 -0.14970243838107233
vn 0.03940022142860936 -0.4171023550858274 0.9080050924599669
vn 0.036101688345602324 -0.4127192971809177 0.9101425436892213
vn 0.049298182292379006 -0.3979853269356904 0.9160662469311699
vn -0.011300029725064708 -0.4162010934612333 0.9092023752333065
vn -0.0024999355488228223 -0.3970897730241872 0.9177763684481373
vn 0 -0.40061946563651124 0.9162445327275444
vn -0.03909971112713504 -0.2536981217447156 0.9664928740621828
vn -0.04129814901660575 -0.25118873977018635 0.9670567097644626
vn -0.034601635101122186 -0.23801124701202742 0.9706458536171205
vn -0.04929840461735059 -0.25769165650612463 0.9649687442965773
vn -0.04490051444714995 -0.24210277375711514 0.9692111177351881
vn -0.04290104139019267 -0.24440592870431865 0.9687235119794586
vn -0.9023537589204301 0.4004794695206577 -0.15929183360933133
vn -0.8708273503250998 0.41301295053451936 -0.26660838061947
vn -0.991226163067832 0.11110293898158206 -0.07160188963622757
vn -0.8423281295553 0.2868095758464648 -0.4563152302549639
vn -0.9695039018690538 0.10010040550579383 -0.22370090093304487
vn -0.9775646419140043 0.0982964493428988 -0.18629326054939208
vn -0.9554918347848312 -0.08469927887158817 -0.2825975686699193
vn -0.9542751008650528 -0.08599776027902636 -0.2862925376184027
vn -0.9578892628641447 -0.09799890021008226 -0.26989697228238785
vn -0.9495579874346045 -0.08869607391823123 -0.30078669347335685
vn -0.9524254876553956 -0.10140271339734909 -0.2874076898415159
vn -0.953549554139846 -0.10019469791331549 -0.2840849702285573
vn 0.39281331009654447 0.4050137212953256 -0.8256279967234083
vn 0.39281331009654447 0.4050137212953256 -0.8256279967234083
vn 0.39281331009654447 0.4050137212953256 -0.8256279967234083
vn 0.42511962110192036 0.3988183940419959 -0.8125375045669727
vn 0.42511962110192036 0.3988183940419959 -0.8125375045669727
vn 0.42511962110192036 0.3988183940419959 -0.8125375045669727
vn 0.45080806957382025 0.30190540247431824 -0.840015007225434
vn 0.453108104142881 0.30040536459187483 -0.839314996222793
vn 0.4436777460431786 0.2963851540445486 -0.8457575882769449
vn 0.4658902248237558 0.29679375782140915 -0.8335824876590898
vn 0.45879913247500653 0.29139944215792934 -0.8393984281318548
vn 0.45659042871932803 0.29289384958426395 -0.8400823610084972
vn 0.7782018752245943 -0.31170074928665187 0.5452013245499914
vn 0.7713725961252991 -0.2987893865325951 0.5618800765665141
vn 0.8053982785869718 -0.24329948157279255 0.5404988206421479
vn 0.7415163018734278 -0.34100747837433315 0.5778126631952039
vn 0.755666633509459 -0.2722879848900149 0.5956737297254394
vn 0.7578924514567974 -0.27669723429287457 0.5907941033553739
vn 0.7408775158925082 -0.047198570666539104 0.6699797022089417
vn 0.7375104879356562 -0.04230060164837324 0.674009598807833
vn 0.7460708974078368 -0.011099566674454378 0.6657739974350939
vn 0.7414762172626171 -0.05429825595351957 0.6687785273424428
vn 0.7460469046717442 -0.018301151387646836 0.6656418585753123
vn 0.748806932682995 -0.022500209818250048 0.662406157975618
vn -0.7802126879131311 -0.21850355526790752 0.5861095102066265
vn -0.7815936718223092 -0.21409827021258468 0.5858952661178443
vn -0.7745737967427481 -0.2074929687280826 0.597479791564477
vn -0.7989143794135909 -0.20860375200010797 0.564110174538338
vn -0.7946943015267302 -0.19599858289831823 0.5744958856447918
vn -0.7937157598421011 -0.19930396844364762 0.5747114238823599
vn -0.7853153817705752 -0.2793054690943333 0.5525108198836743
vn -0.7863088893769387 -0.27730313391289735 0.5521062419579144
vn -0.7840307786176725 -0.2702106288125019 0.5588219343019015
vn -0.7867703499191123 -0.28098938939882706 0.5495792750217499
vn -0.7855735325215355 -0.27179085196485514 0.5558812443227907
vn -0.7846084334027731 -0.27370293397852075 0.5563059501432603
vn -0.4762944193685217 -0.7426912770094841 0.4706944796069151
vn -0.4762944193685217 -0.7426912770094841 0.4706944796069151
vn -0.4762944193685217 -0.7426912770094841 0.4706944796069151
vn -0.48381212771739396 -0.7437186794958556 0.46131155507152555
vn -0.48381212771739396 -0.7437186794958556 0.46131155507152555
vn -0.48381212771739396 -0.7437186794958556 0.46131155507152555
vn -0.7793035683411095 0.452602089545346 -0.43340200381401167
vn -0.7586938575244451 0.014099885863326233 -0.6512947288081781
vn -0.679115255811791 0.013000292749961834 -0.7339165223048878
vn -0.726109001317575 0.4397054416221061 -0.5286065103775229
vn -0.6842875651710171 -0.04049926384750535 -0.7280867652829098
vn -0.6593139512597558 0.4234089552836778 -0.6213131016322068
vn 0.47601199017706747 0.7458187874170426 -0.46601171824691234
vn 0.47760607568895147 0.7512095635727345 -0.4556057814183897
vn 0.47990075198224647 0.7492011565503538 -0.4565007067579268
vn 0.47919182363121615 0.7457872844600248 -0.4627920942526261
vn 0.48258957251264906 0.7494837768620567 -0.4531902169317487
vn 0.48178717342657934 0.7436802440688881 -0.46348766337764197
vn 0.44302281464942045 -0.4880251499930915 0.7520387215259106
vn 0.6829193591574294 0.01590045140155382 0.7303206997841653
vn 0.5807047739109862 -0.052700436782544394 0.8124066897311466
vn 0.8056877389243973 -0.40939375396843636 0.428093472922122
vn 0.8834947949589467 0.07919953476823492 0.46169728283036704
vn 0.6995006863843105 -0.48560045427207305 0.5243004754514672
vn 0.10070442597835585 -0.9766429301059752 -0.18980833928567278
vn 0.10070442597835585 -0.9766429301059752 -0.18980833928567278
vn 0.10070442597835585 -0.9766429301059752 -0.18980833928567278
vn 0.10070442597835585 -0.9766429301059752 -0.18980833928567278
vn 0.10070442597835585 -0.9766429301059752 -0.18980833928567278
vn 0.10070442597835585 -0.9766429301059752 -0.18980833928567278
vn -0.8711061608028621 0.31010217931796863 -0.3808026982487714
vn -0.8711061608028621 0.31010217931796863 -0.3808026982487714
vn -0.6097917366501484 0.04989932440664295 -0.7909893143001091
vn 0 0 1
vn 0 0 1
vn 0.5863079333311294 0.34930471432811555 0.7309098602845178
vn 0 0 1
vn 0 0 1
vn 0 0 1
vn 0 0 1
vn 0 0 1
vn 0 0 1
vn 0.4381894493488978 0.8807788076654975 -0.17949567807235442
vn 0.4381894493488978 0.8807788076654975 -0.17949567807235442
vn 0.4381894493488978 0.8807788076654975 -0.17949567807235442
vn 0 0 1
vn 0 0 1
vn 0 0 1
vn -0.4536058492736507 -0.851510974882564 0.2630034090259582
vn -0.4536058492736507 -0.851510974882564 0.2630034090259582
vn -0.4536058492736507 -0.851510974882564 0.2630034090259582
vn -0.6411919485186092 0.14219820621067158 -0.7540905484790116
vn 0 0 -0.9999999999999999
vn 0.3428975961926622 -0.07599946301392538 -0.9362933942663961
vn 0.671524190468545 -0.23620850424823145 0.7023252837086095
vn 0.671524190468545 -0.23620850424823145 0.7023252837086095
vn -0.9704721750320585 -0.1446958581295759 -0.19299447175681247
vn 0 0 1
vn 0 0 -1
vn -0.23600618835086118 -0.31340821635424326 -0.9198240967607609
vn 0.8318920003170513 0.056099460190893874 0.5520946933043149
vn 0.8361761597497263 0.06339819287226743 0.5447844518768237
vn 0.8346505785560732 0.06240378199210074 0.5472332041361296
vn 0.8384510050572219 0.05560338075708461 0.5421329875288141
vn 0.8411913794486834 0.06179936643933074 0.5371944726529848
vn 0.8369117403435831 0.05460076660428972 0.5446076524997596
vn 0.5749913077113044 -0.19659703709953294 0.794188013671907
vn 0.7480975698137946 0.2840990797526626 0.5996980397853446
vn 0.6527225476553997 0.2256077951882175 0.7232249985533935
vn 0.8033925886883037 -0.22329794067696238 0.5519949077030821
vn 0.934520683593446 0.1958043444911348 0.29720657902279884
vn 0.7366375458655783 -0.24401244590775792 0.6307321557232131
vn 0.520384795742765 0.27489196425446044 -0.8084763894809082
vn 0.5136106559335685 0.26270544603677654 -0.8168169579129144
vn 0.5146889797427369 0.26069440782644515 -0.8167825168668826
vn 0.5183959311410794 0.2729978520820347 -0.8103936274027388
vn 0.5129750750293715 0.2584874443496156 -0.8185602076281346
vn 0.5195970618417431 0.27099847892228307 -0.8102954508987672
vn 0.5228932919216794 0.495493655673416 -0.6935911205102783
vn 0.5208257027186503 0.492124291913632 -0.6975344211550641
vn 0.5212925037154756 0.4916929061525626 -0.6974899365648926
vn 0.48449675815377324 0.507696638448663 -0.7123952657383482
vn 0.4830899134353509 0.5036895043424662 -0.7161850450492986
vn 0.4851133061323012 0.5072139138516204 -0.7123195391175994
vn -0.8346819119899094 -0.0558987894578402 -0.5478881556796215
vn -0.8346819119899094 -0.0558987894578402 -0.5478881556796215
vn -0.8346819119899094 -0.0558987894578402 -0.5478881556796215
vn -0.8391086558980645 -0.057600592971891046 -0.5409055696572461
vn -0.8391086558980645 -0.057600592971891046 -0.5409055696572461
vn -0.8391086558980645 -0.057600592971891046 -0.5409055696572461
vn -0.7939136427340853 0.2846048756970506 -0.5373092150802566
vn -0.8364340415491961 -0.18660760045076175 -0.5153209656046286
vn -0.7581993735693683 -0.23239981121248962 -0.6091995056362215
vn -0.7540019685706548 0.21840056938453725 -0.6195015921562164
vn -0.7284303308483089 -0.2701112475559734 -0.6296262121639942
vn -0.7212707124987845 0.1776927812741876 -0.669472803610826
vn -0.528421772732189 -0.27021114571165794 0.8048331298075172
vn -0.5153781560010593 -0.2618889115462343 0.815965412456972
vn -0.5185825879581152 -0.25989128400529926 0.8145726609485128
vn -0.5145011817039343 -0.27380060283833546 0.8126018483307919
vn -0.5049909231670319 -0.26329527157244326 0.8219852598961263
vn -0.517877524077098 -0.2716882087173733 0.811164833618741
vn -0.528415554176512 -0.5084149846712132 0.6799199993132277
vn -0.5173890670469896 -0.5024893539453648 0.6926853560396782
vn -0.5211030927532531 -0.5022030028169177 0.6901041303199579
vn -0.48649313740251054 -0.4993929504173442 0.7168898857800422
vn -0.47999345309251124 -0.49219328486657854 0.7261900958568455
vn -0.4903991469618013 -0.4989991586080205 0.7144987868202614
vn 0.23819213209134188 -0.1933936123288433 -0.9517685742449064
vn 0.2303937596346317 -0.2025945183642534 -0.9517742256702352
vn 0.2381115177227477 -0.2013097266953041 -0.9501459356675855
vn 0.2421909671389935 -0.19629267725300337 -0.9501645753726705
vn 0.23581019257697164 -0.20120869213319933 -0.9507410874085851
vn 0.24351419907830238 -0.19951163253550278 -0.9491553841865258
vn 0.8995647429084355 0.026498960246029248 -0.435982887762765
vn 0.8995647429084355 0.026498960246029248 -0.435982887762765
vn 0.8995647429084355 0.026498960246029248 -0.435982887762765
vn 0.899018133943769 0.026500534548190534 -0.43710881540976027
vn 0.899018133943769 0.026500534548190534 -0.43710881540976027
vn 0.899018133943769 0.026500534548190534 -0.43710881540976027
vn 0.8828702872352306 0.233092152489909 0.40768628179619004
vn 0.8828702872352306 0.233092152489909 0.40768628179619004
vn 0.8828702872352306 0.233092152489909 0.40768628179619004
vn 0.8816916652890916 0.23279781167186708 0.41039613331577396
vn 0.8816916652890916 0.23279781167186708 0.41039613331577396
vn 0.8816916652890916 0.23279781167186708 0.41039613331577396
vn 0.20189487587087507 0.2624933190067591 0.943576025857959
vn 0.20189487587087507 0.2624933190067591 0.943576025857959
vn 0.20189487587087507 0.2624933190067591 0.943576025857959
vn 0.2021004600039565 0.26260061040586274 0.9435021587048211
vn 0.2021004600039565 0.26260061040586274 0.9435021587048211
vn 0.2021004600039565 0.26260061040586274 0.9435021587048211
vn -0.6369835301078721 0.09189761886611772 0.7653801735203566
vn -0.6259053533378979 0.10420089421181612 0.7729066323356393
vn -0.6295618881549383 0.10329374653735894 0.7700533948428933
vn -0.6294068244836093 0.08860096081058996 0.7720083672065345
vn -0.6227888210082881 0.0998982078285565 0.7759861032903548
vn -0.633278270118407 0.08739699705394208 0.7689736000031415
vn 0.4558814261300598 0.8747643602954742 0.16419329848222294
vn 0.4558814261300598 0.8747643602954742 0.16419329848222294
vn 0.4558814261300598 0.8747643602954742 0.16419329848222294
vn 0.4559213129579799 0.8747408755435778 0.16420766438850212
vn 0.4559213129579799 0.8747408755435778 0.16420766438850212
vn 0.4559213129579799 0.8747408755435778 0.16420766438850212
vn -0.9883890226646144 -0.15089833305257294 0.01779980219112937
vn -0.9894107804704613 -0.1443015669113758 0.015600169093770563
vn -0.9894107804704613 -0.1443015669113758 0.015600169093770563
vn -0.9888257053310439 -0.14760383382698983 0.020900543441212165
vn -0.989340634165555 -0.1449059438631977 0.014400591030000562
vn -0.9885382619538695 -0.1497057954772915 0.019500755209325
vn -0.6013848510094248 -0.27679302599860345 -0.7494810749678127
vn -0.6013848510094248 -0.27679302599860345 -0.7494810749678127
vn -0.6013848510094248 -0.27679302599860345 -0.7494810749678127
vn -0.5997026300969158 -0.2774012155710091 -0.7506033047186564
vn -0.5997026300969158 -0.2774012155710091 -0.7506033047186564
vn -0.5997026300969158 -0.2774012155710091 -0.7506033047186564
vn -0.33898541558301853 -0.5682755818209985 0.7497677981402066
vn -0.33898541558301853 -0.5682755818209985 0.7497677981402066
vn -0.33898541558301853 -0.5682755818209985 0.7497677981402066
vn -0.3389915654375457 -0.5683859055543373 0.7496813862764488
vn -0.3389915654375457 -0.5683859055543373 0.7496813862764488
vn -0.3389915654375457 -0.5683859055543373 0.7496813862764488
vn 0.224797759595768 -0.11419886248178925 -0.967690336362097
vn 0.23110722145472193 -0.09750304607866624 -0.9680302723556012
vn 0.2335985969761485 -0.10079939234023141 -0.9670941929277701
vn 0.21810635454199365 -0.10980320438050749 -0.9697282477148815
vn 0.227611137218051 -0.09560468233123942 -0.9690474265641741
vn 0.22019336389369237 -0.11229661561222207 -0.9689707697444856
vn -0.30678689680301113 -0.9019614632819293 -0.303887016347029
vn -0.30678689680301113 -0.9019614632819293 -0.303887016347029
vn -0.30678689680301113 -0.9019614632819293 -0.303887016347029
vn -0.30681457341832796 -0.9019428119091667 -0.3039144313511862
vn -0.30681457341832796 -0.9019428119091667 -0.3039144313511862
vn -0.30681457341832796 -0.9019428119091667 -0.3039144313511862
vn 0 0 1
vn 0 0 1
vn 0 0 1
vn 0 0 1
vn 0 0 1
vn 0 0 1
vn -0.47201377222257024 0.7910230839327215 0.3892113558438218
vn -0.47201377222257024 0.7910230839327215 0.3892113558438218
vn -0.47201377222257024 0.7910230839327215 0.3892113558438218
vn -0.4718986912854855 0.7910978542509379 0.38919893391761423
vn -0.4718986912854855 0.7910978542509379 0.38919893391761423
vn -0.4718986912854855 0.7910978542509379 0.38919893391761423
vn 0.7499756694124624 -0.655078736026899 -0.09169702773115979
vn 0.7499756694124624 -0.655078736026899 -0.09169702773115979
vn 0.7499756694124624 -0.655078736026899 -0.09169702773115979
vn 0.7497967432442403 -0.6552971517891238 -0.09159959976655345
vn 0.7497967432442403 -0.6552971517891238 -0.09159959976655345
vn 0.7497967432442403 -0.6552971517891238 -0.09159959976655345
vn -0.7368097778304094 0.6711089127184617 -0.08200108879366692
vn -0.7368097778304094 0.6711089127184617 -0.08200108879366692
vn -0.7368097778304094 0.6711089127184617 -0.08200108879366692
vn -0.7368097778304094 0.6711089127184617 -0.08200108879366692
vn -0.7368097778304094 0.6711089127184617 -0.08200108879366692
vn -0.7368097778304094 0.6711089127184617 -0.08200108879366692
vn 0.03929998090389161 0.8753996163269379 0.4817997750472738
vn 0.03929998090389161 0.8753996163269379 0.4817997750472738
vn 0.03929998090389161 0.8753996163269379 0.4817997750472738
vn 0.03929998090389161 0.8753996163269379 0.4817997750472738
vn 0.03929998090389161 0.8753996163269379 0.4817997750472738
vn 0.03929998090389161 0.8753996163269379 0.4817997750472738
vn 0.24270135027920584 -0.26570149546346944 -0.9330052357201037
vn 0.25248940728765706 -0.2506894821155224 -0.9345607967190678
vn 0.2558000896707899 -0.2557000730452264 -0.932300266421222
vn 0.23990691006058978 -0.26180753969867654 -0.9348269822069248
vn 0.2537117307271478 -0.25101160475521705 -0.9341432074203858
vn 0.24320743075546644 -0.26550811669497215 -0.9329284997224674
vn -0.5855804541577982 -0.7777740379916478 0.22839237626180436
vn -0.5855804541577982 -0.7777740379916478 0.22839237626180436
vn -0.5855804541577982 -0.7777740379916478 0.22839237626180436
vn -0.5855938256786888 -0.7777917981845013 0.2282975908850498
vn -0.5855938256786888 -0.7777917981845013 0.2282975908850498
vn -0.5855938256786888 -0.7777917981845013 0.2282975908850498
vn 0.7319781697319206 -0.47018598381466853 0.4930852863959132
vn 0.7319781697319206 -0.47018598381466853 0.4930852863959132
vn 0.7319781697319206 -0.47018598381466853 0.4930852863959132
vn 0.7321261091175295 -0.4698167436856516 0.49321758656909026
vn 0.7321261091175295 -0.4698167436856516 0.49321758656909026
vn 0.7321261091175295 -0.4698167436856516 0.49321758656909026
vn 0.24748861652514612 -0.43138015515185246 0.867560111134458
vn 0.24748861652514612 -0.43138015515185246 0.867560111134458
vn 0.24748861652514612 -0.43138015515185246 0.867560111134458
vn 0.247394740831816 -0.43139082924859834 0.8675815780945129
vn 0.247394740831816 -0.43139082924859834 0.8675815780945129
vn 0.247394740831816 -0.43139082924859834 0.8675815780945129
vn 0 0 1
vn 0 0 1
vn 0 0 1
vn 0 0 1
vn 0 0 1
vn 0 0 1
vn 0.8972735359400719 0.04389870680917093 -0.43928704196923785
vn 0.8972735359400719 0.04389870680917093 -0.43928704196923785
vn 0.8972735359400719 0.04389870680917093 -0.43928704196923785
vn 0.8972735359400719 0.04389870680917093 -0.43928704196923785
vn 0.8972735359400719 0.04389870680917093 -0.43928704196923785
vn 0.8972735359400719 0.04389870680917093 -0.43928704196923785
vn 0.07089920012276531 0.6580925785695556 -0.7495915297371132
vn 0.07089920012276531 0.6580925785695556 -0.7495915297371132
vn 0.07089920012276531 0.6580925785695556 -0.7495915297371132
vn 0.07089855060191219 0.6579865351117523 -0.749684677137114
vn 0.07089855060191219 0.6579865351117523 -0.749684677137114
vn 0.07089855060191219 0.6579865351117523 -0.749684677137114
vn 0.8927122021064245 0.15910216784990716 0.421605768930832
vn 0.8927122021064245 0.15910216784990716 0.421605768930832
vn 0.8927122021064245 0.15910216784990716 0.421605768930832
vn 0.8931040846515131 0.15850072161490553 0.42100191831669476
vn 0.8931040846515131 0.15850072161490553 0.42100191831669476
vn 0.8931040846515131 0.15850072161490553 0.42100191831669476
vn 0.21640300399569712 0.1538021325786047 0.964113397830313
vn 0.21640300399569712 0.1538021325786047 0.964113397830313
vn 0.21640300399569712 0.1538021325786047 0.964113397830313
vn 0.21640300399569712 0.1538021325786047 0.964113397830313
vn 0.21640300399569712 0.1538021325786047 0.964113397830313
vn 0.21640300399569712 0.1538021325786047 0.964113397830313
vn -0.6228963125573701 0.0332998035554722 0.781595360071692
vn -0.6228963125573701 0.0332998035554722 0.781595360071692
vn -0.6228963125573701 0.0332998035554722 0.781595360071692
vn -0.6232217525853265 0.033501170176555906 0.7813272801465948
vn -0.6232217525853265 0.033501170176555906 0.7813272801465948
vn -0.6232217525853265 0.033501170176555906 0.7813272801465948
vn -0.9935819468710001 -0.11269795147930009 0.009699823936653971
vn -0.9935819468710001 -0.11269795147930009 0.009699823936653971
vn -0.9935819468710001 -0.11269795147930009 0.009699823936653971
vn -0.9935545911715717 -0.11289483542648326 0.010199534103007488
vn -0.9935545911715717 -0.11289483542648326 0.010199534103007488
vn -0.9935545911715717 -0.11289483542648326 0.010199534103007488
vn -0.6152077527740464 -0.1745022073008622 -0.7688097297601241
vn -0.6152077527740464 -0.1745022073008622 -0.7688097297601241
vn -0.6152077527740464 -0.1745022073008622 -0.7688097297601241
vn -0.6155038326833402 -0.1748010896873777 -0.7685047891823602
vn -0.6155038326833402 -0.1748010896873777 -0.7685047891823602
vn -0.6155038326833402 -0.1748010896873777 -0.7685047891823602
vn -0.5923079519812897 -0.3349044892233913 -0.7328098478580576
vn -0.5923079519812897 -0.3349044892233913 -0.7328098478580576
vn -0.5923079519812897 -0.3349044892233913 -0.7328098478580576
vn -0.5925931652168516 -0.335096137037737 -0.7324915832148923
vn -0.5925931652168516 -0.335096137037737 -0.7324915832148923
vn -0.5925931652168516 -0.335096137037737 -0.7324915832148923
vn 0.9016834883519185 0.013299755920589521 -0.4321920907721108
vn 0.9016834883519185 0.013299755920589521 -0.4321920907721108
vn 0.9016834883519185 0.013299755920589521 -0.4321920907721108
vn 0.9017788899317165 0.013399686254975283 -0.431989909699045
vn 0.9017788899317165 0.013399686254975283 -0.431989909699045
vn 0.9017788899317165 0.013399686254975283 -0.431989909699045
vn 0.8762035706955259 0.275401128658621 0.3955016068664804
vn 0.8762035706955259 0.275401128658621 0.3955016068664804
vn 0.8762035706955259 0.275401128658621 0.3955016068664804
vn 0.8765428393568854 0.2750134434258301 0.39501931181555805
vn 0.8765428393568854 0.2750134434258301 0.39501931181555805
vn 0.8765428393568854 0.2750134434258301 0.39501931181555805
vn 0.19119629775048205 0.33009360287502376 0.9243820579541207
vn 0.19119629775048205 0.33009360287502376 0.9243820579541207
vn 0.19119629775048205 0.33009360287502376 0.9243820579541207
vn 0.19119629775048205 0.33009360287502376 0.9243820579541207
vn 0.19119629775048205 0.33009360287502376 0.9243820579541207
vn 0.19119629775048205 0.33009360287502376 0.9243820579541207
vn -0.6391348737017037 0.13450733295622996 0.7572413027558053
vn -0.6394959929175459 0.1352991431163052 0.7567952278618013
vn -0.6375077742105947 0.13620165935943895 0.7583092679169818
vn -0.6381865401900697 0.13369718162720617 0.7581840169412505
vn -0.6380967898992435 0.13629930589239214 0.7577961374495998
vn -0.6360830790540993 0.13689635238815082 0.7593798161946862
vn -0.9869100417119392 -0.16000162897008266 0.02020020532219339
vn -0.9869100417119392 -0.16000162897008266 0.02020020532219339
vn -0.9869100417119392 -0.16000162897008266 0.02020020532219339
vn -0.9869040165312162 -0.1600006521447493 0.02050008458050503
vn -0.9869040165312162 -0.1600006521447493 0.02050008458050503
vn -0.9874216207024148 -0.1572034366188929 0.016900369363599253
vn 0.2875894432664046 -0.8473688733782138 -0.4463835845452383
vn 0.2875894432664046 -0.8473688733782138 -0.4463835845452383
vn 0.2875894432664046 -0.8473688733782138 -0.4463835845452383
vn 0.28760227804148925 -0.847406690444028 -0.4463035185342428
vn 0.28760227804148925 -0.847406690444028 -0.4463035185342428
vn 0.28760227804148925 -0.847406690444028 -0.4463035185342428
vn -0.5062003743048931 0.6049004311913653 -0.6147004550169833
vn -0.5062003743048931 0.6049004311913653 -0.6147004550169833
vn -0.5062003743048931 0.6049004311913653 -0.6147004550169833
vn -0.5064098300875499 0.6046117616000379 -0.614811923864199
vn -0.5064098300875499 0.6046117616000379 -0.614811923864199
vn -0.5064098300875499 0.6046117616000379 -0.614811923864199
vn -0.09219839408970246 0.9953826354979352 -0.02669953326304948
vn -0.09219839408970246 0.9953826354979352 -0.02669953326304948
vn -0.09219839408970246 0.9953826354979352 -0.02669953326304948
vn -0.09219839408970246 0.9953826354979352 -0.02669953326304948
vn -0.09219839408970246 0.9953826354979352 -0.02669953326304948
vn -0.09219839408970246 0.9953826354979352 -0.02669953326304948
vn 0.15859854596564218 -0.9399913647792835 0.302097228318904
vn 0.15859854596564218 -0.9399913647792835 0.302097228318904
vn 0.15859854596564218 -0.9399913647792835 0.302097228318904
vn 0.15870615425400567 -0.9399364045674589 0.30221170058537083
vn 0.15870615425400567 -0.9399364045674589 0.30221170058537083
vn 0.15870615425400567 -0.9399364045674589 0.30221170058537083
vn 0 0 1
vn 0 0 1
vn 0 0 1
vn 0 0 1
vn 0 0 1
vn 0 0 1
vn 0 0 1
vn 0 0 1
vn 0 0 1
vn 0 0 1
vn 0 0 1
vn 0 0 1
vn 0 0 1
vn 0 0 1
vn 0 0 1
vn 0 0 1
vn 0 0 1
vn 0 0 1
vn 0 0 1
vn 0 0 1
vn 0 0 1
vn 0 0 1
vn 0 0 1
vn 0 0 1
vn 0 0 1
vn 0 0 1
vn 0 0 1
vn 0 0 1
vn 0 0 1
vn 0 0 1
vn 0 0 1
vn 0 0 1
vn 0 0 1
vn 0 0 1
vn 0 0 1
vn 0 0 1
vn 0 0 1
vn 0 0 1
vn 0 0 1
vn 0 0 1
vn 0 0 1
vn 0 0 1
vn 0 0 1
vn 0 0 1
vn 0 0 1
vn 0 0 1
vn 0 0 1
vn 0 0 1
vn 0 0 1
vn 0 0 1
vn 0 0 1
vn 0 0 1
vn 0 0 1
vn 0 0 1
vn 0 0 1
vn 0 0 1
vn 0 0 1
vn 0 0 1
vn 0 0 1
vn 0 0 1
vn 0 0 1
vn 0 0 1
vn 0 0 1
vn 0 0 1
vn 0 0 1
vn 0 0 1
vn 0 0 1
vn 0 0 1
vn 0 0 1
vn 0 0 1
vn 0 0 1
vn 0 0 1
vn -0.03329985508784573 0.9871956909191983 -0.15599931885010046
vn -0.03329985508784573 0.9871956909191983 -0.15599931885010046
vn -0.03329985508784573 0.9871956909191983 -0.15599931885010046
vn -0.03329985508784573 0.9871956909191983 -0.15599931885010046
vn -0.03329985508784573 0.9871956909191983 -0.15599931885010046
vn -0.03329985508784573 0.9871956909191983 -0.15599931885010046
vn -0.1741917832685054 0.965454465055194 -0.19379086290825798
vn -0.1741917832685054 0.965454465055194 -0.19379086290825798
vn -0.1741917832685054 0.965454465055194 -0.19379086290825798
vn -0.17409481794469323 0.9654712775824323 -0.19379423760305625
vn -0.17409481794469323 0.9654712775824323 -0.19379423760305625
vn -0.17409481794469323 0.9654712775824323 -0.19379423760305625
vn -0.1748094313176294 0.9838531106578458 -0.03840207509091118
vn -0.1748094313176294 0.9838531106578458 -0.03840207509091118
vn -0.1748094313176294 0.9838531106578458 -0.03840207509091118
vn -0.17479223051935375 0.9838563141951606 -0.03839829642552667
vn -0.17479223051935375 0.9838563141951606 -0.03839829642552667
vn -0.17479223051935375 0.9838563141951606 -0.03839829642552667
vn -0.033398641442535605 0.9962594827990352 -0.07969676080489116
vn -0.033398641442535605 0.9962594827990352 -0.07969676080489116
vn -0.033398641442535605 0.9962594827990352 -0.07969676080489116
vn -0.033398641442535605 0.9962594827990352 -0.07969676080489116
vn -0.033398641442535605 0.9962594827990352 -0.07969676080489116
vn -0.033398641442535605 0.9962594827990352 -0.07969676080489116
vn -0.09169543607394706 0.9739514738566576 -0.2073896660290797
vn -0.09169543607394706 0.9739514738566576 -0.2073896660290797
vn -0.09169543607394706 0.9739514738566576 -0.2073896660290797
vn -0.0916973369974664 0.973971664689949 -0.20729398150612702
vn -0.0916973369974664 0.973971664689949 -0.20729398150612702
vn -0.0916973369974664 0.973971664689949 -0.20729398150612702
vn -0.2151958395082887 0.969681200113408 -0.11579775820344695
vn -0.2151958395082887 0.969681200113408 -0.11579775820344695
vn -0.2151958395082887 0.969681200113408 -0.11579775820344695
vn -0.21519833038906516 0.9696924241234363 -0.1156990976428614
vn -0.21519833038906516 0.9696924241234363 -0.1156990976428614
vn -0.21519833038906516 0.9696924241234363 -0.1156990976428614
vn 0.15839930299232433 -0.9398958502719943 0.3024986800847745
vn 0.15839930299232433 -0.9398958502719943 0.3024986800847745
vn 0.15839930299232433 -0.9398958502719943 0.3024986800847745
vn 0.15839930299232433 -0.9398958502719943 0.3024986800847745
vn 0.15839930299232433 -0.9398958502719943 0.3024986800847745
vn 0.15839930299232433 -0.9398958502719943 0.3024986800847745
vn 0.15889681077748 -0.9397812048058767 0.30259393684996533
vn 0.15889681077748 -0.9397812048058767 0.30259393684996533
vn 0.15889681077748 -0.9397812048058767 0.30259393684996533
vn 0.15889681077748 -0.9397812048058767 0.30259393684996533
vn 0.15889681077748 -0.9397812048058767 0.30259393684996533
vn 0.15889681077748 -0.9397812048058767 0.30259393684996533
vn 0.1589011037690417 -0.9399065530149057 0.30220210260787106
vn 0.1589011037690417 -0.9399065530149057 0.30220210260787106
vn 0.1589011037690417 -0.9399065530149057 0.30220210260787106
vn 0.15890590461636564 -0.9399349502239417 0.3021112424680202
vn 0.15890590461636564 -0.9399349502239417 0.3021112424680202
vn 0.15890590461636564 -0.9399349502239417 0.3021112424680202
vn 0.15839399224542128 -0.9399643506302598 0.302288542232072
vn 0.15839399224542128 -0.9399643506302598 0.302288542232072
vn 0.15839399224542128 -0.9399643506302598 0.302288542232072
vn 0.15839399224542128 -0.9399643506302598 0.302288542232072
vn 0.15839399224542128 -0.9399643506302598 0.302288542232072
vn 0.15839399224542128 -0.9399643506302598 0.302288542232072
vn 0.15859957876586975 -0.9397975129926386 0.3026992041419006
vn 0.15859957876586975 -0.9397975129926386 0.3026992041419006
vn 0.15859957876586975 -0.9397975129926386 0.3026992041419006
vn 0.15860437977104125 -0.9398259618243135 0.3026083478664245
vn 0.15860437977104125 -0.9398259618243135 0.3026083478664245
vn 0.15860437977104125 -0.9398259618243135 0.3026083478664245
vn 0.15900390283095198 -0.939823125581636 0.3024074263415002
vn 0.15900390283095198 -0.939823125581636 0.3024074263415002
vn 0.15900390283095198 -0.939823125581636 0.3024074263415002
vn 0.15899909294166611 -0.9397946958066314 0.3024982945033713
vn 0.15899909294166611 -0.9397946958066314 0.3024982945033713
vn 0.15899909294166611 -0.9397946958066314 0.3024982945033713
vn 0.16469908623209237 0.2904983708951765 -0.942594773750397
vn 0.16409850962489916 0.28889735315797355 -0.9431913901627833
vn 0.16390039113260255 0.28930068008759213 -0.9431022098836566
vn 0.1651974329018722 0.2895955231882764 -0.9427853632253418
vn 0.16449935242612876 0.28799885719522683 -0.9433963224995249
vn 0.16500410212748157 0.289907200657661 -0.9427234277814158
vn 0.769268263111532 0.45438126649175964 -0.44918148228829674
vn 0.769268263111532 0.45438126649175964 -0.44918148228829674
vn 0.769268263111532 0.45438126649175964 -0.44918148228829674
vn 0.7697131105559363 0.4528077238094329 -0.4500076584868588
vn 0.7697131105559363 0.4528077238094329 -0.4500076584868588
vn 0.7697131105559363 0.4528077238094329 -0.4500076584868588
vn 0.7450350408386534 0.5839274346356484 0.32241516558992156
vn 0.7450350408386534 0.5839274346356484 0.32241516558992156
vn 0.7450350408386534 0.5839274346356484 0.32241516558992156
vn 0.7458938401690478 0.5828951932643275 0.3222973361156015
vn 0.7458938401690478 0.5828951932643275 0.3222973361156015
vn 0.7458938401690478 0.5828951932643275 0.3222973361156015
vn 0.13940177936220316 0.5867074886373125 0.7977101395165725
vn 0.13940177936220316 0.5867074886373125 0.7977101395165725
vn 0.13940177936220316 0.5867074886373125 0.7977101395165725
vn 0.13939360399194772 0.5867730329322945 0.7976633569304613
vn 0.13939360399194772 0.5867730329322945 0.7976633569304613
vn 0.13939360399194772 0.5867730329322945 0.7976633569304613
vn -0.606193953270556 0.4599954352739557 0.6487935654315163
vn -0.6082080646463891 0.46680618347910124 0.6420085179845899
vn -0.6078947885412089 0.46709597199852615 0.6420944471082046
vn -0.6041726959174103 0.46267909547892555 0.6487706899318832
vn -0.6052155951867572 0.4697121178650351 0.642716585808615
vn -0.6045141337342322 0.46231081483198394 0.648715170629559
vn -0.9527989252096818 0.3010996538118773 -0.03889995621646066
vn -0.9527989252096818 0.3010996538118773 -0.03889995621646066
vn -0.9527989252096818 0.3010996538118773 -0.03889995621646066
vn -0.9523620633614208 0.30238793842846223 -0.03959842121803992
vn -0.9523620633614208 0.30238793842846223 -0.03959842121803992
vn -0.9523620633614208 0.30238793842846223 -0.03959842121803992
vn -0.6141893887086485 0.22029619928650856 -0.7577868957547469
vn -0.6141893887086485 0.22029619928650856 -0.7577868957547469
vn -0.6141893887086485 0.22029619928650856 -0.7577868957547469
vn -0.6140242156956663 0.22060868630797437 -0.7578298424216293
vn -0.6140242156956663 0.22060868630797437 -0.7578298424216293
vn -0.6140242156956663 0.22060868630797437 -0.7578298424216293
vn 0.2898063831906906 -0.5983131826521639 -0.7470164628216497
vn 0.2898063831906906 -0.5983131826521639 -0.7470164628216497
vn 0.2898063831906906 -0.5983131826521639 -0.7470164628216497
vn 0.28980205972843076 -0.598204299042635 -0.7471053358021671
vn 0.28980205972843076 -0.598204299042635 -0.7471053358021671
vn 0.28980205972843076 -0.598204299042635 -0.7471053358021671
vn 0.8938222394984524 -0.3475086350450453 -0.28340704427924995
vn 0.8938222394984524 -0.3475086350450453 -0.28340704427924995
vn 0.8938222394984524 -0.3475086350450453 -0.28340704427924995
vn 0.8939044405150061 -0.3473017271323884 -0.2834014141785711
vn 0.8939044405150061 -0.3473017271323884 -0.2834014141785711
vn 0.8939044405150061 -0.3473017271323884 -0.2834014141785711
vn 0.871584498224559 -0.09779826520147311 0.48039146722045983
vn 0.8668801805841245 -0.10839752048668874 0.48658887170050774
vn 0.8679642072862269 -0.11179539365032475 0.48388007277481515
vn 0.869445759435549 -0.09869384690950214 0.48406982552287353
vn 0.8667698254065804 -0.1065962892953264 0.48718302605192737
vn 0.8694878497482856 -0.09869862472897681 0.48399324439160457
vn 0.23739064216791214 -0.05489783876709826 0.9698617995930182
vn 0.23739064216791214 -0.05489783876709826 0.9698617995930182
vn 0.23739064216791214 -0.05489783876709826 0.9698617995930182
vn 0.23739064216791214 -0.05489783876709826 0.9698617995930182
vn 0.23739064216791214 -0.05489783876709826 0.9698617995930182
vn 0.23739064216791214 -0.05489783876709826 0.9698617995930182
vn -0.5287196239568579 -0.23390868005472987 0.8159303209453443
vn -0.5287196239568579 -0.23390868005472987 0.8159303209453443
vn -0.5287196239568579 -0.23390868005472987 0.8159303209453443
vn -0.528804044473923 -0.23380177746519998 0.8159062516013309
vn -0.528804044473923 -0.23380177746519998 0.8159062516013309
vn -0.528804044473923 -0.23380177746519998 0.8159062516013309
vn -0.8510695641854366 -0.5074818279285433 0.13469517897651528
vn -0.8510695641854366 -0.5074818279285433 0.13469517897651528
vn -0.8510695641854366 -0.5074818279285433 0.13469517897651528
vn -0.8511127590718147 -0.5074075663933058 0.13470201524842113
vn -0.8511127590718147 -0.5074075663933058 0.13470201524842113
vn -0.8511127590718147 -0.5074075663933058 0.13470201524842113
vn -0.48681813047312245 -0.669524948707282 -0.5610209005920949
vn -0.48681813047312245 -0.669524948707282 -0.5610209005920949
vn -0.48681813047312245 -0.669524948707282 -0.5610209005920949
vn -0.4868128424418955 -0.6696176952703227 -0.5609147873024063
vn -0.4868128424418955 -0.6696176952703227 -0.5609147873024063
vn -0.4868128424418955 -0.6696176952703227 -0.5609147873024063
vn 0.49539998464136276 0.7835999301787959 -0.374899992852926
vn 0.49539998464136276 0.7835999301787959 -0.374899992852926
vn 0.49539998464136276 0.7835999301787959 -0.374899992852926
vn 0.495208527124735 0.7838134896956338 -0.37470645582122436
vn 0.495208527124735 0.7838134896956338 -0.37470645582122436
vn 0.495208527124735 0.7838134896956338 -0.37470645582122436
vn -0.8802760744133462 0.33719082684494334 0.33379092124719684
vn -0.8768558406425178 0.337182998462445 0.34268273997821697
vn -0.8768375104898704 0.33851447423843756 0.34141460268857976
vn -0.8798016606197687 0.33280062087604884 0.33940062568477075
vn -0.8766350512437845 0.33351332269650424 0.3468138557133276
vn -0.8798371193966573 0.33401407489873647 0.33811424267743223
vn -0.8427036339137909 0.1402006077942644 -0.5198022460153574
vn -0.8482507732207313 0.1613096545336021 -0.504430194461713
vn -0.8452555168881527 0.15339192797091367 -0.5118730580949808
vn -0.8529973264057448 0.14209956341432375 -0.5021984420745546
vn -0.8561902025954461 0.1548982306529717 -0.4928943853607463
vn -0.8494924936911185 0.1343988075539148 -0.51019551516113
vn -0.17389995623105695 -0.15429997135250015 -0.9725997758911186
vn -0.1776954534225615 -0.14679624215050438 -0.9730751199796658
vn -0.17389995623105695 -0.15429997135250015 -0.9725997758911186
vn -0.1800013566234053 -0.1510011251418646 -0.9720072900033336
vn -0.1800013566234053 -0.1510011251418646 -0.9720072900033336
vn -0.17539781438621857 -0.15829802149258748 -0.9716878835820019
vn 0.6248853493595143 -0.33919204657342716 -0.7031835149498085
vn 0.6248853493595143 -0.33919204657342716 -0.7031835149498085
vn 0.6248853493595143 -0.33919204657342716 -0.7031835149498085
vn 0.6247804726008229 -0.3391893743908626 -0.7032779886766168
vn 0.6247804726008229 -0.3391893743908626 -0.7032779886766168
vn 0.6247693114556728 -0.34068325182602155 -0.702565462706823
vn 0.959745980459699 -0.263512632825155 0.09720465695122919
vn 0.9573001694044978 -0.274400042256976 0.091000013557635
vn 0.9565120024765317 -0.2765034580532782 0.09290116685442892
vn 0.9595846807447671 -0.26609574916608847 0.0915985412312964
vn 0.9564704332133811 -0.27859139717536574 0.08689731761386255
vn 0.9589348923207264 -0.2679097454238882 0.09310338660190651
vn 0.0802986229778319 0.40679300919414435 -0.9099843838322924
vn 0.0802986229778319 0.40679300919414435 -0.9099843838322924
vn 0.0802986229778319 0.40679300919414435 -0.9099843838322924
vn 0.08030266461190659 0.40691347422708446 -0.9099301657537635
vn 0.08030266461190659 0.40691347422708446 -0.9099301657537635
vn 0.08030266461190659 0.40691347422708446 -0.9099301657537635
vn 0.5648742590249645 0.004899776942889497 0.8251624468411705
vn 0.5695207173750942 0.008800319630848957 0.8219298673578864
vn 0.5648742590249645 0.004899776942889497 0.8251624468411705
vn 0.5752040894439857 0.002600018395916653 0.8180058040082943
vn 0.5752040894439857 0.002600018395916653 0.8180058040082943
vn 0.5704984623554686 -0.0011999967885860225 0.8212977927997573
vn -0.2496121074800805 0.27341327805529664 0.9289450872804108
vn -0.2496121074800805 0.27341327805529664 0.9289450872804108
vn -0.2496121074800805 0.27341327805529664 0.9289450872804108
vn -0.24879232814830274 0.27339158422225646 0.929171361553396
vn -0.24879232814830274 0.27339158422225646 0.929171361553396
vn -0.24879232814830274 0.27339158422225646 0.929171361553396
vn 0.5632884038024444 -0.806683364958286 0.17879631663228204
vn 0.5632884038024444 -0.806683364958286 0.17879631663228204
vn 0.5632884038024444 -0.806683364958286 0.17879631663228204
vn 0.5632884038024444 -0.806683364958286 0.17879631663228204
vn 0.5632884038024444 -0.806683364958286 0.17879631663228204
vn 0.5632884038024444 -0.806683364958286 0.17879631663228204
vn -0.8483801037531378 0.43248986365036407 0.30529283875568536
vn -0.8483801037531378 0.43248986365036407 0.30529283875568536
vn -0.8483801037531378 0.43248986365036407 0.30529283875568536
vn -0.8484469547434428 0.4326239354831282 0.3049168664302922
vn -0.8484469547434428 0.4326239354831282 0.3049168664302922
vn -0.8484469547434428 0.4326239354831282 0.3049168664302922
vn -0.312702312141181 -0.5248038773269232 0.7917058508841442
vn -0.312702312141181 -0.5248038773269232 0.7917058508841442
vn -0.312702312141181 -0.5248038773269232 0.7917058508841442
vn -0.31269396181456294 -0.5246898484300613 0.7917847240248778
vn -0.31269396181456294 -0.5246898484300613 0.7917847240248778
vn -0.31269396181456294 -0.5246898484300613 0.7917847240248778
vn 0.336613297199891 0.8711344062575906 -0.3575141037531985
vn 0.336613297199891 0.8711344062575906 -0.3575141037531985
vn 0.336613297199891 0.8711344062575906 -0.3575141037531985
vn 0.3364013613438154 0.8713035022437334 -0.3573014568453818
vn 0.3364013613438154 0.8713035022437334 -0.3573014568453818
vn 0.3364013613438154 0.8713035022437334 -0.3573014568453818
vn 0.903447680986599 0.3927207114994752 -0.17190907619809426
vn 0.903447680986599 0.3927207114994752 -0.17190907619809426
vn 0.903447680986599 0.3927207114994752 -0.17190907619809426
vn 0.9035553470066804 0.39248062680601176 -0.1718915136869696
vn 0.9035553470066804 0.39248062680601176 -0.1718915136869696
vn 0.9035553470066804 0.39248062680601176 -0.1718915136869696
vn -0.7443115218970442 -0.6303097359427546 -0.22070340991267157
vn -0.7443115218970442 -0.6303097359427546 -0.22070340991267157
vn -0.7443115218970442 -0.6303097359427546 -0.22070340991267157
vn -0.7443115218970442 -0.6303097359427546 -0.22070340991267157
vn -0.7443115218970442 -0.6303097359427546 -0.22070340991267157
vn -0.7443115218970442 -0.6303097359427546 -0.22070340991267157
vn 0.6601083915117147 0.6843087219901123 0.3098039452041823
vn 0.6601083915117147 0.6843087219901123 0.3098039452041823
vn 0.6601083915117147 0.6843087219901123 0.3098039452041823
vn 0.6600272455406859 0.68442824763412 0.3097127846642161
vn 0.6600272455406859 0.68442824763412 0.3097127846642161
vn 0.6600272455406859 0.68442824763412 0.3097127846642161
vn 0.6454922224753826 0.2690967662636892 -0.7147913829294648
vn 0.6454922224753826 0.2690967662636892 -0.7147913829294648
vn 0.6454922224753826 0.2690967662636892 -0.7147913829294648
vn 0.6454922224753826 0.2690967662636892 -0.7147913829294648
vn 0.6454922224753826 0.2690967662636892 -0.7147913829294648
vn 0.6454922224753826 0.2690967662636892 -0.7147913829294648
vn -0.8561977269089773 0.40129895714611746 0.32539913864258885
vn -0.8561170836393784 0.40170799533922147 0.3251064834501908
vn -0.8536152591498041 0.4049072405434356 0.3277058374550468
vn -0.8571980410014428 0.40069907477744215 0.32349925807610513
vn -0.8545888280155942 0.4043946985882132 0.32579573782460863
vn -0.8546703914015584 0.4039860050016435 0.32608868398691643
vn 0.28010070946190135 -0.6551016753824146 0.7017017795831026
vn 0.28010070946190135 -0.6551016753824146 0.7017017795831026
vn 0.28010070946190135 -0.6551016753824146 0.7017017795831026
vn 0.2802112334264647 -0.6550262201247488 0.7017280923624929
vn 0.2802112334264647 -0.6550262201247488 0.7017280923624929
vn 0.2802112334264647 -0.6550262201247488 0.7017280923624929
vn -0.2580988188985473 -0.7866964010946486 -0.5607974431003613
vn -0.2580988188985473 -0.7866964010946486 -0.5607974431003613
vn -0.2580988188985473 -0.7866964010946486 -0.5607974431003613
vn -0.258212456246537 -0.7866379724452901 -0.5608270925573167
vn -0.258212456246537 -0.7866379724452901 -0.5608270925573167
vn -0.258212456246537 -0.7866379724452901 -0.5608270925573167
vn 0.3238878869436619 -0.865067635712345 -0.38308565926463917
vn 0.3238878869436619 -0.865067635712345 -0.38308565926463917
vn 0.3238878869436619 -0.865067635712345 -0.38308565926463917
vn 0.3238107671709377 -0.8651287993973221 -0.3830127250072991
vn 0.3238107671709377 -0.8651287993973221 -0.3830127250072991
vn 0.3238107671709377 -0.8651287993973221 -0.3830127250072991
vn -0.1848979178673625 -0.9661891102333598 0.1796979778260807
vn -0.1848979178673625 -0.9661891102333598 0.1796979778260807
vn -0.1848979178673625 -0.9661891102333598 0.1796979778260807
vn -0.18489459443545966 -0.9661717435493531 0.17979474662889947
vn -0.18489459443545966 -0.9661717435493531 0.17979474662889947
vn -0.18489459443545966 -0.9661717435493531 0.17979474662889947
vn -0.8560966683302785 0.1169995402468078 -0.5033980552761727
vn -0.8560966683302785 0.1169995402468078 -0.5033980552761727
vn -0.8560966683302785 0.1169995402468078 -0.5033980552761727
vn -0.8560966683302785 0.1169995402468078 -0.5033980552761727
vn -0.8560966683302785 0.1169995402468078 -0.5033980552761727
vn -0.8560966683302785 0.1169995402468078 -0.5033980552761727
vn -0.3582900795311048 0.9326741530058379 -0.04179884238155234
vn -0.3582900795311048 0.9326741530058379 -0.04179884238155234
vn -0.3582900795311048 0.9326741530058379 -0.04179884238155234
vn -0.358410633847443 0.9326277251698442 -0.0418012414839059
vn -0.358410633847443 0.9326277251698442 -0.0418012414839059
vn -0.358410633847443 0.9326277251698442 -0.0418012414839059
vn -0.21849084695971271 -0.2873879637291769 -0.9325609406888242
vn -0.21849084695971271 -0.2873879637291769 -0.9325609406888242
vn -0.21849084695971271 -0.2873879637291769 -0.9325609406888242
vn -0.21909662508559094 -0.28749556752566485 -0.932385632412469
vn -0.21909662508559094 -0.28749556752566485 -0.932385632412469
vn -0.21909662508559094 -0.28749556752566485 -0.932385632412469
vn 0.5826740495887671 -0.47537881746550836 -0.659170639395386
vn 0.5826740495887671 -0.47537881746550836 -0.659170639395386
vn 0.5826740495887671 -0.47537881746550836 -0.659170639395386
vn 0.5826079867026044 -0.47540651996136185 -0.6592090522805076
vn 0.5826079867026044 -0.47540651996136185 -0.6592090522805076
vn 0.5826079867026044 -0.47540651996136185 -0.6592090522805076
vn 0.9457966895111689 -0.305598915781337 0.10989961229679013
vn 0.9476741612400873 -0.29819187347656106 0.11399688903841013
vn 0.9457966895111689 -0.305598915781337 0.10989961229679013
vn 0.9458915381250095 -0.30519727285033993 0.11019901427970541
vn 0.9458915381250095 -0.30519727285033993 0.11019901427970541
vn 0.9437058120512789 -0.3130019161084566 0.10700065800298134
vn 0.5964025099755799 0.09450039193579762 0.7971033320836196
vn 0.5964025099755799 0.09450039193579762 0.7971033320836196
vn 0.5964025099755799 0.09450039193579762 0.7971033320836196
vn 0.5965901431140795 0.09429844447507288 0.7969868283156903
vn 0.5965901431140795 0.09429844447507288 0.7969868283156903
vn 0.5965901431140795 0.09429844447507288 0.7969868283156903
vn -0.20250074865790518 0.4226015622371768 0.8834032863803968
vn -0.20079592435059646 0.4179915250905203 0.8859819872416653
vn -0.20250074865790518 0.4226015622371768 0.8834032863803968
vn -0.20220291824627407 0.42230611511503646 0.8836127686883753
vn -0.20220291824627407 0.42230611511503646 0.8836127686883753
vn -0.20509490744231296 0.4261894202404799 0.8810781219712092
vn -0.2251001050904134 0.38880018407080336 0.8934004474785058
vn -0.2251001050904134 0.38880018407080336 0.8934004474785058
vn -0.2251001050904134 0.38880018407080336 0.8934004474785058
vn -0.22188817265598418 0.38637941687822686 0.8952522466032853
vn -0.22188817265598418 0.38637941687822686 0.8952522466032853
vn -0.22188817265598418 0.38637941687822686 0.8952522466032853
vn -0.8581664557562043 0.10939571886983315 -0.5015804132018981
vn -0.8593160856954133 0.12470233417933302 -0.49600926676357504
vn -0.8581950751174438 0.12449928255029882 -0.4979971302011953
vn -0.8606587574423495 0.10809481575304423 -0.4975761389426812
vn -0.8605703604015266 0.12329575526171885 -0.49418297373829984
vn -0.8596884034663619 0.10789854261223585 -0.4992932539576452
vn -0.1958934467512427 -0.2561914242554457 -0.9465683872060613
vn -0.1935025901637174 -0.25930346814238886 -0.946212692268108
vn -0.19570125611944805 -0.2595016562983794 -0.9457060371657082
vn -0.19920406333863738 -0.2564052136631745 -0.9458192784859685
vn -0.198905450663857 -0.2599071269479316 -0.944925873842959
vn -0.20120317353618447 -0.2567040663521716 -0.9453149238625337
vn 0.598486783030949 -0.4286905232920133 -0.6767850513840309
vn 0.598486783030949 -0.4286905232920133 -0.6767850513840309
vn 0.598486783030949 -0.4286905232920133 -0.6767850513840309
vn 0.5988116135533342 -0.42850830477091195 -0.6766130978750055
vn 0.5988116135533342 -0.42850830477091195 -0.6766130978750055
vn 0.5988116135533342 -0.42850830477091195 -0.6766130978750055
vn 0.9557808019074937 -0.28019437743409065 0.08929820580163211
vn 0.9557074402662938 -0.2788021869395728 0.09430073794705816
vn 0.9529158239803494 -0.2921048652623952 0.08140135194141429
vn 0.9549332692821094 -0.27960972814324797 0.09960346954720506
vn 0.9520110035757138 -0.29200336402685917 0.09170106034152341
vn 0.9520040985117351 -0.2934012459785719 0.08720037428291502
vn 0.5865943127209008 0.0841991850988198 0.8054921536006349
vn 0.5882972494138717 0.07879963320193498 0.8047962252268045
vn 0.5879976482512674 0.08099967633871749 0.8047967557613549
vn 0.5870958644563979 0.08159942412301474 0.8053943008992472
vn 0.588498468036052 0.07829979236379635 0.8046978909100027
vn 0.5869806246955364 0.08359723836836179 0.8052733995167237
vn -0.7685808362061365 -0.5137872228863963 0.38119048757197554
vn -0.7685808362061365 -0.5137872228863963 0.38119048757197554
vn -0.7685808362061365 -0.5137872228863963 0.38119048757197554
vn -0.7686203296759784 -0.5137136045640373 0.38121007501719373
vn -0.7686203296759784 -0.5137136045640373 0.38121007501719373
vn -0.7686203296759784 -0.5137136045640373 0.38121007501719373
vn 0.09849757455607995 0.9246772666670836 0.36779094648408706
vn 0.09849757455607995 0.9246772666670836 0.36779094648408706
vn 0.09849757455607995 0.9246772666670836 0.36779094648408706
vn 0.09849757455607995 0.9246772666670836 0.36779094648408706
vn 0.09849757455607995 0.9246772666670836 0.36779094648408706
vn 0.09849757455607995 0.9246772666670836 0.36779094648408706
vn 0.3352948398717934 0.8714866070763153 -0.3578944873031165
vn 0.3352948398717934 0.8714866070763153 -0.3578944873031165
vn 0.3352948398717934 0.8714866070763153 -0.3578944873031165
vn 0.335282837015258 0.8714554096719017 -0.35798168690112875
vn 0.335282837015258 0.8714554096719017 -0.35798168690112875
vn 0.335282837015258 0.8714554096719017 -0.35798168690112875
vn 0.3361080387858463 0.8709207740847923 -0.3585085654919254
vn 0.3361080387858463 0.8709207740847923 -0.3585085654919254
vn 0.3361080387858463 0.8709207740847923 -0.3585085654919254
vn 0.3363026247085297 0.8708068517769487 -0.35860280466342326
vn 0.3363026247085297 0.8708068517769487 -0.35860280466342326
vn 0.3363026247085297 0.8708068517769487 -0.35860280466342326
vn 0.33610598215087817 0.8714154771936519 -0.3573063599626426
vn 0.33610598215087817 0.8714154771936519 -0.3573063599626426
vn 0.33610598215087817 0.8714154771936519 -0.3573063599626426
vn 0.3361893867159084 0.8714725063952358 -0.35708873807050695
vn 0.3361893867159084 0.8714725063952358 -0.35708873807050695
vn 0.3361893867159084 0.8714725063952358 -0.35708873807050695
vn 0.3355886817394377 0.871170672805858 -0.3583879120888079
vn 0.3355886817394377 0.871170672805858 -0.3583879120888079
vn 0.3355886817394377 0.871170672805858 -0.3583879120888079
vn 0.33578852246164703 0.8709702419186337 -0.35868775540185494
vn 0.33578852246164703 0.8709702419186337 -0.35868775540185494
vn 0.33578852246164703 0.8709702419186337 -0.35868775540185494
vn 0.3365996793527283 0.8708991311169166 -0.35809964992923454
vn 0.3365996793527283 0.8708991311169166 -0.35809964992923454
vn 0.3365996793527283 0.8708991311169166 -0.35809964992923454
vn 0.336493724278091 0.8709837761391441 -0.35799334522286486
vn 0.336493724278091 0.8709837761391441 -0.35799334522286486
vn 0.336493724278091 0.8709837761391441 -0.35799334522286486
vn 0.3355918298718232 0.8715787826362034 -0.35739131128452883
vn 0.3355918298718232 0.8715787826362034 -0.35739131128452883
vn 0.3355918298718232 0.8715787826362034 -0.35739131128452883
vn 0.33549111091910444 0.8715768742300063 -0.35749051288351275
vn 0.33549111091910444 0.8715768742300063 -0.35749051288351275
vn 0.33549111091910444 0.8715768742300063 -0.35749051288351275
vn -0.1854019887713261 -0.966110370713864 0.17960193250284767
vn -0.1854019887713261 -0.966110370713864 0.17960193250284767
vn -0.1854019887713261 -0.966110370713864 0.17960193250284767
vn -0.1854019887713261 -0.966110370713864 0.17960193250284767
vn -0.1854019887713261 -0.966110370713864 0.17960193250284767
vn -0.1854019887713261 -0.966110370713864 0.17960193250284767
vn -0.1850044621204975 -0.966223285963665 0.17940432173468598
vn -0.1850044621204975 -0.966223285963665 0.17940432173468598
vn -0.1850044621204975 -0.966223285963665 0.17940432173468598
vn -0.18519429073983032 -0.9661701784193851 0.17949445955356028
vn -0.18519429073983032 -0.9661701784193851 0.17949445955356028
vn -0.18519429073983032 -0.9661701784193851 0.17949445955356028
vn -0.18510230028650781 -0.9661119621931555 0.17990223716211665
vn -0.18510230028650781 -0.9661119621931555 0.17990223716211665
vn -0.18510230028650781 -0.9661119621931555 0.17990223716211665
vn -0.18500904873848872 -0.9661472190207231 0.17980879584548265
vn -0.18500904873848872 -0.9661472190207231 0.17980879584548265
vn -0.18500904873848872 -0.9661472190207231 0.17980879584548265
vn -0.1852941674916441 -0.9661696207330261 0.17939435739782578
vn -0.1852941674916441 -0.9661696207330261 0.17939435739782578
vn -0.1852941674916441 -0.9661696207330261 0.17939435739782578
vn -0.1852941674916441 -0.9661696207330261 0.17939435739782578
vn -0.1852941674916441 -0.9661696207330261 0.17939435739782578
vn -0.1852941674916441 -0.9661696207330261 0.17939435739782578
vn -0.18490455972124553 -0.9662238174218862 0.17950442457212532
vn -0.18490455972124553 -0.9662238174218862 0.17950442457212532
vn -0.18490455972124553 -0.9662238174218862 0.17950442457212532
vn -0.18499782038538026 -0.9661885981563769 0.17959788207346294
vn -0.18499782038538026 -0.9661885981563769 0.17959788207346294
vn -0.18499782038538026 -0.9661885981563769 0.17959788207346294
vn -0.18529876078169563 -0.9660935553544044 0.17979880854848335
vn -0.18529876078169563 -0.9660935553544044 0.17979880854848335
vn -0.18529876078169563 -0.9660935553544044 0.17979880854848335
vn -0.1852055342934573 -0.9661288171611181 0.1797053664138441
vn -0.1852055342934573 -0.9661288171611181 0.1797053664138441
vn -0.1852055342934573 -0.9661288171611181 0.1797053664138441
vn -0.6556215351405857 0.7414243440968695 0.14300470146267352
vn -0.6556215351405857 0.7414243440968695 0.14300470146267352
vn -0.6556215351405857 0.7414243440968695 0.14300470146267352
vn -0.6555252545148338 0.7415285938070649 0.14290551164940876
vn -0.6555252545148338 0.7415285938070649 0.14290551164940876
vn -0.6555252545148338 0.7415285938070649 0.14290551164940876
vn -0.6623034534963784 0.4440023271806918 -0.603503163989138
vn -0.6623034534963784 0.4440023271806918 -0.603503163989138
vn -0.6623034534963784 0.4440023271806918 -0.603503163989138
vn -0.6624183988758449 0.44381232450501745 -0.6035167648443704
vn -0.6624183988758449 0.44381232450501745 -0.6035167648443704
vn -0.6624183988758449 0.44381232450501745 -0.6035167648443704
vn -0.07940116180401689 0.07370107898174205 -0.9941144835787774
vn -0.07450227456056525 0.05450166118998107 -0.9957303751582729
vn -0.07379872949673244 0.05449906224029933 -0.9957829079370644
vn -0.07059848393974222 0.07369841756047815 -0.9947785669758328
vn -0.06670297950513807 0.05870262414835843 -0.9960445343674316
vn -0.07010199138290628 0.07350208582221986 -0.9948282033516812
vn 0.6623126582081926 -0.1113021278500185 -0.7409141509738196
vn 0.6623126582081926 -0.1113021278500185 -0.7409141509738196
vn 0.6623126582081926 -0.1113021278500185 -0.7409141509738196
vn 0.662320026965963 -0.11120336145707951 -0.7409223942360306
vn 0.662320026965963 -0.11120336145707951 -0.7409223942360306
vn 0.662320026965963 -0.11120336145707951 -0.7409223942360306
vn 0.998344232614954 0.046902077717273546 -0.03330147609733939
vn 0.998344232614954 0.046902077717273546 -0.03330147609733939
vn 0.998344232614954 0.046902077717273546 -0.03330147609733939
vn 0.9983348474960724 0.047101643444069696 -0.033301163040678275
vn 0.9983348474960724 0.047101643444069696 -0.033301163040678275
vn 0.9983348474960724 0.047101643444069696 -0.033301163040678275
vn 0.6804756023983368 0.421684899803258 0.599278566126419
vn 0.6804756023983368 0.421684899803258 0.599278566126419
vn 0.6804756023983368 0.421684899803258 0.599278566126419
vn 0.680492213726825 0.42149519259552337 0.5993931511754433
vn 0.680492213726825 0.42149519259552337 0.5993931511754433
vn 0.680492213726825 0.42149519259552337 0.5993931511754433
vn -0.05630050011916353 0.7315065359240411 0.6795060276309121
vn -0.05630050011916353 0.7315065359240411 0.6795060276309121
vn -0.05630050011916353 0.7315065359240411 0.6795060276309121
vn -0.05629667390586696 0.7314568223330721 0.6795598587096953
vn -0.05629667390586696 0.7314568223330721 0.6795598587096953
vn -0.05629667390586696 0.7314568223330721 0.6795598587096953
vn -0.9156215615348589 -0.06150144984529307 0.39730936022121793
vn -0.9179127262913461 -0.05810080391962243 0.39250544390655523
vn -0.9156215615348589 -0.06150144984529307 0.39730936022121793
vn -0.9158909776080166 -0.060799402625389784 0.39679610605023263
vn -0.9158909776080166 -0.060799402625389784 0.39679610605023263
vn -0.9136903408857638 -0.06489931838524275 0.40119576199803964
vn -0.8753810021940356 -0.2827938495126611 -0.3920914940107428
vn -0.8753810021940356 -0.2827938495126611 -0.3920914940107428
vn -0.8753810021940356 -0.2827938495126611 -0.3920914940107428
vn -0.8753425866466746 -0.28238148854851164 -0.39247426785438494
vn -0.8753425866466746 -0.28238148854851164 -0.39247426785438494
vn -0.8753425866466746 -0.28238148854851164 -0.39247426785438494
vn -0.24720558077109092 -0.5474123617438775 -0.7995180467291639
vn -0.23680531740433336 -0.557312485725023 -0.7958178402775531
vn -0.24020477918604374 -0.558711145968319 -0.7938157969119486
vn -0.24329941197587515 -0.5469986558876206 -0.8009980440608638
vn -0.23609917490187415 -0.5564980654819297 -0.7965971897549752
vn -0.24810638420909023 -0.5483141421408487 -0.7986205755194618
vn 0.48360231028208095 -0.6765032673673904 -0.5554026780013572
vn 0.48360231028208095 -0.6765032673673904 -0.5554026780013572
vn 0.48360231028208095 -0.6765032673673904 -0.5554026780013572
vn 0.48360231028208095 -0.6765032673673904 -0.5554026780013572
vn 0.48360231028208095 -0.6765032673673904 -0.5554026780013572
vn 0.48360231028208095 -0.6765032673673904 -0.5554026780013572
vn 0.8027288128916487 -0.5787207905969082 0.1439051753219949
vn 0.8027288128916487 -0.5787207905969082 0.1439051753219949
vn 0.8027288128916487 -0.5787207905969082 0.1439051753219949
vn 0.8034888899236678 -0.5775920181541656 0.1441980039176339
vn 0.8034888899236678 -0.5775920181541656 0.1441980039176339
vn 0.8034888899236678 -0.5775920181541656 0.1441980039176339
vn 0.47369491520577056 -0.31509664055154635 0.822391168739869
vn 0.47369491520577056 -0.31509664055154635 0.822391168739869
vn 0.47369491520577056 -0.31509664055154635 0.822391168739869
vn 0.4736981198575968 -0.3155987638426325 0.8221967596046461
vn 0.4736981198575968 -0.3155987638426325 0.8221967596046461
vn 0.4736981198575968 -0.3155987638426325 0.8221967596046461
vn -0.3006117464333878 -0.07050275802516201 0.9511371820179854
vn -0.3055024306957268 -0.07780061705348991 0.9490075494036382
vn -0.30360770180836216 -0.08010202840598546 0.9494240509108094
vn -0.3029969821667529 -0.071699284418469 0.9502905036943808
vn -0.3056072924286218 -0.07720184832172836 0.9490226854138712
vn -0.30269789288092097 -0.07159949611011354 0.9503933384668837
vn -0.36647849693563117 0.7021588151958006 -0.6104641754653831
vn -0.36647849693563117 0.7021588151958006 -0.6104641754653831
vn -0.36647849693563117 0.7021588151958006 -0.6104641754653831
vn -0.3663885621658249 0.7022780819747638 -0.6103809606236962
vn -0.3663885621658249 0.7022780819747638 -0.6103809606236962
vn -0.3663885621658249 0.7022780819747638 -0.6103809606236962
vn 0.3880147199328374 0.42031593979877063 -0.8202311185675157
vn 0.3880147199328374 0.42031593979877063 -0.8202311185675157
vn 0.3880147199328374 0.42031593979877063 -0.8202311185675157
vn 0.38621320914882723 0.4206143710342844 -0.8209280772140746
vn 0.38621320914882723 0.4206143710342844 -0.8209280772140746
vn 0.38621320914882723 0.4206143710342844 -0.8209280772140746
vn 0.9412265608908561 0.29660837844506915 -0.16160455101808982
vn 0.9410005459755909 0.2970001680778288 -0.16220010060225354
vn 0.9410030966839789 0.29710099006137547 -0.16200053622044827
vn 0.9409126614691136 0.29700397883868107 -0.16270218204161013
vn 0.9407291490645768 0.2973092249446301 -0.16320506384012856
vn 0.9409432627805568 0.2970136383019113 -0.16250746103038272
vn 0.7887981970515837 -0.04769988996782528 0.6127986005411797
vn 0.78017450367314 -0.06399791119421303 0.6222796888708059
vn 0.7792054736096695 -0.061900434458847846 0.6237043900042203
vn 0.785534894188755 -0.045702029445513236 0.6171274216208701
vn 0.7756115185827845 -0.0594008806044423 0.6284093471815355
vn 0.7850289046655674 -0.04360160439003476 0.6179227451180241
vn 0.037102133639067614 -0.36222083742806266 0.9313535830243752
vn 0.037102133639067614 -0.36222083742806266 0.9313535830243752
vn 0.037102133639067614 -0.36222083742806266 0.9313535830243752
vn 0.037198537591384015 -0.3621857517790537 0.9313633823644261
vn 0.037198537591384015 -0.3621857517790537 0.9313633823644261
vn 0.037198537591384015 -0.3621857517790537 0.9313633823644261
vn -0.7369203269320947 -0.39961103711359014 0.545215050022737
vn -0.7369203269320947 -0.39961103711359014 0.545215050022737
vn -0.7369203269320947 -0.39961103711359014 0.545215050022737
vn -0.7355227854131151 -0.3993123910304188 0.547316952512621
vn -0.7355227854131151 -0.3993123910304188 0.547316952512621
vn -0.7355227854131151 -0.3993123910304188 0.547316952512621
vn 0.422186575416784 0.48748451756206085 0.7642756967712195
vn 0.422186575416784 0.48748451756206085 0.7642756967712195
vn 0.422186575416784 0.48748451756206085 0.7642756967712195
vn 0.42219826513359365 0.48759800166362954 0.7641968422414599
vn 0.42219826513359365 0.48759800166362954 0.7641968422414599
vn 0.42219826513359365 0.48759800166362954 0.7641968422414599
vn -0.9574701042225884 -0.13539577237198475 -0.25479204136663997
vn -0.9574701042225884 -0.13539577237198475 -0.25479204136663997
vn -0.9574701042225884 -0.13539577237198475 -0.25479204136663997
vn -0.9572265517061036 -0.1352037454589377 -0.2558071068651471
vn -0.9572265517061036 -0.1352037454589377 -0.2558071068651471
vn -0.9572265517061036 -0.1352037454589377 -0.2558071068651471
vn -0.4537907284363486 0.22899532709227557 -0.8611823935468663
vn -0.4537907284363486 0.22899532709227557 -0.8611823935468663
vn -0.4537907284363486 0.22899532709227557 -0.8611823935468663
vn -0.45230464709114016 0.22920235427615554 -0.8619088043488283
vn -0.45230464709114016 0.22920235427615554 -0.8619088043488283
vn -0.45230464709114016 0.22920235427615554 -0.8619088043488283
vn -0.3699038179084391 -0.9073093890902528 0.19990207093832849
vn -0.3699038179084391 -0.9073093890902528 0.19990207093832849
vn -0.3699038179084391 -0.9073093890902528 0.19990207093832849
vn -0.3701026180893028 -0.9072064170543104 0.20000142234225304
vn -0.3701026180893028 -0.9072064170543104 0.20000142234225304
vn -0.3701026180893028 -0.9072064170543104 0.20000142234225304
vn 0.36059985934723515 0.5358997956654314 -0.7633997317555875
vn 0.36059985934723515 0.5358997956654314 -0.7633997317555875
vn 0.36059985934723515 0.5358997956654314 -0.7633997317555875
vn 0.36079025071829113 0.5360854871323848 -0.763179366513971
vn 0.36079025071829113 0.5360854871323848 -0.763179366513971
vn 0.36079025071829113 0.5360854871323848 -0.763179366513971
vn -0.1488941603292058 -0.5489784854419693 -0.8224677206685392
vn -0.1488941603292058 -0.5489784854419693 -0.8224677206685392
vn -0.1488941603292058 -0.5489784854419693 -0.8224677206685392
vn -0.1489023352624526 -0.5489086085736695 -0.8225128777029002
vn -0.1489023352624526 -0.5489086085736695 -0.8225128777029002
vn -0.1489023352624526 -0.5489086085736695 -0.8225128777029002
vn -0.21119488988080284 0.8342797996925957 0.5092876734352775
vn -0.21119488988080284 0.8342797996925957 0.5092876734352775
vn -0.21119488988080284 0.8342797996925957 0.5092876734352775
vn -0.21128651577605195 0.8341467875136273 0.5094675113605496
vn -0.21128651577605195 0.8341467875136273 0.5094675113605496
vn -0.21128651577605195 0.8341467875136273 0.5094675113605496
vn -0.6557085849575818 0.24630321123571092 0.713709310397379
vn -0.6557085849575818 0.24630321123571092 0.713709310397379
vn -0.6557085849575818 0.24630321123571092 0.713709310397379
vn -0.6557085849575818 0.24630321123571092 0.713709310397379
vn -0.6557085849575818 0.24630321123571092 0.713709310397379
vn -0.6557085849575818 0.24630321123571092 0.713709310397379
vn 0.8291920067667519 -0.46209552831831135 -0.31449696122911525
vn 0.8291920067667519 -0.46209552831831135 -0.31449696122911525
vn 0.8291920067667519 -0.46209552831831135 -0.31449696122911525
vn 0.8292876172357134 -0.4619931216021517 -0.31439529813884376
vn 0.8292876172357134 -0.4619931216021517 -0.31439529813884376
vn 0.8292876172357134 -0.4619931216021517 -0.31439529813884376
vn -0.8324303412520115 0.519318897698394 0.1933070341616789
vn -0.8324303412520115 0.519318897698394 0.1933070341616789
vn -0.8324303412520115 0.519318897698394 0.1933070341616789
vn -0.8323871020284125 0.519391937574545 0.1932969931460417
vn -0.8323871020284125 0.519391937574545 0.1932969931460417
vn -0.8323871020284125 0.519391937574545 0.1932969931460417
vn -0.0973980308713394 0.23219529713888398 0.967780433553485
vn -0.0973980308713394 0.23219529713888398 0.967780433553485
vn -0.0973980308713394 0.23219529713888398 0.967780433553485
vn -0.09729897839040426 0.23219755753990373 0.9677898548118216
vn -0.09729897839040426 0.23219755753990373 0.9677898548118216
vn -0.09729897839040426 0.23219755753990373 0.9677898548118216
vn 0.35770276024514625 0.5050039058723891 -0.7855060727751472
vn 0.35770276024514625 0.5050039058723891 -0.7855060727751472
vn 0.35770276024514625 0.5050039058723891 -0.7855060727751472
vn 0.3610003187261228 0.506700424661719 -0.7829006638950253
vn 0.3610003187261228 0.506700424661719 -0.7829006638950253
vn 0.3610003187261228 0.506700424661719 -0.7829006638950253
vn -0.5132258342323832 -0.7692387705778716 -0.3806191757075817
vn -0.5132258342323832 -0.7692387705778716 -0.3806191757075817
vn -0.5132258342323832 -0.7692387705778716 -0.3806191757075817
vn -0.513112735888158 -0.7693190370836497 -0.38060943163570643
vn -0.513112735888158 -0.7693190370836497 -0.38060943163570643
vn -0.513112735888158 -0.7693190370836497 -0.38060943163570643
vn 0.7066179643685658 -0.6608167704058167 0.2530064196459259
vn 0.7066179643685658 -0.6608167704058167 0.2530064196459259
vn 0.7066179643685658 -0.6608167704058167 0.2530064196459259
vn 0.7066358374952683 -0.6608334850415324 0.2529128273046333
vn 0.7066358374952683 -0.6608334850415324 0.2529128273046333
vn 0.7066358374952683 -0.6608334850415324 0.2529128273046333
vn 0.17290807346418274 -0.8590401070024153 0.4818224700988772
vn 0.17290807346418274 -0.8590401070024153 0.4818224700988772
vn 0.17290807346418274 -0.8590401070024153 0.4818224700988772
vn 0.1728997403309786 -0.8589987064159885 0.48189926558269264
vn 0.1728997403309786 -0.8589987064159885 0.48189926558269264
vn 0.1728997403309786 -0.8589987064159885 0.48189926558269264
vn 0.2270956464554594 -0.9333820827499251 -0.2778946832208003
vn 0.2270956464554594 -0.9333820827499251 -0.2778946832208003
vn 0.2270956464554594 -0.9333820827499251 -0.2778946832208003
vn 0.2270956464554594 -0.9333820827499251 -0.2778946832208003
vn 0.2270956464554594 -0.9333820827499251 -0.2778946832208003
vn 0.2270956464554594 -0.9333820827499251 -0.2778946832208003
vn 0.9353370853689948 0.32061271759227045 -0.14950592647628588
vn 0.9353370853689948 0.32061271759227045 -0.14950592647628588
vn 0.9353370853689948 0.32061271759227045 -0.14950592647628588
vn 0.9353496006394022 0.3205827259352462 -0.14949194097220594
vn 0.9353496006394022 0.3205827259352462 -0.14949194097220594
vn 0.9353496006394022 0.3205827259352462 -0.14949194097220594
vn 0.10379655698878484 0.9793675044429015 -0.1733942501888603
vn 0.10379655698878484 0.9793675044429015 -0.1733942501888603
vn 0.10379655698878484 0.9793675044429015 -0.1733942501888603
vn 0.10379655698878484 0.9793675044429015 -0.1733942501888603
vn 0.10379655698878484 0.9793675044429015 -0.1733942501888603
vn 0.10379655698878484 0.9793675044429015 -0.1733942501888603
vn 0.8051356588290771 -0.13710606448581014 0.577025560926967
vn 0.8051356588290771 -0.13710606448581014 0.577025560926967
vn 0.8051356588290771 -0.13710606448581014 0.577025560926967
vn 0.8055195251412421 -0.13700332031310491 0.5765139936197667
vn 0.8055195251412421 -0.13700332031310491 0.5765139936197667
vn 0.8055195251412421 -0.13700332031310491 0.5765139936197667
vn 0.06929835057059801 -0.4913882837267779 0.8681792978551411
vn 0.06929835057059801 -0.4913882837267779 0.8681792978551411
vn 0.06929835057059801 -0.4913882837267779 0.8681792978551411
vn 0.06919883045166055 -0.4913916865213991 0.86818530987444
vn 0.06919883045166055 -0.4913916865213991 0.86818530987444
vn 0.06919883045166055 -0.4913916865213991 0.86818530987444
vn -0.7189210058126916 -0.47591388339852253 0.5066148073140038
vn -0.7189210058126916 -0.47591388339852253 0.5066148073140038
vn -0.7189210058126916 -0.47591388339852253 0.5066148073140038
vn -0.7192896277463312 -0.47559316455408235 0.5063927065489565
vn -0.7192896277463312 -0.47559316455408235 0.5063927065489565
vn -0.7192896277463312 -0.47559316455408235 0.5063927065489565
vn -0.9656476752598692 -0.10479432556190876 -0.23778712453628514
vn -0.965998529845548 -0.10469983752885927 -0.23639962850577947
vn -0.96591730664856 -0.09940177939507926 -0.239004273957358
vn -0.9663322664689938 -0.10430348138234782 -0.2352078539343866
vn -0.9665933583753649 -0.09929931470091859 -0.23629838265329128
vn -0.9662328899796283 -0.09920338027886881 -0.2378080983962948
vn -0.4849031800415583 0.3481022911116588 -0.8023052417306009
vn -0.4849031800415583 0.3481022911116588 -0.8023052417306009
vn -0.4849031800415583 0.3481022911116588 -0.8023052417306009
vn -0.4851067698889123 0.3478048395916542 -0.8023111711577806
vn -0.4851067698889123 0.3478048395916542 -0.8023111711577806
vn -0.4851067698889123 0.3478048395916542 -0.8023111711577806
vn -0.46702899805516956 0.31781971379580176 -0.82515122522986
vn -0.46702899805516956 0.31781971379580176 -0.82515122522986
vn -0.46702899805516956 0.31781971379580176 -0.82515122522986
vn -0.47008631521788086 0.3147908399307761 -0.8245760021614452
vn -0.47008631521788086 0.3147908399307761 -0.8245760021614452
vn -0.47008631521788086 0.3147908399307761 -0.8245760021614452
vn 0.9343739315862455 0.31979105996339535 -0.1570956203703663
vn 0.9343739315862455 0.31979105996339535 -0.1570956203703663
vn 0.9343739315862455 0.31979105996339535 -0.1570956203703663
vn 0.9347027525075062 0.3199009439205234 -0.15490045362635282
vn 0.9347027525075062 0.3199009439205234 -0.15490045362635282
vn 0.9347027525075062 0.3199009439205234 -0.15490045362635282
vn 0.7898050263535817 -0.1106007076203672 0.6033038238072856
vn 0.7898050263535817 -0.1106007076203672 0.6033038238072856
vn 0.7898050263535817 -0.1106007076203672 0.6033038238072856
vn 0.792902002617613 -0.11020027752828829 0.5993015210039662
vn 0.792902002617613 -0.11020027752828829 0.5993015210039662
vn 0.792902002617613 -0.11020027752828829 0.5993015210039662
vn 0.05849839372610458 -0.4464877484906894 0.8928754831325477
vn 0.05849839372610458 -0.4464877484906894 0.8928754831325477
vn 0.05849839372610458 -0.4464877484906894 0.8928754831325477
vn 0.05820202192485725 -0.4464154819485063 0.8929309839626697
vn 0.05820202192485725 -0.4464154819485063 0.8929309839626697
vn 0.05820202192485725 -0.4464154819485063 0.8929309839626697
vn -0.7150232153019552 -0.45761487209883106 0.5285171997326334
vn -0.7150232153019552 -0.45761487209883106 0.5285171997326334
vn -0.7150232153019552 -0.45761487209883106 0.5285171997326334
vn -0.7191784123737649 -0.4545863514688041 0.5254842150187122
vn -0.7191784123737649 -0.4545863514688041 0.5254842150187122
vn -0.7191784123737649 -0.4545863514688041 0.5254842150187122
vn -0.9615256840760538 -0.11320302656572746 -0.2503066791726419
vn -0.9615256840760538 -0.11320302656572746 -0.2503066791726419
vn -0.9615256840760538 -0.11320302656572746 -0.2503066791726419
vn -0.9617178210375283 -0.11530213364707645 -0.24860460710787446
vn -0.9617178210375283 -0.11530213364707645 -0.24860460710787446
vn -0.9617178210375283 -0.11530213364707645 -0.24860460710787446
vn 0.44850308744521206 -0.41210281734713367 -0.7931054460074445
vn 0.44850308744521206 -0.41210281734713367 -0.7931054460074445
vn 0.44850308744521206 -0.41210281734713367 -0.7931054460074445
vn 0.4484831906220972 -0.41238454406956765 -0.7929702488378481
vn 0.4484831906220972 -0.41238454406956765 -0.7929702488378481
vn 0.4484831906220972 -0.41238454406956765 -0.7929702488378481
vn -0.4944237667826949 0.8455406464373125 -0.20150968726784124
vn -0.4944237667826949 0.8455406464373125 -0.20150968726784124
vn -0.4944237667826949 0.8455406464373125 -0.20150968726784124
vn -0.49431636214371555 0.8456279863385063 -0.20140666036178048
vn -0.49431636214371555 0.8456279863385063 -0.20140666036178048
vn -0.49431636214371555 0.8456279863385063 -0.20140666036178048
vn -0.2100031180995636 0.83481242621143 0.5089075588271867
vn -0.2100031180995636 0.83481242621143 0.5089075588271867
vn -0.2100031180995636 0.83481242621143 0.5089075588271867
vn -0.21009870799736705 0.834794890710749 0.5088968690619602
vn -0.21009870799736705 0.834794890710749 0.5088968690619602
vn -0.21009870799736705 0.834794890710749 0.5088968690619602
vn -0.21020317334580765 0.8342126309340631 0.5098077209158576
vn -0.21020317334580765 0.8342126309340631 0.5098077209158576
vn -0.21020317334580765 0.8342126309340631 0.5098077209158576
vn -0.2099944797175907 0.8342780763485659 0.5097866316531601
vn -0.2099944797175907 0.8342780763485659 0.5097866316531601
vn -0.2099944797175907 0.8342780763485659 0.5097866316531601
vn -0.21110023022171623 0.8346008931874019 0.5088005914807187
vn -0.21110023022171623 0.8346008931874019 0.5088005914807187
vn -0.21110023022171623 0.8346008931874019 0.5088005914807187
vn -0.21099780405244406 0.8346913192832447 0.508694729870718
vn -0.21099780405244406 0.8346913192832447 0.508694729870718
vn -0.21099780405244406 0.8346913192832447 0.508694729870718
vn -0.2097935512569365 0.8345742984656084 0.5093843403478757
vn -0.2097935512569365 0.8345742984656084 0.5093843403478757
vn -0.2097935512569365 0.8345742984656084 0.5093843403478757
vn -0.20990278650233932 0.8344110487223022 0.5096067326759933
vn -0.20990278650233932 0.8344110487223022 0.5096067326759933
vn -0.20990278650233932 0.8344110487223022 0.5096067326759933
vn -0.21081174047815876 0.8340464132969849 0.5098283932295301
vn -0.21081174047815876 0.8340464132969849 0.5098283932295301
vn -0.21081174047815876 0.8340464132969849 0.5098283932295301
vn -0.21090337187974598 0.8339133318625833 0.5100081594166886
vn -0.21090337187974598 0.8339133318625833 0.5100081594166886
vn -0.21090337187974598 0.8339133318625833 0.5100081594166886
vn -0.2105979910104719 0.834792027229667 0.5086951517914594
vn -0.2105979910104719 0.834792027229667 0.5086951517914594
vn -0.2105979910104719 0.834792027229667 0.5086951517914594
vn -0.2104955548884108 0.8348823834714557 0.5085892518931572
vn -0.2104955548884108 0.8348823834714557 0.5085892518931572
vn -0.2104955548884108 0.8348823834714557 0.5085892518931572
vn 0.2275995816419951 -0.9331983136490865 -0.27809951067718613
vn 0.2275995816419951 -0.9331983136490865 -0.27809951067718613
vn 0.2275995816419951 -0.9331983136490865 -0.27809951067718613
vn 0.2274898635134016 -0.9332584073125388 -0.27798760256370625
vn 0.2274898635134016 -0.9332584073125388 -0.27798760256370625
vn 0.2274898635134016 -0.9332584073125388 -0.27798760256370625
vn 0.2275088259901232 -0.933336199309732 -0.2777107724858003
vn 0.2275088259901232 -0.933336199309732 -0.2777107724858003
vn 0.2275088259901232 -0.933336199309732 -0.2777107724858003
vn 0.2273990917724877 -0.9333962273696101 -0.2775988757059846
vn 0.2273990917724877 -0.9333962273696101 -0.2775988757059846
vn 0.2273990917724877 -0.9333962273696101 -0.2775988757059846
vn 0.22719904923349293 -0.9332961066468486 -0.2780988481551679
vn 0.22719904923349293 -0.9332961066468486 -0.2780988481551679
vn 0.22719904923349293 -0.9332961066468486 -0.2780988481551679
vn 0.22719904923349293 -0.9332961066468486 -0.2780988481551679
vn 0.22719904923349293 -0.9332961066468486 -0.2780988481551679
vn 0.22719904923349293 -0.9332961066468486 -0.2780988481551679
vn 0.2275909926549245 -0.9332631099301812 -0.27788902048442377
vn 0.2275909926549245 -0.9332631099301812 -0.27788902048442377
vn 0.2275909926549245 -0.9332631099301812 -0.27788902048442377
vn 0.2275909926549245 -0.9332631099301812 -0.27788902048442377
vn 0.2275909926549245 -0.9332631099301812 -0.27788902048442377
vn 0.2275909926549245 -0.9332631099301812 -0.27788902048442377
vn 0.22729163423561122 -0.933365608542486 -0.2777897654641365
vn 0.22729163423561122 -0.933365608542486 -0.2777897654641365
vn 0.22729163423561122 -0.933365608542486 -0.2777897654641365
vn 0.2272031086805325 -0.9334127405400027 -0.2777038048055949
vn 0.2272031086805325 -0.9334127405400027 -0.2777038048055949
vn 0.2272031086805325 -0.9334127405400027 -0.2777038048055949
vn 0.22730878030783522 -0.9332360370180925 -0.27821074315297334
vn 0.22730878030783522 -0.9332360370180925 -0.27821074315297334
vn 0.22730878030783522 -0.9332360370180925 -0.27821074315297334
vn 0.22730878030783522 -0.9332360370180925 -0.27821074315297334
vn 0.22730878030783522 -0.9332360370180925 -0.27821074315297334
vn 0.22730878030783522 -0.9332360370180925 -0.27821074315297334
vn 0.25239031951196234 0.8230683665446626 -0.5087804935432868
vn 0.25239031951196234 0.8230683665446626 -0.5087804935432868
vn 0.25239031951196234 0.8230683665446626 -0.5087804935432868
vn 0.2524031619946693 0.8231102470782917 -0.5087063641923564
vn 0.2524031619946693 0.8231102470782917 -0.5087063641923564
vn 0.2524031619946693 0.8231102470782917 -0.5087063641923564
vn 0.7840265028006357 0.6180208783133424 0.05790195916382824
vn 0.7840265028006357 0.6180208783133424 0.05790195916382824
vn 0.7840265028006357 0.6180208783133424 0.05790195916382824
vn 0.7839734964514743 0.6180791084636011 0.05799803912625031
vn 0.7839734964514743 0.6180791084636011 0.05799803912625031
vn 0.7839734964514743 0.6180791084636011 0.05799803912625031
vn 0.6630308194601536 0.18940881013420813 0.7242336881763652
vn 0.6630308194601536 0.18940881013420813 0.7242336881763652
vn 0.6630308194601536 0.18940881013420813 0.7242336881763652
vn 0.6630994204249929 0.18929983401415182 0.7241993727380968
vn 0.6630994204249929 0.18929983401415182 0.7241993727380968
vn 0.6630994204249929 0.18929983401415182 0.7241993727380968
vn -0.015199444415395684 -0.1397948849371106 0.9900638196777433
vn -0.015199444415395684 -0.1397948849371106 0.9900638196777433
vn -0.015199444415395684 -0.1397948849371106 0.9900638196777433
vn -0.015199444415395684 -0.1397948849371106 0.9900638196777433
vn -0.015199444415395684 -0.1397948849371106 0.9900638196777433
vn -0.015199444415395684 -0.1397948849371106 0.9900638196777433
vn -0.7422126353098288 -0.12390210273654823 0.6586111697533688
vn -0.7422126353098288 -0.12390210273654823 0.6586111697533688
vn -0.7422126353098288 -0.12390210273654823 0.6586111697533688
vn -0.7422310134283477 -0.12370516642109403 0.6586274777944338
vn -0.7422310134283477 -0.12370516642109403 0.6586274777944338
vn -0.7422310134283477 -0.12370516642109403 0.6586274777944338
vn -0.9727377662392818 0.2309089695198489 -0.02150083549758066
vn -0.9751002973679589 0.2207000673997495 -0.021700007434661366
vn -0.9747395600755813 0.22250903293602933 -0.0193007845834129
vn -0.9726258799913643 0.23090615252770866 -0.026100695314003892
vn -0.9750730370788786 0.22049391446314423 -0.024799315444007056
vn -0.9725715959712233 0.23139324420458446 -0.02369930898708506
vn -0.531906305049576 0.6481077147937101 -0.5450064886525503
vn -0.531906305049576 0.6481077147937101 -0.5450064886525503
vn -0.531906305049576 0.6481077147937101 -0.5450064886525503
vn -0.5318773276460178 0.6480724069234659 -0.5450767503027041
vn -0.5318773276460178 0.6480724069234659 -0.5450767503027041
vn -0.5318773276460178 0.6480724069234659 -0.5450767503027041
vn 0.45541740125046254 0.048901870329806064 -0.8889339670169669
vn 0.45890767642195507 0.057600961955592556 -0.886614839545782
vn 0.46031862135167273 0.05520223264530685 -0.8860358233998606
vn 0.45259137472242666 0.05229900174589317 -0.8901830496831802
vn 0.45678537152983395 0.05969808740953361 -0.8875715535752571
vn 0.45398536015800084 0.050598368485766466 -0.8895713000478314
vn 0.9648020837529833 -0.08400018027218263 -0.24920053952618637
vn 0.9642726429224833 -0.07109798117688075 -0.25519276475609753
vn 0.9638879946565814 -0.07089911539301677 -0.25669680401867484
vn 0.9631686727928667 -0.08799713985990336 -0.25409173762030174
vn 0.9616021353311385 -0.07500016908655494 -0.26400058326371806
vn 0.9626082495569438 -0.08830075455361133 -0.25610219567621706
vn 0.7977960071904001 -0.4033979827173515 0.44809775546260705
vn 0.7899502804950103 -0.4132739848732464 0.45297148671063453
vn 0.7919249177276731 -0.4138130325857759 0.44901414091783554
vn 0.796520358845876 -0.4021102609139396 0.4515115236754873
vn 0.789764528103865 -0.4131814392778957 0.45337962943335475
vn 0.7978822051331217 -0.40379099441618654 0.44759001280222316
vn 0.12080385263271261 -0.6827217321976841 0.7206229704735254
vn 0.12080385263271261 -0.6827217321976841 0.7206229704735254
vn 0.12080385263271261 -0.6827217321976841 0.7206229704735254
vn 0.12080338855938628 -0.682619149701688 0.7207202215652854
vn 0.12080338855938628 -0.682619149701688 0.7207202215652854
vn 0.12080338855938628 -0.682619149701688 0.7207202215652854
vn -0.5758061618115167 -0.7220077271704711 0.3836041005073072
vn -0.5758061618115167 -0.7220077271704711 0.3836041005073072
vn -0.5758061618115167 -0.7220077271704711 0.3836041005073072
vn -0.5766095361853146 -0.7213119162717248 0.38370634895003886
vn -0.5766095361853146 -0.7213119162717248 0.38370634895003886
vn -0.5766095361853146 -0.7213119162717248 0.38370634895003886
vn -0.8046271852321499 -0.48411637015649883 -0.34381162419540673
vn -0.8031336831670659 -0.48932054069282815 -0.3399142471544569
vn -0.8046271852321499 -0.48411637015649883 -0.34381162419540673
vn -0.8044284523306146 -0.48451711198648273 -0.34371213722132404
vn -0.8044284523306146 -0.48451711198648273 -0.34371213722132404
vn -0.8044284523306146 -0.48451711198648273 -0.34371213722132404
vn -0.3496934062730772 -0.128697574918811 -0.9279824652541391
vn -0.350208669448479 -0.13130325372628224 -0.9274229582040858
vn -0.34989884691726 -0.13089956147774442 -0.9275969500439866
vn -0.3492138466875913 -0.1296051385159591 -0.9280367435354671
vn -0.34920603149488816 -0.13190227192075155 -0.9277159792898553
vn -0.3488937404902922 -0.128697697630521 -0.928283394482146
vn 0.5117056528033685 0.8200090922781614 0.2564028343646466
vn 0.5117056528033685 0.8200090922781614 0.2564028343646466
vn 0.5117056528033685 0.8200090922781614 0.2564028343646466
vn 0.5117925931228177 0.8199881398450561 0.25629629755044614
vn 0.5117925931228177 0.8199881398450561 0.25629629755044614
vn 0.5117925931228177 0.8199881398450561 0.25629629755044614
f 1/1/1 2/2/2 3/3/3
f 4/4/4 5/5/5 6/6/6
f 7/7/7 8/8/8 9/9/9
f 10/10/10 11/11/11 12/12/12
f 13/13/13 14/14/14 15/15/15
f 16/16/16 17/17/17 18/18/18
f 19/19/19 20/20/20 21/21/21
f 22/22/22 23/23/23 24/24/24
f 25/25/25 26/26/26 27/27/27
f 28/28/28 29/29/29 30/30/30
f 31/31/31 32/32/32 33/33/33
f 34/34/34 35/35/35 36/36/36
f 37/37/37 38/38/38 39/39/39
f 40/40/40 41/41/41 42/42/42
f 43/43/43 44/44/44 45/45/45
f 46/46/46 47/47/47 48/48/48
f 49/49/49 50/50/50 51/51/51
f 52/52/52 53/53/53 54/54/54
f 55/55/55 56/56/56 57/57/57
f 58/58/58 59/59/59 60/60/60
f 61/61/61 62/62/62 63/63/63
f 64/64/64 65/65/65 66/66/66
f 67/67/67 68/68/68 69/69/69
f 70/70/70 71/71/71 72/72/72
f 73/73/73 74/74/74 75/75/75
f 76/76/76 77/77/77 78/78/78
f 79/79/79 80/80/80 81/81/81
f 82/82/82 83/83/83 84/84/84
f 85/85/85 86/86/86 87/87/87
f 88/88/88 89/89/89 90/90/90
f 91/91/91 92/92/92 93/93/93
f 94/94/94 95/95/95 96/96/96
f 97/97/97 98/98/98 99/99/99
f 100/100/100 101/101/101 102/102/102
f 103/103/103 104/104/104 105/105/105
f 106/106/106 107/107/107 108/108/108
f 109/109/109 110/110/110 111/111/111
f 112/112/112 113/113/113 114/114/114
f 115/115/115 116/116/116 117/117/117
f 118/118/118 119/119/119 120/120/120
f 121/121/121 122/122/122 123/123/123
f 124/124/124 125/125/125 126/126/126
f 127/127/127 128/128/128 129/129/129
f 130/130/130 131/131/131 132/132/132
f 133/133/133 134/134/134 135/135/135
f 136/136/136 137/137/137 138/138/138
f 139/139/139 140/140/140 141/141/141
f 142/142/142 143/143/143 144/144/144
f 145/145/145 146/146/146 147/147/147
f 148/148/148 149/149/149 150/150/150
f 151/151/151 152/152/152 153/153/153
f 154/154/154 155/155/155 156/156/156
f 157/157/157 158/158/158 159/159/159
f 160/160/160 161/161/161 162/162/162
f 163/163/163 164/164/164 165/165/165
f 166/166/166 167/167/167 168/168/168
f 169/169/169 170/170/170 171/171/171
f 172/172/172 173/173/173 174/174/174
f 175/175/175 176/176/176 177/177/177
f 178/178/178 179/179/179 180/180/180
f 181/181/181 182/182/182 183/183/183
f 184/184/184 185/185/185 186/186/186
f 187/187/187 188/188/188 189/189/189
f 190/190/190 191/191/191 192/192/192
f 193/193/193 194/194/194 195/195/195
f 196/196/196 197/197/197 198/198/198
f 199/199/199 200/200/200 201/201/201
f 202/202/202 203/203/203 204/204/204
f 205/205/205 206/206/206 207/207/207
f 208/208/208 209/209/209 210/210/210
f 211/211/211 212/212/212 213/213/213
f 214/214/214 215/215/215 216/216/216
f 217/217/217 218/218/218 219/219/219
f 220/220/220 221/221/221 222/222/222
f 223/223/223 224/224/224 225/225/225
f 226/226/226 227/227/227 228/228/228
f 229/229/229 230/230/230 231/231/231
f 232/232/232 233/233/233 234/234/234
f 235/235/235 236/236/236 237/237/237
f 238/238/238 239/239/239 240/240/240
f 241/241/241 242/242/242 243/243/243
f 244/244/244 245/245/245 246/246/246
f 247/247/247 248/248/248 249/249/249
f 250/250/250 251/251/251 252/252/252
f 253/253/253 254/254/254 255/255/255
f 256/256/256 257/257/257 258/258/258
f 259/259/259 260/260/260 261/261/261
f 262/262/262 263/263/263 264/264/264
f 265/265/265 266/266/266 267/267/267
f 268/268/268 269/269/269 270/270/270
f 271/271/271 272/272/272 273/273/273
f 274/274/274 275/275/275 276/276/276
f 277/277/277 278/278/278 279/279/279
f 280/280/280 281/281/281 282/282/282
f 283/283/283 284/284/284 285/285/285
f 286/286/286 287/287/287 288/288/288
f 289/289/289 290/290/290 291/291/291
f 292/292/292 293/293/293 294/294/294
f 295/295/295 296/296/296 297/297/297
f 298/298/298 299/299/299 300/300/300
f 301/301/301 302/302/302 303/303/303
f 304/304/304 305/305/305 306/306/306
f 307/307/307 308/308/308 309/309/309
f 310/310/310 311/311/311 312/312/312
f 313/313/313 314/314/314 315/315/315
f 316/316/316 317/317/317 318/318/318
f 319/319/319 320/320/320 321/321/321
f 322/322/322 323/323/323 324/324/324
f 325/325/325 326/326/326 327/327/327
f 328/328/328 329/329/329 330/330/330
f 331/331/331 332/332/332 333/333/333
f 334/334/334 335/335/335 336/336/336
f 337/337/337 338/338/338 339/339/339
f 340/340/340 341/341/341 342/342/342
f 343/343/343 344/344/344 345/345/345
f 346/346/346 347/347/347 348/348/348
f 349/349/349 350/350/350 351/351/351
f 352/352/352 353/353/353 354/354/354
f 355/355/355 356/356/356 357/357/357
f 358/358/358 359/359/359 360/360/360
f 361/361/361 362/362/362 363/363/363
f 364/364/364 365/365/365 366/366/366
f 367/367/367 368/368/368 369/369/369
f 370/370/370 371/371/371 372/372/372
f 373/373/373 374/374/374 375/375/375
f 376/376/376 377/377/377 378/378/378
f 379/379/379 380/380/380 381/381/381
f 382/382/382 383/383/383 384/384/384
f 385/385/385 386/386/386 387/387/387
f 388/388/388 389/389/389 390/390/390
f 391/391/391 392/392/392 393/393/393
f 394/394/394 395/395/395 396/396/396
f 397/397/397 398/398/398 399/399/399
f 400/400/400 401/401/401 402/402/402
f 403/403/403 404/404/404 405/405/405
f 406/406/406 407/407/407 408/408/408
f 409/409/409 410/410/410 411/411/411
f 412/412/412 413/413/413 414/414/414
f 415/415/415 416/416/416 417/417/417
f 418/418/418 419/419/419 420/420/420
f 421/421/421 422/422/422 423/423/423
f 424/424/424 425/425/425 426/426/426
f 427/427/427 428/428/428 429/429/429
f 430/430/430 431/431/431 432/432/432
f 433/433/433 434/434/434 435/435/435
f 436/436/436 437/437/437 438/438/438
f 439/439/439 440/440/440 441/441/441
f 442/442/442 443/443/443 444/444/444
f 445/445/445 446/446/446 447/447/447
f 448/448/448 449/449/449 450/450/450
f 451/451/451 452/452/452 453/453/453
f 454/454/454 455/455/455 456/456/456
f 457/457/457 458/458/458 459/459/459
f 460/460/460 461/461/461 462/462/462
f 463/463/463 464/464/464 465/465/465
f 466/466/466 467/467/467 468/468/468
f 469/469/469 470/470/470 471/471/471
f 472/472/472 473/473/473 474/474/474
f 475/475/475 476/476/476 477/477/477
f 478/478/478 479/479/479 480/480/480
f 481/481/481 482/482/482 483/483/483
f 484/484/484 485/485/485 486/486/486
f 487/487/487 488/488/488 489/489/489
f 490/490/490 491/491/491 492/492/492
f 493/493/493 494/494/494 495/495/495
f 496/496/496 497/497/497 498/498/498
f 499/499/499 500/500/500 501/501/501
f 502/502/502 503/503/503 504/504/504
f 505/505/505 506/506/506 507/507/507
f 508/508/508 509/509/509 510/510/510
f 511/511/511 512/512/512 513/513/513
f 514/514/514 515/515/515 516/516/516
f 517/517/517 518/518/518 519/519/519
f 520/520/520 521/521/521 522/522/522
f 523/523/523 524/524/524 525/525/525
f 526/526/526 527/527/527 528/528/528
f 529/529/529 530/530/530 531/531/531
f 532/532/532 533/533/533 534/534/534
f 535/535/535 536/536/536 537/537/537
f 538/538/538 539/539/539 540/540/540
f 541/541/541 542/542/542 543/543/543
f 544/544/544 545/545/545 546/546/546
f 547/547/547 548/548/548 549/549/549
f 550/550/550 551/551/551 552/552/552
f 553/553/553 554/554/554 555/555/555
f 556/556/556 557/557/557 558/558/558
f 559/559/559 560/560/560 561/561/561
f 562/562/562 563/563/563 564/564/564
f 565/565/565 566/566/566 567/567/567
f 568/568/568 569/569/569 570/570/570
f 571/571/571 572/572/572 573/573/573
f 574/574/574 575/575/575 576/576/576
f 577/577/577 578/578/578 579/579/579
f 580/580/580 581/581/581 582/582/582
f 583/583/583 584/584/584 585/585/585
f 586/586/586 587/587/587 588/588/588
f 589/589/589 590/590/590 591/591/591
f 592/592/592 593/593/593 594/594/594
f 595/595/595 596/596/596 597/597/597
f 598/598/598 599/599/599 600/600/600
f 601/601/601 602/602/602 603/603/603
f 604/604/604 605/605/605 606/606/606
f 607/607/607 608/608/608 609/609/609
f 610/610/610 611/611/611 612/612/612
f 613/613/613 614/614/614 615/615/615
f 616/616/616 617/617/617 618/618/618
f 619/619/619 620/620/620 621/621/621
f 622/622/622 623/623/623 624/624/624
f 625/625/625 626/626/626 627/627/627
f 628/628/628 629/629/629 630/630/630
f 631/631/631 632/632/632 633/633/633
f 634/634/634 635/635/635 636/636/636
f 637/637/637 638/638/638 639/639/639
f 640/640/640 641/641/641 642/642/642
f 643/643/643 644/644/644 645/645/645
f 646/646/646 647/647/647 648/648/648
f 649/649/649 650/650/650 651/651/651
f 652/652/652 653/653/653 654/654/654
f 655/655/655 656/656/656 657/657/657
f 658/658/658 659/659/659 660/660/660
f 661/661/661 662/662/662 663/663/663
f 664/664/664 665/665/665 666/666/666
f 667/667/667 668/668/668 669/669/669
f 670/670/670 671/671/671 672/672/672
f 673/673/673 674/674/674 675/675/675
f 676/676/676 677/677/677 678/678/678
f 679/679/679 680/680/680 681/681/681
f 682/682/682 683/683/683 684/684/684
f 685/685/685 686/686/686 687/687/687
f 688/688/688 689/689/689 690/690/690
f 691/691/691 692/692/692 693/693/693
f 694/694/694 695/695/695 696/696/696
f 697/697/697 698/698/698 699/699/699
f 700/700/700 701/701/701 702/702/702
f 703/703/703 704/704/704 705/705/705
f 706/706/706 707/707/707 708/708/708
f 709/709/709 710/710/710 711/711/711
f 712/712/712 713/713/713 714/714/714
f 715/715/715 716/716/716 717/717/717
f 718/718/718 719/719/719 720/720/720
f 721/721/721 722/722/722 723/723/723
f 724/724/724 725/725/725 726/726/726
f 727/727/727 728/728/728 729/729/729
f 730/730/730 731/731/731 732/732/732
f 733/733/733 734/734/734 735/735/735
f 736/736/736 737/737/737 738/738/738
f 739/739/739 740/740/740 741/741/741
f 742/742/742 743/743/743 744/744/744
f 745/745/745 746/746/746 747/747/747
f 748/748/748 749/749/749 750/750/750
f 751/751/751 752/752/752 753/753/753
f 754/754/754 755/755/755 756/756/756
f 757/757/757 758/758/758 759/759/759
f 760/760/760 761/761/761 762/762/762
f 763/763/763 764/764/764 765/765/765
f 766/766/766 767/767/767 768/768/768
f 769/769/769 770/770/770 771/771/771
f 772/772/772 773/773/773 774/774/774
f 775/775/775 776/776/776 777/777/777
f 778/778/778 779/779/779 780/780/780
f 781/781/781 782/782/782 783/783/783
f 784/784/784 785/785/785 786/786/786
f 787/787/787 788/788/788 789/789/789
f 790/790/790 791/791/791 792/792/792
f 793/793/793 794/794/794 795/795/795
f 796/796/796 797/797/797 798/798/798
f 799/799/799 800/800/800 801/801/801
f 802/802/802 803/803/803 804/804/804
f 805/805/805 806/806/806 807/807/807
f 808/808/808 809/809/809 810/810/810
f 811/811/811 812/812/812 813/813/813
f 814/814/814 815/815/815 816/816/816
f 817/817/817 818/818/818 819/819/819
f 820/820/820 821/821/821 822/822/822
f 823/823/823 824/824/824 825/825/825
f 826/826/826 827/827/827 828/828/828
f 829/829/829 830/830/830 831/831/831
f 832/832/832 833/833/833 834/834/834
f 835/835/835 836/836/836 837/837/837
f 838/838/838 839/839/839 840/840/840
f 841/841/841 842/842/842 843/843/843
f 844/844/844 845/845/845 846/846/846
f 847/847/847 848/848/848 849/849/849
f 850/850/850 851/851/851 852/852/852
f 853/853/853 854/854/854 855/855/855
f 856/856/856 857/857/857 858/858/858
f 859/859/859 860/860/860 861/861/861
f 862/862/862 863/863/863 864/864/864
f 865/865/865 866/866/866 867/867/867
f 868/868/868 869/869/869 870/870/870
f 871/871/871 872/872/872 873/873/873
f 874/874/874 875/875/875 876/876/876
f 877/877/877 878/878/878 879/879/879
f 880/880/880 881/881/881 882/882/882
f 883/883/883 884/884/884 885/885/885
f 886/886/886 887/887/887 888/888/888
f 889/889/889 890/890/890 891/891/891
f 892/892/892 893/893/893 894/894/894
f 895/895/895 896/896/896 897/897/897
f 898/898/898 899/899/899 900/900/900
f 901/901/901 902/902/902 903/903/903
f 904/904/904 905/905/905 906/906/906
f 907/907/907 908/908/908 909/909/909
f 910/910/910 911/911/911 912/912/912
f 913/913/913 914/914/914 915/915/915
f 916/916/916 917/917/917 918/918/918
f 919/919/919 920/920/920 921/921/921
f 922/922/922 923/923/923 924/924/924
f 925/925/925 926/926/926 927/927/927
f 928/928/928 929/929/929 930/930/930
f 931/931/931 932/932/932 933/933/933
f 934/934/934 935/935/935 936/936/936
f 937/937/937 938/938/938 939/939/939
f 940/940/940 941/941/941 942/942/942
f 943/943/943 944/944/944 945/945/945
f 946/946/946 947/947/947 948/948/948
f 949/949/949 950/950/950 951/951/951
f 952/952/952 953/953/953 954/954/954
f 955/955/955 956/956/956 957/957/957
f 958/958/958 959/959/959 960/960/960
f 961/961/961 962/962/962 963/963/963
f 964/964/964 965/965/965 966/966/966
f 967/967/967 968/968/968 969/969/969
f 970/970/970 971/971/971 972/972/972
f 973/973/973 974/974/974 975/975/975
f 976/976/976 977/977/977 978/978/978
f 979/979/979 980/980/980 981/981/981
f 982/982/982 983/983/983 984/984/984
f 985/985/985 986/986/986 987/987/987
f 988/988/988 989/989/989 990/990/990
f 991/991/991 992/992/992 993/993/993
f 994/994/994 995/995/995 996/996/996
f 997/997/997 998/998/998 999/999/999
f 1000/1000/1000 1001/1001/1001 1002/1002/1002
f 1003/1003/1003 1004/1004/1004 1005/1005/1005
f 1006/1006/1006 1007/1007/1007 1008/1008/1008
f 1009/1009/1009 1010/1010/1010 1011/1011/1011
f 1012/1012/1012 1013/1013/1013 1014/1014/1014
f 1015/1015/1015 1016/1016/1016 1017/1017/1017
f 1018/1018/1018 1019/1019/1019 1020/1020/1020
f 1021/1021/1021 1022/1022/1022 1023/1023/1023
f 1024/1024/1024 1025/1025/1025 1026/1026/1026
f 1027/1027/1027 1028/1028/1028 1029/1029/1029
f 1030/1030/1030 1031/1031/1031 1032/1032/1032
f 1033/1033/1033 1034/1034/1034 1035/1035/1035
f 1036/1036/1036 1037/1037/1037 1038/1038/1038
f 1039/1039/1039 1040/1040/1040 1041/1041/1041
f 1042/1042/1042 1043/1043/1043 1044/1044/1044
f 1045/1045/1045 1046/1046/1046 1047/1047/1047
f 1048/1048/1048 1049/1049/1049 1050/1050/1050
f 1051/1051/1051 1052/1052/1052 1053/1053/1053
f 1054/1054/1054 1055/1055/1055 1056/1056/1056
f 1057/1057/1057 1058/1058/1058 1059/1059/1059
f 1060/1060/1060 1061/1061/1061 1062/1062/1062
f 1063/1063/1063 1064/1064/1064 1065/1065/1065
f 1066/1066/1066 1067/1067/1067 1068/1068/1068
f 1069/1069/1069 1070/1070/1070 1071/1071/1071
f 1072/1072/1072 1073/1073/1073 1074/1074/1074
f 1075/1075/1075 1076/1076/1076 1077/1077/1077
f 1078/1078/1078 1079/1079/1079 1080/1080/1080
f 1081/1081/1081 1082/1082/1082 1083/1083/1083
f 1084/1084/1084 1085/1085/1085 1086/1086/1086
f 1087/1087/1087 1088/1088/1088 1089/1089/1089
f 1090/1090/1090 1091/1091/1091 1092/1092/1092
f 1093/1093/1093 1094/1094/1094 1095/1095/1095
f 1096/1096/1096 1097/1097/1097 1098/1098/1098
f 1099/1099/1099 1100/1100/1100 1101/1101/1101
f 1102/1102/1102 1103/1103/1103 1104/1104/1104
f 1105/1105/1105 1106/1106/1106 1107/1107/1107
f 1108/1108/1108 1109/1109/1109 1110/1110/1110
f 1111/1111/1111 1112/1112/1112 1113/1113/1113
f 1114/1114/1114 1115/1115/1115 1116/1116/1116
f 1117/1117/1117 1118/1118/1118 1119/1119/1119
f 1120/1120/1120 1121/1121/1121 1122/1122/1122
f 1123/1123/1123 1124/1124/1124 1125/1125/1125
f 1126/1126/1126 1127/1127/1127 1128/1128/1128
f 1129/1129/1129 1130/1130/1130 1131/1131/1131
f 1132/1132/1132 1133/1133/1133 1134/1134/1134
f 1135/1135/1135 1136/1136/1136 1137/1137/1137
f 1138/1138/1138 1139/1139/1139 1140/1140/1140
f 1141/1141/1141 1142/1142/1142 1143/1143/1143
f 1144/1144/1144 1145/1145/1145 1146/1146/1146
f 1147/1147/1147 1148/1148/1148 1149/1149/1149
f 1150/1150/1150 1151/1151/1151 1152/1152/1152
f 1153/1153/1153 1154/1154/1154 1155/1155/1155
f 1156/1156/1156 1157/1157/1157 1158/1158/1158
f 1159/1159/1159 1160/1160/1160 1161/1161/1161
f 1162/1162/1162 1163/1163/1163 1164/1164/1164
f 1165/1165/1165 1166/1166/1166 1167/1167/1167
f 1168/1168/1168 1169/1169/1169 1170/1170/1170
f 1171/1171/1171 1172/1172/1172 1173/1173/1173
f 1174/1174/1174 1175/1175/1175 1176/1176/1176
f 1177/1177/1177 1178/1178/1178 1179/1179/1179
f 1180/1180/1180 1181/1181/1181 1182/1182/1182
f 1183/1183/1183 1184/1184/1184 1185/1185/1185
f 1186/1186/1186 1187/1187/1187 1188/1188/1188
f 1189/1189/1189 1190/1190/1190 1191/1191/1191
f 1192/1192/1192 1193/1193/1193 1194/1194/1194
f 1195/1195/1195 1196/1196/1196 1197/1197/1197
f 1198/1198/1198 1199/1199/1199 1200/1200/1200
f 1201/1201/1201 1202/1202/1202 1203/1203/1203
f 1204/1204/1204 1205/1205/1205 1206/1206/1206
f 1207/1207/1207 1208/1208/1208 1209/1209/1209
f 1210/1210/1210 1211/1211/1211 1212/1212/1212
f 1213/1213/1213 1214/1214/1214 1215/1215/1215
f 1216/1216/1216 1217/1217/1217 1218/1218/1218
f 1219/1219/1219 1220/1220/1220 1221/1221/1221
f 1222/1222/1222 1223/1223/1223 1224/1224/1224
f 1225/1225/1225 1226/1226/1226 1227/1227/1227
f 1228/1228/1228 1229/1229/1229 1230/1230/1230
f 1231/1231/1231 1232/1232/1232 1233/1233/1233
f 1234/1234/1234 1235/1235/1235 1236/1236/1236
f 1237/1237/1237 1238/1238/1238 1239/1239/1239
f 1240/1240/1240 1241/1241/1241 1242/1242/1242
f 1243/1243/1243 1244/1244/1244 1245/1245/1245
f 1246/1246/1246 1247/1247/1247 1248/1248/1248
f 1249/1249/1249 1250/1250/1250 1251/1251/1251
f 1252/1252/1252 1253/1253/1253 1254/1254/1254
f 1255/1255/1255 1256/1256/1256 1257/1257/1257
f 1258/1258/1258 1259/1259/1259 1260/1260/1260
f 1261/1261/1261 1262/1262/1262 1263/1263/1263
f 1264/1264/1264 1265/1265/1265 1266/1266/1266
f 1267/1267/1267 1268/1268/1268 1269/1269/1269
f 1270/1270/1270 1271/1271/1271 1272/1272/1272
f 1273/1273/1273 1274/1274/1274 1275/1275/1275
f 1276/1276/1276 1277/1277/1277 1278/1278/1278
f 1279/1279/1279 1280/1280/1280 1281/1281/1281
f 1282/1282/1282 1283/1283/1283 1284/1284/1284
f 1285/1285/1285 1286/1286/1286 1287/1287/1287
f 1288/1288/1288 1289/1289/1289 1290/1290/1290
f 1291/1291/1291 1292/1292/1292 1293/1293/1293
f 1294/1294/1294 1295/1295/1295 1296/1296/1296
f 1297/1297/1297 1298/1298/1298 1299/1299/1299
f 1300/1300/1300 1301/1301/1301 1302/1302/1302
f 1303/1303/1303 1304/1304/1304 1305/1305/1305
f 1306/1306/1306 1307/1307/1307 1308/1308/1308
f 1309/1309/1309 1310/1310/1310 1311/1311/1311
f 1312/1312/1312 1313/1313/1313 1314/1314/1314
f 1315/1315/1315 1316/1316/1316 1317/1317/1317
f 1318/1318/1318 1319/1319/1319 1320/1320/1320
f 1321/1321/1321 1322/1322/1322 1323/1323/1323
f 1324/1324/1324 1325/1325/1325 1326/1326/1326
f 1327/1327/1327 1328/1328/1328 1329/1329/1329
f 1330/1330/1330 1331/1331/1331 1332/1332/1332
f 1333/1333/1333 1334/1334/1334 1335/1335/1335
f 1336/1336/1336 1337/1337/1337 1338/1338/1338
f 1339/1339/1339 1340/1340/1340 1341/1341/1341
f 1342/1342/1342 1343/1343/1343 1344/1344/1344
f 1345/1345/1345 1346/1346/1346 1347/1347/1347
f 1348/1348/1348 1349/1349/1349 1350/1350/1350
f 1351/1351/1351 1352/1352/1352 1353/1353/1353
f 1354/1354/1354 1355/1355/1355 1356/1356/1356
f 1357/1357/1357 1358/1358/1358 1359/1359/1359
f 1360/1360/1360 1361/1361/1361 1362/1362/1362
f 1363/1363/1363 1364/1364/1364 1365/1365/1365
f 1366/1366/1366 1367/1367/1367 1368/1368/1368
f 1369/1369/1369 1370/1370/1370 1371/1371/1371
f 1372/1372/1372 1373/1373/1373 1374/1374/1374
f 1375/1375/1375 1376/1376/1376 1377/1377/1377
f 1378/1378/1378 1379/1379/1379 1380/1380/1380
f 1381/1381/1381 1382/1382/1382 1383/1383/1383
f 1384/1384/1384 1385/1385/1385 1386/1386/1386
f 1387/1387/1387 1388/1388/1388 1389/1389/1389
f 1390/1390/1390 1391/1391/1391 1392/1392/1392
f 1393/1393/1393 1394/1394/1394 1395/1395/1395
f 1396/1396/1396 1397/1397/1397 1398/1398/1398
f 1399/1399/1399 1400/1400/1400 1401/1401/1401
f 1402/1402/1402 1403/1403/1403 1404/1404/1404
f 1405/1405/1405 1406/1406/1406 1407/1407/1407
f 1408/1408/1408 1409/1409/1409 1410/1410/1410
f 1411/1411/1411 1412/1412/1412 1413/1413/1413
f 1414/1414/1414 1415/1415/1415 1416/1416/1416
f 1417/1417/1417 1418/1418/1418 1419/1419/1419
f 1420/1420/1420 1421/1421/1421 1422/1422/1422
f 1423/1423/1423 1424/1424/1424 1425/1425/1425
f 1426/1426/1426 1427/1427/1427 1428/1428/1428
f 1429/1429/1429 1430/1430/1430 1431/1431/1431
f 1432/1432/1432 1433/1433/1433 1434/1434/1434
f 1435/1435/1435 1436/1436/1436 1437/1437/1437
f 1438/1438/1438 1439/1439/1439 1440/1440/1440
f 1441/1441/1441 1442/1442/1442 1443/1443/1443
f 1444/1444/1444 1445/1445/1445 1446/1446/1446
f 1447/1447/1447 1448/1448/1448 1449/1449/1449
f 1450/1450/1450 1451/1451/1451 1452/1452/1452
f 1453/1453/1453 1454/1454/1454 1455/1455/1455
f 1456/1456/1456 1457/1457/1457 1458/1458/1458
f 1459/1459/1459 1460/1460/1460 1461/1461/1461
f 1462/1462/1462 1463/1463/1463 1464/1464/1464
f 1465/1465/1465 1466/1466/1466 1467/1467/1467
f 1468/1468/1468 1469/1469/1469 1470/1470/1470
f 1471/1471/1471 1472/1472/1472 1473/1473/1473
f 1474/1474/1474 1475/1475/1475 1476/1476/1476
f 1477/1477/1477 1478/1478/1478 1479/1479/1479
f 1480/1480/1480 1481/1481/1481 1482/1482/1482
f 1483/1483/1483 1484/1484/1484 1485/1485/1485
f 1486/1486/1486 1487/1487/1487 1488/1488/1488
f 1489/1489/1489 1490/1490/1490 1491/1491/1491
f 1492/1492/1492 1493/1493/1493 1494/1494/1494
f 1495/1495/1495 1496/1496/1496 1497/1497/1497
f 1498/1498/1498 1499/1499/1499 1500/1500/1500
f 1501/1501/1501 1502/1502/1502 1503/1503/1503
f 1504/1504/1504 1505/1505/1505 1506/1506/1506
f 1507/1507/1507 1508/1508/1508 1509/1509/1509
f 1510/1510/1510 1511/1511/1511 1512/1512/1512
f 1513/1513/1513 1514/1514/1514 1515/1515/1515
f 1516/1516/1516 1517/1517/1517 1518/1518/1518
f 1519/1519/1519 1520/1520/1520 1521/1521/1521
f 1522/1522/1522 1523/1523/1523 1524/1524/1524
f 1525/1525/1525 1526/1526/1526 1527/1527/1527
f 1528/1528/1528 1529/1529/1529 1530/1530/1530
f 1531/1531/1531 1532/1532/1532 1533/1533/1533
f 1534/1534/1534 1535/1535/1535 1536/1536/1536
f 1537/1537/1537 1538/1538/1538 1539/1539/1539
f 1540/1540/1540 1541/1541/1541 1542/1542/1542
f 1543/1543/1543 1544/1544/1544 1545/1545/1545
f 1546/1546/1546 1547/1547/1547 1548/1548/1548
f 1549/1549/1549 1550/1550/1550 1551/1551/1551
f 1552/1552/1552 1553/1553/1553 1554/1554/1554
f 1555/1555/1555 1556/1556/1556 1557/1557/1557
f 1558/1558/1558 1559/1559/1559 1560/1560/1560
f 1561/1561/1561 1562/1562/1562 1563/1563/1563
f 1564/1564/1564 1565/1565/1565 1566/1566/1566
f 1567/1567/1567 1568/1568/1568 1569/1569/1569
f 1570/1570/1570 1571/1571/1571 1572/1572/1572
f 1573/1573/1573 1574/1574/1574 1575/1575/1575
f 1576/1576/1576 1577/1577/1577 1578/1578/1578
f 1579/1579/1579 1580/1580/1580 1581/1581/1581
f 1582/1582/1582 1583/1583/1583 1584/1584/1584
f 1585/1585/1585 1586/1586/1586 1587/1587/1587
f 1588/1588/1588 1589/1589/1589 1590/1590/1590
f 1591/1591/1591 1592/1592/1592 1593/1593/1593
f 1594/1594/1594 1595/1595/1595 1596/1596/1596
f 1597/1597/1597 1598/1598/1598 1599/1599/1599
f 1600/1600/1600 1601/1601/1601 1602/1602/1602
f 1603/1603/1603 1604/1604/1604 1605/1605/1605
f 1606/1606/1606 1607/1607/1607 1608/1608/1608
f 1609/1609/1609 1610/1610/1610 1611/1611/1611
f 1612/1612/1612 1613/1613/1613 1614/1614/1614
f 1615/1615/1615 1616/1616/1616 1617/1617/1617
f 1618/1618/1618 1619/1619/1619 1620/1620/1620
f 1621/1621/1621 1622/1622/1622 1623/1623/1623
f 1624/1624/1624 1625/1625/1625 1626/1626/1626
f 1627/1627/1627 1628/1628/1628 1629/1629/1629
f 1630/1630/1630 1631/1631/1631 1632/1632/1632
f 1633/1633/1633 1634/1634/1634 1635/1635/1635
f 1636/1636/1636 1637/1637/1637 1638/1638/1638
f 1639/1639/1639 1640/1640/1640 1641/1641/1641
f 1642/1642/1642 1643/1643/1643 1644/1644/1644
f 1645/1645/1645 1646/1646/1646 1647/1647/1647
f 1648/1648/1648 1649/1649/1649 1650/1650/1650
f 1651/1651/1651 1652/1652/1652 1653/1653/1653
f 1654/1654/1654 1655/1655/1655 1656/1656/1656
f 1657/1657/1657 1658/1658/1658 1659/1659/1659
f 1660/1660/1660 1661/1661/1661 1662/1662/1662
f 1663/1663/1663 1664/1664/1664 1665/1665/1665
f 1666/1666/1666 1667/1667/1667 1668/1668/1668
f 1669/1669/1669 1670/1670/1670 1671/1671/1671
f 1672/1672/1672 1673/1673/1673 1674/1674/1674
f 1675/1675/1675 1676/1676/1676 1677/1677/1677
f 1678/1678/1678 1679/1679/1679 1680/1680/1680
f 1681/1681/1681 1682/1682/1682 1683/1683/1683
f 1684/1684/1684 1685/1685/1685 1686/1686/1686
f 1687/1687/1687 1688/1688/1688 1689/1689/1689
f 1690/1690/1690 1691/1691/1691 1692/1692/1692
f 1693/1693/1693 1694/1694/1694 1695/1695/1695
f 1696/1696/1696 1697/1697/1697 1698/1698/1698
f 1699/1699/1699 1700/1700/1700 1701/1701/1701
f 1702/1702/1702 1703/1703/1703 1704/1704/1704
f 1705/1705/1705 1706/1706/1706 1707/1707/1707
f 1708/1708/1708 1709/1709/1709 1710/1710/1710
f 1711/1711/1711 1712/1712/1712 1713/1713/1713
f 1714/1714/1714 1715/1715/1715 1716/1716/1716
f 1717/1717/1717 1718/1718/1718 1719/1719/1719
f 1720/1720/1720 1721/1721/1721 1722/1722/1722
f 1723/1723/1723 1724/1724/1724 1725/1725/1725
f 1726/1726/1726 1727/1727/1727 1728/1728/1728
f 1729/1729/1729 1730/1730/1730 1731/1731/1731
f 1732/1732/1732 1733/1733/1733 1734/1734/1734
f 1735/1735/1735 1736/1736/1736 1737/1737/1737
f 1738/1738/1738 1739/1739/1739 1740/1740/1740
f 1741/1741/1741 1742/1742/1742 1743/1743/1743
f 1744/1744/1744 1745/1745/1745 1746/1746/1746
f 1747/1747/1747 1748/1748/1748 1749/1749/1749
f 1750/1750/1750 1751/1751/1751 1752/1752/1752
f 1753/1753/1753 1754/1754/1754 1755/1755/1755
f 1756/1756/1756 1757/1757/1757 1758/1758/1758
f 1759/1759/1759 1760/1760/1760 1761/1761/1761
f 1762/1762/1762 1763/1763/1763 1764/1764/1764
f 1765/1765/1765 1766/1766/1766 1767/1767/1767
f 1768/1768/1768 1769/1769/1769 1770/1770/1770
f 1771/1771/1771 1772/1772/1772 1773/1773/1773
f 1774/1774/1774 1775/1775/1775 1776/1776/1776
f 1777/1777/1777 1778/1778/1778 1779/1779/1779
f 1780/1780/1780 1781/1781/1781 1782/1782/1782
f 1783/1783/1783 1784/1784/1784 1785/1785/1785
f 1786/1786/1786 1787/1787/1787 1788/1788/1788
f 1789/1789/1789 1790/1790/1790 1791/1791/1791
f 1792/1792/1792 1793/1793/1793 1794/1794/1794
f 1795/1795/1795 1796/1796/1796 1797/1797/1797
f 1798/1798/1798 1799/1799/1799 1800/1800/1800
f 1801/1801/1801 1802/1802/1802 1803/1803/1803
f 1804/1804/1804 1805/1805/1805 1806/1806/1806
f 1807/1807/1807 1808/1808/1808 1809/1809/1809
f 1810/1810/1810 1811/1811/1811 1812/1812/1812
f 1813/1813/1813 1814/1814/1814 1815/1815/1815
f 1816/1816/1816 1817/1817/1817 1818/1818/1818
f 1819/1819/1819 1820/1820/1820 1821/1821/1821
f 1822/1822/1822 1823/1823/1823 1824/1824/1824
f 1825/1825/1825 1826/1826/1826 1827/1827/1827
f 1828/1828/1828 1829/1829/1829 1830/1830/1830
f 1831/1831/1831 1832/1832/1832 1833/1833/1833
f 1834/1834/1834 1835/1835/1835 1836/1836/1836
f 1837/1837/1837 1838/1838/1838 1839/1839/1839
f 1840/1840/1840 1841/1841/1841 1842/1842/1842
f 1843/1843/1843 1844/1844/1844 1845/1845/1845
f 1846/1846/1846 1847/1847/1847 1848/1848/1848
f 1849/1849/1849 1850/1850/1850 1851/1851/1851
f 1852/1852/1852 1853/1853/1853 1854/1854/1854
f 1855/1855/1855 1856/1856/1856 1857/1857/1857
f 1858/1858/1858 1859/1859/1859 1860/1860/1860
f 1861/1861/1861 1862/1862/1862 1863/1863/1863
f 1864/1864/1864 1865/1865/1865 1866/1866/1866
f 1867/1867/1867 1868/1868/1868 1869/1869/1869
f 1870/1870/1870 1871/1871/1871 1872/1872/1872
f 1873/1873/1873 1874/1874/1874 1875/1875/1875
f 1876/1876/1876 1877/1877/1877 1878/1878/1878
f 1879/1879/1879 1880/1880/1880 1881/1881/1881
f 1882/1882/1882 1883/1883/1883 1884/1884/1884
f 1885/1885/1885 1886/1886/1886 1887/1887/1887
f 1888/1888/1888 1889/1889/1889 1890/1890/1890
f 1891/1891/1891 1892/1892/1892 1893/1893/1893
f 1894/1894/1894 1895/1895/1895 1896/1896/1896
f 1897/1897/1897 1898/1898/1898 1899/1899/1899
f 1900/1900/1900 1901/1901/1901 1902/1902/1902
f 1903/1903/1903 1904/1904/1904 1905/1905/1905
f 1906/1906/1906 1907/1907/1907 1908/1908/1908
f 1909/1909/1909 1910/1910/1910 1911/1911/1911
f 1912/1912/1912 1913/1913/1913 1914/1914/1914
f 1915/1915/1915 1916/1916/1916 1917/1917/1917
f 1918/1918/1918 1919/1919/1919 1920/1920/1920
f 1921/1921/1921 1922/1922/1922 1923/1923/1923
f 1924/1924/1924 1925/1925/1925 1926/1926/1926
f 1927/1927/1927 1928/1928/1928 1929/1929/1929
f 1930/1930/1930 1931/1931/1931 1932/1932/1932
f 1933/1933/1933 1934/1934/1934 1935/1935/1935
f 1936/1936/1936 1937/1937/1937 1938/1938/1938
f 1939/1939/1939 1940/1940/1940 1941/1941/1941
f 1942/1942/1942 1943/1943/1943 1944/1944/1944
f 1945/1945/1945 1946/1946/1946 1947/1947/1947
f 1948/1948/1948 1949/1949/1949 1950/1950/1950
f 1951/1951/1951 1952/1952/1952 1953/1953/1953
f 1954/1954/1954 1955/1955/1955 1956/1956/1956
f 1957/1957/1957 1958/1958/1958 1959/1959/1959
f 1960/1960/1960 1961/1961/1961 1962/1962/1962
f 1963/1963/1963 1964/1964/1964 1965/1965/1965
f 1966/1966/1966 1967/1967/1967 1968/1968/1968
f 1969/1969/1969 1970/1970/1970 1971/1971/1971
f 1972/1972/1972 1973/1973/1973 1974/1974/1974
f 1975/1975/1975 1976/1976/1976 1977/1977/1977
f 1978/1978/1978 1979/1979/1979 1980/1980/1980
f 1981/1981/1981 1982/1982/1982 1983/1983/1983
f 1984/1984/1984 1985/1985/1985 1986/1986/1986
f 1987/1987/1987 1988/1988/1988 1989/1989/1989
f 1990/1990/1990 1991/1991/1991 1992/1992/1992
f 1993/1993/1993 1994/1994/1994 1995/1995/1995
f 1996/1996/1996 1997/1997/1997 1998/1998/1998
f 1999/1999/1999 2000/2000/2000 2001/2001/2001
f 2002/2002/2002 2003/2003/2003 2004/2004/2004
f 2005/2005/2005 2006/2006/2006 2007/2007/2007
f 2008/2008/2008 2009/2009/2009 2010/2010/2010
f 2011/2011/2011 2012/2012/2012 2013/2013/2013
f 2014/2014/2014 2015/2015/2015 2016/2016/2016
f 2017/2017/2017 2018/2018/2018 2019/2019/2019
f 2020/2020/2020 2021/2021/2021 2022/2022/2022
f 2023/2023/2023 2024/2024/2024 2025/2025/2025
f 2026/2026/2026 2027/2027/2027 2028/2028/2028
f 2029/2029/2029 2030/2030/2030 2031/2031/2031
f 2032/2032/2032 2033/2033/2033 2034/2034/2034
f 2035/2035/2035 2036/2036/2036 2037/2037/2037
f 2038/2038/2038 2039/2039/2039 2040/2040/2040
f 2041/2041/2041 2042/2042/2042 2043/2043/2043
f 2044/2044/2044 2045/2045/2045 2046/2046/2046
f 2047/2047/2047 2048/2048/2048 2049/2049/2049
f 2050/2050/2050 2051/2051/2051 2052/2052/2052
f 2053/2053/2053 2054/2054/2054 2055/2055/2055
f 2056/2056/2056 2057/2057/2057 2058/2058/2058
f 2059/2059/2059 2060/2060/2060 2061/2061/2061
f 2062/2062/2062 2063/2063/2063 2064/2064/2064
f 2065/2065/2065 2066/2066/2066 2067/2067/2067
f 2068/2068/2068 2069/2069/2069 2070/2070/2070
f 2071/2071/2071 2072/2072/2072 2073/2073/2073
f 2074/2074/2074 2075/2075/2075 2076/2076/2076
f 2077/2077/2077 2078/2078/2078 2079/2079/2079
f 2080/2080/2080 2081/2081/2081 2082/2082/2082
f 2083/2083/2083 2084/2084/2084 2085/2085/2085
f 2086/2086/2086 2087/2087/2087 2088/2088/2088
f 2089/2089/2089 2090/2090/2090 2091/2091/2091
f 2092/2092/2092 2093/2093/2093 2094/2094/2094
f 2095/2095/2095 2096/2096/2096 2097/2097/2097
f 2098/2098/2098 2099/2099/2099 2100/2100/2100
f 2101/2101/2101 2102/2102/2102 2103/2103/2103
f 2104/2104/2104 2105/2105/2105 2106/2106/2106
f 2107/2107/2107 2108/2108/2108 2109/2109/2109
f 2110/2110/2110 2111/2111/2111 2112/2112/2112
f 2113/2113/2113 2114/2114/2114 2115/2115/2115
f 2116/2116/2116 2117/2117/2117 2118/2118/2118
f 2119/2119/2119 2120/2120/2120 2121/2121/2121
f 2122/2122/2122 2123/2123/2123 2124/2124/2124
f 2125/2125/2125 2126/2126/2126 2127/2127/2127
f 2128/2128/2128 2129/2129/2129 2130/2130/2130
f 2131/2131/2131 2132/2132/2132 2133/2133/2133
f 2134/2134/2134 2135/2135/2135 2136/2136/2136
f 2137/2137/2137 2138/2138/2138 2139/2139/2139
f 2140/2140/2140 2141/2141/2141 2142/2142/2142
f 2143/2143/2143 2144/2144/2144 2145/2145/2145
f 2146/2146/2146 2147/2147/2147 2148/2148/2148
f 2149/2149/2149 2150/2150/2150 2151/2151/2151
f 2152/2152/2152 2153/2153/2153 2154/2154/2154
f 2155/2155/2155 2156/2156/2156 2157/2157/2157
f 2158/2158/2158 2159/2159/2159 2160/2160/2160
f 2161/2161/2161 2162/2162/2162 2163/2163/2163
f 2164/2164/2164 2165/2165/2165 2166/2166/2166
f 2167/2167/2167 2168/2168/2168 2169/2169/2169
f 2170/2170/2170 2171/2171/2171 2172/2172/2172
f 2173/2173/2173 2174/2174/2174 2175/2175/2175
f 2176/2176/2176 2177/2177/2177 2178/2178/2178
f 2179/2179/2179 2180/2180/2180 2181/2181/2181
f 2182/2182/2182 2183/2183/2183 2184/2184/2184
f 2185/2185/2185 2186/2186/2186 2187/2187/2187
f 2188/2188/2188 2189/2189/2189 2190/2190/2190
f 2191/2191/2191 2192/2192/2192 2193/2193/2193
f 2194/2194/2194 2195/2195/2195 2196/2196/2196
f 2197/2197/2197 2198/2198/2198 2199/2199/2199
f 2200/2200/2200 2201/2201/2201 2202/2202/2202
f 2203/2203/2203 2204/2204/2204 2205/2205/2205
f 2206/2206/2206 2207/2207/2207 2208/2208/2208
f 2209/2209/2209 2210/2210/2210 2211/2211/2211
f 2212/2212/2212 2213/2213/2213 2214/2214/2214
f 2215/2215/2215 2216/2216/2216 2217/2217/2217
f 2218/2218/2218 2219/2219/2219 2220/2220/2220
f 2221/2221/2221 2222/2222/2222 2223/2223/2223
f 2224/2224/2224 2225/2225/2225 2226/2226/2226
f 2227/2227/2227 2228/2228/2228 2229/2229/2229
f 2230/2230/2230 2231/2231/2231 2232/2232/2232
f 2233/2233/2233 2234/2234/2234 2235/2235/2235
f 2236/2236/2236 2237/2237/2237 2238/2238/2238
f 2239/2239/2239 2240/2240/2240 2241/2241/2241
f 2242/2242/2242 2243/2243/2243 2244/2244/2244
f 2245/2245/2245 2246/2246/2246 2247/2247/2247
f 2248/2248/2248 2249/2249/2249 2250/2250/2250
f 2251/2251/2251 2252/2252/2252 2253/2253/2253
f 2254/2254/2254 2255/2255/2255 2256/2256/2256
f 2257/2257/2257 2258/2258/2258 2259/2259/2259
f 2260/2260/2260 2261/2261/2261 2262/2262/2262
f 2263/2263/2263 2264/2264/2264 2265/2265/2265
f 2266/2266/2266 2267/2267/2267 2268/2268/2268
f 2269/2269/2269 2270/2270/2270 2271/2271/2271
f 2272/2272/2272 2273/2273/2273 2274/2274/2274
f 2275/2275/2275 2276/2276/2276 2277/2277/2277
f 2278/2278/2278 2279/2279/2279 2280/2280/2280
f 2281/2281/2281 2282/2282/2282 2283/2283/2283
f 2284/2284/2284 2285/2285/2285 2286/2286/2286
f 2287/2287/2287 2288/2288/2288 2289/2289/2289
f 2290/2290/2290 2291/2291/2291 2292/2292/2292
f 2293/2293/2293 2294/2294/2294 2295/2295/2295
f 2296/2296/2296 2297/2297/2297 2298/2298/2298
f 2299/2299/2299 2300/2300/2300 2301/2301/2301
f 2302/2302/2302 2303/2303/2303 2304/2304/2304
f 2305/2305/2305 2306/2306/2306 2307/2307/2307
f 2308/2308/2308 2309/2309/2309 2310/2310/2310
f 2311/2311/2311 2312/2312/2312 2313/2313/2313
f 2314/2314/2314 2315/2315/2315 2316/2316/2316
f 2317/2317/2317 2318/2318/2318 2319/2319/2319
f 2320/2320/2320 2321/2321/2321 2322/2322/2322
f 2323/2323/2323 2324/2324/2324 2325/2325/2325
f 2326/2326/2326 2327/2327/2327 2328/2328/2328
f 2329/2329/2329 2330/2330/2330 2331/2331/2331
f 2332/2332/2332 2333/2333/2333 2334/2334/2334
f 2335/2335/2335 2336/2336/2336 2337/2337/2337
f 2338/2338/2338 2339/2339/2339 2340/2340/2340
f 2341/2341/2341 2342/2342/2342 2343/2343/2343
f 2344/2344/2344 2345/2345/2345 2346/2346/2346
f 2347/2347/2347 2348/2348/2348 2349/2349/2349
f 2350/2350/2350 2351/2351/2351 2352/2352/2352
f 2353/2353/2353 2354/2354/2354 2355/2355/2355
f 2356/2356/2356 2357/2357/2357 2358/2358/2358
f 2359/2359/2359 2360/2360/2360 2361/2361/2361
f 2362/2362/2362 2363/2363/2363 2364/2364/2364
f 2365/2365/2365 2366/2366/2366 2367/2367/2367
f 2368/2368/2368 2369/2369/2369 2370/2370/2370
f 2371/2371/2371 2372/2372/2372 2373/2373/2373
f 2374/2374/2374 2375/2375/2375 2376/2376/2376
f 2377/2377/2377 2378/2378/2378 2379/2379/2379
f 2380/2380/2380 2381/2381/2381 2382/2382/2382
f 2383/2383/2383 2384/2384/2384 2385/2385/2385
f 2386/2386/2386 2387/2387/2387 2388/2388/2388
f 2389/2389/2389 2390/2390/2390 2391/2391/2391
f 2392/2392/2392 2393/2393/2393 2394/2394/2394
f 2395/2395/2395 2396/2396/2396 2397/2397/2397
f 2398/2398/2398 2399/2399/2399 2400/2400/2400
f 2401/2401/2401 2402/2402/2402 2403/2403/2403
f 2404/2404/2404 2405/2405/2405 2406/2406/2406
f 2407/2407/2407 2408/2408/2408 2409/2409/2409
f 2410/2410/2410 2411/2411/2411 2412/2412/2412
f 2413/2413/2413 2414/2414/2414 2415/2415/2415
f 2416/2416/2416 2417/2417/2417 2418/2418/2418
f 2419/2419/2419 2420/2420/2420 2421/2421/2421
f 2422/2422/2422 2423/2423/2423 2424/2424/2424
f 2425/2425/2425 2426/2426/2426 2427/2427/2427
f 2428/2428/2428 2429/2429/2429 2430/2430/2430
f 2431/2431/2431 2432/2432/2432 2433/2433/2433
f 2434/2434/2434 2435/2435/2435 2436/2436/2436
f 2437/2437/2437 2438/2438/2438 2439/2439/2439
f 2440/2440/2440 2441/2441/2441 2442/2442/2442
f 2443/2443/2443 2444/2444/2444 2445/2445/2445
f 2446/2446/2446 2447/2447/2447 2448/2448/2448
f 2449/2449/2449 2450/2450/2450 2451/2451/2451
f 2452/2452/2452 2453/2453/2453 2454/2454/2454
f 2455/2455/2455 2456/2456/2456 2457/2457/2457
f 2458/2458/2458 2459/2459/2459 2460/2460/2460
f 2461/2461/2461 2462/2462/2462 2463/2463/2463
f 2464/2464/2464 2465/2465/2465 2466/2466/2466
f 2467/2467/2467 2468/2468/2468 2469/2469/2469
f 2470/2470/2470 2471/2471/2471 2472/2472/2472
f 2473/2473/2473 2474/2474/2474 2475/2475/2475
f 2476/2476/2476 2477/2477/2477 2478/2478/2478
f 2479/2479/2479 2480/2480/2480 2481/2481/2481
f 2482/2482/2482 2483/2483/2483 2484/2484/2484
f 2485/2485/2485 2486/2486/2486 2487/2487/2487
f 2488/2488/2488 2489/2489/2489 2490/2490/2490
f 2491/2491/2491 2492/2492/2492 2493/2493/2493
f 2494/2494/2494 2495/2495/2495 2496/2496/2496
f 2497/2497/2497 2498/2498/2498 2499/2499/2499
f 2500/2500/2500 2501/2501/2501 2502/2502/2502
f 2503/2503/2503 2504/2504/2504 2505/2505/2505
f 2506/2506/2506 2507/2507/2507 2508/2508/2508
f 2509/2509/2509 2510/2510/2510 2511/2511/2511
f 2512/2512/2512 2513/2513/2513 2514/2514/2514
f 2515/2515/2515 2516/2516/2516 2517/2517/2517
f 2518/2518/2518 2519/2519/2519 2520/2520/2520
f 2521/2521/2521 2522/2522/2522 2523/2523/2523
f 2524/2524/2524 2525/2525/2525 2526/2526/2526
f 2527/2527/2527 2528/2528/2528 2529/2529/2529
f 2530/2530/2530 2531/2531/2531 2532/2532/2532
f 2533/2533/2533 2534/2534/2534 2535/2535/2535
f 2536/2536/2536 2537/2537/2537 2538/2538/2538
f 2539/2539/2539 2540/2540/2540 2541/2541/2541
f 2542/2542/2542 2543/2543/2543 2544/2544/2544
f 2545/2545/2545 2546/2546/2546 2547/2547/2547
f 2548/2548/2548 2549/2549/2549 2550/2550/2550
f 2551/2551/2551 2552/2552/2552 2553/2553/2553
f 2554/2554/2554 2555/2555/2555 2556/2556/2556
f 2557/2557/2557 2558/2558/2558 2559/2559/2559
f 2560/2560/2560 2561/2561/2561 2562/2562/2562
f 2563/2563/2563 2564/2564/2564 2565/2565/2565
f 2566/2566/2566 2567/2567/2567 2568/2568/2568
f 2569/2569/2569 2570/2570/2570 2571/2571/2571
f 2572/2572/2572 2573/2573/2573 2574/2574/2574
f 2575/2575/2575 2576/2576/2576 2577/2577/2577
f 2578/2578/2578 2579/2579/2579 2580/2580/2580
f 2581/2581/2581 2582/2582/2582 2583/2583/2583
f 2584/2584/2584 2585/2585/2585 2586/2586/2586
f 2587/2587/2587 2588/2588/2588 2589/2589/2589
f 2590/2590/2590 2591/2591/2591 2592/2592/2592
f 2593/2593/2593 2594/2594/2594 2595/2595/2595
f 2596/2596/2596 2597/2597/2597 2598/2598/2598
f 2599/2599/2599 2600/2600/2600 2601/2601/2601
f 2602/2602/2602 2603/2603/2603 2604/2604/2604
f 2605/2605/2605 2606/2606/2606 2607/2607/2607
f 2608/2608/2608 2609/2609/2609 2610/2610/2610
f 2611/2611/2611 2612/2612/2612 2613/2613/2613
f 2614/2614/2614 2615/2615/2615 2616/2616/2616
f 2617/2617/2617 2618/2618/2618 2619/2619/2619
f 2620/2620/2620 2621/2621/2621 2622/2622/2622
f 2623/2623/2623 2624/2624/2624 2625/2625/2625
f 2626/2626/2626 2627/2627/2627 2628/2628/2628
f 2629/2629/2629 2630/2630/2630 2631/2631/2631
f 2632/2632/2632 2633/2633/2633 2634/2634/2634
f 2635/2635/2635 2636/2636/2636 2637/2637/2637
f 2638/2638/2638 2639/2639/2639 2640/2640/2640
f 2641/2641/2641 2642/2642/2642 2643/2643/2643
f 2644/2644/2644 2645/2645/2645 2646/2646/2646
f 2647/2647/2647 2648/2648/2648 2649/2649/2649
f 2650/2650/2650 2651/2651/2651 2652/2652/2652
f 2653/2653/2653 2654/2654/2654 2655/2655/2655
f 2656/2656/2656 2657/2657/2657 2658/2658/2658
f 2659/2659/2659 2660/2660/2660 2661/2661/2661
f 2662/2662/2662 2663/2663/2663 2664/2664/2664
f 2665/2665/2665 2666/2666/2666 2667/2667/2667
f 2668/2668/2668 2669/2669/2669 2670/2670/2670
f 2671/2671/2671 2672/2672/2672 2673/2673/2673
f 2674/2674/2674 2675/2675/2675 2676/2676/2676
f 2677/2677/2677 2678/2678/2678 2679/2679/2679
f 2680/2680/2680 2681/2681/2681 2682/2682/2682
f 2683/2683/2683 2684/2684/2684 2685/2685/2685
f 2686/2686/2686 2687/2687/2687 2688/2688/2688
f 2689/2689/2689 2690/2690/2690 2691/2691/2691
f 2692/2692/2692 2693/2693/2693 2694/2694/2694
f 2695/2695/2695 2696/2696/2696 2697/2697/2697
f 2698/2698/2698 2699/2699/2699 2700/2700/2700
f 2701/2701/2701 2702/2702/2702 2703/2703/2703
f 2704/2704/2704 2705/2705/2705 2706/2706/2706
f 2707/2707/2707 2708/2708/2708 2709/2709/2709
f 2710/2710/2710 2711/2711/2711 2712/2712/2712
f 2713/2713/2713 2714/2714/2714 2715/2715/2715
f 2716/2716/2716 2717/2717/2717 2718/2718/2718
f 2719/2719/2719 2720/2720/2720 2721/2721/2721
f 2722/2722/2722 2723/2723/2723 2724/2724/2724
f 2725/2725/2725 2726/2726/2726 2727/2727/2727
f 2728/2728/2728 2729/2729/2729 2730/2730/2730
f 2731/2731/2731 2732/2732/2732 2733/2733/2733
f 2734/2734/2734 2735/2735/2735 2736/2736/2736
f 2737/2737/2737 2738/2738/2738 2739/2739/2739
f 2740/2740/2740 2741/2741/2741 2742/2742/2742
f 2743/2743/2743 2744/2744/2744 2745/2745/2745
f 2746/2746/2746 2747/2747/2747 2748/2748/2748
f 2749/2749/2749 2750/2750/2750 2751/2751/2751
f 2752/2752/2752 2753/2753/2753 2754/2754/2754
f 2755/2755/2755 2756/2756/2756 2757/2757/2757
f 2758/2758/2758 2759/2759/2759 2760/2760/2760
f 2761/2761/2761 2762/2762/2762 2763/2763/2763
f 2764/2764/2764 2765/2765/2765 2766/2766/2766
f 2767/2767/2767 2768/2768/2768 2769/2769/2769
f 2770/2770/2770 2771/2771/2771 2772/2772/2772
f 2773/2773/2773 2774/2774/2774 2775/2775/2775
f 2776/2776/2776 2777/2777/2777 2778/2778/2778
f 2779/2779/2779 2780/2780/2780 2781/2781/2781
f 2782/2782/2782 2783/2783/2783 2784/2784/2784
