o Waterfall_01_Plane.021
usemtl water
v 23.444908142089844 4.811773777008057 -16.523038864135742
v 23.36640167236328 4.883317947387695 -16.491926193237305
v 23.413375854492188 4.658586025238037 -16.403085708618164
v 23.480674743652344 4.672850131988525 -16.478097915649414
v 23.444908142089844 4.811773777008057 -16.523038864135742
v 23.413375854492188 4.658586025238037 -16.403085708618164
v 23.31891632080078 3.1976499557495117 -16.12619400024414
v 23.323047637939453 3.7505979537963867 -16.13473892211914
v 23.25245475769043 3.894901990890503 -16.08713722229004
v 23.408571243286133 4.285929203033447 -16.282054901123047
v 23.480674743652344 4.672850131988525 -16.478097915649414
v 23.413375854492188 4.658586025238037 -16.403085708618164
v 23.408571243286133 4.285929203033447 -16.282054901123047
v 23.37705421447754 3.792454957962036 -16.2204647064209
v 23.473690032958984 4.22178316116333 -16.389944076538086
v 23.480674743652344 4.672850131988525 -16.478097915649414
v 23.408571243286133 4.285929203033447 -16.282054901123047
v 23.50960350036621 4.583861827850342 -16.524473190307617
v 23.50960350036621 4.583861827850342 -16.524473190307617
v 23.505430221557617 4.216393947601318 -16.5037841796875
v 23.54818344116211 4.547773838043213 -16.64284896850586
v 23.408571243286133 4.285929203033447 -16.282054901123047
v 23.473690032958984 4.22178316116333 -16.389944076538086
v 23.505430221557617 4.216393947601318 -16.5037841796875
v 23.450254440307617 3.7922210693359375 -16.37099266052246
v 23.406044006347656 3.4696009159088135 -16.399398803710938
v 23.429481506347656 3.5415470600128174 -16.469070434570312
v 23.505430221557617 4.216393947601318 -16.5037841796875
v 23.479116439819336 3.7322990894317627 -16.56491470336914
v 23.482648849487305 3.9590229988098145 -16.63180923461914
v 23.450254440307617 3.7922210693359375 -16.37099266052246
v 23.429481506347656 3.5415470600128174 -16.469070434570312
v 23.479116439819336 3.7322990894317627 -16.56491470336914
v 23.437355041503906 3.637763023376465 -16.603252410888672
v 23.479116439819336 3.7322990894317627 -16.56491470336914
v 23.429481506347656 3.5415470600128174 -16.469070434570312
v 23.23655128479004 3.3026750087738037 -16.515832901000977
v 23.437355041503906 3.637763023376465 -16.603252410888672
v 23.355588912963867 3.27715802192688 -16.50107192993164
v 23.23655128479004 3.3026750087738037 -16.515832901000977
v 23.39873695373535 4.27627420425415 -16.686481475830078
v 23.437355041503906 3.637763023376465 -16.603252410888672
v 23.39873695373535 4.27627420425415 -16.686481475830078
v 23.482648849487305 3.9590229988098145 -16.63180923461914
v 23.437355041503906 3.637763023376465 -16.603252410888672
v 23.323047637939453 3.7505979537963867 -16.13473892211914
v 23.408571243286133 4.285929203033447 -16.282054901123047
v 23.3193416595459 4.243082046508789 -16.192081451416016
v 23.37705421447754 3.792454957962036 -16.2204647064209
v 23.379989624023438 3.2666869163513184 -16.320640563964844
v 23.406044006347656 3.4696009159088135 -16.399398803710938
v 23.473690032958984 4.22178316116333 -16.389944076538086
v 23.450254440307617 3.7922210693359375 -16.37099266052246
v 23.505430221557617 4.216393947601318 -16.5037841796875
v 23.534915924072266 5.186264991760254 -17.1241512298584
v 23.568124771118164 4.864212989807129 -16.943592071533203
v 23.551809310913086 5.019056797027588 -17.11285400390625
v 23.568124771118164 4.864212989807129 -16.943592071533203
v 23.54818344116211 4.547773838043213 -16.64284896850586
v 23.563705444335938 4.78239107131958 -17.006237030029297
v 23.499059677124023 5.092471122741699 -16.917259216308594
v 23.505809783935547 5.519351959228516 -17.209182739257812
v 23.47281837463379 5.595648765563965 -17.218976974487305
v 23.437335968017578 5.124617099761963 -16.808469772338867
v 23.47281837463379 5.595648765563965 -17.218976974487305
v 23.348236083984375 5.329614162445068 -16.85169792175293
v 23.36640167236328 4.883317947387695 -16.491926193237305
v 23.444908142089844 4.811773777008057 -16.523038864135742
v 23.437335968017578 5.124617099761963 -16.808469772338867
v 23.505809783935547 5.519351959228516 -17.209182739257812
v 23.534915924072266 5.186264991760254 -17.1241512298584
v 23.535295486450195 5.497395038604736 -17.37250518798828
v 23.505809783935547 5.519351959228516 -17.209182739257812
v 23.535295486450195 5.497395038604736 -17.37250518798828
v 23.555767059326172 5.6794538497924805 -17.69391632080078
v 23.534915924072266 5.186264991760254 -17.1241512298584
v 23.551809310913086 5.019056797027588 -17.11285400390625
v 23.535892486572266 5.1066718101501465 -17.24709129333496
v 23.47281837463379 5.595648765563965 -17.218976974487305
v 23.5168514251709 5.7835612297058105 -17.526660919189453
v 23.432165145874023 5.733177185058594 -17.34674072265625
v 23.441659927368164 5.379458904266357 -17.66804313659668
v 23.49517059326172 5.3777360916137695 -17.599149703979492
v 23.49056625366211 5.0917439460754395 -17.310937881469727
v 23.404691696166992 5.295889854431152 -17.538192749023438
v 23.441659927368164 5.379458904266357 -17.66804313659668
v 23.49056625366211 5.0917439460754395 -17.310937881469727
v 23.394506454467773 5.025397777557373 -17.219966888427734
v 23.49056625366211 5.0917439460754395 -17.310937881469727
v 23.52927589416504 4.790534973144531 -17.070100784301758
v 23.505809783935547 5.519351959228516 -17.209182739257812
v 23.499059677124023 5.092471122741699 -16.917259216308594
v 23.534915924072266 5.186264991760254 -17.1241512298584
v 23.551809310913086 5.019056797027588 -17.11285400390625
v 23.563705444335938 4.78239107131958 -17.006237030029297
v 23.535892486572266 5.1066718101501465 -17.24709129333496
v 23.348236083984375 5.329614162445068 -16.85169792175293
v 23.47281837463379 5.595648765563965 -17.218976974487305
v 23.432165145874023 5.733177185058594 -17.34674072265625
v 23.523502349853516 5.399816989898682 -17.54241180419922
v 23.535892486572266 5.1066718101501465 -17.24709129333496
v 23.49056625366211 5.0917439460754395 -17.310937881469727
v 23.535295486450195 5.497395038604736 -17.37250518798828
v 23.535892486572266 5.1066718101501465 -17.24709129333496
v 23.523502349853516 5.399816989898682 -17.54241180419922
v 23.52927589416504 4.790534973144531 -17.070100784301758
v 23.535892486572266 5.1066718101501465 -17.24709129333496
v 23.563705444335938 4.78239107131958 -17.006237030029297
v 23.44791030883789 4.446834087371826 -16.739797592163086
v 23.52927589416504 4.790534973144531 -17.070100784301758
v 23.507898330688477 4.461018085479736 -16.71268081665039
v 23.44791030883789 4.446834087371826 -16.739797592163086
v 23.507898330688477 4.461018085479736 -16.71268081665039
v 23.488670349121094 4.172791004180908 -16.63156509399414
v 23.563705444335938 4.78239107131958 -17.006237030029297
v 23.552261352539062 4.557391166687012 -16.779239654541016
v 23.507898330688477 4.461018085479736 -16.71268081665039
v 23.10854721069336 5.461193084716797 -16.894609451293945
v 23.345935821533203 5.81220817565918 -17.44564437866211
v 22.63750648498535 5.6659770011901855 -17.138486862182617
v 23.24241828918457 5.3743510246276855 -16.833789825439453
v 23.432165145874023 5.733177185058594 -17.34674072265625
v 23.10854721069336 5.461193084716797 -16.894609451293945
v 23.480674743652344 4.672850131988525 -16.478097915649414
v 23.50960350036621 4.583861827850342 -16.524473190307617
v 23.54818344116211 4.547773838043213 -16.64284896850586
v 23.480674743652344 4.672850131988525 -16.478097915649414
v 23.499059677124023 5.092471122741699 -16.917259216308594
v 23.444908142089844 4.811773777008057 -16.523038864135742
v 23.36640167236328 4.883317947387695 -16.491926193237305
v 23.182004928588867 5.243626117706299 -16.701683044433594
v 23.234952926635742 4.769169807434082 -16.348388671875
v 23.182004928588867 5.243626117706299 -16.701683044433594
v 23.36640167236328 4.883317947387695 -16.491926193237305
v 23.348236083984375 5.329614162445068 -16.85169792175293
v 23.3193416595459 4.243082046508789 -16.192081451416016
v 23.174943923950195 4.667537212371826 -16.280473709106445
v 23.25245475769043 3.894901990890503 -16.08713722229004
v 23.413375854492188 4.658586025238037 -16.403085708618164
v 23.234952926635742 4.769169807434082 -16.348388671875
v 23.3193416595459 4.243082046508789 -16.192081451416016
v 23.54818344116211 4.547773838043213 -16.64284896850586
v 23.552261352539062 4.557391166687012 -16.779239654541016
v 23.563705444335938 4.78239107131958 -17.006237030029297
v 21.598779678344727 4.572646141052246 -16.354080200195312
v 23.174943923950195 4.667537212371826 -16.280473709106445
v 23.234952926635742 4.769169807434082 -16.348388671875
v 22.429157257080078 5.394059181213379 -16.794178009033203
v 23.10854721069336 5.461193084716797 -16.894609451293945
v 22.607255935668945 5.44304084777832 -16.854778289794922
v 23.394506454467773 5.025397777557373 -17.219966888427734
v 21.997682571411133 5.122291088104248 -17.241594314575195
v 22.492725372314453 5.29396915435791 -17.485633850097656
v 22.607255935668945 5.44304084777832 -16.854778289794922
v 23.10854721069336 5.461193084716797 -16.894609451293945
v 22.63750648498535 5.6659770011901855 -17.138486862182617
v 22.63750648498535 5.6659770011901855 -17.138486862182617
v 22.951826095581055 5.86915397644043 -17.526573181152344
v 22.488418579101562 5.86693811416626 -17.46076202392578
v 23.12554168701172 4.900122165679932 -17.054258346557617
v 23.42632484436035 4.7773637771606445 -17.030332565307617
v 23.363943099975586 4.432064056396484 -16.760202407836914
v 22.607255935668945 5.44304084777832 -16.854778289794922
v 22.024303436279297 5.48553991317749 -16.867595672607422
v 22.429157257080078 5.394059181213379 -16.794178009033203
v 21.281879425048828 4.998528003692627 -17.184947967529297
v 23.12554168701172 4.900122165679932 -17.054258346557617
v 21.46708869934082 4.434929847717285 -16.80974006652832
v 22.32152557373047 5.048777103424072 -17.177064895629883
v 23.12554168701172 4.900122165679932 -17.054258346557617
v 21.281879425048828 4.998528003692627 -17.184947967529297
v 21.46708869934082 4.434929847717285 -16.80974006652832
v 23.363943099975586 4.432064056396484 -16.760202407836914
v 22.047828674316406 4.386315822601318 -16.726694107055664
v 23.234952926635742 4.769169807434082 -16.348388671875
v 23.182004928588867 5.243626117706299 -16.701683044433594
v 22.429157257080078 5.394059181213379 -16.794178009033203
v 23.39873695373535 4.27627420425415 -16.686481475830078
v 23.23655128479004 3.3026750087738037 -16.515832901000977
v 21.141511917114258 3.5004000663757324 -16.527616500854492
v 22.429157257080078 5.394059181213379 -16.794178009033203
v 23.182004928588867 5.243626117706299 -16.701683044433594
v 23.10854721069336 5.461193084716797 -16.894609451293945
v 23.318681716918945 2.353334903717041 -16.059722900390625
v 23.285720825195312 2.7745280265808105 -16.01999855041504
v 23.257369995117188 2.0960350036621094 -15.944084167480469
v 23.33503532409668 1.9183789491653442 -16.07174301147461
v 23.173925399780273 2.0057780742645264 -15.841133117675781
v 23.19932746887207 1.7719110250473022 -15.884419441223145
v 23.257369995117188 2.0960350036621094 -15.944084167480469
v 23.33503532409668 1.9183789491653442 -16.07174301147461
v 23.318681716918945 2.353334903717041 -16.059722900390625
v 23.236530303955078 1.4435210227966309 -16.109956741333008
v 23.26645851135254 1.4634029865264893 -16.119436264038086
v 23.18406867980957 1.4765310287475586 -16.001483917236328
v 23.33503532409668 1.9183789491653442 -16.07174301147461
v 23.33972930908203 1.6921240091323853 -16.146263122558594
v 23.364070892333984 1.8133289813995361 -16.19083595275879
v 23.262813568115234 1.6091220378875732 -16.002124786376953
v 23.33503532409668 1.9183789491653442 -16.07174301147461
v 23.19932746887207 1.7719110250473022 -15.884419441223145
v 23.173925399780273 2.0057780742645264 -15.841133117675781
v 23.210712432861328 2.719680070877075 -15.936508178710938
v 23.103729248046875 2.428611993789673 -15.853177070617676
v 23.173925399780273 2.0057780742645264 -15.841133117675781
v 23.103729248046875 2.428611993789673 -15.853177070617676
v 23.064834594726562 2.094928026199341 -15.815144538879395
v 23.173925399780273 2.0057780742645264 -15.841133117675781
v 23.064834594726562 2.094928026199341 -15.815144538879395
v 23.071495056152344 1.8529369831085205 -15.801397323608398
v 23.06346321105957 1.4329580068588257 -16.014175415039062
v 23.236530303955078 1.4435210227966309 -16.109956741333008
v 23.18406867980957 1.4765310287475586 -16.001483917236328
v 23.18406867980957 1.4765310287475586 -16.001483917236328
v 23.005359649658203 1.515599012374878 -15.91923713684082
v 23.06346321105957 1.4329580068588257 -16.014175415039062
v 23.12017059326172 1.6024689674377441 -15.87282943725586
v 23.19932746887207 1.7719110250473022 -15.884419441223145
v 23.071495056152344 1.8529369831085205 -15.801397323608398
v 23.005359649658203 1.515599012374878 -15.91923713684082
v 22.87468147277832 1.4542080163955688 -15.997998237609863
v 23.06346321105957 1.4329580068588257 -16.014175415039062
v 23.071495056152344 1.8529369831085205 -15.801397323608398
v 22.73741912841797 1.9310359954833984 -15.82004165649414
v 23.017902374267578 1.6748889684677124 -15.830034255981445
v 22.87468147277832 1.4542080163955688 -15.997998237609863
v 23.005359649658203 1.515599012374878 -15.91923713684082
v 22.601091384887695 1.6133179664611816 -15.905973434448242
v 23.064834594726562 2.094928026199341 -15.815144538879395
v 21.898956298828125 2.008790969848633 -15.850422859191895
v 22.73741912841797 1.9310359954833984 -15.82004165649414
v 22.68716049194336 1.4696290493011475 -16.034656524658203
v 22.484878540039062 1.5330259799957275 -15.998662948608398
v 22.489286422729492 1.5262329578399658 -16.068031311035156
v 22.688491821289062 1.7484409809112549 -15.844788551330566
v 22.185842514038086 1.7216769456863403 -15.857742309570312
v 22.601091384887695 1.6133179664611816 -15.905973434448242
v 22.185842514038086 1.7216769456863403 -15.857742309570312
v 22.688491821289062 1.7484409809112549 -15.844788551330566
v 22.167613983154297 1.837373971939087 -15.83304214477539
v 22.601091384887695 1.6133179664611816 -15.905973434448242
v 22.168657302856445 1.6197630167007446 -15.906084060668945
v 22.484878540039062 1.5330259799957275 -15.998662948608398
v 22.129287719726562 1.5255969762802124 -16.080245971679688
v 22.484878540039062 1.5330259799957275 -15.998662948608398
v 22.14857292175293 1.5332050323486328 -16.00531578063965
v 23.3539981842041 2.781419038772583 -16.139745712280273
v 23.351633071899414 3.162856101989746 -16.190412521362305
v 23.31891632080078 3.1976499557495117 -16.12619400024414
v 23.351633071899414 3.162856101989746 -16.190412521362305
v 23.36861801147461 3.0610010623931885 -16.257097244262695
v 23.379989624023438 3.2666869163513184 -16.320640563964844
v 23.285720825195312 2.7745280265808105 -16.01999855041504
v 23.3539981842041 2.781419038772583 -16.139745712280273
v 23.31891632080078 3.1976499557495117 -16.12619400024414
v 23.285720825195312 2.7745280265808105 -16.01999855041504
v 23.31891632080078 3.1976499557495117 -16.12619400024414
v 23.251646041870117 3.2401750087738037 -16.053016662597656
v 23.36861801147461 3.0610010623931885 -16.257097244262695
v 23.372879028320312 2.6367290019989014 -16.26197624206543
v 23.369871139526367 3.010298013687134 -16.375640869140625
v 23.372879028320312 2.6367290019989014 -16.26197624206543
v 23.35491180419922 2.3425350189208984 -16.26859474182129
v 23.363967895507812 2.5848569869995117 -16.342010498046875
v 23.318681716918945 2.353334903717041 -16.059722900390625
v 23.3539981842041 2.781419038772583 -16.139745712280273
v 23.285720825195312 2.7745280265808105 -16.01999855041504
v 23.312137603759766 2.5376780033111572 -16.380828857421875
v 23.346302032470703 2.8820009231567383 -16.42160415649414
v 23.363967895507812 2.5848569869995117 -16.342010498046875
v 23.3539981842041 2.781419038772583 -16.139745712280273
v 23.353843688964844 2.4017109870910645 -16.182313919067383
v 23.372879028320312 2.6367290019989014 -16.26197624206543
v 23.429481506347656 3.5415470600128174 -16.469070434570312
v 23.369871139526367 3.010298013687134 -16.375640869140625
v 23.355588912963867 3.27715802192688 -16.50107192993164
v 23.283658981323242 3.1797189712524414 -16.5083065032959
v 23.355588912963867 3.27715802192688 -16.50107192993164
v 23.346302032470703 2.8820009231567383 -16.42160415649414
v 23.406044006347656 3.4696009159088135 -16.399398803710938
v 23.369871139526367 3.010298013687134 -16.375640869140625
v 23.429481506347656 3.5415470600128174 -16.469070434570312
v 23.351633071899414 3.162856101989746 -16.190412521362305
v 23.3539981842041 2.781419038772583 -16.139745712280273
v 23.36861801147461 3.0610010623931885 -16.257097244262695
v 23.353843688964844 2.4017109870910645 -16.182313919067383
v 23.36220932006836 1.765637993812561 -16.261381149291992
v 23.35491180419922 2.3425350189208984 -16.26859474182129
v 23.35491180419922 2.3425350189208984 -16.26859474182129
v 23.36220932006836 1.765637993812561 -16.261381149291992
v 23.332731246948242 2.2354650497436523 -16.32569122314453
v 23.29241943359375 1.7355149984359741 -16.3044376373291
v 23.332731246948242 2.2354650497436523 -16.32569122314453
v 23.36220932006836 1.765637993812561 -16.261381149291992
v 23.353843688964844 2.4017109870910645 -16.182313919067383
v 23.364070892333984 1.8133289813995361 -16.19083595275879
v 23.36220932006836 1.765637993812561 -16.261381149291992
v 23.29241943359375 1.7355149984359741 -16.3044376373291
v 23.36220932006836 1.765637993812561 -16.261381149291992
v 23.258459091186523 1.4604990482330322 -16.143409729003906
v 23.129825592041016 3.4219839572906494 -16.0157527923584
v 23.210712432861328 2.719680070877075 -15.936508178710938
v 23.251646041870117 3.2401750087738037 -16.053016662597656
v 23.23655128479004 3.3026750087738037 -16.515832901000977
v 23.283658981323242 3.1797189712524414 -16.5083065032959
v 23.23073387145996 2.3216660022735596 -16.333158493041992
v 23.109453201293945 1.6996920108795166 -16.211856842041016
v 23.312137603759766 2.5376780033111572 -16.380828857421875
v 23.29241943359375 1.7355149984359741 -16.3044376373291
v 23.109453201293945 1.6996920108795166 -16.211856842041016
v 23.29241943359375 1.7355149984359741 -16.3044376373291
v 23.22237205505371 1.497967004776001 -16.17644500732422
v 23.066831588745117 1.4963589906692505 -16.1516056060791
v 22.732337951660156 1.6260349750518799 -16.19261360168457
v 23.109453201293945 1.6996920108795166 -16.211856842041016
v 23.283658981323242 3.1797189712524414 -16.5083065032959
v 23.312137603759766 2.5376780033111572 -16.380828857421875
v 23.23073387145996 2.3216660022735596 -16.333158493041992
v 23.23073387145996 2.3216660022735596 -16.333158493041992
v 23.109453201293945 1.6996920108795166 -16.211856842041016
v 22.543554306030273 1.9059799909591675 -16.249826431274414
v 22.732337951660156 1.6260349750518799 -16.19261360168457
v 22.543554306030273 1.9059799909591675 -16.249826431274414
v 23.109453201293945 1.6996920108795166 -16.211856842041016
v 22.638418197631836 1.5312470197677612 -16.142242431640625
v 22.459135055541992 1.699193000793457 -16.201698303222656
v 22.732337951660156 1.6260349750518799 -16.19261360168457
v 22.129653930664062 1.6109620332717896 -16.17764663696289
v 22.459135055541992 1.699193000793457 -16.201698303222656
v 22.41362762451172 1.5650089979171753 -16.13025665283203
v 21.14967155456543 2.889167070388794 -16.45558738708496
v 23.23073387145996 2.3216660022735596 -16.333158493041992
v 21.18785858154297 2.2151029109954834 -16.324251174926758
v 23.318681716918945 2.353334903717041 -16.059722900390625
v 23.33503532409668 1.9183789491653442 -16.07174301147461
v 23.353843688964844 2.4017109870910645 -16.182313919067383
v 23.364070892333984 1.8133289813995361 -16.19083595275879
v 23.33972930908203 1.6921240091323853 -16.146263122558594
v 23.36220932006836 1.765637993812561 -16.261381149291992
v 23.258459091186523 1.4604990482330322 -16.143409729003906
v 23.36220932006836 1.765637993812561 -16.261381149291992
v 23.33972930908203 1.6921240091323853 -16.146263122558594
v 23.33972930908203 1.6921240091323853 -16.146263122558594
v 23.26645851135254 1.4634029865264893 -16.119436264038086
v 23.258459091186523 1.4604990482330322 -16.143409729003906
v 23.257369995117188 2.0960350036621094 -15.944084167480469
v 23.285720825195312 2.7745280265808105 -16.01999855041504
v 23.210712432861328 2.719680070877075 -15.936508178710938
v 23.08287811279297 1.4423569440841675 -16.110570907592773
v 23.258459091186523 1.4604990482330322 -16.143409729003906
v 23.236530303955078 1.4435210227966309 -16.109956741333008
v 22.638418197631836 1.5312470197677612 -16.142242431640625
v 22.650060653686523 1.476011037826538 -16.105030059814453
v 22.489286422729492 1.5262329578399658 -16.068031311035156
v 23.017902374267578 1.6748889684677124 -15.830034255981445
v 22.688491821289062 1.7484409809112549 -15.844788551330566
v 22.601091384887695 1.6133179664611816 -15.905973434448242
v 22.987911224365234 1.430493950843811 -16.068824768066406
v 23.06346321105957 1.4329580068588257 -16.014175415039062
v 22.87468147277832 1.4542080163955688 -15.997998237609863
v 22.87468147277832 1.4542080163955688 -15.997998237609863
v 22.68716049194336 1.4696290493011475 -16.034656524658203
v 22.987911224365234 1.430493950843811 -16.068824768066406
v 23.066831588745117 1.4963589906692505 -16.1516056060791
v 23.22237205505371 1.497967004776001 -16.17644500732422
v 23.08287811279297 1.4423569440841675 -16.110570907592773
v 22.650060653686523 1.476011037826538 -16.105030059814453
v 22.638418197631836 1.5312470197677612 -16.142242431640625
v 23.066831588745117 1.4963589906692505 -16.1516056060791
v 21.2042236328125 4.308825969696045 -16.74770736694336
v 23.39873695373535 4.27627420425415 -16.686481475830078
v 21.141511917114258 3.5004000663757324 -16.527616500854492
v 21.14995002746582 3.8150510787963867 -16.11810302734375
v 23.191904067993164 3.729227066040039 -16.062198638916016
v 21.55518913269043 4.328616142272949 -16.266300201416016
v 22.607255935668945 5.44304084777832 -16.854778289794922
v 22.63750648498535 5.6659770011901855 -17.138486862182617
v 21.852811813354492 5.555761814117432 -16.99650001525879
v 22.024303436279297 5.48553991317749 -16.867595672607422
v 21.852811813354492 5.555761814117432 -16.99650001525879
v 21.424837112426758 5.563839912414551 -16.964496612548828
v 21.89108657836914 5.290225982666016 -17.47130012512207
v 21.997682571411133 5.122291088104248 -17.241594314575195
v 21.303083419799805 5.208861827850342 -17.366411209106445
v 21.444473266601562 5.116300106048584 -17.225086212158203
v 22.32152557373047 5.048777103424072 -17.177064895629883
v 21.281879425048828 4.998528003692627 -17.184947967529297
v 21.683666229248047 5.105341911315918 -16.621305465698242
v 21.37761116027832 5.341670036315918 -16.771785736083984
v 21.215682983398438 4.91956901550293 -16.481788635253906
v 21.09840965270996 4.76589822769165 -16.633058547973633
v 21.125486373901367 4.643164157867432 -16.4597110748291
v 21.147619247436523 4.9338908195495605 -16.679502487182617
v 21.19425392150879 4.6126179695129395 -16.36789321899414
v 21.215682983398438 4.91956901550293 -16.481788635253906
v 21.125486373901367 4.643164157867432 -16.4597110748291
v 21.14995002746582 3.8150510787963867 -16.11810302734375
v 21.114112854003906 4.127821922302246 -16.244434356689453
v 21.05694007873535 3.7912240028381348 -16.151111602783203
v 21.10276222229004 3.543010950088501 -16.08243751525879
v 21.14995002746582 3.8150510787963867 -16.11810302734375
v 21.05694007873535 3.7912240028381348 -16.151111602783203
v 21.029687881469727 3.540113925933838 -16.312244415283203
v 21.041210174560547 3.489069938659668 -16.170549392700195
v 21.033491134643555 3.7728710174560547 -16.187135696411133
v 21.04082489013672 4.276047229766846 -16.69636344909668
v 21.015361785888672 3.9776949882507324 -16.4366455078125
v 21.085861206054688 4.56804084777832 -16.513076782226562
v 21.114112854003906 4.127821922302246 -16.244434356689453
v 21.125486373901367 4.643164157867432 -16.4597110748291
v 21.046730041503906 4.152976989746094 -16.38890838623047
v 21.114112854003906 4.127821922302246 -16.244434356689453
v 21.19425392150879 4.6126179695129395 -16.36789321899414
v 21.125486373901367 4.643164157867432 -16.4597110748291
v 21.09165382385254 3.9814460277557373 -16.6738224029541
v 21.2042236328125 4.308825969696045 -16.74770736694336
v 21.141511917114258 3.5004000663757324 -16.527616500854492
v 21.02349853515625 3.8517398834228516 -16.4891357421875
v 21.015361785888672 3.9776949882507324 -16.4366455078125
v 21.04082489013672 4.276047229766846 -16.69636344909668
v 21.059911727905273 3.7361080646514893 -16.574832916259766
v 21.049911499023438 3.990899085998535 -16.65056610107422
v 21.09165382385254 3.9814460277557373 -16.6738224029541
v 21.038251876831055 3.7679319381713867 -16.55264663696289
v 21.029687881469727 3.540113925933838 -16.312244415283203
v 21.024036407470703 3.7462880611419678 -16.312301635742188
v 21.024036407470703 3.7462880611419678 -16.312301635742188
v 21.033491134643555 3.7728710174560547 -16.187135696411133
v 21.026859283447266 4.010481834411621 -16.30247688293457
v 21.05694007873535 3.7912240028381348 -16.151111602783203
v 21.033491134643555 3.7728710174560547 -16.187135696411133
v 21.041210174560547 3.489069938659668 -16.170549392700195
v 21.038251876831055 3.7679319381713867 -16.55264663696289
v 21.049911499023438 3.990899085998535 -16.65056610107422
v 21.059911727905273 3.7361080646514893 -16.574832916259766
v 21.02349853515625 3.8517398834228516 -16.4891357421875
v 21.049911499023438 3.990899085998535 -16.65056610107422
v 21.038251876831055 3.7679319381713867 -16.55264663696289
v 21.026859283447266 4.010481834411621 -16.30247688293457
v 21.046730041503906 4.152976989746094 -16.38890838623047
v 21.015361785888672 3.9776949882507324 -16.4366455078125
v 22.024303436279297 5.48553991317749 -16.867595672607422
v 21.424837112426758 5.563839912414551 -16.964496612548828
v 21.963970184326172 5.38358211517334 -16.752912521362305
v 21.37761116027832 5.341670036315918 -16.771785736083984
v 21.424837112426758 5.563839912414551 -16.964496612548828
v 21.320011138916016 5.567771911621094 -17.032176971435547
v 21.320011138916016 5.567771911621094 -17.032176971435547
v 21.424837112426758 5.563839912414551 -16.964496612548828
v 21.435636520385742 5.677401065826416 -17.0968074798584
v 21.435636520385742 5.677401065826416 -17.0968074798584
v 21.485443115234375 5.987613201141357 -17.69149398803711
v 21.28864860534668 5.937039852142334 -17.644886016845703
v 21.303083419799805 5.208861827850342 -17.366411209106445
v 21.444473266601562 5.116300106048584 -17.225086212158203
v 21.281879425048828 4.998528003692627 -17.184947967529297
v 21.211145401000977 4.527863025665283 -16.87574005126953
v 21.281879425048828 4.998528003692627 -17.184947967529297
v 21.46708869934082 4.434929847717285 -16.80974006652832
v 21.2042236328125 4.308825969696045 -16.74770736694336
v 21.211145401000977 4.527863025665283 -16.87574005126953
v 21.46708869934082 4.434929847717285 -16.80974006652832
v 21.162691116333008 5.202539920806885 -16.94188117980957
v 21.208789825439453 5.510766983032227 -17.186758041381836
v 21.16543960571289 5.239552974700928 -17.064315795898438
v 21.232112884521484 5.255198001861572 -16.826576232910156
v 21.24397850036621 5.6037821769714355 -17.186269760131836
v 21.162691116333008 5.202539920806885 -16.94188117980957
v 21.115516662597656 4.9389119148254395 -17.058317184448242
v 21.167821884155273 4.998432159423828 -17.14101791381836
v 21.122264862060547 4.673417091369629 -16.978984832763672
v 21.115516662597656 4.9389119148254395 -17.058317184448242
v 21.075275421142578 4.638943195343018 -16.869800567626953
v 21.083911895751953 4.800754070281982 -16.796154022216797
v 21.208789825439453 5.510766983032227 -17.186758041381836
v 21.24397850036621 5.6037821769714355 -17.186269760131836
v 21.2164249420166 5.841527938842773 -17.59608268737793
v 21.175907135009766 5.232926845550537 -17.152385711669922
v 21.198806762695312 5.3105788230896 -17.267066955566406
v 21.167821884155273 4.998432159423828 -17.14101791381836
v 21.2393741607666 5.234269142150879 -17.328580856323242
v 21.19906234741211 4.968601226806641 -17.157316207885742
v 21.167821884155273 4.998432159423828 -17.14101791381836
v 21.198806762695312 5.3105788230896 -17.267066955566406
v 21.204734802246094 5.508906841278076 -17.677059173583984
v 21.238750457763672 5.381011009216309 -17.581174850463867
v 21.198806762695312 5.3105788230896 -17.267066955566406
v 21.238750457763672 5.381011009216309 -17.581174850463867
v 21.2393741607666 5.234269142150879 -17.328580856323242
v 21.19270133972168 5.495086193084717 -17.36070442199707
v 21.16543960571289 5.239552974700928 -17.064315795898438
v 21.208789825439453 5.510766983032227 -17.186758041381836
v 21.147619247436523 4.9338908195495605 -16.679502487182617
v 21.232112884521484 5.255198001861572 -16.826576232910156
v 21.162691116333008 5.202539920806885 -16.94188117980957
v 21.16543960571289 5.239552974700928 -17.064315795898438
v 21.19270133972168 5.495086193084717 -17.36070442199707
v 21.175907135009766 5.232926845550537 -17.152385711669922
v 21.198806762695312 5.3105788230896 -17.267066955566406
v 21.175907135009766 5.232926845550537 -17.152385711669922
v 21.19270133972168 5.495086193084717 -17.36070442199707
v 21.204734802246094 5.508906841278076 -17.677059173583984
v 21.198806762695312 5.3105788230896 -17.267066955566406
v 21.19270133972168 5.495086193084717 -17.36070442199707
v 21.122264862060547 4.673417091369629 -16.978984832763672
v 21.19906234741211 4.968601226806641 -17.157316207885742
v 21.211145401000977 4.527863025665283 -16.87574005126953
v 21.10214614868164 4.468021869659424 -16.860088348388672
v 21.211145401000977 4.527863025665283 -16.87574005126953
v 21.2042236328125 4.308825969696045 -16.74770736694336
v 21.215682983398438 4.91956901550293 -16.481788635253906
v 21.232112884521484 5.255198001861572 -16.826576232910156
v 21.147619247436523 4.9338908195495605 -16.679502487182617
v 21.075275421142578 4.638943195343018 -16.869800567626953
v 21.04082489013672 4.276047229766846 -16.69636344909668
v 21.0545597076416 4.520678997039795 -16.65068244934082
v 21.19425392150879 4.6126179695129395 -16.36789321899414
v 21.683666229248047 5.105341911315918 -16.621305465698242
v 21.215682983398438 4.91956901550293 -16.481788635253906
v 21.24397850036621 5.6037821769714355 -17.186269760131836
v 21.320011138916016 5.567771911621094 -17.032176971435547
v 21.28119468688965 5.828131198883057 -17.44796371459961
v 21.19906234741211 4.968601226806641 -17.157316207885742
v 21.281879425048828 4.998528003692627 -17.184947967529297
v 21.211145401000977 4.527863025665283 -16.87574005126953
v 21.303083419799805 5.208861827850342 -17.366411209106445
v 21.281879425048828 4.998528003692627 -17.184947967529297
v 21.19906234741211 4.968601226806641 -17.157316207885742
v 21.2393741607666 5.234269142150879 -17.328580856323242
v 21.238750457763672 5.381011009216309 -17.581174850463867
v 21.317089080810547 5.403491020202637 -17.67393684387207
v 21.55518913269043 4.328616142272949 -16.266300201416016
v 21.598779678344727 4.572646141052246 -16.354080200195312
v 21.19425392150879 4.6126179695129395 -16.36789321899414
v 21.075275421142578 4.638943195343018 -16.869800567626953
v 21.0545597076416 4.520678997039795 -16.65068244934082
v 21.083911895751953 4.800754070281982 -16.796154022216797
v 21.075275421142578 4.638943195343018 -16.869800567626953
v 21.115516662597656 4.9389119148254395 -17.058317184448242
v 21.122264862060547 4.673417091369629 -16.978984832763672
v 21.424837112426758 5.563839912414551 -16.964496612548828
v 21.852811813354492 5.555761814117432 -16.99650001525879
v 21.435636520385742 5.677401065826416 -17.0968074798584
v 21.898956298828125 2.008790969848633 -15.850422859191895
v 23.064834594726562 2.094928026199341 -15.815144538879395
v 21.11101722717285 2.4566009044647217 -15.931513786315918
v 22.168657302856445 1.6197630167007446 -15.906084060668945
v 21.860443115234375 1.5847439765930176 -15.965042114257812
v 22.14857292175293 1.5332050323486328 -16.00531578063965
v 21.860443115234375 1.5847439765930176 -15.965042114257812
v 22.168657302856445 1.6197630167007446 -15.906084060668945
v 21.86858367919922 1.6630009412765503 -15.90332317352295
v 22.185842514038086 1.7216769456863403 -15.857742309570312
v 21.871009826660156 1.7774289846420288 -15.857230186462402
v 21.86858367919922 1.6630009412765503 -15.90332317352295
v 21.871009826660156 1.7774289846420288 -15.857230186462402
v 22.185842514038086 1.7216769456863403 -15.857742309570312
v 22.167613983154297 1.837373971939087 -15.83304214477539
v 22.167613983154297 1.837373971939087 -15.83304214477539
v 21.775476455688477 1.921741008758545 -15.843910217285156
v 21.871009826660156 1.7774289846420288 -15.857230186462402
v 21.86858367919922 1.6630009412765503 -15.90332317352295
v 21.871009826660156 1.7774289846420288 -15.857230186462402
v 21.405080795288086 1.7655919790267944 -15.84941291809082
v 21.8363037109375 1.536452054977417 -16.072853088378906
v 21.860443115234375 1.5847439765930176 -15.965042114257812
v 21.432546615600586 1.5279760360717773 -16.03082847595215
v 21.39364242553711 1.6297880411148071 -15.915618896484375
v 21.860443115234375 1.5847439765930176 -15.965042114257812
v 21.86858367919922 1.6630009412765503 -15.90332317352295
v 21.775476455688477 1.921741008758545 -15.843910217285156
v 21.898956298828125 2.008790969848633 -15.850422859191895
v 21.296903610229492 1.9506340026855469 -15.845293045043945
v 21.296903610229492 1.9506340026855469 -15.845293045043945
v 21.898956298828125 2.008790969848633 -15.850422859191895
v 21.11101722717285 2.4566009044647217 -15.931513786315918
v 21.405080795288086 1.7655919790267944 -15.84941291809082
v 21.775476455688477 1.921741008758545 -15.843910217285156
v 21.296903610229492 1.9506340026855469 -15.845293045043945
v 21.086294174194336 1.8858519792556763 -15.860206604003906
v 21.405080795288086 1.7655919790267944 -15.84941291809082
v 21.296903610229492 1.9506340026855469 -15.845293045043945
v 21.405080795288086 1.7655919790267944 -15.84941291809082
v 21.0374755859375 1.7523289918899536 -15.8862886428833
v 21.09181785583496 1.6355949640274048 -15.933765411376953
v 21.149866104125977 1.4905749559402466 -16.13290023803711
v 21.432546615600586 1.5279760360717773 -16.03082847595215
v 21.13785171508789 1.5190260410308838 -16.05214500427246
v 21.432546615600586 1.5279760360717773 -16.03082847595215
v 21.39364242553711 1.6297880411148071 -15.915618896484375
v 21.09181785583496 1.6355949640274048 -15.933765411376953
v 21.086294174194336 1.8858519792556763 -15.860206604003906
v 21.048297882080078 2.8688950538635254 -16.054521560668945
v 21.02957534790039 2.7073469161987305 -16.07721710205078
v 21.02596092224121 1.8483200073242188 -15.889062881469727
v 21.07070541381836 2.286602020263672 -15.950159072875977
v 21.049427032470703 2.162466049194336 -15.9815092086792
v 21.149866104125977 1.4905749559402466 -16.13290023803711
v 21.13785171508789 1.5190260410308838 -16.05214500427246
v 21.02686309814453 1.5154839754104614 -16.127925872802734
v 21.09181785583496 1.6355949640274048 -15.933765411376953
v 21.003652572631836 1.74862802028656 -15.91191291809082
v 21.02686309814453 1.5154839754104614 -16.127925872802734
v 21.00528335571289 1.9691859483718872 -16.090730667114258
v 21.003652572631836 1.74862802028656 -15.91191291809082
v 21.023679733276367 2.0535929203033447 -15.996956825256348
v 21.00753402709961 1.5247390270233154 -16.159957885742188
v 21.003652572631836 1.74862802028656 -15.91191291809082
v 20.993873596191406 1.765207052230835 -16.055133819580078
v 21.02596092224121 1.8483200073242188 -15.889062881469727
v 21.049427032470703 2.162466049194336 -15.9815092086792
v 21.023679733276367 2.0535929203033447 -15.996956825256348
v 21.0374755859375 1.7523289918899536 -15.8862886428833
v 21.086294174194336 1.8858519792556763 -15.860206604003906
v 21.02596092224121 1.8483200073242188 -15.889062881469727
v 21.0374755859375 1.7523289918899536 -15.8862886428833
v 21.02596092224121 1.8483200073242188 -15.889062881469727
v 21.003652572631836 1.74862802028656 -15.91191291809082
v 21.18785858154297 2.2151029109954834 -16.324251174926758
v 23.23073387145996 2.3216660022735596 -16.333158493041992
v 22.543554306030273 1.9059799909591675 -16.249826431274414
v 21.18785858154297 2.2151029109954834 -16.324251174926758
v 22.543554306030273 1.9059799909591675 -16.249826431274414
v 21.694217681884766 1.8385740518569946 -16.259967803955078
v 21.85307502746582 1.5597569942474365 -16.13638687133789
v 21.820629119873047 1.628783941268921 -16.192352294921875
v 22.129653930664062 1.6109620332717896 -16.17764663696289
v 22.459135055541992 1.699193000793457 -16.201698303222656
v 22.129653930664062 1.6109620332717896 -16.17764663696289
v 21.820629119873047 1.628783941268921 -16.192352294921875
v 21.169435501098633 1.642084002494812 -16.246305465698242
v 21.694217681884766 1.8385740518569946 -16.259967803955078
v 21.820629119873047 1.628783941268921 -16.192352294921875
v 23.129825592041016 3.4219839572906494 -16.0157527923584
v 21.048297882080078 2.8688950538635254 -16.054521560668945
v 21.11101722717285 2.4566009044647217 -15.931513786315918
v 21.091503143310547 1.7312259674072266 -16.262855529785156
v 21.18785858154297 2.2151029109954834 -16.324251174926758
v 21.694217681884766 1.8385740518569946 -16.259967803955078
v 21.091503143310547 1.7312259674072266 -16.262855529785156
v 21.694217681884766 1.8385740518569946 -16.259967803955078
v 21.169435501098633 1.642084002494812 -16.246305465698242
v 21.01909637451172 2.964646100997925 -16.181459426879883
v 21.02957534790039 2.7073469161987305 -16.07721710205078
v 21.028596878051758 3.0466361045837402 -16.105363845825195
v 21.056381225585938 3.486356019973755 -16.11940574645996
v 21.028596878051758 3.0466361045837402 -16.105363845825195
v 21.10276222229004 3.543010950088501 -16.08243751525879
v 21.028596878051758 3.0466361045837402 -16.105363845825195
v 21.056381225585938 3.486356019973755 -16.11940574645996
v 21.01909637451172 2.964646100997925 -16.181459426879883
v 21.085844039916992 2.652981996536255 -16.36133575439453
v 21.083168029785156 2.972470998764038 -16.436325073242188
v 21.14967155456543 2.889167070388794 -16.45558738708496
v 21.085844039916992 2.652981996536255 -16.36133575439453
v 21.14967155456543 2.889167070388794 -16.45558738708496
v 21.126005172729492 2.262967109680176 -16.31705093383789
v 21.056440353393555 2.6965339183807373 -16.312854766845703
v 21.048128128051758 2.9969840049743652 -16.38197898864746
v 21.083168029785156 2.972470998764038 -16.436325073242188
v 21.056440353393555 2.6965339183807373 -16.312854766845703
v 21.036684036254883 2.7000720500946045 -16.23381233215332
v 21.023706436157227 2.928694009780884 -16.25429916381836
v 21.056440353393555 2.6965339183807373 -16.312854766845703
v 21.068992614746094 2.4551100730895996 -16.270587921142578
v 21.036684036254883 2.7000720500946045 -16.23381233215332
v 21.056440353393555 2.6965339183807373 -16.312854766845703
v 21.085844039916992 2.652981996536255 -16.36133575439453
v 21.068992614746094 2.4551100730895996 -16.270587921142578
v 21.068992614746094 2.4551100730895996 -16.270587921142578
v 21.051799774169922 2.4317829608917236 -16.19120216369629
v 21.036684036254883 2.7000720500946045 -16.23381233215332
v 21.036684036254883 2.7000720500946045 -16.23381233215332
v 21.04892349243164 2.3517980575561523 -16.127643585205078
v 21.03215980529785 2.6353108882904053 -16.115541458129883
v 21.029687881469727 3.540113925933838 -16.312244415283203
v 21.023706436157227 2.928694009780884 -16.25429916381836
v 21.041210174560547 3.489069938659668 -16.170549392700195
v 21.083168029785156 2.972470998764038 -16.436325073242188
v 21.0740909576416 3.450350046157837 -16.496278762817383
v 21.141511917114258 3.5004000663757324 -16.527616500854492
v 21.056381225585938 3.486356019973755 -16.11940574645996
v 21.041210174560547 3.489069938659668 -16.170549392700195
v 21.023706436157227 2.928694009780884 -16.25429916381836
v 21.037202835083008 3.0462470054626465 -16.353160858154297
v 21.048250198364258 3.42417311668396 -16.427221298217773
v 21.048128128051758 2.9969840049743652 -16.38197898864746
v 21.00528335571289 1.9691859483718872 -16.090730667114258
v 21.04892349243164 2.3517980575561523 -16.127643585205078
v 21.05909538269043 2.083759069442749 -16.23870277404785
v 21.05909538269043 2.083759069442749 -16.23870277404785
v 21.126005172729492 2.262967109680176 -16.31705093383789
v 21.091503143310547 1.7312259674072266 -16.262855529785156
v 21.1113338470459 1.5167330503463745 -16.1999454498291
v 21.091503143310547 1.7312259674072266 -16.262855529785156
v 21.169435501098633 1.642084002494812 -16.246305465698242
v 21.00753402709961 1.5247390270233154 -16.159957885742188
v 21.028520584106445 1.7749279737472534 -16.235107421875
v 21.091503143310547 1.7312259674072266 -16.262855529785156
v 21.00528335571289 1.9691859483718872 -16.090730667114258
v 21.05909538269043 2.083759069442749 -16.23870277404785
v 21.004581451416016 1.8030309677124023 -16.1867733001709
v 21.00753402709961 1.5247390270233154 -16.159957885742188
v 21.004581451416016 1.8030309677124023 -16.1867733001709
v 21.028520584106445 1.7749279737472534 -16.235107421875
v 21.004581451416016 1.8030309677124023 -16.1867733001709
v 21.05909538269043 2.083759069442749 -16.23870277404785
v 21.028520584106445 1.7749279737472534 -16.235107421875
v 21.068992614746094 2.4551100730895996 -16.270587921142578
v 21.085844039916992 2.652981996536255 -16.36133575439453
v 21.126005172729492 2.262967109680176 -16.31705093383789
v 21.85307502746582 1.5597569942474365 -16.13638687133789
v 22.129287719726562 1.5255969762802124 -16.080245971679688
v 21.8363037109375 1.536452054977417 -16.072853088378906
v 21.41008949279785 1.5383549928665161 -16.177143096923828
v 21.85307502746582 1.5597569942474365 -16.13638687133789
v 21.8363037109375 1.536452054977417 -16.072853088378906
v 21.03215980529785 2.6353108882904053 -16.115541458129883
v 21.07070541381836 2.286602020263672 -15.950159072875977
v 21.02957534790039 2.7073469161987305 -16.07721710205078
v 21.04892349243164 2.3517980575561523 -16.127643585205078
v 21.023679733276367 2.0535929203033447 -15.996956825256348
v 21.049427032470703 2.162466049194336 -15.9815092086792
v 21.04892349243164 2.3517980575561523 -16.127643585205078
v 21.00528335571289 1.9691859483718872 -16.090730667114258
v 21.023679733276367 2.0535929203033447 -15.996956825256348
v 21.1113338470459 1.5167330503463745 -16.1999454498291
v 21.149866104125977 1.4905749559402466 -16.13290023803711
v 21.02686309814453 1.5154839754104614 -16.127925872802734
v 21.004581451416016 1.8030309677124023 -16.1867733001709
v 20.993873596191406 1.765207052230835 -16.055133819580078
v 21.00528335571289 1.9691859483718872 -16.090730667114258
v 21.04892349243164 2.3517980575561523 -16.127643585205078
v 21.049427032470703 2.162466049194336 -15.9815092086792
v 21.03215980529785 2.6353108882904053 -16.115541458129883
v 22.918317794799805 6.413426876068115 -19.540315628051758
v 23.56170654296875 6.231264114379883 -18.83933448791504
v 23.62797737121582 6.4573869705200195 -19.791908264160156
v 23.56170654296875 6.231264114379883 -18.83933448791504
v 23.600421905517578 6.247594833374023 -18.91631317138672
v 23.62797737121582 6.4573869705200195 -19.791908264160156
v 23.5168514251709 5.7835612297058105 -17.526660919189453
v 23.543991088867188 5.737188816070557 -17.626283645629883
v 23.5870304107666 5.891985893249512 -18.16438865661621
v 23.445175170898438 5.9057297706604 -17.671945571899414
v 23.541946411132812 6.10056209564209 -18.32383918762207
v 23.259727478027344 5.95354700088501 -17.755464553833008
v 23.591588973999023 5.787146091461182 -18.329849243164062
v 23.555767059326172 5.6794538497924805 -17.69391632080078
v 23.58352279663086 5.629270076751709 -18.219287872314453
v 23.5870304107666 5.891985893249512 -18.16438865661621
v 23.555767059326172 5.6794538497924805 -17.69391632080078
v 23.591588973999023 5.787146091461182 -18.329849243164062
v 23.5168514251709 5.7835612297058105 -17.526660919189453
v 23.57440948486328 6.0184221267700195 -18.226470947265625
v 23.541946411132812 6.10056209564209 -18.32383918762207
v 23.541946411132812 6.10056209564209 -18.32383918762207
v 23.57440948486328 6.0184221267700195 -18.226470947265625
v 23.5977725982666 6.163866996765137 -18.82036781311035
v 23.49517059326172 5.3777360916137695 -17.599149703979492
v 23.531278610229492 5.490160942077637 -17.77530288696289
v 23.523502349853516 5.399816989898682 -17.54241180419922
v 23.54340171813965 5.552721977233887 -17.628211975097656
v 23.523502349853516 5.399816989898682 -17.54241180419922
v 23.531278610229492 5.490160942077637 -17.77530288696289
v 23.494110107421875 5.473711013793945 -17.924814224243164
v 23.533424377441406 5.603206157684326 -18.447757720947266
v 23.56792449951172 5.576095104217529 -18.313724517822266
v 23.533424377441406 5.603206157684326 -18.447757720947266
v 23.57343864440918 5.666636943817139 -18.473373413085938
v 23.56792449951172 5.576095104217529 -18.313724517822266
v 23.58352279663086 5.629270076751709 -18.219287872314453
v 23.531278610229492 5.490160942077637 -17.77530288696289
v 23.56792449951172 5.576095104217529 -18.313724517822266
v 23.345935821533203 5.81220817565918 -17.44564437866211
v 23.445175170898438 5.9057297706604 -17.671945571899414
v 23.259727478027344 5.95354700088501 -17.755464553833008
v 23.345935821533203 5.81220817565918 -17.44564437866211
v 23.259727478027344 5.95354700088501 -17.755464553833008
v 22.949371337890625 5.989052772521973 -17.761350631713867
v 22.889692306518555 5.426926136016846 -17.792959213256836
v 23.494110107421875 5.473711013793945 -17.924814224243164
v 23.229280471801758 5.401488780975342 -17.691518783569336
v 23.259727478027344 5.95354700088501 -17.755464553833008
v 23.541946411132812 6.10056209564209 -18.32383918762207
v 22.949371337890625 5.989052772521973 -17.761350631713867
v 23.5977725982666 6.163866996765137 -18.82036781311035
v 23.5870304107666 5.891985893249512 -18.16438865661621
v 23.614151000976562 6.046739101409912 -18.90749740600586
v 23.61894416809082 6.184536933898926 -18.976144790649414
v 23.5977725982666 6.163866996765137 -18.82036781311035
v 23.614151000976562 6.046739101409912 -18.90749740600586
v 23.614151000976562 6.046739101409912 -18.90749740600586
v 23.5870304107666 5.891985893249512 -18.16438865661621
v 23.591588973999023 5.787146091461182 -18.329849243164062
v 23.64293098449707 6.0817461013793945 -19.829458236694336
v 23.57343864440918 5.666636943817139 -18.473373413085938
v 23.6251220703125 6.0044660568237305 -19.94430923461914
v 22.70511245727539 5.926025867462158 -19.696352005004883
v 23.586374282836914 5.955431938171387 -19.864471435546875
v 23.533424377441406 5.603206157684326 -18.447757720947266
v 23.533424377441406 5.603206157684326 -18.447757720947266
v 23.6251220703125 6.0044660568237305 -19.94430923461914
v 23.57343864440918 5.666636943817139 -18.473373413085938
v 22.363557815551758 6.4751877784729 -19.508020401000977
v 22.517831802368164 6.031558990478516 -17.98405647277832
v 22.918317794799805 6.413426876068115 -19.540315628051758
v 22.271560668945312 5.460342884063721 -17.810758590698242
v 23.494110107421875 5.473711013793945 -17.924814224243164
v 22.889692306518555 5.426926136016846 -17.792959213256836
v 22.889692306518555 5.426926136016846 -17.792959213256836
v 23.229280471801758 5.401488780975342 -17.691518783569336
v 22.56596565246582 5.382699966430664 -17.637372970581055
v 22.52163314819336 5.940988063812256 -17.641204833984375
v 22.949371337890625 5.989052772521973 -17.761350631713867
v 22.517831802368164 6.031558990478516 -17.98405647277832
v 22.271560668945312 5.460342884063721 -17.810758590698242
v 22.889692306518555 5.426926136016846 -17.792959213256836
v 22.56596565246582 5.382699966430664 -17.637372970581055
v 22.52163314819336 5.940988063812256 -17.641204833984375
v 22.517831802368164 6.031558990478516 -17.98405647277832
v 22.326478958129883 5.997834205627441 -17.72450828552246
v 22.52163314819336 5.940988063812256 -17.641204833984375
v 22.951826095581055 5.86915397644043 -17.526573181152344
v 22.949371337890625 5.989052772521973 -17.761350631713867
v 23.1711483001709 6.45414400100708 -19.755386352539062
v 23.63018226623535 6.455222129821777 -19.859298706054688
v 23.212764739990234 6.441123008728027 -19.856515884399414
v 22.918317794799805 6.413426876068115 -19.540315628051758
v 23.62797737121582 6.4573869705200195 -19.791908264160156
v 23.1711483001709 6.45414400100708 -19.755386352539062
v 23.646825790405273 6.346673965454102 -19.7797794342041
v 23.61894416809082 6.184536933898926 -18.976144790649414
v 23.64293098449707 6.0817461013793945 -19.829458236694336
v 23.63018226623535 6.455222129821777 -19.859298706054688
v 23.646825790405273 6.346673965454102 -19.7797794342041
v 23.64293098449707 6.0817461013793945 -19.829458236694336
v 23.179672241210938 6.022974014282227 -19.949054718017578
v 23.6251220703125 6.0044660568237305 -19.94430923461914
v 23.586374282836914 5.955431938171387 -19.864471435546875
v 23.179672241210938 6.022974014282227 -19.949054718017578
v 23.104576110839844 6.153284072875977 -19.962045669555664
v 23.58892059326172 6.099656105041504 -19.960134506225586
v 23.17289161682129 6.3611040115356445 -19.911312103271484
v 23.593948364257812 6.377984046936035 -19.904783248901367
v 23.104576110839844 6.153284072875977 -19.962045669555664
v 22.391128540039062 6.430963039398193 -19.626556396484375
v 22.840984344482422 6.4274749755859375 -19.732891082763672
v 22.342676162719727 6.423893928527832 -19.750534057617188
v 22.840984344482422 6.4274749755859375 -19.732891082763672
v 22.841772079467773 6.393249988555908 -19.824199676513672
v 22.367000579833984 6.382841110229492 -19.83388900756836
v 22.702844619750977 6.061936855316162 -19.900732040405273
v 22.741317749023438 6.148981094360352 -19.92630386352539
v 23.104576110839844 6.153284072875977 -19.962045669555664
v 22.744892120361328 6.322178840637207 -19.88182258605957
v 23.17289161682129 6.3611040115356445 -19.911312103271484
v 22.838998794555664 6.240234851837158 -19.922529220581055
v 22.702096939086914 5.989665985107422 -19.836999893188477
v 23.10858917236328 5.969573020935059 -19.867891311645508
v 22.70511245727539 5.926025867462158 -19.696352005004883
v 22.702844619750977 6.061936855316162 -19.900732040405273
v 23.179672241210938 6.022974014282227 -19.949054718017578
v 23.10858917236328 5.969573020935059 -19.867891311645508
v 22.366390228271484 6.148385047912598 -19.947689056396484
v 22.741317749023438 6.148981094360352 -19.92630386352539
v 22.702844619750977 6.061936855316162 -19.900732040405273
v 22.414897918701172 6.239245891571045 -19.930255889892578
v 22.838998794555664 6.240234851837158 -19.922529220581055
v 22.741317749023438 6.148981094360352 -19.92630386352539
v 22.702096939086914 5.989665985107422 -19.836999893188477
v 22.70511245727539 5.926025867462158 -19.696352005004883
v 22.157548904418945 5.953829765319824 -19.779434204101562
v 22.702844619750977 6.061936855316162 -19.900732040405273
v 22.702096939086914 5.989665985107422 -19.836999893188477
v 22.101520538330078 5.989867210388184 -19.88962745666504
v 22.36512565612793 6.322443008422852 -19.896652221679688
v 22.744892120361328 6.322178840637207 -19.88182258605957
v 22.414897918701172 6.239245891571045 -19.930255889892578
v 22.918317794799805 6.413426876068115 -19.540315628051758
v 23.1711483001709 6.45414400100708 -19.755386352539062
v 22.840984344482422 6.4274749755859375 -19.732891082763672
v 23.1711483001709 6.45414400100708 -19.755386352539062
v 23.212764739990234 6.441123008728027 -19.856515884399414
v 22.841772079467773 6.393249988555908 -19.824199676513672
v 23.600421905517578 6.247594833374023 -18.91631317138672
v 23.5977725982666 6.163866996765137 -18.82036781311035
v 23.61894416809082 6.184536933898926 -18.976144790649414
v 23.62797737121582 6.4573869705200195 -19.791908264160156
v 23.61894416809082 6.184536933898926 -18.976144790649414
v 23.646825790405273 6.346673965454102 -19.7797794342041
v 23.62797737121582 6.4573869705200195 -19.791908264160156
v 23.646825790405273 6.346673965454102 -19.7797794342041
v 23.63018226623535 6.455222129821777 -19.859298706054688
v 23.212764739990234 6.441123008728027 -19.856515884399414
v 23.63018226623535 6.455222129821777 -19.859298706054688
v 23.17289161682129 6.3611040115356445 -19.911312103271484
v 22.367000579833984 6.382841110229492 -19.83388900756836
v 22.841772079467773 6.393249988555908 -19.824199676513672
v 22.744892120361328 6.322178840637207 -19.88182258605957
v 22.841772079467773 6.393249988555908 -19.824199676513672
v 23.212764739990234 6.441123008728027 -19.856515884399414
v 23.17289161682129 6.3611040115356445 -19.911312103271484
v 22.271560668945312 5.460342884063721 -17.810758590698242
v 22.56596565246582 5.382699966430664 -17.637372970581055
v 21.845579147338867 5.430923938751221 -17.73882484436035
v 22.256223678588867 5.9241719245910645 -17.594892501831055
v 22.326478958129883 5.997834205627441 -17.72450828552246
v 21.8465633392334 6.110185146331787 -18.123531341552734
v 21.8465633392334 6.110185146331787 -18.123531341552734
v 22.326478958129883 5.997834205627441 -17.72450828552246
v 22.517831802368164 6.031558990478516 -17.98405647277832
v 22.517831802368164 6.031558990478516 -17.98405647277832
v 22.363557815551758 6.4751877784729 -19.508020401000977
v 21.32855224609375 6.276927947998047 -18.909223556518555
v 21.33502197265625 5.965530872344971 -19.790254592895508
v 22.70511245727539 5.926025867462158 -19.696352005004883
v 23.533424377441406 5.603206157684326 -18.447757720947266
v 23.533424377441406 5.603206157684326 -18.447757720947266
v 22.271560668945312 5.460342884063721 -17.810758590698242
v 21.292585372924805 5.6317219734191895 -18.445133209228516
v 21.308395385742188 6.489573955535889 -19.821414947509766
v 21.32855224609375 6.276927947998047 -18.909223556518555
v 21.36226463317871 6.462775230407715 -19.6618709564209
v 21.25286865234375 6.28619909286499 -19.036422729492188
v 21.308395385742188 6.489573955535889 -19.821414947509766
v 21.2770938873291 6.479588985443115 -19.908794403076172
v 21.28864860534668 5.937039852142334 -17.644886016845703
v 21.485443115234375 5.987613201141357 -17.69149398803711
v 21.299543380737305 6.039639949798584 -17.95948600769043
v 21.485443115234375 5.987613201141357 -17.69149398803711
v 21.32855224609375 6.276927947998047 -18.909223556518555
v 21.299543380737305 6.039639949798584 -17.95948600769043
v 21.292585372924805 5.6317219734191895 -18.445133209228516
v 21.539756774902344 5.467988014221191 -17.808334350585938
v 21.281206130981445 5.498571872711182 -17.912643432617188
v 21.485443115234375 5.987613201141357 -17.69149398803711
v 21.8465633392334 6.110185146331787 -18.123531341552734
v 21.32855224609375 6.276927947998047 -18.909223556518555
v 21.24347686767578 5.983338832855225 -17.884035110473633
v 21.28864860534668 5.937039852142334 -17.644886016845703
v 21.299543380737305 6.039639949798584 -17.95948600769043
v 21.194469451904297 5.8240580558776855 -17.982521057128906
v 21.192594528198242 5.74310302734375 -17.681751251220703
v 21.21681785583496 5.955539226531982 -17.992101669311523
v 21.199481964111328 5.698399066925049 -18.232946395874023
v 21.19270133972168 5.495086193084717 -17.36070442199707
v 21.194469451904297 5.8240580558776855 -17.982521057128906
v 21.281206130981445 5.498571872711182 -17.912643432617188
v 21.238750457763672 5.381011009216309 -17.581174850463867
v 21.235782623291016 5.507204055786133 -17.84916114807129
v 21.292585372924805 5.6317219734191895 -18.445133209228516
v 21.281206130981445 5.498571872711182 -17.912643432617188
v 21.235782623291016 5.507204055786133 -17.84916114807129
v 21.199481964111328 5.698399066925049 -18.232946395874023
v 21.194469451904297 5.8240580558776855 -17.982521057128906
v 21.207456588745117 5.842229843139648 -18.488277435302734
v 21.299543380737305 6.039639949798584 -17.95948600769043
v 21.32855224609375 6.276927947998047 -18.909223556518555
v 21.272533416748047 6.240690231323242 -18.879108428955078
v 21.24347686767578 5.983338832855225 -17.884035110473633
v 21.272533416748047 6.240690231323242 -18.879108428955078
v 21.21681785583496 5.955539226531982 -17.992101669311523
v 21.22389793395996 5.647669792175293 -18.40458106994629
v 21.235782623291016 5.507204055786133 -17.84916114807129
v 21.204734802246094 5.508906841278076 -17.677059173583984
v 21.22389793395996 5.647669792175293 -18.40458106994629
v 21.22000503540039 5.7343292236328125 -18.534963607788086
v 21.253509521484375 5.663845062255859 -18.51611328125
v 21.22389793395996 5.647669792175293 -18.40458106994629
v 21.204734802246094 5.508906841278076 -17.677059173583984
v 21.199481964111328 5.698399066925049 -18.232946395874023
v 21.33502197265625 5.965530872344971 -19.790254592895508
v 23.533424377441406 5.603206157684326 -18.447757720947266
v 21.292585372924805 5.6317219734191895 -18.445133209228516
v 21.33502197265625 5.965530872344971 -19.790254592895508
v 21.292585372924805 5.6317219734191895 -18.445133209228516
v 21.253509521484375 5.663845062255859 -18.51611328125
v 21.22429847717285 6.089126110076904 -19.021697998046875
v 21.239713668823242 6.176051139831543 -18.873268127441406
v 21.233776092529297 6.223972797393799 -19.08831214904785
v 21.269166946411133 6.056656837463379 -20.003501892089844
v 21.22000503540039 5.7343292236328125 -18.534963607788086
v 21.248933792114258 6.1528401374816895 -19.872753143310547
v 21.248933792114258 6.1528401374816895 -19.872753143310547
v 21.22429847717285 6.089126110076904 -19.021697998046875
v 21.255901336669922 6.381511211395264 -19.832868576049805
v 21.295068740844727 6.00243616104126 -19.91196060180664
v 21.253509521484375 5.663845062255859 -18.51611328125
v 21.22000503540039 5.7343292236328125 -18.534963607788086
v 21.248933792114258 6.1528401374816895 -19.872753143310547
v 21.207456588745117 5.842229843139648 -18.488277435302734
v 21.22429847717285 6.089126110076904 -19.021697998046875
v 21.22429847717285 6.089126110076904 -19.021697998046875
v 21.194469451904297 5.8240580558776855 -17.982521057128906
v 21.239713668823242 6.176051139831543 -18.873268127441406
v 21.281206130981445 5.498571872711182 -17.912643432617188
v 21.317089080810547 5.403491020202637 -17.67393684387207
v 21.238750457763672 5.381011009216309 -17.581174850463867
v 22.046709060668945 6.447721004486084 -19.640689849853516
v 22.391128540039062 6.430963039398193 -19.626556396484375
v 22.342676162719727 6.423893928527832 -19.750534057617188
v 22.109901428222656 6.438579082489014 -19.81599235534668
v 22.342676162719727 6.423893928527832 -19.750534057617188
v 22.367000579833984 6.382841110229492 -19.83388900756836
v 22.109901428222656 6.438579082489014 -19.81599235534668
v 22.061540603637695 6.435403823852539 -19.885181427001953
v 21.74784278869629 6.441904067993164 -19.882951736450195
v 22.046709060668945 6.447721004486084 -19.640689849853516
v 22.109901428222656 6.438579082489014 -19.81599235534668
v 21.66752815246582 6.46479606628418 -19.794010162353516
v 22.049726486206055 6.269268035888672 -19.97285270690918
v 22.029590606689453 6.375057220458984 -19.935327529907227
v 22.36512565612793 6.322443008422852 -19.896652221679688
v 22.026201248168945 6.143342018127441 -19.994279861450195
v 22.366390228271484 6.148385047912598 -19.947689056396484
v 22.057510375976562 6.049352169036865 -19.972002029418945
v 22.049726486206055 6.269268035888672 -19.97285270690918
v 22.414897918701172 6.239245891571045 -19.930255889892578
v 22.366390228271484 6.148385047912598 -19.947689056396484
v 21.295068740844727 6.00243616104126 -19.91196060180664
v 22.101520538330078 5.989867210388184 -19.88962745666504
v 21.33502197265625 5.965530872344971 -19.790254592895508
v 22.026201248168945 6.143342018127441 -19.994279861450195
v 21.470359802246094 6.276998996734619 -19.986236572265625
v 22.049726486206055 6.269268035888672 -19.97285270690918
v 21.51158905029297 6.060647964477539 -19.986282348632812
v 22.057510375976562 6.049352169036865 -19.972002029418945
v 22.101520538330078 5.989867210388184 -19.88962745666504
v 21.308395385742188 6.489573955535889 -19.821414947509766
v 21.66752815246582 6.46479606628418 -19.794010162353516
v 21.47201919555664 6.443848133087158 -19.887371063232422
v 21.66752815246582 6.46479606628418 -19.794010162353516
v 21.74784278869629 6.441904067993164 -19.882951736450195
v 21.47201919555664 6.443848133087158 -19.887371063232422
v 21.51158905029297 6.060647964477539 -19.986282348632812
v 21.507282257080078 6.164270877838135 -19.9995059967041
v 22.026201248168945 6.143342018127441 -19.994279861450195
v 21.470359802246094 6.276998996734619 -19.986236572265625
v 21.31134796142578 6.405306816101074 -19.96300506591797
v 21.504974365234375 6.373620986938477 -19.94740104675293
v 21.309085845947266 6.153834819793701 -20.01946258544922
v 21.507282257080078 6.164270877838135 -19.9995059967041
v 21.51158905029297 6.060647964477539 -19.986282348632812
v 21.31134796142578 6.405306816101074 -19.96300506591797
v 21.470359802246094 6.276998996734619 -19.986236572265625
v 21.309085845947266 6.153834819793701 -20.01946258544922
v 21.2770938873291 6.479588985443115 -19.908794403076172
v 21.31134796142578 6.405306816101074 -19.96300506591797
v 21.309085845947266 6.153834819793701 -20.01946258544922
v 21.248933792114258 6.1528401374816895 -19.872753143310547
v 21.255901336669922 6.381511211395264 -19.832868576049805
v 21.2770938873291 6.479588985443115 -19.908794403076172
v 22.046709060668945 6.447721004486084 -19.640689849853516
v 22.363557815551758 6.4751877784729 -19.508020401000977
v 22.391128540039062 6.430963039398193 -19.626556396484375
v 21.33502197265625 5.965530872344971 -19.790254592895508
v 22.157548904418945 5.953829765319824 -19.779434204101562
v 22.70511245727539 5.926025867462158 -19.696352005004883
v 21.762592315673828 5.951969146728516 -17.71794891357422
v 21.8465633392334 6.110185146331787 -18.123531341552734
v 21.485443115234375 5.987613201141357 -17.69149398803711
v 21.504974365234375 6.373620986938477 -19.94740104675293
v 22.029590606689453 6.375057220458984 -19.935327529907227
v 21.470359802246094 6.276998996734619 -19.986236572265625
v 21.32855224609375 6.276927947998047 -18.909223556518555
v 21.25286865234375 6.28619909286499 -19.036422729492188
v 21.272533416748047 6.240690231323242 -18.879108428955078
v 21.233776092529297 6.223972797393799 -19.08831214904785
v 21.239713668823242 6.176051139831543 -18.873268127441406
v 21.25286865234375 6.28619909286499 -19.036422729492188
v 21.255901336669922 6.381511211395264 -19.832868576049805
v 21.233776092529297 6.223972797393799 -19.08831214904785
v 21.25286865234375 6.28619909286499 -19.036422729492188
v 22.029590606689453 6.375057220458984 -19.935327529907227
v 22.061540603637695 6.435403823852539 -19.885181427001953
v 22.367000579833984 6.382841110229492 -19.83388900756836
v 21.74784278869629 6.441904067993164 -19.882951736450195
v 22.061540603637695 6.435403823852539 -19.885181427001953
v 22.029590606689453 6.375057220458984 -19.935327529907227
v 21.31134796142578 6.405306816101074 -19.96300506591797
v 21.2770938873291 6.479588985443115 -19.908794403076172
v 21.47201919555664 6.443848133087158 -19.887371063232422
v 21.47201919555664 6.443848133087158 -19.887371063232422
v 21.74784278869629 6.441904067993164 -19.882951736450195
v 21.504974365234375 6.373620986938477 -19.94740104675293
v 23.432165145874023 5.733177185058594 -17.34674072265625
v 23.445175170898438 5.9057297706604 -17.671945571899414
v 23.345935821533203 5.81220817565918 -17.44564437866211
v 23.229280471801758 5.401488780975342 -17.691518783569336
v 23.441659927368164 5.379458904266357 -17.66804313659668
v 23.404691696166992 5.295889854431152 -17.538192749023438
v 21.2164249420166 5.841527938842773 -17.59608268737793
v 21.28119468688965 5.828131198883057 -17.44796371459961
v 21.28864860534668 5.937039852142334 -17.644886016845703
v 21.204734802246094 5.508906841278076 -17.677059173583984
v 21.235782623291016 5.507204055786133 -17.84916114807129
v 21.238750457763672 5.381011009216309 -17.581174850463867
v 21.884193420410156 5.812255859375 -17.369417190551758
v 21.762592315673828 5.951969146728516 -17.71794891357422
v 21.485443115234375 5.987613201141357 -17.69149398803711
v 21.317089080810547 5.403491020202637 -17.67393684387207
v 21.845579147338867 5.430923938751221 -17.73882484436035
v 21.89108657836914 5.290225982666016 -17.47130012512207
v 22.63750648498535 5.6659770011901855 -17.138486862182617
v 22.488418579101562 5.86693811416626 -17.46076202392578
v 21.884193420410156 5.812255859375 -17.369417190551758
v 23.129825592041016 3.4219839572906494 -16.0157527923584
v 23.191904067993164 3.729227066040039 -16.062198638916016
v 21.14995002746582 3.8150510787963867 -16.11810302734375
v 23.363943099975586 4.432064056396484 -16.760202407836914
v 21.46708869934082 4.434929847717285 -16.80974006652832
v 23.12554168701172 4.900122165679932 -17.054258346557617
v 21.85307502746582 1.5597569942474365 -16.13638687133789
v 22.41362762451172 1.5650089979171753 -16.13025665283203
v 22.129287719726562 1.5255969762802124 -16.080245971679688
v 23.37705421447754 3.792454957962036 -16.2204647064209
v 23.323047637939453 3.7505979537963867 -16.13473892211914
v 23.31891632080078 3.1976499557495117 -16.12619400024414
v 23.37705421447754 3.792454957962036 -16.2204647064209
v 23.351633071899414 3.162856101989746 -16.190412521362305
v 23.379989624023438 3.2666869163513184 -16.320640563964844
v 23.251646041870117 3.2401750087738037 -16.053016662597656
v 23.25245475769043 3.894901990890503 -16.08713722229004
v 23.191904067993164 3.729227066040039 -16.062198638916016
v 21.0740909576416 3.450350046157837 -16.496278762817383
v 21.059911727905273 3.7361080646514893 -16.574832916259766
v 21.141511917114258 3.5004000663757324 -16.527616500854492
v 21.048250198364258 3.42417311668396 -16.427221298217773
v 21.038251876831055 3.7679319381713867 -16.55264663696289
v 21.059911727905273 3.7361080646514893 -16.574832916259766
v 23.36640167236328 4.883317947387695 -16.491926193237305
v 23.234952926635742 4.769169807434082 -16.348388671875
v 23.413375854492188 4.658586025238037 -16.403085708618164
v 23.31891632080078 3.1976499557495117 -16.12619400024414
v 23.25245475769043 3.894901990890503 -16.08713722229004
v 23.251646041870117 3.2401750087738037 -16.053016662597656
v 23.505430221557617 4.216393947601318 -16.5037841796875
v 23.488670349121094 4.172791004180908 -16.63156509399414
v 23.54818344116211 4.547773838043213 -16.64284896850586
v 23.413375854492188 4.658586025238037 -16.403085708618164
v 23.3193416595459 4.243082046508789 -16.192081451416016
v 23.408571243286133 4.285929203033447 -16.282054901123047
v 23.408571243286133 4.285929203033447 -16.282054901123047
v 23.505430221557617 4.216393947601318 -16.5037841796875
v 23.50960350036621 4.583861827850342 -16.524473190307617
v 23.505430221557617 4.216393947601318 -16.5037841796875
v 23.482648849487305 3.9590229988098145 -16.63180923461914
v 23.488670349121094 4.172791004180908 -16.63156509399414
v 23.450254440307617 3.7922210693359375 -16.37099266052246
v 23.479116439819336 3.7322990894317627 -16.56491470336914
v 23.505430221557617 4.216393947601318 -16.5037841796875
v 23.437355041503906 3.637763023376465 -16.603252410888672
v 23.429481506347656 3.5415470600128174 -16.469070434570312
v 23.355588912963867 3.27715802192688 -16.50107192993164
v 23.23655128479004 3.3026750087738037 -16.515832901000977
v 23.355588912963867 3.27715802192688 -16.50107192993164
v 23.283658981323242 3.1797189712524414 -16.5083065032959
v 23.482648849487305 3.9590229988098145 -16.63180923461914
v 23.479116439819336 3.7322990894317627 -16.56491470336914
v 23.437355041503906 3.637763023376465 -16.603252410888672
v 23.37705421447754 3.792454957962036 -16.2204647064209
v 23.408571243286133 4.285929203033447 -16.282054901123047
v 23.323047637939453 3.7505979537963867 -16.13473892211914
v 23.37705421447754 3.792454957962036 -16.2204647064209
v 23.406044006347656 3.4696009159088135 -16.399398803710938
v 23.450254440307617 3.7922210693359375 -16.37099266052246
v 23.323047637939453 3.7505979537963867 -16.13473892211914
v 23.3193416595459 4.243082046508789 -16.192081451416016
v 23.25245475769043 3.894901990890503 -16.08713722229004
v 23.37705421447754 3.792454957962036 -16.2204647064209
v 23.450254440307617 3.7922210693359375 -16.37099266052246
v 23.473690032958984 4.22178316116333 -16.389944076538086
v 23.39873695373535 4.27627420425415 -16.686481475830078
v 23.488670349121094 4.172791004180908 -16.63156509399414
v 23.482648849487305 3.9590229988098145 -16.63180923461914
v 23.499059677124023 5.092471122741699 -16.917259216308594
v 23.568124771118164 4.864212989807129 -16.943592071533203
v 23.534915924072266 5.186264991760254 -17.1241512298584
v 23.568124771118164 4.864212989807129 -16.943592071533203
v 23.563705444335938 4.78239107131958 -17.006237030029297
v 23.551809310913086 5.019056797027588 -17.11285400390625
v 23.499059677124023 5.092471122741699 -16.917259216308594
v 23.47281837463379 5.595648765563965 -17.218976974487305
v 23.437335968017578 5.124617099761963 -16.808469772338867
v 23.36640167236328 4.883317947387695 -16.491926193237305
v 23.437335968017578 5.124617099761963 -16.808469772338867
v 23.348236083984375 5.329614162445068 -16.85169792175293
v 23.535295486450195 5.497395038604736 -17.37250518798828
v 23.54340171813965 5.552721977233887 -17.628211975097656
v 23.555767059326172 5.6794538497924805 -17.69391632080078
v 23.505809783935547 5.519351959228516 -17.209182739257812
v 23.555767059326172 5.6794538497924805 -17.69391632080078
v 23.5168514251709 5.7835612297058105 -17.526660919189453
v 23.404691696166992 5.295889854431152 -17.538192749023438
v 23.49056625366211 5.0917439460754395 -17.310937881469727
v 23.394506454467773 5.025397777557373 -17.219966888427734
v 23.348236083984375 5.329614162445068 -16.85169792175293
v 23.432165145874023 5.733177185058594 -17.34674072265625
v 23.24241828918457 5.3743510246276855 -16.833789825439453
v 23.394506454467773 5.025397777557373 -17.219966888427734
v 23.52927589416504 4.790534973144531 -17.070100784301758
v 23.42632484436035 4.7773637771606445 -17.030332565307617
v 23.505809783935547 5.519351959228516 -17.209182739257812
v 23.5168514251709 5.7835612297058105 -17.526660919189453
v 23.47281837463379 5.595648765563965 -17.218976974487305
v 23.499059677124023 5.092471122741699 -16.917259216308594
v 23.437335968017578 5.124617099761963 -16.808469772338867
v 23.444908142089844 4.811773777008057 -16.523038864135742
v 23.49517059326172 5.3777360916137695 -17.599149703979492
v 23.523502349853516 5.399816989898682 -17.54241180419922
v 23.49056625366211 5.0917439460754395 -17.310937881469727
v 23.49056625366211 5.0917439460754395 -17.310937881469727
v 23.535892486572266 5.1066718101501465 -17.24709129333496
v 23.52927589416504 4.790534973144531 -17.070100784301758
v 23.535295486450195 5.497395038604736 -17.37250518798828
v 23.523502349853516 5.399816989898682 -17.54241180419922
v 23.54340171813965 5.552721977233887 -17.628211975097656
v 23.534915924072266 5.186264991760254 -17.1241512298584
v 23.535892486572266 5.1066718101501465 -17.24709129333496
v 23.535295486450195 5.497395038604736 -17.37250518798828
v 23.363943099975586 4.432064056396484 -16.760202407836914
v 23.52927589416504 4.790534973144531 -17.070100784301758
v 23.44791030883789 4.446834087371826 -16.739797592163086
v 23.39873695373535 4.27627420425415 -16.686481475830078
v 23.44791030883789 4.446834087371826 -16.739797592163086
v 23.488670349121094 4.172791004180908 -16.63156509399414
v 23.363943099975586 4.432064056396484 -16.760202407836914
v 23.44791030883789 4.446834087371826 -16.739797592163086
v 23.39873695373535 4.27627420425415 -16.686481475830078
v 23.52927589416504 4.790534973144531 -17.070100784301758
v 23.363943099975586 4.432064056396484 -16.760202407836914
v 23.42632484436035 4.7773637771606445 -17.030332565307617
v 23.552261352539062 4.557391166687012 -16.779239654541016
v 23.54818344116211 4.547773838043213 -16.64284896850586
v 23.507898330688477 4.461018085479736 -16.71268081665039
v 23.563705444335938 4.78239107131958 -17.006237030029297
v 23.507898330688477 4.461018085479736 -16.71268081665039
v 23.52927589416504 4.790534973144531 -17.070100784301758
v 23.182004928588867 5.243626117706299 -16.701683044433594
v 23.24241828918457 5.3743510246276855 -16.833789825439453
v 23.10854721069336 5.461193084716797 -16.894609451293945
v 23.432165145874023 5.733177185058594 -17.34674072265625
v 23.345935821533203 5.81220817565918 -17.44564437866211
v 23.10854721069336 5.461193084716797 -16.894609451293945
v 23.345935821533203 5.81220817565918 -17.44564437866211
v 22.951826095581055 5.86915397644043 -17.526573181152344
v 22.63750648498535 5.6659770011901855 -17.138486862182617
v 22.492725372314453 5.29396915435791 -17.485633850097656
v 23.404691696166992 5.295889854431152 -17.538192749023438
v 23.394506454467773 5.025397777557373 -17.219966888427734
v 23.394506454467773 5.025397777557373 -17.219966888427734
v 23.42632484436035 4.7773637771606445 -17.030332565307617
v 23.12554168701172 4.900122165679932 -17.054258346557617
v 23.394506454467773 5.025397777557373 -17.219966888427734
v 23.12554168701172 4.900122165679932 -17.054258346557617
v 22.32152557373047 5.048777103424072 -17.177064895629883
v 23.480674743652344 4.672850131988525 -16.478097915649414
v 23.54818344116211 4.547773838043213 -16.64284896850586
v 23.568124771118164 4.864212989807129 -16.943592071533203
v 23.480674743652344 4.672850131988525 -16.478097915649414
v 23.568124771118164 4.864212989807129 -16.943592071533203
v 23.499059677124023 5.092471122741699 -16.917259216308594
v 23.54818344116211 4.547773838043213 -16.64284896850586
v 23.488670349121094 4.172791004180908 -16.63156509399414
v 23.507898330688477 4.461018085479736 -16.71268081665039
v 23.348236083984375 5.329614162445068 -16.85169792175293
v 23.24241828918457 5.3743510246276855 -16.833789825439453
v 23.182004928588867 5.243626117706299 -16.701683044433594
v 23.234952926635742 4.769169807434082 -16.348388671875
v 23.174943923950195 4.667537212371826 -16.280473709106445
v 23.3193416595459 4.243082046508789 -16.192081451416016
v 23.174943923950195 4.667537212371826 -16.280473709106445
v 21.55518913269043 4.328616142272949 -16.266300201416016
v 23.25245475769043 3.894901990890503 -16.08713722229004
v 23.191904067993164 3.729227066040039 -16.062198638916016
v 23.25245475769043 3.894901990890503 -16.08713722229004
v 21.55518913269043 4.328616142272949 -16.266300201416016
v 23.234952926635742 4.769169807434082 -16.348388671875
v 21.963970184326172 5.38358211517334 -16.752912521362305
v 21.37761116027832 5.341670036315918 -16.771785736083984
v 23.394506454467773 5.025397777557373 -17.219966888427734
v 22.32152557373047 5.048777103424072 -17.177064895629883
v 21.997682571411133 5.122291088104248 -17.241594314575195
v 23.363943099975586 4.432064056396484 -16.760202407836914
v 23.39873695373535 4.27627420425415 -16.686481475830078
v 22.047828674316406 4.386315822601318 -16.726694107055664
v 22.047828674316406 4.386315822601318 -16.726694107055664
v 23.39873695373535 4.27627420425415 -16.686481475830078
v 21.2042236328125 4.308825969696045 -16.74770736694336
v 23.234952926635742 4.769169807434082 -16.348388671875
v 22.429157257080078 5.394059181213379 -16.794178009033203
v 21.963970184326172 5.38358211517334 -16.752912521362305
v 21.598779678344727 4.572646141052246 -16.354080200195312
v 21.55518913269043 4.328616142272949 -16.266300201416016
v 23.174943923950195 4.667537212371826 -16.280473709106445
v 23.257369995117188 2.0960350036621094 -15.944084167480469
v 23.173925399780273 2.0057780742645264 -15.841133117675781
v 23.33503532409668 1.9183789491653442 -16.07174301147461
v 23.26645851135254 1.4634029865264893 -16.119436264038086
v 23.262813568115234 1.6091220378875732 -16.002124786376953
v 23.18406867980957 1.4765310287475586 -16.001483917236328
v 23.262813568115234 1.6091220378875732 -16.002124786376953
v 23.26645851135254 1.4634029865264893 -16.119436264038086
v 23.33972930908203 1.6921240091323853 -16.146263122558594
v 23.33972930908203 1.6921240091323853 -16.146263122558594
v 23.33503532409668 1.9183789491653442 -16.07174301147461
v 23.262813568115234 1.6091220378875732 -16.002124786376953
v 23.19932746887207 1.7719110250473022 -15.884419441223145
v 23.173925399780273 2.0057780742645264 -15.841133117675781
v 23.071495056152344 1.8529369831085205 -15.801397323608398
v 23.19932746887207 1.7719110250473022 -15.884419441223145
v 23.12017059326172 1.6024689674377441 -15.87282943725586
v 23.262813568115234 1.6091220378875732 -16.002124786376953
v 23.12017059326172 1.6024689674377441 -15.87282943725586
v 23.071495056152344 1.8529369831085205 -15.801397323608398
v 23.017902374267578 1.6748889684677124 -15.830034255981445
v 23.12017059326172 1.6024689674377441 -15.87282943725586
v 23.005359649658203 1.515599012374878 -15.91923713684082
v 23.18406867980957 1.4765310287475586 -16.001483917236328
v 23.262813568115234 1.6091220378875732 -16.002124786376953
v 23.12017059326172 1.6024689674377441 -15.87282943725586
v 23.18406867980957 1.4765310287475586 -16.001483917236328
v 23.12017059326172 1.6024689674377441 -15.87282943725586
v 23.017902374267578 1.6748889684677124 -15.830034255981445
v 23.005359649658203 1.515599012374878 -15.91923713684082
v 23.257369995117188 2.0960350036621094 -15.944084167480469
v 23.210712432861328 2.719680070877075 -15.936508178710938
v 23.173925399780273 2.0057780742645264 -15.841133117675781
v 23.064834594726562 2.094928026199341 -15.815144538879395
v 22.73741912841797 1.9310359954833984 -15.82004165649414
v 23.071495056152344 1.8529369831085205 -15.801397323608398
v 22.68716049194336 1.4696290493011475 -16.034656524658203
v 22.489286422729492 1.5262329578399658 -16.068031311035156
v 22.650060653686523 1.476011037826538 -16.105030059814453
v 22.68716049194336 1.4696290493011475 -16.034656524658203
v 22.87468147277832 1.4542080163955688 -15.997998237609863
v 22.484878540039062 1.5330259799957275 -15.998662948608398
v 22.601091384887695 1.6133179664611816 -15.905973434448242
v 22.484878540039062 1.5330259799957275 -15.998662948608398
v 22.87468147277832 1.4542080163955688 -15.997998237609863
v 22.73741912841797 1.9310359954833984 -15.82004165649414
v 22.167613983154297 1.837373971939087 -15.83304214477539
v 22.688491821289062 1.7484409809112549 -15.844788551330566
v 23.064834594726562 2.094928026199341 -15.815144538879395
v 23.103729248046875 2.428611993789673 -15.853177070617676
v 21.11101722717285 2.4566009044647217 -15.931513786315918
v 22.185842514038086 1.7216769456863403 -15.857742309570312
v 22.168657302856445 1.6197630167007446 -15.906084060668945
v 22.601091384887695 1.6133179664611816 -15.905973434448242
v 22.489286422729492 1.5262329578399658 -16.068031311035156
v 22.484878540039062 1.5330259799957275 -15.998662948608398
v 22.129287719726562 1.5255969762802124 -16.080245971679688
v 22.168657302856445 1.6197630167007446 -15.906084060668945
v 22.14857292175293 1.5332050323486328 -16.00531578063965
v 22.484878540039062 1.5330259799957275 -15.998662948608398
v 22.73741912841797 1.9310359954833984 -15.82004165649414
v 21.898956298828125 2.008790969848633 -15.850422859191895
v 22.167613983154297 1.837373971939087 -15.83304214477539
v 23.346302032470703 2.8820009231567383 -16.42160415649414
v 23.369871139526367 3.010298013687134 -16.375640869140625
v 23.363967895507812 2.5848569869995117 -16.342010498046875
v 23.3539981842041 2.781419038772583 -16.139745712280273
v 23.372879028320312 2.6367290019989014 -16.26197624206543
v 23.36861801147461 3.0610010623931885 -16.257097244262695
v 23.353843688964844 2.4017109870910645 -16.182313919067383
v 23.35491180419922 2.3425350189208984 -16.26859474182129
v 23.372879028320312 2.6367290019989014 -16.26197624206543
v 23.312137603759766 2.5376780033111572 -16.380828857421875
v 23.363967895507812 2.5848569869995117 -16.342010498046875
v 23.332731246948242 2.2354650497436523 -16.32569122314453
v 23.372879028320312 2.6367290019989014 -16.26197624206543
v 23.363967895507812 2.5848569869995117 -16.342010498046875
v 23.369871139526367 3.010298013687134 -16.375640869140625
v 23.355588912963867 3.27715802192688 -16.50107192993164
v 23.369871139526367 3.010298013687134 -16.375640869140625
v 23.346302032470703 2.8820009231567383 -16.42160415649414
v 23.379989624023438 3.2666869163513184 -16.320640563964844
v 23.369871139526367 3.010298013687134 -16.375640869140625
v 23.406044006347656 3.4696009159088135 -16.399398803710938
v 23.346302032470703 2.8820009231567383 -16.42160415649414
v 23.312137603759766 2.5376780033111572 -16.380828857421875
v 23.283658981323242 3.1797189712524414 -16.5083065032959
v 23.36861801147461 3.0610010623931885 -16.257097244262695
v 23.369871139526367 3.010298013687134 -16.375640869140625
v 23.379989624023438 3.2666869163513184 -16.320640563964844
v 23.332731246948242 2.2354650497436523 -16.32569122314453
v 23.29241943359375 1.7355149984359741 -16.3044376373291
v 23.312137603759766 2.5376780033111572 -16.380828857421875
v 23.29241943359375 1.7355149984359741 -16.3044376373291
v 23.258459091186523 1.4604990482330322 -16.143409729003906
v 23.22237205505371 1.497967004776001 -16.17644500732422
v 23.251646041870117 3.2401750087738037 -16.053016662597656
v 23.191904067993164 3.729227066040039 -16.062198638916016
v 23.129825592041016 3.4219839572906494 -16.0157527923584
v 23.23655128479004 3.3026750087738037 -16.515832901000977
v 23.23073387145996 2.3216660022735596 -16.333158493041992
v 21.14967155456543 2.889167070388794 -16.45558738708496
v 23.129825592041016 3.4219839572906494 -16.0157527923584
v 23.103729248046875 2.428611993789673 -15.853177070617676
v 23.210712432861328 2.719680070877075 -15.936508178710938
v 23.23073387145996 2.3216660022735596 -16.333158493041992
v 23.312137603759766 2.5376780033111572 -16.380828857421875
v 23.109453201293945 1.6996920108795166 -16.211856842041016
v 23.109453201293945 1.6996920108795166 -16.211856842041016
v 23.22237205505371 1.497967004776001 -16.17644500732422
v 23.066831588745117 1.4963589906692505 -16.1516056060791
v 23.210712432861328 2.719680070877075 -15.936508178710938
v 23.285720825195312 2.7745280265808105 -16.01999855041504
v 23.251646041870117 3.2401750087738037 -16.053016662597656
v 23.363967895507812 2.5848569869995117 -16.342010498046875
v 23.35491180419922 2.3425350189208984 -16.26859474182129
v 23.332731246948242 2.2354650497436523 -16.32569122314453
v 22.638418197631836 1.5312470197677612 -16.142242431640625
v 22.732337951660156 1.6260349750518799 -16.19261360168457
v 23.066831588745117 1.4963589906692505 -16.1516056060791
v 22.459135055541992 1.699193000793457 -16.201698303222656
v 22.543554306030273 1.9059799909591675 -16.249826431274414
v 22.732337951660156 1.6260349750518799 -16.19261360168457
v 22.41362762451172 1.5650089979171753 -16.13025665283203
v 22.459135055541992 1.699193000793457 -16.201698303222656
v 22.638418197631836 1.5312470197677612 -16.142242431640625
v 23.318681716918945 2.353334903717041 -16.059722900390625
v 23.353843688964844 2.4017109870910645 -16.182313919067383
v 23.3539981842041 2.781419038772583 -16.139745712280273
v 23.33503532409668 1.9183789491653442 -16.07174301147461
v 23.364070892333984 1.8133289813995361 -16.19083595275879
v 23.353843688964844 2.4017109870910645 -16.182313919067383
v 23.258459091186523 1.4604990482330322 -16.143409729003906
v 23.26645851135254 1.4634029865264893 -16.119436264038086
v 23.236530303955078 1.4435210227966309 -16.109956741333008
v 23.08287811279297 1.4423569440841675 -16.110570907592773
v 23.236530303955078 1.4435210227966309 -16.109956741333008
v 22.987911224365234 1.430493950843811 -16.068824768066406
v 23.08287811279297 1.4423569440841675 -16.110570907592773
v 22.987911224365234 1.430493950843811 -16.068824768066406
v 22.650060653686523 1.476011037826538 -16.105030059814453
v 22.638418197631836 1.5312470197677612 -16.142242431640625
v 22.489286422729492 1.5262329578399658 -16.068031311035156
v 22.41362762451172 1.5650089979171753 -16.13025665283203
v 22.41362762451172 1.5650089979171753 -16.13025665283203
v 22.489286422729492 1.5262329578399658 -16.068031311035156
v 22.129287719726562 1.5255969762802124 -16.080245971679688
v 23.005359649658203 1.515599012374878 -15.91923713684082
v 23.017902374267578 1.6748889684677124 -15.830034255981445
v 22.601091384887695 1.6133179664611816 -15.905973434448242
v 22.73741912841797 1.9310359954833984 -15.82004165649414
v 22.688491821289062 1.7484409809112549 -15.844788551330566
v 23.017902374267578 1.6748889684677124 -15.830034255981445
v 23.06346321105957 1.4329580068588257 -16.014175415039062
v 22.987911224365234 1.430493950843811 -16.068824768066406
v 23.236530303955078 1.4435210227966309 -16.109956741333008
v 22.68716049194336 1.4696290493011475 -16.034656524658203
v 22.650060653686523 1.476011037826538 -16.105030059814453
v 22.987911224365234 1.430493950843811 -16.068824768066406
v 23.22237205505371 1.497967004776001 -16.17644500732422
v 23.258459091186523 1.4604990482330322 -16.143409729003906
v 23.08287811279297 1.4423569440841675 -16.110570907592773
v 22.650060653686523 1.476011037826538 -16.105030059814453
v 23.066831588745117 1.4963589906692505 -16.1516056060791
v 23.08287811279297 1.4423569440841675 -16.110570907592773
v 23.234952926635742 4.769169807434082 -16.348388671875
v 21.37761116027832 5.341670036315918 -16.771785736083984
v 21.683666229248047 5.105341911315918 -16.621305465698242
v 21.598779678344727 4.572646141052246 -16.354080200195312
v 23.234952926635742 4.769169807434082 -16.348388671875
v 21.683666229248047 5.105341911315918 -16.621305465698242
v 22.024303436279297 5.48553991317749 -16.867595672607422
v 21.963970184326172 5.38358211517334 -16.752912521362305
v 22.429157257080078 5.394059181213379 -16.794178009033203
v 22.256223678588867 5.9241719245910645 -17.594892501831055
v 21.884193420410156 5.812255859375 -17.369417190551758
v 22.488418579101562 5.86693811416626 -17.46076202392578
v 22.63750648498535 5.6659770011901855 -17.138486862182617
v 21.884193420410156 5.812255859375 -17.369417190551758
v 21.852811813354492 5.555761814117432 -16.99650001525879
v 22.492725372314453 5.29396915435791 -17.485633850097656
v 21.997682571411133 5.122291088104248 -17.241594314575195
v 21.89108657836914 5.290225982666016 -17.47130012512207
v 22.024303436279297 5.48553991317749 -16.867595672607422
v 22.607255935668945 5.44304084777832 -16.854778289794922
v 21.852811813354492 5.555761814117432 -16.99650001525879
v 21.852811813354492 5.555761814117432 -16.99650001525879
v 21.884193420410156 5.812255859375 -17.369417190551758
v 21.435636520385742 5.677401065826416 -17.0968074798584
v 21.997682571411133 5.122291088104248 -17.241594314575195
v 22.32152557373047 5.048777103424072 -17.177064895629883
v 21.444473266601562 5.116300106048584 -17.225086212158203
v 21.598779678344727 4.572646141052246 -16.354080200195312
v 21.683666229248047 5.105341911315918 -16.621305465698242
v 21.19425392150879 4.6126179695129395 -16.36789321899414
v 23.129825592041016 3.4219839572906494 -16.0157527923584
v 21.14995002746582 3.8150510787963867 -16.11810302734375
v 21.10276222229004 3.543010950088501 -16.08243751525879
v 21.085861206054688 4.56804084777832 -16.513076782226562
v 21.125486373901367 4.643164157867432 -16.4597110748291
v 21.09840965270996 4.76589822769165 -16.633058547973633
v 21.215682983398438 4.91956901550293 -16.481788635253906
v 21.147619247436523 4.9338908195495605 -16.679502487182617
v 21.125486373901367 4.643164157867432 -16.4597110748291
v 21.05694007873535 3.7912240028381348 -16.151111602783203
v 21.056381225585938 3.486356019973755 -16.11940574645996
v 21.10276222229004 3.543010950088501 -16.08243751525879
v 21.029687881469727 3.540113925933838 -16.312244415283203
v 21.033491134643555 3.7728710174560547 -16.187135696411133
v 21.024036407470703 3.7462880611419678 -16.312301635742188
v 21.046730041503906 4.152976989746094 -16.38890838623047
v 21.125486373901367 4.643164157867432 -16.4597110748291
v 21.085861206054688 4.56804084777832 -16.513076782226562
v 21.015361785888672 3.9776949882507324 -16.4366455078125
v 21.046730041503906 4.152976989746094 -16.38890838623047
v 21.085861206054688 4.56804084777832 -16.513076782226562
v 21.04082489013672 4.276047229766846 -16.69636344909668
v 21.09198570251465 4.248960018157959 -16.77695655822754
v 21.09165382385254 3.9814460277557373 -16.6738224029541
v 21.04082489013672 4.276047229766846 -16.69636344909668
v 21.085861206054688 4.56804084777832 -16.513076782226562
v 21.0545597076416 4.520678997039795 -16.65068244934082
v 21.14995002746582 3.8150510787963867 -16.11810302734375
v 21.19425392150879 4.6126179695129395 -16.36789321899414
v 21.114112854003906 4.127821922302246 -16.244434356689453
v 21.09198570251465 4.248960018157959 -16.77695655822754
v 21.2042236328125 4.308825969696045 -16.74770736694336
v 21.09165382385254 3.9814460277557373 -16.6738224029541
v 21.02349853515625 3.8517398834228516 -16.4891357421875
v 21.04082489013672 4.276047229766846 -16.69636344909668
v 21.049911499023438 3.990899085998535 -16.65056610107422
v 21.059911727905273 3.7361080646514893 -16.574832916259766
v 21.09165382385254 3.9814460277557373 -16.6738224029541
v 21.141511917114258 3.5004000663757324 -16.527616500854492
v 21.024036407470703 3.7462880611419678 -16.312301635742188
v 21.015361785888672 3.9776949882507324 -16.4366455078125
v 21.02349853515625 3.8517398834228516 -16.4891357421875
v 21.038251876831055 3.7679319381713867 -16.55264663696289
v 21.024036407470703 3.7462880611419678 -16.312301635742188
v 21.02349853515625 3.8517398834228516 -16.4891357421875
v 21.026859283447266 4.010481834411621 -16.30247688293457
v 21.114112854003906 4.127821922302246 -16.244434356689453
v 21.046730041503906 4.152976989746094 -16.38890838623047
v 21.024036407470703 3.7462880611419678 -16.312301635742188
v 21.026859283447266 4.010481834411621 -16.30247688293457
v 21.015361785888672 3.9776949882507324 -16.4366455078125
v 21.05694007873535 3.7912240028381348 -16.151111602783203
v 21.026859283447266 4.010481834411621 -16.30247688293457
v 21.033491134643555 3.7728710174560547 -16.187135696411133
v 21.05694007873535 3.7912240028381348 -16.151111602783203
v 21.041210174560547 3.489069938659668 -16.170549392700195
v 21.056381225585938 3.486356019973755 -16.11940574645996
v 21.114112854003906 4.127821922302246 -16.244434356689453
v 21.026859283447266 4.010481834411621 -16.30247688293457
v 21.05694007873535 3.7912240028381348 -16.151111602783203
v 21.04082489013672 4.276047229766846 -16.69636344909668
v 21.09165382385254 3.9814460277557373 -16.6738224029541
v 21.049911499023438 3.990899085998535 -16.65056610107422
v 21.424837112426758 5.563839912414551 -16.964496612548828
v 21.37761116027832 5.341670036315918 -16.771785736083984
v 21.963970184326172 5.38358211517334 -16.752912521362305
v 21.37761116027832 5.341670036315918 -16.771785736083984
v 21.320011138916016 5.567771911621094 -17.032176971435547
v 21.232112884521484 5.255198001861572 -16.826576232910156
v 21.37761116027832 5.341670036315918 -16.771785736083984
v 21.232112884521484 5.255198001861572 -16.826576232910156
v 21.215682983398438 4.91956901550293 -16.481788635253906
v 21.884193420410156 5.812255859375 -17.369417190551758
v 21.485443115234375 5.987613201141357 -17.69149398803711
v 21.435636520385742 5.677401065826416 -17.0968074798584
v 21.320011138916016 5.567771911621094 -17.032176971435547
v 21.435636520385742 5.677401065826416 -17.0968074798584
v 21.28119468688965 5.828131198883057 -17.44796371459961
v 21.435636520385742 5.677401065826416 -17.0968074798584
v 21.28864860534668 5.937039852142334 -17.644886016845703
v 21.28119468688965 5.828131198883057 -17.44796371459961
v 21.46708869934082 4.434929847717285 -16.80974006652832
v 22.047828674316406 4.386315822601318 -16.726694107055664
v 21.2042236328125 4.308825969696045 -16.74770736694336
v 21.162691116333008 5.202539920806885 -16.94188117980957
v 21.24397850036621 5.6037821769714355 -17.186269760131836
v 21.208789825439453 5.510766983032227 -17.186758041381836
v 21.167821884155273 4.998432159423828 -17.14101791381836
v 21.19906234741211 4.968601226806641 -17.157316207885742
v 21.122264862060547 4.673417091369629 -16.978984832763672
v 21.115516662597656 4.9389119148254395 -17.058317184448242
v 21.083911895751953 4.800754070281982 -16.796154022216797
v 21.16543960571289 5.239552974700928 -17.064315795898438
v 21.083911895751953 4.800754070281982 -16.796154022216797
v 21.162691116333008 5.202539920806885 -16.94188117980957
v 21.16543960571289 5.239552974700928 -17.064315795898438
v 21.115516662597656 4.9389119148254395 -17.058317184448242
v 21.16543960571289 5.239552974700928 -17.064315795898438
v 21.175907135009766 5.232926845550537 -17.152385711669922
v 21.24397850036621 5.6037821769714355 -17.186269760131836
v 21.28119468688965 5.828131198883057 -17.44796371459961
v 21.2164249420166 5.841527938842773 -17.59608268737793
v 21.19270133972168 5.495086193084717 -17.36070442199707
v 21.208789825439453 5.510766983032227 -17.186758041381836
v 21.192594528198242 5.74310302734375 -17.681751251220703
v 21.192594528198242 5.74310302734375 -17.681751251220703
v 21.208789825439453 5.510766983032227 -17.186758041381836
v 21.2164249420166 5.841527938842773 -17.59608268737793
v 21.2393741607666 5.234269142150879 -17.328580856323242
v 21.167821884155273 4.998432159423828 -17.14101791381836
v 21.198806762695312 5.3105788230896 -17.267066955566406
v 21.175907135009766 5.232926845550537 -17.152385711669922
v 21.167821884155273 4.998432159423828 -17.14101791381836
v 21.115516662597656 4.9389119148254395 -17.058317184448242
v 21.122264862060547 4.673417091369629 -16.978984832763672
v 21.211145401000977 4.527863025665283 -16.87574005126953
v 21.10214614868164 4.468021869659424 -16.860088348388672
v 21.075275421142578 4.638943195343018 -16.869800567626953
v 21.122264862060547 4.673417091369629 -16.978984832763672
v 21.10214614868164 4.468021869659424 -16.860088348388672
v 21.075275421142578 4.638943195343018 -16.869800567626953
v 21.10214614868164 4.468021869659424 -16.860088348388672
v 21.09198570251465 4.248960018157959 -16.77695655822754
v 21.09840965270996 4.76589822769165 -16.633058547973633
v 21.147619247436523 4.9338908195495605 -16.679502487182617
v 21.162691116333008 5.202539920806885 -16.94188117980957
v 21.083911895751953 4.800754070281982 -16.796154022216797
v 21.09840965270996 4.76589822769165 -16.633058547973633
v 21.162691116333008 5.202539920806885 -16.94188117980957
v 21.10214614868164 4.468021869659424 -16.860088348388672
v 21.2042236328125 4.308825969696045 -16.74770736694336
v 21.09198570251465 4.248960018157959 -16.77695655822754
v 21.075275421142578 4.638943195343018 -16.869800567626953
v 21.09198570251465 4.248960018157959 -16.77695655822754
v 21.04082489013672 4.276047229766846 -16.69636344909668
v 21.232112884521484 5.255198001861572 -16.826576232910156
v 21.320011138916016 5.567771911621094 -17.032176971435547
v 21.24397850036621 5.6037821769714355 -17.186269760131836
v 21.303083419799805 5.208861827850342 -17.366411209106445
v 21.19906234741211 4.968601226806641 -17.157316207885742
v 21.2393741607666 5.234269142150879 -17.328580856323242
v 21.2393741607666 5.234269142150879 -17.328580856323242
v 21.317089080810547 5.403491020202637 -17.67393684387207
v 21.303083419799805 5.208861827850342 -17.366411209106445
v 21.55518913269043 4.328616142272949 -16.266300201416016
v 21.19425392150879 4.6126179695129395 -16.36789321899414
v 21.14995002746582 3.8150510787963867 -16.11810302734375
v 21.0545597076416 4.520678997039795 -16.65068244934082
v 21.09840965270996 4.76589822769165 -16.633058547973633
v 21.083911895751953 4.800754070281982 -16.796154022216797
v 21.0545597076416 4.520678997039795 -16.65068244934082
v 21.085861206054688 4.56804084777832 -16.513076782226562
v 21.09840965270996 4.76589822769165 -16.633058547973633
v 21.303083419799805 5.208861827850342 -17.366411209106445
v 21.997682571411133 5.122291088104248 -17.241594314575195
v 21.444473266601562 5.116300106048584 -17.225086212158203
v 22.185842514038086 1.7216769456863403 -15.857742309570312
v 21.86858367919922 1.6630009412765503 -15.90332317352295
v 22.168657302856445 1.6197630167007446 -15.906084060668945
v 22.14857292175293 1.5332050323486328 -16.00531578063965
v 21.8363037109375 1.536452054977417 -16.072853088378906
v 22.129287719726562 1.5255969762802124 -16.080245971679688
v 21.8363037109375 1.536452054977417 -16.072853088378906
v 22.14857292175293 1.5332050323486328 -16.00531578063965
v 21.860443115234375 1.5847439765930176 -15.965042114257812
v 21.898956298828125 2.008790969848633 -15.850422859191895
v 21.775476455688477 1.921741008758545 -15.843910217285156
v 22.167613983154297 1.837373971939087 -15.83304214477539
v 21.86858367919922 1.6630009412765503 -15.90332317352295
v 21.405080795288086 1.7655919790267944 -15.84941291809082
v 21.39364242553711 1.6297880411148071 -15.915618896484375
v 21.8363037109375 1.536452054977417 -16.072853088378906
v 21.432546615600586 1.5279760360717773 -16.03082847595215
v 21.149866104125977 1.4905749559402466 -16.13290023803711
v 21.860443115234375 1.5847439765930176 -15.965042114257812
v 21.39364242553711 1.6297880411148071 -15.915618896484375
v 21.432546615600586 1.5279760360717773 -16.03082847595215
v 21.775476455688477 1.921741008758545 -15.843910217285156
v 21.405080795288086 1.7655919790267944 -15.84941291809082
v 21.871009826660156 1.7774289846420288 -15.857230186462402
v 21.296903610229492 1.9506340026855469 -15.845293045043945
v 21.11101722717285 2.4566009044647217 -15.931513786315918
v 21.086294174194336 1.8858519792556763 -15.860206604003906
v 21.405080795288086 1.7655919790267944 -15.84941291809082
v 21.09181785583496 1.6355949640274048 -15.933765411376953
v 21.39364242553711 1.6297880411148071 -15.915618896484375
v 21.432546615600586 1.5279760360717773 -16.03082847595215
v 21.09181785583496 1.6355949640274048 -15.933765411376953
v 21.13785171508789 1.5190260410308838 -16.05214500427246
v 21.086294174194336 1.8858519792556763 -15.860206604003906
v 21.0374755859375 1.7523289918899536 -15.8862886428833
v 21.405080795288086 1.7655919790267944 -15.84941291809082
v 21.086294174194336 1.8858519792556763 -15.860206604003906
v 21.02957534790039 2.7073469161987305 -16.07721710205078
v 21.07070541381836 2.286602020263672 -15.950159072875977
v 21.086294174194336 1.8858519792556763 -15.860206604003906
v 21.07070541381836 2.286602020263672 -15.950159072875977
v 21.02596092224121 1.8483200073242188 -15.889062881469727
v 21.0374755859375 1.7523289918899536 -15.8862886428833
v 21.003652572631836 1.74862802028656 -15.91191291809082
v 21.09181785583496 1.6355949640274048 -15.933765411376953
v 21.09181785583496 1.6355949640274048 -15.933765411376953
v 21.02686309814453 1.5154839754104614 -16.127925872802734
v 21.13785171508789 1.5190260410308838 -16.05214500427246
v 21.02596092224121 1.8483200073242188 -15.889062881469727
v 21.023679733276367 2.0535929203033447 -15.996956825256348
v 21.003652572631836 1.74862802028656 -15.91191291809082
v 21.003652572631836 1.74862802028656 -15.91191291809082
v 21.00753402709961 1.5247390270233154 -16.159957885742188
v 21.02686309814453 1.5154839754104614 -16.127925872802734
v 21.003652572631836 1.74862802028656 -15.91191291809082
v 21.00528335571289 1.9691859483718872 -16.090730667114258
v 20.993873596191406 1.765207052230835 -16.055133819580078
v 21.11101722717285 2.4566009044647217 -15.931513786315918
v 21.048297882080078 2.8688950538635254 -16.054521560668945
v 21.086294174194336 1.8858519792556763 -15.860206604003906
v 21.07070541381836 2.286602020263672 -15.950159072875977
v 21.03215980529785 2.6353108882904053 -16.115541458129883
v 21.049427032470703 2.162466049194336 -15.9815092086792
v 21.694217681884766 1.8385740518569946 -16.259967803955078
v 22.543554306030273 1.9059799909591675 -16.249826431274414
v 22.459135055541992 1.699193000793457 -16.201698303222656
v 22.459135055541992 1.699193000793457 -16.201698303222656
v 21.820629119873047 1.628783941268921 -16.192352294921875
v 21.694217681884766 1.8385740518569946 -16.259967803955078
v 21.820629119873047 1.628783941268921 -16.192352294921875
v 21.85307502746582 1.5597569942474365 -16.13638687133789
v 21.41008949279785 1.5383549928665161 -16.177143096923828
v 21.169435501098633 1.642084002494812 -16.246305465698242
v 21.820629119873047 1.628783941268921 -16.192352294921875
v 21.41008949279785 1.5383549928665161 -16.177143096923828
v 23.129825592041016 3.4219839572906494 -16.0157527923584
v 21.10276222229004 3.543010950088501 -16.08243751525879
v 21.048297882080078 2.8688950538635254 -16.054521560668945
v 21.141511917114258 3.5004000663757324 -16.527616500854492
v 23.23655128479004 3.3026750087738037 -16.515832901000977
v 21.14967155456543 2.889167070388794 -16.45558738708496
v 21.169435501098633 1.642084002494812 -16.246305465698242
v 21.41008949279785 1.5383549928665161 -16.177143096923828
v 21.1113338470459 1.5167330503463745 -16.1999454498291
v 21.10276222229004 3.543010950088501 -16.08243751525879
v 21.028596878051758 3.0466361045837402 -16.105363845825195
v 21.048297882080078 2.8688950538635254 -16.054521560668945
v 21.02957534790039 2.7073469161987305 -16.07721710205078
v 21.048297882080078 2.8688950538635254 -16.054521560668945
v 21.028596878051758 3.0466361045837402 -16.105363845825195
v 21.036684036254883 2.7000720500946045 -16.23381233215332
v 21.03215980529785 2.6353108882904053 -16.115541458129883
v 21.01909637451172 2.964646100997925 -16.181459426879883
v 21.051799774169922 2.4317829608917236 -16.19120216369629
v 21.04892349243164 2.3517980575561523 -16.127643585205078
v 21.036684036254883 2.7000720500946045 -16.23381233215332
v 21.056440353393555 2.6965339183807373 -16.312854766845703
v 21.083168029785156 2.972470998764038 -16.436325073242188
v 21.085844039916992 2.652981996536255 -16.36133575439453
v 21.056440353393555 2.6965339183807373 -16.312854766845703
v 21.023706436157227 2.928694009780884 -16.25429916381836
v 21.048128128051758 2.9969840049743652 -16.38197898864746
v 21.036684036254883 2.7000720500946045 -16.23381233215332
v 21.01909637451172 2.964646100997925 -16.181459426879883
v 21.023706436157227 2.928694009780884 -16.25429916381836
v 21.037202835083008 3.0462470054626465 -16.353160858154297
v 21.023706436157227 2.928694009780884 -16.25429916381836
v 21.029687881469727 3.540113925933838 -16.312244415283203
v 21.083168029785156 2.972470998764038 -16.436325073242188
v 21.141511917114258 3.5004000663757324 -16.527616500854492
v 21.14967155456543 2.889167070388794 -16.45558738708496
v 21.048128128051758 2.9969840049743652 -16.38197898864746
v 21.0740909576416 3.450350046157837 -16.496278762817383
v 21.083168029785156 2.972470998764038 -16.436325073242188
v 21.037202835083008 3.0462470054626465 -16.353160858154297
v 21.029687881469727 3.540113925933838 -16.312244415283203
v 21.048250198364258 3.42417311668396 -16.427221298217773
v 21.056381225585938 3.486356019973755 -16.11940574645996
v 21.023706436157227 2.928694009780884 -16.25429916381836
v 21.01909637451172 2.964646100997925 -16.181459426879883
v 21.048250198364258 3.42417311668396 -16.427221298217773
v 21.0740909576416 3.450350046157837 -16.496278762817383
v 21.048128128051758 2.9969840049743652 -16.38197898864746
v 21.048128128051758 2.9969840049743652 -16.38197898864746
v 21.023706436157227 2.928694009780884 -16.25429916381836
v 21.037202835083008 3.0462470054626465 -16.353160858154297
v 21.02957534790039 2.7073469161987305 -16.07721710205078
v 21.01909637451172 2.964646100997925 -16.181459426879883
v 21.03215980529785 2.6353108882904053 -16.115541458129883
v 21.05909538269043 2.083759069442749 -16.23870277404785
v 21.051799774169922 2.4317829608917236 -16.19120216369629
v 21.068992614746094 2.4551100730895996 -16.270587921142578
v 21.068992614746094 2.4551100730895996 -16.270587921142578
v 21.126005172729492 2.262967109680176 -16.31705093383789
v 21.05909538269043 2.083759069442749 -16.23870277404785
v 21.05909538269043 2.083759069442749 -16.23870277404785
v 21.04892349243164 2.3517980575561523 -16.127643585205078
v 21.051799774169922 2.4317829608917236 -16.19120216369629
v 21.00753402709961 1.5247390270233154 -16.159957885742188
v 21.091503143310547 1.7312259674072266 -16.262855529785156
v 21.1113338470459 1.5167330503463745 -16.1999454498291
v 21.05909538269043 2.083759069442749 -16.23870277404785
v 21.091503143310547 1.7312259674072266 -16.262855529785156
v 21.028520584106445 1.7749279737472534 -16.235107421875
v 21.14967155456543 2.889167070388794 -16.45558738708496
v 21.18785858154297 2.2151029109954834 -16.324251174926758
v 21.126005172729492 2.262967109680176 -16.31705093383789
v 21.126005172729492 2.262967109680176 -16.31705093383789
v 21.18785858154297 2.2151029109954834 -16.324251174926758
v 21.091503143310547 1.7312259674072266 -16.262855529785156
v 21.41008949279785 1.5383549928665161 -16.177143096923828
v 21.8363037109375 1.536452054977417 -16.072853088378906
v 21.149866104125977 1.4905749559402466 -16.13290023803711
v 21.41008949279785 1.5383549928665161 -16.177143096923828
v 21.149866104125977 1.4905749559402466 -16.13290023803711
v 21.1113338470459 1.5167330503463745 -16.1999454498291
v 21.1113338470459 1.5167330503463745 -16.1999454498291
v 21.02686309814453 1.5154839754104614 -16.127925872802734
v 21.00753402709961 1.5247390270233154 -16.159957885742188
v 21.00753402709961 1.5247390270233154 -16.159957885742188
v 20.993873596191406 1.765207052230835 -16.055133819580078
v 21.004581451416016 1.8030309677124023 -16.1867733001709
v 23.5168514251709 5.7835612297058105 -17.526660919189453
v 23.5870304107666 5.891985893249512 -18.16438865661621
v 23.57440948486328 6.0184221267700195 -18.226470947265625
v 23.555767059326172 5.6794538497924805 -17.69391632080078
v 23.54340171813965 5.552721977233887 -17.628211975097656
v 23.58352279663086 5.629270076751709 -18.219287872314453
v 23.543991088867188 5.737188816070557 -17.626283645629883
v 23.555767059326172 5.6794538497924805 -17.69391632080078
v 23.5870304107666 5.891985893249512 -18.16438865661621
v 23.5168514251709 5.7835612297058105 -17.526660919189453
v 23.541946411132812 6.10056209564209 -18.32383918762207
v 23.445175170898438 5.9057297706604 -17.671945571899414
v 23.494110107421875 5.473711013793945 -17.924814224243164
v 23.49517059326172 5.3777360916137695 -17.599149703979492
v 23.441659927368164 5.379458904266357 -17.66804313659668
v 23.57440948486328 6.0184221267700195 -18.226470947265625
v 23.5870304107666 5.891985893249512 -18.16438865661621
v 23.5977725982666 6.163866996765137 -18.82036781311035
v 23.591588973999023 5.787146091461182 -18.329849243164062
v 23.58352279663086 5.629270076751709 -18.219287872314453
v 23.57343864440918 5.666636943817139 -18.473373413085938
v 23.494110107421875 5.473711013793945 -17.924814224243164
v 23.531278610229492 5.490160942077637 -17.77530288696289
v 23.49517059326172 5.3777360916137695 -17.599149703979492
v 23.54340171813965 5.552721977233887 -17.628211975097656
v 23.531278610229492 5.490160942077637 -17.77530288696289
v 23.58352279663086 5.629270076751709 -18.219287872314453
v 23.58352279663086 5.629270076751709 -18.219287872314453
v 23.56792449951172 5.576095104217529 -18.313724517822266
v 23.57343864440918 5.666636943817139 -18.473373413085938
v 23.56792449951172 5.576095104217529 -18.313724517822266
v 23.531278610229492 5.490160942077637 -17.77530288696289
v 23.494110107421875 5.473711013793945 -17.924814224243164
v 23.345935821533203 5.81220817565918 -17.44564437866211
v 22.949371337890625 5.989052772521973 -17.761350631713867
v 22.951826095581055 5.86915397644043 -17.526573181152344
v 23.541946411132812 6.10056209564209 -18.32383918762207
v 23.56170654296875 6.231264114379883 -18.83933448791504
v 22.949371337890625 5.989052772521973 -17.761350631713867
v 23.61894416809082 6.184536933898926 -18.976144790649414
v 23.614151000976562 6.046739101409912 -18.90749740600586
v 23.64293098449707 6.0817461013793945 -19.829458236694336
v 23.591588973999023 5.787146091461182 -18.329849243164062
v 23.57343864440918 5.666636943817139 -18.473373413085938
v 23.64293098449707 6.0817461013793945 -19.829458236694336
v 23.614151000976562 6.046739101409912 -18.90749740600586
v 23.591588973999023 5.787146091461182 -18.329849243164062
v 23.64293098449707 6.0817461013793945 -19.829458236694336
v 23.5977725982666 6.163866996765137 -18.82036781311035
v 23.56170654296875 6.231264114379883 -18.83933448791504
v 23.541946411132812 6.10056209564209 -18.32383918762207
v 23.586374282836914 5.955431938171387 -19.864471435546875
v 23.6251220703125 6.0044660568237305 -19.94430923461914
v 23.533424377441406 5.603206157684326 -18.447757720947266
v 23.494110107421875 5.473711013793945 -17.924814224243164
v 23.441659927368164 5.379458904266357 -17.66804313659668
v 23.229280471801758 5.401488780975342 -17.691518783569336
v 22.949371337890625 5.989052772521973 -17.761350631713867
v 23.56170654296875 6.231264114379883 -18.83933448791504
v 22.517831802368164 6.031558990478516 -17.98405647277832
v 23.494110107421875 5.473711013793945 -17.924814224243164
v 22.271560668945312 5.460342884063721 -17.810758590698242
v 23.533424377441406 5.603206157684326 -18.447757720947266
v 23.56170654296875 6.231264114379883 -18.83933448791504
v 22.918317794799805 6.413426876068115 -19.540315628051758
v 22.517831802368164 6.031558990478516 -17.98405647277832
v 23.62797737121582 6.4573869705200195 -19.791908264160156
v 23.63018226623535 6.455222129821777 -19.859298706054688
v 23.1711483001709 6.45414400100708 -19.755386352539062
v 23.63018226623535 6.455222129821777 -19.859298706054688
v 23.64293098449707 6.0817461013793945 -19.829458236694336
v 23.6251220703125 6.0044660568237305 -19.94430923461914
v 23.593948364257812 6.377984046936035 -19.904783248901367
v 23.58892059326172 6.099656105041504 -19.960134506225586
v 23.104576110839844 6.153284072875977 -19.962045669555664
v 23.593948364257812 6.377984046936035 -19.904783248901367
v 23.63018226623535 6.455222129821777 -19.859298706054688
v 23.58892059326172 6.099656105041504 -19.960134506225586
v 23.58892059326172 6.099656105041504 -19.960134506225586
v 23.63018226623535 6.455222129821777 -19.859298706054688
v 23.6251220703125 6.0044660568237305 -19.94430923461914
v 23.179672241210938 6.022974014282227 -19.949054718017578
v 23.58892059326172 6.099656105041504 -19.960134506225586
v 23.6251220703125 6.0044660568237305 -19.94430923461914
v 23.179672241210938 6.022974014282227 -19.949054718017578
v 23.586374282836914 5.955431938171387 -19.864471435546875
v 23.10858917236328 5.969573020935059 -19.867891311645508
v 23.10858917236328 5.969573020935059 -19.867891311645508
v 23.586374282836914 5.955431938171387 -19.864471435546875
v 22.70511245727539 5.926025867462158 -19.696352005004883
v 22.918317794799805 6.413426876068115 -19.540315628051758
v 22.840984344482422 6.4274749755859375 -19.732891082763672
v 22.391128540039062 6.430963039398193 -19.626556396484375
v 22.840984344482422 6.4274749755859375 -19.732891082763672
v 22.367000579833984 6.382841110229492 -19.83388900756836
v 22.342676162719727 6.423893928527832 -19.750534057617188
v 23.17289161682129 6.3611040115356445 -19.911312103271484
v 23.104576110839844 6.153284072875977 -19.962045669555664
v 22.838998794555664 6.240234851837158 -19.922529220581055
v 22.741317749023438 6.148981094360352 -19.92630386352539
v 22.838998794555664 6.240234851837158 -19.922529220581055
v 23.104576110839844 6.153284072875977 -19.962045669555664
v 22.702844619750977 6.061936855316162 -19.900732040405273
v 23.104576110839844 6.153284072875977 -19.962045669555664
v 23.179672241210938 6.022974014282227 -19.949054718017578
v 22.702844619750977 6.061936855316162 -19.900732040405273
v 23.10858917236328 5.969573020935059 -19.867891311645508
v 22.702096939086914 5.989665985107422 -19.836999893188477
v 22.744892120361328 6.322178840637207 -19.88182258605957
v 22.838998794555664 6.240234851837158 -19.922529220581055
v 22.414897918701172 6.239245891571045 -19.930255889892578
v 22.414897918701172 6.239245891571045 -19.930255889892578
v 22.741317749023438 6.148981094360352 -19.92630386352539
v 22.366390228271484 6.148385047912598 -19.947689056396484
v 22.702096939086914 5.989665985107422 -19.836999893188477
v 22.157548904418945 5.953829765319824 -19.779434204101562
v 22.101520538330078 5.989867210388184 -19.88962745666504
v 22.918317794799805 6.413426876068115 -19.540315628051758
v 22.391128540039062 6.430963039398193 -19.626556396484375
v 22.363557815551758 6.4751877784729 -19.508020401000977
v 23.1711483001709 6.45414400100708 -19.755386352539062
v 22.841772079467773 6.393249988555908 -19.824199676513672
v 22.840984344482422 6.4274749755859375 -19.732891082763672
v 23.600421905517578 6.247594833374023 -18.91631317138672
v 23.61894416809082 6.184536933898926 -18.976144790649414
v 23.62797737121582 6.4573869705200195 -19.791908264160156
v 23.600421905517578 6.247594833374023 -18.91631317138672
v 23.56170654296875 6.231264114379883 -18.83933448791504
v 23.5977725982666 6.163866996765137 -18.82036781311035
v 23.63018226623535 6.455222129821777 -19.859298706054688
v 23.593948364257812 6.377984046936035 -19.904783248901367
v 23.17289161682129 6.3611040115356445 -19.911312103271484
v 22.841772079467773 6.393249988555908 -19.824199676513672
v 23.17289161682129 6.3611040115356445 -19.911312103271484
v 22.744892120361328 6.322178840637207 -19.88182258605957
v 22.367000579833984 6.382841110229492 -19.83388900756836
v 22.744892120361328 6.322178840637207 -19.88182258605957
v 22.36512565612793 6.322443008422852 -19.896652221679688
v 21.32855224609375 6.276927947998047 -18.909223556518555
v 22.363557815551758 6.4751877784729 -19.508020401000977
v 22.046709060668945 6.447721004486084 -19.640689849853516
v 22.271560668945312 5.460342884063721 -17.810758590698242
v 21.845579147338867 5.430923938751221 -17.73882484436035
v 21.539756774902344 5.467988014221191 -17.808334350585938
v 22.256223678588867 5.9241719245910645 -17.594892501831055
v 21.8465633392334 6.110185146331787 -18.123531341552734
v 21.762592315673828 5.951969146728516 -17.71794891357422
v 21.8465633392334 6.110185146331787 -18.123531341552734
v 22.517831802368164 6.031558990478516 -17.98405647277832
v 21.32855224609375 6.276927947998047 -18.909223556518555
v 22.046709060668945 6.447721004486084 -19.640689849853516
v 21.36226463317871 6.462775230407715 -19.6618709564209
v 21.32855224609375 6.276927947998047 -18.909223556518555
v 21.32855224609375 6.276927947998047 -18.909223556518555
v 21.308395385742188 6.489573955535889 -19.821414947509766
v 21.25286865234375 6.28619909286499 -19.036422729492188
v 21.539756774902344 5.467988014221191 -17.808334350585938
v 21.317089080810547 5.403491020202637 -17.67393684387207
v 21.281206130981445 5.498571872711182 -17.912643432617188
v 21.2164249420166 5.841527938842773 -17.59608268737793
v 21.28864860534668 5.937039852142334 -17.644886016845703
v 21.24347686767578 5.983338832855225 -17.884035110473633
v 21.192594528198242 5.74310302734375 -17.681751251220703
v 21.2164249420166 5.841527938842773 -17.59608268737793
v 21.21681785583496 5.955539226531982 -17.992101669311523
v 21.19270133972168 5.495086193084717 -17.36070442199707
v 21.192594528198242 5.74310302734375 -17.681751251220703
v 21.194469451904297 5.8240580558776855 -17.982521057128906
v 21.24347686767578 5.983338832855225 -17.884035110473633
v 21.21681785583496 5.955539226531982 -17.992101669311523
v 21.2164249420166 5.841527938842773 -17.59608268737793
v 21.24347686767578 5.983338832855225 -17.884035110473633
v 21.299543380737305 6.039639949798584 -17.95948600769043
v 21.272533416748047 6.240690231323242 -18.879108428955078
v 21.194469451904297 5.8240580558776855 -17.982521057128906
v 21.21681785583496 5.955539226531982 -17.992101669311523
v 21.239713668823242 6.176051139831543 -18.873268127441406
v 21.199481964111328 5.698399066925049 -18.232946395874023
v 21.207456588745117 5.842229843139648 -18.488277435302734
v 21.22000503540039 5.7343292236328125 -18.534963607788086
v 21.272533416748047 6.240690231323242 -18.879108428955078
v 21.239713668823242 6.176051139831543 -18.873268127441406
v 21.21681785583496 5.955539226531982 -17.992101669311523
v 21.292585372924805 5.6317219734191895 -18.445133209228516
v 21.235782623291016 5.507204055786133 -17.84916114807129
v 21.22389793395996 5.647669792175293 -18.40458106994629
v 21.204734802246094 5.508906841278076 -17.677059173583984
v 21.19270133972168 5.495086193084717 -17.36070442199707
v 21.199481964111328 5.698399066925049 -18.232946395874023
v 21.253509521484375 5.663845062255859 -18.51611328125
v 21.292585372924805 5.6317219734191895 -18.445133209228516
v 21.22389793395996 5.647669792175293 -18.40458106994629
v 21.22389793395996 5.647669792175293 -18.40458106994629
v 21.199481964111328 5.698399066925049 -18.232946395874023
v 21.22000503540039 5.7343292236328125 -18.534963607788086
v 21.33502197265625 5.965530872344971 -19.790254592895508
v 21.253509521484375 5.663845062255859 -18.51611328125
v 21.295068740844727 6.00243616104126 -19.91196060180664
v 21.22429847717285 6.089126110076904 -19.021697998046875
v 21.233776092529297 6.223972797393799 -19.08831214904785
v 21.255901336669922 6.381511211395264 -19.832868576049805
v 21.22000503540039 5.7343292236328125 -18.534963607788086
v 21.207456588745117 5.842229843139648 -18.488277435302734
v 21.248933792114258 6.1528401374816895 -19.872753143310547
v 21.295068740844727 6.00243616104126 -19.91196060180664
v 21.22000503540039 5.7343292236328125 -18.534963607788086
v 21.269166946411133 6.056656837463379 -20.003501892089844
v 21.207456588745117 5.842229843139648 -18.488277435302734
v 21.194469451904297 5.8240580558776855 -17.982521057128906
v 21.22429847717285 6.089126110076904 -19.021697998046875
v 22.046709060668945 6.447721004486084 -19.640689849853516
v 22.342676162719727 6.423893928527832 -19.750534057617188
v 22.109901428222656 6.438579082489014 -19.81599235534668
v 22.109901428222656 6.438579082489014 -19.81599235534668
v 22.367000579833984 6.382841110229492 -19.83388900756836
v 22.061540603637695 6.435403823852539 -19.885181427001953
v 22.109901428222656 6.438579082489014 -19.81599235534668
v 21.74784278869629 6.441904067993164 -19.882951736450195
v 21.66752815246582 6.46479606628418 -19.794010162353516
v 22.049726486206055 6.269268035888672 -19.97285270690918
v 22.36512565612793 6.322443008422852 -19.896652221679688
v 22.414897918701172 6.239245891571045 -19.930255889892578
v 22.049726486206055 6.269268035888672 -19.97285270690918
v 22.366390228271484 6.148385047912598 -19.947689056396484
v 22.026201248168945 6.143342018127441 -19.994279861450195
v 22.029590606689453 6.375057220458984 -19.935327529907227
v 22.049726486206055 6.269268035888672 -19.97285270690918
v 21.470359802246094 6.276998996734619 -19.986236572265625
v 21.51158905029297 6.060647964477539 -19.986282348632812
v 22.101520538330078 5.989867210388184 -19.88962745666504
v 21.295068740844727 6.00243616104126 -19.91196060180664
v 22.101520538330078 5.989867210388184 -19.88962745666504
v 22.157548904418945 5.953829765319824 -19.779434204101562
v 21.33502197265625 5.965530872344971 -19.790254592895508
v 21.51158905029297 6.060647964477539 -19.986282348632812
v 22.026201248168945 6.143342018127441 -19.994279861450195
v 22.057510375976562 6.049352169036865 -19.972002029418945
v 22.046709060668945 6.447721004486084 -19.640689849853516
v 21.66752815246582 6.46479606628418 -19.794010162353516
v 21.36226463317871 6.462775230407715 -19.6618709564209
v 21.308395385742188 6.489573955535889 -19.821414947509766
v 21.47201919555664 6.443848133087158 -19.887371063232422
v 21.2770938873291 6.479588985443115 -19.908794403076172
v 21.36226463317871 6.462775230407715 -19.6618709564209
v 21.66752815246582 6.46479606628418 -19.794010162353516
v 21.308395385742188 6.489573955535889 -19.821414947509766
v 21.507282257080078 6.164270877838135 -19.9995059967041
v 21.470359802246094 6.276998996734619 -19.986236572265625
v 22.026201248168945 6.143342018127441 -19.994279861450195
v 21.309085845947266 6.153834819793701 -20.01946258544922
v 21.51158905029297 6.060647964477539 -19.986282348632812
v 21.269166946411133 6.056656837463379 -20.003501892089844
v 21.51158905029297 6.060647964477539 -19.986282348632812
v 21.295068740844727 6.00243616104126 -19.91196060180664
v 21.269166946411133 6.056656837463379 -20.003501892089844
v 21.470359802246094 6.276998996734619 -19.986236572265625
v 21.507282257080078 6.164270877838135 -19.9995059967041
v 21.309085845947266 6.153834819793701 -20.01946258544922
v 21.2770938873291 6.479588985443115 -19.908794403076172
v 21.309085845947266 6.153834819793701 -20.01946258544922
v 21.269166946411133 6.056656837463379 -20.003501892089844
v 21.248933792114258 6.1528401374816895 -19.872753143310547
v 21.2770938873291 6.479588985443115 -19.908794403076172
v 21.269166946411133 6.056656837463379 -20.003501892089844
v 21.539756774902344 5.467988014221191 -17.808334350585938
v 21.845579147338867 5.430923938751221 -17.73882484436035
v 21.317089080810547 5.403491020202637 -17.67393684387207
v 22.271560668945312 5.460342884063721 -17.810758590698242
v 21.539756774902344 5.467988014221191 -17.808334350585938
v 21.292585372924805 5.6317219734191895 -18.445133209228516
v 21.272533416748047 6.240690231323242 -18.879108428955078
v 21.25286865234375 6.28619909286499 -19.036422729492188
v 21.239713668823242 6.176051139831543 -18.873268127441406
v 21.255901336669922 6.381511211395264 -19.832868576049805
v 21.25286865234375 6.28619909286499 -19.036422729492188
v 21.2770938873291 6.479588985443115 -19.908794403076172
v 22.029590606689453 6.375057220458984 -19.935327529907227
v 22.367000579833984 6.382841110229492 -19.83388900756836
v 22.36512565612793 6.322443008422852 -19.896652221679688
v 21.31134796142578 6.405306816101074 -19.96300506591797
v 21.47201919555664 6.443848133087158 -19.887371063232422
v 21.504974365234375 6.373620986938477 -19.94740104675293
v 21.504974365234375 6.373620986938477 -19.94740104675293
v 21.74784278869629 6.441904067993164 -19.882951736450195
v 22.029590606689453 6.375057220458984 -19.935327529907227
v 23.5168514251709 5.7835612297058105 -17.526660919189453
v 23.555767059326172 5.6794538497924805 -17.69391632080078
v 23.543991088867188 5.737188816070557 -17.626283645629883
v 23.5168514251709 5.7835612297058105 -17.526660919189453
v 23.445175170898438 5.9057297706604 -17.671945571899414
v 23.432165145874023 5.733177185058594 -17.34674072265625
v 23.229280471801758 5.401488780975342 -17.691518783569336
v 23.404691696166992 5.295889854431152 -17.538192749023438
v 22.492725372314453 5.29396915435791 -17.485633850097656
v 23.229280471801758 5.401488780975342 -17.691518783569336
v 22.492725372314453 5.29396915435791 -17.485633850097656
v 22.56596565246582 5.382699966430664 -17.637372970581055
v 22.488418579101562 5.86693811416626 -17.46076202392578
v 22.52163314819336 5.940988063812256 -17.641204833984375
v 22.256223678588867 5.9241719245910645 -17.594892501831055
v 22.488418579101562 5.86693811416626 -17.46076202392578
v 22.951826095581055 5.86915397644043 -17.526573181152344
v 22.52163314819336 5.940988063812256 -17.641204833984375
v 22.56596565246582 5.382699966430664 -17.637372970581055
v 21.89108657836914 5.290225982666016 -17.47130012512207
v 21.845579147338867 5.430923938751221 -17.73882484436035
v 22.56596565246582 5.382699966430664 -17.637372970581055
v 22.492725372314453 5.29396915435791 -17.485633850097656
v 21.89108657836914 5.290225982666016 -17.47130012512207
v 21.884193420410156 5.812255859375 -17.369417190551758
v 22.256223678588867 5.9241719245910645 -17.594892501831055
v 21.762592315673828 5.951969146728516 -17.71794891357422
v 21.317089080810547 5.403491020202637 -17.67393684387207
v 21.89108657836914 5.290225982666016 -17.47130012512207
v 21.303083419799805 5.208861827850342 -17.366411209106445
v 22.52163314819336 5.940988063812256 -17.641204833984375
v 22.326478958129883 5.997834205627441 -17.72450828552246
v 22.256223678588867 5.9241719245910645 -17.594892501831055
v 22.366390228271484 6.148385047912598 -19.947689056396484
v 22.702844619750977 6.061936855316162 -19.900732040405273
v 22.057510375976562 6.049352169036865 -19.972002029418945
v 22.702844619750977 6.061936855316162 -19.900732040405273
v 22.101520538330078 5.989867210388184 -19.88962745666504
v 22.057510375976562 6.049352169036865 -19.972002029418945
v 22.129653930664062 1.6109620332717896 -16.17764663696289
v 22.41362762451172 1.5650089979171753 -16.13025665283203
v 21.85307502746582 1.5597569942474365 -16.13638687133789
v 21.11101722717285 2.4566009044647217 -15.931513786315918
v 23.103729248046875 2.428611993789673 -15.853177070617676
v 23.129825592041016 3.4219839572906494 -16.0157527923584
v 23.37705421447754 3.792454957962036 -16.2204647064209
v 23.31891632080078 3.1976499557495117 -16.12619400024414
v 23.351633071899414 3.162856101989746 -16.190412521362305
v 21.048250198364258 3.42417311668396 -16.427221298217773
v 21.029687881469727 3.540113925933838 -16.312244415283203
v 21.038251876831055 3.7679319381713867 -16.55264663696289
v 21.048250198364258 3.42417311668396 -16.427221298217773
v 21.059911727905273 3.7361080646514893 -16.574832916259766
v 21.0740909576416 3.450350046157837 -16.496278762817383
vn 0.6269154793138239 0.3962097732368721 0.6708165154409252
vn 0.6269154793138239 0.3962097732368721 0.6708165154409252
vn 0.6269154793138239 0.3962097732368721 0.6708165154409252
vn 0.6513827918819635 0.3800899533682999 0.6566826370390362
vn 0.6513827918819635 0.3800899533682999 0.6566826370390362
vn 0.6513827918819635 0.3800899533682999 0.6566826370390362
vn 0.5708216482455047 0.008400318186087453 0.8210311081491721
vn 0.5708216482455047 0.008400318186087453 0.8210311081491721
vn 0.5708216482455047 0.008400318186087453 0.8210311081491721
vn 0.7075437298499733 0.2100129789896196 0.6747417424510609
vn 0.7075437298499733 0.2100129789896196 0.6747417424510609
vn 0.7075437298499733 0.2100129789896196 0.6747417424510609
vn 0.8585136507013169 0.009200146449176926 0.5127081712483339
vn 0.8585136507013169 0.009200146449176926 0.5127081712483339
vn 0.8585136507013169 0.009200146449176926 0.5127081712483339
vn 0.8937378859832765 0.05880249312519694 0.44471885271529177
vn 0.8937378859832765 0.05880249312519694 0.44471885271529177
vn 0.8937378859832765 0.05880249312519694 0.44471885271529177
vn 0.9513287610793058 0.006500196480797825 0.3081092919550208
vn 0.9513287610793058 0.006500196480797825 0.3081092919550208
vn 0.9513287610793058 0.006500196480797825 0.3081092919550208
vn 0.8406226131997809 0.49891340916879007 0.2108056743276777
vn 0.8406226131997809 0.49891340916879007 0.2108056743276777
vn 0.8406226131997809 0.49891340916879007 0.2108056743276777
vn 0.97347315884646 -0.1486958968886621 0.17389519617853538
vn 0.97347315884646 -0.1486958968886621 0.17389519617853538
vn 0.97347315884646 -0.1486958968886621 0.17389519617853538
vn 0.9948886481675848 -0.04249951602618643 -0.09159895678890305
vn 0.9948886481675848 -0.04249951602618643 -0.09159895678890305
vn 0.9948886481675848 -0.04249951602618643 -0.09159895678890305
vn 0.9689354889676816 -0.15550568642948617 0.19230704539109886
vn 0.9689354889676816 -0.15550568642948617 0.19230704539109886
vn 0.9689354889676816 -0.15550568642948617 0.19230704539109886
vn 0.924496828702182 -0.3333988715328435 -0.1847993673696829
vn 0.924496828702182 -0.3333988715328435 -0.1847993673696829
vn 0.924496828702182 -0.3333988715328435 -0.1847993673696829
vn 0.05769986185920172 -0.28429931536132863 -0.95699771432669
vn 0.05769986185920172 -0.28429931536132863 -0.95699771432669
vn 0.05769986185920172 -0.28429931536132863 -0.95699771432669
vn -0.19219286668334812 -0.13829486511389824 -0.9715639105479192
vn -0.19219286668334812 -0.13829486511389824 -0.9715639105479192
vn -0.19219286668334812 -0.13829486511389824 -0.9715639105479192
vn 0.2002034987084265 -0.11470199786538338 -0.9730169632594259
vn 0.2002034987084265 -0.11470199786538338 -0.9730169632594259
vn 0.2002034987084265 -0.11470199786538338 -0.9730169632594259
vn 0.6855903454350633 0.08929874391022984 0.7224898702281478
vn 0.6855903454350633 0.08929874391022984 0.7224898702281478
vn 0.6855903454350633 0.08929874391022984 0.7224898702281478
vn 0.9735420291814758 -0.037501619973595655 0.22540972897497258
vn 0.9735420291814758 -0.037501619973595655 0.22540972897497258
vn 0.9735420291814758 -0.037501619973595655 0.22540972897497258
vn 0.9619776983039516 -0.04059906007368845 0.2700937324096294
vn 0.9619776983039516 -0.04059906007368845 0.2700937324096294
vn 0.9619776983039516 -0.04059906007368845 0.2700937324096294
vn 0.9949588695557641 0.10019585496459935 -0.004199826214177036
vn 0.9949588695557641 0.10019585496459935 -0.004199826214177036
vn 0.9949588695557641 0.10019585496459935 -0.004199826214177036
vn 0.9983088151384899 -0.05790051070554699 0.005200045847976061
vn 0.9983088151384899 -0.05790051070554699 0.005200045847976061
vn 0.9983088151384899 -0.05790051070554699 0.005200045847976061
vn 0.7182099372977903 0.38500530249539716 0.5796079735624174
vn 0.7182099372977903 0.38500530249539716 0.5796079735624174
vn 0.7182099372977903 0.38500530249539716 0.5796079735624174
vn 0.7156052412441142 0.42750313245603705 0.5524040282657514
vn 0.7156052412441142 0.42750313245603705 0.5524040282657514
vn 0.7156052412441142 0.42750313245603705 0.5524040282657514
vn 0.6744742570146309 0.506480683222379 0.5371794803854237
vn 0.6744742570146309 0.506480683222379 0.5371794803854237
vn 0.6744742570146309 0.506480683222379 0.5371794803854237
vn 0.9790348875930178 0.12630451149342697 0.1598056921768867
vn 0.9790348875930178 0.12630451149342697 0.1598056921768867
vn 0.9790348875930178 0.12630451149342697 0.1598056921768867
vn 0.9746008690663819 0.16250013609707645 0.15410013557257138
vn 0.9746008690663819 0.16250013609707645 0.15410013557257138
vn 0.9746008690663819 0.16250013609707645 0.15410013557257138
vn 0.9938092326416237 0.09670089766158575 -0.05470050738074347
vn 0.9938092326416237 0.09670089766158575 -0.05470050738074347
vn 0.9938092326416237 0.09670089766158575 -0.05470050738074347
vn 0.6273358552687618 0.621435492892904 0.46932680817013284
vn 0.6273358552687618 0.621435492892904 0.46932680817013284
vn 0.6273358552687618 0.621435492892904 0.46932680817013284
vn 0.6583766808614899 -0.5394808908445627 -0.5248814290021745
vn 0.6583766808614899 -0.5394808908445627 -0.5248814290021745
vn 0.6583766808614899 -0.5394808908445627 -0.5248814290021745
vn -0.29361307526397057 -0.7636340164038439 -0.5750256090166487
vn -0.29361307526397057 -0.7636340164038439 -0.5750256090166487
vn -0.29361307526397057 -0.7636340164038439 -0.5750256090166487
vn -0.2667147160549812 -0.6225343518833371 -0.7357406071197269
vn -0.2667147160549812 -0.6225343518833371 -0.7357406071197269
vn -0.2667147160549812 -0.6225343518833371 -0.7357406071197269
vn 0.9621903915020904 0.14319856725597516 0.23169769277420582
vn 0.9621903915020904 0.14319856725597516 0.23169769277420582
vn 0.9621903915020904 0.14319856725597516 0.23169769277420582
vn 0.9926915569109073 -0.004399962638765221 -0.12059897663983922
vn 0.9926915569109073 -0.004399962638765221 -0.12059897663983922
vn 0.9926915569109073 -0.004399962638765221 -0.12059897663983922
vn 0.3688938283470234 0.688788451802421 0.6240895865747966
vn 0.3688938283470234 0.688788451802421 0.6240895865747966
vn 0.3688938283470234 0.688788451802421 0.6240895865747966
vn 0.7818011100888469 -0.42580061547892833 -0.45550066972685394
vn 0.7818011100888469 -0.42580061547892833 -0.45550066972685394
vn 0.7818011100888469 -0.42580061547892833 -0.45550066972685394
vn 0.9980927637855548 -0.017499873502339516 -0.059199571842326264
vn 0.9980927637855548 -0.017499873502339516 -0.059199571842326264
vn 0.9980927637855548 -0.017499873502339516 -0.059199571842326264
vn 0.827266575821542 -0.2874883743936151 -0.4826804813922122
vn 0.827266575821542 -0.2874883743936151 -0.4826804813922122
vn 0.827266575821542 -0.2874883743936151 -0.4826804813922122
vn 0.4301842241164861 -0.6763751849540691 -0.5978780331302076
vn 0.4301842241164861 -0.6763751849540691 -0.5978780331302076
vn 0.4301842241164861 -0.6763751849540691 -0.5978780331302076
vn 0.4488239875585778 -0.26971440719373696 -0.8519455186478468
vn 0.4488239875585778 -0.26971440719373696 -0.8519455186478468
vn 0.4488239875585778 -0.26971440719373696 -0.8519455186478468
vn 0.4726967231974909 -0.6376956009254966 -0.6081957977811293
vn 0.4726967231974909 -0.6376956009254966 -0.6081957977811293
vn 0.4726967231974909 -0.6376956009254966 -0.6081957977811293
vn 0.07099620099754876 0.8271557073825027 0.5574701563209168
vn 0.07099620099754876 0.8271557073825027 0.5574701563209168
vn 0.07099620099754876 0.8271557073825027 0.5574701563209168
vn 0.21560040989191567 0.7609014713214942 0.6120011553871637
vn 0.21560040989191567 0.7609014713214942 0.6120011553871637
vn 0.21560040989191567 0.7609014713214942 0.6120011553871637
vn 0.9505451043379525 0.1754083249835528 0.2563121615249952
vn 0.9505451043379525 0.1754083249835528 0.2563121615249952
vn 0.9505451043379525 0.1754083249835528 0.2563121615249952
vn 0.8679533210904858 0.34042091800937013 0.3616222213714938
vn 0.8679533210904858 0.34042091800937013 0.3616222213714938
vn 0.8679533210904858 0.34042091800937013 0.3616222213714938
vn 0.30359445778151367 0.5905892065418438 0.7476862940569556
vn 0.30359445778151367 0.5905892065418438 0.7476862940569556
vn 0.30359445778151367 0.5905892065418438 0.7476862940569556
vn 0.3441931495692726 0.5976881296873963 0.7240856133223242
vn 0.3441931495692726 0.5976881296873963 0.7240856133223242
vn 0.3441931495692726 0.5976881296873963 0.7240856133223242
vn 0.1667100331004003 0.25501533434371665 0.9524573187882099
vn 0.1667100331004003 0.25501533434371665 0.9524573187882099
vn 0.1667100331004003 0.25501533434371665 0.9524573187882099
vn 0.45329072234134077 0.31989345922370765 0.8319829900816217
vn 0.45329072234134077 0.31989345922370765 0.8319829900816217
vn 0.45329072234134077 0.31989345922370765 0.8319829900816217
vn 0.999350763230299 -0.02229890029371385 0.028298605561225924
vn 0.999350763230299 -0.02229890029371385 0.028298605561225924
vn 0.999350763230299 -0.02229890029371385 0.028298605561225924
vn -0.07290203477007928 0.583516336328746 0.8088225878175387
vn -0.07290203477007928 0.583516336328746 0.8088225878175387
vn -0.07290203477007928 0.583516336328746 0.8088225878175387
vn 0.026900706611364254 0.7372193627238599 0.6751177402563462
vn 0.026900706611364254 0.7372193627238599 0.6751177402563462
vn 0.026900706611364254 0.7372193627238599 0.6751177402563462
vn -0.04379917017773509 -0.7730853697811112 -0.6327879927133134
vn -0.04379917017773509 -0.7730853697811112 -0.6327879927133134
vn -0.04379917017773509 -0.7730853697811112 -0.6327879927133134
vn 0.02080059850087623 0.7850226117429713 0.6191177869793839
vn 0.02080059850087623 0.7850226117429713 0.6191177869793839
vn 0.02080059850087623 0.7850226117429713 0.6191177869793839
vn 0.06759712327740748 0.86036344583884 0.5051785525820908
vn 0.06759712327740748 0.86036344583884 0.5051785525820908
vn 0.06759712327740748 0.86036344583884 0.5051785525820908
vn -0.17649781189000285 -0.5864927426206458 -0.7904902183147835
vn -0.17649781189000285 -0.5864927426206458 -0.7904902183147835
vn -0.17649781189000285 -0.5864927426206458 -0.7904902183147835
vn 0.03730110849605272 0.7207214082478116 0.6922205421672035
vn 0.03730110849605272 0.7207214082478116 0.6922205421672035
vn 0.03730110849605272 0.7207214082478116 0.6922205421672035
vn 0.03009977989171755 -0.5469960062384622 -0.8365939112912802
vn 0.03009977989171755 -0.5469960062384622 -0.8365939112912802
vn 0.03009977989171755 -0.5469960062384622 -0.8365939112912802
vn 0.03199943298681503 -0.5280906311602396 -0.8485848935547357
vn 0.03199943298681503 -0.5280906311602396 -0.8485848935547357
vn 0.03199943298681503 -0.5280906311602396 -0.8485848935547357
vn 0.013799959008353093 -0.8178975819548527 -0.5751983193332302
vn 0.013799959008353093 -0.8178975819548527 -0.5751983193332302
vn 0.013799959008353093 -0.8178975819548527 -0.5751983193332302
vn 0.021201145662173435 0.5986323366714971 0.8007433027592769
vn 0.021201145662173435 0.5986323366714971 0.8007433027592769
vn 0.021201145662173435 0.5986323366714971 0.8007433027592769
vn -0.010600327313419424 -0.17090528430021182 -0.9852304384554469
vn -0.010600327313419424 -0.17090528430021182 -0.9852304384554469
vn -0.010600327313419424 -0.17090528430021182 -0.9852304384554469
vn 0.04310011515001879 0.6710018054298565 0.740201970535021
vn 0.04310011515001879 0.6710018054298565 0.740201970535021
vn 0.04310011515001879 0.6710018054298565 0.740201970535021
vn 0.8640375657448779 0.02020087696239476 0.5030218778061407
vn 0.8640375657448779 0.02020087696239476 0.5030218778061407
vn 0.8640375657448779 0.02020087696239476 0.5030218778061407
vn 0.8163999829424753 -0.018200000556991267 0.577199989458811
vn 0.8163999829424753 -0.018200000556991267 0.577199989458811
vn 0.8163999829424753 -0.018200000556991267 0.577199989458811
vn 0.8655258671189849 0.01870055936081099 0.5005149972054005
vn 0.8655258671189849 0.01870055936081099 0.5005149972054005
vn 0.8655258671189849 0.01870055936081099 0.5005149972054005
vn 0.5856844680180406 -0.6518827331811925 0.48168724926309103
vn 0.5856844680180406 -0.6518827331811925 0.48168724926309103
vn 0.5856844680180406 -0.6518827331811925 0.48168724926309103
vn 0.9499733611306558 -0.0796977667232509 0.3019915216052444
vn 0.9499733611306558 -0.0796977667232509 0.3019915216052444
vn 0.9499733611306558 -0.0796977667232509 0.3019915216052444
vn 0.8334296007760361 -0.07120252620232768 0.5480194347034636
vn 0.8334296007760361 -0.07120252620232768 0.5480194347034636
vn 0.8334296007760361 -0.07120252620232768 0.5480194347034636
vn 0.43300628964164617 0.09740141736320716 0.8961130046073504
vn 0.43300628964164617 0.09740141736320716 0.8961130046073504
vn 0.43300628964164617 0.09740141736320716 0.8961130046073504
vn 0.28881085834259324 0.07510282054496592 0.9544358828384468
vn 0.28881085834259324 0.07510282054496592 0.9544358828384468
vn 0.28881085834259324 0.07510282054496592 0.9544358828384468
vn 0.27899495072642405 0.062098873677993 0.9582826030754628
vn 0.27899495072642405 0.062098873677993 0.9582826030754628
vn 0.27899495072642405 0.062098873677993 0.9582826030754628
vn 0.2741853394304904 -0.8750532520781766 0.39887868540296034
vn 0.2741853394304904 -0.8750532520781766 0.39887868540296034
vn 0.2741853394304904 -0.8750532520781766 0.39887868540296034
vn 0.17419765840575188 -0.6874907650318387 0.7049905132708455
vn 0.17419765840575188 -0.6874907650318387 0.7049905132708455
vn 0.17419765840575188 -0.6874907650318387 0.7049905132708455
vn 0.4654791846159115 -0.15789294586357397 0.8708610373279014
vn 0.4654791846159115 -0.15789294586357397 0.8708610373279014
vn 0.4654791846159115 -0.15789294586357397 0.8708610373279014
vn -0.030601097726265482 -0.763127398725435 0.6455231569297096
vn -0.030601097726265482 -0.763127398725435 0.6455231569297096
vn -0.030601097726265482 -0.763127398725435 0.6455231569297096
vn -0.08619777496129656 -0.1328965708997973 0.9873745211594215
vn -0.08619777496129656 -0.1328965708997973 0.9873745211594215
vn -0.08619777496129656 -0.1328965708997973 0.9873745211594215
vn -0.1352981584393965 -0.6599910647513626 0.7389899882753964
vn -0.1352981584393965 -0.6599910647513626 0.7389899882753964
vn -0.1352981584393965 -0.6599910647513626 0.7389899882753964
vn -0.0329005702248877 0.0358006172607408 0.9988172346744058
vn -0.0329005702248877 0.0358006172607408 0.9988172346744058
vn -0.0329005702248877 0.0358006172607408 0.9988172346744058
vn -0.285988687375561 -0.9552621423551538 0.07539701636169209
vn -0.285988687375561 -0.9552621423551538 0.07539701636169209
vn -0.285988687375561 -0.9552621423551538 0.07539701636169209
vn -0.0016000921185403767 -0.4116237015983884 0.9113524938176519
vn -0.0016000921185403767 -0.4116237015983884 0.9113524938176519
vn -0.0016000921185403767 -0.4116237015983884 0.9113524938176519
vn -0.014000101394964 -0.21090151471010582 0.9774070535114394
vn -0.014000101394964 -0.21090151471010582 0.9774070535114394
vn -0.014000101394964 -0.21090151471010582 0.9774070535114394
vn -0.011300094873215894 -0.7487062846862701 0.6628055575560137
vn -0.011300094873215894 -0.7487062846862701 0.6628055575560137
vn -0.011300094873215894 -0.7487062846862701 0.6628055575560137
vn -0.0025000297902158697 -0.9948118479386432 0.10170121460410264
vn -0.0025000297902158697 -0.9948118479386432 0.10170121460410264
vn -0.0025000297902158697 -0.9948118479386432 0.10170121460410264
vn 0.9025287466573625 0.06220198166454901 0.4261135704646047
vn 0.9025287466573625 0.06220198166454901 0.4261135704646047
vn 0.9025287466573625 0.06220198166454901 0.4261135704646047
vn 0.9743482375650572 0.01550076672335531 0.224511109268239
vn 0.9743482375650572 0.01550076672335531 0.224511109268239
vn 0.9743482375650572 0.01550076672335531 0.224511109268239
vn 0.8658921765563687 0.05679948848655366 0.4969955298452296
vn 0.8658921765563687 0.05679948848655366 0.4969955298452296
vn 0.8658921765563687 0.05679948848655366 0.4969955298452296
vn 0.7610126050009223 0.10110167532967963 0.6408106321490322
vn 0.7610126050009223 0.10110167532967963 0.6408106321490322
vn 0.7610126050009223 0.10110167532967963 0.6408106321490322
vn 0.9999301483483313 0.010000301456071448 0.00630019006634112
vn 0.9999301483483313 0.010000301456071448 0.00630019006634112
vn 0.9999301483483313 0.010000301456071448 0.00630019006634112
vn 0.9956098317148215 -0.059200585512320554 -0.07250071494670238
vn 0.9956098317148215 -0.059200585512320554 -0.07250071494670238
vn 0.9956098317148215 -0.059200585512320554 -0.07250071494670238
vn 0.8680067509804057 0.02110016436201091 0.4961038835932812
vn 0.8680067509804057 0.02110016436201091 0.4961038835932812
vn 0.8680067509804057 0.02110016436201091 0.4961038835932812
vn 0.6775838274855341 -0.1523963586227999 -0.719482804942943
vn 0.6775838274855341 -0.1523963586227999 -0.719482804942943
vn 0.6775838274855341 -0.1523963586227999 -0.719482804942943
vn 0.9842200347896113 -0.020100408531561174 0.1758035741832359
vn 0.9842200347896113 -0.020100408531561174 0.1758035741832359
vn 0.9842200347896113 -0.020100408531561174 0.1758035741832359
vn 0.8568158202614317 -0.18100333215614184 -0.482808910334206
vn 0.8568158202614317 -0.18100333215614184 -0.482808910334206
vn 0.8568158202614317 -0.18100333215614184 -0.482808910334206
vn 0.3528014000112847 -0.19240075069195386 -0.915703621966873
vn 0.3528014000112847 -0.19240075069195386 -0.915703621966873
vn 0.3528014000112847 -0.19240075069195386 -0.915703621966873
vn 0.9636672210935987 -0.06249787437883118 0.25969116790501184
vn 0.9636672210935987 -0.06249787437883118 0.25969116790501184
vn 0.9636672210935987 -0.06249787437883118 0.25969116790501184
vn 0.9793140349709107 0.03260046697547267 0.1997028554176798
vn 0.9793140349709107 0.03260046697547267 0.1997028554176798
vn 0.9793140349709107 0.03260046697547267 0.1997028554176798
vn 0.9999125039830853 0.012700158873749614 0.003700046331886415
vn 0.9999125039830853 0.012700158873749614 0.003700046331886415
vn 0.9999125039830853 0.012700158873749614 0.003700046331886415
vn 0.9275679407011771 0.00709975445914691 -0.3735870833821712
vn 0.9275679407011771 0.00709975445914691 -0.3735870833821712
vn 0.9275679407011771 0.00709975445914691 -0.3735870833821712
vn 0.547991909138744 -0.07959882683554009 -0.8326877531733491
vn 0.547991909138744 -0.07959882683554009 -0.8326877531733491
vn 0.547991909138744 -0.07959882683554009 -0.8326877531733491
vn 0.9990982666379767 0.017899967811923052 -0.038499931861272464
vn 0.9990982666379767 0.017899967811923052 -0.038499931861272464
vn 0.9990982666379767 0.017899967811923052 -0.038499931861272464
vn 0.6014835665864697 -0.4576875286501131 -0.6547821357097119
vn 0.6014835665864697 -0.4576875286501131 -0.6547821357097119
vn 0.6014835665864697 -0.4576875286501131 -0.6547821357097119
vn 0.49110335465557603 0.15330104525646485 0.857505851040863
vn 0.49110335465557603 0.15330104525646485 0.857505851040863
vn 0.49110335465557603 0.15330104525646485 0.857505851040863
vn -0.30131162527254574 -0.17280667792867682 -0.9377361870690879
vn -0.30131162527254574 -0.17280667792867682 -0.9377361870690879
vn -0.30131162527254574 -0.17280667792867682 -0.9377361870690879
vn -0.43859570309776497 -0.07449927146920515 -0.895591239223975
vn -0.43859570309776497 -0.07449927146920515 -0.895591239223975
vn -0.43859570309776497 -0.07449927146920515 -0.895591239223975
vn -0.3656207078595627 -0.3556201507127904 -0.8601487117884234
vn -0.3656207078595627 -0.3556201507127904 -0.8601487117884234
vn -0.3656207078595627 -0.3556201507127904 -0.8601487117884234
vn 0.006799898150142187 -0.2853957247126402 -0.9583856435177307
vn 0.006799898150142187 -0.2853957247126402 -0.9583856435177307
vn 0.006799898150142187 -0.2853957247126402 -0.9583856435177307
vn -0.051500516844435046 -0.19670198054048155 -0.9791098138698273
vn -0.051500516844435046 -0.19670198054048155 -0.9791098138698273
vn -0.051500516844435046 -0.19670198054048155 -0.9791098138698273
vn -0.0037001503939598597 -0.19070774589221726 -0.9816398853672212
vn -0.0037001503939598597 -0.19070774589221726 -0.9816398853672212
vn -0.0037001503939598597 -0.19070774589221726 -0.9816398853672212
vn -0.009600194059153386 -0.20640416947777374 -0.97841972337858
vn -0.009600194059153386 -0.20640416947777374 -0.97841972337858
vn -0.009600194059153386 -0.20640416947777374 -0.97841972337858
vn -0.07849648228478708 -0.4060817933298032 -0.910459158554059
vn -0.07849648228478708 -0.4060817933298032 -0.910459158554059
vn -0.07849648228478708 -0.4060817933298032 -0.910459158554059
vn 0.06669921817439572 -0.4863943317147257 -0.8711898578213073
vn 0.06669921817439572 -0.4863943317147257 -0.8711898578213073
vn 0.06669921817439572 -0.4863943317147257 -0.8711898578213073
vn 0.005699960672985306 -0.19089867762069293 -0.9815931974759183
vn 0.005699960672985306 -0.19089867762069293 -0.9815931974759183
vn 0.005699960672985306 -0.19089867762069293 -0.9815931974759183
vn 0.9578790859663235 0.02809938754200768 0.28579377370419473
vn 0.9578790859663235 0.02809938754200768 0.28579377370419473
vn 0.9578790859663235 0.02809938754200768 0.28579377370419473
vn 0.9824100890762082 -0.16570170519872757 0.08610088138637519
vn 0.9824100890762082 -0.16570170519872757 0.08610088138637519
vn 0.9824100890762082 -0.16570170519872757 0.08610088138637519
vn 0.9431244935572589 -0.33130860329212286 -0.027400712344509286
vn 0.9431244935572589 -0.33130860329212286 -0.027400712344509286
vn 0.9431244935572589 -0.33130860329212286 -0.027400712344509286
vn 0.9090234839839667 -0.32220833158005135 -0.26430682288970647
vn 0.9090234839839667 -0.32220833158005135 -0.26430682288970647
vn 0.9090234839839667 -0.32220833158005135 -0.26430682288970647
vn 0.7278190473244873 0.04610120753281539 0.6842178841682611
vn 0.7278190473244873 0.04610120753281539 0.6842178841682611
vn 0.7278190473244873 0.04610120753281539 0.6842178841682611
vn 0.008600323929151851 -0.8939336166463393 -0.4481168636169694
vn 0.008600323929151851 -0.8939336166463393 -0.4481168636169694
vn 0.008600323929151851 -0.8939336166463393 -0.4481168636169694
vn -0.3496128247911353 -0.5730210547348717 -0.7412271875559462
vn -0.3496128247911353 -0.5730210547348717 -0.7412271875559462
vn -0.3496128247911353 -0.5730210547348717 -0.7412271875559462
vn -0.11870451110051873 -0.3448131060634311 0.9311354149269997
vn -0.11870451110051873 -0.3448131060634311 0.9311354149269997
vn -0.11870451110051873 -0.3448131060634311 0.9311354149269997
vn -0.09520111171016159 -0.979811405049826 0.17580204453713086
vn -0.09520111171016159 -0.979811405049826 0.17580204453713086
vn -0.09520111171016159 -0.979811405049826 0.17580204453713086
vn -0.11049491877799553 -0.9821548574064949 0.15219299917234017
vn -0.11049491877799553 -0.9821548574064949 0.15219299917234017
vn -0.11049491877799553 -0.9821548574064949 0.15219299917234017
vn -0.11709535422435198 -0.6226752692046734 -0.7736693008902196
vn -0.11709535422435198 -0.6226752692046734 -0.7736693008902196
vn -0.11709535422435198 -0.6226752692046734 -0.7736693008902196
vn -0.06410304908992297 -0.5668269836934152 -0.8213391319390545
vn -0.06410304908992297 -0.5668269836934152 -0.8213391319390545
vn -0.06410304908992297 -0.5668269836934152 -0.8213391319390545
vn 0.022999250714802775 -0.2642913779690805 -0.9641686066232205
vn 0.022999250714802775 -0.2642913779690805 -0.9641686066232205
vn 0.022999250714802775 -0.2642913779690805 -0.9641686066232205
vn -0.014099687438680989 0.2874936155448154 0.9576787665157358
vn -0.014099687438680989 0.2874936155448154 0.9576787665157358
vn -0.014099687438680989 0.2874936155448154 0.9576787665157358
vn 0.0014000609894066953 0.7862342648765824 0.6179269540675549
vn 0.0014000609894066953 0.7862342648765824 0.6179269540675549
vn 0.0014000609894066953 0.7862342648765824 0.6179269540675549
vn 0.04900077672341146 0.9030143346583868 0.42680678917043224
vn 0.04900077672341146 0.9030143346583868 0.42680678917043224
vn 0.04900077672341146 0.9030143346583868 0.42680678917043224
vn 0.005900078124025662 -0.8059106185681527 -0.5920078242364942
vn 0.005900078124025662 -0.8059106185681527 -0.5920078242364942
vn 0.005900078124025662 -0.8059106185681527 -0.5920078242364942
vn 0.024100325651484678 -0.35220476001794243 -0.9356126235382868
vn 0.024100325651484678 -0.35220476001794243 -0.9356126235382868
vn 0.024100325651484678 -0.35220476001794243 -0.9356126235382868
vn 0.024799829825243577 0.559596139630051 0.8283943076529336
vn 0.024799829825243577 0.559596139630051 0.8283943076529336
vn 0.024799829825243577 0.559596139630051 0.8283943076529336
vn -0.8515521607771426 0.35588000030194883 0.3849783667439829
vn -0.8515521607771426 0.35588000030194883 0.3849783667439829
vn -0.8515521607771426 0.35588000030194883 0.3849783667439829
vn -0.7191663230309059 0.2852866212817079 0.633570314594895
vn -0.7191663230309059 0.2852866212817079 0.633570314594895
vn -0.7191663230309059 0.2852866212817079 0.633570314594895
vn -0.3870994534822431 0.3067995658663989 0.8694987288650501
vn -0.3870994534822431 0.3067995658663989 0.8694987288650501
vn -0.3870994534822431 0.3067995658663989 0.8694987288650501
vn -0.3702093790740932 0.1836046410766716 0.9106230567148411
vn -0.3702093790740932 0.1836046410766716 0.9106230567148411
vn -0.3702093790740932 0.1836046410766716 0.9106230567148411
vn -0.9970837175081975 -0.0228996263617963 0.0727988144994336
vn -0.9970837175081975 -0.0228996263617963 0.0727988144994336
vn -0.9970837175081975 -0.0228996263617963 0.0727988144994336
vn -0.9911963861634207 0.12429955359512995 0.045599835883766586
vn -0.9911963861634207 0.12429955359512995 0.045599835883766586
vn -0.9911963861634207 0.12429955359512995 0.045599835883766586
vn -0.8730680959226472 0.20419254190515979 0.4427838137424547
vn -0.8730680959226472 0.20419254190515979 0.4427838137424547
vn -0.8730680959226472 0.20419254190515979 0.4427838137424547
vn -0.7211980922939583 0.2804992569352136 0.6333983569053115
vn -0.7211980922939583 0.2804992569352136 0.6333983569053115
vn -0.7211980922939583 0.2804992569352136 0.6333983569053115
vn 0.1657988564900199 -0.27099812029258225 -0.9481934180242388
vn 0.1657988564900199 -0.27099812029258225 -0.9481934180242388
vn 0.1657988564900199 -0.27099812029258225 -0.9481934180242388
vn -0.993157523713245 -0.015899320867207783 -0.11569505040293199
vn -0.993157523713245 -0.015899320867207783 -0.11569505040293199
vn -0.993157523713245 -0.015899320867207783 -0.11569505040293199
vn -0.5143221123478459 -0.2628113129053331 -0.8163350896286554
vn -0.5143221123478459 -0.2628113129053331 -0.8163350896286554
vn -0.5143221123478459 -0.2628113129053331 -0.8163350896286554
vn -0.9977307802556117 -0.027400846004140944 -0.061501900529866524
vn -0.9977307802556117 -0.027400846004140944 -0.061501900529866524
vn -0.9977307802556117 -0.027400846004140944 -0.061501900529866524
vn -0.9972567898403614 0.007899657105983995 0.07359681062997957
vn -0.9972567898403614 0.007899657105983995 0.07359681062997957
vn -0.9972567898403614 0.007899657105983995 0.07359681062997957
vn -0.8400818462639461 0.008799809893852211 0.5423882879668325
vn -0.8400818462639461 0.008799809893852211 0.5423882879668325
vn -0.8400818462639461 0.008799809893852211 0.5423882879668325
vn -0.8249811515456653 -0.1904956565526675 -0.5320878728452251
vn -0.8249811515456653 -0.1904956565526675 -0.5320878728452251
vn -0.8249811515456653 -0.1904956565526675 -0.5320878728452251
vn -0.9818160345309787 -0.030900503693579242 -0.18730305178866433
vn -0.9818160345309787 -0.030900503693579242 -0.18730305178866433
vn -0.9818160345309787 -0.030900503693579242 -0.18730305178866433
vn -0.9854147137701201 0.16430244448332157 0.04430066164468907
vn -0.9854147137701201 0.16430244448332157 0.04430066164468907
vn -0.9854147137701201 0.16430244448332157 0.04430066164468907
vn -0.009000098576613835 0.7497082535281757 0.661707286356546
vn -0.009000098576613835 0.7497082535281757 0.661707286356546
vn -0.009000098576613835 0.7497082535281757 0.661707286356546
vn -0.3956957292021418 0.6482929823922777 0.6504929660435316
vn -0.3956957292021418 0.6482929823922777 0.6504929660435316
vn -0.3956957292021418 0.6482929823922777 0.6504929660435316
vn -0.3550978233485885 0.7234955665739216 0.5919963690775265
vn -0.3550978233485885 0.7234955665739216 0.5919963690775265
vn -0.3550978233485885 0.7234955665739216 0.5919963690775265
vn -0.12039613888910067 0.8842716595641387 0.45118555144450323
vn -0.12039613888910067 0.8842716595641387 0.45118555144450323
vn -0.12039613888910067 0.8842716595641387 0.45118555144450323
vn 0.28959749605452595 -0.6417944046706795 -0.7100938194438514
vn 0.28959749605452595 -0.6417944046706795 -0.7100938194438514
vn 0.28959749605452595 -0.6417944046706795 -0.7100938194438514
vn 0.015300370708913467 -0.5506133298397595 -0.8346201888637381
vn 0.015300370708913467 -0.5506133298397595 -0.8346201888637381
vn 0.015300370708913467 -0.5506133298397595 -0.8346201888637381
vn 0.038900841372358164 -0.5052109669804655 -0.8621186712878834
vn 0.038900841372358164 -0.5052109669804655 -0.8621186712878834
vn 0.038900841372358164 -0.5052109669804655 -0.8621186712878834
vn -0.9848819030998532 0.170696862631053 0.0294994582039549
vn -0.9848819030998532 0.170696862631053 0.0294994582039549
vn -0.9848819030998532 0.170696862631053 0.0294994582039549
vn -0.8583287384003424 0.38231280307006216 0.3422114805858918
vn -0.8583287384003424 0.38231280307006216 0.3422114805858918
vn -0.8583287384003424 0.38231280307006216 0.3422114805858918
vn -0.7533814792132962 -0.20569493087265245 -0.6245846157180632
vn -0.7533814792132962 -0.20569493087265245 -0.6245846157180632
vn -0.7533814792132962 -0.20569493087265245 -0.6245846157180632
vn -0.9934751880090623 0.08669783509431311 -0.0740981524757355
vn -0.9934751880090623 0.08669783509431311 -0.0740981524757355
vn -0.9934751880090623 0.08669783509431311 -0.0740981524757355
vn -0.9040022906569907 0.3406008827123025 0.2584006524421212
vn -0.9040022906569907 0.3406008827123025 0.2584006524421212
vn -0.9040022906569907 0.3406008827123025 0.2584006524421212
vn -0.983472572284889 0.02519929716084622 -0.17929499431368098
vn -0.983472572284889 0.02519929716084622 -0.17929499431368098
vn -0.983472572284889 0.02519929716084622 -0.17929499431368098
vn -0.6651163674334738 -0.33070815896846667 -0.6695164907332661
vn -0.6651163674334738 -0.33070815896846667 -0.6695164907332661
vn -0.6651163674334738 -0.33070815896846667 -0.6695164907332661
vn -0.8983723851133453 -0.3901879914015636 -0.20169380018179212
vn -0.8983723851133453 -0.3901879914015636 -0.20169380018179212
vn -0.8983723851133453 -0.3901879914015636 -0.20169380018179212
vn -0.9222934971647149 -0.33519765520736006 -0.1923986409285875
vn -0.9222934971647149 -0.33519765520736006 -0.1923986409285875
vn -0.9222934971647149 -0.33519765520736006 -0.1923986409285875
vn -0.9790876862146071 0.18969762379385577 0.07349907638801752
vn -0.9790876862146071 0.18969762379385577 0.07349907638801752
vn -0.9790876862146071 0.18969762379385577 0.07349907638801752
vn -0.8583287384003424 0.38231280307006216 0.3422114805858918
vn -0.8583287384003424 0.38231280307006216 0.3422114805858918
vn -0.8583287384003424 0.38231280307006216 0.3422114805858918
vn -0.9928526072313603 -0.02849863926284972 -0.11589446869482674
vn -0.9928526072313603 -0.02849863926284972 -0.11589446869482674
vn -0.9928526072313603 -0.02849863926284972 -0.11589446869482674
vn -0.9299104990730889 -0.1905021588617898 -0.31460354604269186
vn -0.9299104990730889 -0.1905021588617898 -0.31460354604269186
vn -0.9299104990730889 -0.1905021588617898 -0.31460354604269186
vn -0.9977545133360773 -0.05349756188413562 -0.04029816360506457
vn -0.9977545133360773 -0.05349756188413562 -0.04029816360506457
vn -0.9977545133360773 -0.05349756188413562 -0.04029816360506457
vn 0.10140309080367992 -0.5336162226143962 -0.839625595213845
vn 0.10140309080367992 -0.5336162226143962 -0.839625595213845
vn 0.10140309080367992 -0.5336162226143962 -0.839625595213845
vn 0.15359238200321923 -0.5022750879364438 -0.8509577640688256
vn 0.15359238200321923 -0.5022750879364438 -0.8509577640688256
vn 0.15359238200321923 -0.5022750879364438 -0.8509577640688256
vn -0.8669830708298151 0.3770926345859939 0.3257936460944227
vn -0.8669830708298151 0.3770926345859939 0.3257936460944227
vn -0.8669830708298151 0.3770926345859939 0.3257936460944227
vn -0.9960735746979512 0.06679822559279805 -0.05809845820758643
vn -0.9960735746979512 0.06679822559279805 -0.05809845820758643
vn -0.9960735746979512 0.06679822559279805 -0.05809845820758643
vn 0.1443923840994377 0.3353822944211438 0.9309508880724534
vn 0.1443923840994377 0.3353822944211438 0.9309508880724534
vn 0.1443923840994377 0.3353822944211438 0.9309508880724534
vn -0.623285999792644 0.6352856946637523 0.45598974617646604
vn -0.623285999792644 0.6352856946637523 0.45598974617646604
vn -0.623285999792644 0.6352856946637523 0.45598974617646604
vn -0.08529668777319031 -0.5380791189221432 -0.8385674312986957
vn -0.08529668777319031 -0.5380791189221432 -0.8385674312986957
vn -0.08529668777319031 -0.5380791189221432 -0.8385674312986957
vn -0.017200493435691737 -0.6521187119859163 -0.7579217166062724
vn -0.017200493435691737 -0.6521187119859163 -0.7579217166062724
vn -0.017200493435691737 -0.6521187119859163 -0.7579217166062724
vn -0.32682037008340575 -0.8175509797581891 -0.474129561612615
vn -0.32682037008340575 -0.8175509797581891 -0.474129561612615
vn -0.32682037008340575 -0.8175509797581891 -0.474129561612615
vn 0.0013000458021550124 0.33831190790899 0.9410331358926165
vn 0.0013000458021550124 0.33831190790899 0.9410331358926165
vn 0.0013000458021550124 0.33831190790899 0.9410331358926165
vn -0.9956474885279222 0.077003673510287 -0.05250250331138913
vn -0.9956474885279222 0.077003673510287 -0.05250250331138913
vn -0.9956474885279222 0.077003673510287 -0.05250250331138913
vn -0.8897176721586638 -0.1513030042063869 -0.43070856128789714
vn -0.8897176721586638 -0.1513030042063869 -0.43070856128789714
vn -0.8897176721586638 -0.1513030042063869 -0.43070856128789714
vn 0.06309641643020238 0.7547571227423532 0.6529628840166574
vn 0.06309641643020238 0.7547571227423532 0.6529628840166574
vn 0.06309641643020238 0.7547571227423532 0.6529628840166574
vn -0.03830136717147445 0.11230400940416782 0.9929354534633884
vn -0.03830136717147445 0.11230400940416782 0.9929354534633884
vn -0.03830136717147445 0.11230400940416782 0.9929354534633884
vn -0.04149987642831063 -0.7487977785364934 0.6614980325860749
vn -0.04149987642831063 -0.7487977785364934 0.6614980325860749
vn -0.04149987642831063 -0.7487977785364934 0.6614980325860749
vn -0.08099992360294578 -0.6119994095323484 0.7866992659894719
vn -0.08099992360294578 -0.6119994095323484 0.7866992659894719
vn -0.08099992360294578 -0.6119994095323484 0.7866992659894719
vn -0.06430139567705256 -0.3717080529944673 0.9261201076820681
vn -0.06430139567705256 -0.3717080529944673 0.9261201076820681
vn -0.06430139567705256 -0.3717080529944673 0.9261201076820681
vn -0.03630131093632931 -0.21410773639914135 0.9761352836765711
vn -0.03630131093632931 -0.21410773639914135 0.9761352836765711
vn -0.03630131093632931 -0.21410773639914135 0.9761352836765711
vn -0.05489887795738964 -0.12779738668843638 0.9902797287406351
vn -0.05489887795738964 -0.12779738668843638 0.9902797287406351
vn -0.05489887795738964 -0.12779738668843638 0.9902797287406351
vn 0.025099743750240013 -0.3739961916313352 0.9270905303738842
vn 0.025099743750240013 -0.3739961916313352 0.9270905303738842
vn 0.025099743750240013 -0.3739961916313352 0.9270905303738842
vn 0.06050290596390338 -0.9159439898831138 0.39671905142925196
vn 0.06050290596390338 -0.9159439898831138 0.39671905142925196
vn 0.06050290596390338 -0.9159439898831138 0.39671905142925196
vn 0.023099764249227175 -0.6205936548522671 0.7837920109625608
vn 0.023099764249227175 -0.6205936548522671 0.7837920109625608
vn 0.023099764249227175 -0.6205936548522671 0.7837920109625608
vn 0.0014999510919175146 0.07249763339307762 0.997367456506941
vn 0.0014999510919175146 0.07249763339307762 0.997367456506941
vn 0.0014999510919175146 0.07249763339307762 0.997367456506941
vn -0.007600105619719229 0.16530229117521247 0.9862136639323116
vn -0.007600105619719229 0.16530229117521247 0.9862136639323116
vn -0.007600105619719229 0.16530229117521247 0.9862136639323116
vn -0.004399924056838695 -0.024799572803369467 0.9996827606081162
vn -0.004399924056838695 -0.024799572803369467 0.9996827606081162
vn -0.004399924056838695 -0.024799572803369467 0.9996827606081162
vn -0.05399949268494957 -0.05379949490882524 0.9970906022710891
vn -0.05399949268494957 -0.05379949490882524 0.9970906022710891
vn -0.05399949268494957 -0.05379949490882524 0.9970906022710891
vn -0.07670029049159453 -0.4061015326128091 0.9106034321525657
vn -0.07670029049159453 -0.4061015326128091 0.9106034321525657
vn -0.07670029049159453 -0.4061015326128091 0.9106034321525657
vn 0.004599787144026002 -0.9429563621971319 0.3328845760172454
vn 0.004599787144026002 -0.9429563621971319 0.3328845760172454
vn 0.004599787144026002 -0.9429563621971319 0.3328845760172454
vn -0.0536990183352472 -0.757186159976454 0.6509881216811432
vn -0.0536990183352472 -0.757186159976454 0.6509881216811432
vn -0.0536990183352472 -0.757186159976454 0.6509881216811432
vn -0.9085125922160746 0.04700064901758774 0.4152057427068587
vn -0.9085125922160746 0.04700064901758774 0.4152057427068587
vn -0.9085125922160746 0.04700064901758774 0.4152057427068587
vn -0.9771315329008443 0.12390399291005393 0.17280557847416728
vn -0.9771315329008443 0.12390399291005393 0.17280557847416728
vn -0.9771315329008443 0.12390399291005393 0.17280557847416728
vn -0.1773037880219916 -0.9362199921695227 0.3034064814982556
vn -0.1773037880219916 -0.9362199921695227 0.3034064814982556
vn -0.1773037880219916 -0.9362199921695227 0.3034064814982556
vn -0.5996131469123835 -0.5752126168055633 0.5564121849110821
vn -0.5996131469123835 -0.5752126168055633 0.5564121849110821
vn -0.5996131469123835 -0.5752126168055633 0.5564121849110821
vn -0.9895376766422378 0.09520362840156198 0.1084041311235837
vn -0.9895376766422378 0.09520362840156198 0.1084041311235837
vn -0.9895376766422378 0.09520362840156198 0.1084041311235837
vn -0.994919614648918 -0.08200161988581367 0.058401153438532034
vn -0.994919614648918 -0.08200161988581367 0.058401153438532034
vn -0.994919614648918 -0.08200161988581367 0.058401153438532034
vn -0.9239605960840239 0.16989275016256522 0.34268538096372786
vn -0.9239605960840239 0.16989275016256522 0.34268538096372786
vn -0.9239605960840239 0.16989275016256522 0.34268538096372786
vn -0.41919112131309716 -0.023999491706667483 0.9075807557512939
vn -0.41919112131309716 -0.023999491706667483 0.9075807557512939
vn -0.41919112131309716 -0.023999491706667483 0.9075807557512939
vn -0.5997140917814073 -0.04890115192096086 0.7987187774552474
vn -0.5997140917814073 -0.04890115192096086 0.7987187774552474
vn -0.5997140917814073 -0.04890115192096086 0.7987187774552474
vn 0.006500257867629644 -0.2069082044282305 -0.9783387662706309
vn 0.006500257867629644 -0.2069082044282305 -0.9783387662706309
vn 0.006500257867629644 -0.2069082044282305 -0.9783387662706309
vn 0.022800314316400384 -0.13840190893604662 -0.9901136587634429
vn 0.022800314316400384 -0.13840190893604662 -0.9901136587634429
vn 0.022800314316400384 -0.13840190893604662 -0.9901136587634429
vn 0.0007000103929370246 -0.6296093586144421 -0.776911555796772
vn 0.0007000103929370246 -0.6296093586144421 -0.776911555796772
vn 0.0007000103929370246 -0.6296093586144421 -0.776911555796772
vn 0.024600722780903837 -0.3473102086211276 -0.9374275563616669
vn 0.024600722780903837 -0.3473102086211276 -0.9374275563616669
vn 0.024600722780903837 -0.3473102086211276 -0.9374275563616669
vn 0.07419726804650625 -0.265090252745886 -0.9613646151765506
vn 0.07419726804650625 -0.265090252745886 -0.9613646151765506
vn 0.07419726804650625 -0.265090252745886 -0.9613646151765506
vn -0.09010358272003079 0.2721108278970249 0.9580381212259825
vn -0.09010358272003079 0.2721108278970249 0.9580381212259825
vn -0.09010358272003079 0.2721108278970249 0.9580381212259825
vn 0.028101236176218836 -0.13130577524619833 -0.9909435472883221
vn 0.028101236176218836 -0.13130577524619833 -0.9909435472883221
vn 0.028101236176218836 -0.13130577524619833 -0.9909435472883221
vn 0.032399457972684176 -0.1549974041396741 -0.9873834512655348
vn 0.032399457972684176 -0.1549974041396741 -0.9873834512655348
vn 0.032399457972684176 -0.1549974041396741 -0.9873834512655348
vn -0.9931433314945417 0.006800296877105813 0.11670509444881015
vn -0.9931433314945417 0.006800296877105813 0.11670509444881015
vn -0.9931433314945417 0.006800296877105813 0.11670509444881015
vn -0.6699654937070456 0.06589660233108807 0.7394618820758058
vn -0.6699654937070456 0.06589660233108807 0.7394618820758058
vn -0.6699654937070456 0.06589660233108807 0.7394618820758058
vn -0.9964044141625045 0.0647002867029508 0.05470024074930703
vn -0.9964044141625045 0.0647002867029508 0.05470024074930703
vn -0.9964044141625045 0.0647002867029508 0.05470024074930703
vn -0.49760425167624117 -0.20220172758684155 -0.8435072436408741
vn -0.49760425167624117 -0.20220172758684155 -0.8435072436408741
vn -0.49760425167624117 -0.20220172758684155 -0.8435072436408741
vn -0.6005818661010813 -0.1509954328923657 -0.7851762868020085
vn -0.6005818661010813 -0.1509954328923657 -0.7851762868020085
vn -0.6005818661010813 -0.1509954328923657 -0.7851762868020085
vn -0.8595024000905779 -0.13710038049596912 -0.49240137073976215
vn -0.8595024000905779 -0.13710038049596912 -0.49240137073976215
vn -0.8595024000905779 -0.13710038049596912 -0.49240137073976215
vn -0.9681148803869023 -0.0763011745254858 -0.23860366539406988
vn -0.9681148803869023 -0.0763011745254858 -0.23860366539406988
vn -0.9681148803869023 -0.0763011745254858 -0.23860366539406988
vn -0.9670056240795544 -0.09190053225207834 -0.23760137872137135
vn -0.9670056240795544 -0.09190053225207834 -0.23760137872137135
vn -0.9670056240795544 -0.09190053225207834 -0.23760137872137135
vn -0.8934787681996732 -0.1220971057013756 -0.43218975873537535
vn -0.8934787681996732 -0.1220971057013756 -0.43218975873537535
vn -0.8934787681996732 -0.1220971057013756 -0.43218975873537535
vn -0.9672594009760043 -0.09209613650595198 -0.23649006927188002
vn -0.9672594009760043 -0.09209613650595198 -0.23649006927188002
vn -0.9672594009760043 -0.09209613650595198 -0.23649006927188002
vn -0.9960646900588035 -0.05599801615272657 -0.06869756476774648
vn -0.9960646900588035 -0.05599801615272657 -0.06869756476774648
vn -0.9960646900588035 -0.05599801615272657 -0.06869756476774648
vn -0.9960018675843184 0.018000033123160425 0.08750016329193375
vn -0.9960018675843184 0.018000033123160425 0.08750016329193375
vn -0.9960018675843184 0.018000033123160425 0.08750016329193375
vn -0.34151458101087107 -0.12340526643942637 -0.9317397336016017
vn -0.34151458101087107 -0.12340526643942637 -0.9317397336016017
vn -0.34151458101087107 -0.12340526643942637 -0.9317397336016017
vn -0.9588030488245087 -0.012400039555435092 0.28380090307088535
vn -0.9588030488245087 -0.012400039555435092 0.28380090307088535
vn -0.9588030488245087 -0.012400039555435092 0.28380090307088535
vn -0.9515493416432099 -0.032101664135475244 -0.3058158491283717
vn -0.9515493416432099 -0.032101664135475244 -0.3058158491283717
vn -0.9515493416432099 -0.032101664135475244 -0.3058158491283717
vn -0.9552680779766349 0.08149728013343477 -0.28429050728027916
vn -0.9552680779766349 0.08149728013343477 -0.28429050728027916
vn -0.9552680779766349 0.08149728013343477 -0.28429050728027916
vn -0.7357361198493588 -0.021301044623942268 -0.6769332518401934
vn -0.7357361198493588 -0.021301044623942268 -0.6769332518401934
vn -0.7357361198493588 -0.021301044623942268 -0.6769332518401934
vn -0.13050703221247448 -0.29011563256175815 -0.9480510715601681
vn -0.13050703221247448 -0.29011563256175815 -0.9480510715601681
vn -0.13050703221247448 -0.29011563256175815 -0.9480510715601681
vn -0.5113956705039943 -0.2075982463345458 -0.8338929405556754
vn -0.5113956705039943 -0.2075982463345458 -0.8338929405556754
vn -0.5113956705039943 -0.2075982463345458 -0.8338929405556754
vn -0.9605103997448233 0.14230153528671863 -0.2391025826650193
vn -0.9605103997448233 0.14230153528671863 -0.2391025826650193
vn -0.9605103997448233 0.14230153528671863 -0.2391025826650193
vn -0.9062828787389549 -0.05009905179559553 -0.41969206415396426
vn -0.9062828787389549 -0.05009905179559553 -0.41969206415396426
vn -0.9062828787389549 -0.05009905179559553 -0.41969206415396426
vn -0.873654346672773 0.08089576918747585 -0.47977490249838717
vn -0.873654346672773 0.08089576918747585 -0.47977490249838717
vn -0.873654346672773 0.08089576918747585 -0.47977490249838717
vn -0.8689374623835947 -0.14330617501965695 -0.47372040980687596
vn -0.8689374623835947 -0.14330617501965695 -0.47372040980687596
vn -0.8689374623835947 -0.14330617501965695 -0.47372040980687596
vn -0.043498269444556856 -0.9341628505526695 -0.35418592462524473
vn -0.043498269444556856 -0.9341628505526695 -0.35418592462524473
vn -0.043498269444556856 -0.9341628505526695 -0.35418592462524473
vn 0.07550137029264109 -0.9424171259457365 -0.32580592966996685
vn 0.07550137029264109 -0.9424171259457365 -0.32580592966996685
vn 0.07550137029264109 -0.9424171259457365 -0.32580592966996685
vn -0.9944568911051154 -0.07489675597478695 0.07379679991708529
vn -0.9944568911051154 -0.07489675597478695 0.07379679991708529
vn -0.9944568911051154 -0.07489675597478695 0.07379679991708529
vn -0.9499074379027219 0.18940149108499968 0.2486019601529026
vn -0.9499074379027219 0.18940149108499968 0.2486019601529026
vn -0.9499074379027219 0.18940149108499968 0.2486019601529026
vn -0.9889980174121318 0.12099975404111518 0.08509983006365202
vn -0.9889980174121318 0.12099975404111518 0.08509983006365202
vn -0.9889980174121318 0.12099975404111518 0.08509983006365202
vn -0.20181129945231524 -0.9461529547452456 -0.25311417510722195
vn -0.20181129945231524 -0.9461529547452456 -0.25311417510722195
vn -0.20181129945231524 -0.9461529547452456 -0.25311417510722195
vn -0.996689245890062 0.04379952800209874 -0.06849925892951447
vn -0.996689245890062 0.04379952800209874 -0.06849925892951447
vn -0.996689245890062 0.04379952800209874 -0.06849925892951447
vn -0.9960420238359273 -0.0559023590574368 -0.06910291603574858
vn -0.9960420238359273 -0.0559023590574368 -0.06910291603574858
vn -0.9960420238359273 -0.0559023590574368 -0.06910291603574858
vn 0.02209933730686565 0.9723708638531604 0.2323930343621674
vn 0.02209933730686565 0.9723708638531604 0.2323930343621674
vn 0.02209933730686565 0.9723708638531604 0.2323930343621674
vn 0.05650115797363731 0.9705198997668856 0.23430480853817812
vn 0.05650115797363731 0.9705198997668856 0.23430480853817812
vn 0.05650115797363731 0.9705198997668856 0.23430480853817812
vn 0.9583223709017685 0.24490572152343607 0.14710343637827952
vn 0.9583223709017685 0.24490572152343607 0.14710343637827952
vn 0.9583223709017685 0.24490572152343607 0.14710343637827952
vn 0.10949916093911972 0.9477927319045287 0.2994976979921202
vn 0.10949916093911972 0.9477927319045287 0.2994976979921202
vn 0.10949916093911972 0.9477927319045287 0.2994976979921202
vn 0.998453827463356 -0.013199389674079545 0.05399750490537908
vn 0.998453827463356 -0.013199389674079545 0.05399750490537908
vn 0.998453827463356 -0.013199389674079545 0.05399750490537908
vn 0.9980973599932785 -0.035799904717009785 0.05019986849286474
vn 0.9980973599932785 -0.035799904717009785 0.05019986849286474
vn 0.9980973599932785 -0.035799904717009785 0.05019986849286474
vn 0.7460124441262974 0.6104102098738978 0.26620444941888555
vn 0.7460124441262974 0.6104102098738978 0.26620444941888555
vn 0.7460124441262974 0.6104102098738978 0.26620444941888555
vn 0.8379136252714393 0.5216085004872347 0.16070260982302845
vn 0.8379136252714393 0.5216085004872347 0.16070260982302845
vn 0.8379136252714393 0.5216085004872347 0.16070260982302845
vn 0.8100985529104232 -0.5551989759700248 -0.18839965937940029
vn 0.8100985529104232 -0.5551989759700248 -0.18839965937940029
vn 0.8100985529104232 -0.5551989759700248 -0.18839965937940029
vn 0.989774463289063 -0.14099636821000927 -0.021599443799201177
vn 0.989774463289063 -0.14099636821000927 -0.021599443799201177
vn 0.989774463289063 -0.14099636821000927 -0.021599443799201177
vn 0.13150344254180302 -0.9645252177135493 -0.22890598287132025
vn 0.13150344254180302 -0.9645252177135493 -0.22890598287132025
vn 0.13150344254180302 -0.9645252177135493 -0.22890598287132025
vn 0.742109163812031 -0.5937073226943357 -0.3111038475579046
vn 0.742109163812031 -0.5937073226943357 -0.3111038475579046
vn 0.742109163812031 -0.5937073226943357 -0.3111038475579046
vn 0.9515432252916165 -0.30711394957510724 0.015700712659180546
vn 0.9515432252916165 -0.30711394957510724 0.015700712659180546
vn 0.9515432252916165 -0.30711394957510724 0.015700712659180546
vn 0.054699611917256884 0.9140935336027481 0.40179716808576815
vn 0.054699611917256884 0.9140935336027481 0.40179716808576815
vn 0.054699611917256884 0.9140935336027481 0.40179716808576815
vn 0.09730414773576257 0.9154390455977824 0.3905166534585154
vn 0.09730414773576257 0.9154390455977824 0.3905166534585154
vn 0.09730414773576257 0.9154390455977824 0.3905166534585154
vn 0.012600665744615111 -0.9591506826095929 -0.28261491693175783
vn 0.012600665744615111 -0.9591506826095929 -0.28261491693175783
vn 0.012600665744615111 -0.9591506826095929 -0.28261491693175783
vn 0.10299998646424122 0.9493998818604243 0.296699961428677
vn 0.10299998646424122 0.9493998818604243 0.296699961428677
vn 0.10299998646424122 0.9493998818604243 0.296699961428677
vn 0.9936796597110917 0.0969980146631641 0.05649884094256711
vn 0.9936796597110917 0.0969980146631641 0.05649884094256711
vn 0.9936796597110917 0.0969980146631641 0.05649884094256711
vn 0.9896639228746353 0.03489872557835297 0.1390949269865524
vn 0.9896639228746353 0.03489872557835297 0.1390949269865524
vn 0.9896639228746353 0.03489872557835297 0.1390949269865524
vn 0.9993554247919904 -0.010599526699346154 0.03429846895373761
vn 0.9993554247919904 -0.010599526699346154 0.03429846895373761
vn 0.9993554247919904 -0.010599526699346154 0.03429846895373761
vn 0.9784225028998208 -0.20620474784912884 -0.013000299370681388
vn 0.9784225028998208 -0.20620474784912884 -0.013000299370681388
vn 0.9784225028998208 -0.20620474784912884 -0.013000299370681388
vn -0.0137007219124879 -0.9702511255056288 -0.2417127296485173
vn -0.0137007219124879 -0.9702511255056288 -0.2417127296485173
vn -0.0137007219124879 -0.9702511255056288 -0.2417127296485173
vn 0.8229811805569157 -0.5592872065919605 -0.09949772355037542
vn 0.8229811805569157 -0.5592872065919605 -0.09949772355037542
vn 0.8229811805569157 -0.5592872065919605 -0.09949772355037542
vn 0.1219040190267395 0.9562315319353686 0.2660087733095788
vn 0.1219040190267395 0.9562315319353686 0.2660087733095788
vn 0.1219040190267395 0.9562315319353686 0.2660087733095788
vn -0.03420050362063871 -0.882212954826834 -0.4696068865421385
vn -0.03420050362063871 -0.882212954826834 -0.4696068865421385
vn -0.03420050362063871 -0.882212954826834 -0.4696068865421385
vn 0.005999863240467507 -0.9650779842085176 -0.26189403589451954
vn 0.005999863240467507 -0.9650779842085176 -0.26189403589451954
vn 0.005999863240467507 -0.9650779842085176 -0.26189403589451954
vn -0.03679936107763309 0.9660831826081772 0.2555955619840322
vn -0.03679936107763309 0.9660831826081772 0.2555955619840322
vn -0.03679936107763309 0.9660831826081772 0.2555955619840322
vn -0.04049854180028236 -0.935766319756706 -0.35028740046002366
vn -0.04049854180028236 -0.935766319756706 -0.35028740046002366
vn -0.04049854180028236 -0.935766319756706 -0.35028740046002366
vn 0.17099225211137797 0.9530568201072447 0.2498886699411278
vn 0.17099225211137797 0.9530568201072447 0.2498886699411278
vn 0.17099225211137797 0.9530568201072447 0.2498886699411278
vn 0.027599264594806175 0.8903762779423665 0.45438790066563567
vn 0.027599264594806175 0.8903762779423665 0.45438790066563567
vn 0.027599264594806175 0.8903762779423665 0.45438790066563567
vn -0.03440137511938273 0.98933952566483 -0.1415056477572007
vn -0.03440137511938273 0.98933952566483 -0.1415056477572007
vn -0.03440137511938273 0.98933952566483 -0.1415056477572007
vn 0.008699874600398104 0.9805858515350525 0.195897166776891
vn 0.008699874600398104 0.9805858515350525 0.195897166776891
vn 0.008699874600398104 0.9805858515350525 0.195897166776891
vn 0.9993234793648098 -0.020400479988396038 0.0306007190512496
vn 0.9993234793648098 -0.020400479988396038 0.0306007190512496
vn 0.9993234793648098 -0.020400479988396038 0.0306007190512496
vn 0.9835538926554189 0.019199100492181494 -0.17959157770525738
vn 0.9835538926554189 0.019199100492181494 -0.17959157770525738
vn 0.9835538926554189 0.019199100492181494 -0.17959157770525738
vn -0.02939972474854542 -0.8452920948145188 -0.5334950146241222
vn -0.02939972474854542 -0.8452920948145188 -0.5334950146241222
vn -0.02939972474854542 -0.8452920948145188 -0.5334950146241222
vn -0.007500008621446786 -0.10350012242186322 -0.9946011635471466
vn -0.007500008621446786 -0.10350012242186322 -0.9946011635471466
vn -0.007500008621446786 -0.10350012242186322 -0.9946011635471466
vn 0.005599904305379927 0.23539599197658947 -0.9718834127780595
vn 0.005599904305379927 0.23539599197658947 -0.9718834127780595
vn 0.005599904305379927 0.23539599197658947 -0.9718834127780595
vn -0.005199887491780995 0.9984783830499557 -0.05489881375784674
vn -0.005199887491780995 0.9984783830499557 -0.05489881375784674
vn -0.005199887491780995 0.9984783830499557 -0.05489881375784674
vn -0.01339974352442499 0.9362820876711386 -0.35099330361084374
vn -0.01339974352442499 0.9362820876711386 -0.35099330361084374
vn -0.01339974352442499 0.9362820876711386 -0.35099330361084374
vn -0.09209503605024522 -0.24298689871129478 -0.9656479023896707
vn -0.09209503605024522 -0.24298689871129478 -0.9656479023896707
vn -0.09209503605024522 -0.24298689871129478 -0.9656479023896707
vn -0.09610141425904101 0.35210518711921585 -0.9310136708884322
vn -0.09610141425904101 0.35210518711921585 -0.9310136708884322
vn -0.09610141425904101 0.35210518711921585 -0.9310136708884322
vn -0.07610280491706073 -0.9090334926661952 -0.4097151111380377
vn -0.07610280491706073 -0.9090334926661952 -0.4097151111380377
vn -0.07610280491706073 -0.9090334926661952 -0.4097151111380377
vn -0.1261002199592132 -0.7744013237670354 -0.6200010679620651
vn -0.1261002199592132 -0.7744013237670354 -0.6200010679620651
vn -0.1261002199592132 -0.7744013237670354 -0.6200010679620651
vn 0.054701461254230366 -0.3036081327821335 -0.9512254474335714
vn 0.054701461254230366 -0.3036081327821335 -0.9512254474335714
vn 0.054701461254230366 -0.3036081327821335 -0.9512254474335714
vn 0.018199900680775996 0.02189987964006179 -0.9995944972272309
vn 0.018199900680775996 0.02189987964006179 -0.9995944972272309
vn 0.018199900680775996 0.02189987964006179 -0.9995944972272309
vn 0.016300175160660044 -0.9108097536797722 -0.41250442045088953
vn 0.016300175160660044 -0.9108097536797722 -0.41250442045088953
vn 0.016300175160660044 -0.9108097536797722 -0.41250442045088953
vn 0.06529850739560901 -0.6603848509566106 -0.7480828520684865
vn 0.06529850739560901 -0.6603848509566106 -0.7480828520684865
vn 0.06529850739560901 -0.6603848509566106 -0.7480828520684865
vn 0.03610050038336571 0.3928054463482492 -0.9189127462339518
vn 0.03610050038336571 0.3928054463482492 -0.9189127462339518
vn 0.03610050038336571 0.3928054463482492 -0.9189127462339518
vn -0.0732005918896284 0.9921079910821784 0.10180082208849055
vn -0.0732005918896284 0.9921079910821784 0.10180082208849055
vn -0.0732005918896284 0.9921079910821784 0.10180082208849055
vn -0.14149756433508803 0.9727832976470674 -0.18349685312324787
vn -0.14149756433508803 0.9727832976470674 -0.18349685312324787
vn -0.14149756433508803 0.9727832976470674 -0.18349685312324787
vn 0.9779687798561941 0.14319542603154048 0.15189514669742643
vn 0.9779687798561941 0.14319542603154048 0.15189514669742643
vn 0.9779687798561941 0.14319542603154048 0.15189514669742643
vn 0.9821634807321673 0.1747934896615756 0.0692974248295137
vn 0.9821634807321673 0.1747934896615756 0.0692974248295137
vn 0.9821634807321673 0.1747934896615756 0.0692974248295137
vn 0.9849791934747736 0.17059639091818518 0.026699434965452545
vn 0.9849791934747736 0.17059639091818518 0.026699434965452545
vn 0.9849791934747736 0.17059639091818518 0.026699434965452545
vn -0.024800815742765433 0.573218825131384 -0.8190269214461081
vn -0.024800815742765433 0.573218825131384 -0.8190269214461081
vn -0.024800815742765433 0.573218825131384 -0.8190269214461081
vn 0.0021000171130092396 0.6280051609780455 -0.7782063400622385
vn 0.0021000171130092396 0.6280051609780455 -0.7782063400622385
vn 0.0021000171130092396 0.6280051609780455 -0.7782063400622385
vn -0.1463924492865233 0.6075686169606296 -0.7806597379629875
vn -0.1463924492865233 0.6075686169606296 -0.7806597379629875
vn -0.1463924492865233 0.6075686169606296 -0.7806597379629875
vn -0.004699929761013985 -0.9155863318675749 -0.4020939934362622
vn -0.004699929761013985 -0.9155863318675749 -0.4020939934362622
vn -0.004699929761013985 -0.9155863318675749 -0.4020939934362622
vn -0.1465933830496974 0.8920597525651703 0.4274807339511479
vn -0.1465933830496974 0.8920597525651703 0.4274807339511479
vn -0.1465933830496974 0.8920597525651703 0.4274807339511479
vn 0.07659808394345069 0.9799755022005924 0.1837953988077208
vn 0.07659808394345069 0.9799755022005924 0.1837953988077208
vn 0.07659808394345069 0.9799755022005924 0.1837953988077208
vn -0.020999208967209186 0.9593638722241619 0.28138939904305804
vn -0.020999208967209186 0.9593638722241619 0.28138939904305804
vn -0.020999208967209186 0.9593638722241619 0.28138939904305804
vn -0.011299838684391479 -0.9698861349185368 -0.24329652471518867
vn -0.011299838684391479 -0.9698861349185368 -0.24329652471518867
vn -0.011299838684391479 -0.9698861349185368 -0.24329652471518867
vn -0.012599322826517356 -0.9700478473545904 -0.24258695535217611
vn -0.012599322826517356 -0.9700478473545904 -0.24258695535217611
vn -0.012599322826517356 -0.9700478473545904 -0.24258695535217611
vn -0.1968913650567419 0.95385817003776 0.22669005672571627
vn -0.1968913650567419 0.95385817003776 0.22669005672571627
vn -0.1968913650567419 0.95385817003776 0.22669005672571627
vn -0.6493635223465308 0.746058103888104 0.14739172795171868
vn -0.6493635223465308 0.746058103888104 0.14739172795171868
vn -0.6493635223465308 0.746058103888104 0.14739172795171868
vn -0.17009796151282613 0.9385887362812754 0.30019638174884755
vn -0.17009796151282613 0.9385887362812754 0.30019638174884755
vn -0.17009796151282613 0.9385887362812754 0.30019638174884755
vn -0.07450065752110209 0.9680085125587624 0.23960211109816182
vn -0.07450065752110209 0.9680085125587624 0.23960211109816182
vn -0.07450065752110209 0.9680085125587624 0.23960211109816182
vn -0.01670012204314365 -0.9699071249435702 -0.24290178037108312
vn -0.01670012204314365 -0.9699071249435702 -0.24290178037108312
vn -0.01670012204314365 -0.9699071249435702 -0.24290178037108312
vn -0.04639993552726006 0.9704986562043131 0.23659967093951823
vn -0.04639993552726006 0.9704986562043131 0.23659967093951823
vn -0.04639993552726006 0.9704986562043131 0.23659967093951823
vn -0.49329502397695263 0.8318916243770934 0.25419745201480465
vn -0.49329502397695263 0.8318916243770934 0.25419745201480465
vn -0.49329502397695263 0.8318916243770934 0.25419745201480465
vn -0.9846092103675745 0.17020159599463117 0.03970037254512861
vn -0.9846092103675745 0.17020159599463117 0.03970037254512861
vn -0.9846092103675745 0.17020159599463117 0.03970037254512861
vn -0.9997937563263989 -0.016599895636403003 -0.011699926307876807
vn -0.9997937563263989 -0.016599895636403003 -0.011699926307876807
vn -0.9997937563263989 -0.016599895636403003 -0.011699926307876807
vn -0.6042238135487219 -0.7234285017551242 -0.33401315241914575
vn -0.6042238135487219 -0.7234285017551242 -0.33401315241914575
vn -0.6042238135487219 -0.7234285017551242 -0.33401315241914575
vn -0.4737239416198623 -0.8519430614996512 -0.2231112885954958
vn -0.4737239416198623 -0.8519430614996512 -0.2231112885954958
vn -0.4737239416198623 -0.8519430614996512 -0.2231112885954958
vn -0.9996247410183863 0.010500259814209009 -0.025300626232531702
vn -0.9996247410183863 0.010500259814209009 -0.025300626232531702
vn -0.9996247410183863 0.010500259814209009 -0.025300626232531702
vn -0.45251112409752065 0.8683213941213505 0.20310499520975
vn -0.45251112409752065 0.8683213941213505 0.20310499520975
vn -0.45251112409752065 0.8683213941213505 0.20310499520975
vn -0.87771527259575 0.4695081902811816 0.09580166757973389
vn -0.87771527259575 0.4695081902811816 0.09580166757973389
vn -0.87771527259575 0.4695081902811816 0.09580166757973389
vn -0.7858798367215063 -0.6032844994449882 -0.13579652044138965
vn -0.7858798367215063 -0.6032844994449882 -0.13579652044138965
vn -0.7858798367215063 -0.6032844994449882 -0.13579652044138965
vn -0.8321292629530127 -0.4730166389485582 -0.28951018810239637
vn -0.8321292629530127 -0.4730166389485582 -0.28951018810239637
vn -0.8321292629530127 -0.4730166389485582 -0.28951018810239637
vn -0.9703835319503944 -0.23129607690256948 -0.06969882157510662
vn -0.9703835319503944 -0.23129607690256948 -0.06969882157510662
vn -0.9703835319503944 -0.23129607690256948 -0.06969882157510662
vn -0.0125999224451396 -0.9703940015591603 -0.2411985151122961
vn -0.0125999224451396 -0.9703940015591603 -0.2411985151122961
vn -0.0125999224451396 -0.9703940015591603 -0.2411985151122961
vn -0.321803019359363 -0.9165085900759417 -0.23760223283506227
vn -0.321803019359363 -0.9165085900759417 -0.23760223283506227
vn -0.321803019359363 -0.9165085900759417 -0.23760223283506227
vn -0.9944230662735731 0.09370217033439002 0.04840112124414231
vn -0.9944230662735731 0.09370217033439002 0.04840112124414231
vn -0.9944230662735731 0.09370217033439002 0.04840112124414231
vn -0.990209397222835 -0.12570119201259508 -0.0607005764239728
vn -0.990209397222835 -0.12570119201259508 -0.0607005764239728
vn -0.990209397222835 -0.12570119201259508 -0.0607005764239728
vn -0.9990411164019986 0.035001440212521544 -0.02630108213168462
vn -0.9990411164019986 0.035001440212521544 -0.02630108213168462
vn -0.9990411164019986 0.035001440212521544 -0.02630108213168462
vn -0.8800774249618136 -0.45478833775189087 -0.13649649782121015
vn -0.8800774249618136 -0.45478833775189087 -0.13649649782121015
vn -0.8800774249618136 -0.45478833775189087 -0.13649649782121015
vn -0.9995735316316866 0.0067998200792829385 -0.02839924837467917
vn -0.9995735316316866 0.0067998200792829385 -0.02839924837467917
vn -0.9995735316316866 0.0067998200792829385 -0.02839924837467917
vn -0.9877376630856745 0.15570593759508788 0.011400435065610543
vn -0.9877376630856745 0.15570593759508788 0.011400435065610543
vn -0.9877376630856745 0.15570593759508788 0.011400435065610543
vn -0.14519759072188665 -0.9264846541793547 -0.34719424709911456
vn -0.14519759072188665 -0.9264846541793547 -0.34719424709911456
vn -0.14519759072188665 -0.9264846541793547 -0.34719424709911456
vn 0.05160013944044273 0.995702658615898 -0.07690020308789554
vn 0.05160013944044273 0.995702658615898 -0.07690020308789554
vn 0.05160013944044273 0.995702658615898 -0.07690020308789554
vn 0.16819840591845578 0.9028914174775892 -0.39559623922858567
vn 0.16819840591845578 0.9028914174775892 -0.39559623922858567
vn 0.16819840591845578 0.9028914174775892 -0.39559623922858567
vn 0.02029983707406326 0.9979919713521422 -0.059999514426630374
vn 0.02029983707406326 0.9979919713521422 -0.059999514426630374
vn 0.02029983707406326 0.9979919713521422 -0.059999514426630374
vn 0.057597065142304796 0.9978491809050666 -0.03129840657415437
vn 0.057597065142304796 0.9978491809050666 -0.03129840657415437
vn 0.057597065142304796 0.9978491809050666 -0.03129840657415437
vn 0.16200158587961797 0.3571035046549233 -0.9199090026386633
vn 0.16200158587961797 0.3571035046549233 -0.9199090026386633
vn 0.16200158587961797 0.3571035046549233 -0.9199090026386633
vn 0.13600086113999982 -0.18540115811481458 -0.9732061325016731
vn 0.13600086113999982 -0.18540115811481458 -0.9732061325016731
vn 0.13600086113999982 -0.18540115811481458 -0.9732061325016731
vn 0.12490187036580938 0.12220182889559536 -0.9846147651714828
vn 0.12490187036580938 0.12220182889559536 -0.9846147651714828
vn 0.12490187036580938 0.12220182889559536 -0.9846147651714828
vn -0.00689983785303657 -0.9575775054055861 -0.2880932373014275
vn -0.00689983785303657 -0.9575775054055861 -0.2880932373014275
vn -0.00689983785303657 -0.9575775054055861 -0.2880932373014275
vn 0.024999413950828633 0.1631961777279976 -0.9862768560992835
vn 0.024999413950828633 0.1631961777279976 -0.9862768560992835
vn 0.024999413950828633 0.1631961777279976 -0.9862768560992835
vn -0.0015000048842268555 -0.8111026401174206 -0.5849019209917995
vn -0.0015000048842268555 -0.8111026401174206 -0.5849019209917995
vn -0.0015000048842268555 -0.8111026401174206 -0.5849019209917995
vn 0.09340475799053327 0.9116464176145092 -0.4002203898296061
vn 0.09340475799053327 0.9116464176145092 -0.4002203898296061
vn 0.09340475799053327 0.9116464176145092 -0.4002203898296061
vn 0.010699630951711633 0.9706665048110414 -0.24019170330261916
vn 0.010699630951711633 0.9706665048110414 -0.24019170330261916
vn 0.010699630951711633 0.9706665048110414 -0.24019170330261916
vn 0.004899840971944868 -0.12639589012288527 -0.99196777695573
vn 0.004899840971944868 -0.12639589012288527 -0.99196777695573
vn 0.004899840971944868 -0.12639589012288527 -0.99196777695573
vn 0.12930299499349968 0.32960764528768444 -0.935221650547943
vn 0.12930299499349968 0.32960764528768444 -0.935221650547943
vn 0.12930299499349968 0.32960764528768444 -0.935221650547943
vn 0.10580255502644706 -0.12160293540683544 -0.9869237789466403
vn 0.10580255502644706 -0.12160293540683544 -0.9869237789466403
vn 0.10580255502644706 -0.12160293540683544 -0.9869237789466403
vn 0.033900844175546355 0.2186054474748693 -0.9752242773323978
vn 0.033900844175546355 0.2186054474748693 -0.9752242773323978
vn 0.033900844175546355 0.2186054474748693 -0.9752242773323978
vn -0.7229781170301378 0.1574952339522556 -0.6726796366606326
vn -0.7229781170301378 0.1574952339522556 -0.6726796366606326
vn -0.7229781170301378 0.1574952339522556 -0.6726796366606326
vn -0.9794284970779823 0.06330184179711591 -0.1916055738663619
vn -0.9794284970779823 0.06330184179711591 -0.1916055738663619
vn -0.9794284970779823 0.06330184179711591 -0.1916055738663619
vn 0.05949968601704053 0.9396950269676735 -0.3367982239503305
vn 0.05949968601704053 0.9396950269676735 -0.3367982239503305
vn 0.05949968601704053 0.9396950269676735 -0.3367982239503305
vn -0.010399850530323275 -0.9668860920350996 -0.2549963296560168
vn -0.010399850530323275 -0.9668860920350996 -0.2549963296560168
vn -0.010399850530323275 -0.9668860920350996 -0.2549963296560168
vn 0.1539022057550684 0.9093130766540061 0.38660553499626754
vn 0.1539022057550684 0.9093130766540061 0.38660553499626754
vn 0.1539022057550684 0.9093130766540061 0.38660553499626754
vn 0.02039914675197164 0.36658466022159747 -0.9301610407354242
vn 0.02039914675197164 0.36658466022159747 -0.9301610407354242
vn 0.02039914675197164 0.36658466022159747 -0.9301610407354242
vn -0.39888595551356676 0.866369494321308 0.30048942377972293
vn -0.39888595551356676 0.866369494321308 0.30048942377972293
vn -0.39888595551356676 0.866369494321308 0.30048942377972293
vn -0.9695179811142818 0.23210429847151245 0.07850145812106929
vn -0.9695179811142818 0.23210429847151245 0.07850145812106929
vn -0.9695179811142818 0.23210429847151245 0.07850145812106929
vn -0.9620926466763964 0.27119792028783923 0.02879977851923981
vn -0.9620926466763964 0.27119792028783923 0.02879977851923981
vn -0.9620926466763964 0.27119792028783923 0.02879977851923981
vn 0.22930823393058208 0.5474196370438329 -0.8048288481599277
vn 0.22930823393058208 0.5474196370438329 -0.8048288481599277
vn 0.22930823393058208 0.5474196370438329 -0.8048288481599277
vn 0.007699840827713184 0.6366868162997115 -0.7710840488567804
vn 0.007699840827713184 0.6366868162997115 -0.7710840488567804
vn 0.007699840827713184 0.6366868162997115 -0.7710840488567804
vn 0.1985971680458746 0.635890971553816 -0.7457894053554948
vn 0.1985971680458746 0.635890971553816 -0.7457894053554948
vn 0.1985971680458746 0.635890971553816 -0.7457894053554948
vn 0.01670046918434008 0.6542184139290994 -0.7561212609132986
vn 0.01670046918434008 0.6542184139290994 -0.7561212609132986
vn 0.01670046918434008 0.6542184139290994 -0.7561212609132986
vn 0.25049675833833224 0.8509890202445329 0.46159404403137316
vn 0.25049675833833224 0.8509890202445329 0.46159404403137316
vn 0.25049675833833224 0.8509890202445329 0.46159404403137316
vn -0.026499340524900675 -0.8371791614311711 -0.5462864053014193
vn -0.026499340524900675 -0.8371791614311711 -0.5462864053014193
vn -0.026499340524900675 -0.8371791614311711 -0.5462864053014193
vn -0.6542894912212822 0.6719892241294787 0.3468944282216956
vn -0.6542894912212822 0.6719892241294787 0.3468944282216956
vn -0.6542894912212822 0.6719892241294787 0.3468944282216956
vn -0.9168002389730256 -0.3651000826842901 -0.16180003536132995
vn -0.9168002389730256 -0.3651000826842901 -0.16180003536132995
vn -0.9168002389730256 -0.3651000826842901 -0.16180003536132995
vn 0.15090514004590072 0.9346317915313862 0.32201095162518745
vn 0.15090514004590072 0.9346317915313862 0.32201095162518745
vn 0.15090514004590072 0.9346317915313862 0.32201095162518745
vn -0.01099967746370311 -0.8857740358366294 -0.46398638399567715
vn -0.01099967746370311 -0.8857740358366294 -0.46398638399567715
vn -0.01099967746370311 -0.8857740358366294 -0.46398638399567715
vn 0.002999941104815667 0.8491833316545748 0.5280896416266883
vn 0.002999941104815667 0.8491833316545748 0.5280896416266883
vn 0.002999941104815667 0.8491833316545748 0.5280896416266883
vn -0.0206006899267216 0.1535051436082085 0.9879330860237278
vn -0.0206006899267216 0.1535051436082085 0.9879330860237278
vn -0.0206006899267216 0.1535051436082085 0.9879330860237278
vn 0.021400900412157284 -0.5240220144684902 -0.8514358048695947
vn 0.021400900412157284 -0.5240220144684902 -0.8514358048695947
vn 0.021400900412157284 -0.5240220144684902 -0.8514358048695947
vn 0.013899876480922 -0.822292729186075 -0.5688949472104067
vn 0.013899876480922 -0.822292729186075 -0.5688949472104067
vn 0.013899876480922 -0.822292729186075 -0.5688949472104067
vn 0.8456798048228533 0.0018999546029288747 0.5336872285218068
vn 0.8456798048228533 0.0018999546029288747 0.5336872285218068
vn 0.8456798048228533 0.0018999546029288747 0.5336872285218068
vn 0.98144082422787 -0.030601272665702735 0.18930787265763263
vn 0.98144082422787 -0.030601272665702735 0.18930787265763263
vn 0.98144082422787 -0.030601272665702735 0.18930787265763263
vn 0.2604958530442772 0.049899202034602255 0.9641846193458203
vn 0.2604958530442772 0.049899202034602255 0.9641846193458203
vn 0.2604958530442772 0.049899202034602255 0.9641846193458203
vn -0.23480552488357834 -0.2685063226418439 -0.9342219865671656
vn -0.23480552488357834 -0.2685063226418439 -0.9342219865671656
vn -0.23480552488357834 -0.2685063226418439 -0.9342219865671656
vn -0.8332240807385277 -0.21070610043650642 -0.5112147988040607
vn -0.8332240807385277 -0.21070610043650642 -0.5112147988040607
vn -0.8332240807385277 -0.21070610043650642 -0.5112147988040607
vn 0.4888884438711382 0.4071903787993617 0.7714817462924766
vn 0.4888884438711382 0.4071903787993617 0.7714817462924766
vn 0.4888884438711382 0.4071903787993617 0.7714817462924766
vn 0.7454742178964303 0.033798828259736444 0.6656769709551131
vn 0.7454742178964303 0.033798828259736444 0.6656769709551131
vn 0.7454742178964303 0.033798828259736444 0.6656769709551131
vn 0.9845061525538416 -0.15850099282612895 -0.07500047237693482
vn 0.9845061525538416 -0.15850099282612895 -0.07500047237693482
vn 0.9845061525538416 -0.15850099282612895 -0.07500047237693482
vn 0.6333183751522217 0.2316067189743325 0.738421399622529
vn 0.6333183751522217 0.2316067189743325 0.738421399622529
vn 0.6333183751522217 0.2316067189743325 0.738421399622529
vn 0.9176984794748572 0.01189998065244814 0.39709934680128406
vn 0.9176984794748572 0.01189998065244814 0.39709934680128406
vn 0.9176984794748572 0.01189998065244814 0.39709934680128406
vn 0.9922996918002963 -0.027799991436329677 -0.12069996739509423
vn 0.9922996918002963 -0.027799991436329677 -0.12069996739509423
vn 0.9922996918002963 -0.027799991436329677 -0.12069996739509423
vn 0.9827045731091567 -0.07480034842564579 0.16940079653222492
vn 0.9827045731091567 -0.07480034842564579 0.16940079653222492
vn 0.9827045731091567 -0.07480034842564579 0.16940079653222492
vn 0.9593405334655132 -0.2530106860844964 -0.12510528996472184
vn 0.9593405334655132 -0.2530106860844964 -0.12510528996472184
vn 0.9593405334655132 -0.2530106860844964 -0.12510528996472184
vn 0.11989710744612048 -0.014799642578989065 -0.992676006663598
vn 0.11989710744612048 -0.014799642578989065 -0.992676006663598
vn 0.11989710744612048 -0.014799642578989065 -0.992676006663598
vn 0.8427297444779535 -0.1644057982741864 -0.5126180949458872
vn 0.8427297444779535 -0.1644057982741864 -0.5126180949458872
vn 0.8427297444779535 -0.1644057982741864 -0.5126180949458872
vn 0.8430965299913679 0.013299944839788025 0.5375977609549477
vn 0.8430965299913679 0.013299944839788025 0.5375977609549477
vn 0.8430965299913679 0.013299944839788025 0.5375977609549477
vn 0.8876764870125091 -0.15969577236069413 0.4318885442973127
vn 0.8876764870125091 -0.15969577236069413 0.4318885442973127
vn 0.8876764870125091 -0.15969577236069413 0.4318885442973127
vn 0.6768641398924842 0.09019521710055145 0.7305612629614245
vn 0.6768641398924842 0.09019521710055145 0.7305612629614245
vn 0.6768641398924842 0.09019521710055145 0.7305612629614245
vn 0.8988761305061485 -0.029799209270254097 0.4371884137682071
vn 0.8988761305061485 -0.029799209270254097 0.4371884137682071
vn 0.8988761305061485 -0.029799209270254097 0.4371884137682071
vn 0.5097950116446655 -0.013399868027037725 -0.8601915424131263
vn 0.5097950116446655 -0.013399868027037725 -0.8601915424131263
vn 0.5097950116446655 -0.013399868027037725 -0.8601915424131263
vn 0.9287997123772599 0.24939993104638836 0.2740999246296433
vn 0.9287997123772599 0.24939993104638836 0.2740999246296433
vn 0.9287997123772599 0.24939993104638836 0.2740999246296433
vn 0.9962793720994294 0.011599759888942835 -0.08539823358645102
vn 0.9962793720994294 0.011599759888942835 -0.08539823358645102
vn 0.9962793720994294 0.011599759888942835 -0.08539823358645102
vn 0.8668145655613455 0.2889048391617017 0.4064068193813276
vn 0.8668145655613455 0.2889048391617017 0.4064068193813276
vn 0.8668145655613455 0.2889048391617017 0.4064068193813276
vn 0.7521011813585384 0.4319006782747041 0.49780078053870225
vn 0.7521011813585384 0.4319006782747041 0.49780078053870225
vn 0.7521011813585384 0.4319006782747041 0.49780078053870225
vn 0.9957799604483444 -0.09099816518841809 0.011899760578899864
vn 0.9957799604483444 -0.09099816518841809 0.011899760578899864
vn 0.9957799604483444 -0.09099816518841809 0.011899760578899864
vn 0.980383468220732 0.1333977402366658 0.14509754697871372
vn 0.980383468220732 0.1333977402366658 0.14509754697871372
vn 0.980383468220732 0.1333977402366658 0.14509754697871372
vn -0.08929992546750547 -0.7574993675922641 -0.6466994908060605
vn -0.08929992546750547 -0.7574993675922641 -0.6466994908060605
vn -0.08929992546750547 -0.7574993675922641 -0.6466994908060605
vn 0.39219187049124565 0.6792859415885748 0.6202871482472462
vn 0.39219187049124565 0.6792859415885748 0.6202871482472462
vn 0.39219187049124565 0.6792859415885748 0.6202871482472462
vn -0.2163112636507072 -0.6103317972778434 -0.7620397197321355
vn -0.2163112636507072 -0.6103317972778434 -0.7620397197321355
vn -0.2163112636507072 -0.6103317972778434 -0.7620397197321355
vn 0.8349570903033517 0.4083790224264702 0.3688810531786108
vn 0.8349570903033517 0.4083790224264702 0.3688810531786108
vn 0.8349570903033517 0.4083790224264702 0.3688810531786108
vn 0.852243235277632 0.363718466375296 0.3760190755016525
vn 0.852243235277632 0.363718466375296 0.3760190755016525
vn 0.852243235277632 0.363718466375296 0.3760190755016525
vn 0.8892815919526812 -0.3316931353665971 -0.31489349654253135
vn 0.8892815919526812 -0.3316931353665971 -0.31489349654253135
vn 0.8892815919526812 -0.3316931353665971 -0.31489349654253135
vn 0.8096508063808027 -0.29951878527580506 -0.5047316801963418
vn 0.8096508063808027 -0.29951878527580506 -0.5047316801963418
vn 0.8096508063808027 -0.29951878527580506 -0.5047316801963418
vn 0.991919913338734 -0.1268025428727124 0.004000080385738945
vn 0.991919913338734 -0.1268025428727124 0.004000080385738945
vn 0.991919913338734 -0.1268025428727124 0.004000080385738945
vn 0.9999774007663856 0.003399923207680705 0.005799868850685955
vn 0.9999774007663856 0.003399923207680705 0.005799868850685955
vn 0.9999774007663856 0.003399923207680705 0.005799868850685955
vn 0.28260733522171855 -0.6986181627823329 -0.6573170899265567
vn 0.28260733522171855 -0.6986181627823329 -0.6573170899265567
vn 0.28260733522171855 -0.6986181627823329 -0.6573170899265567
vn 0.17420717753151027 -0.3392139691877553 -0.9244380684526106
vn 0.17420717753151027 -0.3392139691877553 -0.9244380684526106
vn 0.17420717753151027 -0.3392139691877553 -0.9244380684526106
vn 0.2795933651825332 -0.3589914855868321 -0.8904788955511892
vn 0.2795933651825332 -0.3589914855868321 -0.8904788955511892
vn 0.2795933651825332 -0.3589914855868321 -0.8904788955511892
vn -0.23040205109305611 -0.5734051350359707 -0.7862069994387566
vn -0.23040205109305611 -0.5734051350359707 -0.7862069994387566
vn -0.23040205109305611 -0.5734051350359707 -0.7862069994387566
vn 0.9077429855760327 -0.4195198583993735 -0.002400113764013545
vn 0.9077429855760327 -0.4195198583993735 -0.002400113764013545
vn 0.9077429855760327 -0.4195198583993735 -0.002400113764013545
vn 0.7120951144873855 -0.5368962785084069 -0.4523968766990116
vn 0.7120951144873855 -0.5368962785084069 -0.4523968766990116
vn 0.7120951144873855 -0.5368962785084069 -0.4523968766990116
vn 0.11219909112689541 0.6801944744796987 0.7243941198253788
vn 0.11219909112689541 0.6801944744796987 0.7243941198253788
vn 0.11219909112689541 0.6801944744796987 0.7243941198253788
vn 0.10179830850646349 0.8185863798658762 0.5652905828715902
vn 0.10179830850646349 0.8185863798658762 0.5652905828715902
vn 0.10179830850646349 0.8185863798658762 0.5652905828715902
vn 0.02779926593990616 0.8761769049754363 0.48118731487942135
vn 0.02779926593990616 0.8761769049754363 0.48118731487942135
vn 0.02779926593990616 0.8761769049754363 0.48118731487942135
vn -0.0356996844823305 -0.7608932782108638 -0.6478942442261599
vn -0.0356996844823305 -0.7608932782108638 -0.6478942442261599
vn -0.0356996844823305 -0.7608932782108638 -0.6478942442261599
vn -0.1884976110298018 -0.6115922240471189 -0.7683902668053235
vn -0.1884976110298018 -0.6115922240471189 -0.7683902668053235
vn -0.1884976110298018 -0.6115922240471189 -0.7683902668053235
vn -0.04240216829250153 -0.7626390256616719 -0.6454330117540552
vn -0.04240216829250153 -0.7626390256616719 -0.6454330117540552
vn -0.04240216829250153 -0.7626390256616719 -0.6454330117540552
vn 0.9505972747087409 0.18029947510664449 0.2526992690780545
vn 0.9505972747087409 0.18029947510664449 0.2526992690780545
vn 0.9505972747087409 0.18029947510664449 0.2526992690780545
vn 0.9281678252961166 0.24889136678515866 0.27669039669799367
vn 0.9281678252961166 0.24889136678515866 0.27669039669799367
vn 0.9281678252961166 0.24889136678515866 0.27669039669799367
vn 0.9273824370474854 -0.15739701749696128 -0.3393935684996526
vn 0.9273824370474854 -0.15739701749696128 -0.3393935684996526
vn 0.9273824370474854 -0.15739701749696128 -0.3393935684996526
vn 0.3660965426389643 0.5722945914930975 0.7337930375899908
vn 0.3660965426389643 0.5722945914930975 0.7337930375899908
vn 0.3660965426389643 0.5722945914930975 0.7337930375899908
vn 0.41981670649300645 0.3197127154203562 0.8494337599530097
vn 0.41981670649300645 0.3197127154203562 0.8494337599530097
vn 0.41981670649300645 0.3197127154203562 0.8494337599530097
vn -0.04140140885669703 0.23860811777099608 0.9702330078277398
vn -0.04140140885669703 0.23860811777099608 0.9702330078277398
vn -0.04140140885669703 0.23860811777099608 0.9702330078277398
vn -0.060398456383509 0.1700956515085382 0.9835748552115265
vn -0.060398456383509 0.1700956515085382 0.9835748552115265
vn -0.060398456383509 0.1700956515085382 0.9835748552115265
vn -0.06119742916054066 0.45738077746703804 0.8871627241198701
vn -0.06119742916054066 0.45738077746703804 0.8871627241198701
vn -0.06119742916054066 0.45738077746703804 0.8871627241198701
vn -0.04250052322563826 -0.7583093339899509 -0.6505080011108736
vn -0.04250052322563826 -0.7583093339899509 -0.6505080011108736
vn -0.04250052322563826 -0.7583093339899509 -0.6505080011108736
vn -0.008099804069119726 -0.42918960056000777 -0.9031780997927168
vn -0.008099804069119726 -0.42918960056000777 -0.9031780997927168
vn -0.008099804069119726 -0.42918960056000777 -0.9031780997927168
vn 0.0275008130211096 -0.028000828819329898 -0.9992295326243158
vn 0.0275008130211096 -0.028000828819329898 -0.9992295326243158
vn 0.0275008130211096 -0.028000828819329898 -0.9992295326243158
vn 0.054902097313752424 0.6258239008552197 0.7780296940534513
vn 0.054902097313752424 0.6258239008552197 0.7780296940534513
vn 0.054902097313752424 0.6258239008552197 0.7780296940534513
vn -0.0645979560988788 0.347988988680609 0.9352704249707111
vn -0.0645979560988788 0.347988988680609 0.9352704249707111
vn -0.0645979560988788 0.347988988680609 0.9352704249707111
vn 0.8046696978100439 -0.0716972977889308 0.5893777862424557
vn 0.8046696978100439 -0.0716972977889308 0.5893777862424557
vn 0.8046696978100439 -0.0716972977889308 0.5893777862424557
vn 0.7194030022548187 -0.42460178382109526 0.5497023244654303
vn 0.7194030022548187 -0.42460178382109526 0.5497023244654303
vn 0.7194030022548187 -0.42460178382109526 0.5497023244654303
vn 0.9066071701627495 -0.25060199253612203 0.33950269563939683
vn 0.9066071701627495 -0.25060199253612203 0.33950269563939683
vn 0.9066071701627495 -0.25060199253612203 0.33950269563939683
vn 0.9026580042618151 -0.11759452945773598 0.4139807410782423
vn 0.9026580042618151 -0.11759452945773598 0.4139807410782423
vn 0.9026580042618151 -0.11759452945773598 0.4139807410782423
vn 0.49339780155772406 -0.10619952732715693 0.863296165758596
vn 0.49339780155772406 -0.10619952732715693 0.863296165758596
vn 0.49339780155772406 -0.10619952732715693 0.863296165758596
vn 0.6554844036593015 -0.25769386682752327 0.7098831365505792
vn 0.6554844036593015 -0.25769386682752327 0.7098831365505792
vn 0.6554844036593015 -0.25769386682752327 0.7098831365505792
vn 0.23729469068336642 -0.2234950038883735 0.9453788727332663
vn 0.23729469068336642 -0.2234950038883735 0.9453788727332663
vn 0.23729469068336642 -0.2234950038883735 0.9453788727332663
vn 0.19559816086020929 -0.6504938731705823 0.733893098779133
vn 0.19559816086020929 -0.6504938731705823 0.733893098779133
vn 0.19559816086020929 -0.6504938731705823 0.733893098779133
vn 0.6327092670168492 -0.37250544298084165 0.6789099191944751
vn 0.6327092670168492 -0.37250544298084165 0.6789099191944751
vn 0.6327092670168492 -0.37250544298084165 0.6789099191944751
vn 0.018099358201027916 -0.4895826174522833 0.8717690484992467
vn 0.018099358201027916 -0.4895826174522833 0.8717690484992467
vn 0.018099358201027916 -0.4895826174522833 0.8717690484992467
vn 0.7546876266479693 0.04849920594524692 0.6542892427719837
vn 0.7546876266479693 0.04849920594524692 0.6542892427719837
vn 0.7546876266479693 0.04849920594524692 0.6542892427719837
vn -0.042701926117655345 0.05550250407770249 0.9975449952493106
vn -0.042701926117655345 0.05550250407770249 0.9975449952493106
vn -0.042701926117655345 0.05550250407770249 0.9975449952493106
vn -0.2842881958352634 -0.9566603064721565 0.06309738290397233
vn -0.2842881958352634 -0.9566603064721565 0.06309738290397233
vn -0.2842881958352634 -0.9566603064721565 0.06309738290397233
vn -0.17028909445310625 -0.83784629232095 0.5186667665798322
vn -0.17028909445310625 -0.83784629232095 0.5186667665798322
vn -0.17028909445310625 -0.83784629232095 0.5186667665798322
vn -0.13460229887544814 -0.6592112782560605 0.739812619355371
vn -0.13460229887544814 -0.6592112782560605 0.739812619355371
vn -0.13460229887544814 -0.6592112782560605 0.739812619355371
vn -0.0005999727318033739 -0.13419390136258472 0.9909549116230315
vn -0.0005999727318033739 -0.13419390136258472 0.9909549116230315
vn -0.0005999727318033739 -0.13419390136258472 0.9909549116230315
vn -0.03739882640559102 0.11749631324391804 0.9923688548909481
vn -0.03739882640559102 0.11749631324391804 0.9923688548909481
vn -0.03739882640559102 0.11749631324391804 0.9923688548909481
vn -0.0065999797671382286 -0.42769870408902283 0.9038972611904761
vn -0.0065999797671382286 -0.42769870408902283 0.9038972611904761
vn -0.0065999797671382286 -0.42769870408902283 0.9038972611904761
vn -0.0015000660118926737 -0.9952437663900316 0.09740428770718537
vn -0.0015000660118926737 -0.9952437663900316 0.09740428770718537
vn -0.0015000660118926737 -0.9952437663900316 0.09740428770718537
vn -0.013399987133644167 -0.7521993082808685 0.6587993935687866
vn -0.013399987133644167 -0.7521993082808685 0.6587993935687866
vn -0.013399987133644167 -0.7521993082808685 0.6587993935687866
vn -0.0312984776081394 0.052097463554453466 0.9981514211734638
vn -0.0312984776081394 0.052097463554453466 0.9981514211734638
vn -0.0312984776081394 0.052097463554453466 0.9981514211734638
vn 0.9313743417365724 -0.04149885512927469 -0.3616900338379891
vn 0.9313743417365724 -0.04149885512927469 -0.3616900338379891
vn 0.9313743417365724 -0.04149885512927469 -0.3616900338379891
vn 0.9896739781888414 0.008299781479221575 0.14309622819372184
vn 0.9896739781888414 0.008299781479221575 0.14309622819372184
vn 0.9896739781888414 0.008299781479221575 0.14309622819372184
vn 0.9965591515499495 -0.06209745706575417 0.05489775303244777
vn 0.9965591515499495 -0.06209745706575417 0.05489775303244777
vn 0.9965591515499495 -0.06209745706575417 0.05489775303244777
vn 0.6498859128025165 -0.09329797471549184 -0.7542836258694916
vn 0.6498859128025165 -0.09329797471549184 -0.7542836258694916
vn 0.6498859128025165 -0.09329797471549184 -0.7542836258694916
vn 0.995062253111562 -0.02149918471427798 -0.09689632340374242
vn 0.995062253111562 -0.02149918471427798 -0.09689632340374242
vn 0.995062253111562 -0.02149918471427798 -0.09689632340374242
vn 0.9584392467876942 -0.07770317747390075 -0.27451125009277283
vn 0.9584392467876942 -0.07770317747390075 -0.27451125009277283
vn 0.9584392467876942 -0.07770317747390075 -0.27451125009277283
vn 0.9868485336805162 -0.0702034552577631 0.14560716480477973
vn 0.9868485336805162 -0.0702034552577631 0.14560716480477973
vn 0.9868485336805162 -0.0702034552577631 0.14560716480477973
vn 0.48181970494504966 -0.1500061438831011 -0.8633353512534904
vn 0.48181970494504966 -0.1500061438831011 -0.8633353512534904
vn 0.48181970494504966 -0.1500061438831011 -0.8633353512534904
vn 0.9984894660078126 -0.04589951464228409 0.030199682565149866
vn 0.9984894660078126 -0.04589951464228409 0.030199682565149866
vn 0.9984894660078126 -0.04589951464228409 0.030199682565149866
vn 0.6825634345130857 -0.08589539705221184 -0.7257610754449039
vn 0.6825634345130857 -0.08589539705221184 -0.7257610754449039
vn 0.6825634345130857 -0.08589539705221184 -0.7257610754449039
vn 0.2257965670192158 -0.5127921984550101 -0.8282874329156603
vn 0.2257965670192158 -0.5127921984550101 -0.8282874329156603
vn 0.2257965670192158 -0.5127921984550101 -0.8282874329156603
vn 0.37730639512844816 0.06340107591542612 0.9239156821744837
vn 0.37730639512844816 0.06340107591542612 0.9239156821744837
vn 0.37730639512844816 0.06340107591542612 0.9239156821744837
vn 0.00789970881905172 -0.18309326010142402 -0.9830638090714184
vn 0.00789970881905172 -0.18309326010142402 -0.9830638090714184
vn 0.00789970881905172 -0.18309326010142402 -0.9830638090714184
vn 0.3347058953383385 0.1436025362645858 0.9313164205597041
vn 0.3347058953383385 0.1436025362645858 0.9313164205597041
vn 0.3347058953383385 0.1436025362645858 0.9313164205597041
vn -0.13780742908427132 -0.1636088258987932 -0.9768527343347111
vn -0.13780742908427132 -0.1636088258987932 -0.9768527343347111
vn -0.13780742908427132 -0.1636088258987932 -0.9768527343347111
vn -0.15009545743424976 -0.2517923924524713 -0.9560710981724446
vn -0.15009545743424976 -0.2517923924524713 -0.9560710981724446
vn -0.15009545743424976 -0.2517923924524713 -0.9560710981724446
vn 0.7060074702643749 0.10140108000806011 0.7009074638667337
vn 0.7060074702643749 0.10140108000806011 0.7009074638667337
vn 0.7060074702643749 0.10140108000806011 0.7009074638667337
vn 0.9754477383670371 -0.09640472106283189 -0.1980096953975487
vn 0.9754477383670371 -0.09640472106283189 -0.1980096953975487
vn 0.9754477383670371 -0.09640472106283189 -0.1980096953975487
vn -0.05439932089523816 -0.4259946754091537 -0.9030887278718447
vn -0.05439932089523816 -0.4259946754091537 -0.9030887278718447
vn -0.05439932089523816 -0.4259946754091537 -0.9030887278718447
vn -0.02560006271236642 -0.21670053887578405 -0.9759024096906759
vn -0.02560006271236642 -0.21670053887578405 -0.9759024096906759
vn -0.02560006271236642 -0.21670053887578405 -0.9759024096906759
vn -0.11320077741452426 -0.436802997354072 -0.8924061438018263
vn -0.11320077741452426 -0.436802997354072 -0.8924061438018263
vn -0.11320077741452426 -0.436802997354072 -0.8924061438018263
vn 0.9638892140422591 -0.03009966141701516 0.26459703973320814
vn 0.9638892140422591 -0.03009966141701516 0.26459703973320814
vn 0.9638892140422591 -0.03009966141701516 0.26459703973320814
vn 0.9741495500767545 0.013699290397366419 0.22548832237582753
vn 0.9741495500767545 0.013699290397366419 0.22548832237582753
vn 0.9741495500767545 0.013699290397366419 0.22548832237582753
vn 0.534687444577338 -0.8415802761160891 -0.07649820562420584
vn 0.534687444577338 -0.8415802761160891 -0.07649820562420584
vn 0.534687444577338 -0.8415802761160891 -0.07649820562420584
vn 0.008400159432137712 -0.9667183999040693 -0.255704854487416
vn 0.008400159432137712 -0.9667183999040693 -0.255704854487416
vn 0.008400159432137712 -0.9667183999040693 -0.255704854487416
vn -0.07550422519674288 -0.9007504201070384 -0.4277239678278892
vn -0.07550422519674288 -0.9007504201070384 -0.4277239678278892
vn -0.07550422519674288 -0.9007504201070384 -0.4277239678278892
vn -0.15719552855643823 -0.9125740589666647 -0.3774892749509166
vn -0.15719552855643823 -0.9125740589666647 -0.3774892749509166
vn -0.15719552855643823 -0.9125740589666647 -0.3774892749509166
vn 0.0200002674843871 -0.8374112374579977 -0.5462072946049126
vn 0.0200002674843871 -0.8374112374579977 -0.5462072946049126
vn 0.0200002674843871 -0.8374112374579977 -0.5462072946049126
vn -0.08779942343497131 -0.48139683203876094 0.8720942330663193
vn -0.08779942343497131 -0.48139683203876094 0.8720942330663193
vn -0.08779942343497131 -0.48139683203876094 0.8720942330663193
vn -0.07020165425034672 -0.11550271877548376 0.9908233191119324
vn -0.07020165425034672 -0.11550271877548376 0.9908233191119324
vn -0.07020165425034672 -0.11550271877548376 0.9908233191119324
vn 0.048598619894449406 -0.9985716609951987 -0.02219936939745543
vn 0.048598619894449406 -0.9985716609951987 -0.02219936939745543
vn 0.048598619894449406 -0.9985716609951987 -0.02219936939745543
vn -0.13130345455328238 -0.9911260718397428 -0.020700544483061724
vn -0.13130345455328238 -0.9911260718397428 -0.020700544483061724
vn -0.13130345455328238 -0.9911260718397428 -0.020700544483061724
vn -0.06260112723919864 -0.6933124742902003 -0.717912885984074
vn -0.06260112723919864 -0.6933124742902003 -0.717912885984074
vn -0.06260112723919864 -0.6933124742902003 -0.717912885984074
vn -0.0578989400885326 -0.6148887327852938 -0.7864855745850144
vn -0.0578989400885326 -0.6148887327852938 -0.7864855745850144
vn -0.0578989400885326 -0.6148887327852938 -0.7864855745850144
vn -0.04579703361496425 0.4936680169616519 0.8684437349311813
vn -0.04579703361496425 0.4936680169616519 0.8684437349311813
vn -0.04579703361496425 0.4936680169616519 0.8684437349311813
vn -0.0577010321924161 0.4550081470391882 0.8886158770874478
vn -0.0577010321924161 0.4550081470391882 0.8886158770874478
vn -0.0577010321924161 0.4550081470391882 0.8886158770874478
vn 0.04349861654942199 0.7351766271382345 0.676478526834323
vn 0.04349861654942199 0.7351766271382345 0.676478526834323
vn 0.04349861654942199 0.7351766271382345 0.676478526834323
vn -0.018700278906603973 0.907513568701541 0.41960627043862003
vn -0.018700278906603973 0.907513568701541 0.41960627043862003
vn -0.018700278906603973 0.907513568701541 0.41960627043862003
vn -0.013399612518805936 0.8243761942578595 0.5658836812678678
vn -0.013399612518805936 0.8243761942578595 0.5658836812678678
vn -0.013399612518805936 0.8243761942578595 0.5658836812678678
vn -0.009000339811798168 -0.8092305765335264 -0.5874222228401718
vn -0.009000339811798168 -0.8092305765335264 -0.5874222228401718
vn -0.009000339811798168 -0.8092305765335264 -0.5874222228401718
vn 0.0568985077431636 0.9065762485191673 0.4181890307474768
vn 0.0568985077431636 0.9065762485191673 0.4181890307474768
vn 0.0568985077431636 0.9065762485191673 0.4181890307474768
vn 0.10090043389874571 0.8157034875614914 0.5696024252222464
vn 0.10090043389874571 0.8157034875614914 0.5696024252222464
vn 0.10090043389874571 0.8157034875614914 0.5696024252222464
vn -0.014000282534792229 -0.6937139937315044 -0.7201144957505243
vn -0.014000282534792229 -0.6937139937315044 -0.7201144957505243
vn -0.014000282534792229 -0.6937139937315044 -0.7201144957505243
vn 0.013600369945745962 0.4466121325736266 0.8946242971076608
vn 0.013600369945745962 0.4466121325736266 0.8946242971076608
vn 0.013600369945745962 0.4466121325736266 0.8946242971076608
vn -0.024599083208417583 0.1340950118170023 0.9906631177706695
vn -0.024599083208417583 0.1340950118170023 0.9906631177706695
vn -0.024599083208417583 0.1340950118170023 0.9906631177706695
vn -0.9124811998310268 0.2528947872994527 0.3215933558264141
vn -0.9124811998310268 0.2528947872994527 0.3215933558264141
vn -0.9124811998310268 0.2528947872994527 0.3215933558264141
vn -0.8896016162424254 0.31660057760364446 0.32920060546709695
vn -0.8896016162424254 0.31660057760364446 0.32920060546709695
vn -0.8896016162424254 0.31660057760364446 0.32920060546709695
vn -0.6774208804335998 0.07730238074016989 0.731522585218302
vn -0.6774208804335998 0.07730238074016989 0.731522585218302
vn -0.6774208804335998 0.07730238074016989 0.731522585218302
vn -0.9963317881802833 -0.02730087172220855 0.08110259098627126
vn -0.9963317881802833 -0.02730087172220855 0.08110259098627126
vn -0.9963317881802833 -0.02730087172220855 0.08110259098627126
vn -0.9003324462505439 0.2004072113667538 0.38631390844844377
vn -0.9003324462505439 0.2004072113667538 0.38631390844844377
vn -0.9003324462505439 0.2004072113667538 0.38631390844844377
vn -0.9800369092178038 0.1358051159254817 0.1452054649773224
vn -0.9800369092178038 0.1358051159254817 0.1452054649773224
vn -0.9800369092178038 0.1358051159254817 0.1452054649773224
vn -0.8566374571235407 -0.1847080767062332 -0.4817210743287014
vn -0.8566374571235407 -0.1847080767062332 -0.4817210743287014
vn -0.8566374571235407 -0.1847080767062332 -0.4817210743287014
vn -0.9760439002617334 0.014200638645644014 0.21710975709055383
vn -0.9760439002617334 0.014200638645644014 0.21710975709055383
vn -0.9760439002617334 0.014200638645644014 0.21710975709055383
vn -0.45039558073671776 0.2894971608683012 0.8445917443960885
vn -0.45039558073671776 0.2894971608683012 0.8445917443960885
vn -0.45039558073671776 0.2894971608683012 0.8445917443960885
vn 0.3990824242622294 -0.3302854527398043 -0.8553623433103918
vn 0.3990824242622294 -0.3302854527398043 -0.8553623433103918
vn 0.3990824242622294 -0.3302854527398043 -0.8553623433103918
vn -0.9741539759346953 -0.06579689442660948 -0.2160897958128489
vn -0.9741539759346953 -0.06579689442660948 -0.2160897958128489
vn -0.9741539759346953 -0.06579689442660948 -0.2160897958128489
vn -0.3741857119289965 -0.30498837238090515 -0.8757666045817437
vn -0.3741857119289965 -0.30498837238090515 -0.8757666045817437
vn -0.3741857119289965 -0.30498837238090515 -0.8757666045817437
vn -0.9982064433438856 -0.052700341958212625 -0.028400183524712998
vn -0.9982064433438856 -0.052700341958212625 -0.028400183524712998
vn -0.9982064433438856 -0.052700341958212625 -0.028400183524712998
vn -0.9901421713681157 -0.1216051781546557 -0.06950295766661942
vn -0.9901421713681157 -0.1216051781546557 -0.06950295766661942
vn -0.9901421713681157 -0.1216051781546557 -0.06950295766661942
vn -0.810041469673115 0.3825195746223465 0.4444227631890149
vn -0.810041469673115 0.3825195746223465 0.4444227631890149
vn -0.810041469673115 0.3825195746223465 0.4444227631890149
vn -0.9964796972200365 0.007499846911855258 0.08349829533926413
vn -0.9964796972200365 0.007499846911855258 0.08349829533926413
vn -0.9964796972200365 0.007499846911855258 0.08349829533926413
vn -0.8645885578201984 0.19969735441871447 0.4610939083576749
vn -0.8645885578201984 0.19969735441871447 0.4610939083576749
vn -0.8645885578201984 0.19969735441871447 0.4610939083576749
vn -0.9577737857469201 0.03149913932604258 0.28579219646052456
vn -0.9577737857469201 0.03149913932604258 0.28579219646052456
vn -0.9577737857469201 0.03149913932604258 0.28579219646052456
vn -0.7684003102781252 0.2888001127072453 0.571100217181506
vn -0.7684003102781252 0.2888001127072453 0.571100217181506
vn -0.7684003102781252 0.2888001127072453 0.571100217181506
vn -0.5071027719042379 -0.1524008391151894 -0.8483046404234889
vn -0.5071027719042379 -0.1524008391151894 -0.8483046404234889
vn -0.5071027719042379 -0.1524008391151894 -0.8483046404234889
vn -0.07130145206428895 0.6622134605749432 0.7459151664679315
vn -0.07130145206428895 0.6622134605749432 0.7459151664679315
vn -0.07130145206428895 0.6622134605749432 0.7459151664679315
vn -0.5618151324261871 0.5591150289101948 0.6097164434585128
vn -0.5618151324261871 0.5591150289101948 0.6097164434585128
vn -0.5618151324261871 0.5591150289101948 0.6097164434585128
vn -0.5688867237709674 0.60268594155023 0.559586947109069
vn -0.5688867237709674 0.60268594155023 0.559586947109069
vn -0.5688867237709674 0.60268594155023 0.559586947109069
vn 0.01529952356050287 0.8859723826896025 0.46348555715375866
vn 0.01529952356050287 0.8859723826896025 0.46348555715375866
vn 0.01529952356050287 0.8859723826896025 0.46348555715375866
vn -0.42549480311022286 0.7485908533497856 0.5084937628007175
vn -0.42549480311022286 0.7485908533497856 0.5084937628007175
vn -0.42549480311022286 0.7485908533497856 0.5084937628007175
vn -0.2220964670869171 0.8567863731781202 0.4653925977535448
vn -0.2220964670869171 0.8567863731781202 0.4653925977535448
vn -0.2220964670869171 0.8567863731781202 0.4653925977535448
vn 0.07170080469551834 -0.5567062447661096 -0.8276092989112869
vn 0.07170080469551834 -0.5567062447661096 -0.8276092989112869
vn 0.07170080469551834 -0.5567062447661096 -0.8276092989112869
vn -0.9039555563341506 0.34058327462460536 0.25858728742650344
vn -0.9039555563341506 0.34058327462460536 0.25858728742650344
vn -0.9039555563341506 0.34058327462460536 0.25858728742650344
vn -0.6358780791738536 -0.27119064361368256 -0.7225750502491537
vn -0.6358780791738536 -0.27119064361368256 -0.7225750502491537
vn -0.6358780791738536 -0.27119064361368256 -0.7225750502491537
vn -0.9860619237179412 0.1630937034341378 -0.032898730884500856
vn -0.9860619237179412 0.1630937034341378 -0.032898730884500856
vn -0.9860619237179412 0.1630937034341378 -0.032898730884500856
vn -0.9776318299049035 0.20640673178578245 0.04040131471006989
vn -0.9776318299049035 0.20640673178578245 0.04040131471006989
vn -0.9776318299049035 0.20640673178578245 0.04040131471006989
vn -0.9787292400399497 0.16000477956438358 -0.1284038364200062
vn -0.9787292400399497 0.16000477956438358 -0.1284038364200062
vn -0.9787292400399497 0.16000477956438358 -0.1284038364200062
vn -0.7399016250659206 0.5591012055498675 0.3741008248821363
vn -0.7399016250659206 0.5591012055498675 0.3741008248821363
vn -0.7399016250659206 0.5591012055498675 0.3741008248821363
vn -0.9909820540107486 0.10589807967234598 0.08209851003731765
vn -0.9909820540107486 0.10589807967234598 0.08209851003731765
vn -0.9909820540107486 0.10589807967234598 0.08209851003731765
vn -0.98351095035752 0.1492016679440187 0.10220113898372477
vn -0.98351095035752 0.1492016679440187 0.10220113898372477
vn -0.98351095035752 0.1492016679440187 0.10220113898372477
vn -0.8824154346403867 -0.09820172114625773 -0.4601080554308195
vn -0.8824154346403867 -0.09820172114625773 -0.4601080554308195
vn -0.8824154346403867 -0.09820172114625773 -0.4601080554308195
vn -0.8462248805677102 0.003300097052695111 -0.5328156912738281
vn -0.8462248805677102 0.003300097052695111 -0.5328156912738281
vn -0.8462248805677102 0.003300097052695111 -0.5328156912738281
vn 0.15610942730260788 -0.5062305704098133 -0.8481511989555911
vn 0.15610942730260788 -0.5062305704098133 -0.8481511989555911
vn 0.15610942730260788 -0.5062305704098133 -0.8481511989555911
vn -0.8862619271289176 -0.16399295450220686 -0.43318137932669076
vn -0.8862619271289176 -0.16399295450220686 -0.43318137932669076
vn -0.8862619271289176 -0.16399295450220686 -0.43318137932669076
vn -0.8347063137777664 -0.1611012209696761 -0.5266039938526981
vn -0.8347063137777664 -0.1611012209696761 -0.5266039938526981
vn -0.8347063137777664 -0.1611012209696761 -0.5266039938526981
vn -0.8895433232314467 0.3437781128069016 0.30088084892408706
vn -0.8895433232314467 0.3437781128069016 0.30088084892408706
vn -0.8895433232314467 0.3437781128069016 0.30088084892408706
vn -0.9616498863687734 0.2380123511749986 0.1363070678104209
vn -0.9616498863687734 0.2380123511749986 0.1363070678104209
vn -0.9616498863687734 0.2380123511749986 0.1363070678104209
vn 0.4032016351930453 -0.3410013731965933 -0.84920345315813
vn 0.4032016351930453 -0.3410013731965933 -0.84920345315813
vn 0.4032016351930453 -0.3410013731965933 -0.84920345315813
vn -0.8567776108342433 -0.15389597234365154 -0.4921871140832195
vn -0.8567776108342433 -0.15389597234365154 -0.4921871140832195
vn -0.8567776108342433 -0.15389597234365154 -0.4921871140832195
vn -0.7163143670032044 0.5127102969705692 0.4733094960014529
vn -0.7163143670032044 0.5127102969705692 0.4733094960014529
vn -0.7163143670032044 0.5127102969705692 0.4733094960014529
vn -0.5795073070842085 -0.3776047627391791 -0.7222090585091668
vn -0.5795073070842085 -0.3776047627391791 -0.7222090585091668
vn -0.5795073070842085 -0.3776047627391791 -0.7222090585091668
vn -0.5518051769106064 -0.693106462341 -0.46380435379133544
vn -0.5518051769106064 -0.693106462341 -0.46380435379133544
vn -0.5518051769106064 -0.693106462341 -0.46380435379133544
vn -0.032000241844192916 0.3003022573911054 0.9533071586470541
vn -0.032000241844192916 0.3003022573911054 0.9533071586470541
vn -0.032000241844192916 0.3003022573911054 0.9533071586470541
vn -0.9784717674359985 0.16609520145096304 0.1224964668292005
vn -0.9784717674359985 0.16609520145096304 0.1224964668292005
vn -0.9784717674359985 0.16609520145096304 0.1224964668292005
vn -0.9727968389343924 0.1620994727003537 0.16549945954449827
vn -0.9727968389343924 0.1620994727003537 0.16549945954449827
vn -0.9727968389343924 0.1620994727003537 0.16549945954449827
vn -0.007099805200453531 -0.8397769535074275 -0.5428851270056119
vn -0.007099805200453531 -0.8397769535074275 -0.5428851270056119
vn -0.007099805200453531 -0.8397769535074275 -0.5428851270056119
vn -0.05229737158616222 -0.420778862957033 0.9056545331492387
vn -0.05229737158616222 -0.420778862957033 0.9056545331492387
vn -0.05229737158616222 -0.420778862957033 0.9056545331492387
vn -0.033999803360759945 -0.9933941783618209 0.10959936025484987
vn -0.033999803360759945 -0.9933941783618209 0.10959936025484987
vn -0.033999803360759945 -0.9933941783618209 0.10959936025484987
vn -0.10139631877792339 -0.8992673058931232 0.42548454624111753
vn -0.10139631877792339 -0.8992673058931232 0.42548454624111753
vn -0.10139631877792339 -0.8992673058931232 0.42548454624111753
vn -0.008899643315136348 0.08709651061601914 0.9961601247728082
vn -0.008899643315136348 0.08709651061601914 0.9961601247728082
vn -0.008899643315136348 0.08709651061601914 0.9961601247728082
vn 0.007400020834081705 -0.438701225501599 0.8986025119234032
vn 0.007400020834081705 -0.438701225501599 0.8986025119234032
vn 0.007400020834081705 -0.438701225501599 0.8986025119234032
vn 0.0445988400099288 -0.9715747533894896 0.23249396131065647
vn 0.0445988400099288 -0.9715747533894896 0.23249396131065647
vn 0.0445988400099288 -0.9715747533894896 0.23249396131065647
vn -0.0022999601811985646 -0.7496870139892754 0.6617885547809126
vn -0.0022999601811985646 -0.7496870139892754 0.6617885547809126
vn -0.0022999601811985646 -0.7496870139892754 0.6617885547809126
vn 0.018699095654920193 -0.07959614981103062 0.9966517931338648
vn 0.018699095654920193 -0.07959614981103062 0.9966517931338648
vn 0.018699095654920193 -0.07959614981103062 0.9966517931338648
vn -0.10909656717399184 0.127895981109728 0.9857690181005034
vn -0.10909656717399184 0.127895981109728 0.9857690181005034
vn -0.10909656717399184 0.127895981109728 0.9857690181005034
vn -0.062399061178221804 -0.43309348078662796 0.8991865179506415
vn -0.062399061178221804 -0.43309348078662796 0.8991865179506415
vn -0.062399061178221804 -0.43309348078662796 0.8991865179506415
vn -0.02849932179331157 -0.7177829395059168 0.6956834340499757
vn -0.02849932179331157 -0.7177829395059168 0.6956834340499757
vn -0.02849932179331157 -0.7177829395059168 0.6956834340499757
vn -0.09290394995357962 -0.15810671533993276 0.9830417705506924
vn -0.09290394995357962 -0.15810671533993276 0.9830417705506924
vn -0.09290394995357962 -0.15810671533993276 0.9830417705506924
vn 0.7921150426595445 -0.10420197530981946 -0.6014114295006371
vn 0.7921150426595445 -0.10420197530981946 -0.6014114295006371
vn 0.7921150426595445 -0.10420197530981946 -0.6014114295006371
vn -0.5091139080851826 0.16960462167321635 0.8438230270034809
vn -0.5091139080851826 0.16960462167321635 0.8438230270034809
vn -0.5091139080851826 0.16960462167321635 0.8438230270034809
vn -0.4819034045443957 -0.5132036037439424 0.7102050195491096
vn -0.4819034045443957 -0.5132036037439424 0.7102050195491096
vn -0.4819034045443957 -0.5132036037439424 0.7102050195491096
vn -0.3694091588405907 -0.7299181101426782 0.575114271993339
vn -0.3694091588405907 -0.7299181101426782 0.575114271993339
vn -0.3694091588405907 -0.7299181101426782 0.575114271993339
vn -0.9448962140629824 0.14399942045428005 0.29399882917840664
vn -0.9448962140629824 0.14399942045428005 0.29399882917840664
vn -0.9448962140629824 0.14399942045428005 0.29399882917840664
vn -0.8232208569293166 -0.42781084517047313 0.3732094605862602
vn -0.8232208569293166 -0.42781084517047313 0.3732094605862602
vn -0.8232208569293166 -0.42781084517047313 0.3732094605862602
vn -0.9947317773518086 0.06890219669336514 0.07590242695290314
vn -0.9947317773518086 0.06890219669336514 0.07590242695290314
vn -0.9947317773518086 0.06890219669336514 0.07590242695290314
vn -0.6587876874631605 0.12129772886660709 0.7424861236540009
vn -0.6587876874631605 0.12129772886660709 0.7424861236540009
vn -0.6587876874631605 0.12129772886660709 0.7424861236540009
vn -0.9301337031288368 0.06830247450008592 0.3608130627915266
vn -0.9301337031288368 0.06830247450008592 0.3608130627915266
vn -0.9301337031288368 0.06830247450008592 0.3608130627915266
vn 0.030499644286188655 -0.2383972142756267 -0.9706886936212027
vn 0.030499644286188655 -0.2383972142756267 -0.9706886936212027
vn 0.030499644286188655 -0.2383972142756267 -0.9706886936212027
vn 0.018699102375362146 -0.2964857665934122 -0.954854195036013
vn 0.018699102375362146 -0.2964857665934122 -0.954854195036013
vn 0.018699102375362146 -0.2964857665934122 -0.954854195036013
vn 0.10210346122877177 -0.5971202626272878 -0.7956269698577488
vn 0.10210346122877177 -0.5971202626272878 -0.7956269698577488
vn 0.10210346122877177 -0.5971202626272878 -0.7956269698577488
vn 0.06490148864298245 -0.4449101878171988 -0.8932204215916639
vn 0.06490148864298245 -0.4449101878171988 -0.8932204215916639
vn 0.06490148864298245 -0.4449101878171988 -0.8932204215916639
vn -0.030199510835279653 0.04379928941434219 0.9985838030892091
vn -0.030199510835279653 0.04379928941434219 0.9985838030892091
vn -0.030199510835279653 0.04379928941434219 0.9985838030892091
vn -0.005500026795887127 -0.11710057152479005 -0.9931048312508667
vn -0.005500026795887127 -0.11710057152479005 -0.9931048312508667
vn -0.005500026795887127 -0.11710057152479005 -0.9931048312508667
vn 0.09789940122983405 -0.3847976210296333 -0.9177943659059881
vn 0.09789940122983405 -0.3847976210296333 -0.9177943659059881
vn 0.09789940122983405 -0.3847976210296333 -0.9177943659059881
vn -0.7841235677389689 0.08880266767367999 0.6142184601022252
vn -0.7841235677389689 0.08880266767367999 0.6142184601022252
vn -0.7841235677389689 0.08880266767367999 0.6142184601022252
vn -0.8823957907206863 0.036399828838092535 0.4690977733681671
vn -0.8823957907206863 0.036399828838092535 0.4690977733681671
vn -0.8823957907206863 0.036399828838092535 0.4690977733681671
vn -0.9963373132082893 -0.05300198527226692 -0.06710251758381164
vn -0.9963373132082893 -0.05300198527226692 -0.06710251758381164
vn -0.9963373132082893 -0.05300198527226692 -0.06710251758381164
vn -0.9865917671835746 -0.07829934729779116 -0.14319880285229786
vn -0.9865917671835746 -0.07829934729779116 -0.14319880285229786
vn -0.9865917671835746 -0.07829934729779116 -0.14319880285229786
vn -0.8908214614193949 -0.11090267166860765 -0.44061062321666594
vn -0.8908214614193949 -0.11090267166860765 -0.44061062321666594
vn -0.8908214614193949 -0.11090267166860765 -0.44061062321666594
vn -0.9704249144442948 -0.079302039223659 -0.22800585957547764
vn -0.9704249144442948 -0.079302039223659 -0.22800585957547764
vn -0.9704249144442948 -0.079302039223659 -0.22800585957547764
vn -0.9976535402664723 -0.05959722539049663 -0.033698432004007746
vn -0.9976535402664723 -0.05959722539049663 -0.033698432004007746
vn -0.9976535402664723 -0.05959722539049663 -0.033698432004007746
vn -0.9902293844271528 -0.0035001040310591604 -0.1394041444462608
vn -0.9902293844271528 -0.0035001040310591604 -0.1394041444462608
vn -0.9902293844271528 -0.0035001040310591604 -0.1394041444462608
vn -0.4037222374000302 -0.11240619586268508 -0.9079499998129816
vn -0.4037222374000302 -0.11240619586268508 -0.9079499998129816
vn -0.4037222374000302 -0.11240619586268508 -0.9079499998129816
vn -0.8538746821198608 -0.08069760842865155 -0.5141847170313432
vn -0.8538746821198608 -0.08069760842865155 -0.5141847170313432
vn -0.8538746821198608 -0.08069760842865155 -0.5141847170313432
vn -0.987532091120346 -0.0020000650655276693 -0.15740511029572735
vn -0.987532091120346 -0.0020000650655276693 -0.15740511029572735
vn -0.987532091120346 -0.0020000650655276693 -0.15740511029572735
vn -0.9911119482700164 0.0832010021366475 -0.1038012487394545
vn -0.9911119482700164 0.0832010021366475 -0.1038012487394545
vn -0.9911119482700164 0.0832010021366475 -0.1038012487394545
vn -0.9310521224774018 -0.03819803373362928 -0.36288132419457686
vn -0.9310521224774018 -0.03819803373362928 -0.36288132419457686
vn -0.9310521224774018 -0.03819803373362928 -0.36288132419457686
vn -0.9700317990905273 -0.08120266317348737 -0.22900750259921232
vn -0.9700317990905273 -0.08120266317348737 -0.22900750259921232
vn -0.9700317990905273 -0.08120266317348737 -0.22900750259921232
vn -0.9992411495199589 -0.03860159165056979 0.005200214233458126
vn -0.9992411495199589 -0.03860159165056979 0.005200214233458126
vn -0.9992411495199589 -0.03860159165056979 0.005200214233458126
vn -0.9777966714882688 0.008099972540657101 -0.20939928288154014
vn -0.9777966714882688 0.008099972540657101 -0.20939928288154014
vn -0.9777966714882688 0.008099972540657101 -0.20939928288154014
vn -0.7111383496106636 -0.041302227098721354 -0.7018378543151598
vn -0.7111383496106636 -0.041302227098721354 -0.7018378543151598
vn -0.7111383496106636 -0.041302227098721354 -0.7018378543151598
vn -0.9980583966939296 -0.012599475034754903 -0.060997459107664756
vn -0.9980583966939296 -0.012599475034754903 -0.060997459107664756
vn -0.9980583966939296 -0.012599475034754903 -0.060997459107664756
vn -0.3633001278779592 -0.29300011926881636 -0.8844003319720756
vn -0.3633001278779592 -0.29300011926881636 -0.8844003319720756
vn -0.3633001278779592 -0.29300011926881636 -0.8844003319720756
vn -0.3869030512387392 0.027600216794020617 -0.9217072512327744
vn -0.3869030512387392 0.027600216794020617 -0.9217072512327744
vn -0.3869030512387392 0.027600216794020617 -0.9217072512327744
vn -0.2637869595975105 -0.19889017068554432 -0.9438533466333511
vn -0.2637869595975105 -0.19889017068554432 -0.9438533466333511
vn -0.2637869595975105 -0.19889017068554432 -0.9438533466333511
vn -0.18210610388774828 -0.08800295020061402 -0.979332858471936
vn -0.18210610388774828 -0.08800295020061402 -0.979332858471936
vn -0.18210610388774828 -0.08800295020061402 -0.979332858471936
vn 0.09649721902275982 -0.9064738406288987 -0.4110881450204658
vn 0.09649721902275982 -0.9064738406288987 -0.4110881450204658
vn 0.09649721902275982 -0.9064738406288987 -0.4110881450204658
vn 0.09690037852956325 -0.9071035543928099 -0.4096015847732499
vn 0.09690037852956325 -0.9071035543928099 -0.4096015847732499
vn 0.09690037852956325 -0.9071035543928099 -0.4096015847732499
vn -0.14829454661176392 -0.9703642458612904 -0.1907929710425957
vn -0.14829454661176392 -0.9703642458612904 -0.1907929710425957
vn -0.14829454661176392 -0.9703642458612904 -0.1907929710425957
vn -0.9960727731006991 -0.018899482794747388 -0.08649763139863581
vn -0.9960727731006991 -0.018899482794747388 -0.08649763139863581
vn -0.9960727731006991 -0.018899482794747388 -0.08649763139863581
vn 0.9771226844707003 0.16400380950860596 0.13540313866169118
vn 0.9771226844707003 0.16400380950860596 0.13540313866169118
vn 0.9771226844707003 0.16400380950860596 0.13540313866169118
vn 0.996033586577838 -0.06660224874004564 0.059001990404202426
vn 0.996033586577838 -0.06660224874004564 0.059001990404202426
vn 0.996033586577838 -0.06660224874004564 0.059001990404202426
vn 0.9913323330279119 0.08180266801917624 0.1028033511048229
vn 0.9913323330279119 0.08180266801917624 0.1028033511048229
vn 0.9913323330279119 0.08180266801917624 0.1028033511048229
vn 0.6137884546166318 0.7267863663916597 0.3082941948959383
vn 0.6137884546166318 0.7267863663916597 0.3082941948959383
vn 0.6137884546166318 0.7267863663916597 0.3082941948959383
vn 0.3171123982042902 -0.9094355757379382 -0.26901052114616003
vn 0.3171123982042902 -0.9094355757379382 -0.26901052114616003
vn 0.3171123982042902 -0.9094355757379382 -0.26901052114616003
vn 0.9883976964650396 0.13389969195901397 0.07169983344391352
vn 0.9883976964650396 0.13389969195901397 0.07169983344391352
vn 0.9883976964650396 0.13389969195901397 0.07169983344391352
vn 0.9947907583387728 -0.08749918813728547 -0.0522995143293437
vn 0.9947907583387728 -0.08749918813728547 -0.0522995143293437
vn 0.9947907583387728 -0.08749918813728547 -0.0522995143293437
vn 0.8450010534347097 -0.5122006191031933 -0.15370018049610826
vn 0.8450010534347097 -0.5122006191031933 -0.15370018049610826
vn 0.8450010534347097 -0.5122006191031933 -0.15370018049610826
vn 0.9647374610060824 -0.261310148752043 0.031601226095242914
vn 0.9647374610060824 -0.261310148752043 0.031601226095242914
vn 0.9647374610060824 -0.261310148752043 0.031601226095242914
vn 0.9827017190784091 -0.17360030852748648 -0.06450011007355891
vn 0.9827017190784091 -0.17360030852748648 -0.06450011007355891
vn 0.9827017190784091 -0.17360030852748648 -0.06450011007355891
vn 0.6463916984217568 -0.7590903005373132 -0.07719901451189845
vn 0.6463916984217568 -0.7590903005373132 -0.07719901451189845
vn 0.6463916984217568 -0.7590903005373132 -0.07719901451189845
vn 0.035300004973174044 0.8902001064183347 0.45420004423346283
vn 0.035300004973174044 0.8902001064183347 0.45420004423346283
vn 0.035300004973174044 0.8902001064183347 0.45420004423346283
vn 0.05270024484456322 0.9675044343393454 0.2473011397608725
vn 0.05270024484456322 0.9675044343393454 0.2473011397608725
vn 0.05270024484456322 0.9675044343393454 0.2473011397608725
vn 0.9993425229180563 -0.01960083420562612 0.03050129810709448
vn 0.9993425229180563 -0.01960083420562612 0.03050129810709448
vn 0.9993425229180563 -0.01960083420562612 0.03050129810709448
vn 0.9881734084840176 -0.15329587568514705 0.0036999004044527273
vn 0.9881734084840176 -0.15329587568514705 0.0036999004044527273
vn 0.9881734084840176 -0.15329587568514705 0.0036999004044527273
vn 0.9993542256545367 -0.01899912878090065 0.030498602787475113
vn 0.9993542256545367 -0.01899912878090065 0.030498602787475113
vn 0.9993542256545367 -0.01899912878090065 0.030498602787475113
vn 0.8510249677466647 0.500314662182246 0.159504680424285
vn 0.8510249677466647 0.500314662182246 0.159504680424285
vn 0.8510249677466647 0.500314662182246 0.159504680424285
vn 0.6234229558351329 -0.7639281447162386 -0.1666061458896147
vn 0.6234229558351329 -0.7639281447162386 -0.1666061458896147
vn 0.6234229558351329 -0.7639281447162386 -0.1666061458896147
vn -0.05760097678436164 -0.9333158613022126 -0.3544060249420102
vn -0.05760097678436164 -0.9333158613022126 -0.3544060249420102
vn -0.05760097678436164 -0.9333158613022126 -0.3544060249420102
vn -0.01319946909413608 0.9771606738498722 0.2120914696466993
vn -0.01319946909413608 0.9771606738498722 0.2120914696466993
vn -0.01319946909413608 0.9771606738498722 0.2120914696466993
vn -0.011900029054335914 -0.9704023226893306 -0.24120058338996256
vn -0.011900029054335914 -0.9704023226893306 -0.24120058338996256
vn -0.011900029054335914 -0.9704023226893306 -0.24120058338996256
vn 0.012000014786257968 0.9704011630569761 0.24120029515487298
vn 0.012000014786257968 0.9704011630569761 0.24120029515487298
vn 0.012000014786257968 0.9704011630569761 0.24120029515487298
vn -0.009700270688176731 0.9994278794220346 -0.0324009040391039
vn -0.009700270688176731 0.9994278794220346 -0.0324009040391039
vn -0.009700270688176731 0.9994278794220346 -0.0324009040391039
vn 0.9858131312576488 0.02040027189616343 -0.1666022183122198
vn 0.9858131312576488 0.02040027189616343 -0.1666022183122198
vn 0.9858131312576488 0.02040027189616343 -0.1666022183122198
vn 0.02539934225755345 0.19449496498543534 -0.980574618276548
vn 0.02539934225755345 0.19449496498543534 -0.980574618276548
vn 0.02539934225755345 0.19449496498543534 -0.980574618276548
vn 0.6478173054667056 0.1373036614526157 -0.7493199872481466
vn 0.6478173054667056 0.1373036614526157 -0.7493199872481466
vn 0.6478173054667056 0.1373036614526157 -0.7493199872481466
vn 0.6657620320251426 0.13109252767436033 -0.7345581433090916
vn 0.6657620320251426 0.13109252767436033 -0.7345581433090916
vn 0.6657620320251426 0.13109252767436033 -0.7345581433090916
vn 0.003799942903078605 -0.16259754984346217 -0.9866851560750453
vn 0.003799942903078605 -0.16259754984346217 -0.9866851560750453
vn 0.003799942903078605 -0.16259754984346217 -0.9866851560750453
vn -0.020499715185615455 -0.8268884940607296 -0.5619921530299932
vn -0.020499715185615455 -0.8268884940607296 -0.5619921530299932
vn -0.020499715185615455 -0.8268884940607296 -0.5619921530299932
vn -0.026000887620388578 -0.9526325036792912 -0.30301034103917523
vn -0.026000887620388578 -0.9526325036792912 -0.30301034103917523
vn -0.026000887620388578 -0.9526325036792912 -0.30301034103917523
vn 0.022800341907218764 0.9977149205837442 0.06360095638814563
vn 0.022800341907218764 0.9977149205837442 0.06360095638814563
vn 0.022800341907218764 0.9977149205837442 0.06360095638814563
vn 0.009099988772540184 0.8980988735245738 -0.43969944687050844
vn 0.009099988772540184 0.8980988735245738 -0.43969944687050844
vn 0.009099988772540184 0.8980988735245738 -0.43969944687050844
vn -0.059999907705928474 0.25529959840392175 -0.9649985109470772
vn -0.059999907705928474 0.25529959840392175 -0.9649985109470772
vn -0.059999907705928474 0.25529959840392175 -0.9649985109470772
vn -0.09860281408272956 0.14620417363312221 -0.98432810823791
vn -0.09860281408272956 0.14620417363312221 -0.98432810823791
vn -0.09860281408272956 0.14620417363312221 -0.98432810823791
vn -0.1126050917349477 -0.16260735030984988 -0.9802443281858733
vn -0.1126050917349477 -0.16260735030984988 -0.9802443281858733
vn -0.1126050917349477 -0.16260735030984988 -0.9802443281858733
vn -0.0893018737746185 -0.6582138425787594 -0.7475156940011669
vn -0.0893018737746185 -0.6582138425787594 -0.7475156940011669
vn -0.0893018737746185 -0.6582138425787594 -0.7475156940011669
vn 0.015099502852235479 0.4586848861961069 -0.8884706974283844
vn 0.015099502852235479 0.4586848861961069 -0.8884706974283844
vn 0.015099502852235479 0.4586848861961069 -0.8884706974283844
vn 0.05599761763388787 0.15919322014251483 -0.9856580469310772
vn 0.05599761763388787 0.15919322014251483 -0.9856580469310772
vn 0.05599761763388787 0.15919322014251483 -0.9856580469310772
vn 0.027999460362721943 -0.9457817490199995 -0.323593747529317
vn 0.027999460362721943 -0.9457817490199995 -0.323593747529317
vn 0.027999460362721943 -0.9457817490199995 -0.323593747529317
vn 0.08540231109888871 0.9398254545844252 -0.33080894814703415
vn 0.08540231109888871 0.9398254545844252 -0.33080894814703415
vn 0.08540231109888871 0.9398254545844252 -0.33080894814703415
vn -0.09909935260641962 0.931493921535548 -0.3499977035000587
vn -0.09909935260641962 0.931493921535548 -0.3499977035000587
vn -0.09909935260641962 0.931493921535548 -0.3499977035000587
vn 0.9744584355249134 0.20949106416255692 0.08089654795093293
vn 0.9744584355249134 0.20949106416255692 0.08089654795093293
vn 0.9744584355249134 0.20949106416255692 0.08089654795093293
vn 0.7165259051997439 0.5156186785990384 0.46981699145248984
vn 0.7165259051997439 0.5156186785990384 0.46981699145248984
vn 0.7165259051997439 0.5156186785990384 0.46981699145248984
vn -0.007100026981916367 0.5099019083093583 -0.860203251283864
vn -0.007100026981916367 0.5099019083093583 -0.860203251283864
vn -0.007100026981916367 0.5099019083093583 -0.860203251283864
vn -0.11250426254411267 0.7138270773445717 -0.6912262253120263
vn -0.11250426254411267 0.7138270773445717 -0.6912262253120263
vn -0.11250426254411267 0.7138270773445717 -0.6912262253120263
vn 0.027598637089613152 0.7198644710869487 -0.6935657564337381
vn 0.027598637089613152 0.7198644710869487 -0.6935657564337381
vn 0.027598637089613152 0.7198644710869487 -0.6935657564337381
vn -0.12890263013961792 0.9862200488581306 0.10370210785396326
vn -0.12890263013961792 0.9862200488581306 0.10370210785396326
vn -0.12890263013961792 0.9862200488581306 0.10370210785396326
vn -0.010799778490248404 -0.9013815184174817 -0.43289112146122466
vn -0.010799778490248404 -0.9013815184174817 -0.43289112146122466
vn -0.010799778490248404 -0.9013815184174817 -0.43289112146122466
vn -0.03630175185414401 0.9335450480770516 0.35661719815950443
vn -0.03630175185414401 0.9335450480770516 0.35661719815950443
vn -0.03630175185414401 0.9335450480770516 0.35661719815950443
vn 0.08330437042237193 0.9845516210861397 0.154008075389528
vn 0.08330437042237193 0.9845516210861397 0.154008075389528
vn 0.08330437042237193 0.9845516210861397 0.154008075389528
vn 0.013899988013774898 0.9705991949935547 0.24029979819192637
vn 0.013899988013774898 0.9705991949935547 0.24029979819192637
vn 0.013899988013774898 0.9705991949935547 0.24029979819192637
vn -0.2625070877567655 0.9384253508653372 0.22460607678941094
vn -0.2625070877567655 0.9384253508653372 0.22460607678941094
vn -0.2625070877567655 0.9384253508653372 0.22460607678941094
vn 0.04180160418526841 -0.9260355417568972 -0.37511438427571403
vn 0.04180160418526841 -0.9260355417568972 -0.37511438427571403
vn 0.04180160418526841 -0.9260355417568972 -0.37511438427571403
vn -0.7012061364275277 0.66350580952882 0.2609022708944566
vn -0.7012061364275277 0.66350580952882 0.2609022708944566
vn -0.7012061364275277 0.66350580952882 0.2609022708944566
vn -0.9802247940088679 0.19040482195229202 0.05390136350398315
vn -0.9802247940088679 0.19040482195229202 0.05390136350398315
vn -0.9802247940088679 0.19040482195229202 0.05390136350398315
vn -0.9998684546372498 -0.01299959035321952 -0.009699694426444708
vn -0.9998684546372498 -0.01299959035321952 -0.009699694426444708
vn -0.9998684546372498 -0.01299959035321952 -0.009699694426444708
vn -0.9041470905556368 0.41077596399240357 0.11739312605893289
vn -0.9041470905556368 0.41077596399240357 0.11739312605893289
vn -0.9041470905556368 0.41077596399240357 0.11739312605893289
vn -0.5533780951493958 0.8101679355602275 0.19339234731215563
vn -0.5533780951493958 0.8101679355602275 0.19339234731215563
vn -0.5533780951493958 0.8101679355602275 0.19339234731215563
vn -0.9855268562306396 0.16870459574508065 0.016600452483027692
vn -0.9855268562306396 0.16870459574508065 0.016600452483027692
vn -0.9855268562306396 0.16870459574508065 0.016600452483027692
vn -0.9936215326493602 -0.08210177482624594 -0.07730167155965764
vn -0.9936215326493602 -0.08210177482624594 -0.07730167155965764
vn -0.9936215326493602 -0.08210177482624594 -0.07730167155965764
vn -0.8845539281008201 0.45737618017650217 0.09149523533256222
vn -0.8845539281008201 0.45737618017650217 0.09149523533256222
vn -0.8845539281008201 0.45737618017650217 0.09149523533256222
vn -0.3435943968358648 -0.9121850855667369 -0.22329635046861637
vn -0.3435943968358648 -0.9121850855667369 -0.22329635046861637
vn -0.3435943968358648 -0.9121850855667369 -0.22329635046861637
vn -0.9864887051334786 -0.15769819265398227 -0.04439948961126013
vn -0.9864887051334786 -0.15769819265398227 -0.04439948961126013
vn -0.9864887051334786 -0.15769819265398227 -0.04439948961126013
vn -0.34369855251227593 -0.9120961977924864 -0.2234990625784729
vn -0.34369855251227593 -0.9120961977924864 -0.2234990625784729
vn -0.34369855251227593 -0.9120961977924864 -0.2234990625784729
vn -0.9805456018392716 -0.17570816863309466 -0.08750406955830328
vn -0.9805456018392716 -0.17570816863309466 -0.08750406955830328
vn -0.9805456018392716 -0.17570816863309466 -0.08750406955830328
vn -0.16220762469014463 -0.9578449725120406 -0.2371111450897857
vn -0.16220762469014463 -0.9578449725120406 -0.2371111450897857
vn -0.16220762469014463 -0.9578449725120406 -0.2371111450897857
vn -0.997945771808594 0.0619028396887065 -0.016500756583374646
vn -0.997945771808594 0.0619028396887065 -0.016500756583374646
vn -0.997945771808594 0.0619028396887065 -0.016500756583374646
vn -0.9943128817628454 -0.09360120936971879 -0.05080065713149801
vn -0.9943128817628454 -0.09360120936971879 -0.05080065713149801
vn -0.9943128817628454 -0.09360120936971879 -0.05080065713149801
vn -0.7519086846505166 -0.6382073417601373 -0.1653019021989433
vn -0.7519086846505166 -0.6382073417601373 -0.1653019021989433
vn -0.7519086846505166 -0.6382073417601373 -0.1653019021989433
vn -0.9995871853702091 0.013799823021380645 -0.02519967714558575
vn -0.9995871853702091 0.013799823021380645 -0.02519967714558575
vn -0.9995871853702091 0.013799823021380645 -0.02519967714558575
vn 0.07039747998764354 0.9971643222075337 -0.026599047497589682
vn 0.07039747998764354 0.9971643222075337 -0.026599047497589682
vn 0.07039747998764354 0.9971643222075337 -0.026599047497589682
vn 0.1963034773439672 0.9636170497426051 -0.18140321449198252
vn 0.1963034773439672 0.9636170497426051 -0.18140321449198252
vn 0.1963034773439672 0.9636170497426051 -0.18140321449198252
vn 0.047498525241207186 0.9768696634023452 -0.20849352705563676
vn 0.047498525241207186 0.9768696634023452 -0.20849352705563676
vn 0.047498525241207186 0.9768696634023452 -0.20849352705563676
vn 0.13970236458101679 0.4415074951605879 -0.8863150574414812
vn 0.13970236458101679 0.4415074951605879 -0.8863150574414812
vn 0.13970236458101679 0.4415074951605879 -0.8863150574414812
vn 0.13219612337145978 0.14219582039333611 -0.98097121957182
vn 0.13219612337145978 0.14219582039333611 -0.98097121957182
vn 0.13219612337145978 0.14219582039333611 -0.98097121957182
vn 0.026199152338737555 0.33858905224809377 -0.9405695392231609
vn 0.026199152338737555 0.33858905224809377 -0.9405695392231609
vn 0.026199152338737555 0.33858905224809377 -0.9405695392231609
vn 0.0044997894442062375 -0.7935629242689025 -0.6084715581855458
vn 0.0044997894442062375 -0.7935629242689025 -0.6084715581855458
vn 0.0044997894442062375 -0.7935629242689025 -0.6084715581855458
vn -0.009500501195446301 -0.9518502338609022 -0.3064161757740299
vn -0.009500501195446301 -0.9518502338609022 -0.3064161757740299
vn -0.009500501195446301 -0.9518502338609022 -0.3064161757740299
vn 0.02079933478295615 -0.22399284242827897 -0.9743688183708912
vn 0.02079933478295615 -0.22399284242827897 -0.9743688183708912
vn 0.02079933478295615 -0.22399284242827897 -0.9743688183708912
vn 0.020000009670841704 0.9979005139867394 0.06160003082927427
vn 0.020000009670841704 0.9979005139867394 0.06160003082927427
vn 0.020000009670841704 0.9979005139867394 0.06160003082927427
vn 0.19650882827892352 0.9637432768557673 -0.18050810708594886
vn 0.19650882827892352 0.9637432768557673 -0.18050810708594886
vn 0.19650882827892352 0.9637432768557673 -0.18050810708594886
vn 0.05690242323340964 0.9875420960206369 0.1467062466881802
vn 0.05690242323340964 0.9875420960206369 0.1467062466881802
vn 0.05690242323340964 0.9875420960206369 0.1467062466881802
vn 0.014899335612507995 0.12169457106932398 -0.9924557628280262
vn 0.014899335612507995 0.12169457106932398 -0.9924557628280262
vn 0.014899335612507995 0.12169457106932398 -0.9924557628280262
vn 0.07269801691341665 -0.19059479034110638 -0.9789732500082351
vn 0.07269801691341665 -0.19059479034110638 -0.9789732500082351
vn 0.07269801691341665 -0.19059479034110638 -0.9789732500082351
vn 0.05089966001651361 -0.8528943132569501 -0.5195964925056356
vn 0.05089966001651361 -0.8528943132569501 -0.5195964925056356
vn 0.05089966001651361 -0.8528943132569501 -0.5195964925056356
vn 0.09149629308390211 0.1458940866827621 -0.9850600711748028
vn 0.09149629308390211 0.1458940866827621 -0.9850600711748028
vn 0.09149629308390211 0.1458940866827621 -0.9850600711748028
vn -0.6933807170002446 0.16979527016398954 -0.700280477753139
vn -0.6933807170002446 0.16979527016398954 -0.700280477753139
vn -0.6933807170002446 0.16979527016398954 -0.700280477753139
vn -0.978327440705562 0.06250175465801966 -0.1974055455836385
vn -0.978327440705562 0.06250175465801966 -0.1974055455836385
vn -0.978327440705562 0.06250175465801966 -0.1974055455836385
vn -0.007899914466107882 -0.8963903127175584 -0.4431952150210402
vn -0.007899914466107882 -0.8963903127175584 -0.4431952150210402
vn -0.007899914466107882 -0.8963903127175584 -0.4431952150210402
vn -0.010899596437514118 -0.9694641005907481 -0.2449909313898605
vn -0.010899596437514118 -0.9694641005907481 -0.2449909313898605
vn -0.010899596437514118 -0.9694641005907481 -0.2449909313898605
vn -0.8569094980344849 0.45660508383149134 0.23920265382625602
vn -0.8569094980344849 0.45660508383149134 0.23920265382625602
vn -0.8569094980344849 0.45660508383149134 0.23920265382625602
vn -0.9732524720668286 0.22851230828458877 0.023701277987822216
vn -0.9732524720668286 0.22851230828458877 0.023701277987822216
vn -0.9732524720668286 0.22851230828458877 0.023701277987822216
vn 0.18929820366301478 0.704693303492263 -0.6837934908311992
vn 0.18929820366301478 0.704693303492263 -0.6837934908311992
vn 0.18929820366301478 0.704693303492263 -0.6837934908311992
vn 0.16920313628876865 0.6851127052391085 -0.7085131472245204
vn 0.16920313628876865 0.6851127052391085 -0.7085131472245204
vn 0.16920313628876865 0.6851127052391085 -0.7085131472245204
vn 0.015599584644481893 0.6564825201448471 -0.7541799213073695
vn 0.015599584644481893 0.6564825201448471 -0.7541799213073695
vn 0.015599584644481893 0.6564825201448471 -0.7541799213073695
vn 0.9066105164100094 -0.22980266681554756 0.3539040913287646
vn 0.9066105164100094 -0.22980266681554756 0.3539040913287646
vn 0.9066105164100094 -0.22980266681554756 0.3539040913287646
vn 0.4536044359118506 0.7796076663964874 0.43180424061942085
vn 0.4536044359118506 0.7796076663964874 0.43180424061942085
vn 0.4536044359118506 0.7796076663964874 0.43180424061942085
vn -0.029599818264538932 -0.8386948468420445 -0.5437966574366798
vn -0.029599818264538932 -0.8386948468420445 -0.5437966574366798
vn -0.029599818264538932 -0.8386948468420445 -0.5437966574366798
vn -0.017400958132906735 -0.8594472852291818 -0.5109281461891156
vn -0.017400958132906735 -0.8594472852291818 -0.5109281461891156
vn -0.017400958132906735 -0.8594472852291818 -0.5109281461891156
vn 0.007899871696395392 0.9245850334014512 0.38089382777516606
vn 0.007899871696395392 0.9245850334014512 0.38089382777516606
vn 0.007899871696395392 0.9245850334014512 0.38089382777516606
vn 0.05060224820746641 0.9206409051900426 0.38711721243986214
vn 0.05060224820746641 0.9206409051900426 0.38711721243986214
vn 0.05060224820746641 0.9206409051900426 0.38711721243986214
vn 0.006500016120558448 -0.884602159324684 -0.46630115752433976
vn 0.006500016120558448 -0.884602159324684 -0.46630115752433976
vn 0.006500016120558448 -0.884602159324684 -0.46630115752433976
vn -0.006700013199385553 -0.8618017392186793 -0.5072010174504654
vn -0.006700013199385553 -0.8618017392186793 -0.5072010174504654
vn -0.006700013199385553 -0.8618017392186793 -0.5072010174504654
vn -0.04400036110492273 0.9219075453102266 0.384903164604695
vn -0.04400036110492273 0.9219075453102266 0.384903164604695
vn -0.04400036110492273 0.9219075453102266 0.384903164604695
vn 0.02170010984792321 -0.8452042654878464 -0.5340026730586074
vn 0.02170010984792321 -0.8452042654878464 -0.5340026730586074
vn 0.02170010984792321 -0.8452042654878464 -0.5340026730586074
vn 0.03399891219236019 0.8608723941232722 0.5076837549165836
vn 0.03399891219236019 0.8608723941232722 0.5076837549165836
vn 0.03399891219236019 0.8608723941232722 0.5076837549165836
vn 0.11120337861162917 -0.10410316174516003 -0.9883300765938572
vn 0.11120337861162917 -0.10410316174516003 -0.9883300765938572
vn 0.11120337861162917 -0.10410316174516003 -0.9883300765938572
vn 0.08289642699227047 -0.7863661014623454 -0.6121736166013914
vn 0.08289642699227047 -0.7863661014623454 -0.6121736166013914
vn 0.08289642699227047 -0.7863661014623454 -0.6121736166013914
vn 0.014399340755618127 -0.6733691675732001 -0.7391661674803435
vn 0.014399340755618127 -0.6733691675732001 -0.7391661674803435
vn 0.014399340755618127 -0.6733691675732001 -0.7391661674803435
vn -0.036498780656185115 0.16229458603607538 0.9860670901890959
vn -0.036498780656185115 0.16229458603607538 0.9860670901890959
vn -0.036498780656185115 0.16229458603607538 0.9860670901890959
vn 0.8878699794664838 -0.013899529782379781 0.45988444487068053
vn 0.8878699794664838 -0.013899529782379781 0.45988444487068053
vn 0.8878699794664838 -0.013899529782379781 0.45988444487068053
vn -0.9933372958200216 -0.06390239929381475 -0.09590359793803736
vn -0.9933372958200216 -0.06390239929381475 -0.09590359793803736
vn -0.9933372958200216 -0.06390239929381475 -0.09590359793803736
vn -0.9048413299410947 -0.15400703403368368 -0.3969181289618539
vn -0.9048413299410947 -0.15400703403368368 -0.3969181289618539
vn -0.9048413299410947 -0.15400703403368368 -0.3969181289618539
f 1//1 2//2 3//3
f 4//4 5//5 6//6
f 7//7 8//8 9//9
f 10//10 11//11 12//12
f 13//13 14//14 15//15
f 16//16 17//17 18//18
f 19//19 20//20 21//21
f 22//22 23//23 24//24
f 25//25 26//26 27//27
f 28//28 29//29 30//30
f 31//31 32//32 33//33
f 34//34 35//35 36//36
f 37//37 38//38 39//39
f 40//40 41//41 42//42
f 43//43 44//44 45//45
f 46//46 47//47 48//48
f 49//49 50//50 51//51
f 52//52 53//53 54//54
f 55//55 56//56 57//57
f 58//58 59//59 60//60
f 61//61 62//62 63//63
f 64//64 65//65 66//66
f 67//67 68//68 69//69
f 70//70 71//71 72//72
f 73//73 74//74 75//75
f 76//76 77//77 78//78
f 79//79 80//80 81//81
f 82//82 83//83 84//84
f 85//85 86//86 87//87
f 88//88 89//89 90//90
f 91//91 92//92 93//93
f 94//94 95//95 96//96
f 97//97 98//98 99//99
f 100//100 101//101 102//102
f 103//103 104//104 105//105
f 106//106 107//107 108//108
f 109//109 110//110 111//111
f 112//112 113//113 114//114
f 115//115 116//116 117//117
f 118//118 119//119 120//120
f 121//121 122//122 123//123
f 124//124 125//125 126//126
f 127//127 128//128 129//129
f 130//130 131//131 132//132
f 133//133 134//134 135//135
f 136//136 137//137 138//138
f 139//139 140//140 141//141
f 142//142 143//143 144//144
f 145//145 146//146 147//147
f 148//148 149//149 150//150
f 151//151 152//152 153//153
f 154//154 155//155 156//156
f 157//157 158//158 159//159
f 160//160 161//161 162//162
f 163//163 164//164 165//165
f 166//166 167//167 168//168
f 169//169 170//170 171//171
f 172//172 173//173 174//174
f 175//175 176//176 177//177
f 178//178 179//179 180//180
f 181//181 182//182 183//183
f 184//184 185//185 186//186
f 187//187 188//188 189//189
f 190//190 191//191 192//192
f 193//193 194//194 195//195
f 196//196 197//197 198//198
f 199//199 200//200 201//201
f 202//202 203//203 204//204
f 205//205 206//206 207//207
f 208//208 209//209 210//210
f 211//211 212//212 213//213
f 214//214 215//215 216//216
f 217//217 218//218 219//219
f 220//220 221//221 222//222
f 223//223 224//224 225//225
f 226//226 227//227 228//228
f 229//229 230//230 231//231
f 232//232 233//233 234//234
f 235//235 236//236 237//237
f 238//238 239//239 240//240
f 241//241 242//242 243//243
f 244//244 245//245 246//246
f 247//247 248//248 249//249
f 250//250 251//251 252//252
f 253//253 254//254 255//255
f 256//256 257//257 258//258
f 259//259 260//260 261//261
f 262//262 263//263 264//264
f 265//265 266//266 267//267
f 268//268 269//269 270//270
f 271//271 272//272 273//273
f 274//274 275//275 276//276
f 277//277 278//278 279//279
f 280//280 281//281 282//282
f 283//283 284//284 285//285
f 286//286 287//287 288//288
f 289//289 290//290 291//291
f 292//292 293//293 294//294
f 295//295 296//296 297//297
f 298//298 299//299 300//300
f 301//301 302//302 303//303
f 304//304 305//305 306//306
f 307//307 308//308 309//309
f 310//310 311//311 312//312
f 313//313 314//314 315//315
f 316//316 317//317 318//318
f 319//319 320//320 321//321
f 322//322 323//323 324//324
f 325//325 326//326 327//327
f 328//328 329//329 330//330
f 331//331 332//332 333//333
f 334//334 335//335 336//336
f 337//337 338//338 339//339
f 340//340 341//341 342//342
f 343//343 344//344 345//345
f 346//346 347//347 348//348
f 349//349 350//350 351//351
f 352//352 353//353 354//354
f 355//355 356//356 357//357
f 358//358 359//359 360//360
f 361//361 362//362 363//363
f 364//364 365//365 366//366
f 367//367 368//368 369//369
f 370//370 371//371 372//372
f 373//373 374//374 375//375
f 376//376 377//377 378//378
f 379//379 380//380 381//381
f 382//382 383//383 384//384
f 385//385 386//386 387//387
f 388//388 389//389 390//390
f 391//391 392//392 393//393
f 394//394 395//395 396//396
f 397//397 398//398 399//399
f 400//400 401//401 402//402
f 403//403 404//404 405//405
f 406//406 407//407 408//408
f 409//409 410//410 411//411
f 412//412 413//413 414//414
f 415//415 416//416 417//417
f 418//418 419//419 420//420
f 421//421 422//422 423//423
f 424//424 425//425 426//426
f 427//427 428//428 429//429
f 430//430 431//431 432//432
f 433//433 434//434 435//435
f 436//436 437//437 438//438
f 439//439 440//440 441//441
f 442//442 443//443 444//444
f 445//445 446//446 447//447
f 448//448 449//449 450//450
f 451//451 452//452 453//453
f 454//454 455//455 456//456
f 457//457 458//458 459//459
f 460//460 461//461 462//462
f 463//463 464//464 465//465
f 466//466 467//467 468//468
f 469//469 470//470 471//471
f 472//472 473//473 474//474
f 475//475 476//476 477//477
f 478//478 479//479 480//480
f 481//481 482//482 483//483
f 484//484 485//485 486//486
f 487//487 488//488 489//489
f 490//490 491//491 492//492
f 493//493 494//494 495//495
f 496//496 497//497 498//498
f 499//499 500//500 501//501
f 502//502 503//503 504//504
f 505//505 506//506 507//507
f 508//508 509//509 510//510
f 511//511 512//512 513//513
f 514//514 515//515 516//516
f 517//517 518//518 519//519
f 520//520 521//521 522//522
f 523//523 524//524 525//525
f 526//526 527//527 528//528
f 529//529 530//530 531//531
f 532//532 533//533 534//534
f 535//535 536//536 537//537
f 538//538 539//539 540//540
f 541//541 542//542 543//543
f 544//544 545//545 546//546
f 547//547 548//548 549//549
f 550//550 551//551 552//552
f 553//553 554//554 555//555
f 556//556 557//557 558//558
f 559//559 560//560 561//561
f 562//562 563//563 564//564
f 565//565 566//566 567//567
f 568//568 569//569 570//570
f 571//571 572//572 573//573
f 574//574 575//575 576//576
f 577//577 578//578 579//579
f 580//580 581//581 582//582
f 583//583 584//584 585//585
f 586//586 587//587 588//588
f 589//589 590//590 591//591
f 592//592 593//593 594//594
f 595//595 596//596 597//597
f 598//598 599//599 600//600
f 601//601 602//602 603//603
f 604//604 605//605 606//606
f 607//607 608//608 609//609
f 610//610 611//611 612//612
f 613//613 614//614 615//615
f 616//616 617//617 618//618
f 619//619 620//620 621//621
f 622//622 623//623 624//624
f 625//625 626//626 627//627
f 628//628 629//629 630//630
f 631//631 632//632 633//633
f 634//634 635//635 636//636
f 637//637 638//638 639//639
f 640//640 641//641 642//642
f 643//643 644//644 645//645
f 646//646 647//647 648//648
f 649//649 650//650 651//651
f 652//652 653//653 654//654
f 655//655 656//656 657//657
f 658//658 659//659 660//660
f 661//661 662//662 663//663
f 664//664 665//665 666//666
f 667//667 668//668 669//669
f 670//670 671//671 672//672
f 673//673 674//674 675//675
f 676//676 677//677 678//678
f 679//679 680//680 681//681
f 682//682 683//683 684//684
f 685//685 686//686 687//687
f 688//688 689//689 690//690
f 691//691 692//692 693//693
f 694//694 695//695 696//696
f 697//697 698//698 699//699
f 700//700 701//701 702//702
f 703//703 704//704 705//705
f 706//706 707//707 708//708
f 709//709 710//710 711//711
f 712//712 713//713 714//714
f 715//715 716//716 717//717
f 718//718 719//719 720//720
f 721//721 722//722 723//723
f 724//724 725//725 726//726
f 727//727 728//728 729//729
f 730//730 731//731 732//732
f 733//733 734//734 735//735
f 736//736 737//737 738//738
f 739//739 740//740 741//741
f 742//742 743//743 744//744
f 745//745 746//746 747//747
f 748//748 749//749 750//750
f 751//751 752//752 753//753
f 754//754 755//755 756//756
f 757//757 758//758 759//759
f 760//760 761//761 762//762
f 763//763 764//764 765//765
f 766//766 767//767 768//768
f 769//769 770//770 771//771
f 772//772 773//773 774//774
f 775//775 776//776 777//777
f 778//778 779//779 780//780
f 781//781 782//782 783//783
f 784//784 785//785 786//786
f 787//787 788//788 789//789
f 790//790 791//791 792//792
f 793//793 794//794 795//795
f 796//796 797//797 798//798
f 799//799 800//800 801//801
f 802//802 803//803 804//804
f 805//805 806//806 807//807
f 808//808 809//809 810//810
f 811//811 812//812 813//813
f 814//814 815//815 816//816
f 817//817 818//818 819//819
f 820//820 821//821 822//822
f 823//823 824//824 825//825
f 826//826 827//827 828//828
f 829//829 830//830 831//831
f 832//832 833//833 834//834
f 835//835 836//836 837//837
f 838//838 839//839 840//840
f 841//841 842//842 843//843
f 844//844 845//845 846//846
f 847//847 848//848 849//849
f 850//850 851//851 852//852
f 853//853 854//854 855//855
f 856//856 857//857 858//858
f 859//859 860//860 861//861
f 862//862 863//863 864//864
f 865//865 866//866 867//867
f 868//868 869//869 870//870
f 871//871 872//872 873//873
f 874//874 875//875 876//876
f 877//877 878//878 879//879
f 880//880 881//881 882//882
f 883//883 884//884 885//885
f 886//886 887//887 888//888
f 889//889 890//890 891//891
f 892//892 893//893 894//894
f 895//895 896//896 897//897
f 898//898 899//899 900//900
f 901//901 902//902 903//903
f 904//904 905//905 906//906
f 907//907 908//908 909//909
f 910//910 911//911 912//912
f 913//913 914//914 915//915
f 916//916 917//917 918//918
f 919//919 920//920 921//921
f 922//922 923//923 924//924
f 925//925 926//926 927//927
f 928//928 929//929 930//930
f 931//931 932//932 933//933
f 934//934 935//935 936//936
f 937//937 938//938 939//939
f 940//940 941//941 942//942
f 943//943 944//944 945//945
f 946//946 947//947 948//948
f 949//949 950//950 951//951
f 952//952 953//953 954//954
f 955//955 956//956 957//957
f 958//958 959//959 960//960
f 961//961 962//962 963//963
f 964//964 965//965 966//966
f 967//967 968//968 969//969
f 970//970 971//971 972//972
f 973//973 974//974 975//975
f 976//976 977//977 978//978
f 979//979 980//980 981//981
f 982//982 983//983 984//984
f 985//985 986//986 987//987
f 988//988 989//989 990//990
f 991//991 992//992 993//993
f 994//994 995//995 996//996
f 997//997 998//998 999//999
f 1000//1000 1001//1001 1002//1002
f 1003//1003 1004//1004 1005//1005
f 1006//1006 1007//1007 1008//1008
f 1009//1009 1010//1010 1011//1011
f 1012//1012 1013//1013 1014//1014
f 1015//1015 1016//1016 1017//1017
f 1018//1018 1019//1019 1020//1020
f 1021//1021 1022//1022 1023//1023
f 1024//1024 1025//1025 1026//1026
f 1027//1027 1028//1028 1029//1029
f 1030//1030 1031//1031 1032//1032
f 1033//1033 1034//1034 1035//1035
f 1036//1036 1037//1037 1038//1038
f 1039//1039 1040//1040 1041//1041
f 1042//1042 1043//1043 1044//1044
f 1045//1045 1046//1046 1047//1047
f 1048//1048 1049//1049 1050//1050
f 1051//1051 1052//1052 1053//1053
f 1054//1054 1055//1055 1056//1056
f 1057//1057 1058//1058 1059//1059
f 1060//1060 1061//1061 1062//1062
f 1063//1063 1064//1064 1065//1065
f 1066//1066 1067//1067 1068//1068
f 1069//1069 1070//1070 1071//1071
f 1072//1072 1073//1073 1074//1074
f 1075//1075 1076//1076 1077//1077
f 1078//1078 1079//1079 1080//1080
f 1081//1081 1082//1082 1083//1083
f 1084//1084 1085//1085 1086//1086
f 1087//1087 1088//1088 1089//1089
f 1090//1090 1091//1091 1092//1092
f 1093//1093 1094//1094 1095//1095
f 1096//1096 1097//1097 1098//1098
f 1099//1099 1100//1100 1101//1101
f 1102//1102 1103//1103 1104//1104
f 1105//1105 1106//1106 1107//1107
f 1108//1108 1109//1109 1110//1110
f 1111//1111 1112//1112 1113//1113
f 1114//1114 1115//1115 1116//1116
f 1117//1117 1118//1118 1119//1119
f 1120//1120 1121//1121 1122//1122
f 1123//1123 1124//1124 1125//1125
f 1126//1126 1127//1127 1128//1128
f 1129//1129 1130//1130 1131//1131
f 1132//1132 1133//1133 1134//1134
f 1135//1135 1136//1136 1137//1137
f 1138//1138 1139//1139 1140//1140
f 1141//1141 1142//1142 1143//1143
f 1144//1144 1145//1145 1146//1146
f 1147//1147 1148//1148 1149//1149
f 1150//1150 1151//1151 1152//1152
f 1153//1153 1154//1154 1155//1155
f 1156//1156 1157//1157 1158//1158
f 1159//1159 1160//1160 1161//1161
f 1162//1162 1163//1163 1164//1164
f 1165//1165 1166//1166 1167//1167
f 1168//1168 1169//1169 1170//1170
f 1171//1171 1172//1172 1173//1173
f 1174//1174 1175//1175 1176//1176
f 1177//1177 1178//1178 1179//1179
f 1180//1180 1181//1181 1182//1182
f 1183//1183 1184//1184 1185//1185
f 1186//1186 1187//1187 1188//1188
f 1189//1189 1190//1190 1191//1191
f 1192//1192 1193//1193 1194//1194
f 1195//1195 1196//1196 1197//1197
f 1198//1198 1199//1199 1200//1200
f 1201//1201 1202//1202 1203//1203
f 1204//1204 1205//1205 1206//1206
f 1207//1207 1208//1208 1209//1209
f 1210//1210 1211//1211 1212//1212
f 1213//1213 1214//1214 1215//1215
f 1216//1216 1217//1217 1218//1218
f 1219//1219 1220//1220 1221//1221
f 1222//1222 1223//1223 1224//1224
f 1225//1225 1226//1226 1227//1227
f 1228//1228 1229//1229 1230//1230
f 1231//1231 1232//1232 1233//1233
f 1234//1234 1235//1235 1236//1236
f 1237//1237 1238//1238 1239//1239
f 1240//1240 1241//1241 1242//1242
f 1243//1243 1244//1244 1245//1245
f 1246//1246 1247//1247 1248//1248
f 1249//1249 1250//1250 1251//1251
f 1252//1252 1253//1253 1254//1254
f 1255//1255 1256//1256 1257//1257
f 1258//1258 1259//1259 1260//1260
f 1261//1261 1262//1262 1263//1263
f 1264//1264 1265//1265 1266//1266
f 1267//1267 1268//1268 1269//1269
f 1270//1270 1271//1271 1272//1272
f 1273//1273 1274//1274 1275//1275
f 1276//1276 1277//1277 1278//1278
f 1279//1279 1280//1280 1281//1281
f 1282//1282 1283//1283 1284//1284
f 1285//1285 1286//1286 1287//1287
f 1288//1288 1289//1289 1290//1290
f 1291//1291 1292//1292 1293//1293
f 1294//1294 1295//1295 1296//1296
f 1297//1297 1298//1298 1299//1299
f 1300//1300 1301//1301 1302//1302
f 1303//1303 1304//1304 1305//1305
f 1306//1306 1307//1307 1308//1308
f 1309//1309 1310//1310 1311//1311
f 1312//1312 1313//1313 1314//1314
f 1315//1315 1316//1316 1317//1317
f 1318//1318 1319//1319 1320//1320
f 1321//1321 1322//1322 1323//1323
f 1324//1324 1325//1325 1326//1326
f 1327//1327 1328//1328 1329//1329
f 1330//1330 1331//1331 1332//1332
f 1333//1333 1334//1334 1335//1335
f 1336//1336 1337//1337 1338//1338
f 1339//1339 1340//1340 1341//1341
f 1342//1342 1343//1343 1344//1344
f 1345//1345 1346//1346 1347//1347
f 1348//1348 1349//1349 1350//1350
f 1351//1351 1352//1352 1353//1353
f 1354//1354 1355//1355 1356//1356
f 1357//1357 1358//1358 1359//1359
f 1360//1360 1361//1361 1362//1362
f 1363//1363 1364//1364 1365//1365
f 1366//1366 1367//1367 1368//1368
f 1369//1369 1370//1370 1371//1371
f 1372//1372 1373//1373 1374//1374
f 1375//1375 1376//1376 1377//1377
f 1378//1378 1379//1379 1380//1380
f 1381//1381 1382//1382 1383//1383
f 1384//1384 1385//1385 1386//1386
f 1387//1387 1388//1388 1389//1389
f 1390//1390 1391//1391 1392//1392
f 1393//1393 1394//1394 1395//1395
f 1396//1396 1397//1397 1398//1398
f 1399//1399 1400//1400 1401//1401
f 1402//1402 1403//1403 1404//1404
f 1405//1405 1406//1406 1407//1407
f 1408//1408 1409//1409 1410//1410
f 1411//1411 1412//1412 1413//1413
f 1414//1414 1415//1415 1416//1416
f 1417//1417 1418//1418 1419//1419
f 1420//1420 1421//1421 1422//1422
f 1423//1423 1424//1424 1425//1425
f 1426//1426 1427//1427 1428//1428
f 1429//1429 1430//1430 1431//1431
f 1432//1432 1433//1433 1434//1434
f 1435//1435 1436//1436 1437//1437
f 1438//1438 1439//1439 1440//1440
f 1441//1441 1442//1442 1443//1443
f 1444//1444 1445//1445 1446//1446
f 1447//1447 1448//1448 1449//1449
f 1450//1450 1451//1451 1452//1452
f 1453//1453 1454//1454 1455//1455
f 1456//1456 1457//1457 1458//1458
f 1459//1459 1460//1460 1461//1461
f 1462//1462 1463//1463 1464//1464
f 1465//1465 1466//1466 1467//1467
f 1468//1468 1469//1469 1470//1470
f 1471//1471 1472//1472 1473//1473
f 1474//1474 1475//1475 1476//1476
f 1477//1477 1478//1478 1479//1479
f 1480//1480 1481//1481 1482//1482
f 1483//1483 1484//1484 1485//1485
f 1486//1486 1487//1487 1488//1488
f 1489//1489 1490//1490 1491//1491
f 1492//1492 1493//1493 1494//1494
f 1495//1495 1496//1496 1497//1497
f 1498//1498 1499//1499 1500//1500
f 1501//1501 1502//1502 1503//1503
f 1504//1504 1505//1505 1506//1506
f 1507//1507 1508//1508 1509//1509
f 1510//1510 1511//1511 1512//1512
f 1513//1513 1514//1514 1515//1515
f 1516//1516 1517//1517 1518//1518
f 1519//1519 1520//1520 1521//1521
f 1522//1522 1523//1523 1524//1524
f 1525//1525 1526//1526 1527//1527
f 1528//1528 1529//1529 1530//1530
f 1531//1531 1532//1532 1533//1533
f 1534//1534 1535//1535 1536//1536
f 1537//1537 1538//1538 1539//1539
f 1540//1540 1541//1541 1542//1542
f 1543//1543 1544//1544 1545//1545
f 1546//1546 1547//1547 1548//1548
f 1549//1549 1550//1550 1551//1551
f 1552//1552 1553//1553 1554//1554
f 1555//1555 1556//1556 1557//1557
f 1558//1558 1559//1559 1560//1560
f 1561//1561 1562//1562 1563//1563
f 1564//1564 1565//1565 1566//1566
f 1567//1567 1568//1568 1569//1569
f 1570//1570 1571//1571 1572//1572
f 1573//1573 1574//1574 1575//1575
f 1576//1576 1577//1577 1578//1578
f 1579//1579 1580//1580 1581//1581
f 1582//1582 1583//1583 1584//1584
f 1585//1585 1586//1586 1587//1587
f 1588//1588 1589//1589 1590//1590
f 1591//1591 1592//1592 1593//1593
f 1594//1594 1595//1595 1596//1596
f 1597//1597 1598//1598 1599//1599
f 1600//1600 1601//1601 1602//1602
f 1603//1603 1604//1604 1605//1605
f 1606//1606 1607//1607 1608//1608
f 1609//1609 1610//1610 1611//1611
f 1612//1612 1613//1613 1614//1614
f 1615//1615 1616//1616 1617//1617
f 1618//1618 1619//1619 1620//1620
f 1621//1621 1622//1622 1623//1623
f 1624//1624 1625//1625 1626//1626
f 1627//1627 1628//1628 1629//1629
f 1630//1630 1631//1631 1632//1632
f 1633//1633 1634//1634 1635//1635
f 1636//1636 1637//1637 1638//1638
f 1639//1639 1640//1640 1641//1641
f 1642//1642 1643//1643 1644//1644
f 1645//1645 1646//1646 1647//1647
f 1648//1648 1649//1649 1650//1650
f 1651//1651 1652//1652 1653//1653
f 1654//1654 1655//1655 1656//1656
f 1657//1657 1658//1658 1659//1659
f 1660//1660 1661//1661 1662//1662
f 1663//1663 1664//1664 1665//1665
f 1666//1666 1667//1667 1668//1668
f 1669//1669 1670//1670 1671//1671
f 1672//1672 1673//1673 1674//1674
f 1675//1675 1676//1676 1677//1677
f 1678//1678 1679//1679 1680//1680
f 1681//1681 1682//1682 1683//1683
f 1684//1684 1685//1685 1686//1686
f 1687//1687 1688//1688 1689//1689
f 1690//1690 1691//1691 1692//1692
f 1693//1693 1694//1694 1695//1695
f 1696//1696 1697//1697 1698//1698
f 1699//1699 1700//1700 1701//1701
f 1702//1702 1703//1703 1704//1704
f 1705//1705 1706//1706 1707//1707
f 1708//1708 1709//1709 1710//1710
f 1711//1711 1712//1712 1713//1713
f 1714//1714 1715//1715 1716//1716
f 1717//1717 1718//1718 1719//1719
f 1720//1720 1721//1721 1722//1722
f 1723//1723 1724//1724 1725//1725
f 1726//1726 1727//1727 1728//1728
f 1729//1729 1730//1730 1731//1731
f 1732//1732 1733//1733 1734//1734
f 1735//1735 1736//1736 1737//1737
f 1738//1738 1739//1739 1740//1740
f 1741//1741 1742//1742 1743//1743
f 1744//1744 1745//1745 1746//1746
f 1747//1747 1748//1748 1749//1749
f 1750//1750 1751//1751 1752//1752
f 1753//1753 1754//1754 1755//1755
f 1756//1756 1757//1757 1758//1758
f 1759//1759 1760//1760 1761//1761
f 1762//1762 1763//1763 1764//1764
f 1765//1765 1766//1766 1767//1767
f 1768//1768 1769//1769 1770//1770
f 1771//1771 1772//1772 1773//1773
f 1774//1774 1775//1775 1776//1776
f 1777//1777 1778//1778 1779//1779
f 1780//1780 1781//1781 1782//1782
f 1783//1783 1784//1784 1785//1785
f 1786//1786 1787//1787 1788//1788
f 1789//1789 1790//1790 1791//1791
f 1792//1792 1793//1793 1794//1794
f 1795//1795 1796//1796 1797//1797
f 1798//1798 1799//1799 1800//1800
f 1801//1801 1802//1802 1803//1803
f 1804//1804 1805//1805 1806//1806
f 1807//1807 1808//1808 1809//1809
f 1810//1810 1811//1811 1812//1812
f 1813//1813 1814//1814 1815//1815
f 1816//1816 1817//1817 1818//1818
f 1819//1819 1820//1820 1821//1821
f 1822//1822 1823//1823 1824//1824
f 1825//1825 1826//1826 1827//1827
f 1828//1828 1829//1829 1830//1830
f 1831//1831 1832//1832 1833//1833
f 1834//1834 1835//1835 1836//1836
f 1837//1837 1838//1838 1839//1839
f 1840//1840 1841//1841 1842//1842
f 1843//1843 1844//1844 1845//1845
f 1846//1846 1847//1847 1848//1848
f 1849//1849 1850//1850 1851//1851
f 1852//1852 1853//1853 1854//1854
f 1855//1855 1856//1856 1857//1857
f 1858//1858 1859//1859 1860//1860
f 1861//1861 1862//1862 1863//1863
f 1864//1864 1865//1865 1866//1866
f 1867//1867 1868//1868 1869//1869
f 1870//1870 1871//1871 1872//1872
f 1873//1873 1874//1874 1875//1875
f 1876//1876 1877//1877 1878//1878
f 1879//1879 1880//1880 1881//1881
f 1882//1882 1883//1883 1884//1884
f 1885//1885 1886//1886 1887//1887
f 1888//1888 1889//1889 1890//1890
f 1891//1891 1892//1892 1893//1893
f 1894//1894 1895//1895 1896//1896
f 1897//1897 1898//1898 1899//1899
f 1900//1900 1901//1901 1902//1902
f 1903//1903 1904//1904 1905//1905
f 1906//1906 1907//1907 1908//1908
f 1909//1909 1910//1910 1911//1911
f 1912//1912 1913//1913 1914//1914
f 1915//1915 1916//1916 1917//1917
f 1918//1918 1919//1919 1920//1920
f 1921//1921 1922//1922 1923//1923
f 1924//1924 1925//1925 1926//1926
f 1927//1927 1928//1928 1929//1929
f 1930//1930 1931//1931 1932//1932
f 1933//1933 1934//1934 1935//1935
f 1936//1936 1937//1937 1938//1938
f 1939//1939 1940//1940 1941//1941
f 1942//1942 1943//1943 1944//1944
f 1945//1945 1946//1946 1947//1947
f 1948//1948 1949//1949 1950//1950
f 1951//1951 1952//1952 1953//1953
f 1954//1954 1955//1955 1956//1956
f 1957//1957 1958//1958 1959//1959
f 1960//1960 1961//1961 1962//1962
f 1963//1963 1964//1964 1965//1965
f 1966//1966 1967//1967 1968//1968
f 1969//1969 1970//1970 1971//1971
f 1972//1972 1973//1973 1974//1974
f 1975//1975 1976//1976 1977//1977
f 1978//1978 1979//1979 1980//1980
f 1981//1981 1982//1982 1983//1983
f 1984//1984 1985//1985 1986//1986
f 1987//1987 1988//1988 1989//1989
f 1990//1990 1991//1991 1992//1992
f 1993//1993 1994//1994 1995//1995
f 1996//1996 1997//1997 1998//1998
f 1999//1999 2000//2000 2001//2001
f 2002//2002 2003//2003 2004//2004
f 2005//2005 2006//2006 2007//2007
f 2008//2008 2009//2009 2010//2010
f 2011//2011 2012//2012 2013//2013
f 2014//2014 2015//2015 2016//2016
f 2017//2017 2018//2018 2019//2019
f 2020//2020 2021//2021 2022//2022
f 2023//2023 2024//2024 2025//2025
f 2026//2026 2027//2027 2028//2028
f 2029//2029 2030//2030 2031//2031
f 2032//2032 2033//2033 2034//2034
f 2035//2035 2036//2036 2037//2037
f 2038//2038 2039//2039 2040//2040
f 2041//2041 2042//2042 2043//2043
f 2044//2044 2045//2045 2046//2046
f 2047//2047 2048//2048 2049//2049
f 2050//2050 2051//2051 2052//2052
f 2053//2053 2054//2054 2055//2055
f 2056//2056 2057//2057 2058//2058
f 2059//2059 2060//2060 2061//2061
f 2062//2062 2063//2063 2064//2064
f 2065//2065 2066//2066 2067//2067
f 2068//2068 2069//2069 2070//2070
f 2071//2071 2072//2072 2073//2073
f 2074//2074 2075//2075 2076//2076
f 2077//2077 2078//2078 2079//2079
f 2080//2080 2081//2081 2082//2082
f 2083//2083 2084//2084 2085//2085
f 2086//2086 2087//2087 2088//2088
f 2089//2089 2090//2090 2091//2091
f 2092//2092 2093//2093 2094//2094
f 2095//2095 2096//2096 2097//2097
f 2098//2098 2099//2099 2100//2100
f 2101//2101 2102//2102 2103//2103
f 2104//2104 2105//2105 2106//2106
f 2107//2107 2108//2108 2109//2109
f 2110//2110 2111//2111 2112//2112
f 2113//2113 2114//2114 2115//2115
f 2116//2116 2117//2117 2118//2118
f 2119//2119 2120//2120 2121//2121
f 2122//2122 2123//2123 2124//2124
f 2125//2125 2126//2126 2127//2127
f 2128//2128 2129//2129 2130//2130
f 2131//2131 2132//2132 2133//2133
f 2134//2134 2135//2135 2136//2136
f 2137//2137 2138//2138 2139//2139
f 2140//2140 2141//2141 2142//2142
f 2143//2143 2144//2144 2145//2145
f 2146//2146 2147//2147 2148//2148
