# Blender 5.0.1
# www.blender.org
mtllib bed.mtl
o Box021
v 16.913013 0.661879 32.607456
v 16.910439 9.142942 32.610752
v 15.810979 9.139646 32.607456
v 15.813552 0.658583 32.610752
v 16.911205 0.657183 -31.231613
v 15.811704 0.663344 -31.236917
v 15.812808 9.144334 -31.231611
v 16.912310 9.138173 -31.236917
v -15.785373 1.873354 33.179604
v 16.703104 1.873343 33.176891
v 16.703104 13.110235 33.179607
v -15.785361 13.110234 33.176884
v 18.080879 15.538885 33.576061
v 16.544935 15.545832 33.577282
v 16.547842 -0.392840 32.686737
v 18.077082 -0.392234 32.686779
v 16.549238 -0.394177 33.643993
v 18.077061 -0.392364 33.644085
v 18.100622 16.925169 32.725903
v 16.525616 16.935804 32.721035
v 15.503629 15.159449 -32.237843
v 4.130694 28.008802 -32.235989
v -5.909655 27.622972 -32.236374
v 12.066357 25.444103 -32.241688
v -15.047856 23.396290 -32.236717
v 15.415660 15.245173 -31.437695
v 15.432238 22.963619 -31.435198
v 13.525421 24.442095 -31.436813
v -15.100963 22.963396 -31.438616
v -15.084757 15.244906 -31.442642
v -1.800537 27.997511 -31.445782
v 6.910662 27.222761 -31.432083
v -7.174476 27.152229 -31.418245
v 2.486289 28.020412 -31.443197
v 10.775150 25.925138 -31.434685
v -12.586895 24.849251 -31.436184
v -15.173116 15.153454 -32.231758
v 15.513480 23.015676 -32.234539
v 22.287220 15.691289 -20.486782
v 38.973049 15.672978 -20.219492
v 38.949303 20.909048 -20.220093
v 22.287220 20.909048 -20.486782
v 38.973049 21.656368 -20.219492
v 38.949303 26.892439 -20.220093
v 22.287220 26.892439 -20.486782
v 22.287220 21.674679 -20.486782
v 22.563528 16.015833 -19.668972
v 38.544857 16.116592 -19.370287
v 38.648556 20.600645 -19.415512
v 22.553009 20.582121 -19.663223
v 38.549084 22.095795 -19.378729
v 38.644821 26.580452 -19.406240
v 22.549732 26.569267 -19.672594
v 22.566938 22.002947 -19.659664
v 22.287220 3.783509 -20.486771
v 38.949303 3.783509 -20.220091
v 38.949303 9.001279 -20.220091
v 22.287220 9.001279 -20.486771
v 38.949303 9.745129 -20.220091
v 38.949303 14.962889 -20.220093
v 22.287220 14.962889 -20.486773
v 22.287220 9.745129 -20.486771
v 22.563530 4.108061 -19.668970
v 38.658775 4.094236 -19.409315
v 38.648552 8.692868 -19.415501
v 22.553013 8.674347 -19.663221
v 38.662380 10.052241 -19.418644
v 38.644817 14.650895 -19.406231
v 22.549734 14.639712 -19.672588
v 22.566946 10.073403 -19.659651
v -15.785362 0.997807 -31.757404
v -15.785365 12.234668 -31.760122
v 16.703091 0.997787 -31.760117
v 16.703102 12.234677 -31.757401
v 17.191320 26.011904 -31.265022
v 15.655390 26.018867 -31.263811
v 15.655658 0.007646 -32.153286
v 17.189329 0.008564 -32.154163
v 15.659685 0.005911 -31.197092
v 17.187508 0.007722 -31.197001
v 15.634256 27.408033 -32.120361
v 17.213413 27.396929 -32.105690
v 39.594204 27.640718 -33.588810
v 39.588558 3.066828 -33.589775
v 21.786572 3.071681 -33.588814
v 21.792206 27.645573 -33.589779
v 21.791807 3.066443 -20.265650
v 39.593819 3.072085 -20.264685
v 39.588970 27.645954 -20.265650
v 21.786947 27.640318 -20.264683
v -39.093548 3.783509 -20.486771
v -22.431461 3.783509 -20.220091
v -22.431461 9.001279 -20.220091
v -39.093548 9.001279 -20.486771
v -22.431461 9.745129 -20.220091
v -22.431461 14.962889 -20.220093
v -39.117294 14.981204 -20.486933
v -39.093548 9.745129 -20.486771
v -38.818699 4.091921 -19.672977
v -22.723478 4.110445 -19.405460
v -22.733809 8.676727 -19.411539
v -38.829113 8.690554 -19.667118
v -22.719902 10.068307 -19.414715
v -22.737516 14.634613 -19.402342
v -38.720440 14.541769 -19.633018
v -38.815258 10.057123 -19.663580
v -21.786552 15.606762 -33.588806
v -21.792196 3.066826 -33.589779
v -39.594181 3.071680 -33.588814
v -39.588543 15.611615 -33.589771
v -39.588947 3.066443 -20.265650
v -21.786940 3.072083 -20.264685
v -21.791788 15.612000 -20.265650
v -39.593803 15.606359 -20.264685
v -15.354258 0.661876 32.607460
v -15.356833 9.142946 32.610756
v -16.456284 9.139646 32.607456
v -16.453711 0.658583 32.610752
v -15.356056 0.657183 -31.231613
v -16.455559 0.663345 -31.236917
v -16.454456 9.144334 -31.231611
v -15.354953 9.138173 -31.236917
v -16.918987 -0.393211 32.686398
v -15.387401 15.538893 33.576061
v -16.923332 15.545837 33.577282
v -15.391097 -0.392345 32.686989
v -16.919035 -0.394178 33.643993
v -15.391223 -0.392368 33.644085
v -15.368268 16.925482 32.724224
v -16.942568 16.935789 32.722424
v -15.110260 26.011913 -31.265022
v -16.646179 26.018873 -31.263811
v -16.645031 0.007500 -32.153633
v -15.113060 0.008307 -32.154316
v -16.641884 0.005908 -31.197088
v -15.114078 0.007718 -31.196997
v -15.090973 27.398022 -32.104351
v -16.665480 27.408886 -32.120819
v -15.771670 14.620427 32.976986
v 16.735159 14.254547 32.738159
v 16.735159 14.598694 33.384247
v -15.771670 14.254545 33.549053
v 16.735159 13.827942 33.265423
v -15.771670 13.840761 32.946655
v -15.771670 14.064681 -32.368797
v 16.735159 14.388712 -31.922731
v -15.771670 14.170201 -31.595718
v 16.735159 13.661083 -31.652670
v -15.771670 13.543288 -31.856686
v 16.735159 13.695122 -32.273838
v 31.721609 6.271711 -19.321871
v 31.419737 7.186991 -19.258799
v 30.601145 7.529011 -19.283953
v 30.523340 7.251494 -18.792519
v 29.606932 6.924817 -19.357862
v 29.655888 5.706285 -19.325449
v 30.140152 5.316739 -19.302185
v 31.179136 5.366898 -19.280727
v 30.839594 5.511479 -18.786678
v 32.029484 5.850900 -18.290941
v 30.421072 7.818894 -18.316456
v 31.547642 7.440800 -18.332352
v 29.714010 5.171683 -18.354971
v 31.352112 5.040717 -18.313906
v 29.595778 6.198744 -18.707291
v 31.531427 6.516016 -18.696325
v 29.141134 6.805126 -18.418760
v 31.767981 12.253377 -19.271894
v 31.169651 13.335701 -19.338976
v 30.046515 13.315782 -19.345112
v 29.542826 12.645890 -19.352612
v 29.678669 11.711073 -19.352858
v 30.400572 11.217677 -19.268675
v 30.972248 11.541208 -18.806833
v 31.178385 11.353856 -19.282598
v 29.571409 13.455825 -18.357637
v 31.355421 11.116396 -18.328655
v 32.086330 12.442651 -18.306210
v 31.116180 13.713447 -18.331314
v 31.466679 12.565755 -18.734312
v 30.662077 13.289977 -18.670670
v 29.716894 12.746000 -18.710800
v 29.987305 11.627489 -18.689093
v 29.135349 12.144801 -18.356199
v 29.859892 11.056595 -18.397526
v 31.648798 17.911739 -19.327475
v 31.650415 18.655516 -19.255112
v 31.321012 18.630713 -18.715710
v 30.797964 19.285442 -19.342731
v 29.803175 18.938269 -19.333809
v 29.449125 17.959301 -19.330746
v 29.716215 18.264317 -18.799248
v 30.112356 17.118046 -19.282087
v 30.103598 17.407528 -18.927517
v 31.163788 17.193417 -19.353138
v 31.973738 17.958708 -18.279015
v 30.211679 19.617344 -18.343445
v 31.277079 16.831554 -18.357372
v 30.493927 19.119717 -18.690529
v 31.070356 17.284174 -18.729694
v 31.728689 19.062742 -18.294281
v 29.133045 18.414814 -18.439013
v 29.633041 17.039497 -18.336630
v 31.419718 25.018675 -19.258804
v 30.853865 25.279669 -19.306095
v 30.024128 25.199366 -19.301081
v 29.517080 24.594091 -19.282806
v 29.516630 23.804815 -19.309195
v 30.132856 23.192610 -19.329624
v 30.809568 23.114864 -19.309574
v 31.486658 23.456627 -19.275797
v 31.735783 24.177197 -19.279589
v 32.084614 24.086071 -18.317772
v 29.479788 25.175135 -18.363199
v 31.132414 25.580160 -18.293591
v 31.103704 22.858938 -18.300714
v 31.604948 24.232357 -18.666994
v 29.739923 24.069197 -18.807800
v 30.536407 23.234682 -18.684996
v 30.263952 25.067011 -18.775028
v 29.158752 23.778736 -18.369255
v 30.158203 22.835226 -18.448282
v -28.975489 6.169043 -19.334560
v -29.357639 7.232508 -19.300137
v -30.251303 7.475891 -19.329950
v -31.082472 6.932349 -19.304249
v -31.242079 6.468711 -19.292717
v -30.980194 5.619050 -19.295628
v -29.894053 5.236366 -19.330997
v -30.278868 5.436100 -18.748680
v -31.224384 5.414236 -18.332859
v -29.861496 4.934116 -18.302982
v -28.630650 6.124727 -18.310062
v -29.196646 7.499246 -18.362959
v -30.560642 7.705112 -18.283943
v -31.500708 6.767300 -18.416353
v -29.126570 6.195595 -18.661446
v -31.058271 6.728800 -18.681828
v -29.990046 7.339855 -18.717134
v -29.205900 13.095593 -19.277691
v -29.586615 13.052755 -18.763809
v -30.090260 13.514611 -19.283964
v -30.816299 13.201841 -19.308554
v -31.233475 12.555196 -19.302263
v -31.037369 11.690332 -19.289419
v -30.410879 11.282529 -19.316444
v -29.601761 11.305707 -19.266441
v -28.974920 12.055246 -19.292486
v -30.434280 13.787728 -18.343195
v -31.496946 12.766630 -18.344429
v -29.914270 10.901930 -18.369219
v -29.146931 13.441786 -18.321869
v -30.730574 13.109200 -18.681479
v -29.564955 11.667017 -18.808249
v -31.255554 11.495255 -18.364630
v -28.777069 11.741800 -18.252380
v -29.224669 12.281709 -18.775328
v -30.773874 11.658888 -18.754780
v -15.771670 0.924213 32.723782
v 16.735159 0.672286 32.723774
v 16.735159 1.189112 33.163807
v -15.771670 1.075880 33.439915
v 16.735159 0.624878 33.546185
v -15.771670 0.410162 33.310246
v -15.079341 15.261254 -31.476074
v -12.579290 24.839764 -31.476074
v -15.090591 22.957884 -31.476074
v 2.489789 28.009453 -31.476061
v -1.821234 27.987169 -31.476074
v -7.230174 27.116529 -31.476074
v 10.771331 25.911694 -31.473074
v 6.908568 27.209309 -31.472408
v 15.405715 15.254377 -31.473568
v 15.419959 22.957888 -31.473074
v 13.520200 24.430109 -31.473074
v 37.126003 3.092881 -23.304585
v 38.492931 1.626706 -24.260418
v 37.460918 -0.154599 -22.922766
v 37.806377 0.234431 -24.372480
v 36.232479 1.079663 -25.155928
v 36.736492 3.098267 -23.507746
v 35.267052 1.525866 -24.250378
v 35.091911 1.900523 -22.694624
v 35.528744 -0.008138 -22.918760
v 36.692173 3.096849 -22.907003
v 36.393948 1.295690 -21.151241
v 38.506943 0.942822 -22.013157
v 26.186579 1.626703 -24.260426
v 26.070036 0.624601 -22.130116
v 24.799097 -0.317793 -23.437073
v 25.557829 0.303845 -24.400633
v 24.585730 3.098653 -23.500835
v 23.926132 1.079664 -25.155928
v 24.205816 3.098708 -23.142220
v 22.737316 1.560530 -23.934263
v 23.049681 0.261955 -23.392183
v 22.841684 1.118250 -22.094164
v 24.740490 3.102609 -22.950924
v 24.178751 0.228222 -21.771124
v 24.131340 1.542291 -21.359192
v 25.671997 1.910776 -21.817390
v 37.128788 3.097670 -30.940918
v 38.770626 1.051413 -30.292227
v 38.025089 1.917790 -32.326504
v 38.079754 0.241170 -31.734604
v 36.751705 -0.125351 -29.842640
v 36.729359 1.121492 -32.966434
v 36.586609 3.098003 -31.163710
v 36.033245 0.239782 -32.191128
v 34.901752 1.202853 -31.646778
v 35.257690 1.065889 -29.626026
v 36.790104 3.098606 -30.627607
v 37.181038 1.606009 -28.984793
v 24.765924 3.096665 -31.127989
v 26.205389 1.581156 -31.995274
v 26.084763 0.278971 -31.218336
v 23.701155 -0.022889 -31.841444
v 24.237936 3.096684 -31.071945
v 24.383617 1.079659 -32.974464
v 22.980057 1.544984 -31.997578
v 22.539755 1.149398 -30.593840
v 24.466055 3.095687 -30.619171
v 23.773100 1.577701 -29.157339
v 24.405525 0.158486 -29.366547
v 25.862030 1.581990 -29.563559
v -24.102053 2.996676 -22.913870
v -22.457588 1.052590 -22.643246
v -23.088932 1.560537 -24.150663
v -24.077868 0.064671 -24.173496
v -25.586576 0.004715 -22.251724
v -25.175556 1.560537 -24.637478
v -24.519005 3.097627 -23.159939
v -26.434650 1.079659 -23.488369
v -24.750544 3.098319 -22.673992
v -26.060505 1.561091 -21.808004
v -24.383734 3.101108 -22.527676
v -24.937040 1.118247 -20.873304
v -23.493711 1.561095 -21.254591
v -23.676714 0.239778 -21.592026
v -36.539490 3.098203 -22.991732
v -35.395275 1.560548 -24.150658
v -35.469982 0.290437 -23.739508
v -36.516258 -0.155595 -22.195084
v -37.141197 1.539299 -24.688284
v -37.422485 0.318117 -24.285292
v -37.090340 2.984064 -23.127470
v -38.585045 1.560540 -23.569086
v -38.263336 0.206315 -22.808104
v -38.491577 1.132565 -21.738230
v -37.106651 3.099182 -22.707716
v -37.000427 1.024835 -20.801723
v -35.096886 1.330922 -21.633253
v -36.683716 3.101010 -22.537344
v -24.196920 3.098315 -31.059006
v -22.551413 1.065463 -30.293573
v -22.934879 1.038139 -32.249603
v -23.861452 -0.154599 -30.657902
v -24.437422 0.199216 -32.394669
v -24.067276 1.541995 -32.762325
v -24.753237 3.098154 -31.104797
v -25.814543 1.560541 -32.340534
v -25.879786 0.315886 -31.710821
v -26.297245 1.556945 -30.220612
v -25.583433 0.165459 -30.006468
v -24.544115 3.097814 -30.619780
v -24.712688 1.023985 -28.907225
v -23.493696 1.561101 -29.354898
v -36.665905 3.099295 -31.226002
v -35.330154 2.020738 -31.883244
v -35.271122 0.259241 -31.036779
v -37.029995 -0.155595 -31.594040
v -36.362064 0.971069 -32.938679
v -37.481186 1.959338 -32.555279
v -38.658203 1.190844 -31.814463
v -37.116646 3.097904 -30.919916
v -38.177444 0.258767 -30.248083
v -38.394547 1.525869 -29.930807
v -37.249256 1.116924 -28.967146
v -36.075497 0.286132 -29.588293
v -35.157219 1.622358 -29.820745
v -36.644329 3.097657 -30.663136
v 7.189922 12.368867 -19.334505
v 7.216873 12.429326 -18.142887
v 6.634741 11.968056 -19.711500
v 5.314793 12.117395 -20.624950
v 4.877710 12.852929 -17.244444
v 0.807866 12.143979 -20.022415
v -1.409866 12.487505 -18.687551
v -6.559690 12.330479 -17.932943
v -8.112529 12.005914 -19.908552
v -8.355036 12.288089 -18.870047
v -8.516270 12.102319 -19.257790
v -8.673180 12.296208 -19.386690
v -8.886641 12.062119 -19.261761
v -7.038993 12.871633 -20.605568
v -7.429726 13.177812 -20.886398
v -7.365939 16.356527 -20.202827
v -8.514500 19.509249 -22.846382
v -8.240180 19.779087 -22.905703
v -8.592521 19.862827 -22.963043
v -7.794454 13.124931 -19.471754
v -8.239282 19.753609 -22.875259
v -7.046086 13.354330 -18.000982
v -6.568024 13.376595 -17.364223
v -8.442437 19.709085 -22.767460
v -4.746379 17.136036 -18.021839
v -3.593451 14.918624 -16.970390
v -6.781342 18.884468 -20.400400
v -0.436359 13.378228 -17.479460
v -3.443339 18.922550 -21.184048
v -0.656239 16.321800 -16.967979
v 0.854868 17.820881 -17.930771
v 3.085434 18.835285 -21.543276
v 1.297229 18.829182 -20.210054
v 3.370537 16.422960 -17.207176
v 5.570341 13.661170 -16.908508
v 5.942049 18.841419 -19.879992
v 6.122869 14.043346 -17.723566
v 6.701055 16.379452 -19.796694
v 7.503127 19.529934 -21.780985
v 7.766078 19.644779 -22.458881
v 7.989944 19.491703 -22.400480
v 6.572039 13.497910 -19.476501
v 7.760490 19.704859 -22.436102
v 6.981501 13.200887 -19.720940
v 8.024810 19.470448 -22.268732
v 8.116620 19.790718 -22.453102
v 3.383212 12.468953 -18.506557
v -3.115086 12.490836 -18.544991
v 6.384604 12.848521 -20.816765
v 6.827252 15.841589 -21.915422
v 6.373812 12.416252 -20.532639
v 5.677842 12.102925 -21.729759
v 5.610675 16.124289 -23.532990
v 3.505915 11.989583 -21.345028
v 3.149522 14.507504 -23.961088
v 0.450211 12.967398 -23.403984
v 4.546677 16.908489 -23.767265
v 2.885864 17.858652 -23.227615
v -1.936365 15.625877 -24.303482
v -0.820628 12.012618 -21.482782
v -4.300446 13.979057 -23.838018
v -3.882474 18.389681 -22.898884
v -4.211102 11.873436 -21.711454
v -6.264963 11.972099 -21.952663
v -4.937727 11.920507 -19.970520
v -8.081008 19.071587 -23.220917
v -6.689437 17.445101 -23.888245
v -6.931190 12.015882 -20.746960
v -7.444964 15.778662 -22.126986
v -10.340993 11.994118 -25.546312
v 10.805199 14.306395 -29.051647
v 10.554117 14.011022 -30.796730
v 10.123032 13.207322 -26.980425
v 11.414258 12.138837 -25.724371
v 10.471251 11.140323 -26.725193
v 10.383372 11.645121 -24.979496
v 7.257820 10.569252 -26.321508
v -7.918322 11.114446 -25.964025
v -9.908598 11.354928 -26.044209
v -10.873919 16.192205 -31.338650
v -5.361950 15.319618 -30.740395
v 4.414841 14.345065 -31.066545
v 10.184110 11.486708 -26.896168
v 10.107950 12.143836 -29.339050
v 9.048800 10.295125 -28.002584
v 8.502280 9.586560 -28.040369
v 8.433699 9.589975 -28.814077
v 7.487430 9.843598 -29.972294
v 4.578775 9.494169 -28.734943
v 6.508122 11.248738 -31.002851
v -4.110834 10.641091 -31.006317
v 3.272564 10.300183 -26.990019
v -1.381423 10.238648 -27.277349
v -1.797661 9.767739 -29.944473
v -1.916696 10.914701 -25.113623
v -6.158693 14.072464 -31.474310
v -5.383024 9.694513 -28.539021
v -7.797857 9.599566 -28.831251
v -7.538319 9.673960 -28.008301
v -6.814977 12.223570 -31.446339
v -7.759135 10.938561 -30.231260
v -9.151397 10.792840 -27.243515
v -8.278383 10.499654 -27.905243
v -9.344535 13.605489 -31.091681
v -9.439924 11.714929 -26.951191
v -9.181072 11.923399 -29.178869
v -9.659811 11.858413 -26.578140
v -8.765714 12.317739 -24.569059
v 7.188047 11.222562 -24.430140
v -5.129034 11.309373 -24.328085
v -9.781340 13.422371 -28.975510
v -9.140615 14.661497 -27.314154
v 5.205794 16.000050 -29.895132
v -8.222788 11.645032 -23.795332
v -8.620154 12.705899 -23.684942
v -9.247202 16.423443 -29.391699
v -7.354182 16.448231 -27.532457
v -4.443114 16.247236 -29.399389
v -5.546496 15.477455 -25.157722
v 1.264443 11.861728 -24.033182
v -1.540218 15.068646 -24.396219
v 4.387043 14.470703 -23.967606
v 3.063784 16.352709 -26.102921
v 6.944906 15.823471 -25.778381
v 8.336633 14.899203 -25.449875
v 8.538913 16.576677 -28.575066
v 8.648435 13.088435 -23.614540
v 9.439922 12.008466 -23.569033
v 9.963521 12.037345 -25.521650
v 11.425373 16.343958 -30.790453
v 9.871258 15.812112 -28.076391
v 9.287253 11.813186 -24.940714
v 11.623766 15.730519 -30.334047
v 19.179239 4.978508 32.364620
v -16.010859 7.356897 28.255573
v -16.367643 7.829583 30.186567
v -15.331687 8.026500 29.610907
v -14.305633 8.716940 29.854853
v -10.686506 10.029686 30.335133
v -3.703944 10.309072 30.531143
v 5.021904 10.363071 30.663593
v 12.386100 10.481668 30.850946
v 13.646457 9.869593 30.508722
v 15.518867 8.906289 30.564077
v 15.997794 8.729521 30.522333
v 17.473377 7.751926 31.989573
v 18.276716 7.102252 31.789835
v 17.522787 7.506087 30.637877
v 17.347267 7.025745 29.809097
v 18.030754 6.346362 30.872562
v 19.606915 5.678065 30.559980
v 20.149895 7.897827 28.564344
v 20.286093 8.395087 25.994339
v 20.316517 8.011746 15.681397
v 20.416695 7.820328 7.461397
v 19.869415 7.654400 -6.455053
v 20.347937 7.759805 -11.217773
v 20.738707 7.878305 -9.755040
v 20.532381 8.831049 -13.632503
v 20.372402 10.352314 -13.215773
v 19.703091 11.175161 -13.361758
v 19.820461 11.895715 -12.956506
v 19.224899 12.346212 -12.904379
v 19.640198 12.580232 -11.691848
v 18.642797 13.188597 -12.961795
v 18.012957 13.850496 -13.263940
v 17.303652 13.714312 -13.254398
v 17.122345 14.402742 -13.031324
v 15.306836 14.724979 -13.165054
v 14.424253 14.888473 -11.529259
v 11.463470 15.980653 -13.154374
v 6.573165 17.008253 -12.807618
v 5.815634 16.768848 -12.173575
v 3.714771 17.009165 -12.922595
v -2.055123 17.238558 -13.111372
v -4.898741 16.615292 -13.291838
v -9.534848 14.384385 -13.669643
v -10.471976 14.057143 -13.594742
v -11.677361 13.660590 -13.359439
v -12.838767 13.155386 -13.606812
v -14.796302 12.532022 -13.709126
v -15.811582 12.452974 -13.548638
v -16.329847 11.405964 -13.975456
v -16.876907 10.149223 -14.185456
v -17.687517 8.660135 -14.652024
v -18.364523 7.465378 -14.908186
v -17.984015 6.962164 -9.822455
v -18.184601 7.470256 -8.339832
v -17.772942 6.651295 -4.806906
v -18.206064 7.362417 -1.831228
v -17.983770 6.799905 -0.834505
v -18.416311 7.357323 5.652677
v -18.155237 7.179544 15.384812
v -18.388020 7.140991 16.396875
v -18.387280 7.064659 21.338961
v -17.751904 7.183477 22.556723
v -18.362226 7.814041 23.960928
v -18.479010 7.334912 25.331129
v -19.000959 7.885724 25.941181
v -18.989790 7.310513 27.539282
v -19.626232 6.778170 28.703550
v -17.428213 6.925662 31.486753
v 20.749374 7.782467 -3.068939
v 21.079943 7.931160 7.649760
v 21.072105 8.089685 15.096582
v 21.163078 8.287317 21.633512
v 21.150869 8.560102 0.376115
v 21.559582 8.791668 12.628084
v 21.470997 8.859737 18.945299
v 21.549923 8.628442 25.469494
v 21.566767 8.383886 27.926670
v 20.159750 6.428253 30.630339
v 19.689472 9.354262 -3.458755
v 20.288338 10.580700 20.600912
v 20.042953 9.064157 -10.133335
v 21.078800 7.924519 29.266922
v 20.652180 11.061071 17.772556
v 20.494902 11.098707 23.850117
v 19.669867 7.426171 30.740326
v 18.714642 6.878939 29.461100
v 20.664747 10.323982 4.682946
v 20.494164 10.891698 13.537658
v 21.642429 8.967273 28.097937
v 19.448748 10.634928 -9.364590
v 19.711927 11.432663 -10.841491
v 19.224627 11.743689 -5.187990
v 18.314013 7.200274 31.052280
v 19.248075 9.979960 30.560520
v 19.182976 11.407301 0.388899
v 17.913332 13.782764 23.711872
v 18.345167 13.575980 -11.395993
v 18.982689 8.985879 32.119835
v 17.879646 13.825255 2.048123
v 18.125017 13.717940 -5.786860
v 17.900393 13.569573 19.734446
v 17.434452 7.363503 32.614193
v 17.238110 13.721462 -11.476963
v 17.669516 13.764256 12.595705
v 17.421682 12.788503 30.942366
v 17.934828 10.361869 32.167839
v 17.256304 14.487676 29.096386
v 17.255318 14.621888 26.965797
v 15.966599 11.003805 31.633671
v 16.096205 14.131973 -4.254919
v 14.792252 8.896681 31.350250
v 16.037683 8.770432 31.222956
v 12.945373 15.315451 10.485070
v 13.310524 15.648005 21.984175
v 15.297980 11.300223 30.509546
v 16.593395 14.463326 29.571682
v 13.766161 9.753014 31.077696
v 14.320041 14.943089 -7.314000
v 13.973699 15.066896 -0.418947
v 12.921129 10.783625 31.624002
v 14.632584 13.455306 30.532412
v 11.621675 15.806567 -4.365839
v 11.178086 15.819656 -1.050696
v 9.524497 11.822720 31.806009
v 7.999574 10.300280 31.564564
v 11.625379 15.807175 2.523707
v 11.603892 15.130790 24.749626
v 12.122838 14.109888 29.252399
v 10.126060 16.134781 -9.070522
v 11.439318 15.752762 15.028273
v 8.515574 16.183470 -11.497065
v 8.267566 16.536665 -2.284131
v 7.155548 16.510363 7.598856
v 7.705036 16.417273 -6.315753
v -4.023641 11.923604 31.461649
v 2.137485 10.914804 31.976255
v 5.566749 16.988459 -8.083262
v 5.394670 17.016916 2.421447
v 5.417893 13.904675 29.285511
v 3.625576 17.078876 5.272256
v 3.451811 16.744835 10.480690
v 3.141341 17.240221 -0.923644
v 1.213127 14.128121 28.780169
v 1.879813 10.283651 31.689417
v 1.762210 17.052113 -12.921962
v 4.658351 17.205608 -4.781586
v -4.220201 13.608082 29.550728
v -4.194190 10.189766 31.451370
v -0.715272 17.238558 -0.448368
v 0.029030 17.133430 -6.205017
v -0.441465 17.045073 -10.041598
v -2.451526 16.815977 9.515963
v -3.538132 16.987028 -8.406432
v 3.118079 15.668505 19.298006
v 2.950700 15.168935 23.222578
v -3.361606 17.055553 1.872007
v -3.652018 17.054985 -1.422892
v -5.166648 16.222687 13.531179
v -5.948824 16.023376 -10.595976
v -7.364485 10.673676 31.721628
v -6.423915 16.412745 -1.494757
v -8.683546 16.067604 10.897787
v -11.722144 10.028507 31.183668
v -8.427688 14.524278 -13.681010
v -8.249640 15.899518 4.535172
v -8.385699 16.043118 8.771986
v -9.305140 14.360804 -7.235247
v -8.448411 15.259124 -1.097186
v -11.348949 13.610808 2.844014
v -11.103439 14.316990 27.233990
v -11.168010 13.540450 29.267567
v -11.397191 11.435583 31.162760
v -11.753603 13.576981 6.710068
v -10.817392 13.802599 -2.197522
v -11.096940 14.826107 16.712767
v -9.945556 15.400250 22.217108
v -12.524786 13.065065 -11.764105
v -14.587621 10.685379 30.338120
v -12.053107 13.306934 -9.291946
v -16.201847 12.345694 27.732985
v -14.760582 8.934704 30.959412
v -13.636568 12.455772 -11.406567
v -14.286521 13.534360 23.146290
v -14.136535 12.644775 -0.553056
v -15.938289 12.148832 2.264791
v -15.605303 12.274816 12.963029
v -15.862523 10.069615 30.470291
v -13.960307 13.063773 -13.446864
v -15.721244 12.108382 -11.248894
v -15.798182 12.204509 -3.139011
v -16.177464 10.960678 29.391312
v -16.376606 12.732331 26.269651
v -16.658823 8.731154 29.799667
v -16.095358 12.068810 6.906947
v -17.246920 11.137589 16.731709
v -16.676340 9.334826 29.067465
v -16.667820 11.397214 -12.820610
v -16.769407 10.280359 -8.507246
v -16.985453 11.850336 21.197735
v -17.197208 10.299739 3.633688
v -17.916615 9.545169 4.566932
v -17.857719 8.288281 -3.494903
v -18.034159 8.930963 29.742533
v -16.783272 7.910123 28.241959
v -17.669188 9.032730 24.307938
v -17.802662 7.723711 29.702087
v -17.135645 8.847441 -7.654723
v -18.150955 9.325920 7.437900
v -17.414221 8.787310 -0.607389
v -18.280890 9.895817 18.369431
v -17.319942 11.246682 25.365522
v -18.765661 9.506049 26.012796
v -18.096338 10.418351 28.776035
v -17.228603 6.994359 29.213659
v -19.680166 7.883678 28.502548
v -19.485542 7.081251 29.217329
v -18.275259 9.211350 12.259436
v -18.676222 8.151974 15.486230
v -18.563890 8.616076 19.198635
v -14.756909 4.578095 -28.181879
v -14.803866 5.157526 -27.882660
v -14.563346 4.584198 -27.863358
v -14.055402 4.689874 28.377817
v -14.124709 4.848215 27.627487
v 14.410979 4.531132 -28.192347
v 14.175206 4.647460 -27.889597
v 14.341060 9.473244 -28.800980
v 14.321593 9.656095 -28.503815
v -15.149012 10.059797 -28.533512
v -14.956397 9.531352 -28.307327
v 14.666832 10.788079 28.556883
v 15.375025 9.557880 28.267859
v 14.725054 9.295794 28.048450
v 14.869315 9.303990 28.431829
v 15.593391 10.457720 26.818073
v -13.994952 4.791154 27.654881
v 15.105420 4.766672 28.578932
v 15.207262 4.724042 28.484873
v 14.987744 4.235431 28.749695
v 15.409418 4.742906 27.380522
v -14.716728 9.480051 -28.525446
v -15.195403 9.782986 -28.877731
v -14.101181 9.371174 29.248396
v -13.986196 10.892334 28.787329
v -11.335423 5.562809 -30.616438
v -14.015082 8.859044 28.674885
v 15.026443 9.367299 28.652617
v 15.258910 9.230362 28.924671
v -14.725421 9.896800 22.132343
v -15.553052 8.041005 23.259371
v -13.914708 8.815579 -29.671219
v -5.474813 10.896621 24.521559
v 8.933334 9.714955 26.985550
v 7.083855 10.975726 -24.075874
v -12.616031 9.584469 -29.630152
v -12.813590 9.592268 -29.624680
v -12.576330 9.592689 -29.640829
v 14.620639 5.048533 -27.577209
v 14.972510 4.623893 28.288086
v -8.425447 9.621376 -26.530396
v 12.585361 4.240443 -29.271280
v 15.084061 4.932163 28.580580
v 15.109143 4.858765 28.577448
v -12.241862 4.758682 29.207174
v 15.009875 4.662794 -26.380018
v 14.954422 5.263602 28.716755
v 14.971870 5.234142 28.706211
v 14.575030 9.616068 -28.780869
v 14.526497 9.658313 -29.088337
v 15.303412 9.110796 28.994568
v -14.934859 4.712640 -26.956705
v -15.530962 5.447390 2.952714
v -14.503204 4.234358 1.419804
v -15.536845 5.466502 3.312153
v -14.939137 4.241196 24.005791
v -15.423232 4.894033 19.684959
v -15.763802 5.773515 21.951572
v -14.952207 4.651926 24.895929
v -14.028243 4.874484 27.690220
v -14.005389 4.864212 27.694040
v 15.670478 5.143731 -12.059130
v 15.900699 5.379833 8.343440
v 13.567088 4.562672 29.520216
v 16.267691 4.631124 25.641844
v 15.743709 4.293276 25.642359
v 15.139340 5.758584 28.593327
v -9.759210 4.280478 29.884165
v -10.204917 4.641301 30.380524
v -15.346458 5.170310 11.999725
v -15.872901 4.731324 -21.595030
v -15.813945 4.662003 -24.662445
v -15.342079 4.275184 -25.655939
v -13.094108 4.651227 -28.976017
v -10.939738 4.543628 -29.833704
v -4.581396 4.746759 -29.621552
v -0.680559 4.777636 -29.674383
v 9.239964 4.650663 -29.974258
v 12.109801 4.668520 -29.510229
v 15.750697 5.300936 -7.810765
v 15.833814 5.418298 -3.246494
v 15.964798 5.154103 13.219699
v 16.186018 4.864213 19.963457
v 13.934041 9.621058 -28.753958
v 12.512671 10.408465 -29.081587
v 13.843631 9.648935 -28.850559
v 13.693500 10.181166 -23.238455
v 14.865369 10.247809 -12.342075
v 15.280200 10.231743 14.780714
v 15.846522 9.753436 26.971668
v 15.761139 9.719194 27.345535
v 15.184305 9.270661 28.882645
v 13.965904 9.609357 29.854486
v 14.881490 9.454602 28.944229
v -13.531810 9.579228 -29.443861
v -13.036801 9.586980 -29.597120
v -13.870790 9.552419 -29.270269
v -15.575111 9.684154 -26.674498
v -15.019938 10.080249 -14.624350
v -14.004582 9.666761 -16.854971
v -13.881615 9.613481 28.497107
v -13.719963 9.460250 29.270681
v -13.980054 9.451253 29.617285
v 2.972240 9.860698 29.781254
v -4.673954 9.809490 29.875071
v -14.610588 10.145385 15.445660
v -14.653223 10.549640 2.210912
v -15.443952 9.739700 -22.781603
v -13.975905 9.912959 -22.303722
v 14.860549 10.478567 -5.181220
v 14.924606 10.559539 0.927341
v 15.659671 9.866744 21.989206
v 15.382480 10.085482 17.064215
v 12.901319 4.856672 -28.920740
v 13.150699 5.129386 -29.418613
v 14.432233 9.619474 -28.501661
v -13.689338 9.567880 -29.366653
v -13.335065 4.756596 -28.754347
v -14.757080 6.217888 -28.207001
v 14.362683 5.540353 -28.185251
v 10.072712 4.616147 -30.005850
v -0.377204 4.811259 -29.688456
v -1.456193 4.773688 -29.619419
v -9.853290 4.572724 -29.824635
v -11.729994 4.420249 -29.769190
v 15.326091 8.816983 28.988535
v -13.975781 7.901671 28.556778
v 10.896235 9.628591 30.092482
v 15.157692 5.938452 28.606705
v -8.837128 4.664831 30.541945
v -9.235050 5.471353 31.134581
v -10.829550 4.711874 30.073883
v 15.341944 4.742979 27.520878
v 14.468386 8.355481 -28.446302
v 14.342998 5.530175 -28.164448
v 15.327356 4.589644 -26.325552
v 14.851992 10.389046 -8.540799
v 15.063163 9.798548 -26.457514
v 15.726442 5.307808 -7.399683
v 15.866735 5.383932 -1.399760
v 16.049816 5.043375 15.767787
v -15.411841 5.385595 24.911604
v -14.632009 4.598234 -27.686823
v -14.686606 5.107951 -28.125980
v -15.562322 9.710427 -24.980408
v -16.008129 5.040105 -25.409811
v -15.437195 5.347637 6.209706
v -15.390518 5.099790 13.818837
v -14.786438 9.807858 24.881937
v -13.894286 10.994414 25.620026
v -8.872130 11.875245 23.518661
v -12.054174 11.145383 25.547729
v -13.114883 9.868134 14.783842
v -13.137360 10.149576 10.584955
v -13.505706 10.248310 4.915474
v -14.605031 10.437454 8.315127
v -15.808902 6.712145 1.915955
v -13.817960 4.458723 3.578642
v -14.352875 4.430976 4.312741
v -14.478998 4.281249 11.237109
v -13.442578 4.243002 28.892576
v -13.949412 5.479125 28.328669
v -14.539077 9.760727 27.590427
v -13.373573 10.203328 22.877514
v -13.121959 9.845078 19.757507
v -12.880058 10.430848 2.909285
v -15.679723 7.435390 7.691752
v -9.966187 8.686289 30.717966
v -9.437804 9.698789 30.042496
v -10.690398 10.747345 28.653677
v -11.848327 11.237534 15.463329
v -11.455726 11.684944 7.571888
v -15.490245 8.957874 1.825805
v -13.399032 4.229232 5.080198
v -6.408611 4.762266 30.444166
v 1.684239 8.758868 30.500647
v 14.924018 4.646728 28.174032
v 13.562270 5.303483 30.313465
v 10.209792 6.572936 31.296629
v 12.914087 8.499732 30.755482
v 1.745462 6.939220 31.003418
v 11.027602 5.223975 30.934752
v 1.704652 5.615010 30.695204
v 11.433487 4.272995 29.923965
v 2.505298 4.561947 29.811167
v 1.914446 4.243712 28.862722
v 14.431388 4.237320 9.544017
v 15.279258 4.488883 11.703289
v 16.233076 6.642445 7.979715
v 16.668745 5.848094 22.260019
v 15.851005 5.305828 27.251600
v 1.156937 9.520869 27.616404
v -2.983391 9.466955 27.752359
v -9.522672 9.820611 28.843531
v -10.945477 11.805809 11.382597
v -11.324201 11.849777 3.244253
v -13.491312 10.253653 -0.262112
v -15.803156 5.860665 -3.756632
v 15.331241 4.782602 7.930469
v 14.378509 10.350250 29.270613
v 12.605777 9.682893 30.142889
v 10.171308 11.247605 25.378014
v 7.690698 9.546805 27.875910
v -6.182540 9.626135 27.265598
v -11.047482 11.669303 19.073107
v -10.017472 11.894436 15.268667
v -11.884196 11.531602 -3.923531
v -14.674895 10.542990 -1.281707
v -14.663730 4.254025 -4.186586
v 16.259542 7.697992 13.182113
v 16.622328 7.669017 24.203083
v 16.131285 9.300805 26.820509
v 15.809137 9.755031 24.931414
v 13.720832 10.045811 11.090129
v 13.804604 10.002646 15.326479
v 14.030955 9.830200 18.353197
v 14.270133 9.941367 23.537931
v 13.309221 11.399049 25.139330
v -10.326568 12.256372 21.311726
v -9.736663 12.140507 7.818163
v -15.671638 8.561576 -3.865026
v -2.839392 4.233459 3.591213
v -9.063005 4.607794 4.177178
v 14.298589 4.242841 5.934142
v 13.742899 10.143216 8.485494
v 12.473562 11.450382 11.970159
v 0.854215 10.357734 25.965611
v -8.577772 12.443777 17.416138
v -8.206956 12.685236 12.325958
v -8.089943 13.056217 7.655284
v -7.475224 13.061360 5.222162
v -9.442210 12.497313 2.533727
v -9.041675 12.664896 -2.651156
v 10.895960 4.275253 8.002861
v 15.881800 5.387576 2.632080
v 15.149498 10.354241 10.699377
v 12.224845 11.318009 16.444426
v 11.636039 11.884462 20.959219
v 10.044616 12.038418 22.294472
v 0.976317 11.540817 22.037710
v -5.061553 11.817542 20.741034
v 14.576190 4.256361 2.365592
v 16.121876 6.057905 4.715213
v 15.048958 10.493257 5.942846
v 12.814608 11.127750 8.047071
v 5.597982 11.507827 21.879063
v -7.780099 12.372017 20.230274
v -5.317659 13.090493 11.016437
v -6.672247 13.384577 -0.554503
v -7.531034 12.979494 -3.873938
v -10.560227 11.941726 -4.504568
v -12.847018 10.381364 -6.665856
v -14.253786 4.545206 -5.565903
v 10.182680 4.661547 7.380877
v 16.069952 8.076289 4.449517
v 9.581256 12.485258 14.460679
v 7.238740 12.100836 19.036673
v -0.918025 11.630912 21.090559
v -5.677764 13.093206 8.512548
v -13.569959 10.005196 -4.851157
v -10.465121 4.498958 -6.331051
v 14.390330 4.262863 3.495514
v 14.621074 4.289734 -3.179132
v 14.768694 4.392948 -8.227381
v 16.015203 6.463634 -7.424032
v 15.513194 9.792760 10.747512
v 13.834528 10.248087 4.086272
v 10.855677 12.094039 6.553149
v 12.230134 11.477283 18.398666
v 4.217131 11.301836 22.853018
v -5.771791 12.609330 15.004088
v -5.732660 13.270934 3.218025
v -5.700641 13.312955 -4.759497
v -9.569934 12.354085 -7.750330
v -12.367152 11.164005 -8.881397
v -4.372644 4.707405 4.780324
v 13.909261 4.320299 -4.593874
v 13.868222 4.237478 -8.252569
v 9.197089 12.415379 11.723747
v 7.580936 12.388618 17.067965
v 1.286808 12.172753 18.973412
v -4.437175 14.007939 -0.682647
v -4.462008 13.865674 -5.538414
v -7.850803 12.782191 -7.816081
v -16.015497 6.788404 -5.520132
v -6.150433 4.232370 -7.610033
v 7.080698 4.450082 2.953760
v 13.565442 10.009062 -6.408522
v 13.691472 10.157085 -3.252684
v 14.888089 10.528869 -2.322928
v 7.371247 12.890081 12.155309
v 3.789589 12.640341 16.201462
v 1.727637 12.662178 16.565205
v -5.088171 12.536942 17.129807
v -3.953599 13.410088 10.813208
v -3.954163 13.896740 6.439420
v -6.607292 13.122079 -9.860348
v -15.688756 5.357843 -7.075267
v -4.784105 4.244487 -6.143324
v 15.762688 8.336172 -12.354002
v 13.431148 9.916937 -11.611977
v 13.153935 10.447106 0.803076
v 11.988513 11.605125 3.522017
v -2.952297 14.265319 2.843147
v -14.425624 4.243075 -6.561224
v -2.686656 4.700232 -7.180308
v 3.230748 4.229802 6.639129
v 8.546504 12.939731 6.103457
v 5.839586 13.336011 5.671126
v 5.773250 12.728951 14.767585
v -2.390892 12.473450 17.450056
v -2.320871 13.579240 12.096933
v -2.345402 14.283302 -2.812791
v -13.588078 9.913862 -10.791096
v 1.665449 4.660533 7.631829
v 15.686080 4.724611 -23.134111
v 15.991208 7.674205 -21.949850
v 13.548278 9.787282 -14.128563
v 11.927334 11.422728 -10.399093
v 12.423881 11.446300 -4.391886
v 9.414977 12.753463 -0.679449
v 6.918705 13.197785 7.900539
v 4.544809 13.316616 13.209209
v 0.532400 13.278575 13.832719
v -0.363393 14.220627 2.488249
v 0.265772 14.201571 -4.994555
v 5.807211 4.614653 7.214046
v 14.910316 10.017531 -16.909891
v 11.849936 11.252568 -17.076914
v 12.430571 11.524449 0.860053
v -1.254566 13.924005 8.279299
v -15.745325 4.989210 -14.898290
v -0.489364 4.668856 5.015633
v -3.269536 4.253220 5.446999
v 2.377548 4.230776 8.502173
v 5.638148 4.233280 -5.697021
v 9.363598 12.375829 -10.794218
v 7.877176 12.958641 -1.253415
v 4.171402 13.933841 6.829546
v 2.701550 13.745652 9.257927
v 2.383759 13.537458 12.343568
v 1.574309 14.189628 4.541286
v -2.687420 14.001357 -8.219154
v -5.548408 12.901751 -12.068276
v -10.683659 11.898750 -12.100708
v -0.796778 4.240596 -5.324532
v 0.488932 4.280427 4.286382
v 7.927282 4.235687 -3.486360
v 7.195589 4.485603 -4.526999
v 10.187373 12.313048 -3.551488
v 4.277162 14.124259 3.295781
v -3.188640 13.633686 -11.917232
v -7.963451 12.725821 -13.251270
v -15.812741 8.414513 -11.671309
v -14.834010 4.256693 -13.919168
v 1.739461 4.261128 15.873710
v 10.780394 11.717593 -15.617321
v 8.702785 12.850531 -7.856292
v 1.908139 14.383484 -1.311240
v -5.982930 12.349360 -17.062782
v -9.898586 11.905096 -13.855554
v -12.014527 11.195652 -14.082472
v 13.333236 9.837137 -16.999979
v 9.199587 12.538861 -15.474747
v 7.961456 12.919811 -11.247105
v 6.715707 13.426967 -0.966037
v 5.825364 13.445226 0.492529
v 2.810180 14.023153 -7.493617
v 0.606033 13.747108 -10.979856
v -3.101673 12.783721 -15.565057
v -16.380878 5.955425 -21.896406
v 0.710910 4.232708 -8.687774
v 16.099874 5.980396 -23.451773
v 9.655648 12.208961 -17.497999
v 7.154134 12.529061 -14.890554
v 7.321579 13.072430 -6.643056
v 3.954239 14.069798 0.213774
v -0.736894 13.190287 -14.483116
v -13.553299 9.764213 -16.696524
v -16.036863 8.749187 -25.787418
v -13.230281 11.327140 -24.163700
v -9.708621 11.692998 -22.998426
v -7.516542 10.996064 -23.802092
v -2.868336 11.752363 -20.973989
v -0.320265 12.781388 -15.574020
v -0.131920 12.404677 -17.867834
v 2.046823 13.030935 -15.120995
v 3.636419 13.420467 -12.587831
v 4.741827 13.632761 -8.778093
v 5.621858 13.301276 -8.928403
v 4.217993 14.141257 -2.986158
v -4.613440 11.890186 -19.726482
v -10.870116 11.809242 -17.661520
v -11.062099 12.037770 -21.146112
v -7.504747 12.332479 -15.973724
v -12.557322 10.829247 -18.988014
v -14.935056 10.609944 -25.939915
v -14.619727 10.434464 -28.515488
v -12.148668 10.444147 -28.203552
v 5.445427 13.038137 -12.118587
v 1.594384 11.611722 -20.693079
v -7.679286 9.669457 -29.365934
v -12.358113 9.694867 -29.446095
v -14.988230 8.678266 -28.529007
v -13.580831 5.259081 -29.461069
v -11.186860 8.008154 -30.546696
v -5.578032 9.512236 -27.159464
v -4.483116 10.201697 -25.747717
v -0.958929 9.788033 -27.370304
v -0.275977 11.194026 -22.991133
v 5.850886 12.063331 -19.839497
v 4.786762 12.483271 -16.413942
v 6.634305 12.468831 -17.812906
v 0.166211 10.239128 -25.429729
v -1.511714 10.065337 -29.085295
v 2.275200 9.525121 -27.073034
v 4.430924 10.518351 -24.929480
v 9.584300 12.433493 -19.402864
v 9.598914 11.709821 -24.030722
v 7.925450 9.773129 -26.408056
v 6.123288 9.844712 -29.352026
v -1.272992 5.907043 -30.330103
v -1.135776 7.948396 -30.304502
v 1.112467 9.878652 -29.345953
v 13.288249 9.959501 -20.266188
v 11.545276 11.998157 -22.080269
v 2.189129 6.024130 -30.450027
v 11.937983 8.919122 -30.141983
v 9.387572 9.651924 -29.500772
v 13.775080 11.082746 -25.271896
v 11.750309 9.999978 -29.070709
v 10.214882 6.870435 -30.786329
v 14.552100 10.674271 -27.978418
v 15.061614 9.899615 -21.569077
v 15.392174 9.071415 -26.588247
v 10.686009 5.361228 -30.559439
v 13.183164 8.246873 -29.796118
v 15.127273 9.831172 -25.121397
v -1.335498 4.244272 -16.605370
v 15.111237 4.244212 -24.749252
v 0.343468 4.240119 -23.222906
v -0.538351 4.353843 -26.975922
v -1.387911 4.241119 -28.190372
v 0.748617 4.239276 -28.479847
v -14.442284 4.231290 -28.357916
v -9.187181 6.712373 31.354095
v -11.865736 5.210110 30.337362
v -12.537227 8.761180 30.086401
v -12.308666 10.336977 29.446344
v 14.560870 9.469748 -28.708551
v -14.698543 4.654302 -28.248688
v 14.213470 4.656770 -27.831003
v 14.959351 4.993553 28.428272
v -14.381978 5.070693 27.673935
v -14.489734 5.119051 27.727304
v 15.705141 9.697682 27.564320
v -14.580157 10.293658 11.929202
v -1.753297 9.867564 29.791143
v -16.672794 7.071434 29.769749
v -16.239429 6.838095 28.585722
v -16.185457 7.283728 28.188898
v -16.166231 7.804431 30.191242
v -15.497413 7.946849 29.617050
v -14.898872 8.930004 28.816191
v -14.196010 8.707520 29.844212
v -11.154590 9.976539 30.276066
v -6.191113 10.258018 30.481699
v 12.075732 10.494149 30.868002
v 15.289519 8.994379 30.561310
v 16.225382 8.557904 30.550360
v 17.545116 7.732512 32.206707
v 18.021551 7.054329 31.394178
v 17.422255 6.996924 29.951712
v 17.972189 6.444267 30.777536
v 19.255424 5.039463 32.473495
v 19.692987 6.061967 30.288395
v 20.176580 8.046292 28.270441
v 20.286785 8.390504 25.922773
v 20.318960 7.998240 14.772546
v 20.418877 7.798817 6.828971
v 19.870245 7.649035 -6.488373
v 19.123184 7.851817 -5.398802
v 20.362537 7.834270 -11.699101
v 20.859777 8.769903 -13.682323
v 20.513922 8.699427 -13.709283
v 20.496019 10.048912 -13.221455
v 19.921646 11.569057 -13.061283
v 19.284452 11.951582 -13.096647
v 19.472580 12.372816 -12.908560
v 18.271645 13.675703 -13.193469
v 17.058769 14.200201 -12.966259
v 17.320595 14.092760 -13.220173
v 15.972765 14.463175 -13.127887
v 13.860926 15.020883 -13.206590
v 5.387119 17.153744 -12.799563
v 6.016375 16.700176 -12.853883
v 2.958246 17.240360 -12.960404
v -1.668712 17.289106 -13.086579
v -5.246212 16.484768 -13.358122
v -6.246498 15.412106 -13.270889
v -8.155461 14.626044 -13.623959
v -9.113990 14.135557 -13.262177
v -9.508188 14.487322 -13.695019
v -10.209357 14.035191 -13.649438
v -11.256474 13.928597 -13.285858
v -13.138240 13.136679 -13.787179
v -15.218010 12.290181 -13.339087
v -13.997622 12.984819 -13.444726
v -15.473650 12.487535 -13.614342
v -16.646826 10.197071 -14.038237
v -16.295467 11.333574 -14.023075
v -17.056551 9.681987 -14.416657
v -17.881598 8.198150 -14.704309
v -18.404394 7.441539 -14.912382
v -17.296194 6.601098 -6.424728
v -17.767365 6.769162 -6.307938
v -18.181675 6.870138 5.672149
v -17.624165 6.699570 4.272918
v -17.710936 6.978266 13.775474
v -18.159342 7.208087 14.402795
v -18.366014 7.150826 16.615057
v -18.373575 7.100759 20.830713
v -17.972357 7.146137 24.988808
v -18.720133 7.586275 26.312971
v -19.044308 7.265824 27.705160
v -19.557762 6.746372 28.766489
v -17.449171 6.988600 31.547312
v -17.036406 7.888656 -13.230609
v -17.772068 7.336332 20.073774
v -17.738247 7.249588 22.320091
v -18.111149 7.666374 27.514053
v -19.035490 7.270710 28.247345
v -16.811069 7.399954 -8.542224
v -16.909571 7.214668 -2.373508
v -17.151575 7.320474 5.943359
v -17.376112 7.887278 24.652082
v -17.345709 8.247967 27.137060
v -17.534250 7.994090 13.008762
v -17.901268 8.852975 19.422585
v -16.873144 9.550608 -10.403525
v -17.057867 8.533439 -1.108133
v -17.792795 9.010574 22.426474
v -18.352219 8.705215 27.735670
v -16.261930 7.573260 27.403448
v -16.927780 11.377656 26.312265
v -15.680568 6.904728 28.097219
v -17.223175 9.957398 10.797755
v -17.316444 11.211515 23.214983
v -17.383234 10.232011 27.115263
v -16.041172 11.452495 -12.228233
v -16.619251 7.598501 29.610596
v -16.457167 11.614954 14.305513
v -16.661354 12.051609 22.394297
v -16.741976 10.208096 -3.609429
v -16.048903 11.925208 6.939441
v -15.544611 12.179453 -7.802298
v -15.738441 12.179087 -0.184031
v -16.296562 12.653913 26.349154
v -15.795601 10.692376 28.442642
v -14.055654 12.087442 -13.361908
v -13.755556 12.273887 -8.250092
v -14.143262 12.318283 0.224433
v -14.406621 12.021842 7.166339
v -14.395838 12.252205 15.741271
v -16.064079 11.562865 27.937428
v -13.577855 13.634923 22.828056
v -11.904241 13.272978 -13.127404
v -12.899055 12.884613 6.258415
v -11.840502 13.318435 -9.411542
v -12.737852 13.131274 -1.951887
v -13.607309 13.187051 27.849592
v -11.827240 11.887353 29.886978
v -11.618600 14.215139 15.956167
v -10.630130 13.590294 -5.369287
v -10.785734 13.731196 -0.510598
v -10.671651 13.974769 5.068114
v -10.667987 13.738999 26.979698
v -8.210753 16.030607 8.977447
v -9.252369 15.706680 12.049955
v -11.066282 13.709302 28.855404
v -9.549122 13.875675 -10.992706
v -8.976330 14.367454 -8.329301
v -8.683677 14.769925 -4.091994
v -9.036670 14.926320 -0.990209
v -9.125435 15.110021 2.927460
v -8.799357 15.618759 6.403504
v -10.265964 15.122560 22.617653
v -9.099754 15.454230 20.735340
v -8.123229 13.763471 25.115034
v -6.653114 15.426896 -12.169022
v -6.335742 16.099756 -6.420543
v -6.351787 16.355803 -2.113837
v -6.110614 16.244595 8.002571
v -6.543316 13.816828 28.787828
v -7.286269 15.848277 16.084223
v -6.024526 16.391346 1.144284
v -7.367802 14.671754 22.949347
v -3.724726 16.795774 -12.029111
v -4.695041 16.006094 13.418362
v -6.081812 15.449418 18.782841
v -5.046368 13.443691 26.142097
v -4.399421 16.635765 6.745461
v -3.001598 16.871847 -13.098961
v -4.195805 16.624447 -9.009504
v -4.078840 14.217213 24.235828
v -3.252747 17.054337 -0.259568
v -1.228703 15.212559 19.134495
v -3.349400 17.016062 -6.507760
v -4.065492 16.798664 -4.045075
v -2.973480 15.839733 15.585418
v -1.963486 13.895329 28.957405
v -2.016411 16.966661 5.318440
v -0.821706 16.747374 9.349932
v 2.136642 10.342854 30.553385
v -1.495819 16.860563 -12.870410
v -1.774208 16.862562 -11.424881
v -1.395398 16.522238 12.134496
v 0.625562 17.082775 -0.819196
v -0.533848 17.022896 -8.496765
v 0.718535 15.766162 16.527376
v 1.632405 14.080220 28.531569
v -0.300033 12.302096 30.097752
v 0.240658 14.846287 22.125700
v -0.245930 13.802891 25.577030
v -0.516334 17.111063 -5.413533
v 2.914628 16.925861 -8.634989
v 1.380116 17.017427 2.987781
v 0.794430 16.351397 12.394209
v 1.326799 16.732767 -13.457116
v 3.314356 15.894076 15.629396
v 4.510285 17.161922 -4.868646
v 3.136532 16.602297 11.657636
v 2.837631 16.830862 -13.198327
v 1.214793 13.720967 27.066566
v 3.942316 13.770608 29.300484
v 3.579317 17.122885 0.872573
v 1.924872 12.164496 30.178638
v 5.338887 13.478494 27.007383
v 4.721548 14.229062 24.925283
v 5.055167 16.583733 -12.822958
v 5.939360 16.689974 6.136347
v 6.801809 16.731695 -0.940051
v 4.855394 15.028989 21.015417
v 5.817276 16.903149 -8.427203
v 5.920230 16.001513 13.401026
v 7.781070 15.501335 17.991528
v 7.790078 16.218897 -8.886744
v 6.894830 15.173641 20.663488
v 6.870445 14.307535 24.425734
v 11.767467 11.841882 30.889399
v 7.665015 15.803330 13.303781
v 8.904408 13.717542 29.704866
v 7.434507 16.313208 6.516669
v 9.139717 16.210924 2.555183
v 9.709876 16.013912 12.122051
v 10.877416 16.031153 -10.784775
v 10.356944 15.980322 -8.222919
v 13.275957 13.630187 29.989286
v 8.939074 16.322741 -2.186884
v 10.082891 15.963798 -0.258240
v 10.430725 15.756855 9.696825
v 10.216063 13.802705 26.246395
v 9.642112 15.561131 19.142210
v 12.207671 14.996265 25.367365
v 11.741056 15.641373 6.135989
v 11.227002 15.879930 -13.204639
v 12.328572 15.555078 -6.855696
v 13.981270 15.053731 -4.691863
v 11.725523 15.702565 1.242731
v 12.099793 15.566066 16.249723
v 12.297036 15.243209 -10.428189
v 14.155866 14.793796 15.260026
v 14.588318 14.769209 -8.087595
v 14.311408 14.819941 1.465460
v 13.909465 14.811114 7.382242
v 13.570328 15.076837 12.514056
v 13.937698 14.460651 28.642567
v 17.193169 14.497655 26.616793
v 13.303920 15.597902 22.072474
v 15.673274 14.980448 24.547991
v 14.556083 12.899106 30.479063
v 13.781258 9.842038 30.587488
v 15.262540 14.452463 -12.573455
v 14.632441 14.707891 5.819233
v 15.946177 13.566109 17.043531
v 16.480959 14.465212 29.418465
v 16.449348 13.804481 -0.921687
v 16.359030 13.595992 -7.550282
v 16.155127 13.622743 10.207816
v 16.200026 10.201454 29.868916
v 16.973486 13.302140 -12.893871
v 15.735146 14.145840 21.764141
v 17.817892 13.791646 -0.003348
v 17.712353 13.666792 11.257956
v 17.825747 13.482527 17.419073
v 17.483566 13.250661 30.107399
v 17.836311 13.650919 24.573915
v 17.509901 10.862016 31.492386
v 18.114243 13.683378 -8.503511
v 17.982939 11.011661 27.965185
v 17.529989 14.184402 28.154476
v 16.785995 11.142229 30.157074
v 18.134544 13.268803 26.559196
v 18.637785 12.997204 -12.747597
v 17.809631 8.629746 31.602600
v 18.117420 7.276285 32.001915
v 18.783384 12.311757 -1.551827
v 16.700357 9.254958 29.564301
v 16.377029 7.130264 30.818710
v 18.705929 11.954568 11.744170
v 19.452682 10.421608 -6.613258
v 17.843145 9.308201 26.677870
v 19.297350 10.744116 -3.495845
v 19.244253 10.667742 4.754088
v 19.149387 10.644036 2.115878
v 19.089447 10.608006 21.658705
v 18.576986 9.589817 25.435476
v 17.877384 7.524326 28.673521
v 17.472490 6.244822 29.483694
v 16.825705 6.175762 30.547256
v 19.489443 9.820387 -12.291683
v 19.054537 10.036285 7.113895
v 18.128424 5.486590 31.404285
v 19.014338 8.862448 3.573686
v 18.688709 8.509473 20.705727
v 18.889116 8.473447 26.645618
v 19.160337 8.380295 -9.399037
v 19.400003 7.926049 5.600147
v 19.111860 8.061898 15.403008
v 20.784101 8.792699 -13.498838
v 21.530289 9.109267 -12.928421
v 22.353018 9.040004 -11.829348
v 21.759418 8.698400 -9.558040
v 20.891853 7.754342 -8.030929
v 21.558189 8.624129 -9.225931
v 21.022345 8.316242 -8.721166
v 21.523394 8.256453 -7.488277
v 21.569824 8.300496 -7.070455
v 21.457069 8.287616 -5.862308
v 21.634510 8.082550 -5.579161
v 21.104856 8.002395 -4.275643
v 21.932589 8.057863 -4.532713
v 22.187950 8.083480 -3.677281
v 22.488506 8.064621 -2.813979
v 23.339281 7.994690 -0.399649
v 23.684618 8.004839 0.333951
v 19.694799 12.699874 0.646443
v 18.692869 13.816730 1.342778
v 15.829268 15.142566 0.605302
v 11.604519 16.374346 1.465299
v 1.794778 17.735319 0.668470
v -2.401817 17.462656 1.762326
v -7.227916 16.867256 1.358964
v -7.620605 16.623772 1.932604
v -11.202456 13.806088 2.203732
v -11.636244 14.093474 1.841334
v -15.972404 12.550822 2.359179
v -16.011600 12.202040 2.590943
v -18.107819 9.934085 2.428537
v -17.964525 9.070636 2.343194
v -19.247276 8.605536 2.944993
v -19.040102 8.602200 2.483695
v -18.646877 8.268214 -0.857662
v -18.505224 7.944367 -3.209000
v -18.539394 7.886087 -4.145244
v -18.031401 7.767712 -8.135796
v -18.529770 7.864070 -5.595850
v -18.447798 7.838595 -7.509182
v -18.502817 7.966964 -9.073924
v -18.846386 8.442787 -11.412708
v -17.497246 8.629347 -10.907219
v -18.956221 8.225252 -12.012378
v -18.627266 8.354345 -12.092552
v -18.626667 7.948191 -13.247246
v -18.390539 7.498722 -14.586485
v -17.292364 9.400249 -14.518194
v -17.132687 10.404947 -14.406139
v -16.737246 10.242532 -14.033894
v -16.328403 11.271709 -14.021050
v -15.833628 12.282839 -13.545833
v -14.293393 12.901740 -13.416571
v -12.865122 13.266006 -13.572246
v -12.009517 13.607355 -13.283671
v -11.153653 13.956290 -13.505328
v -10.111951 14.219316 -13.706322
v -8.976278 14.516562 -13.758741
v -8.199228 14.593546 -13.702655
v -5.243264 16.452579 -13.339018
v -2.433769 17.029150 -13.125778
v -3.788120 17.338919 -13.516792
v 2.225181 17.190971 -12.870561
v 8.201244 17.117031 -13.263879
v 7.560365 16.674623 -12.914915
v 12.311728 16.030903 -13.384212
v 12.021888 15.768525 -13.223675
v 15.459846 14.629539 -13.178849
v 16.363735 14.495153 -13.105233
v 17.168156 14.163733 -13.232250
v 18.248037 13.675309 -13.179161
v 19.069023 12.824152 -12.736565
v 19.538765 11.815141 -12.846377
v 20.078377 11.248293 -13.289740
v 20.524891 9.910083 -13.290321
v 20.344816 9.116980 -13.536701
v 20.738195 9.413600 -12.843430
v 20.819550 7.738917 -5.395546
v 21.449453 8.800493 -11.835445
v 20.924314 8.492690 -1.539569
v 21.723139 9.300428 -12.776464
v 20.158947 8.928918 -9.564980
v 20.418600 11.768470 -12.160152
v 20.485113 10.310877 -12.697501
v 21.408598 9.844360 0.756454
v 20.062332 11.487775 -11.704320
v 19.590498 10.246777 -5.370507
v 19.372889 11.832655 -13.709789
v 19.805187 10.745967 0.818011
v 19.998508 11.539438 -10.570064
v 19.921442 8.973264 -3.671830
v 19.536451 11.401762 -9.855694
v 18.944452 12.167868 0.759845
v 19.143316 13.395903 -11.240208
v 18.706869 13.827061 -12.580608
v 17.020710 14.171958 -12.995522
v 18.363058 13.710918 -11.173635
v 17.844233 14.007434 1.678501
v 17.062696 14.933335 -11.439538
v 18.135809 13.781329 -4.263905
v 15.663859 15.652414 -12.953228
v 16.380562 13.971391 -9.606483
v 14.111673 15.017203 1.213492
v 16.073622 14.232398 -4.892114
v 12.648796 16.589420 -12.330524
v 13.791835 15.234033 -9.845991
v 11.848923 16.059107 -12.496655
v 11.608150 15.970771 1.683334
v 15.339969 14.657995 -11.718621
v 10.683957 16.079775 -2.311473
v 14.007133 15.216812 -3.966315
v 11.017779 16.163300 -10.642834
v 8.451768 16.679947 -8.829586
v 7.995937 16.615664 1.597003
v 12.109515 15.677749 -6.372457
v 8.154134 16.610743 -2.749495
v 10.526036 16.119345 -7.929076
v 7.875467 16.361063 -10.629086
v 6.989538 16.808558 -12.590616
v 6.780979 17.563307 -12.371447
v 5.650812 17.011127 -9.831076
v 5.896497 16.971380 -10.875370
v 5.028331 17.211159 -5.964507
v 4.334759 17.593418 1.515354
v 4.739576 17.132788 1.535806
v 5.037930 17.930077 -12.744571
v 3.657748 17.485563 -10.996814
v 1.897770 17.059805 -12.307240
v 2.798897 17.308578 -1.638860
v 0.323489 17.228384 1.532356
v 2.303552 17.182047 -12.759185
v 0.904501 17.776682 -13.475731
v 0.195138 17.575216 -11.621970
v -0.411143 17.038969 -11.302717
v -3.093688 17.212523 -1.180057
v 0.430062 17.223190 -5.505422
v -0.905112 17.133804 -9.936399
v -2.791470 17.285368 -12.699309
v -3.007387 17.470654 -12.215712
v -3.667370 16.999931 -8.426639
v -5.367761 17.319324 -12.707661
v -7.885779 15.012107 -12.345593
v -7.285055 16.303862 1.930142
v -6.369100 16.500219 -2.022793
v -6.792931 16.085636 -12.680150
v -5.759746 16.339844 -9.169998
v -8.804225 14.908195 -4.103966
v -9.247039 14.285247 -10.735674
v -10.621409 14.499582 -13.852885
v -10.882059 13.886205 -1.885973
v -10.029018 14.680213 -12.294798
v -10.187696 13.871018 -7.785611
v -11.566322 13.588622 -11.378552
v -11.789420 14.273749 -13.358130
v -11.984180 13.735579 -14.114152
v -14.044639 13.426459 -13.817589
v -12.508201 13.274268 -6.592014
v -14.565926 12.462718 -14.214867
v -14.116736 12.729297 -0.839084
v -13.125546 12.769621 -10.948642
v -15.533095 12.710002 -13.166128
v -15.874756 12.218730 -2.723521
v -15.832008 12.146465 -10.644917
v -16.781286 11.558265 -12.970829
v -16.120199 11.870543 -14.250593
v -17.717442 8.648814 -3.477063
v -16.976439 9.807281 -5.001100
v -16.905764 10.545790 -12.119236
v -17.777761 8.277532 -1.361974
v -17.699427 8.629882 -13.433409
v 21.661810 8.311106 -6.981008
v 21.505461 8.214699 -5.770527
v 23.716784 7.991980 0.431782
v 22.930998 8.021063 -1.537745
v 22.367857 9.890376 0.532176
v 21.030920 11.616222 -0.609722
v 18.291748 13.965563 0.628758
v 14.452847 15.426112 0.610769
v 12.767739 15.720818 -1.266566
v 5.093396 17.372002 0.579477
v 0.956826 17.416086 -0.674784
v -3.365300 17.405252 1.031985
v -7.088028 16.918436 1.347033
v -6.803628 16.620361 -0.245857
v -11.125911 14.232762 1.772357
v -14.743317 13.011047 2.156004
v -18.088743 10.171590 2.501922
v -19.208883 9.209453 2.098348
v -18.545301 8.144280 -2.014181
v -18.589911 7.917508 -3.479425
v -18.830330 8.790865 -7.684488
v -18.316776 7.948216 -8.185395
v -19.207556 8.946872 -11.522351
v -18.733040 8.188179 -10.505451
v -18.937830 8.496597 -11.856717
v -18.806684 8.182493 -12.748959
v -17.744791 8.338983 -14.814451
v -17.832045 9.385357 -14.862819
v -17.005020 9.737410 -14.408275
v -16.540407 11.030535 -14.534893
v -16.629488 10.175795 -14.044375
v -16.255610 11.464369 -13.952081
v -15.601825 12.275196 -13.564326
v -15.110901 12.699884 -13.752876
v -14.329244 12.856495 -13.483875
v -13.069509 13.336714 -13.523835
v -11.693126 13.740072 -13.278248
v -10.405071 14.044508 -13.619487
v -9.104963 14.479951 -14.114551
v -9.400940 14.458889 -13.687709
v -8.135088 14.584191 -13.649031
v -4.872792 16.628597 -13.306601
v -1.875907 17.181816 -13.047218
v 1.398959 17.179081 -12.893044
v 2.991928 17.265036 -12.923280
v 5.424836 17.130171 -12.829417
v 8.854992 16.510281 -12.925095
v 11.859745 15.737410 -13.140205
v 15.515225 14.623702 -13.138899
v 17.369274 13.989216 -13.303839
v 17.100002 14.150199 -12.973778
v 18.521967 13.628042 -13.797438
v 18.056284 13.982115 -13.169435
v 18.927702 13.130022 -12.883838
v 19.511271 11.975797 -12.748245
v 19.761763 11.564651 -13.444604
v 20.080839 10.832845 -13.203781
v 20.752523 8.858799 -13.532757
v -18.564369 8.535342 -4.899065
v -17.912903 9.774503 -10.873404
v -17.198593 12.041726 -13.918358
v -18.848682 9.457282 -13.275511
v -17.863071 10.745207 -10.075588
v -17.775036 10.881335 1.961863
v -17.729425 10.687251 -5.464417
v -17.429689 10.451306 -8.472958
v -15.972743 12.093073 -11.058449
v -15.704923 12.368999 -7.242331
v -16.351286 12.478691 -11.596649
v -15.521922 13.295681 -13.321354
v -15.701003 12.475524 2.328064
v -16.258289 12.393770 -14.576582
v -15.995898 12.062038 -8.618873
v -13.683998 12.882042 -6.077748
v -14.518979 12.890977 -14.658860
v -12.107722 13.902943 -8.717648
v -12.164405 13.780473 -11.365599
v -11.003777 13.860503 -14.811691
v -11.889586 13.419509 -14.506527
v -11.655159 14.595376 -13.196753
v -9.019230 15.129192 -11.147202
v -8.732806 14.185658 -14.863403
v -10.871499 13.918024 -2.052978
v -9.493571 14.303602 -8.821017
v -8.244683 15.850051 -12.912744
v -6.405202 16.465147 -3.501769
v -7.804758 15.101478 -14.904429
v -5.337888 16.701544 -9.490368
v -3.646582 16.522678 -14.595001
v -3.251318 17.178791 -3.613300
v -3.499197 16.720026 -15.150776
v -0.291427 17.215101 -9.971364
v -4.544491 17.843658 -12.388848
v 2.631321 18.086885 -13.075892
v -4.038314 17.111759 -15.093151
v -2.105150 17.268034 -7.074477
v 3.503679 17.793503 -11.710886
v 3.787912 16.714197 -15.037232
v 2.721070 17.203033 -15.184223
v 2.896704 16.650349 -14.402087
v 9.243511 16.062298 -14.627033
v 5.684120 17.087496 -9.296625
v 5.119218 17.281038 -6.577718
v 11.519084 16.235483 -15.234925
v 8.114797 16.602152 -4.899954
v 7.845064 16.911360 -9.301390
v 8.143342 17.552654 -12.714078
v 10.281833 16.149525 -15.370186
v 11.188030 16.036673 -9.212100
v 11.273087 16.792196 -11.034306
v 12.508055 15.763376 -6.198826
v 15.829364 14.991174 -8.172632
v 15.306121 16.063490 -12.471279
v 16.156906 14.398782 -15.033341
v 15.957682 14.080108 -14.729356
v 16.005507 14.695822 -9.742283
v 16.643719 15.432169 -14.209133
v 18.235147 13.827652 -6.293286
v 16.477282 14.269457 -3.760314
v 17.857733 14.245235 -13.658646
v 18.536360 14.102274 -14.080067
v 18.672178 13.475969 -7.788061
v 18.023109 13.883735 -0.533240
v 18.711166 14.276236 -10.597463
v 18.687498 13.795290 -9.565849
v 19.828716 13.715496 -12.850300
v 19.929983 12.723313 -12.680386
v 20.404654 12.446879 -13.460628
v 21.125015 11.526054 -8.949467
v 19.431948 13.359781 -10.966984
v 20.668007 12.161100 -7.273291
v 21.344498 10.035228 -8.871065
v 20.673420 12.205227 -11.091025
v 20.735212 11.411050 -11.919038
v 20.592001 11.957468 -13.287453
v 23.089905 8.991751 -2.586898
v 20.441162 11.656159 -11.441410
v 21.561378 9.923318 -9.362172
v 21.207106 10.929239 -14.385098
v 22.105598 9.326272 -7.230772
v 20.822886 9.502956 -9.994192
v 21.594698 11.617829 -12.416647
v 20.834921 9.749221 -14.116250
vn 0.7008 0.3578 0.6171
vn 0.6801 -0.5299 -0.5066
vn 0.3592 0.8619 -0.3578
vn -0.4794 -0.5990 -0.6414
vn -0.7310 0.0342 0.6815
vn -0.3888 0.9212 -0.0115
vn -0.0323 0.9860 -0.1637
vn -0.1538 0.7932 -0.5891
vn -0.3514 0.9246 -0.1474
vn 0.2882 0.9552 -0.0678
vn 0.1326 0.8023 -0.5820
vn 0.0016 0.9926 -0.1213
vn 0.6026 -0.6023 -0.5236
vn -0.4012 0.8960 -0.1901
vn -0.7006 0.5102 -0.4989
vn -0.9283 0.3300 0.1714
vn -0.7099 -0.6976 0.0966
vn 0.6962 -0.7022 0.1492
vn -0.5919 -0.5863 -0.5532
vn -0.6275 -0.6304 0.4571
vn 0.5606 -0.5886 0.5825
vn -0.4816 -0.4558 0.7485
vn -0.6275 -0.6303 0.4572
vn 0.5656 -0.5825 0.5837
vn -0.4811 -0.4539 0.7500
vn 0.4512 0.4642 0.7622
vn 0.4205 -0.4268 0.8007
vn 0.4503 0.4642 0.7627
vn 0.4248 -0.4176 0.8032
vn -0.5796 0.8148 0.0094
vn 0.5061 0.8601 0.0637
vn 0.6608 -0.5670 -0.4918
vn -0.5067 -0.5323 -0.6782
vn -0.7408 0.0427 0.6704
vn 0.6988 0.3575 0.6196
vn 0.6125 0.6303 0.4770
vn -0.5789 0.5886 0.5643
vn 0.4569 0.4538 0.7650
vn -0.4745 -0.4642 0.7479
vn -0.4465 0.4267 0.7865
vn -0.4949 -0.6575 -0.5681
vn 0.4716 0.8817 -0.0144
vn 0.5104 -0.5219 -0.6834
vn 0.7012 0.3583 0.6164
vn -0.7234 0.6639 -0.1892
vn 0.3144 0.9407 -0.1271
vn 0.6609 -0.5671 -0.4916
vn -0.4792 -0.5732 -0.6647
vn -0.7417 0.0422 0.6694
vn -0.0129 0.8864 -0.4628
vn 0.0109 0.0951 -0.9954
vn -0.0140 -0.8758 -0.4825
vn -0.0107 0.0163 0.9998
vn 0.0143 0.8155 0.5786
vn 0.0123 -0.9328 0.3602
vn -0.0122 0.6090 0.7931
vn 0.0180 0.9982 0.0568
vn -0.0151 0.3228 -0.9464
vn -0.0092 -0.9817 0.1903
vn 0.0099 -0.5940 0.8044
vn 0.0105 -0.5011 -0.8653
vn -0.0275 0.0255 0.9993
vn -0.3900 -0.6854 0.6149
vn -0.7721 0.4264 0.4712
vn 0.8926 -0.2098 0.3991
vn 0.2666 -0.9265 -0.2655
vn 0.5027 -0.6731 0.5425
vn -0.8132 -0.2050 -0.5447
vn -0.1328 0.9572 -0.2571
vn 0.9323 0.1253 -0.3392
vn 0.4798 -0.8448 0.2369
vn 0.6778 0.7035 0.2136
vn 0.9162 -0.3295 0.2282
vn -0.9347 0.3225 0.1492
vn -0.1809 0.9397 0.2903
vn -0.5963 -0.7758 0.2063
vn 0.0528 0.9037 -0.4250
vn 0.9088 0.2488 -0.3349
vn 0.4996 0.8058 0.3180
vn -0.4574 0.8482 0.2672
vn -0.8353 0.3437 -0.4291
vn -0.5073 -0.6262 -0.5921
vn -0.7564 -0.5179 0.3996
vn -0.6210 0.7573 0.2022
vn -0.9639 -0.1637 0.2100
vn 0.9662 0.0469 0.2534
vn 0.4358 -0.8770 -0.2021
vn -0.9540 0.1941 0.2285
vn 0.3664 0.9022 0.2278
vn -0.4786 -0.8625 0.1642
vn 0.5313 -0.8002 0.2782
vn 0.4392 -0.8563 0.2717
vn -0.5184 -0.8540 -0.0451
vn -0.2576 -0.7516 0.6073
vn 0.8335 -0.2287 0.5030
vn 0.8317 0.4632 -0.3062
vn 0.4345 -0.7822 -0.4465
vn -0.0715 0.9060 -0.4173
vn 0.1929 0.9321 0.3065
vn -0.9371 0.1559 -0.3123
vn -0.6753 0.6290 0.3852
vn -0.6226 -0.7249 0.2948
vn -0.9682 0.2118 0.1331
vn 0.7295 0.6324 0.2605
vn 0.9522 -0.1485 0.2669
vn -0.2809 0.9364 0.2106
vn 0.4166 -0.8848 0.2088
vn -0.7674 0.2946 0.5695
vn -0.2787 0.9327 -0.2291
vn -0.4601 0.7885 0.4081
vn -0.7511 -0.3840 0.5370
vn -0.4955 -0.7720 0.3980
vn -0.9817 -0.0794 -0.1728
vn 0.8740 -0.0522 0.4831
vn 0.3454 -0.8379 0.4226
vn -0.0635 0.0272 0.9976
vn 0.8664 0.0672 -0.4948
vn 0.2818 0.7195 0.6348
vn 0.0607 -0.8598 -0.5070
vn -0.3706 -0.9279 0.0419
vn 0.4103 0.8797 0.2404
vn 0.9657 -0.1034 0.2380
vn -0.7860 0.5857 0.1978
vn -0.9479 -0.2309 0.2195
vn 0.4795 -0.8374 0.2625
vn 0.0992 0.9402 -0.3258
vn 0.8654 -0.2428 -0.4383
vn 0.6432 0.6471 0.4093
vn -0.7593 0.2400 -0.6048
vn -0.1829 -0.9247 -0.3339
vn -0.7780 -0.5944 0.2034
vn -0.2069 0.9394 0.2734
vn -0.8382 0.3413 0.4254
vn -0.9561 0.2708 0.1120
vn -0.3757 0.8804 0.2894
vn 0.9464 -0.2245 0.2324
vn 0.2933 -0.9205 0.2583
vn 0.6949 0.5375 0.4778
vn 0.5187 0.8155 -0.2566
vn 0.9899 -0.0428 -0.1351
vn -0.1010 0.6934 0.7135
vn -0.5792 0.6194 0.5300
vn -0.7951 -0.4857 0.3633
vn -0.1464 -0.8536 0.5000
vn -0.6638 -0.6678 -0.3368
vn 0.8580 -0.2240 0.4623
vn 0.6699 -0.7360 0.0973
vn -0.2120 0.9543 0.2105
vn 0.6636 0.7041 0.2526
vn -0.9478 0.2488 0.1994
vn -0.5688 0.6154 -0.5457
vn -0.7961 -0.5547 0.2417
vn 0.1231 -0.9752 0.1840
vn 0.8602 -0.4146 0.2969
vn -0.0098 0.7130 0.7011
vn 0.0082 0.9985 0.0548
vn -0.0120 0.2529 -0.9674
vn -0.0114 -0.9462 0.3234
vn 0.0134 -0.4932 0.8698
vn 0.0132 -0.3924 -0.9197
vn -0.0001 0.0001 1.0000
vn -0.0001 -0.0001 1.0000
vn -0.0000 0.0002 1.0000
vn -0.0002 -0.0000 1.0000
vn -0.0000 -0.0001 1.0000
vn 0.7856 -0.1604 0.5976
vn 0.2613 -0.9475 0.1843
vn 0.4459 -0.6938 -0.5655
vn -0.2528 -0.1131 -0.9609
vn 0.8163 0.2740 -0.5085
vn -0.1475 0.7892 -0.5962
vn 0.5982 0.7921 -0.1214
vn -0.5897 -0.7942 0.1465
vn -0.8355 0.1665 -0.5236
vn -0.8951 0.3520 0.2738
vn -0.1688 -0.0025 0.9857
vn -0.1126 0.8761 0.4687
vn 0.7695 -0.4115 0.4883
vn 0.0917 -0.9898 -0.1092
vn 0.5086 -0.6217 -0.5957
vn 0.2958 0.8698 0.3948
vn 0.8190 0.2646 -0.5091
vn 0.0706 0.8178 -0.5712
vn -0.2635 -0.0727 -0.9619
vn -0.5687 0.8069 0.1595
vn -0.6862 -0.7147 -0.1352
vn -0.8404 -0.0058 0.5420
vn -0.1185 -0.6938 0.7104
vn -0.1922 0.2609 0.9460
vn 0.5980 0.4051 0.6916
vn 0.9405 -0.0941 0.3266
vn 0.5997 -0.7027 -0.3829
vn 0.6307 0.4110 -0.6582
vn 0.5543 0.8323 -0.0069
vn -0.4286 0.8409 -0.3305
vn -0.0404 -0.8822 0.4691
vn -0.3878 -0.7771 -0.4958
vn -0.0661 -0.0222 -0.9976
vn -0.9540 -0.0012 -0.2998
vn -0.7979 -0.0978 0.5948
vn -0.1617 0.8191 0.5504
vn 0.1905 0.2225 0.9561
vn 0.7301 -0.6762 -0.0989
vn -0.3592 -0.8570 -0.3696
vn -0.0287 -0.0724 -0.9970
vn -0.7857 0.2472 -0.5671
vn -0.9762 -0.0719 0.2046
vn -0.0720 0.8490 0.5235
vn -0.4531 0.8410 -0.2956
vn -0.0324 -0.7201 0.6931
vn -0.3905 0.2571 0.8839
vn 0.7112 0.1918 0.6763
vn 0.4865 0.8178 -0.3074
vn 0.8115 0.2452 -0.5305
vn 0.1752 -0.7728 -0.6100
vn -0.3273 0.2079 -0.9218
vn 0.6829 0.2332 -0.6923
vn -0.0104 0.8168 -0.5768
vn 0.5680 0.8068 -0.1628
vn -0.9333 -0.0970 -0.3456
vn -0.5892 0.7686 0.2492
vn -0.4884 -0.8406 0.2342
vn -0.8166 0.2655 0.5126
vn 0.2185 0.8295 0.5139
vn -0.2358 -0.0430 0.9709
vn 0.3906 -0.7492 0.5349
vn 0.5323 0.3011 0.7912
vn 0.9895 -0.1195 0.0811
vn 0.6379 -0.6528 -0.4085
vn 0.7145 0.2465 -0.6547
vn 0.8246 0.0679 0.5616
vn -0.3676 0.8152 -0.4475
vn 0.4232 0.8395 -0.3407
vn 0.1387 -0.9410 0.3087
vn -0.2629 -0.6545 -0.7089
vn -0.5365 0.7971 0.2771
vn -0.1286 0.2327 -0.9640
vn -0.8976 0.2542 -0.3602
vn -0.6598 -0.7512 0.0173
vn -0.8155 -0.0172 0.5786
vn 0.0945 0.5187 0.8497
vn -0.0844 -0.0901 0.9924
vn 0.9503 -0.1010 0.2946
vn 0.3078 -0.9385 0.1567
vn 0.8084 -0.1006 -0.5800
vn 0.0137 -0.7277 -0.6857
vn -0.6575 0.2513 -0.7103
vn 0.1712 0.2851 -0.9431
vn -0.6847 -0.6399 -0.3489
vn -0.9045 0.2410 0.3519
vn -0.5049 -0.7527 0.4225
vn -0.0652 0.8298 0.5542
vn -0.4711 0.8215 -0.3212
vn 0.5216 0.2576 0.8134
vn 0.4724 0.8516 -0.2274
vn -0.0957 -0.1218 0.9879
vn 0.7752 0.4237 -0.4686
vn 0.2185 0.8823 -0.4169
vn 0.2343 0.8355 0.4971
vn 0.7938 0.2527 0.5531
vn 0.7574 -0.6451 -0.1011
vn 0.2184 -0.2249 -0.9496
vn -0.3498 0.4660 -0.8127
vn -0.1258 -0.9400 -0.3172
vn -0.9013 -0.0564 -0.4294
vn -0.5398 0.8355 0.1033
vn -0.6308 -0.7151 0.3013
vn -0.8188 0.2936 0.4932
vn -0.1928 -0.0129 0.9812
vn 0.3305 -0.6957 0.6377
vn -0.4608 -0.6578 -0.5958
vn -0.1733 -0.7509 0.6372
vn -0.6612 -0.2412 0.7104
vn 0.8110 0.5848 0.0191
vn -0.9440 0.1857 0.2728
vn -0.7921 0.5981 0.1221
vn -0.8809 -0.3229 -0.3461
vn -0.7975 0.1344 0.5882
vn -0.9201 -0.3780 -0.1023
vn 0.4718 0.8440 0.2549
vn -0.4592 0.8387 -0.2927
vn -0.9516 0.0688 0.2994
vn -0.4181 0.6888 0.5923
vn -0.4543 -0.0993 0.8853
vn 0.2170 0.3152 -0.9239
vn 0.1066 0.8093 -0.5776
vn 0.0282 -0.9937 0.1083
vn 0.1087 -0.9409 0.3208
vn 0.0042 0.9964 -0.0842
vn -0.0017 -0.8626 0.5060
vn 0.4627 -0.0303 0.8860
vn -0.1269 0.0867 0.9881
vn -0.2772 0.5306 0.8010
vn 0.0115 0.7345 0.6785
vn -0.0415 0.3227 0.9456
vn 0.3716 0.6977 0.6125
vn -0.0052 -0.9244 0.3813
vn -0.0231 -0.9889 0.1465
vn -0.0072 -0.9530 0.3029
vn -0.1168 0.9422 -0.3142
vn 0.0014 -0.7299 0.6835
vn 0.1864 0.4136 0.8912
vn 0.4144 0.7733 0.4798
vn 0.0054 0.4595 -0.8882
vn 0.2735 -0.9395 -0.2064
vn 0.8262 -0.3802 0.4157
vn 0.9231 0.0689 0.3783
vn 0.8987 0.1164 -0.4229
vn 0.9460 0.3222 0.0356
vn 0.4117 0.8907 -0.1928
vn 0.6264 -0.1216 0.7699
vn 0.3467 0.5564 0.7552
vn -0.0938 0.8092 0.5800
vn -0.9652 -0.2104 0.1552
vn -0.5473 -0.6935 -0.4685
vn -0.7362 -0.6522 0.1808
vn 0.0437 -0.7481 -0.6621
vn -0.1136 -0.2908 -0.9500
vn 0.4254 -0.2810 -0.8603
vn -0.8185 0.4308 -0.3802
vn 0.8243 0.4845 -0.2929
vn 0.8425 -0.2790 -0.4608
vn 0.9673 -0.2487 -0.0496
vn 0.5879 -0.5968 -0.5460
vn 0.4435 -0.7750 -0.4502
vn 0.9197 -0.2521 -0.3011
vn 0.4768 -0.1606 -0.8642
vn -0.0243 0.6921 -0.7214
vn -0.0096 -0.9977 0.0672
vn 0.1142 0.2170 -0.9695
vn 0.1710 -0.2860 -0.9429
vn 0.0186 -0.9997 -0.0141
vn 0.0335 -0.9774 -0.2085
vn 0.0264 -0.6446 -0.7641
vn -0.0135 -0.8628 0.5054
vn -0.1953 -0.3847 -0.9021
vn -0.4865 -0.7673 -0.4178
vn -0.0017 0.0016 -1.0000
vn -0.3364 0.0602 -0.9398
vn -0.5228 0.0876 -0.8480
vn 0.9445 -0.1544 0.2901
vn 0.5816 -0.3043 -0.7544
vn 0.9961 0.0818 -0.0340
vn 0.8521 -0.4754 -0.2189
vn 0.9536 0.1291 0.2719
vn 0.9119 -0.2514 0.3243
vn 0.6278 0.6060 -0.4885
vn 0.0108 0.2814 -0.9595
vn -0.0482 0.8002 -0.5978
vn 0.9629 0.1264 0.2385
vn 0.8008 -0.4995 -0.3306
vn 0.2134 0.6932 -0.6885
vn 0.7937 -0.4747 -0.3803
vn 0.3343 -0.9167 0.2187
vn 0.2617 -0.9119 -0.3160
vn 0.1128 -0.3149 -0.9424
vn 0.2651 -0.7813 -0.5650
vn 0.0962 -0.8946 0.4364
vn -0.0240 -0.9239 0.3818
vn -0.0580 -0.5881 -0.8067
vn -0.0229 -0.9967 0.0777
vn -0.0129 -0.9331 0.3593
vn 0.0235 -0.9842 0.1757
vn -0.1551 -0.2974 -0.9421
vn 0.0457 0.1927 -0.9802
vn -0.0121 -0.9190 -0.3941
vn -0.4699 -0.8738 -0.1250
vn -0.0170 -0.8438 0.5365
vn 0.0393 -0.8902 0.4539
vn -0.3230 -0.9091 0.2630
vn -0.2241 -0.8549 0.4680
vn -0.4646 -0.6298 -0.6225
vn -0.6187 -0.4239 -0.6615
vn -0.7707 -0.5589 -0.3061
vn -0.7605 -0.6492 -0.0159
vn -0.8896 -0.4093 0.2027
vn -0.7851 -0.5668 -0.2497
vn -0.7618 0.4439 -0.4717
vn -0.5883 -0.8086 -0.0101
vn -0.3411 0.7027 -0.6244
vn -0.9756 -0.2088 0.0684
vn -0.7213 0.0144 0.6924
vn 0.5417 -0.2372 0.8064
vn 0.0557 -0.8488 0.5258
vn -0.9335 0.3490 0.0819
vn -0.8000 0.4267 0.4218
vn -0.5946 0.1341 0.7927
vn -0.2706 -0.6390 0.7201
vn -0.2596 0.9098 0.3240
vn -0.1570 0.7570 0.6342
vn -0.3655 0.9024 0.2280
vn 0.0389 0.7858 -0.6172
vn -0.0269 0.6254 0.7798
vn -0.0049 -0.5396 0.8419
vn 0.1387 0.9832 0.1185
vn 0.4151 0.3998 0.8172
vn 0.0377 0.5216 0.8524
vn 0.0220 0.9213 0.3882
vn 0.1995 0.8257 0.5277
vn 0.7043 -0.1251 0.6988
vn 0.5337 0.6350 0.5586
vn 0.6254 0.6027 0.4956
vn 0.8837 0.4134 0.2196
vn -0.4565 -0.8674 0.1981
vn -0.2968 -0.6887 0.6616
vn -0.0312 -0.9979 0.0561
vn 0.6645 -0.7233 0.1877
vn -0.2496 -0.6844 0.6851
vn -0.4124 -0.8107 -0.4155
vn 0.1301 -0.9856 -0.1080
vn 0.4896 -0.8719 -0.0066
vn 0.8909 -0.4511 -0.0528
vn 0.1142 -0.9933 0.0180
vn 0.1636 -0.9865 0.0107
vn 0.6138 -0.7894 -0.0118
vn 0.7174 -0.6866 0.1175
vn 0.8859 -0.4535 -0.0974
vn 0.1616 -0.9868 -0.0079
vn 0.7689 -0.6070 -0.2011
vn -0.0091 0.9647 0.2633
vn 0.0840 0.9813 0.1732
vn 0.1258 0.8604 0.4939
vn -0.8697 0.3912 -0.3010
vn -0.8429 0.5373 0.0297
vn -0.5557 0.6990 0.4501
vn -0.8149 0.4904 -0.3089
vn -0.8980 0.4387 0.0342
vn -0.9195 -0.3926 0.0192
vn -0.9965 0.0795 0.0276
vn -0.9968 -0.0410 0.0687
vn -0.8986 -0.4381 -0.0240
vn -0.9854 0.1288 -0.1116
vn -0.9358 -0.3520 0.0187
vn -0.9642 -0.2650 -0.0127
vn -0.0832 0.9964 0.0170
vn -0.6612 -0.0757 0.7464
vn -0.9971 -0.0611 0.0459
vn 0.9013 -0.2965 0.3157
vn 0.8141 0.2684 0.5150
vn 0.8131 -0.5703 -0.1164
vn 0.4105 0.6054 0.6819
vn 0.9854 0.1218 -0.1191
vn 0.9965 -0.0765 0.0334
vn 0.8351 0.4654 0.2934
vn 0.8671 0.4627 0.1848
vn 0.9261 -0.3721 0.0626
vn 0.9783 0.1641 -0.1262
vn 0.1258 0.9056 0.4050
vn 0.8229 0.5681 0.0110
vn 0.9159 0.2560 0.3091
vn 0.8282 -0.5597 0.0290
vn 0.9163 0.3979 -0.0459
vn 0.8631 0.4995 -0.0747
vn 0.1752 0.0206 0.9843
vn 0.8699 0.4899 -0.0579
vn 0.8959 0.4385 0.0704
vn 0.9650 0.2489 0.0832
vn -0.0421 -0.3784 0.9247
vn 0.8158 0.5771 -0.0375
vn 0.9386 0.3448 0.0074
vn 0.5928 0.8048 -0.0276
vn 0.1833 -0.8639 0.4691
vn 0.6660 -0.5226 0.5323
vn 0.6256 0.1348 0.7684
vn -0.4250 -0.8296 0.3621
vn 0.9131 0.3250 0.2462
vn 0.8689 0.4547 0.1958
vn 0.4050 0.9142 -0.0161
vn 0.5501 0.8344 -0.0357
vn 0.7178 0.6955 -0.0340
vn 0.4535 0.8517 0.2626
vn 0.8184 0.3557 0.4514
vn 0.5665 0.8235 -0.0286
vn 0.5264 0.8502 0.0012
vn 0.5836 0.8120 -0.0093
vn 0.5949 0.8024 0.0476
vn 0.4482 0.8932 0.0370
vn 0.3570 0.6091 0.7082
vn 0.6099 0.7892 0.0719
vn 0.3150 0.9435 0.1029
vn 0.1717 0.2628 0.9494
vn 0.3013 0.9534 -0.0144
vn 0.0867 0.8517 0.5168
vn -0.4812 0.3113 0.8194
vn 0.1552 0.9868 0.0457
vn -0.2541 0.3253 0.9108
vn -0.4811 -0.6433 0.5956
vn 0.4546 0.8730 0.1765
vn 0.3097 0.9487 0.0638
vn -0.0189 0.9816 0.1898
vn 0.1674 -0.0832 0.9824
vn -0.3001 -0.6546 0.6939
vn -0.5011 -0.8576 -0.1163
vn 0.3069 0.9516 -0.0144
vn 0.2634 0.9647 0.0034
vn 0.1575 0.4966 0.8536
vn 0.3556 0.9346 -0.0104
vn 0.2620 0.9651 -0.0013
vn 0.2476 0.9689 -0.0053
vn 0.2466 0.9691 0.0053
vn -0.0537 0.9264 0.3727
vn -0.1532 -0.6349 -0.7573
vn 0.0227 0.3119 0.9499
vn 0.1690 0.9854 -0.0183
vn -0.0099 -0.8676 0.4971
vn 0.2340 0.9673 0.0976
vn 0.1940 0.9810 -0.0031
vn 0.1660 0.9861 0.0097
vn 0.0013 0.9941 0.1082
vn -0.0346 0.5454 0.8375
vn 0.1509 0.9874 0.0478
vn 0.1631 0.9862 -0.0279
vn 0.0104 -0.9982 -0.0591
vn -0.0147 0.9878 0.1552
vn 0.1075 0.9938 0.0271
vn 0.1431 0.9894 -0.0246
vn -0.0173 0.8996 0.4364
vn 0.0989 0.9946 -0.0324
vn 0.1512 0.9877 0.0397
vn 0.0417 0.9955 0.0851
vn 0.0495 0.9982 0.0334
vn 0.0015 -0.0386 0.9993
vn -0.0073 -0.8564 0.5163
vn -0.0116 0.9390 0.3437
vn -0.0287 0.8457 0.5329
vn -0.0105 0.9995 -0.0289
vn 0.0184 0.9994 0.0277
vn -0.1127 0.9933 0.0239
vn -0.0204 0.9994 0.0295
vn 0.0281 -0.9944 -0.1022
vn 0.0443 0.9987 0.0241
vn -0.0736 0.9969 0.0289
vn 0.0135 0.9997 0.0221
vn -0.0562 0.9957 0.0730
vn -0.0528 0.9948 0.0869
vn -0.1836 0.9531 0.2407
vn -0.1864 0.9823 -0.0183
vn -0.1444 0.9895 -0.0050
vn -0.0475 -0.1313 0.9902
vn 0.0088 -0.8905 0.4548
vn -0.1983 0.9750 0.0998
vn -0.3660 0.9298 -0.0381
vn -0.4880 0.8710 -0.0559
vn -0.3593 0.9326 -0.0329
vn -0.1884 0.8189 0.5421
vn -0.4231 0.9052 -0.0411
vn -0.4253 0.9047 -0.0264
vn -0.5157 0.8550 -0.0544
vn -0.2020 0.4338 0.8781
vn 0.0022 -0.5124 0.8587
vn -0.4544 0.8900 -0.0386
vn -0.3405 0.9400 -0.0203
vn -0.4778 0.8777 -0.0375
vn -0.1929 0.9711 0.1405
vn -0.3537 0.9313 -0.0867
vn -0.3960 0.9131 0.0969
vn -0.3921 0.9199 0.0023
vn -0.4430 0.8952 0.0481
vn -0.2667 0.5212 0.8107
vn -0.2862 0.9581 -0.0115
vn -0.4434 0.8956 -0.0347
vn -0.4151 0.9097 -0.0086
vn 0.0882 -0.9895 0.1142
vn 0.3807 -0.8444 0.3770
vn -0.4779 0.8781 -0.0238
vn -0.3130 0.9405 0.1320
vn -0.6138 0.7887 -0.0350
vn -0.5733 0.8153 0.0810
vn -0.5893 0.8076 -0.0225
vn -0.3849 0.6244 0.6797
vn -0.5668 0.2839 0.7734
vn -0.0439 -0.4824 0.8749
vn -0.2738 0.9420 0.1938
vn -0.5304 0.8419 0.0996
vn -0.6318 0.7742 -0.0373
vn -0.4344 0.7994 0.4151
vn -0.6783 0.5925 0.4344
vn -0.1776 0.7035 -0.6881
vn -0.9350 -0.1268 0.3312
vn 0.0638 -0.4673 0.8818
vn -0.6975 0.7159 -0.0320
vn -0.6417 0.2436 0.7272
vn -0.8081 0.5778 -0.1143
vn -0.3963 -0.3601 0.8446
vn -0.9287 0.3673 0.0508
vn -0.1276 0.0755 0.9890
vn 0.3640 0.1324 0.9219
vn -0.8786 0.4776 -0.0014
vn -0.9893 0.1387 0.0452
vn -0.9237 0.3810 -0.0404
vn -0.9344 0.3555 -0.0239
vn -0.7757 0.6275 -0.0675
vn -0.8548 0.5062 -0.1144
vn -0.8752 0.4022 -0.2689
vn 0.2176 -0.0858 0.9723
vn -0.4557 0.3369 0.8240
vn -0.9040 0.4255 -0.0416
vn -0.9948 0.0961 0.0341
vn -0.8959 0.3816 -0.2275
vn -0.8811 0.4647 -0.0879
vn -0.9064 0.4172 -0.0668
vn -0.9978 -0.0659 -0.0017
vn 0.0783 0.6825 0.7267
vn -0.9820 -0.0238 0.1876
vn -0.9795 0.1334 0.1512
vn -0.8918 0.4521 0.0168
vn -0.9319 -0.1996 0.3029
vn -0.8701 0.1536 -0.4684
vn -0.9507 -0.2470 -0.1875
vn -0.7922 -0.5930 -0.1442
vn -0.9588 0.2327 -0.1629
vn 0.7827 -0.1949 -0.5910
vn 0.9889 -0.1398 -0.0504
vn 0.8021 0.2794 0.5279
vn -0.4182 0.6142 -0.6692
vn -0.9242 -0.2647 -0.2752
vn -0.8894 0.4012 -0.2190
vn -0.9740 0.0753 -0.2136
vn -0.7796 0.5611 0.2781
vn 0.3806 0.8379 0.3911
vn 0.6717 0.4874 0.5579
vn -0.2197 0.3078 0.9257
vn -0.7672 -0.2867 0.5738
vn -0.8898 -0.2532 0.3798
vn 0.4088 -0.6325 0.6579
vn 0.5090 -0.6278 0.5888
vn 0.6299 0.7741 0.0638
vn -0.7589 0.2447 0.6035
vn -0.4050 -0.8003 0.4421
vn -0.5562 0.7100 -0.4319
vn -0.7552 0.1563 0.6365
vn 0.3514 0.8605 -0.3689
vn -0.6074 0.6028 0.5173
vn -0.4704 0.2044 0.8584
vn -0.4668 -0.4739 0.7467
vn -0.1188 0.2959 -0.9478
vn 0.9294 0.1072 -0.3533
vn -0.4485 -0.4667 -0.7622
vn 0.0514 0.8186 -0.5721
vn -0.0647 0.1026 -0.9926
vn -0.0937 0.2713 -0.9579
vn -0.0094 0.9278 0.3729
vn -0.5717 -0.8179 0.0648
vn -0.9843 -0.1710 0.0436
vn -0.8450 -0.5346 -0.0111
vn 0.5402 -0.8414 0.0132
vn 0.9766 -0.2142 -0.0174
vn 0.8556 -0.5167 -0.0313
vn -0.2216 0.9567 -0.1887
vn -0.5683 -0.1371 0.8113
vn -0.5505 -0.8347 0.0161
vn -0.6752 -0.7146 -0.1831
vn -0.3472 -0.9375 0.0237
vn -0.4791 0.0080 -0.8777
vn -0.0125 -0.9732 -0.2298
vn 0.0380 -0.9192 -0.3920
vn 0.1467 -0.9758 -0.1623
vn -0.0223 -0.9115 -0.4107
vn -0.0766 -0.9788 -0.1897
vn -0.0164 -0.9673 -0.2531
vn 0.2716 -0.2775 -0.9215
vn 0.3763 -0.6615 -0.6487
vn 0.7564 -0.6524 -0.0473
vn 0.5546 -0.8312 -0.0395
vn 0.6428 0.6753 -0.3615
vn 0.6285 0.3171 -0.7102
vn 0.7095 0.1134 -0.6956
vn 0.3209 0.9470 0.0128
vn -0.1550 0.9868 0.0462
vn 0.3880 0.9216 0.0097
vn 0.3795 0.8991 -0.2180
vn 0.7376 0.6742 0.0369
vn 0.8657 0.4242 0.2657
vn -0.5412 0.1653 -0.8245
vn -0.1719 0.6089 -0.7744
vn -0.6014 0.2630 -0.7544
vn -0.3680 0.8066 -0.4625
vn -0.4398 0.4779 -0.7604
vn -0.3023 0.2465 -0.9208
vn -0.1059 0.9184 0.3812
vn 0.0326 0.9960 0.0830
vn 0.0026 0.9869 -0.1614
vn -0.6095 0.7926 -0.0161
vn -0.3480 0.9372 -0.0220
vn 0.1798 0.9834 0.0263
vn -0.9501 0.3117 0.0096
vn -0.4031 0.9150 0.0146
vn -0.3920 0.9196 -0.0278
vn 0.5997 0.7887 0.1350
vn 0.4940 0.8538 0.1642
vn 0.5867 0.8094 0.0236
vn -0.4858 0.4302 -0.7609
vn 0.0802 -0.6910 -0.7183
vn -0.0331 -0.4949 -0.8683
vn 0.2114 -0.4019 -0.8909
vn -0.4487 -0.8430 -0.2968
vn -0.5670 -0.4196 -0.7089
vn -0.2325 -0.5654 -0.7914
vn -0.0302 0.5710 0.8204
vn -0.0191 0.4178 0.9084
vn -0.0003 0.5377 0.8432
vn 0.2595 0.2485 0.9332
vn 0.4576 0.3104 0.8332
vn 0.0366 -0.8151 0.5782
vn 0.0151 -0.4572 0.8892
vn -0.0575 -0.6371 0.7687
vn -0.0888 -0.3785 0.9213
vn -0.2435 -0.7747 0.5835
vn 0.1606 0.9870 -0.0072
vn 0.8394 0.2929 0.4578
vn 0.3896 -0.9172 0.0833
vn 0.9076 -0.2502 0.3372
vn 0.8370 -0.4573 0.3004
vn 0.8514 -0.3058 -0.4261
vn 0.8439 -0.1795 -0.5056
vn 0.9175 -0.0502 -0.3946
vn 0.0615 -0.9010 -0.4294
vn 0.0871 0.9948 -0.0529
vn 0.8987 0.4385 -0.0107
vn 0.7670 0.6415 -0.0127
vn 0.8484 0.5293 -0.0114
vn 0.9902 -0.0933 -0.1038
vn 0.8297 -0.5578 0.0192
vn 0.8500 -0.5264 0.0207
vn 0.9972 -0.0737 -0.0127
vn 0.8929 -0.4499 0.0193
vn 0.8582 -0.5130 -0.0193
vn 0.9845 -0.1751 -0.0109
vn 0.9132 -0.4055 -0.0404
vn -0.9457 -0.2532 0.2040
vn -0.9055 -0.4160 -0.0840
vn -0.8428 0.0910 -0.5304
vn -0.7545 0.2702 -0.5981
vn -0.6768 0.5578 -0.4805
vn -0.9388 -0.3047 -0.1607
vn -0.7701 -0.3062 -0.5596
vn -0.8155 -0.5774 -0.0383
vn -0.9042 -0.2232 -0.3641
vn -0.8663 -0.4422 -0.2323
vn -0.9879 -0.1552 0.0049
vn -0.7971 -0.6031 0.0297
vn -0.3056 -0.9518 -0.0269
vn -0.9791 -0.2018 -0.0245
vn -0.8844 -0.4666 0.0094
vn -0.9747 0.2119 0.0717
vn -0.8438 0.5343 -0.0491
vn -0.5187 0.8531 -0.0569
vn -0.1560 0.9859 0.0604
vn -0.5754 0.7912 -0.2074
vn -0.2840 0.9588 0.0050
vn -0.2674 0.9627 0.0420
vn 0.1628 0.9854 0.0500
vn 0.0122 0.9994 0.0336
vn -0.5053 0.8616 0.0485
vn -0.1990 0.9800 -0.0039
vn -0.9999 0.0118 0.0073
vn -0.4240 -0.9056 -0.0124
vn -0.3683 -0.9168 -0.1542
vn -0.4556 -0.5841 0.6718
vn -0.9094 -0.0739 0.4094
vn -0.9344 0.0657 0.3501
vn -0.8995 0.1665 0.4039
vn -0.1177 0.6181 0.7772
vn -0.8882 0.4592 0.0159
vn -0.9995 -0.0272 0.0166
vn -0.0177 -0.9474 0.3195
vn -0.0860 -0.8820 0.4633
vn -0.1026 0.4107 0.9060
vn -0.1241 0.0468 0.9912
vn 0.0356 0.8381 0.5443
vn 0.2919 0.8925 0.3440
vn -0.2061 0.9782 0.0263
vn -0.5754 0.8179 0.0054
vn -0.4648 0.8850 0.0270
vn -0.4959 0.8678 0.0319
vn -0.9551 -0.2934 0.0406
vn -0.4154 -0.9081 0.0537
vn -0.8940 -0.4471 0.0283
vn 0.0214 -0.9990 0.0391
vn -0.1957 -0.9801 0.0337
vn -0.0074 -0.9877 0.1564
vn 0.0074 0.0214 0.9997
vn 0.5300 0.2090 0.8219
vn 0.4459 -0.4027 0.7994
vn 0.7318 -0.2238 0.6437
vn 0.6929 -0.3824 0.6113
vn 0.0946 -0.4498 0.8881
vn 0.0321 -0.0038 0.9995
vn -0.0176 -0.8410 0.5407
vn 0.2545 -0.9621 -0.0981
vn 0.9963 -0.0844 -0.0191
vn 0.8661 -0.1758 0.4680
vn 0.4179 0.8968 -0.1451
vn 0.3075 0.9509 -0.0351
vn 0.1077 0.9591 0.2618
vn -0.9619 0.2726 0.0220
vn -0.0566 -0.9906 -0.1242
vn -0.0400 -0.9842 -0.1723
vn 0.2047 -0.9774 0.0533
vn 0.2874 -0.9578 0.0032
vn 0.8228 -0.5683 0.0111
vn 0.9823 0.1857 -0.0247
vn 0.9796 0.1997 -0.0240
vn 0.4335 0.6000 0.6724
vn -0.2151 0.9169 0.3362
vn 0.0013 0.9868 0.1620
vn 0.0010 0.9940 -0.1096
vn 0.0109 0.9931 0.1164
vn -0.3298 0.9440 0.0039
vn -0.5013 0.8635 -0.0562
vn -0.2954 0.9550 -0.0250
vn -0.5021 0.8635 -0.0473
vn -0.1697 0.9835 -0.0631
vn -0.0148 -0.9881 0.1528
vn 0.9469 0.2560 0.1945
vn -0.0317 0.9750 0.2200
vn -0.2024 0.9213 0.3320
vn 0.0241 0.9695 0.2441
vn 0.0010 0.9358 0.3526
vn 0.3001 0.9536 0.0224
vn 0.5228 0.8524 0.0079
vn 0.3071 0.9506 0.0462
vn 0.1118 0.9455 0.3058
vn 0.2018 0.7976 0.5684
vn -0.0327 0.9737 0.2254
vn 0.1104 0.9719 0.2081
vn 0.0604 0.9765 0.2071
vn -0.2588 0.9655 -0.0278
vn -0.1915 0.9793 0.0663
vn -0.2209 0.9751 -0.0179
vn -0.5021 0.8647 0.0099
vn -0.3760 0.9266 0.0083
vn -0.2993 0.9542 -0.0003
vn -0.0853 0.9964 -0.0025
vn -0.3534 0.9343 -0.0462
vn 0.5329 0.8449 -0.0465
vn 0.5014 0.8645 -0.0346
vn 0.2941 0.9555 0.0234
vn 0.3580 0.9335 -0.0182
vn -0.0431 0.9864 0.1586
vn -0.0687 0.9878 0.1398
vn -0.1578 0.9875 0.0025
vn -0.1967 0.9792 0.0492
vn -0.6536 0.7568 -0.0059
vn 0.0168 -0.9819 -0.1885
vn 0.3490 -0.9366 0.0312
vn 0.4109 0.9117 -0.0042
vn 0.6074 0.7944 -0.0042
vn 0.0626 0.9919 0.1109
vn -0.1709 0.9832 0.0641
vn -0.0978 0.9919 0.0813
vn -0.9988 -0.0178 0.0446
vn -0.8493 -0.5269 0.0308
vn -0.0033 -0.9936 -0.1132
vn -0.0085 -0.9799 0.1995
vn 0.0370 -0.8581 0.5122
vn 0.9954 -0.0963 0.0007
vn 0.2724 0.9622 -0.0035
vn 0.0511 0.9939 0.0978
vn -0.0074 0.9881 0.1536
vn -0.2110 0.9772 0.0238
vn -0.0143 -0.9982 0.0586
vn 0.0067 -0.9735 -0.2287
vn -0.4409 -0.8962 -0.0481
vn -0.0576 -0.9920 0.1121
vn 0.3605 -0.9327 -0.0062
vn 0.4406 -0.8977 0.0028
vn 0.6853 -0.7281 0.0155
vn 0.3929 0.9195 -0.0134
vn 0.2015 0.9793 -0.0188
vn 0.2564 0.9663 0.0250
vn 0.3877 0.9217 0.0132
vn -0.9508 0.3096 0.0116
vn -0.3748 -0.9061 0.1960
vn -0.1767 -0.9827 -0.0556
vn -0.0328 -0.9994 0.0149
vn 0.0777 -0.9970 0.0054
vn 0.1093 0.9924 0.0566
vn 0.2906 0.9566 0.0238
vn 0.0150 0.9802 0.1973
vn -0.0212 0.9749 0.2215
vn 0.0080 0.9809 0.1944
vn -0.1683 0.9819 0.0863
vn -0.2111 0.9764 0.0449
vn -0.3072 0.9513 -0.0262
vn -0.2514 0.9677 -0.0182
vn -0.2323 0.9721 -0.0339
vn -0.3990 0.9168 -0.0158
vn 0.0258 -0.9767 0.2131
vn -0.0251 -0.9860 0.1646
vn 0.9596 0.2814 -0.0038
vn 0.4244 0.9046 -0.0403
vn -0.0729 0.9966 -0.0377
vn 0.1047 0.9938 0.0385
vn 0.0469 0.9840 0.1717
vn 0.0170 0.9816 0.1902
vn -0.0530 0.9916 0.1177
vn -0.1164 0.9916 0.0565
vn -0.3286 0.9445 -0.0012
vn -0.0604 0.9981 -0.0107
vn -0.2936 0.9541 -0.0594
vn -0.0988 0.9938 -0.0519
vn -0.0018 -0.9955 -0.0944
vn 0.5045 -0.8567 -0.1075
vn 0.6162 0.7876 0.0012
vn 0.5060 0.8624 -0.0126
vn 0.1118 0.9848 0.1328
vn -0.1623 0.9818 -0.0991
vn -0.3260 0.9451 -0.0204
vn -0.2433 0.9697 -0.0216
vn 0.0174 -0.9826 -0.1850
vn 0.5909 0.8061 -0.0319
vn 0.2622 0.9647 -0.0254
vn 0.2294 0.9727 0.0343
vn -0.0209 0.9961 0.0852
vn -0.0003 -0.9999 0.0168
vn 0.0408 -0.9522 -0.3028
vn -0.0254 -0.9997 -0.0001
vn 0.5143 0.8566 -0.0409
vn 0.2817 0.9590 -0.0305
vn 0.2453 0.9685 -0.0422
vn 0.6348 0.7708 0.0546
vn 0.2676 0.9630 -0.0314
vn 0.1807 0.9752 0.1278
vn 0.0107 0.9854 0.1701
vn 0.0194 0.9984 0.0539
vn -0.0101 0.9996 0.0252
vn -0.1374 0.9820 -0.1296
vn -0.0018 -0.9949 0.1010
vn 0.5485 0.8338 -0.0628
vn 0.2009 0.9776 0.0632
vn -0.0959 0.9921 -0.0807
vn -0.4113 0.9106 -0.0408
vn -0.3616 0.9309 -0.0514
vn 0.1305 -0.9729 -0.1907
vn 0.4122 0.9111 0.0035
vn 0.1879 0.9820 -0.0205
vn 0.0362 0.9911 0.1282
vn 0.0233 0.9953 0.0941
vn 0.0139 0.9901 -0.1395
vn 0.0076 0.9993 -0.0369
vn -0.1255 0.9823 -0.1394
vn -0.0706 0.9898 -0.1235
vn 0.0136 0.9997 -0.0206
vn 0.2040 0.9766 -0.0674
vn 0.3797 0.9249 -0.0209
vn 0.3142 0.9486 -0.0372
vn 0.2693 0.9623 -0.0387
vn 0.1933 0.9811 -0.0012
vn 0.2294 0.9733 0.0044
vn 0.0333 0.9994 -0.0105
vn 0.2608 0.9651 -0.0242
vn -0.0286 0.9904 -0.1350
vn -0.4596 0.8881 0.0007
vn -0.0039 -0.9997 -0.0244
vn -0.0257 -0.9983 -0.0518
vn 0.1670 0.9859 -0.0057
vn 0.3154 0.9489 -0.0139
vn 0.2138 0.9768 0.0095
vn 0.0832 0.9929 -0.0845
vn 0.1033 0.9615 -0.2545
vn -0.0597 0.9802 -0.1886
vn -0.5103 0.8592 -0.0370
vn -0.0200 -0.9998 0.0099
vn 0.0036 -0.9988 0.0491
vn 0.3355 0.9420 0.0061
vn 0.3794 0.9221 0.0765
vn 0.3244 0.9459 0.0068
vn 0.2066 0.9770 -0.0521
vn 0.0767 0.9947 -0.0685
vn -0.9713 0.1881 -0.1454
vn -0.7812 0.6110 0.1284
vn 0.0847 0.9704 -0.2262
vn 0.1149 0.9264 -0.3587
vn -0.0373 0.9846 -0.1710
vn 0.0115 0.9767 -0.2141
vn -0.0163 0.9690 -0.2467
vn -0.0326 0.9757 -0.2168
vn 0.1369 0.9808 -0.1390
vn -0.0042 0.9782 -0.2078
vn 0.2304 0.9711 -0.0615
vn -0.5971 0.8010 0.0446
vn -0.4322 0.8926 0.1287
vn -0.5204 0.8534 -0.0295
vn -0.2690 0.9626 -0.0314
vn -0.4175 0.9055 0.0756
vn 0.1650 0.8916 -0.4217
vn -0.3750 0.9268 0.0197
vn 0.1737 0.9787 -0.1090
vn 0.2461 0.9666 -0.0718
vn 0.0483 0.9892 -0.1381
vn 0.0337 0.9766 -0.2126
vn 0.0402 0.9527 -0.3014
vn 0.0034 0.9343 -0.3564
vn -0.0467 0.9872 -0.1524
vn 0.1461 0.9398 -0.3091
vn 0.0100 0.8897 -0.4564
vn 0.0009 0.9294 -0.3691
vn -0.1277 0.9109 -0.3923
vn -0.0876 0.9672 -0.2384
vn -0.0355 0.9916 -0.1245
vn 0.0131 0.9129 -0.4080
vn 0.0203 0.9986 -0.0486
vn 0.0024 0.2696 -0.9630
vn -0.1583 -0.2976 -0.9415
vn 0.0094 -0.2626 -0.9649
vn -0.1245 0.9524 -0.2784
vn 0.0115 0.9461 -0.3237
vn 0.0315 0.8840 -0.4664
vn 0.3644 0.9309 0.0239
vn 0.1046 0.9927 -0.0594
vn -0.1442 0.9479 -0.2841
vn -0.0102 0.9201 -0.3915
vn -0.0174 0.8928 -0.4501
vn -0.0140 -0.5286 -0.8487
vn 0.0272 0.7662 -0.6420
vn 0.2048 0.3867 -0.8992
vn 0.1078 0.0668 -0.9919
vn 0.4273 0.9023 0.0576
vn 0.9772 0.2123 -0.0088
vn 0.9487 0.1749 -0.2633
vn 0.9154 0.0760 -0.3953
vn 0.8965 0.4237 -0.1297
vn -0.2877 0.7814 -0.5537
vn 0.5148 0.3443 -0.7851
vn 0.5676 0.0692 -0.8204
vn 0.5232 -0.6060 -0.5992
vn 0.6634 -0.2992 -0.6859
vn 0.5527 -0.5413 -0.6336
vn 0.9107 0.3971 -0.1142
vn -0.0506 -0.2432 -0.9686
vn 0.7396 -0.6363 -0.2196
vn -0.0003 -1.0000 -0.0011
vn -0.0381 -0.9992 -0.0088
vn 0.0226 -0.9985 -0.0495
vn 0.8257 -0.5281 0.1985
vn -0.9979 -0.0627 0.0192
vn 0.9162 0.3184 0.2432
vn 0.8787 -0.4617 0.1215
vn -0.7775 -0.2908 -0.5576
vn 0.8471 0.3714 0.3801
vn 0.0948 0.8878 -0.4504
vn 0.0335 0.4712 -0.8814
vn 0.8735 0.4712 -0.1227
vn 0.3939 0.6026 0.6941
vn -0.7695 -0.0142 0.6385
vn -0.0634 0.9831 -0.1719
vn -0.9339 0.1176 -0.3376
vn -0.0960 0.9953 0.0160
vn 0.3728 -0.7929 -0.4820
vn 0.0825 0.3745 -0.9236
vn 0.9623 -0.1871 -0.1972
vn 0.8359 -0.0422 0.5473
vn 0.9028 -0.2559 -0.3455
vn 0.8897 0.1464 0.4324
vn 0.7893 0.5283 -0.3129
vn 0.0469 0.5693 -0.8208
vn -0.6912 -0.0127 -0.7225
vn -0.1443 0.9884 0.0464
vn -0.3008 0.9536 -0.0135
vn -0.3109 0.9498 -0.0342
vn 0.8989 0.1643 0.4061
vn 0.8645 0.4833 0.1380
vn 0.8699 0.4187 0.2607
vn 0.0647 -0.8943 0.4428
vn 0.0114 0.9999 0.0018
vn -0.0050 0.5524 0.8336
vn 0.6162 0.6981 -0.3648
vn 0.5266 0.8486 0.0507
vn -0.0491 -0.8064 -0.5894
vn 0.5874 0.4605 0.6655
vn 0.1722 0.2437 0.9544
vn -0.0141 0.2729 0.9619
vn -0.1447 0.6832 0.7157
vn -0.5325 -0.0819 -0.8425
vn -0.7039 0.6971 0.1364
vn 0.4748 -0.2965 0.8286
vn -0.6533 -0.6718 -0.3492
vn -0.4425 -0.8782 -0.1818
vn -0.2245 -0.9568 0.1849
vn -0.2250 0.9744 0.0052
vn 0.3626 -0.5489 0.7532
vn -0.2738 -0.7387 -0.6159
vn 0.5204 -0.0095 -0.8539
vn -0.2748 -0.9600 0.0527
vn -0.3682 0.4704 -0.8020
vn -0.1875 -0.9305 -0.3147
vn 0.1261 0.9655 -0.2277
vn -0.2901 -0.9122 -0.2893
vn -0.2791 -0.6224 -0.7313
vn -0.0324 0.9546 -0.2962
vn 0.2979 0.3251 -0.8975
vn 0.9912 -0.1241 -0.0462
vn -0.5604 0.0277 -0.8278
vn 0.8266 0.5341 0.1776
vn -0.8054 0.3890 0.4472
vn 0.7481 0.1763 0.6397
vn -0.6442 -0.1134 0.7564
vn 0.7392 -0.3901 0.5490
vn 0.8948 -0.4152 -0.1640
vn 0.8179 -0.5647 0.1105
vn 0.8854 -0.4590 0.0738
vn -0.4675 -0.8822 0.0564
vn 0.7164 -0.6939 -0.0724
vn 0.3218 -0.8866 -0.3323
vn -0.2123 -0.9771 0.0132
vn 0.6844 -0.1215 0.7189
vn 0.7305 -0.6247 0.2759
vn -0.3191 0.9295 0.1850
vn 0.7419 -0.6619 0.1071
vn -0.9829 0.1523 -0.1036
vn 0.5157 -0.8551 0.0528
vn -0.0738 -0.9551 0.2870
vn -0.9916 -0.1269 -0.0238
vn -0.9797 -0.1520 0.1308
vn -0.3512 -0.8063 0.4760
vn -0.8171 0.5355 0.2135
vn -0.9873 -0.1407 -0.0739
vn 0.2350 0.0246 -0.9717
vn -0.9764 -0.2049 -0.0678
vn 0.6555 0.6517 -0.3815
vn -0.8003 0.5128 -0.3108
vn 0.4350 -0.8666 -0.2446
vn -0.4584 0.6381 0.6186
vn -0.9825 -0.1064 -0.1528
vn -0.7363 0.6074 -0.2981
vn -0.9183 -0.2649 0.2941
vn -0.6564 -0.5402 -0.5265
vn -0.7054 0.0660 0.7058
vn -0.7215 0.6378 -0.2696
vn -0.4977 0.8172 -0.2907
vn -0.6284 0.2069 -0.7499
vn -0.9552 -0.2089 0.2097
vn -0.9192 -0.2249 0.3232
vn -0.4503 0.8215 0.3498
vn 0.1974 0.8092 0.5534
vn -0.5233 -0.4299 0.7357
vn 0.2671 0.9578 -0.1066
vn 0.4851 -0.8743 -0.0169
vn 0.8060 0.1645 0.5686
vn 0.0961 -0.9122 -0.3983
vn 0.2113 0.2205 0.9522
vn 0.7593 -0.6419 0.1071
vn 0.2682 -0.2451 -0.9317
vn -0.0430 0.8222 0.5676
vn 0.1243 -0.5637 0.8166
vn -0.3579 -0.9281 0.1024
vn 0.2390 -0.7570 0.6082
vn 0.6552 0.7352 -0.1737
vn 0.9358 -0.2831 0.2100
vn 0.9345 -0.3472 0.0785
vn 0.3465 -0.8151 -0.4642
vn -0.1501 -0.9628 -0.2248
vn 0.3127 -0.5918 -0.7429
vn 0.0687 -0.8009 -0.5948
vn -0.0587 -0.3804 0.9230
vn -0.4549 -0.7962 -0.3990
vn -0.7672 0.3652 -0.5273
vn -0.2300 -0.9034 -0.3620
vn -0.3035 0.6778 0.6697
vn -0.0452 -0.7945 -0.6056
vn 0.6928 -0.5178 -0.5018
vn -0.3129 -0.8845 0.3461
vn -0.3045 -0.8905 -0.3381
vn 0.5184 -0.8431 -0.1430
vn -0.2955 -0.9541 -0.0493
vn 0.5882 -0.7886 -0.1794
vn -0.5252 -0.8305 -0.1857
vn 0.2632 0.4732 0.8407
vn 0.1069 -0.7894 -0.6044
vn -0.0013 -0.9305 -0.3663
vn 0.3590 -0.7323 0.5787
vn 0.9126 -0.4074 0.0352
vn -0.1347 -0.8791 0.4571
vn -0.0063 -0.8891 -0.4576
vn 0.7618 -0.6179 -0.1945
vn 0.2931 -0.9466 0.1346
vn -0.6931 0.4786 -0.5391
vn 0.7563 -0.5872 -0.2884
vn 0.3550 -0.6385 -0.6828
vn -0.0367 -0.8870 0.4603
vn -0.0499 -0.9394 -0.3391
vn 0.3925 -0.9144 -0.0989
vn -0.5214 -0.7944 0.3116
vn 0.3796 -0.8015 0.4621
vn -0.8739 -0.4347 -0.2178
vn 0.0990 -0.8481 0.5205
vn 0.3165 -0.8918 -0.3233
vn 0.1499 -0.9364 0.3173
vn 0.3611 -0.8924 -0.2705
vn 0.4908 -0.0879 0.8668
vn -0.1094 -0.2445 0.9635
vn 0.2492 -0.9151 -0.3170
vn 0.2675 0.4123 0.8709
vn -0.2367 -0.9373 0.2558
vn 0.0356 -0.9887 -0.1458
vn 0.2035 -0.9769 0.0653
vn 0.3594 -0.8602 -0.3617
vn -0.1444 -0.3672 -0.9188
vn 0.3175 -0.9442 0.0881
vn 0.1192 -0.9881 0.0968
vn -0.1375 -0.9871 -0.0822
vn -0.0006 -0.9324 0.3614
vn -0.0112 -0.9183 0.3956
vn -0.0041 -0.9922 -0.1247
vn 0.3917 -0.8990 0.1959
vn -0.4249 -0.9019 0.0781
vn 0.1926 -0.8722 -0.4496
vn 0.1463 -0.9889 -0.0258
vn 0.3058 -0.9063 -0.2918
vn 0.0241 -0.9957 -0.0890
vn 0.5751 -0.8181 0.0010
vn 0.2211 -0.2182 -0.9505
vn -0.0644 -0.9954 -0.0714
vn -0.3239 -0.7698 -0.5501
vn 0.4887 -0.8716 -0.0379
vn 0.2753 -0.8995 0.3393
vn -0.0268 0.8021 0.5966
vn 0.1379 0.3796 -0.9148
vn 0.7494 -0.6460 -0.1452
vn 0.0405 -0.9879 0.1500
vn -0.0133 -0.9815 -0.1909
vn 0.1139 -0.9877 0.1069
vn -0.3605 -0.9263 0.1095
vn 0.4821 -0.8721 0.0838
vn 0.0048 -0.9993 -0.0380
vn 0.2071 -0.9475 0.2437
vn 0.4174 -0.8662 -0.2748
vn -0.4404 -0.8857 0.1469
vn 0.1995 -0.9270 -0.3175
vn 0.1064 -0.8961 -0.4310
vn -0.1626 -0.9699 0.1813
vn 0.1576 0.7178 0.6782
vn 0.0023 -0.9405 -0.3398
vn -0.0575 -0.9833 0.1728
vn -0.0172 -0.8525 0.5224
vn 0.6162 -0.7593 0.2095
vn 0.0382 -0.9200 -0.3900
vn -0.9159 -0.2857 -0.2820
vn 0.0099 -0.9454 -0.3258
vn -0.3755 -0.8815 -0.2863
vn 0.3379 -0.9411 0.0162
vn -0.0387 -0.9178 -0.3952
vn 0.8372 -0.1908 -0.5126
vn 0.2894 0.2576 -0.9219
vn 0.0218 -0.8982 0.4390
vn -0.1773 -0.8612 0.4763
vn -0.2603 -0.8687 0.4214
vn -0.3897 -0.8789 0.2751
vn -0.1948 -0.8328 -0.5182
vn 0.0432 -0.8981 0.4376
vn 0.3913 -0.9197 0.0308
vn 0.1713 -0.8452 -0.5062
vn -0.7241 -0.6870 -0.0611
vn -0.1794 -0.7562 0.6293
vn -0.0158 -0.3441 0.9388
vn 0.2216 -0.8905 -0.3973
vn -0.4007 -0.6622 0.6332
vn -0.2483 -0.6967 -0.6731
vn 0.0504 -0.7975 -0.6012
vn -0.6057 -0.7956 0.0098
vn -0.7460 -0.2730 -0.6074
vn -0.1472 -0.6049 -0.7826
vn -0.4632 -0.5563 0.6899
vn -0.2504 -0.4439 -0.8604
vn 0.3737 -0.5731 0.7293
vn -0.4480 -0.6434 0.6208
vn -0.2660 -0.7044 0.6580
vn -0.8346 -0.4124 0.3651
vn 0.1538 -0.6449 0.7487
vn -0.2538 -0.7192 0.6468
vn -0.1299 0.1393 0.9817
vn -0.1621 -0.7145 -0.6806
vn -0.1299 -0.5158 -0.8468
vn -0.5303 -0.7896 0.3087
vn 0.0150 -0.9819 0.1887
vn -0.2827 -0.8442 0.4554
vn -0.3095 0.6864 0.6581
vn 0.6448 0.6018 0.4712
vn 0.6110 0.3938 0.6868
vn -0.6109 0.7789 0.1417
vn 0.8837 -0.4634 -0.0652
vn 0.8343 0.5219 0.1778
vn 0.6618 -0.3214 0.6773
vn 0.6260 -0.1561 -0.7640
vn 0.6485 0.0490 -0.7596
vn 0.6808 0.0729 -0.7288
vn 0.7632 -0.0913 -0.6397
vn 0.7869 -0.0977 -0.6093
vn 0.7581 -0.2042 -0.6194
vn 0.6142 0.0501 -0.7875
vn 0.8962 0.4389 -0.0654
vn 0.6622 -0.1981 0.7227
vn 0.9641 -0.2580 0.0627
vn 0.1086 0.9839 0.1421
vn 0.7794 -0.4976 0.3808
vn -0.7595 0.1371 0.6359
vn 0.6072 0.1342 0.7831
vn 0.0367 0.8801 0.4733
vn 0.9385 -0.3427 -0.0417
vn 0.9105 -0.2778 -0.3064
vn 0.9436 -0.3199 0.0848
vn 0.9284 0.3483 0.1296
vn 0.8033 0.5039 0.3174
vn 0.9764 -0.1874 -0.1072
vn -0.9627 -0.2460 -0.1128
vn 0.3339 0.3076 0.8910
vn -0.9960 0.0266 -0.0852
vn 0.8737 0.4634 0.1480
vn 0.9682 -0.1536 -0.1975
vn -0.5365 -0.5683 -0.6239
vn 0.4923 0.7762 0.3939
vn 0.1209 0.1868 0.9749
vn -0.8384 -0.3834 0.3875
vn -0.5188 -0.7569 -0.3974
vn -0.6787 -0.4012 -0.6151
vn -0.7014 -0.2721 -0.6587
vn -0.8051 -0.5929 0.0163
vn -0.2817 -0.9543 0.0994
vn -0.2630 -0.9640 0.0403
vn -0.1237 -0.9860 0.1120
vn 0.3506 0.3396 -0.8728
vn 0.8112 -0.2103 -0.5456
vn -0.7446 0.3529 0.5665
vn 0.1609 -0.6708 -0.7240
vn -0.9401 -0.1334 0.3137
vn -0.4412 -0.3452 -0.8284
vn 0.4855 -0.8089 0.3316
vn 0.4941 -0.7502 0.4393
vn -0.2011 -0.4761 -0.8561
vn -0.6846 0.6760 -0.2725
vn -0.5651 -0.8100 0.1568
vn -0.2799 -0.9393 0.1985
vn -0.4802 -0.8501 0.2162
vn -0.2199 -0.9589 0.1794
vn -0.1626 -0.9602 0.2273
vn 0.7156 -0.6267 0.3085
vn -0.5969 0.0647 -0.7997
vn -0.4497 -0.7425 0.4965
vn -0.4415 0.7131 0.5446
vn -0.5231 0.7979 -0.2996
vn -0.1922 0.8647 0.4641
vn -0.0675 0.8225 0.5647
vn -0.3350 0.7911 -0.5119
vn -0.9667 -0.2494 -0.0565
vn 0.2496 0.9578 -0.1427
vn 0.9511 0.2794 -0.1317
vn -0.4822 0.1515 -0.8629
vn -0.2536 0.8995 0.3558
vn 0.8032 0.2425 0.5442
vn -0.8823 0.3360 -0.3296
vn 0.8782 -0.4738 0.0661
vn 0.3000 -0.8041 0.5132
vn 0.3971 -0.8968 0.1951
vn 0.3702 -0.9258 -0.0768
vn 0.1714 -0.8656 -0.4704
vn 0.2882 -0.7684 0.5714
vn 0.5642 -0.7849 0.2562
vn 0.2518 0.0335 0.9672
vn 0.6729 0.7366 -0.0680
vn 0.4525 0.3067 0.8374
vn 0.2155 0.9160 -0.3384
vn 0.5181 0.3999 -0.7561
vn 0.3843 0.8437 0.3748
vn 0.2343 -0.9659 0.1099
vn 0.0176 0.9828 0.1839
vn -0.0442 0.9720 -0.2307
vn -0.0589 0.9340 -0.3524
vn -0.1164 0.9441 0.3083
vn -0.2613 0.9645 -0.0384
vn 0.6429 0.4267 -0.6361
vn 0.0491 0.5835 -0.8106
vn -0.9000 0.4168 -0.1277
vn 0.5428 0.8357 0.0838
vn -0.0204 0.1862 -0.9823
vn -0.5715 -0.5887 -0.5717
vn 0.8057 0.5430 0.2367
vn 0.8361 -0.5057 -0.2125
vn -0.8789 0.0835 -0.4697
vn -0.4848 -0.8056 0.3406
vn 0.3879 -0.2836 -0.8770
vn 0.0243 0.0761 -0.9968
vn 0.9913 0.0900 -0.0963
vn 0.9636 -0.1280 0.2347
vn 0.1903 0.4518 0.8716
vn 0.8919 -0.1525 -0.4258
vn 0.6859 -0.2397 0.6870
vn 0.0197 0.9376 -0.3472
vn 0.8524 0.1172 -0.5095
vn 0.7438 -0.2445 0.6221
vn 0.4343 -0.0220 0.9005
vn 0.9796 0.1563 0.1261
vn 0.3211 0.9322 -0.1670
vn 0.8094 0.5789 -0.0986
vn -0.4110 0.9107 -0.0424
vn -0.4560 0.2970 0.8390
vn -0.0556 -0.9657 0.2538
vn 0.5153 0.5833 0.6279
vn -0.3727 -0.7637 0.5270
vn -0.0602 -0.6585 -0.7501
vn -0.0420 -0.7907 0.6108
vn 0.6547 -0.0468 0.7544
vn 0.2906 0.7486 -0.5959
vn -0.1482 -0.7187 0.6794
vn 0.1533 -0.8068 0.5706
vn -0.8066 -0.5572 0.1972
vn -0.6884 -0.7069 -0.1624
vn 0.6555 0.7339 0.1779
vn -0.5998 -0.7791 0.1822
vn -0.5623 -0.8246 -0.0615
vn -0.2054 -0.8761 0.4361
vn -0.0313 -0.5429 -0.8392
vn 0.0183 -0.4363 -0.8996
vn -0.5718 -0.8102 -0.1293
vn -0.5965 -0.2213 0.7715
vn 0.4826 -0.8751 -0.0362
vn -0.4732 -0.8323 -0.2885
vn -0.6386 -0.7695 -0.0094
vn -0.4923 -0.8529 -0.1740
vn -0.1530 -0.9504 0.2708
vn -0.1534 -0.8318 -0.5335
vn 0.2222 0.9750 0.0009
vn -0.1852 -0.6190 0.7633
vn -0.5697 -0.7352 -0.3672
vn -0.3781 -0.8815 -0.2828
vn 0.1795 -0.0637 -0.9817
vn 0.6810 -0.6916 0.2405
vn 0.0038 0.7160 0.6981
vn -0.5968 -0.7277 0.3380
vn 0.0889 -0.9954 0.0369
vn -0.0224 -0.9972 -0.0708
vn -0.1447 -0.9088 -0.3914
vn -0.1753 -0.9841 0.0285
vn -0.3134 -0.3780 0.8712
vn 0.0448 -0.9942 0.0975
vn 0.0478 -0.9926 0.1114
vn -0.0796 -0.9953 0.0552
vn -0.1416 -0.9607 -0.2389
vn 0.0515 -0.9638 0.2615
vn -0.1757 -0.9752 -0.1343
vn -0.2201 -0.9691 -0.1110
vn 0.1404 -0.9445 -0.2969
vn -0.3473 0.9313 0.1102
vn -0.3460 -0.9286 -0.1341
vn -0.0738 -0.8006 0.5946
vn 0.0650 -0.7666 0.6389
vn -0.3579 -0.9055 -0.2282
vn 0.2028 -0.9789 -0.0267
vn 0.9242 0.3448 0.1639
vn 0.2559 -0.8508 0.4590
vn -0.2897 -0.9567 -0.0266
vn 0.0134 -0.7638 0.6453
vn -0.2608 0.9620 0.0812
vn -0.1429 -0.4030 0.9040
vn -0.1074 -0.8503 0.5152
vn 0.0405 -0.9982 -0.0432
vn -0.6276 0.4479 -0.6368
vn 0.4271 -0.8971 -0.1132
vn -0.0721 -0.7318 0.6777
vn 0.2730 -0.6979 0.6621
vn -0.5083 -0.8235 0.2520
vn 0.1994 -0.9177 0.3437
vn 0.0501 -0.8416 0.5377
vn 0.9633 0.2617 -0.0596
vn 0.7861 -0.2844 -0.5488
vn 0.6467 -0.7276 -0.2291
vn 0.3038 0.5352 0.7882
vn 0.6433 -0.4600 0.6120
vn -0.4843 0.4617 -0.7431
vn -0.7599 -0.0941 0.6432
vn -0.4433 0.8302 -0.3379
vn -0.9237 -0.1901 -0.3325
vn 0.6801 -0.7266 -0.0975
vn -0.8259 0.4464 -0.3443
vn 0.0352 -0.2474 0.9683
vn -0.6307 -0.5754 -0.5208
vn 0.1338 0.9821 -0.1326
vn -0.4747 0.3480 -0.8084
vn 0.5634 -0.8096 -0.1650
vn 0.2745 -0.8955 0.3503
vn -0.3973 -0.5007 -0.7690
vn -0.8660 -0.2460 0.4354
vn -0.8244 -0.5114 0.2426
vn -0.3375 -0.9220 0.1900
vn 0.5445 -0.8383 0.0292
vn 0.5759 0.7965 -0.1844
vn 0.5065 0.7322 -0.4553
vn 0.1801 0.2893 -0.9402
vn 0.4983 0.8651 0.0571
vn 0.0906 0.9765 -0.1955
vn 0.2322 0.9576 -0.1704
vn -0.4089 0.7394 -0.5349
vn -0.7931 0.5687 0.2179
vn 0.1478 -0.1583 -0.9763
vn 0.6574 -0.4500 0.6044
vn 0.1882 -0.9504 -0.2478
vn -0.8635 0.4287 0.2656
vn 0.9433 -0.0849 0.3209
vn 0.2009 -0.9796 -0.0111
vn 0.9457 -0.3247 -0.0152
vn -0.1113 -0.8278 -0.5498
vn -0.9895 0.0783 0.1211
vn 0.9609 0.2760 0.0234
vn -0.0230 -0.9029 0.4292
vn -0.5852 -0.7713 0.2503
vn 0.8371 -0.1839 0.5153
vn 0.9134 0.3217 -0.2496
vn -0.1552 -0.2031 -0.9668
vn 0.7001 0.0937 0.7078
vn -0.0580 -0.1511 0.9868
vn -0.5011 -0.7830 -0.3686
vn 0.4427 -0.4269 -0.7886
vn -0.5806 -0.1215 0.8051
vn 0.9077 -0.4184 0.0337
vn 0.3751 0.7719 -0.5132
vn 0.3255 0.8591 0.3949
vn -0.1269 -0.9263 -0.3548
vn 0.0657 -0.7644 -0.6414
vn -0.2141 -0.7946 -0.5681
vn 0.2676 0.6053 -0.7497
vn 0.1282 0.9386 0.3203
vn -0.4238 -0.9050 0.0368
vn -0.5416 -0.8390 -0.0534
vn -0.1460 0.9157 0.3743
vn -0.4803 0.2321 -0.8458
vn 0.0444 -0.8598 -0.5087
vn 0.6801 -0.7216 0.1292
vn -0.7099 0.4161 0.5682
vn 0.0255 0.7931 0.6085
vn -0.1069 -0.9939 -0.0257
vn 0.7477 -0.5857 0.3130
vn -0.8317 0.5489 -0.0834
vn 0.6012 -0.7977 0.0480
vn -0.5653 0.4046 0.7189
vn 0.7005 0.3493 -0.6223
vn 0.1035 0.9584 -0.2661
vn -0.1033 0.9170 -0.3853
vn -0.0279 -0.9839 0.1768
vn -0.0323 0.9827 0.1822
vn -0.6087 0.7927 -0.0321
vn -0.8084 -0.0954 -0.5809
vn -0.4748 0.6893 0.5471
vn 0.4370 0.8297 -0.3474
vn -0.4298 -0.8416 -0.3271
vn 0.3310 -0.0036 -0.9436
vn 0.1974 -0.9785 -0.0606
vn -0.1709 0.5568 -0.8128
vn 0.2249 0.9389 -0.2606
vn -0.8184 -0.5739 0.0299
vn -0.6859 -0.7121 -0.1496
vn 0.0374 0.7072 -0.7060
vn -0.0943 0.8740 0.4768
vn 0.8298 -0.3348 -0.4466
vn -0.6576 0.1254 -0.7429
vn -0.1482 0.4277 0.8917
vn 0.4535 0.8065 0.3793
vn -0.2475 0.4410 -0.8627
vn -0.5285 0.6771 0.5121
vn 0.2950 0.9331 -0.2057
vn -0.7589 0.5975 -0.2588
vn 0.6648 0.7223 -0.1907
vn -0.2820 0.9092 -0.3063
vn 0.1597 0.9748 -0.1561
vn -0.3468 -0.1659 -0.9231
vn 0.0512 0.9961 0.0712
vn 0.4521 0.8909 -0.0429
vn -0.4847 0.8642 -0.1349
vn 0.0218 0.8694 -0.4937
vn 0.2316 0.9439 0.2353
vn -0.4131 -0.2356 -0.8797
vn 0.3973 -0.7754 -0.4909
vn 0.1799 0.8012 0.5707
vn -0.0208 0.5933 -0.8047
vn 0.0129 -0.9879 -0.1543
vn -0.3005 -0.8299 -0.4701
vn 0.4182 -0.8905 -0.1792
vn 0.5829 0.8014 -0.1343
vn -0.2703 0.9421 0.1985
vn 0.8288 0.4410 0.3445
vn -0.2907 0.8367 -0.4641
vn 0.0790 0.9166 -0.3919
vn 0.7744 0.6284 0.0736
vn -0.3622 0.9118 0.1932
vn 0.3584 0.4032 0.8420
vn 0.1905 0.4281 -0.8834
vn -0.5265 0.5579 -0.6415
vn 0.8558 0.0934 0.5087
vn -0.3055 0.8141 -0.4939
vn 0.5031 0.7514 -0.4270
vn 0.9160 0.1222 0.3822
vn -0.1614 0.8006 -0.5771
vn -0.0256 -0.4583 -0.8884
vn 0.8305 -0.2280 -0.5083
vn 0.5616 0.3451 -0.7520
vn 0.9055 0.2119 -0.3676
vn -0.4471 0.7382 0.5051
vn 0.3078 0.8678 0.3901
vn 0.0961 -0.0895 -0.9913
vn -0.6693 0.4622 0.5817
vn 0.8715 0.4236 -0.2470
vn -0.9963 -0.0248 -0.0823
vn 0.1833 0.8650 0.4672
vn 0.9752 -0.1460 -0.1662
vn 0.0361 0.9895 -0.1396
vn -0.7308 0.0651 0.6795
vn -0.8537 -0.0590 -0.5174
vn -0.7121 -0.6161 0.3368
vn -0.9904 -0.0553 0.1267
vn -0.7371 0.6691 -0.0946
vn 0.4510 -0.0335 -0.8919
vn 0.0027 -0.8425 0.5386
vn 0.3060 -0.8710 0.3843
vn -0.1721 -0.5887 -0.7898
vn -0.2498 -0.2846 0.9255
vn -0.8746 0.3531 0.3323
vn 0.4341 -0.8956 0.0975
vn -0.4596 0.2237 0.8595
vn 0.5776 0.5753 -0.5791
vn 0.5771 -0.5794 -0.5756
vn -0.5776 -0.5753 -0.5791
vn -0.5771 0.5794 -0.5756
vn 0.5763 -0.5779 0.5779
vn -0.5784 -0.5768 0.5768
vn -0.5763 0.5779 0.5779
vn 0.5784 0.5768 0.5768
vn -0.0000 -0.0000 -0.0000
vn 1.0000 -0.0010 -0.0000
vn -0.6479 -0.5987 0.4708
vn 0.5984 -0.6483 0.4708
vn 0.7120 0.3596 -0.6031
vn 0.8837 0.4622 0.0737
vn 0.3233 0.9450 -0.0494
vn 0.5562 0.8293 0.0533
vn 0.3776 0.6919 -0.6154
vn -0.4868 0.4584 0.7436
vn -0.4876 0.4584 0.7431
vn 0.6140 0.6292 0.4765
vn -0.6248 0.6357 0.4532
vn 0.6140 0.6292 0.4766
vn -0.6248 0.6358 0.4533
vn -0.4868 0.4570 0.7444
vn -0.4871 -0.4563 0.7447
vn 0.4601 -0.4590 0.7600
vn 0.4610 0.4599 0.7589
vn -0.4867 -0.4580 0.7439
vn 0.4599 -0.4575 0.7610
vn 0.4601 0.4600 0.7594
vn -0.4876 0.4570 0.7439
vn -0.6279 -0.6331 0.4526
vn 0.6141 -0.6318 0.4730
vn 0.6171 0.6292 0.4725
vn -0.6248 0.6357 0.4533
vn 0.6140 -0.6318 0.4731
vn 0.6172 0.6292 0.4725
vn -0.6279 -0.6331 0.4527
vn 1.0000 -0.0007 -0.0000
vn -0.6470 -0.5994 0.4713
vn 0.5980 -0.6487 0.4708
vn 0.5775 0.5772 -0.5774
vn 0.5772 -0.5775 -0.5773
vn -0.5775 -0.5772 -0.5774
vn -0.5772 0.5775 -0.5773
vn 0.5775 -0.5772 0.5774
vn 0.5772 0.5775 0.5773
vn -0.5775 0.5772 0.5774
vn -0.5772 -0.5775 0.5773
vn -0.4842 0.4590 0.7449
vn -0.4845 -0.4582 0.7451
vn 0.4627 -0.4570 0.7596
vn 0.4635 0.4580 0.7585
vn 0.4625 -0.4570 0.7597
vn -0.6319 -0.6292 0.4526
vn 0.6100 -0.6357 0.4730
vn 0.6131 0.6331 0.4725
vn -0.6289 0.6318 0.4531
vn 0.6099 -0.6358 0.4730
vn -0.6289 -0.6292 0.4567
vn -0.5772 0.5775 -0.5774
vn 0.5775 0.5772 -0.5773
vn 0.5772 -0.5775 -0.5774
vn -0.5775 -0.5772 -0.5773
vn 0.5772 0.5775 0.5774
vn -0.5775 0.5772 0.5773
vn -0.5772 -0.5775 0.5774
vn 0.5775 -0.5772 0.5773
vn -0.5023 0.3789 0.7773
vn -0.6466 -0.5974 0.4743
vn 0.5985 -0.6484 0.4706
vn -0.3913 0.9201 -0.0134
vn -0.6475 -0.5992 0.4709
vn 0.5983 -0.6487 0.4703
vn 0.7786 0.1161 0.6167
vn 0.4946 -0.6839 0.5362
vn 0.8648 -0.1090 0.4902
vn 0.5706 0.6207 0.5377
vn -0.0624 0.8733 0.4833
vn -0.2684 -0.6008 0.7530
vn -0.5196 -0.0349 0.8537
vn -0.5502 -0.3091 0.7757
vn 0.7957 0.3396 0.5015
vn -0.8579 -0.1722 0.4842
vn -0.1139 -0.0672 0.9912
vn -0.0001 -0.0000 1.0000
vn 0.2600 -0.8928 0.3679
vn 0.9511 -0.2149 0.2219
vn 0.6690 0.7272 0.1534
vn -0.5632 0.2008 0.8015
vn 0.2835 -0.7640 0.5797
vn -0.0000 -0.0000 1.0000
vn 0.0001 -0.0000 1.0000
vn -0.0007 -0.0006 1.0000
vn -0.8855 0.2730 -0.3760
vn 0.9863 0.1416 0.0846
vn 0.9004 0.4350 -0.0071
vn -0.9232 -0.2274 -0.3098
vn -0.4953 0.1585 0.8542
vn 0.0506 -0.1846 0.9815
vn -0.1561 0.6389 0.7533
vn 0.8424 -0.0710 0.5341
vn 0.0946 0.6298 -0.7710
vn 0.3229 -0.8644 -0.3855
vn 0.9984 0.0558 0.0001
vn 0.7518 0.5822 -0.3094
vn -0.0561 0.3822 -0.9224
vn 0.2350 0.9705 0.0544
vn -0.8676 -0.3795 -0.3212
vn -0.3700 0.9290 0.0018
vn -0.4445 0.8955 -0.0228
vn -0.3601 0.9321 0.0393
vn -0.2464 0.9596 0.1359
vn 0.5145 -0.5974 -0.6151
vn -0.9727 -0.2282 0.0410
vn 0.2464 -0.3477 -0.9047
vn -0.5958 -0.8028 0.0235
vn -0.4172 0.5426 -0.7291
vn 0.7542 -0.6547 -0.0501
vn 0.6741 -0.7378 -0.0359
vn 0.3201 0.4805 0.8165
vn 0.8105 0.3022 0.5017
vn -0.8020 -0.1226 -0.5846
vn -0.1658 0.9625 -0.2147
vn 0.8622 0.5063 -0.0153
vn 0.8630 0.5050 -0.0146
vn 0.0013 -0.3983 -0.9172
vn 0.9950 0.0409 -0.0913
vn -0.5244 0.6578 0.5406
vn 0.4006 0.8152 -0.4184
vn 0.0422 0.9983 0.0394
vn 0.9904 0.1242 0.0605
vn -0.5961 0.8026 -0.0213
vn -0.4803 0.8768 -0.0246
vn 0.0343 0.9907 -0.1317
vn 0.0301 0.9635 -0.2661
vn 0.7429 -0.2946 0.6012
vn -0.5095 0.0250 0.8601
vn -0.2458 -0.7610 -0.6004
vn -0.4260 -0.8960 0.1255
vn 0.3851 -0.0550 0.9212
vn 0.4208 0.1582 -0.8933
vn 0.1561 0.9859 0.0606
vn -0.2673 0.1382 -0.9537
vn -0.5973 0.8002 -0.0552
vn 0.0186 -0.9124 0.4089
vn 0.8598 0.4299 0.2757
vn -0.5355 -0.8426 -0.0564
vn 0.0674 0.9888 0.1330
vn -0.8146 -0.0677 -0.5760
vn 0.0339 -0.9059 -0.4221
vn 0.1318 -0.9242 0.3584
vn -0.2937 -0.3017 -0.9070
vn 0.8240 0.1590 0.5438
vn 0.3792 0.6608 0.6478
vn -0.5256 0.0310 0.8502
vn 0.2874 0.7538 0.5909
vn -0.3305 0.3397 -0.8805
vn -0.9480 0.2053 0.2432
vn -0.6798 -0.5674 -0.4647
vn -0.5814 0.8127 0.0390
vn -0.8156 -0.3537 -0.4579
vn 0.4414 -0.7172 -0.5393
vn 0.1279 -0.9918 0.0067
vn -0.9225 0.3781 -0.0780
vn -0.7858 0.1911 0.5883
vn 0.4558 0.7408 -0.4934
vn 0.5305 0.0826 -0.8436
vn -0.9758 -0.1580 -0.1511
vn -0.9567 -0.2332 0.1743
vn -0.5146 0.6006 -0.6119
vn 0.8407 0.5193 -0.1537
vn 0.3202 0.9276 -0.1923
vn 0.1980 -0.9710 -0.1341
vn -0.9840 -0.1270 0.1248
vn 0.0541 -0.9881 0.1443
vn 0.4129 0.5133 0.7524
vn -0.5365 -0.6306 0.5608
vn -0.3085 0.3531 0.8832
vn 0.5706 0.5944 -0.5667
vn 0.0596 -0.9410 -0.3332
vn -0.5883 0.4585 -0.6661
vn 0.8933 0.0256 -0.4488
vn -0.3769 -0.8564 -0.3528
vn 0.0107 -0.7147 -0.6993
vn -0.3519 -0.8390 -0.4151
vn -0.3319 -0.8199 -0.4666
vn -0.0064 -0.8062 -0.5916
vn -0.0849 0.8442 0.5293
vt 0.862567 0.918835
vt 0.993993 0.000869
vt 0.991493 0.995689
vt 0.097728 0.000798
vt 0.228803 0.918965
vt 0.099106 0.995821
vt 0.087977 0.000863
vt 0.000917 0.996309
vt 0.000724 0.001267
vt 0.017639 0.388000
vt 0.001022 0.277140
vt 0.017557 0.242900
vt 0.017495 0.618273
vt 0.001071 0.542959
vt 0.017626 0.500540
vt 0.865141 0.970043
vt 0.277459 0.590057
vt 0.535675 0.568353
vt 0.017407 0.088235
vt 0.000784 0.014787
vt 0.017310 0.006188
vt 0.998393 0.811474
vt 0.980235 0.007672
vt 0.998329 0.007899
vt 0.046573 0.994334
vt 0.035642 0.718769
vt 0.452900 0.545300
vt 0.703408 0.545293
vt 0.467072 0.558064
vt 0.452900 0.366300
vt 0.703408 0.366293
vt 0.467064 0.379115
vt 0.678343 0.695309
vt 0.686237 0.560799
vt 0.678343 0.516309
vt 0.686280 0.381803
vt 0.044832 0.999099
vt 0.000816 0.999324
vt 0.000702 0.000869
vt 0.044763 0.000697
vt 0.137648 0.999108
vt 0.136932 0.000708
vt 0.203137 0.960236
vt 0.129778 0.000733
vt 0.127825 0.998919
vt 0.063406 0.960170
vt 0.257900 0.827100
vt 0.032293 0.827207
vt 0.245263 0.813954
vt 0.034448 0.677210
vt 0.047516 0.811243
vt 0.000907 0.996321
vt 0.087972 0.000861
vt 0.088328 0.995902
vt 0.862567 0.918835
vt 0.993935 0.000865
vt 0.991714 0.995730
vt 0.044820 0.999107
vt 0.000819 0.999324
vt 0.000733 0.000849
vt 0.044750 0.000679
vt 0.136932 0.000685
vt 0.203137 0.960236
vt 0.137609 0.999035
vt 0.295241 0.000500
vt 0.261304 0.999500
vt 0.188414 0.000500
vt 0.084396 0.000500
vt 0.054430 0.999500
vt 0.015746 0.000500
vt 0.166348 0.999500
vt 0.014977 0.000500
vt 0.009502 0.999500
vt 0.003301 0.000500
vt 0.055400 0.000500
vt 0.052349 0.999300
vt 0.044493 0.000500
vt 0.037900 0.000500
vt 0.035124 0.999500
vt 0.026936 0.000500
vt 0.347282 0.000000
vt 0.444085 0.106420
vt 0.171323 0.003050
vt 0.735061 0.000208
vt 0.539204 0.568455
vt 0.583456 0.000007
vt 0.275545 0.708929
vt 0.030138 0.579099
vt 0.775979 0.681805
vt 0.582895 0.850927
vt 0.878342 0.964996
vt 0.523043 0.985786
vt 0.151495 0.853145
vt 0.045481 0.853299
vt 0.418680 0.843477
vt 0.411328 0.850743
vt 0.943600 0.989667
vt 0.546201 1.000000
vt 0.084620 1.000000
vt 0.044866 1.000000
vt 0.949906 0.743491
vt 0.792171 0.601118
vt 0.914812 0.021784
vt 0.001961 0.732575
vt -0.018232 0.039206
vt 0.083443 -0.003760
vt 0.185297 0.705781
vt 0.388754 0.713301
vt 0.341698 0.029313
vt 0.124697 0.852515
vt 0.258390 0.850987
vt 0.760320 0.965235
vt 0.575873 0.526590
vt 0.208248 -0.003090
vt -0.025431 0.851161
vt 0.932193 0.964767
vt 0.842932 1.000000
vt 0.363065 1.000000
vt 0.132302 1.000000
vt 0.123706 1.000000
vt 0.586101 0.015692
vt 0.407185 0.434895
vt 0.430542 0.000000
vt 0.722328 -0.009939
vt 0.839242 0.662465
vt 0.580760 0.708844
vt 0.945002 0.726079
vt 0.943860 0.172523
vt 0.230983 0.574934
vt 0.027627 0.704028
vt 0.125020 0.000394
vt 0.405340 0.850776
vt 0.246068 0.850316
vt 0.462345 0.785913
vt 0.858467 0.966418
vt 0.719889 0.978290
vt 0.936576 0.987790
vt 0.163114 1.000000
vt 0.144832 1.000000
vt 0.194384 0.000000
vt 0.082653 0.608090
vt 0.083427 0.000000
vt 0.305433 0.000000
vt 0.430502 0.000341
vt 0.283999 0.566786
vt 0.755750 0.059052
vt 0.527857 0.000688
vt 0.639000 0.000007
vt 0.961242 0.772477
vt 0.755488 0.695764
vt 0.956118 0.022334
vt 0.669721 0.740278
vt 0.488200 0.722627
vt 0.438723 0.851438
vt 0.921348 0.985941
vt 0.702602 0.974214
vt 0.137662 0.851532
vt 0.013524 0.854048
vt 0.354013 0.851763
vt 0.830795 1.000000
vt 0.367554 1.000000
vt 0.078240 1.000000
vt 0.934957 0.773370
vt 0.721856 0.707858
vt 0.888513 0.002650
vt 0.191776 0.714461
vt 0.431134 0.702526
vt 0.336894 0.853521
vt 0.027154 0.013399
vt 0.157369 0.084810
vt 0.142829 0.851377
vt 0.049874 0.853563
vt 0.003038 0.761097
vt 0.202480 0.852763
vt 0.686683 0.944118
vt 0.528620 0.853269
vt 0.454889 0.665820
vt 0.923025 1.000000
vt 0.193359 1.000000
vt 0.063290 1.000000
vt 0.861200 0.000000
vt 0.901242 0.603188
vt 0.746177 0.550274
vt 0.958435 0.000000
vt 0.005413 0.000000
vt 0.111219 -0.000109
vt -0.025460 0.613385
vt 0.347237 0.000000
vt 0.457061 0.012014
vt 0.375748 0.673639
vt 0.708575 0.000000
vt 0.599520 0.564871
vt 0.969478 0.937251
vt 0.884279 0.971801
vt 0.152183 0.850433
vt 0.046550 0.851980
vt 0.110815 0.708287
vt 0.365709 0.852866
vt 0.217397 0.852764
vt 0.517482 0.851865
vt 0.672728 0.848122
vt 0.666591 0.853779
vt 0.939796 1.000000
vt 0.656364 1.000000
vt 0.474174 0.995016
vt 0.190044 1.000000
vt 0.044642 1.000000
vt 0.050277 0.000500
vt 0.028701 0.999500
vt 0.000500 0.000500
vt 0.144473 0.000500
vt 0.122506 0.999500
vt 0.258129 0.000500
vt 0.242809 0.999500
vt 0.300842 0.876131
vt 0.911729 0.052623
vt 0.446315 0.945024
vt 0.562730 0.940705
vt 0.861300 0.695500
vt 0.912344 0.591600
vt 0.577838 0.843337
vt 0.369004 0.970381
vt 0.390417 0.821333
vt 0.265300 0.737239
vt 0.475542 0.701648
vt 0.312639 0.408655
vt 0.412017 0.421249
vt 0.135887 0.858386
vt 0.146389 0.697850
vt 0.027185 0.638354
vt 0.474234 0.338739
vt 0.535689 0.131043
vt 0.669058 0.277150
vt 0.649099 0.575502
vt 0.854843 0.246934
vt 0.767691 0.592771
vt 0.576926 0.845075
vt 0.347926 0.934138
vt 0.401524 0.808478
vt 0.427665 0.404845
vt 0.476626 0.701812
vt 0.348717 0.401393
vt 0.264638 0.737165
vt 0.240246 0.387867
vt 0.115993 0.868931
vt 0.623248 0.590132
vt 0.541624 0.256030
vt 0.738019 0.587040
vt 0.476732 0.113792
vt 0.767876 0.038825
vt 0.673302 0.179273
vt 0.665161 0.297681
vt 0.804968 0.341925
vt 0.993760 0.305696
vt 0.857959 0.211271
vt 0.586861 0.769279
vt 0.433567 0.844063
vt 0.411588 0.680382
vt 0.408773 0.393406
vt 0.286379 0.396442
vt 0.213373 0.969324
vt 0.233325 0.823082
vt 0.302419 0.729517
vt 0.086967 0.731549
vt 0.413849 0.230673
vt 0.692083 0.122772
vt 0.558536 0.253253
vt 0.683833 0.599798
vt 0.598076 0.607158
vt 0.728339 0.299106
vt 0.759675 0.621031
vt 0.486489 0.856397
vt 0.221955 0.865026
vt 0.293979 0.736138
vt 0.147525 0.696478
vt 0.017409 0.747107
vt 0.457441 0.251713
vt 0.674114 0.587623
vt 0.473008 0.465163
vt 0.690570 0.182905
vt 0.634867 0.297973
vt 0.823418 0.301812
vt 0.786846 0.570480
vt 0.588119 0.025387
vt 0.887237 0.119301
vt 0.993859 0.302479
vt 0.341748 0.829081
vt 0.250250 0.698628
vt 0.434591 0.703348
vt 0.329006 0.408872
vt 0.425966 0.461698
vt 0.087464 0.748990
vt 0.244030 0.358721
vt 0.413389 0.231204
vt 0.588940 0.119842
vt 0.537225 0.297572
vt 0.614625 0.611577
vt 0.708898 0.598976
vt 0.667800 0.266541
vt 0.774250 0.174297
vt 0.786252 0.301029
vt 0.808057 0.550715
vt 0.936003 0.240685
vt 0.771700 0.627600
vt 0.864636 0.054738
vt 0.445360 0.837999
vt 0.434593 0.703272
vt 0.596661 0.702517
vt 0.258811 0.450960
vt 0.383089 0.401969
vt 0.304000 0.995700
vt 0.253805 0.807846
vt 0.263729 0.373877
vt 0.280351 0.699586
vt 0.097440 0.695230
vt 0.123880 0.877897
vt 0.566677 0.560595
vt 0.542063 0.255330
vt 0.624418 0.580617
vt 0.859140 0.277559
vt 0.707777 0.601414
vt 0.682932 0.259378
vt 0.733274 0.093951
vt 0.774120 0.622275
vt 0.916950 0.108035
vt 0.586698 0.770332
vt 0.383994 0.959184
vt 0.443489 0.750649
vt 0.308447 0.818975
vt 0.184340 0.697295
vt 0.340258 0.701301
vt 0.152441 0.826398
vt 0.006584 0.692945
vt 0.143437 0.948598
vt 0.491869 0.298404
vt 0.678236 0.591250
vt 0.590909 0.612427
vt 0.785804 0.301418
vt 0.773140 0.615809
vt 0.681865 0.258905
vt 0.790832 0.069938
vt 0.916275 0.249869
vt 0.460856 0.659782
vt 0.367413 0.413325
vt 0.441179 0.436052
vt 0.596338 0.702464
vt 0.506957 0.866474
vt 0.337891 0.742528
vt 0.253271 0.660634
vt 0.277722 0.903756
vt 0.118963 0.728905
vt 0.269021 0.379589
vt 0.542062 0.148525
vt 0.533834 0.295590
vt 0.404889 0.305671
vt 0.666747 0.266502
vt 0.706200 0.000500
vt 0.765129 0.184034
vt 0.867910 0.302419
vt 0.892106 0.130822
vt 0.921999 0.484703
vt 0.717103 0.592728
vt 0.056400 0.512000
vt 0.127449 0.561571
vt 0.037357 0.534307
vt 0.020200 0.988100
vt 0.006200 0.976500
vt 0.010112 0.962055
vt 0.023904 0.612731
vt 0.088334 0.617861
vt 0.012913 0.659184
vt 0.036703 0.985544
vt 0.015888 0.570725
vt 0.057937 0.787310
vt 0.113095 0.859464
vt 0.129248 0.609156
vt 0.252502 0.961319
vt 0.267303 0.996184
vt 0.183719 0.505510
vt 0.267948 0.528293
vt 0.468658 0.914722
vt 0.398522 0.591788
vt 0.665262 0.628291
vt 0.268163 0.681023
vt 0.205622 0.769304
vt 0.450292 0.800148
vt 0.387592 0.727078
vt 0.625082 0.852261
vt 0.360581 0.515732
vt 0.457621 0.502338
vt 0.545829 0.527750
vt 0.548780 0.980301
vt 0.636979 0.584275
vt 0.564729 0.738087
vt 0.747445 0.961698
vt 0.753629 0.997541
vt 0.715375 0.520431
vt 0.744333 0.565782
vt 0.737625 0.794380
vt 0.781369 0.970376
vt 0.773147 0.673976
vt 0.769400 0.996100
vt 0.781100 0.982800
vt 0.785700 0.999500
vt 0.723147 0.005471
vt 0.755427 0.030008
vt 0.705347 0.084245
vt 0.761900 0.006700
vt 0.778900 0.007000
vt 0.788800 0.015300
vt 0.795000 0.001000
vt 0.037400 0.483800
vt 0.023400 0.472100
vt 0.025493 0.459682
vt 0.021214 0.159236
vt 0.034185 0.100524
vt 0.079214 0.164661
vt 0.053741 0.481215
vt 0.039299 0.050219
vt 0.082321 0.050766
vt 0.099758 0.102824
vt 0.153019 0.158858
vt 0.070544 0.285210
vt 0.150791 0.335534
vt 0.273457 0.449769
vt 0.273808 0.492905
vt 0.150373 0.097115
vt 0.204949 0.367850
vt 0.261038 0.275664
vt 0.237188 0.111537
vt 0.233826 0.019286
vt 0.352836 0.040774
vt 0.585262 0.099465
vt 0.378045 0.214265
vt 0.434691 0.099490
vt 0.573835 0.248160
vt 0.456658 0.017971
vt 0.571151 0.460483
vt 0.542551 0.017838
vt 0.666320 0.138686
vt 0.482957 0.319041
vt 0.671830 0.316979
vt 0.614571 0.042082
vt 0.757865 0.438555
vt 0.769929 0.481064
vt 0.748802 0.155826
vt 0.752342 0.115833
vt 0.785400 0.478700
vt 0.792525 0.063805
vt 0.797029 0.452134
vt 0.796700 0.464900
vt 0.022812 0.864866
vt 0.084127 0.905494
vt 0.021816 0.951170
vt 0.082230 0.800237
vt 0.019197 0.768158
vt 0.026373 0.716312
vt 0.031919 0.985023
vt 0.331099 0.939057
vt 0.295450 0.992816
vt 0.022253 0.673771
vt 0.105892 0.683161
vt 0.040262 0.611593
vt 0.059956 0.593232
vt 0.153763 0.655365
vt 0.160624 0.697452
vt 0.245547 0.805556
vt 0.213032 0.744470
vt 0.185509 0.568505
vt 0.364000 0.584577
vt 0.678012 0.758572
vt 0.319710 0.684060
vt 0.553437 0.594062
vt 0.723688 0.649408
vt 0.784245 0.825931
vt 0.770236 0.895245
vt 0.577308 0.716624
vt 0.814797 0.682623
vt 0.742383 0.512429
vt 0.577511 0.529401
vt 0.821754 0.626970
vt 0.837871 0.535986
vt 0.830534 0.755128
vt 0.893707 0.851479
vt 0.894451 0.586123
vt 0.876148 0.638135
vt 0.935880 0.677251
vt 0.903810 0.747114
vt 0.976802 0.943744
vt 0.915952 0.532364
vt 0.944861 0.560322
vt 0.956829 0.779506
vt 0.964814 0.613826
vt 0.799136 0.024616
vt 0.932932 0.066293
vt 0.802397 0.058295
vt 0.118718 0.009760
vt 0.054062 0.027584
vt 0.071100 0.012500
vt 0.023009 0.278933
vt 0.094601 0.278041
vt 0.016767 0.443963
vt 0.092222 0.094345
vt 0.150363 0.109664
vt 0.050550 0.164372
vt 0.162146 0.069185
vt 0.198176 0.296533
vt 0.271764 0.217481
vt 0.095729 0.377298
vt 0.298820 0.424397
vt 0.429441 0.199255
vt 0.282005 0.034962
vt 0.543966 0.078696
vt 0.416165 0.009617
vt 0.822742 0.396873
vt 0.823885 0.174734
vt 0.657541 0.218168
vt 0.611907 0.300263
vt 0.753276 0.281301
vt 0.878515 0.126090
vt 0.833669 0.267630
vt 0.889102 0.371511
vt 0.946613 0.268182
vt 0.934595 0.152092
vt 0.939593 0.190408
vt 0.967498 0.454218
vt 0.949993 0.484567
vt 0.967376 0.368572
vt 0.988443 0.063330
vt 0.970618 0.118314
vt 0.694635 0.474261
vt 0.699773 0.475547
vt 0.696200 0.478200
vt 0.367363 0.461831
vt 0.373193 0.461659
vt 0.371400 0.465500
vt 0.655110 0.658958
vt 0.665187 0.622257
vt 0.662875 0.658484
vt 0.662577 0.571197
vt 0.667824 0.501585
vt 0.673445 0.503588
vt 0.668466 0.566541
vt 0.677592 0.416386
vt 0.673127 0.383338
vt 0.679613 0.344123
vt 0.460473 0.320814
vt 0.443026 0.328295
vt 0.436344 0.322802
vt 0.297255 0.508115
vt 0.308456 0.505747
vt 0.303475 0.514316
vt 0.296331 0.501832
vt 0.287017 0.474804
vt 0.330164 0.469545
vt 0.343036 0.470962
vt 0.372681 0.465517
vt 0.406295 0.465583
vt 0.398666 0.471577
vt 0.543294 0.466356
vt 0.461704 0.470410
vt 0.671454 0.459979
vt 0.664159 0.459172
vt 0.663000 0.457900
vt 0.307950 0.456020
vt 0.303234 0.453637
vt 0.305097 0.451662
vt 0.293309 0.442925
vt 0.493181 0.473822
vt 0.549751 0.486740
vt 0.453215 0.480222
vt 0.318331 0.345250
vt 0.322762 0.353942
vt 0.320080 0.356757
vt 0.385094 0.473078
vt 0.399252 0.477813
vt 0.349869 0.475637
vt 0.353808 0.702528
vt 0.367051 0.697770
vt 0.360902 0.707187
vt 0.431486 0.472931
vt 0.385686 0.493388
vt 0.321650 0.478312
vt 0.323459 0.472682
vt 0.312560 0.467663
vt 0.583025 0.475329
vt 0.591024 0.488174
vt 0.558505 0.503059
vt 0.350959 0.687756
vt 0.360170 0.689122
vt 0.522033 0.493225
vt 0.410535 0.497037
vt 0.674060 0.501517
vt 0.672607 0.505946
vt 0.645718 0.488972
vt 0.367105 0.688725
vt 0.358626 0.495948
vt 0.605413 0.509207
vt 0.542904 0.521395
vt 0.639787 0.690250
vt 0.633537 0.695384
vt 0.627905 0.690596
vt 0.644751 0.696850
vt 0.635720 0.701154
vt 0.643676 0.464974
vt 0.639705 0.473565
vt 0.638800 0.461300
vt 0.631550 0.700535
vt 0.628884 0.695882
vt 0.673007 0.511160
vt 0.671835 0.514968
vt 0.668200 0.515400
vt 0.653955 0.509197
vt 0.653424 0.523049
vt 0.343638 0.598053
vt 0.361179 0.603079
vt 0.364305 0.638882
vt 0.317077 0.518995
vt 0.303419 0.483367
vt 0.291292 0.477967
vt 0.298777 0.465979
vt 0.293418 0.466220
vt 0.295626 0.456785
vt 0.299649 0.461202
vt 0.346039 0.641214
vt 0.341896 0.617046
vt 0.353800 0.648100
vt 0.310496 0.482563
vt 0.447655 0.498879
vt 0.456460 0.512169
vt 0.437847 0.511578
vt 0.602604 0.524623
vt 0.333549 0.336311
vt 0.334455 0.327744
vt 0.336701 0.343881
vt 0.468532 0.516624
vt 0.335914 0.521364
vt 0.297508 0.498251
vt 0.338900 0.326001
vt 0.349615 0.343599
vt 0.357179 0.515540
vt 0.709281 0.481892
vt 0.712107 0.471066
vt 0.363132 0.400635
vt 0.342740 0.389321
vt 0.372989 0.683568
vt 0.372600 0.693800
vt 0.369600 0.693700
vt 0.625697 0.504451
vt 0.616122 0.492704
vt 0.628800 0.487241
vt 0.625564 0.707301
vt 0.618643 0.704044
vt 0.618125 0.698755
vt 0.361972 0.541442
vt 0.402499 0.623201
vt 0.372059 0.663160
vt 0.694756 0.509888
vt 0.695226 0.499892
vt 0.703804 0.493368
vt 0.609581 0.475732
vt 0.615249 0.474845
vt 0.347965 0.328206
vt 0.370284 0.338791
vt 0.614650 0.698977
vt 0.609571 0.700011
vt 0.611584 0.694865
vt 0.390444 0.688718
vt 0.420526 0.656911
vt 0.615459 0.517775
vt 0.588492 0.493871
vt 0.612059 0.498870
vt 0.597228 0.483313
vt 0.596897 0.694608
vt 0.349512 0.453874
vt 0.379044 0.431549
vt 0.400857 0.526886
vt 0.603948 0.509855
vt 0.374233 0.373849
vt 0.399955 0.396509
vt 0.404964 0.426174
vt 0.404222 0.455532
vt 0.417117 0.682663
vt 0.394512 0.694381
vt 0.591052 0.698029
vt 0.586010 0.695518
vt 0.560084 0.499000
vt 0.406454 0.360205
vt 0.578600 0.487200
vt 0.394132 0.323136
vt 0.426535 0.413277
vt 0.417363 0.562665
vt 0.481213 0.578729
vt 0.444546 0.501545
vt 0.419291 0.335639
vt 0.433217 0.375519
vt 0.547232 0.697540
vt 0.522129 0.690004
vt 0.494718 0.619485
vt 0.456469 0.453118
vt 0.448537 0.361917
vt 0.468502 0.679460
vt 0.460942 0.392352
vt 0.440989 0.495070
vt 0.477038 0.521952
vt 0.474042 0.474816
vt 0.536155 0.488702
vt 0.497559 0.492914
vt 0.498936 0.489246
vt 0.508223 0.671909
vt 0.552098 0.676375
vt 0.499641 0.377486
vt 0.471847 0.422087
vt 0.527819 0.444528
vt 0.504907 0.422730
vt 0.498480 0.694063
vt 0.448881 0.682514
vt 0.478021 0.320871
vt 0.508214 0.317405
vt 0.500213 0.346955
vt 0.529535 0.505928
vt 0.550566 0.538568
vt 0.610152 0.649446
vt 0.527152 0.354527
vt 0.530540 0.412515
vt 0.417832 0.491006
vt 0.455048 0.487580
vt 0.599095 0.607289
vt 0.554028 0.410820
vt 0.574904 0.458520
vt 0.576485 0.493409
vt 0.613505 0.666094
vt 0.572435 0.358338
vt 0.589658 0.401513
vt 0.573488 0.412329
vt 0.382925 0.495985
vt 0.405553 0.508600
vt 0.385912 0.506601
vt 0.381699 0.485447
vt 0.603847 0.477923
vt 0.580592 0.514422
vt 0.604297 0.560983
vt 0.572384 0.304894
vt 0.580214 0.304698
vt 0.590538 0.307022
vt 0.592440 0.343202
vt 0.599929 0.318595
vt 0.358731 0.492874
vt 0.617461 0.411763
vt 0.597361 0.443977
vt 0.633887 0.614364
vt 0.389563 0.675799
vt 0.389713 0.683451
vt 0.359375 0.669469
vt 0.640669 0.524658
vt 0.610518 0.320597
vt 0.630598 0.388583
vt 0.653162 0.637628
vt 0.640712 0.474910
vt 0.346016 0.493478
vt 0.346271 0.484651
vt 0.354731 0.476800
vt 0.608436 0.305595
vt 0.625144 0.321989
vt 0.633777 0.436438
vt 0.650822 0.662465
vt 0.654844 0.652091
vt 0.666776 0.658454
vt 0.624632 0.301456
vt 0.617178 0.301235
vt 0.356805 0.677655
vt 0.342269 0.670559
vt 0.350940 0.666881
vt 0.657492 0.594702
vt 0.342924 0.475158
vt 0.342736 0.466736
vt 0.349780 0.468049
vt 0.437797 0.508938
vt 0.442958 0.493866
vt 0.475583 0.505636
vt 0.667072 0.491102
vt 0.660976 0.478982
vt 0.672401 0.484700
vt 0.311000 0.512800
vt 0.630021 0.311624
vt 0.628400 0.326800
vt 0.616126 0.504876
vt 0.649760 0.495949
vt 0.649200 0.501200
vt 0.327785 0.476782
vt 0.340143 0.480604
vt 0.339451 0.468172
vt 0.347703 0.485008
vt 0.384016 0.480367
vt 0.389695 0.507961
vt 0.477867 0.485652
vt 0.520427 0.484573
vt 0.551799 0.493836
vt 0.630025 0.495344
vt 0.633761 0.480642
vt 0.337171 0.467141
vt 0.654200 0.470100
vt 0.655755 0.463538
vt 0.344554 0.500353
vt 0.570002 0.487249
vt 0.593690 0.499119
vt 0.576056 0.475054
vt 0.666157 0.477414
vt 0.671787 0.480872
vt 0.666081 0.490389
vt 0.409011 0.482534
vt 0.452347 0.489038
vt 0.544349 0.471983
vt 0.329925 0.466282
vt 0.338038 0.459663
vt 0.343161 0.461710
vt 0.592581 0.466220
vt 0.620269 0.478281
vt 0.652802 0.467343
vt 0.657534 0.486700
vt 0.317024 0.461157
vt 0.289843 0.485401
vt 0.604457 0.465160
vt 0.322299 0.662780
vt 0.325978 0.660162
vt 0.330435 0.664107
vt 0.617981 0.467609
vt 0.633154 0.468074
vt 0.627073 0.464125
vt 0.552051 0.464784
vt 4.089429 8.075329
vt 4.156567 7.971876
vt 4.087660 7.963183
vt -3.386027 8.187529
vt -3.340452 8.086789
vt -3.419293 7.802224
vt 4.199008 -6.925311
vt 4.239903 -7.019545
vt 4.179903 -7.021413
vt 4.356723 -6.956045
vt -3.081203 -6.831152
vt -2.999890 -7.066006
vt -3.103652 -6.804089
vt 3.930656 -7.270844
vt 4.241332 -7.113831
vt 4.324549 -7.044955
vt -3.092695 -6.987818
vt -3.184886 -6.818965
vt -3.033254 -7.239452
vt -2.977647 -7.191417
vt -3.122988 -7.241991
vt -3.014969 -7.057305
vt -2.678157 -7.447636
vt -2.492472 -7.491002
vt -3.255449 8.085560
vt -3.298401 8.025254
vt -3.161482 8.125675
vt -2.564575 8.463570
vt -2.302588 8.673068
vt -2.742200 8.481100
vt -2.792400 8.479700
vt -3.335570 -5.842132
vt -3.498826 -5.219844
vt -3.451091 -4.685659
vt 4.206965 -1.428114
vt 4.529311 -0.676985
vt 4.496135 -1.649421
vt 4.265963 -6.985060
vt -2.642799 -7.220772
vt -3.565446 6.335951
vt -3.443109 7.409215
vt -3.351161 4.256195
vt -2.858099 8.298155
vt -2.312157 8.498911
vt -0.701218 8.484270
vt 0.110151 8.045330
vt 2.809181 8.561475
vt 0.669334 8.165451
vt 0.284423 8.489184
vt 3.521402 8.408545
vt 3.604879 8.252129
vt 4.517197 -2.958868
vt 4.352316 -2.565802
vt 4.085957 8.038593
vt 4.099219 8.182384
vt 4.002934 8.248963
vt 3.964754 -2.395537
vt 4.257016 -3.354571
vt 4.297261 -2.281790
vt 4.465862 -6.084004
vt 4.312065 -6.614568
vt 4.465780 -6.730183
vt -3.050694 8.455307
vt -2.850395 8.466216
vt -3.060900 8.385000
vt -3.229389 8.163637
vt -3.005100 8.415700
vt -3.268201 8.196566
vt 3.683259 -7.414184
vt 2.393868 -6.863050
vt 1.233037 -7.379786
vt -3.220097 -5.352360
vt -2.881098 -4.731187
vt -3.202405 -3.568264
vt -3.480213 -0.016203
vt -3.253090 -0.023323
vt -3.242673 0.932476
vt 4.279977 7.227669
vt 3.961480 6.740102
vt 4.257399 6.303743
vt -3.017682 8.408455
vt 3.018012 8.542030
vt 0.395690 8.502552
vt 3.122676 8.673606
vt -2.930225 8.251429
vt -3.001276 8.378155
vt -2.542435 8.479820
vt 0.850535 -7.578619
vt 3.225989 -7.456815
vt 3.714434 -7.573326
vt 4.053216 -7.332818
vt -1.166667 -7.562616
vt 0.905274 -7.615173
vt -1.781260 -7.557868
vt -1.857460 -7.709635
vt -2.285712 -7.452375
vt 4.289845 -7.090990
vt 4.351178 -7.162361
vt 4.439353 -6.253935
vt 4.466513 -6.724360
vt 4.376574 -6.740185
vt 4.336184 7.504505
vt 4.102204 8.081984
vt 4.152465 8.109570
vt 4.263804 7.609448
vt 4.062000 8.017400
vt 4.344698 -2.286064
vt 4.336391 -4.004460
vt 4.488163 6.815463
vt 4.422374 6.744396
vt 4.431186 3.793504
vt 4.519381 2.532941
vt 4.462386 2.545904
vt 4.486782 1.439942
vt 4.662619 -5.383115
vt 4.543572 -3.874352
vt -3.427191 -6.023603
vt -3.332352 -6.073275
vt -3.318987 8.171062
vt -3.237200 8.010600
vt -3.257031 7.957860
vt -3.315604 8.020434
vt -3.521325 7.151391
vt -3.331520 7.767660
vt -3.576360 7.362714
vt -3.667175 6.430525
vt -3.535830 4.555128
vt -3.437693 -2.633142
vt -3.462844 -3.148238
vt -3.456523 -1.084589
vt -3.432006 -5.552675
vt -3.229521 -6.063535
vt -3.031519 -6.259542
vt -2.603483 -6.251639
vt -2.954395 -5.508083
vt -2.872631 -3.338169
vt -2.809555 -2.232830
vt -3.195247 -2.452575
vt -2.994917 -0.749442
vt -2.801761 -0.218986
vt -2.989109 0.646926
vt -3.520788 -1.471956
vt -3.241702 -2.400143
vt -3.172050 -0.574263
vt -2.915649 -7.079049
vt -3.117189 -6.984450
vt -3.252006 -6.610846
vt -3.065739 -7.042324
vt -2.611598 -7.317822
vt -3.279807 -1.632633
vt -3.539714 0.083100
vt -1.969700 -7.397577
vt -2.118829 -7.495802
vt -2.050952 -7.563311
vt -1.832314 -7.721861
vt -1.928703 -7.449026
vt -1.959587 -7.109889
vt -2.154084 -5.157553
vt -2.557932 -3.554067
vt -2.285798 -2.480532
vt -2.402074 -0.320683
vt -3.529622 1.533229
vt -3.210052 0.145554
vt -3.484643 -0.218021
vt -1.843591 -0.532443
vt -2.994979 -0.289813
vt 0.920872 -7.062444
vt 0.965268 -7.686483
vt 4.348122 -7.174458
vt 3.899640 -7.461579
vt 4.311932 -7.070446
vt 4.218493 -7.022190
vt 3.211450 -7.650774
vt 3.051525 -7.743357
vt 1.115843 -7.348266
vt 4.072316 -1.988708
vt 4.581671 -1.555617
vt 4.313677 -7.071198
vt 4.089690 -5.740607
vt 3.928426 -6.122264
vt -1.109061 -6.710946
vt -3.503851 1.486054
vt -2.945846 -0.897372
vt 3.235514 -1.574500
vt 4.016160 -1.158374
vt 4.148347 -0.394480
vt 4.452439 -0.138400
vt 4.546152 -0.591477
vt 4.580156 -2.951106
vt 4.072014 -7.252768
vt 3.015373 -6.247321
vt 0.779905 -6.771507
vt -0.617974 -7.250674
vt -0.363193 -6.817093
vt -2.101163 -3.481590
vt -2.385561 -4.518200
vt -1.895205 1.293535
vt -2.609862 1.607357
vt -2.998584 1.864886
vt -0.262319 -0.306696
vt 4.536425 -6.576502
vt 1.948385 -5.271732
vt 2.745637 -6.649094
vt 1.483883 -5.575248
vt 0.664302 -6.199969
vt 3.991600 -1.696115
vt 3.603275 -2.590568
vt 3.990736 -3.514712
vt -0.943403 -5.950944
vt -2.281506 -7.039539
vt 0.697200 -5.314173
vt -0.792500 -4.864634
vt -1.837400 -5.778237
vt -1.543129 -1.497113
vt -1.649595 -2.746916
vt -1.479260 -0.774311
vt -2.418318 -1.479981
vt -2.017201 -1.505163
vt -1.895054 -0.020888
vt -1.354757 0.754376
vt -2.176349 1.798141
vt 3.568671 -3.785007
vt 3.574606 -4.263903
vt 3.997567 -4.321026
vt 3.422915 -4.969321
vt 3.027900 -5.402730
vt 2.218872 -4.560568
vt -1.669467 -4.101917
vt -1.008042 -1.652644
vt -2.791356 2.327950
vt 1.097733 -1.626049
vt 4.130825 0.001213
vt 4.230780 -0.995748
vt 3.691998 -1.544631
vt -1.464491 -4.860991
vt -0.877520 -2.385607
vt -0.949673 -3.442799
vt -3.581044 2.069913
vt -3.457742 2.478078
vt 3.048446 -1.362480
vt 1.277929 -1.184502
vt 2.277131 -0.230921
vt 4.492553 0.970756
vt 2.829564 -2.631976
vt 2.513249 -3.911595
vt -0.825101 -4.016342
vt -0.966357 -0.298538
vt -2.160145 2.153835
vt -0.749353 2.261474
vt -3.217625 1.782433
vt 0.685290 -0.658120
vt 4.272241 1.397244
vt 4.238102 2.785813
vt 4.456518 2.660514
vt 4.229750 0.338893
vt 3.973962 -0.519238
vt 2.646563 -1.055124
vt 3.293890 -1.233701
vt -3.536363 3.596188
vt -3.071948 2.442989
vt -3.146174 2.058659
vt 3.998772 1.771230
vt 4.022299 2.755737
vt 2.247391 -1.524763
vt 2.871699 -3.306468
vt 0.857296 -4.466024
vt 0.227452 -5.020737
vt -0.033804 -4.005526
vt -0.530938 -2.321156
vt -0.538092 -1.205095
vt -0.998200 1.865135
vt -1.500671 2.654852
vt -1.498350 1.572539
vt -3.338241 4.501325
vt -1.087134 2.551533
vt 1.945268 -1.373852
vt 4.472746 3.947922
vt 4.230143 3.849897
vt 3.952197 1.408467
vt 2.358864 -2.717976
vt 1.432234 -3.745193
vt 0.900864 -3.877385
vt -0.132251 -2.685936
vt -0.307405 -0.211557
vt -0.660067 0.744381
vt -0.175641 1.385823
vt -0.648047 2.049779
vt -1.251931 3.213014
vt 2.473286 1.569304
vt 4.254645 7.169000
vt 3.804570 0.352410
vt 3.515735 -0.406475
vt 1.917249 -3.390101
vt -1.650202 4.137509
vt -1.961135 2.650496
vt -2.952258 3.441694
vt -0.638051 -0.727058
vt 3.573083 1.755943
vt 3.911476 2.281353
vt 1.913868 -0.940657
vt 0.143597 -1.630527
vt 0.335567 -0.794287
vt -0.254964 -0.778263
vt 0.946875 -3.677938
vt 3.485022 3.349545
vt 3.903929 3.631372
vt 3.890875 4.381887
vt 3.628413 0.341132
vt 2.858194 0.784480
vt 1.609894 -2.922942
vt 0.552084 -3.103508
vt 0.802848 -0.630700
vt 0.339298 -0.117920
vt -0.862645 3.793713
vt 1.896031 1.971912
vt 3.421024 5.191839
vt 1.497912 -1.324742
vt -0.207078 2.781633
vt -2.281472 3.819710
vt -2.018164 4.263628
vt 0.903244 -1.393011
vt 3.225667 4.716078
vt 2.148455 0.792293
vt 1.136657 -2.717685
vt 1.106656 -1.943668
vt 0.614333 3.458011
vt 0.496905 1.907209
vt -0.300719 3.763978
vt -1.438564 4.877085
vt -3.113830 5.071597
vt 2.434343 3.593276
vt 2.880312 3.451588
vt 3.007918 1.568706
vt 2.468556 0.881524
vt 1.932474 0.426767
vt 1.560830 -0.308470
vt 0.985443 0.899971
vt 1.571505 1.388357
vt -1.207176 5.212058
vt -2.931192 5.028973
vt 2.295746 1.785992
vt 0.512616 1.854088
vt 2.315868 2.292243
vt 2.679387 2.629402
vt 1.391701 0.511946
vt 1.246677 2.602128
vt 0.170473 4.399927
vt -0.395150 4.851223
vt -2.639057 4.333452
vt 0.648183 2.803666
vt -0.215486 2.489595
vt 3.844316 5.151278
vt 3.812109 6.058709
vt 2.907006 5.224805
vt 2.788604 4.709011
vt 2.305043 4.532951
vt -3.560131 7.458945
vt -3.481878 7.206297
vt -1.967125 6.638183
vt -1.449390 7.045345
vt -0.838403 5.996389
vt 0.521383 5.425266
vt -0.248139 6.175024
vt 0.350586 4.731588
vt 1.403851 3.945671
vt 0.979644 4.624640
vt 1.945391 2.956386
vt -2.740111 5.607312
vt -3.070335 6.570046
vt -3.289211 7.505759
vt -2.399282 6.172130
vt -2.246496 5.290257
vt -2.657794 8.060356
vt -2.900050 7.026347
vt 1.838709 3.822186
vt 1.647943 2.901440
vt 1.730256 4.926218
vt 0.876851 6.046257
vt 0.450873 6.704002
vt -0.689240 7.513372
vt -0.941490 7.845474
vt -1.673230 7.650453
vt -1.475722 8.354049
vt 1.563055 7.172206
vt 2.224311 7.047677
vt 1.939206 5.922082
vt 2.147028 5.337658
vt 0.041176 8.216449
vt 0.174812 7.832629
vt 0.183651 8.660906
vt -2.350019 8.710367
vt 0.125606 8.657576
vt 2.481603 7.602889
vt 0.489249 7.377302
vt 0.763938 8.403996
vt 3.363003 6.434477
vt 2.894779 5.724281
vt 2.849238 6.968038
vt 1.850265 8.343981
vt 2.852995 8.314681
vt 0.093848 8.480420
vt 3.695951 8.220836
vt 3.421046 8.567135
vt 3.038428 8.732483
vt 3.942402 7.292609
vt 4.515442 6.351786
vt 4.330339 7.628531
vt 4.118564 8.162748
vt 4.263704 7.635648
vt 3.352066 8.306234
vt 4.008204 8.249324
vt 3.859669 8.431124
vt 4.118536 8.162900
vt 4.096012 8.082430
vt 3.783517 8.403353
vt 1.010988 8.681684
vt 0.042742 4.966658
vt 0.283945 6.755196
vt 0.334246 7.768539
vt 4.611274 -6.192020
vt 4.266039 -6.984232
vt 4.356811 -6.775591
vt 4.160700 8.235100
vt 4.164300 8.254400
vt 4.124393 8.172979
vt 4.278022 -7.078848
vt 4.289752 -7.090590
vt 4.338000 -7.151700
vt 4.151183 8.330946
vt 4.104534 8.259779
vt -3.440597 6.602959
vt 3.737186 8.285810
vt 4.055417 8.022785
vt -3.372499 8.290849
vt 4.299000 -7.059400
vt 4.293600 -7.059900
vt 4.199990 1.149122
vt 4.202512 1.975262
vt 4.451400 -6.788500
vt 4.483429 -6.660408
vt 4.463900 -6.736000
vt 3.354218 -7.411045
vt 4.363452 -5.316018
vt 0.017124 -7.389597
vt 4.061858 8.017528
vt -0.057064 0.388943
vt -0.077991 0.386893
vt -0.051643 0.387430
vt 0.351981 0.435585
vt 0.378812 0.441281
vt 0.390935 0.458210
vt 0.278400 1.124800
vt 0.281079 1.118888
vt 0.280700 1.125200
vt 0.752033 1.077254
vt 0.735754 1.047374
vt 0.757790 1.040927
vt 0.736498 0.418231
vt 0.752608 0.421824
vt 0.702558 0.418417
vt 0.432135 0.569997
vt 0.349143 0.553640
vt 0.422404 0.562553
vt 0.610749 0.547658
vt 0.629700 0.540400
vt 0.601192 0.558606
vt 0.340349 0.385322
vt 0.332072 0.378212
vt 0.353463 0.381158
vt 0.726569 0.508996
vt 0.747264 0.494520
vt 0.739796 0.503700
vt 0.757480 0.490870
vt 0.757929 0.498270
vt 0.765962 0.493518
vt 0.769200 0.484800
vt 0.644354 0.451991
vt 0.637467 0.460449
vt 0.651010 0.428123
vt 0.192949 0.345346
vt 0.200839 0.479774
vt 0.191161 0.482014
vt 0.171558 0.672059
vt 0.181903 0.650392
vt 0.168154 0.800214
vt 0.150863 0.913045
vt 0.155068 0.845806
vt 0.129994 1.020765
vt 0.146786 1.015600
vt 0.126038 1.030528
vt 0.121300 1.031700
vt 0.160834 0.895142
vt 0.137517 1.000365
vt 0.151252 0.979260
vt 0.122727 1.037742
vt 0.172613 1.043867
vt 0.151789 1.083363
vt 0.517094 0.401942
vt 0.453109 0.410652
vt 0.371073 0.397337
vt 0.322291 0.405543
vt 0.198266 0.397143
vt 0.025930 0.394829
vt 0.060067 0.392504
vt 0.023842 0.406850
vt 0.215873 0.411634
vt 0.098881 0.397558
vt 0.141305 1.027954
vt 0.151221 1.026540
vt 0.433348 0.426779
vt 0.153332 0.406652
vt 0.139332 0.412547
vt 0.140402 0.395564
vt 0.181512 1.030692
vt 0.624673 0.426537
vt 0.578280 0.450081
vt 0.550349 0.415067
vt 0.791145 0.435623
vt 0.782210 0.453587
vt 0.786131 0.435809
vt 0.245815 0.448066
vt -0.031350 0.387688
vt -0.033100 0.389500
vt -0.040421 0.386100
vt 0.467230 0.458225
vt -0.001032 0.453926
vt -0.012800 0.408572
vt 0.607148 0.479256
vt 0.047402 0.456887
vt 0.059084 0.427011
vt 0.106742 0.418501
vt -0.016731 0.449138
vt -0.019233 0.429443
vt -0.024802 0.456911
vt -0.023369 0.399761
vt 0.183862 1.033894
vt 0.169173 1.050037
vt 0.178725 1.032829
vt 0.187838 0.465884
vt 0.840100 0.440132
vt 0.831109 0.447980
vt 0.825719 0.401227
vt 0.626471 0.488394
vt 0.562427 0.486663
vt 0.033608 0.469904
vt -0.010448 0.472731
vt -0.038093 0.443389
vt -0.053171 0.397483
vt 0.241497 0.589929
vt 0.217401 0.584866
vt 0.230253 0.463843
vt 0.818345 0.447305
vt 0.805641 0.419207
vt 0.814713 0.405368
vt 0.263674 0.459628
vt 0.229376 0.702739
vt 0.208215 0.697920
vt 0.220170 0.840819
vt 0.178273 0.940307
vt 0.216691 0.952765
vt 0.182308 1.008907
vt 0.228121 1.032771
vt 0.179602 1.023958
vt 0.292298 0.385321
vt 0.258953 0.380054
vt 0.262944 0.839471
vt 0.818190 0.468434
vt 0.756310 0.465575
vt 0.724900 0.379500
vt 0.702357 0.383177
vt 0.725500 0.375000
vt 0.262796 0.687546
vt 0.808268 0.477618
vt 0.746633 0.489540
vt 0.266323 0.559645
vt 0.746749 0.433819
vt 0.300826 0.513170
vt 0.293699 0.448602
vt 0.290082 0.673691
vt 0.296619 0.590246
vt 0.263456 1.021850
vt 0.257410 1.051239
vt 0.335266 0.470086
vt 0.312476 0.917857
vt 0.274186 0.958378
vt 0.669377 0.441679
vt 0.325231 0.582807
vt 0.318199 0.697571
vt 0.322184 0.737166
vt 0.332375 0.382074
vt 0.328167 0.421373
vt 0.321731 0.644200
vt 0.373391 0.410284
vt 0.310506 0.797961
vt 0.326787 0.845406
vt 0.670746 0.494429
vt 0.374788 0.496801
vt 0.335785 0.531198
vt 0.367247 0.566433
vt 0.371259 0.621955
vt 0.347246 0.898862
vt 0.324301 0.962785
vt 0.405200 0.463096
vt 0.310092 0.993902
vt 0.383748 0.983956
vt 0.409137 0.540596
vt 0.382765 0.809575
vt 0.356271 0.725142
vt 0.592849 0.493012
vt 0.576485 0.470918
vt 0.425048 0.501380
vt 0.535037 0.443122
vt 0.423144 0.411552
vt 0.451155 0.428242
vt 0.445643 0.755747
vt 0.387427 0.714485
vt 0.428387 0.392678
vt 0.455810 0.402784
vt 0.430220 0.692955
vt 0.413354 0.598800
vt 0.353477 1.020661
vt 0.428339 1.009817
vt 0.469642 0.472031
vt 0.432121 0.800318
vt 0.402969 0.855698
vt 0.407714 1.063547
vt 0.452087 1.039546
vt 0.474626 0.528337
vt 0.457238 1.060083
vt 0.469106 0.596693
vt 0.440004 0.960486
vt 0.495898 0.401704
vt 0.512674 0.399442
vt 0.525012 0.477002
vt 0.424009 0.918613
vt 0.448268 0.878049
vt 0.511636 1.005912
vt 0.495494 1.076994
vt 0.481727 0.568673
vt 0.474267 0.565406
vt 0.491685 0.564017
vt 0.528308 0.628970
vt 0.551796 0.547891
vt 0.488786 0.659073
vt 0.465993 0.806917
vt 0.519101 1.042623
vt 0.557933 0.484921
vt 0.500463 0.802312
vt 0.490849 0.865029
vt 0.518612 0.942228
vt 0.527950 0.403939
vt 0.549315 0.713189
vt 0.542226 0.831260
vt 0.560049 0.907136
vt 0.533785 0.474792
vt 0.605786 0.475496
vt 0.576643 0.827444
vt 0.555023 0.943798
vt 0.548688 0.999107
vt 0.578277 0.718549
vt 0.573175 1.088931
vt 0.607743 0.655569
vt 0.577714 0.602518
vt 0.603517 0.813930
vt 0.642732 0.490752
vt 0.597653 1.034830
vt 0.641008 1.097029
vt 0.624138 0.769417
vt 0.628378 1.023084
vt 0.637359 0.884240
vt 0.611726 0.578387
vt 0.664945 0.511133
vt 0.631469 0.616198
vt 0.597525 0.917201
vt 0.675665 0.457981
vt 0.651574 0.449735
vt 0.653275 0.973907
vt 0.358088 0.492276
vt 0.341203 0.480302
vt 0.706850 0.495998
vt 0.675936 0.739948
vt 0.692592 0.646394
vt 0.691206 0.715755
vt 0.726713 0.427490
vt 0.307749 0.501701
vt 0.341500 0.498000
vt 0.736982 0.509834
vt 0.691006 0.566621
vt 0.692325 0.972452
vt 0.689078 1.017243
vt 0.704558 1.049987
vt 0.707385 0.788354
vt 0.666558 0.816506
vt 0.696730 0.893794
vt 0.674461 0.863252
vt 0.314655 0.439240
vt 0.753208 0.425425
vt 0.654505 1.079806
vt 0.695216 1.093600
vt 0.244758 0.519649
vt 0.245546 0.513398
vt 0.271571 0.523434
vt 0.719352 1.015370
vt 0.763883 0.494309
vt 0.720607 0.617670
vt -0.123706 0.406067
vt -0.122338 0.454947
vt -0.133852 0.399337
vt 0.225034 0.510918
vt 0.770734 0.420621
vt 1.011394 0.495060
vt 1.046602 0.484318
vt 1.073775 0.501719
vt 1.104500 0.485925
vt 1.104132 0.452103
vt 0.629160 0.506943
vt 0.604673 0.485064
vt 0.801046 0.501594
vt 0.815929 0.474420
vt 0.891263 0.498156
vt 0.707806 0.452077
vt 0.699975 0.444376
vt 0.708681 0.411927
vt 1.126937 0.448788
vt 1.117382 0.438670
vt 1.134820 0.391215
vt 0.488216 0.511105
vt 1.094637 0.422107
vt 0.289798 0.486432
vt 0.286765 0.446137
vt 0.298858 0.425593
vt 1.115492 0.394196
vt 1.126226 0.411119
vt 1.125851 0.387295
vt 0.574416 0.494376
vt 0.575476 0.483714
vt 0.577800 0.498800
vt 0.706868 0.455932
vt 0.983798 0.444679
vt 0.575899 0.460943
vt 0.660100 0.453443
vt 0.691615 0.395110
vt 0.422699 0.473476
vt 0.522649 0.455888
vt 0.427256 0.504215
vt 0.747093 0.434382
vt 1.109624 0.377365
vt 0.953901 0.420098
vt 1.114500 0.380600
vt 1.116200 0.375100
vt 0.542968 0.421108
vt 0.683459 0.430733
vt 0.473409 0.427360
vt 1.040005 0.413034
vt 1.034981 0.433502
vt 0.795098 0.435050
vt 0.797906 0.445008
vt 0.791100 0.454300
vt 0.865051 0.415817
vt 0.719616 0.415888
vt 0.741466 0.952624
vt 0.752721 0.873760
vt 0.719589 1.073816
vt 0.749599 1.090841
vt 0.795554 0.466131
vt 0.780854 0.532150
vt 0.789725 0.469443
vt 0.768688 0.715943
vt 0.791472 0.525264
vt 0.781569 0.737446
vt 0.771841 0.863739
vt 0.577386 0.443890
vt 0.580200 0.439000
vt 0.583200 0.439800
vt 0.500145 0.418580
vt 0.522927 0.432661
vt 0.515800 0.432300
vt 0.512000 0.429800
vt 0.463828 0.429385
vt 0.466217 0.418599
vt 0.485497 0.428835
vt 0.821590 0.562402
vt 0.810822 0.566687
vt 0.812990 0.537476
vt 0.823900 0.572900
vt 0.827657 0.586916
vt 0.837130 0.621826
vt 0.804822 0.463032
vt 0.807351 0.446265
vt 0.834244 0.419991
vt 0.284085 0.636387
vt 0.351823 0.644203
vt 0.242941 0.647037
vt 0.505988 0.622897
vt 0.648643 0.621593
vt 0.569319 0.635741
vt 0.720564 0.622336
vt 0.725615 0.629555
vt 0.175957 0.447532
vt 0.201485 0.474125
vt 0.201764 0.480013
vt 0.172306 0.563903
vt 0.175659 0.536221
vt 0.164123 0.620027
vt 0.177333 0.513234
vt 0.188568 0.451102
vt 0.188315 0.364998
vt 0.191534 0.350525
vt 0.188235 0.388039
vt 0.652200 0.424100
vt 0.649479 0.417596
vt 0.654898 0.416208
vt 0.362003 0.460355
vt 0.356585 0.462048
vt 0.355411 0.451115
vt 0.362806 0.475090
vt 0.398545 0.390282
vt 0.373252 0.395758
vt 0.367234 0.384017
vt 0.397610 0.413013
vt 0.420212 0.406566
vt 0.482451 0.406327
vt 0.673474 0.547905
vt 0.682097 0.552735
vt 0.639825 0.556354
vt 0.728004 0.530558
vt 0.237800 0.520100
vt 0.231247 0.516187
vt 0.243689 0.519054
vt 0.208800 0.492900
vt 0.209496 0.487888
vt 0.212200 0.495500
vt 0.414369 0.442962
vt 0.415315 0.437505
vt 0.425731 0.444110
vt 0.839421 0.632960
vt 0.801904 0.608159
vt 0.805987 0.543856
vt 0.175269 0.430049
vt 0.186900 0.431400
vt 0.186400 0.435100
vt 0.810062 0.500277
vt 0.805117 0.475675
vt 0.822924 0.444730
vt 0.442501 0.443110
vt 0.438853 0.471861
vt 0.430699 0.442204
vt 0.567700 0.425700
vt 0.574099 0.434966
vt 0.555886 0.422712
vt 0.452421 0.440597
vt 0.480475 0.438823
vt 0.448041 0.458005
vt 0.791687 0.575753
vt 0.799293 0.634076
vt 0.790446 0.634959
vt 0.541113 0.457885
vt 0.473368 0.475515
vt 0.461972 0.478784
vt 0.447092 0.481506
vt 0.642100 0.462872
vt 0.640404 0.492817
vt 0.436449 0.486407
vt 0.430426 0.512801
vt 0.411590 0.485968
vt 0.790000 0.460300
vt 0.788639 0.464751
vt 0.786000 0.458300
vt 0.778360 0.426215
vt 0.777118 0.420180
vt 0.788194 0.413112
vt 0.770065 0.498096
vt 0.765578 0.492220
vt 0.782777 0.461808
vt 0.449808 0.508268
vt 0.563470 0.508324
vt 0.489642 0.509503
vt 0.778585 0.430252
vt 0.780689 0.446835
vt 0.757735 0.423603
vt 0.750362 0.510356
vt 0.219565 0.512277
vt 0.233234 0.517763
vt 0.253308 0.532860
vt 0.766952 0.454894
vt 0.743001 0.478204
vt 0.724763 0.442443
vt 0.758814 0.559690
vt 0.721074 0.552323
vt 0.751018 0.445696
vt 0.686780 0.423837
vt 0.731933 0.420376
vt 0.689125 0.471041
vt 0.698480 0.634445
vt 0.692838 0.563188
vt 0.668864 0.527448
vt 0.698086 0.551678
vt 0.639427 0.550632
vt 0.647558 0.544648
vt 0.716045 0.523111
vt 0.644532 0.584216
vt 0.641796 0.495908
vt 0.656454 0.456119
vt 0.335271 0.423849
vt 0.345900 0.426200
vt 0.331005 0.429087
vt 0.674895 0.427059
vt 0.613879 0.455247
vt 0.325653 0.562598
vt 0.402371 0.569155
vt 0.412278 0.574964
vt 0.585082 0.556832
vt 0.579003 0.413675
vt 0.590252 0.641987
vt 0.597146 0.575722
vt 0.610962 0.478710
vt 0.566082 0.462692
vt 0.554573 0.521177
vt 0.574242 0.446778
vt 0.530897 0.568691
vt 0.537988 0.564196
vt 0.538006 0.638628
vt 0.511765 0.413679
vt 0.536638 0.436129
vt 0.481940 0.572127
vt 0.490673 0.579826
vt 0.624590 0.408977
vt 0.561907 0.409858
vt 0.503190 0.398969
vt 0.471410 0.564363
vt 0.517271 0.586118
vt 0.483851 0.523059
vt 0.472013 0.428212
vt 0.470456 0.633259
vt 0.421110 0.583233
vt 0.508946 0.577630
vt 0.462324 0.575487
vt 0.518533 0.572686
vt 0.535383 0.576988
vt 0.483917 0.423992
vt 0.437868 0.403713
vt 0.491067 0.397490
vt 0.418714 0.393611
vt 0.536868 0.575566
vt 0.523683 0.569014
vt 0.566660 0.574481
vt 0.413172 0.471301
vt 0.456315 0.457358
vt 0.424658 0.413685
vt 0.376752 0.456179
vt 0.368657 0.574171
vt 0.418913 0.633298
vt 0.644928 0.538292
vt 0.590361 0.575069
vt 0.412072 0.569180
vt 0.376840 0.553295
vt 0.427905 0.565880
vt 0.354265 0.402593
vt 0.336516 0.533143
vt 0.316987 0.477544
vt 0.330937 0.427327
vt 0.639587 0.551590
vt 0.665126 0.539573
vt 0.360582 0.393459
vt 0.322663 0.399022
vt 0.314729 0.377382
vt 0.350222 0.631004
vt 0.297962 0.564936
vt 0.353069 0.551344
vt 0.343950 0.552616
vt 0.288615 0.512129
vt 0.680799 0.372936
vt 0.679600 0.377200
vt 0.666399 0.374908
vt 0.293891 0.412116
vt 0.297530 0.380999
vt 0.318723 0.526607
vt 0.298222 0.525791
vt 0.298169 0.515661
vt 0.702355 0.374132
vt 0.721422 0.375676
vt 0.706811 0.379822
vt 0.276699 0.488643
vt 0.268820 0.418251
vt 0.297555 0.380986
vt 0.261109 0.371391
vt 0.244980 0.576371
vt 0.290939 0.515238
vt 0.262446 0.509591
vt 0.255092 0.497437
vt 0.748053 0.363793
vt 0.757693 0.370753
vt 0.231718 0.412866
vt 0.209999 0.628014
vt 0.213355 0.621961
vt 0.235452 0.629197
vt 0.220780 0.542016
vt 0.235410 0.376959
vt 0.230802 0.361177
vt 0.248539 0.361886
vt 0.491379 0.482819
vt 0.504119 0.444704
vt 0.575612 0.486007
vt 0.621300 0.487200
vt 0.617790 0.475353
vt 0.637608 0.482360
vt 0.629605 0.437527
vt 0.590908 0.435425
vt 0.603789 0.461148
vt 0.604256 0.462378
vt 0.612267 0.429102
vt 0.643929 0.459204
vt 0.562374 0.426226
vt 0.193055 0.431156
vt 0.197011 0.439146
vt 0.201000 0.447500
vt 0.183856 0.556576
vt 0.175273 0.616146
vt 0.472357 0.431875
vt 0.475806 0.417490
vt 0.498703 0.417888
vt 0.813916 0.537363
vt 0.822193 0.517047
vt 0.817400 0.542000
vt 0.821296 0.560137
vt 0.837114 0.609263
vt 0.833138 0.607743
vt 0.389400 0.418800
vt 0.360225 0.417536
vt 0.372631 0.417928
vt 0.244331 0.638043
vt 0.210129 0.640376
vt 0.246348 0.616814
vt 0.448564 0.630399
vt 0.519205 0.586884
vt 0.584885 0.608123
vt 0.624706 0.478757
vt 0.615016 0.466089
vt 0.623424 0.455337
vt 0.608668 0.438925
vt 0.567954 0.422944
vt 0.623388 0.426106
vt 0.505081 0.437037
vt 0.515549 0.418118
vt 0.525956 0.418311
vt 0.459709 0.432832
vt 0.437044 0.422782
vt 0.397954 0.435351
vt 0.414900 0.426000
vt 0.390208 0.427612
vt 0.393483 0.432754
vt 0.377940 0.428330
vt 0.798275 0.430665
vt 0.806801 0.427723
vt 0.796966 0.446951
vt 0.649200 0.437700
vt 0.651353 0.444575
vt 0.643818 0.453115
vt 0.638014 0.460675
vt 0.643943 0.473124
vt 0.635397 0.479978
vt 0.641296 0.492166
vt 0.627200 0.493700
vt 0.338052 0.373175
vt 0.316868 0.379220
vt 0.296609 0.382057
vt 0.333600 0.378663
vt 0.353546 0.381085
vt 0.728580 0.416925
vt 0.758882 0.417031
vt 0.753722 0.422072
vt 0.208116 0.490949
vt 0.213631 0.501027
vt 0.205352 0.500516
vt 0.420393 0.469112
vt 0.409722 0.448740
vt 0.415100 0.445000
vt 0.345248 0.416352
vt 0.372252 0.445414
vt 0.349218 0.442569
vt 0.501306 0.458032
vt 0.365082 0.486890
vt 0.354390 0.460016
vt 0.787490 0.490349
vt 0.779290 0.473455
vt 0.804097 0.429482
vt 0.801533 0.450092
vt 0.772617 0.412739
vt 0.776585 0.403089
vt 0.804256 0.387418
vt 0.792044 0.386724
vt 0.788600 0.378700
vt 0.453715 0.458655
vt 0.444051 0.483620
vt 0.425650 0.478371
vt 0.774979 0.493922
vt 0.785268 0.364712
vt 0.763416 0.375812
vt 0.776542 0.360337
vt 0.774920 0.472184
vt 0.737857 0.496660
vt 0.712674 0.450549
vt 0.243459 0.369061
vt 0.259026 0.357204
vt 0.275048 0.375614
vt 0.789956 0.623083
vt 0.771077 0.622043
vt 0.699177 0.569669
vt 0.755565 0.357274
vt 0.680560 0.363122
vt 0.294250 0.362901
vt 0.712351 0.622251
vt 0.642665 0.593861
vt 0.303056 0.357880
vt 0.346690 0.363440
vt 0.704304 0.380698
vt 0.670083 0.415101
vt 0.649042 0.394101
vt 0.639951 0.369979
vt 0.628820 0.543628
vt 0.604981 0.451994
vt 0.672074 0.456398
vt 0.589265 0.403532
vt 0.579513 0.368364
vt 0.578712 0.549453
vt 0.612621 0.550987
vt 0.570421 0.562517
vt 0.647291 0.528715
vt 0.556674 0.497784
vt 0.579676 0.566403
vt 0.435265 0.476934
vt 0.529469 0.457023
vt 0.456614 0.437555
vt 0.442374 0.510756
vt 0.544735 0.374514
vt 0.528682 0.384499
vt 0.431241 0.363811
vt 0.476705 0.406539
vt 0.461012 0.374336
vt 0.530397 0.407065
vt 0.504305 0.405830
vt 0.631225 0.387428
vt 0.397599 0.468379
vt 0.388496 0.414554
vt 0.346312 0.474243
vt 0.334387 0.444444
vt 0.403251 0.542525
vt 0.333297 0.527219
vt 0.333073 0.603557
vt 0.276693 0.430784
vt 0.304153 0.548149
vt 0.263258 0.528293
vt 0.351509 0.555023
vt 0.708089 0.382243
vt 0.658157 0.378072
vt 0.239666 0.534270
vt 0.252916 0.403667
vt 0.331388 0.384491
vt 0.274212 0.497458
vt 0.268689 0.471682
vt 0.735513 0.393190
vt 0.776875 0.408619
vt 0.759068 0.397602
vt 0.222187 0.483205
vt 0.224788 0.459454
vt 0.211864 0.451030
vt 0.225439 0.503681
vt 0.236238 0.411455
vt 0.211325 0.424677
vt 0.218896 0.410386
vt 0.205468 0.617851
vt 0.573264 0.510072
vt 0.581374 0.498602
vt 0.590000 0.513200
vt 0.197226 0.518183
vt 0.195042 0.485277
vt 0.550688 0.479879
vt 0.508290 0.455735
vt 0.516586 0.453841
vt 0.537487 0.495777
vt 0.190421 0.430119
vt 0.178155 0.430725
vt 0.188308 0.419578
vt 0.197235 0.482991
vt 0.190704 0.478118
vt 0.193287 0.466672
vt 0.484251 0.486182
vt 0.483380 0.441668
vt 0.510036 0.479541
vt 0.534300 0.466800
vt 0.545712 0.488467
vt 0.529133 0.447459
vt 0.406804 0.471940
vt 0.413400 0.470200
vt 0.406847 0.443591
vt 0.382393 0.468202
vt 0.812404 0.446117
vt 0.824213 0.441775
vt 0.822841 0.467657
vt 0.826348 0.413504
vt 0.820900 0.413200
vt 0.819274 0.406142
vt 0.513997 0.432440
vt 0.559345 0.446207
vt 0.566223 0.476870
vt 0.434508 0.424211
vt 0.816775 0.520314
vt 0.815700 0.530500
vt 0.589819 0.450542
vt 0.577493 0.444067
vt 0.583154 0.440377
vt 0.315998 0.018315
vt 0.444862 0.018434
vt 0.444681 0.033360
vt 0.315818 0.033243
vt 0.275482 0.991039
vt 0.272262 0.004796
vt 0.290030 0.001201
vt 0.290042 0.991080
vt 0.132266 0.004841
vt 0.132358 0.996023
vt 0.002253 0.996068
vt 0.002152 0.004869
vt 0.291941 0.991093
vt 0.291798 0.001185
vt 0.306554 0.001165
vt 0.306523 0.991080
vt 0.273852 0.002878
vt 0.272448 0.995940
vt 0.142253 0.996068
vt 0.142136 0.004901
vt 0.384232 0.001427
vt 0.384555 0.998216
vt 0.044374 0.998331
vt 0.043779 0.001775
vt 0.735956 0.002001
vt 0.735666 0.998267
vt 0.395777 0.997989
vt 0.396064 0.001721
vt 0.254833 0.925886
vt 0.253474 0.000743
vt 0.343054 0.000956
vt 0.343024 0.925754
vt 0.344553 0.156867
vt 0.344523 0.001190
vt 0.431673 0.001017
vt 0.431953 0.156780
vt 0.526332 0.124717
vt 0.433778 0.124721
vt 0.434020 0.003928
vt 0.526204 0.002570
vt 0.838615 0.000980
vt 0.906758 0.005080
vt 0.903143 0.291315
vt 0.876122 0.291839
vt 0.881432 0.003951
vt 0.088108 0.996032
vt 0.057572 0.656152
vt 0.052263 0.368368
vt 0.079453 0.368605
vt 0.082551 0.655269
vt 0.017353 0.725199
vt 0.017288 0.807400
vt 0.000954 0.761768
vt 0.980273 0.811882
vt 0.747255 0.623617
vt 0.849590 0.696565
vt 0.000807 0.869288
vt 0.017246 0.869290
vt 0.027016 0.959322
vt 0.031361 0.850563
vt 0.274100 0.852065
vt 0.271285 0.959528
vt 0.726373 0.552971
vt 0.969399 0.553928
vt 0.973088 0.661347
vt 0.728674 0.661642
vt 0.690800 0.708300
vt 0.465200 0.708300
vt 0.477896 0.695176
vt 0.690800 0.529300
vt 0.465200 0.529300
vt 0.477571 0.516647
vt 0.519916 0.315209
vt 0.524037 0.206207
vt 0.768307 0.206557
vt 0.764185 0.315405
vt 0.731678 0.379709
vt 0.970579 0.373625
vt 0.973085 0.482371
vt 0.728675 0.482642
vt 0.749796 0.032032
vt 0.527535 0.033279
vt 0.512900 0.020000
vt 0.763400 0.020000
vt 0.750800 0.183000
vt 0.738336 0.170021
vt 0.525200 0.183000
vt 0.537568 0.170405
vt 0.256952 0.676169
vt 0.270500 0.664100
vt 0.245743 0.814589
vt 0.032300 0.827200
vt 0.044978 0.814114
vt 0.020000 0.664100
vt 0.038326 0.681010
vt 0.384278 0.002044
vt 0.383956 0.998259
vt 0.044077 0.997989
vt 0.044247 0.001936
vt 0.735974 0.002031
vt 0.735807 0.998100
vt 0.396165 0.998801
vt 0.395223 0.002144
vt 0.217337 0.964005
vt 0.215847 0.000641
vt 0.261762 0.000749
vt 0.261758 0.963939
vt 0.262873 0.079494
vt 0.262842 0.000911
vt 0.306898 0.000790
vt 0.306998 0.079462
vt 0.354865 0.063275
vt 0.308108 0.063277
vt 0.308220 0.002980
vt 0.354710 0.001495
vt 0.051304 0.000759
vt 0.023450 0.983345
vt 0.023198 0.016555
vt 0.976844 0.016731
vt 0.976990 0.983165
vt 0.976845 0.016731
vt 0.976990 0.983165
vt 0.022905 0.982952
vt 0.022767 0.016866
vt 0.025188 0.987504
vt 0.011680 0.010554
vt 0.987885 0.011665
vt 0.986354 0.990307
vt 0.010893 0.983639
vt 0.012865 0.014312
vt 0.989236 0.013403
vt 0.988489 0.987264
vt 0.017841 0.986481
vt 0.018162 0.013580
vt 0.975983 0.014134
vt 0.986327 0.990425
vt 0.010912 0.983732
vt 0.010004 0.013646
vt 0.994484 0.018365
vt 0.988533 0.987181
vt 0.519777 0.315355
vt 0.523909 0.206059
vt 0.768158 0.206716
vt 0.764042 0.315241
vt 0.726070 0.373586
vt 0.970443 0.373779
vt 0.972932 0.482207
vt 0.729927 0.481216
vt 0.527311 0.033049
vt 0.749592 0.032241
vt 0.738154 0.169806
vt 0.537691 0.170170
vt 0.256733 0.676392
vt 0.976990 0.983165
vt 0.023450 0.983346
vt 0.023156 0.016731
vt 0.976802 0.016555
vt 0.976550 0.983346
vt 0.022767 0.983134
vt 0.023010 0.016835
vt 0.976845 0.016731
vt 0.025261 0.987607
vt 0.011684 0.010568
vt 0.987546 0.010331
vt 0.988345 0.989391
vt 0.005711 0.981693
vt 0.011210 0.016535
vt 0.989192 0.013586
vt 0.988444 0.987246
vt 0.017833 0.986535
vt 0.017329 0.013888
vt 0.976011 0.014171
vt 0.987014 0.987975
vt 0.008546 0.983122
vt 0.010011 0.013604
vt 0.994485 0.018365
vt 0.991002 0.984543
vt 0.308842 0.014649
vt 0.308949 0.001600
vt 0.440868 0.001675
vt 0.440735 0.014734
vt 0.315899 0.018375
vt 0.444862 0.018434
vt 0.444835 0.033275
vt 0.315903 0.033295
vt 0.272262 0.004795
vt 0.290018 0.001160
vt 0.290030 0.991020
vt 0.132259 0.004824
vt 0.132301 0.995999
vt 0.002199 0.996070
vt 0.002179 0.004912
vt 0.291902 0.991040
vt 0.291830 0.001132
vt 0.306459 0.001107
vt 0.306578 0.990984
vt 0.273852 0.002878
vt 0.272448 0.995940
vt 0.142233 0.996091
vt 0.142067 0.004951
vt 0.254832 0.925886
vt 0.253474 0.000743
vt 0.343054 0.000956
vt 0.343025 0.925754
vt 0.344553 0.156867
vt 0.344517 0.001185
vt 0.431646 0.000864
vt 0.431960 0.156774
vt 0.228803 0.918966
vt 0.099260 0.995791
vt 0.097711 0.000760
vt 0.838632 0.000984
vt 0.526333 0.124717
vt 0.433778 0.124720
vt 0.434021 0.003695
vt 0.526211 0.002737
vt 0.217336 0.964005
vt 0.215848 0.000641
vt 0.261762 0.000749
vt 0.261758 0.963939
vt 0.000716 0.001270
vt 0.262872 0.079494
vt 0.262842 0.000911
vt 0.306895 0.000766
vt 0.307003 0.079459
vt 0.354866 0.063275
vt 0.308108 0.063277
vt 0.308220 0.003009
vt 0.354871 0.001548
vt 0.129780 0.000718
vt 0.063406 0.960170
vt 0.051304 0.000759
vt 0.583256 0.000000
vt 0.736510 0.000288
vt 0.127777 0.998906
vt 0.320729 0.999500
vt 0.067383 0.000500
vt 0.071719 0.999300
vt 0.060908 0.999300
vt 0.042916 0.999300
vt 0.022820 0.999500
vt 0.875288 0.000856
vt 0.952467 0.592289
vt 0.963029 0.000000
vt 0.008175 0.000000
vt 0.233243 0.850684
vt 0.479479 0.847867
vt 0.345449 0.851830
vt 0.696503 0.844106
vt 0.706409 0.852528
vt 0.472258 0.000000
vt 0.236161 0.000000
vt 0.361579 0.000347
vt 0.148769 0.847791
vt 0.596709 0.852096
vt 0.419349 0.851344
vt 0.359007 0.852783
vt 0.694079 0.852145
vt 0.819747 0.000857
vt 0.278385 0.000251
vt 0.068715 0.849608
vt 0.022754 0.045083
vt 0.516476 0.851513
vt 0.696503 0.844107
vt 0.707666 0.853371
vt 0.620307 0.852267
vt 0.573823 1.000000
vt 0.875292 0.000858
vt -0.017581 0.021542
vt 0.055809 1.000000
vt 0.277407 0.851599
vt 0.593209 0.847790
vt 0.568786 0.852385
vt 0.640880 0.843476
vt 0.659884 0.852983
vt 0.155995 0.720685
vt 0.088130 0.052859
vt 0.528218 0.000727
vt 0.718524 0.005352
vt 0.891775 0.966734
vt 0.971420 0.012897
vt 0.972200 0.956030
vt 0.598693 1.000000
vt 0.222279 0.000000
vt 0.569459 0.000000
vt -0.000142 0.846793
vt 0.565417 0.847790
vt 0.320725 0.999500
vt 0.087656 0.591600
vt 0.786424 0.796388
vt 0.682245 0.888602
vt 0.789284 0.069271
vt 0.204300 0.410600
vt 0.993761 0.305698
vt 0.099482 0.695047
vt 0.404925 0.305484
vt 0.259945 0.395889
vt 0.380866 0.428374
vt 0.478547 0.703042
vt 0.917389 0.250076
vt 0.863032 0.053768
vt 0.570957 0.764835
vt 0.220890 0.956240
vt 0.498453 0.108667
vt 0.404614 0.302354
vt 0.280186 0.383535
vt 0.397153 0.409329
vt 0.608627 0.607313
vt 0.424658 0.152518
vt 0.584926 0.150202
vt 0.081414 0.887339
vt 0.639679 0.502645
vt 0.669945 0.511253
vt 0.781430 0.525427
vt 0.625368 0.518936
vt 0.135064 0.505785
vt 0.022300 0.516700
vt 0.011000 0.523200
vt 0.007616 0.788512
vt 0.004200 0.994200
vt 0.703674 0.664559
vt 0.783057 0.599148
vt 0.784676 0.794552
vt 0.216000 0.005000
vt 0.019487 0.328501
vt 0.005600 0.058400
vt 0.757036 0.279736
vt 0.054849 0.547379
vt 0.003675 0.557785
vt 0.299919 0.526478
vt 0.742651 0.955990
vt 0.951523 0.513298
vt 0.672834 0.473074
vt 0.223159 0.463871
vt 0.033922 0.063802
vt 0.202342 0.005897
vt 0.655566 0.654112
vt 0.664873 0.660760
vt 0.668044 0.680618
vt 0.351080 0.456410
vt 0.347328 0.458732
vt 0.352117 0.452503
vt 0.652256 0.679453
vt 0.676382 0.485606
vt 0.644554 0.479097
vt 0.663678 0.479351
vt 0.308839 0.014647
vt 0.308949 0.001600
vt 0.440848 0.001691
vt 0.440727 0.014759
vt 0.671307 0.516387
vt 0.660591 0.516782
vt 0.670886 0.523727
vt 0.343781 0.325644
vt 0.362066 0.325464
vt 0.325487 0.633958
vt 0.321622 0.644684
vt 0.322051 0.633006
vt 0.646937 0.463478
vt 0.654637 0.458713
vt 0.679435 0.378787
vt 0.661667 0.678021
vt 0.658347 0.687591
vt 0.676366 0.487743
vt 0.673288 0.498017
vt 0.393500 0.472700
vt 0.400598 0.472731
vt 0.308803 0.469839
vt 0.313500 0.467600
vt 0.649918 0.687633
vt 0.337160 0.622014
vt 0.342562 0.569610
vt 0.638293 0.473576
vt 0.626981 0.462337
vt 0.632300 0.457057
vt 0.624140 0.709485
vt 0.703830 0.488911
vt 0.701370 0.484664
vt 0.563921 0.683847
vt 0.444126 0.689377
vt 0.533038 0.311938
vt 0.546692 0.333420
vt 0.562777 0.305574
vt 0.410039 0.687445
vt 0.600057 0.304745
vt 0.640258 0.665386
vt 0.669006 0.465933
vt 0.667944 0.475139
vt 0.650053 0.537450
vt 0.667387 0.472835
vt 0.326528 0.512830
vt 0.330394 0.486250
vt 0.659712 0.654967
vt 0.662400 0.660000
vt 0.668738 0.469288
vt 0.663621 0.477162
vt 0.292682 0.494135
vt 0.659038 0.461530
vt 0.681761 0.661977
vt -2.732100 8.484000
vt -3.483240 -0.311947
vt -2.974800 8.431400
vt 4.535981 -3.564287
vt 4.572882 -4.759279
vt 4.066192 -7.327968
vt 4.242200 -7.157000
vt -3.286000 8.101200
vt -3.089214 -7.336524
vt 4.235471 2.850749
vt 4.195463 1.824292
vt -2.040461 8.521330
vt 4.261900 -7.019200
vt 4.262035 -7.094445
vt 4.265959 -6.984271
vt -3.232586 -2.384801
vt 4.660832 -5.881282
vt -2.672489 2.923525
vt 4.227593 5.062984
vt 1.054090 7.820299
vt -3.237366 8.010162
vt -3.269200 8.115100
vt -3.237153 8.010631
vt 0.716795 1.122471
vt 0.708840 1.097313
vt 0.741090 1.109633
vt 0.733433 1.141748
vt -0.050132 0.414010
vt -0.061740 0.416819
vt -0.057191 0.406206
vt 0.199233 1.051544
vt 0.229129 1.065599
vt 0.203583 1.062202
vt 0.295982 1.104552
vt 0.297418 1.112973
vt 0.285994 1.112395
vt 0.320250 0.384384
vt 0.310000 0.382100
vt 0.310700 0.379700
vt 0.318760 0.378891
vt 0.202338 0.480896
vt 0.197794 0.466389
vt 0.208325 0.485593
vt 0.209745 0.493611
vt 0.221264 0.503609
vt 0.236600 0.519600
vt 0.231200 0.517100
vt 0.470490 0.406481
vt 0.439725 0.411172
vt 0.444859 0.406676
vt 0.544235 0.572387
vt 0.505100 0.570600
vt 0.537478 0.565607
vt 0.557835 0.566831
vt 0.569582 0.394803
vt 0.595221 0.387049
vt 0.597669 0.390914
vt 0.385823 0.386583
vt 0.675792 0.523930
vt 0.668000 0.527700
vt 0.671967 0.521186
vt 0.156845 0.991930
vt 0.154924 1.014134
vt 0.696375 0.518035
vt 0.702642 0.510919
vt 0.636528 0.478004
vt 0.630500 0.488200
vt 0.161426 0.806746
vt 0.809897 0.395193
vt 0.831600 0.397400
vt 0.812756 0.398490
vt 0.155479 0.942561
vt 0.201863 0.355097
vt 0.206988 0.387362
vt 0.087269 0.392009
vt 0.426682 0.492555
vt 0.507351 0.493824
vt 0.129035 0.391341
vt 0.859618 0.416726
vt 0.870172 0.395826
vt 0.157525 0.436924
vt -0.048853 0.401892
vt 0.324253 0.478787
vt 0.457243 0.482577
vt -0.063299 0.405203
vt 0.228056 0.389182
vt 0.237454 0.374188
vt 0.825221 0.405203
vt 0.820600 0.405100
vt 0.190960 0.815098
vt 0.328484 1.056711
vt 0.534908 0.401474
vt 0.529924 0.401050
vt 0.563543 0.409882
vt 0.560478 0.411054
vt 0.465200 0.567493
vt 0.450822 0.565498
vt 0.468129 0.564337
vt 0.563906 0.407127
vt 0.584000 0.409782
vt 0.558040 0.437517
vt 0.663746 0.412524
vt 0.639186 0.732732
vt 0.651481 0.642907
vt 0.286717 0.531441
vt 0.326556 0.420168
vt 0.313264 0.414383
vt -0.105017 0.436853
vt -0.098293 0.492407
vt 0.294020 0.447484
vt 0.295737 0.488813
vt 0.731801 0.805313
vt 0.725110 0.901322
vt 0.709866 1.074989
vt 0.707400 1.089500
vt 0.749209 0.631612
vt 1.041608 0.505247
vt 1.073130 0.449881
vt 0.775996 0.433517
vt 1.138400 0.411900
vt 1.048859 0.428466
vt 0.710738 0.388435
vt 0.694321 1.117530
vt 0.706691 1.102604
vt 0.707955 1.115057
vt 0.288762 0.402700
vt 0.433985 0.452390
vt 1.079508 0.403632
vt 0.288048 0.380983
vt 1.096042 0.381258
vt 0.206762 0.454823
vt 0.209089 0.461943
vt 0.199163 0.445777
vt 1.045200 0.419000
vt 0.730458 1.041952
vt 0.691625 0.390141
vt 0.715183 0.367792
vt 0.717731 0.373980
vt 0.704440 1.108778
vt 0.420944 0.458004
vt 0.414971 0.442842
vt 0.282460 0.398669
vt 0.252340 0.387237
vt 0.190500 0.434900
vt 0.193900 0.431600
vt 0.187074 0.437502
vt 0.438413 0.426634
vt 0.818445 0.422480
vt 0.823776 0.425785
vt 0.828246 0.429219
vt 0.832600 0.435700
vt 0.163606 0.425838
vt 0.179164 0.441840
vt 0.160881 0.430136
vt 0.817830 0.511595
vt 0.814927 0.522633
vt 0.811990 0.499124
vt 0.479274 0.427017
vt 0.359663 0.491316
vt 0.351654 0.505609
vt 0.353792 0.468377
vt 0.235475 0.639873
vt 0.469138 0.638529
vt 0.656050 0.629402
vt 0.786433 0.623910
vt 0.184655 0.437361
vt 0.180969 0.401848
vt 0.198697 0.409843
vt 0.179000 0.493000
vt 0.182763 0.465277
vt 0.450616 0.418580
vt 0.454600 0.421700
vt 0.446500 0.422100
vt 0.501304 0.426227
vt 0.482700 0.418200
vt 0.181919 0.385790
vt 0.209741 0.446951
vt 0.211917 0.461286
vt 0.199547 0.434526
vt 0.744926 0.375367
vt 0.693978 0.518486
vt 0.690900 0.515900
vt 0.703438 0.516114
vt 0.352192 0.529548
vt 0.340451 0.528205
vt 0.412438 0.394760
vt 0.552686 0.397755
vt 0.576808 0.390891
vt 0.361107 0.409823
vt 0.206600 0.483838
vt 0.201400 0.480400
vt 0.207712 0.477136
vt 0.421711 0.472531
vt 0.418556 0.455131
vt 0.427932 0.460549
vt 0.684773 0.378924
vt 0.690689 0.372041
vt 0.495831 0.422376
vt 0.187800 0.425700
vt 0.183700 0.422200
vt 0.197528 0.417266
vt 0.193174 0.480083
vt 0.183868 0.438508
vt 0.199555 0.473505
vt 0.417002 0.471617
vt 0.612556 0.433178
vt 0.426176 0.486501
vt 0.203987 0.479415
vt 0.582400 0.502100
vt 0.577820 0.511807
vt 0.575381 0.503428
vt 0.769352 0.417629
vt 0.650355 0.503511
vt 0.757776 0.523881
vt 0.769071 0.522479
vt 0.756000 0.531800
vt 0.271013 0.530767
vt 0.419420 0.532255
vt 0.434166 0.527586
vt 0.437925 0.535134
vt 0.747439 0.652509
vt 0.420180 0.543274
vt 0.414100 0.538900
vt 0.252033 0.654314
vt 0.729155 0.545283
vt 0.330603 0.551670
vt 0.647546 0.648546
vt 0.687458 0.415243
vt 0.587614 0.418681
vt 0.536654 0.411409
vt 0.612501 0.568011
vt 0.443236 0.567464
vt 0.484485 0.405583
vt 0.439606 0.413117
vt 0.400158 0.400796
vt 0.403900 0.399600
vt 0.401658 0.569733
vt 0.389053 0.560799
vt 0.351001 0.384049
vt 0.354600 0.386400
vt 0.287237 0.625194
vt 0.368200 0.486700
vt 0.363000 0.488200
vt 0.357689 0.490149
vt 0.288673 0.368107
vt 0.717353 0.365895
vt 0.637999 0.496145
vt 0.631597 0.503944
vt 0.627498 0.500889
vt 0.614000 0.494400
vt 0.609728 0.480195
vt 0.621783 0.496207
vt 0.382309 0.480585
vt 0.227508 0.475909
vt 0.228227 0.484594
vt 0.438633 0.425506
vt 0.385017 0.438917
vt 0.606000 0.439400
vt 0.634000 0.422600
vt 0.360780 0.445188
vt 0.304816 0.634996
vt 0.646778 0.621503
vt 0.177770 0.449816
vt 0.177890 0.456790
vt 0.167153 0.444035
vt 0.624495 0.438172
vt 0.550100 0.421200
vt 0.536699 0.419431
vt 0.463433 0.419294
vt 0.453312 0.422646
vt 0.407100 0.428200
vt 0.180900 0.393800
vt 0.181185 0.405952
vt 0.175958 0.395202
vt 0.718030 0.415974
vt 0.234535 0.372487
vt 0.229135 0.355618
vt 0.256377 0.376171
vt 0.405750 0.391529
vt 0.768484 0.418934
vt 0.783876 0.424869
vt 0.370622 0.423238
vt 0.817959 0.415558
vt 0.815200 0.430900
vt 0.804753 0.412088
vt 0.411403 0.452642
vt 0.423498 0.465840
vt 0.818082 0.460236
vt 0.817366 0.482758
vt 0.803090 0.494838
vt 0.817769 0.604958
vt 0.471110 0.480940
vt 0.402036 0.491525
vt 0.769724 0.433732
vt 0.790990 0.458033
vt 0.378528 0.502137
vt 0.666194 0.412108
vt 0.321676 0.517591
vt 0.339671 0.521714
vt 0.338268 0.526177
vt 0.688875 0.519069
vt 0.427683 0.374256
vt 0.452165 0.398164
vt 0.455265 0.562766
vt 0.476275 0.571942
vt 0.568017 0.410856
vt 0.408140 0.374865
vt 0.622699 0.413315
vt 0.268203 0.568885
vt 0.255208 0.540928
vt 0.243727 0.397505
vt 0.202273 0.426895
vt 0.244803 0.530143
vt 0.222041 0.521205
vt 0.217967 0.407639
vt 0.775052 0.406452
vt 0.790483 0.411957
vt 0.767090 0.412691
vt 0.790219 0.420798
vt 0.792781 0.424469
vt 0.461801 0.500896
vt 0.485108 0.501414
vt 0.196487 0.453696
vt 0.540527 0.517142
vt 0.558700 0.477506
vt 0.429844 0.499231
vt 0.422860 0.499595
vt 0.419962 0.487781
vt 0.202100 0.423100
vt 0.197868 0.430491
vt 0.195854 0.418303
vt 0.183347 0.579257
vt 0.194813 0.467020
vt 0.189400 0.470800
vt 0.187981 0.464394
vt 0.197736 0.501263
vt 0.177319 0.482685
vt 0.187340 0.485138
vt 0.187197 0.421900
vt 0.593102 0.467935
vt 0.588296 0.479200
vt 0.811314 0.477182
vt 0.592971 0.467806
vt 0.577136 0.446271
vt 0.171433 0.460077
vt 0.175769 0.442102
vt 0.178947 0.457619
vt 0.185600 0.475300
vt 0.185153 0.486252
vt 0.175283 0.477887
s 1
usemtl wire_115115115
f 13/1/1 16/2/2 19/3/3
f 15/4/4 14/5/5 20/6/6
f 19/7/3 15/8/4 20/9/6
f 31/10/7 23/11/8 33/12/9
f 32/13/10 22/14/11 34/15/12
f 21/16/13 23/17/8 22/18/11
f 36/19/14 25/20/15 29/21/16
f 30/22/17 21/23/13 26/24/18
f 37/25/19 25/26/15 23/17/8
f 39/27/20 40/28/21 47/29/22
f 46/30/23 43/31/24 54/32/25
f 40/28/21 49/33/26 48/34/27
f 43/31/24 52/35/28 51/36/29
f 81/37/30 82/38/31 78/39/32
f 78/39/32 77/40/33 81/37/30
f 81/41/30 77/42/33 76/43/34
f 78/44/32 82/45/31 75/46/35
f 96/47/36 97/48/37 104/49/38
f 97/48/37 106/50/39 105/51/40
f 123/52/41 129/53/42 126/54/43
f 124/55/44 126/56/43 129/57/42
f 138/58/45 137/59/46 134/60/47
f 134/60/47 133/61/48 138/58/45
f 133/62/48 132/63/49 138/64/45
f 139/65/50 140/66/51 144/67/52
f 142/68/53 141/69/54 139/70/50
f 144/67/52 143/71/55 142/68/53
f 147/72/56 146/73/57 145/74/58
f 149/75/59 148/76/60 147/77/56
f 145/78/58 150/79/61 149/80/59
f 156/81/62 157/82/63 155/83/64
f 151/84/65 159/85/66 158/86/67
f 165/87/68 154/88/69 155/83/64
f 157/82/63 159/85/66 165/87/68
f 166/89/70 164/90/71 159/85/66
f 159/85/66 151/84/65 166/89/70
f 166/89/70 162/91/72 160/92/73
f 167/93/74 161/94/75 154/88/69
f 159/95/66 163/96/76 165/87/68
f 162/91/72 161/97/75 160/92/73
f 161/97/75 167/98/74 160/92/73
f 167/98/74 163/99/76 160/92/73
f 163/99/76 164/100/71 160/92/73
f 181/101/77 180/102/78 169/103/79
f 181/104/77 169/105/79 170/106/80
f 182/107/81 181/104/77 170/106/80
f 183/108/82 182/107/81 172/109/83
f 182/107/81 176/110/84 181/104/77
f 182/107/81 183/108/82 184/111/85
f 180/102/78 178/112/86 174/113/87
f 170/106/80 171/114/88 182/107/81
f 172/109/83 174/113/87 183/108/82
f 181/104/77 176/110/84 179/115/89
f 179/116/89 176/117/84 178/112/86
f 176/117/84 184/118/85 178/112/86
f 185/119/90 177/120/91 184/118/85
f 184/118/85 177/120/91 178/112/86
f 195/121/92 194/122/93 193/123/94
f 186/124/95 188/125/96 200/126/97
f 199/127/98 188/125/96 189/128/99
f 192/129/100 199/130/98 190/131/101
f 192/129/100 203/132/102 202/133/103
f 194/122/93 203/132/102 192/129/100
f 200/134/97 203/132/102 194/122/93
f 195/121/92 186/124/95 200/126/97
f 188/125/96 201/135/104 196/136/105
f 199/127/98 201/135/104 188/125/96
f 199/127/98 197/137/106 201/135/104
f 188/125/96 196/136/105 200/126/97
f 201/135/104 197/137/106 196/136/105
f 197/137/106 203/138/102 196/136/105
f 203/138/102 198/139/107 196/136/105
f 207/140/108 220/141/109 206/142/110
f 208/143/111 209/144/112 218/145/113
f 212/146/114 210/147/115 211/148/116
f 220/149/109 217/150/117 205/151/118
f 210/147/115 217/152/117 219/153/119
f 219/153/119 222/154/120 218/145/113
f 210/147/115 212/146/114 217/152/117
f 217/150/117 215/155/121 213/156/122
f 220/141/109 214/157/123 215/158/121
f 218/145/113 222/154/120 221/159/124
f 215/155/121 214/160/123 213/156/122
f 214/160/123 221/161/124 213/156/122
f 221/161/124 216/162/125 213/156/122
f 239/163/126 237/164/127 224/165/128
f 238/166/129 230/167/130 231/168/131
f 225/169/132 226/170/133 238/166/129
f 226/170/133 230/167/130 238/166/129
f 236/171/134 235/172/135 239/173/126
f 238/166/129 231/168/131 236/174/134
f 233/175/136 232/176/137 230/177/130
f 235/178/135 231/179/131 233/175/136
f 231/179/131 232/180/137 233/175/136
f 240/181/138 241/182/139 257/183/140
f 242/184/141 241/182/139 240/181/138
f 242/185/141 243/186/142 241/187/139
f 245/188/143 246/189/144 258/190/145
f 248/191/146 257/183/140 254/192/147
f 241/182/139 249/193/148 252/194/149
f 250/195/150 249/196/148 253/197/151
f 258/190/145 255/198/152 250/199/150
f 258/190/145 251/200/153 255/198/152
f 257/201/140 256/202/154 251/200/153
f 249/203/148 250/204/150 256/205/154
f 255/206/152 256/205/154 250/204/150
f 251/207/153 256/205/154 255/206/152
f 262/208/155 261/209/156 259/210/157
f 264/211/158 263/212/159 262/208/155
f 259/213/157 260/214/160 264/211/158
f 270/215/161 273/216/162 269/217/163
f 269/217/163 273/216/162 268/218/164
f 275/219/165 273/216/162 274/220/162
f 287/221/166 278/222/167 279/223/168
f 279/223/168 280/224/169 277/225/170
f 280/224/169 281/226/171 276/227/172
f 279/223/168 278/222/167 284/228/173
f 282/229/174 284/228/173 283/230/175
f 283/231/175 284/232/173 286/233/176
f 283/231/175 286/233/176 285/234/177
f 285/234/177 287/235/166 276/236/172
f 289/237/178 290/238/179 291/239/180
f 298/240/181 288/241/182 292/242/183
f 291/239/180 293/243/184 288/241/182
f 292/242/183 293/243/184 294/244/185
f 290/238/179 296/245/186 293/243/184
f 294/246/185 297/247/187 298/248/181
f 296/249/186 290/250/179 299/251/188
f 297/247/187 299/251/188 300/252/189
f 301/253/190 288/254/182 298/248/181
f 289/255/178 288/254/182 301/253/190
f 303/256/191 305/257/192 304/258/193
f 302/259/194 304/258/193 308/260/195
f 305/257/192 306/261/196 309/262/197
f 307/263/198 308/260/195 304/258/193
f 307/263/198 309/262/197 310/264/199
f 310/265/199 306/266/196 311/267/200
f 311/267/200 312/268/201 308/269/195
f 312/268/201 313/270/202 302/271/194
f 316/272/203 317/273/204 319/274/205
f 319/274/205 317/273/204 320/275/206
f 317/273/204 321/276/207 320/275/206
f 321/277/207 322/278/208 318/279/209
f 321/277/207 324/280/210 323/281/211
f 323/281/211 324/280/210 325/282/212
f 322/278/208 325/282/212 314/283/213
f 324/280/210 317/284/204 316/285/203
f 316/285/203 315/286/214 325/282/212
f 329/287/215 331/288/216 328/289/217
f 331/288/216 332/290/218 326/291/219
f 333/292/220 334/293/221 332/290/218
f 333/294/220 330/295/222 335/296/223
f 334/297/221 335/296/223 336/298/224
f 330/295/222 337/299/225 335/296/223
f 337/299/225 339/300/226 338/301/227
f 338/301/227 326/302/219 336/298/224
f 339/300/226 327/303/228 338/301/227
f 336/298/224 326/302/219 332/304/218
f 339/300/226 330/295/222 329/305/215
f 342/306/229 341/307/230 352/308/231
f 341/307/230 346/309/232 340/310/233
f 342/306/229 343/311/234 345/312/235
f 346/309/232 350/313/236 340/310/233
f 344/314/237 345/312/235 347/315/238
f 345/312/235 343/311/234 348/316/239
f 346/317/232 349/318/240 350/319/236
f 352/320/231 353/321/241 350/319/236
f 351/322/242 343/323/234 352/320/231
f 352/320/231 340/324/233 353/321/241
f 343/323/234 342/325/229 352/320/231
f 355/326/243 357/327/244 356/328/245
f 358/329/246 361/330/247 359/331/248
f 358/329/246 357/327/244 362/332/249
f 362/332/249 363/333/250 361/330/247
f 362/332/249 357/327/244 364/334/251
f 363/335/250 365/336/252 360/337/253
f 365/336/252 367/338/254 354/339/255
f 366/340/256 357/341/244 355/342/243
f 369/343/257 368/344/258 381/345/259
f 380/346/260 370/347/261 369/343/257
f 369/343/257 372/348/262 373/349/263
f 371/350/264 374/351/265 372/348/262
f 373/349/263 375/352/266 368/344/258
f 373/349/263 374/351/265 375/352/266
f 376/353/267 377/354/268 374/355/265
f 376/353/267 378/356/269 377/354/268
f 376/353/267 371/357/264 379/358/270
f 378/356/269 379/358/270 380/359/260
f 379/358/270 371/357/264 370/360/261
f 380/359/260 369/361/257 381/362/259
f 8/2042/1618 5/2043/1619 6/2044/1620 7/2045/1621
f 5/2046/1619 1/2047/1622 4/2048/1623 6/2049/1620
f 3/2050/1624 7/2051/1621 6/2052/1620 4/2053/1623
f 7/2054/1621 3/2055/1624 2/2056/1625 8/2057/1618
f 1/2058/1622 5/2059/1619 8/2060/1618 2/2061/1625
f 12/2062/1626 11/2063/1627 10/2064/1626 9/2065/1627
f 9/2066/1627 10/2067/1626 11/2068/1627 12/2069/1626
f 14/2070/5 17/2071/1628 18/2072/1629 13/2073/1
f 17/2074/1628 15/2075/4 16/2076/2 18/2077/1629
f 14/2078/5 13/2079/1 19/2080/3 20/2081/6
f 16/2/2 13/1/1 18/2082/1629
f 15/4/4 17/2071/1628 14/5/5
f 21/2083/13 38/2084/1630 27/2085/1631 26/2086/18
f 19/7/3 16/2087/2 15/8/4
f 30/2088/17 29/2089/16 25/2090/15 37/2091/19
f 35/2092/1632 28/2093/1633 24/2094/1634
f 25/20/15 36/19/14 33/12/9 23/11/8
f 30/22/17 37/2095/19 21/23/13
f 22/14/11 32/13/10 35/2092/1632 24/2094/1634
f 21/16/13 37/25/19 23/17/8
f 23/11/8 31/10/7 34/15/12 22/14/11
f 21/16/13 24/2096/1634 38/2097/1630
f 21/16/13 22/18/11 24/2096/1634
f 38/2098/1630 24/2094/1634 28/2093/1633 27/2099/1631
f 50/2100/1635 47/2101/22 48/2102/27 49/2103/26
f 54/2104/25 51/2105/29 52/2106/28 53/2107/1636
f 49/33/26 41/2108/1637 42/2109/1638 50/2110/1635
f 41/2108/1637 49/33/26 40/28/21
f 50/2110/1635 42/2109/1638 39/27/20 47/29/22
f 52/35/28 44/2111/1639 45/2112/1640 53/2113/1636
f 44/2111/1639 52/35/28 43/31/24
f 53/2113/1636 45/2112/1640 46/30/23 54/32/25
f 66/2114/1641 63/2115/1642 64/2116/1643 65/2117/1644
f 47/29/22 40/28/21 48/34/27
f 54/32/25 43/31/24 51/36/29
f 70/2118/1645 67/2119/1646 68/2120/1647 69/2121/1648
f 64/2122/1643 63/2123/1642 55/2124/1649 56/2125/1650
f 64/2122/1643 56/2125/1650 57/2126/1651 65/2127/1644
f 65/2127/1644 57/2126/1651 58/2128/1652 66/2129/1641
f 66/2129/1641 58/2128/1652 55/2124/1649 63/2123/1642
f 67/2130/1646 59/2131/1653 60/47/1654 68/2132/1647
f 68/2132/1647 60/47/1654 61/2133/1640 69/2134/1648
f 69/2134/1648 61/2133/1640 62/2135/1655 70/2136/1645
f 67/2130/1646 70/2136/1645 62/2135/1655 59/2131/1653
f 72/2137/1626 74/2138/1656 73/2139/1626 71/2140/1656
f 71/2141/1656 73/2142/1626 74/2143/1656 72/2144/1626
f 76/2145/34 79/2146/1657 80/2147/1658 75/2148/35
f 79/2149/1657 77/2150/33 78/2151/32 80/2152/1658
f 76/2153/34 75/2154/35 82/2155/31 81/2156/30
f 78/44/32 75/46/35 80/2157/1658
f 77/42/33 79/2146/1657 76/43/34
f 83/2158/1659 84/2159/1660 85/2160/1661 86/2161/1662
f 88/2162/1663 89/2163/1664 90/2164/1665 87/2165/1666
f 87/2166/1666 85/2167/1661 84/2168/1660 88/2169/1663
f 88/2170/1663 84/2171/1660 83/2172/1659 89/2173/1664
f 89/2174/1664 83/2175/1659 86/2176/1662 90/2177/1665
f 90/2178/1665 86/2179/1662 85/2180/1661 87/2181/1666
f 102/2182/1667 99/2183/1668 100/2184/1669 101/2185/1670
f 106/2186/39 103/2187/1671 104/2188/38 105/2189/40
f 99/2190/1668 91/2124/1672 92/2125/1673 100/2191/1669
f 100/2191/1669 92/2125/1673 93/2126/1674 101/2192/1670
f 102/2193/1667 101/2192/1670 93/2126/1674 94/2128/1675
f 102/2193/1667 94/2128/1675 91/2124/1672 99/2190/1668
f 103/2194/1671 95/2131/1676 96/47/36 104/49/38
f 106/50/39 98/2135/1677 95/2131/1676 103/2194/1671
f 98/2135/1677 106/50/39 97/48/37
f 110/2195/1678 107/2196/1679 108/2197/1680 109/2198/1681
f 104/49/38 97/48/37 105/51/40
f 113/2199/1682 114/2200/1683 111/2201/1684 112/2202/1685
f 111/2203/1684 109/2204/1681 108/2205/1680 112/2206/1685
f 112/2207/1685 108/2208/1680 107/2209/1679 113/2210/1682
f 113/2211/1682 107/2212/1679 110/2213/1678 114/2214/1683
f 114/2215/1683 110/2216/1678 109/2217/1681 111/2218/1684
f 118/2219/1623 115/2220/1622 116/2221/1625 117/2222/1624
f 122/2223/1618 119/2224/1619 120/2225/1620 121/2226/1621
f 119/2046/1619 115/2227/1622 118/2228/1623 120/2229/1620
f 117/2230/1624 121/2231/1621 120/2232/1620 118/2233/1623
f 121/2234/1621 117/2235/1624 116/2236/1625 122/2237/1618
f 115/2238/1622 119/2239/1619 122/2240/1618 116/2241/1625
f 125/2242/1686 127/2243/1687 128/2244/1688 124/2245/44
f 127/2246/1687 123/2247/41 126/2248/43 128/2249/1688
f 125/2250/1686 130/2251/1689 123/2252/41 127/2243/1687
f 126/56/43 124/55/44 128/2253/1688
f 125/2254/1686 124/2255/44 129/2256/42 130/2257/1689
f 132/2258/49 135/2259/1690 136/2260/1691 131/2261/1692
f 123/52/41 130/2262/1689 129/53/42
f 135/2263/1690 133/2264/48 134/2265/47 136/2266/1691
f 132/2267/49 131/2268/1692 137/2269/46 138/2270/45
f 134/2271/47 131/2272/1692 136/2273/1691
f 133/62/48 135/2259/1690 132/63/49
f 174/113/87 175/2274/1693 168/2275/1694 180/102/78
f 134/2271/47 137/2276/46 131/2272/1692
f 139/65/50 141/2277/54 140/66/51
f 142/68/53 143/71/55 141/69/54
f 144/67/52 140/66/51 143/71/55
f 145/2278/58 146/2279/57 150/2280/61
f 147/77/56 148/76/60 146/2281/57
f 149/80/59 150/79/61 148/2282/60
f 166/89/70 151/84/65 152/2283/1695
f 154/2284/69 166/89/70 152/2283/1695
f 153/2285/1696 154/2284/69 152/2283/1695
f 153/2286/1696 155/83/64 154/88/69
f 157/82/63 158/86/67 159/85/66
f 154/2284/69 162/91/72 166/89/70
f 154/2284/69 161/97/75 162/91/72
f 154/88/69 165/87/68 167/2287/74
f 159/85/66 164/90/71 163/2288/76
f 157/82/63 165/87/68 155/83/64
f 167/2287/74 165/87/68 163/2289/76
f 166/2290/70 160/2291/73 164/90/71
f 180/102/78 168/2275/1694 169/103/79
f 173/2292/1697 174/113/87 172/109/83
f 173/2292/1697 175/2274/1693 174/113/87
f 230/167/130 226/170/133 227/2293/1698 228/2294/1699
f 181/101/77 179/116/89 180/102/78
f 182/107/81 184/111/85 176/2295/84
f 174/113/87 177/2296/91 185/2297/90
f 183/108/82 174/113/87 185/2297/90
f 172/109/83 182/107/81 171/114/88
f 180/102/78 179/116/89 178/112/86
f 184/111/85 183/108/82 185/2298/90
f 177/2296/91 174/113/87 178/2299/86
f 188/125/96 186/124/95 187/2300/1700
f 188/125/96 187/2300/1700 189/128/99
f 191/2301/1701 192/129/100 190/131/101
f 193/123/94 194/122/93 191/2301/1701
f 192/129/100 191/2301/1701 194/122/93
f 199/130/98 202/133/103 197/2302/106
f 199/130/98 192/129/100 202/133/103
f 190/131/101 199/130/98 189/2303/99
f 195/121/92 200/126/97 194/122/93
f 203/132/102 200/134/97 198/2304/107
f 200/2305/97 196/2306/105 198/2307/107
f 202/2308/103 203/138/102 197/137/106
f 205/151/118 212/146/114 204/2309/1702
f 206/142/110 220/141/109 205/2310/118
f 207/140/108 218/145/113 220/141/109
f 207/140/108 208/143/111 218/145/113
f 222/2311/120 216/162/125 221/161/124
f 218/145/113 209/144/112 219/153/119
f 220/149/109 215/155/121 217/150/117
f 220/141/109 221/2312/124 214/157/123
f 220/141/109 218/145/113 221/2312/124
f 219/153/119 217/152/117 216/2313/125
f 205/151/118 217/150/117 212/146/114
f 210/147/115 219/153/119 209/144/112
f 222/154/120 219/153/119 216/2314/125
f 217/2315/117 213/2316/122 216/2314/125
f 273/216/162 270/215/161 266/2317/1703 265/2318/1703
f 230/167/130 228/2294/1699 229/2319/1704
f 237/164/127 223/2320/1705 224/165/128
f 239/173/126 225/169/132 238/166/129
f 230/177/130 229/2319/1704 237/164/127
f 237/164/127 234/2321/1706 233/175/136
f 237/164/127 239/163/126 234/2321/1706
f 238/166/129 236/174/134 239/173/126
f 237/164/127 233/175/136 230/177/130
f 225/2322/132 239/163/126 224/165/128
f 223/2320/1705 237/164/127 229/2319/1704
f 239/163/126 235/2323/135 234/2321/1706
f 230/167/130 232/176/137 231/168/131
f 236/2324/134 231/179/131 235/178/135
f 233/175/136 234/2321/1706 235/178/135
f 248/191/146 240/181/138 257/183/140
f 244/2325/1707 258/190/145 243/186/142
f 244/2325/1707 245/188/143 258/190/145
f 246/189/144 247/2326/1708 254/192/147
f 247/2326/1708 248/191/146 254/192/147
f 241/187/139 253/197/151 249/2327/148
f 258/190/145 254/192/147 251/2328/153
f 254/192/147 257/183/140 251/2328/153
f 243/186/142 253/197/151 241/187/139
f 258/190/145 253/197/151 243/186/142
f 254/192/147 258/190/145 246/189/144
f 257/183/140 252/194/149 256/205/154
f 241/182/139 252/194/149 257/183/140
f 253/197/151 258/190/145 250/199/150
f 256/205/154 252/194/149 249/203/148
f 259/213/157 261/2329/156 260/214/160
f 262/208/155 263/212/159 261/209/156
f 264/211/158 260/214/160 263/212/159
f 265/2318/1703 266/2317/1703 267/2330/1709
f 271/2331/1710 272/2332/1711 273/216/162
f 272/2332/1711 268/218/164 273/216/162
f 287/235/166 286/233/176 284/232/173 278/2333/167
f 275/219/165 271/2331/1710 273/216/162
f 277/225/170 287/221/166 279/223/168
f 276/227/172 277/225/170 280/224/169
f 279/223/168 284/228/173 280/224/169
f 280/224/169 282/229/174 281/226/171
f 280/224/169 284/228/173 282/229/174
f 281/226/171 283/230/175 285/2334/177
f 281/226/171 282/229/174 283/230/175
f 289/255/178 301/253/190 300/252/189 299/251/188
f 285/234/177 286/233/176 287/235/166
f 276/236/172 287/235/166 277/2335/170
f 288/241/182 289/237/178 291/239/180
f 292/242/183 288/241/182 293/243/184
f 291/239/180 290/238/179 293/243/184
f 293/243/184 295/2336/1712 294/244/185
f 293/243/184 296/245/186 295/2336/1712
f 295/2337/1712 297/247/187 294/246/185
f 295/2337/1712 296/249/186 297/247/187
f 296/249/186 299/251/188 297/247/187
f 298/248/181 297/247/187 300/252/189
f 298/248/181 300/252/189 301/253/190
f 319/274/205 318/2338/209 314/2339/213 315/2340/214
f 289/255/178 299/251/188 290/250/179
f 303/256/191 304/258/193 302/259/194
f 305/257/192 307/263/198 304/258/193
f 307/263/198 305/257/192 309/262/197
f 307/263/198 310/264/199 308/260/195
f 310/264/199 309/262/197 306/261/196
f 310/265/199 311/267/200 308/269/195
f 311/267/200 313/270/202 312/268/201
f 311/267/200 306/266/196 313/270/202
f 306/266/196 303/2341/191 313/270/202
f 302/271/194 313/270/202 303/2341/191
f 306/266/196 305/2342/192 303/2341/191
f 315/2340/214 316/272/203 319/274/205
f 344/314/237 341/307/230 342/306/229 345/312/235
f 319/274/205 320/275/206 318/2338/209
f 318/2338/209 320/275/206 321/276/207
f 321/277/207 317/284/204 324/280/210
f 322/278/208 321/277/207 323/281/211
f 323/281/211 325/282/212 322/278/208
f 324/280/210 316/285/203 325/282/212
f 325/282/212 315/286/214 314/283/213
f 326/291/219 327/2343/228 328/289/217
f 327/2343/228 329/287/215 328/289/217
f 326/291/219 328/289/217 331/288/216
f 331/288/216 329/287/215 333/292/220
f 332/290/218 331/288/216 333/292/220
f 333/292/220 329/287/215 330/2344/222
f 333/294/220 335/296/223 334/297/221
f 335/296/223 337/299/225 336/298/224
f 330/295/222 339/300/226 337/299/225
f 336/298/224 337/299/225 338/301/227
f 326/302/219 338/301/227 327/303/228
f 339/300/226 329/305/215 327/303/228
f 340/310/233 352/308/231 341/307/230
f 346/309/232 341/307/230 344/314/237
f 351/322/242 349/318/240 348/2345/239 343/323/234
f 344/314/237 347/315/238 346/309/232
f 345/312/235 348/316/239 347/315/238
f 347/2346/238 349/318/240 346/317/232
f 347/2346/238 348/2345/239 349/318/240
f 349/318/240 351/322/242 350/319/236
f 361/330/247 360/2347/253 354/2348/255 359/331/248
f 350/319/236 351/322/242 352/320/231
f 355/326/243 356/328/245 354/2348/255
f 356/328/245 357/327/244 358/329/246
f 354/2348/255 356/328/245 359/331/248
f 356/328/245 358/329/246 359/331/248
f 378/356/269 381/362/259 375/2349/266 377/354/268
f 361/330/247 358/329/246 362/332/249
f 360/2347/253 361/330/247 363/333/250
f 363/335/250 362/2350/249 364/2351/251
f 363/335/250 366/340/256 365/336/252
f 363/335/250 364/2351/251 366/340/256
f 365/336/252 366/340/256 367/338/254
f 364/2351/251 357/341/244 366/340/256
f 367/338/254 366/340/256 355/342/243
f 354/339/255 367/338/254 355/342/243
f 370/347/261 372/348/262 369/343/257
f 372/348/262 370/347/261 371/350/264
f 369/343/257 373/349/263 368/344/258
f 373/349/263 372/348/262 374/351/265
f 374/351/265 371/350/264 376/2352/267
f 374/355/265 377/354/268 375/2349/266
f 378/356/269 376/353/267 379/358/270
f 381/362/259 378/356/269 380/359/260
f 379/358/270 370/360/261 380/359/260
f 4/2388/1623 1/2389/1622 2/2390/1625 3/2391/1624
usemtl wire_134110008
f 390/363/271 389/364/272 391/365/273
f 399/366/274 398/367/275 405/368/276
f 395/369/277 403/370/278 396/371/279
f 402/372/280 399/366/274 405/368/276
f 391/365/273 403/370/278 401/373/281
f 401/373/281 403/370/278 395/369/277
f 397/374/282 408/375/283 405/368/276
f 391/365/273 389/364/272 403/370/278
f 397/374/282 403/370/278 408/375/283
f 403/370/278 389/364/272 404/376/284
f 405/368/276 410/377/285 402/372/280
f 410/377/285 443/378/286 402/372/280
f 403/370/278 404/376/284 408/375/283
f 446/379/287 429/380/288 389/364/272
f 408/375/283 414/381/289 405/368/276
f 389/364/272 429/380/288 409/382/290
f 416/383/291 407/384/292 404/376/284
f 406/385/293 412/386/294 408/375/283
f 411/387/295 412/386/294 406/385/293
f 417/388/296 414/381/289 408/375/283
f 388/389/297 387/390/298 428/391/299
f 410/377/285 414/381/289 413/392/300
f 409/382/290 428/391/299 386/393/301
f 407/384/292 416/383/291 411/387/295
f 412/386/294 415/394/302 417/388/296
f 414/381/289 417/388/296 420/395/303
f 413/392/300 420/395/303 421/396/304
f 384/397/305 383/398/306 386/393/301
f 416/383/291 419/399/307 417/388/296
f 417/388/296 419/399/307 420/395/303
f 420/395/303 419/399/307 422/400/308
f 416/383/291 383/398/306 423/401/309
f 421/396/304 420/395/303 424/402/310
f 420/395/303 422/400/308 426/403/311
f 424/402/312 426/403/313 427/404/314
f 389/405/272 390/406/271 449/407/315
f 390/406/271 391/408/273 392/409/316
f 393/410/317 392/409/318 394/411/319
f 424/412/310 426/413/311 422/414/308
f 392/409/316 393/410/320 390/406/271
f 423/415/309 425/416/321 430/417/322
f 421/418/304 424/412/310 422/414/308
f 382/419/323 384/420/305 432/421/324
f 430/417/322 432/421/324 433/422/325
f 431/423/326 434/424/327 422/414/308
f 439/425/328 413/426/300 421/418/304
f 431/423/326 433/422/325 434/424/327
f 384/420/305 385/427/329 432/421/324
f 438/428/330 439/425/328 421/418/304
f 436/429/331 438/428/330 434/424/327
f 435/430/332 428/431/299 387/432/298
f 433/422/325 435/430/332 444/433/333
f 433/422/325 444/433/333 437/434/334
f 441/435/335 444/433/333 435/430/332
f 442/436/336 436/429/331 437/434/334
f 388/437/297 441/435/335 387/432/298
f 443/438/286 413/426/300 439/425/328
f 429/439/288 441/435/335 388/437/297
f 429/439/288 444/433/333 441/435/335
f 444/433/333 445/440/337 437/434/334
f 440/441/338 442/436/336 448/442/339
f 446/443/287 444/433/333 429/439/288
f 446/443/287 449/407/315 444/433/333
f 449/407/315 445/440/337 444/433/333
f 443/438/286 447/444/340 402/445/280
f 445/440/337 396/446/279 448/442/339
f 445/440/337 449/407/315 395/447/277
f 395/447/277 396/446/279 445/440/337
f 402/445/280 447/444/340 399/448/274
f 390/406/271 401/449/281 395/447/277
f 447/444/340 405/450/276 398/451/275
f 452/452/341 453/453/342 514/454/343
f 453/453/342 452/452/341 465/455/344
f 454/456/345 510/457/346 465/455/344
f 511/458/347 463/459/348 494/460/349
f 513/461/350 466/462/351 510/457/346
f 514/454/343 453/453/342 511/458/347
f 513/461/350 464/463/352 466/462/351
f 464/463/352 456/464/353 466/462/351
f 466/462/351 467/465/354 468/466/355
f 471/467/356 463/459/348 453/453/342
f 453/453/342 469/468/357 471/467/356
f 468/466/355 467/465/354 469/468/357
f 467/465/354 458/469/358 473/470/359
f 469/468/357 472/471/360 471/467/356
f 473/470/359 470/472/361 467/465/354
f 473/470/359 474/473/362 470/472/361
f 470/472/361 474/473/362 478/474/363
f 472/471/360 481/475/364 471/467/356
f 471/467/356 477/476/365 463/459/348
f 475/477/366 478/474/363 479/478/367
f 491/479/368 478/474/363 476/480/369
f 476/480/369 478/474/363 474/473/362
f 491/479/368 480/481/370 478/474/363
f 479/478/367 472/471/360 475/477/366
f 491/479/368 459/482/371 480/481/370
f 480/481/370 479/478/367 478/474/363
f 481/475/364 482/483/372 485/484/373
f 480/481/370 459/482/371 483/485/374
f 480/481/370 484/486/375 479/478/367
f 483/485/374 484/486/375 480/481/370
f 484/486/375 486/487/376 479/478/367
f 482/483/372 487/488/377 485/484/373
f 481/475/364 485/484/373 461/489/378
f 460/490/379 488/491/380 483/485/374
f 483/485/374 488/491/380 484/486/375
f 486/487/376 492/492/381 487/488/377
f 488/491/380 489/493/382 484/486/375
f 458/494/358 457/495/383 490/496/384
f 459/497/371 451/498/385 460/499/379
f 492/500/381 493/501/386 461/502/378
f 489/503/382 496/504/387 486/505/376
f 496/504/387 493/501/386 492/500/381
f 489/503/382 495/506/388 496/504/387
f 496/504/387 498/507/389 493/501/386
f 496/504/387 500/508/390 498/507/389
f 497/509/391 499/510/392 461/502/378
f 496/504/387 502/511/393 500/508/390
f 491/512/368 501/513/394 495/506/388
f 476/514/369 501/513/394 491/512/368
f 498/507/389 507/515/395 497/509/391
f 496/504/387 508/516/396 503/517/397
f 502/511/393 504/518/398 500/508/390
f 503/517/397 505/519/399 504/518/398
f 490/496/384 509/520/400 501/513/394
f 508/516/396 505/519/399 503/517/397
f 504/518/398 505/519/399 507/515/395
f 505/519/399 506/521/401 512/522/402
f 508/516/396 454/523/345 506/521/401
f 506/521/401 454/523/345 512/522/402
f 509/520/400 513/524/350 510/525/346
f 512/522/402 514/526/343 511/527/347
f 457/495/383 513/524/350 509/520/400
f 454/523/345 452/528/341 512/522/402
f 455/529/403 464/530/352 513/524/350
f 512/522/402 452/528/341 514/526/343
f 384/397/305 382/2355/323 383/398/306
f 385/2356/329 384/397/305 386/393/301
f 449/2357/315 446/379/287 389/364/272
f 392/2358/316 391/365/273 393/2359/320
f 401/373/281 393/2359/320 391/365/273
f 450/2360/1715 396/371/279 397/374/282
f 397/374/282 405/368/276 450/2360/1715
f 399/366/1716 400/2361/1717 398/367/1718
f 403/370/278 397/374/282 396/371/279
f 408/375/283 404/376/284 406/385/293
f 406/385/293 404/376/284 407/384/292
f 405/368/276 414/381/289 410/377/285
f 404/376/284 389/364/272 409/382/290
f 407/384/292 411/387/295 406/385/293
f 409/382/290 416/383/291 404/376/284
f 409/382/290 429/380/288 388/389/297
f 412/386/294 417/388/296 408/375/283
f 410/377/285 413/392/300 443/378/286
f 409/382/290 388/389/297 428/391/299
f 412/386/294 411/387/295 415/394/302
f 409/382/290 386/393/301 416/383/291
f 411/387/295 416/383/291 415/394/302
f 416/383/291 417/388/296 415/394/302
f 413/392/300 414/381/289 420/395/303
f 416/383/291 418/2362/1719 419/399/307
f 386/393/301 383/398/306 416/383/291
f 416/383/291 423/401/309 418/2362/1719
f 418/2362/1719 423/401/309 419/399/307
f 423/401/309 383/398/306 425/2363/321
f 419/399/307 423/401/309 431/2364/326
f 424/402/310 420/395/303 426/403/311
f 385/427/329 386/2365/301 428/431/299
f 431/423/326 422/414/308 419/2366/307
f 425/416/321 383/2367/306 382/419/323
f 431/423/326 423/415/309 430/417/322
f 425/416/321 382/419/323 432/421/324
f 430/417/322 425/416/321 432/421/324
f 422/414/308 434/424/327 421/418/304
f 431/423/326 430/417/322 433/422/325
f 433/422/325 432/421/324 385/427/329
f 434/424/327 438/428/330 421/418/304
f 433/422/325 385/427/329 435/430/332
f 434/424/327 433/422/325 436/429/331
f 435/430/332 385/427/329 428/431/299
f 436/429/331 433/422/325 437/434/334
f 436/429/331 440/441/338 438/428/330
f 435/430/332 387/432/298 441/435/335
f 439/425/328 438/428/330 448/442/339
f 440/441/338 448/442/339 438/428/330
f 436/429/331 442/436/336 440/441/338
f 439/425/328 448/442/339 443/438/286
f 437/434/334 445/440/337 442/436/336
f 443/438/286 448/442/339 447/444/340
f 442/436/336 445/440/337 448/442/339
f 448/442/339 396/446/279 450/2368/1715
f 447/444/340 448/442/339 450/2368/1715
f 449/407/315 390/406/271 395/447/277
f 390/406/271 393/410/320 401/449/281
f 447/444/340 450/2368/1715 405/450/276
f 399/448/274 447/444/340 398/451/275
f 452/452/341 454/456/345 465/455/344
f 457/2369/383 456/464/353 455/2370/403
f 490/2371/384 476/480/369 473/470/359
f 464/463/352 455/2370/403 456/464/353
f 511/458/347 453/453/342 463/459/348
f 465/455/344 510/457/346 466/462/351
f 466/462/351 456/464/353 467/465/354
f 465/455/344 466/462/351 468/466/355
f 457/2369/383 458/469/358 456/464/353
f 453/453/342 465/455/344 469/468/357
f 456/464/353 458/469/358 467/465/354
f 465/455/344 468/466/355 469/468/357
f 469/468/357 467/465/354 470/472/361
f 490/2371/384 473/470/359 458/469/358
f 463/459/348 462/2372/1720 494/460/349
f 469/468/357 470/472/361 475/477/366
f 472/471/360 469/468/357 475/477/366
f 473/470/359 476/480/369 474/473/362
f 475/477/366 470/472/361 478/474/363
f 463/459/348 477/476/365 462/2372/1720
f 471/467/356 481/475/364 477/476/365
f 472/471/360 479/478/367 482/483/372
f 481/475/364 472/471/360 482/483/372
f 477/476/365 461/489/378 462/2372/1720
f 479/478/367 486/487/376 482/483/372
f 477/476/365 481/475/364 461/489/378
f 483/485/374 459/482/371 460/490/379
f 482/483/372 486/487/376 487/488/377
f 485/484/373 487/488/377 492/492/381
f 485/484/373 492/492/381 461/489/378
f 460/490/379 451/2373/385 488/491/380
f 484/486/375 489/493/382 486/487/376
f 459/497/371 495/506/388 451/498/385
f 494/2374/349 462/2375/1720 499/510/392
f 489/503/382 488/2376/380 451/498/385
f 486/505/376 496/504/387 492/500/381
f 493/501/386 497/509/391 461/502/378
f 489/503/382 451/498/385 495/506/388
f 493/501/386 498/507/389 497/509/391
f 461/502/378 499/510/392 462/2375/1720
f 495/506/388 459/2377/371 491/512/368
f 496/504/387 503/517/397 502/511/393
f 495/506/388 501/513/394 496/504/387
f 497/509/391 507/515/395 499/510/392
f 500/508/390 504/518/398 498/507/389
f 496/504/387 501/513/394 508/516/396
f 498/507/389 504/518/398 507/515/395
f 499/510/392 507/515/395 494/2374/349
f 502/511/393 503/517/397 504/518/398
f 476/514/369 490/496/384 501/513/394
f 507/515/395 511/527/347 494/2374/349
f 501/513/394 509/520/400 508/516/396
f 505/519/399 508/516/396 506/521/401
f 507/515/395 505/519/399 512/522/402
f 490/496/384 457/495/383 509/520/400
f 510/525/346 454/523/345 508/516/396
f 511/527/347 507/515/395 512/522/402
f 508/516/396 509/520/400 510/525/346
f 457/495/383 455/529/403 513/524/350
usemtl wire_028089177
f 526/531/404 627/532/405 525/533/406
f 528/534/407 617/535/408 527/536/409
f 534/537/410 587/538/411 591/539/412
f 534/537/410 535/540/413 587/538/411
f 536/541/414 585/542/415 586/543/416
f 536/541/414 584/544/417 585/542/415
f 537/545/418 538/546/419 584/544/417
f 555/547/420 554/548/421 553/549/422
f 564/550/423 712/551/424 563/552/425
f 564/550/423 565/553/426 712/551/424
f 567/554/427 568/555/428 569/556/429
f 569/556/429 568/555/428 570/557/430
f 572/558/431 571/559/432 570/557/430
f 574/560/433 573/561/434 572/558/431
f 583/562/435 731/563/436 582/564/437
f 535/540/413 586/543/416 587/538/411
f 597/565/438 593/566/439 532/567/440
f 532/567/440 593/566/439 515/568/441
f 585/569/415 588/570/442 589/571/443
f 541/572/444 596/573/445 539/574/446
f 587/575/411 590/576/447 591/577/412
f 593/578/439 531/579/448 515/580/441
f 590/576/447 586/581/416 595/582/449
f 604/583/450 592/584/451 591/577/412
f 592/584/451 604/583/450 597/585/438
f 584/586/417 594/587/452 610/588/453
f 593/578/439 597/589/438 601/590/454
f 589/571/443 602/591/455 598/592/456
f 541/593/444 542/594/457 596/595/445
f 601/590/454 530/596/458 531/579/448
f 591/577/412 599/597/459 604/583/450
f 594/587/452 607/598/460 610/588/453
f 602/591/455 610/588/453 614/599/461
f 601/600/454 608/601/462 530/602/458
f 600/603/463 608/604/462 601/600/454
f 600/605/463 613/606/464 608/607/462
f 608/601/462 528/608/407 529/609/465
f 606/610/466 545/611/467 612/612/468
f 606/613/466 612/614/468 607/598/460
f 598/615/456 616/616/469 611/617/470
f 604/583/450 599/597/459 622/618/471
f 609/619/472 613/620/464 600/621/463
f 613/622/464 528/623/407 608/624/462
f 599/625/459 595/626/449 611/627/470
f 604/583/450 622/618/471 609/628/472
f 603/629/473 619/630/474 616/631/469
f 607/598/460 615/632/475 614/599/461
f 610/588/453 607/598/460 614/599/461
f 545/633/467 546/634/476 612/635/468
f 603/629/473 614/599/461 619/636/474
f 622/618/471 599/597/459 623/637/477
f 609/628/472 620/638/478 613/620/464
f 546/634/476 547/639/479 618/640/480
f 599/597/459 611/641/470 623/637/477
f 622/618/471 620/638/478 609/628/472
f 621/642/481 627/532/405 617/643/408
f 618/640/480 625/644/482 615/645/475
f 622/646/471 631/647/483 620/648/478
f 620/649/478 624/650/484 621/651/481
f 527/652/409 627/653/405 526/654/404
f 616/616/469 619/655/474 629/656/485
f 611/617/470 616/616/469 623/657/477
f 631/658/483 630/659/486 624/660/484
f 624/650/484 626/661/487 627/662/405
f 618/640/480 549/663/488 551/664/489
f 627/665/405 626/666/487 525/667/406
f 623/657/477 631/668/483 622/646/471
f 629/656/485 642/669/490 623/657/477
f 631/670/483 635/671/491 630/672/486
f 630/672/486 632/673/492 626/661/487
f 525/667/406 626/666/487 524/674/493
f 614/675/461 634/676/494 628/677/495
f 623/657/477 642/669/490 631/668/483
f 631/670/483 636/678/496 635/671/491
f 630/672/486 635/671/491 632/673/492
f 634/676/494 633/679/497 637/680/498
f 634/676/494 638/681/499 641/682/500
f 631/668/483 642/669/490 643/683/501
f 628/677/495 634/676/494 641/682/500
f 631/668/483 643/683/501 636/684/496
f 524/674/493 632/685/492 523/686/502
f 634/676/494 637/680/498 638/681/499
f 635/671/491 636/678/496 639/687/503
f 633/679/497 644/688/504 637/680/498
f 635/671/491 640/689/505 632/673/492
f 551/664/489 552/690/506 644/688/504
f 637/680/498 644/688/504 647/691/507
f 629/656/485 645/692/508 669/693/509
f 639/687/503 636/678/496 650/694/510
f 644/688/504 646/695/511 649/696/512
f 523/686/502 640/697/505 522/698/513
f 629/656/485 669/693/509 670/699/514
f 641/682/500 647/691/507 653/700/515
f 649/696/512 646/695/511 652/701/516
f 643/683/501 642/669/490 654/702/517
f 647/691/507 649/696/512 661/703/518
f 645/692/508 648/704/519 656/705/520
f 648/704/519 655/706/521 656/705/520
f 640/707/505 651/708/522 659/709/523
f 654/702/517 658/710/524 662/711/525
f 661/703/518 665/712/526 657/713/527
f 657/713/527 671/714/528 653/700/515
f 665/712/526 664/715/529 657/713/527
f 664/715/529 671/714/528 657/713/527
f 522/698/513 659/716/523 521/717/530
f 660/718/531 556/719/532 666/720/533
f 671/714/528 667/721/534 655/706/521
f 667/721/534 673/722/535 669/693/509
f 670/699/514 685/723/536 658/710/524
f 666/720/533 668/724/537 665/712/526
f 664/715/529 672/725/538 671/714/528
f 651/708/522 650/694/510 675/726/539
f 556/719/532 668/724/537 666/720/533
f 675/726/539 663/727/540 651/708/522
f 673/722/535 691/728/541 669/693/509
f 672/725/538 676/729/542 671/714/528
f 676/729/542 680/730/543 681/731/544
f 685/723/536 686/732/545 662/711/525
f 682/733/546 689/734/547 683/735/548
f 650/694/510 687/736/549 675/726/539
f 662/737/525 686/738/545 650/694/510
f 687/736/549 678/739/550 675/726/539
f 680/730/543 688/740/551 681/731/544
f 677/741/552 690/742/553 691/728/541
f 686/738/545 687/736/549 650/694/510
f 558/743/554 559/744/555 560/745/556
f 558/743/554 560/745/556 694/746/557
f 560/745/556 692/747/558 694/746/557
f 693/748/559 687/736/549 686/738/545
f 689/734/547 699/749/560 684/750/561
f 698/751/562 685/723/536 691/728/541
f 694/746/557 699/749/560 689/734/547
f 520/752/563 678/753/550 519/754/564
f 688/740/551 698/751/562 690/742/553
f 688/740/551 701/755/565 698/751/562
f 697/756/566 705/757/567 699/749/560
f 698/751/562 707/758/568 685/723/536
f 709/759/569 701/755/565 688/740/551
f 693/748/559 706/760/570 702/761/571
f 702/761/571 696/762/572 693/748/559
f 703/763/573 704/764/574 697/756/566
f 704/764/574 705/757/567 697/756/566
f 705/757/567 700/765/575 699/749/560
f 706/766/570 695/767/576 728/768/577
f 563/769/425 703/763/573 562/770/578
f 696/771/572 708/772/579 518/773/580
f 701/755/565 714/774/581 698/751/562
f 708/775/579 517/776/582 518/777/580
f 700/778/575 715/779/583 709/780/569
f 706/781/570 711/782/584 702/783/571
f 563/552/425 712/551/424 703/784/573
f 703/763/573 712/785/424 704/764/574
f 704/764/574 712/785/424 713/786/585
f 707/787/568 728/788/577 695/789/576
f 718/790/586 711/791/584 706/760/570
f 711/791/584 718/790/586 719/792/587
f 722/793/588 717/794/589 705/795/567
f 723/796/590 732/797/591 710/798/592
f 726/799/593 727/800/594 707/787/568
f 718/790/586 721/801/595 719/792/587
f 711/782/584 719/802/587 516/803/596
f 712/551/424 722/793/588 713/804/585
f 725/805/597 726/799/593 714/806/581
f 725/805/597 734/807/598 726/799/593
f 720/808/599 727/809/594 726/810/593
f 724/811/600 716/812/601 715/779/583
f 733/813/602 725/805/597 710/798/592
f 721/814/595 729/815/603 516/816/596
f 726/799/593 576/817/604 720/818/599
f 727/800/594 730/819/605 728/820/577
f 718/790/586 731/821/436 721/814/595
f 566/822/606 569/556/429 722/793/588
f 723/796/590 573/561/434 732/797/591
f 576/817/604 577/823/607 720/818/599
f 731/824/436 729/825/603 721/826/595
f 578/827/608 580/828/609 727/800/594
f 570/557/430 571/559/432 724/811/600
f 577/823/607 578/827/608 720/818/599
f 578/827/608 579/829/610 580/828/609
f 566/822/606 567/554/427 569/556/429
f 569/556/429 570/557/430 717/794/589
f 574/560/433 575/830/611 734/807/598
f 1193/1276/1069 1261/1277/1070 1194/1278/1071
f 1416/1279/1072 1202/1280/1073 1384/1281/1074
f 1209/1282/1075 1208/1283/1076 1457/1284/1077
f 1211/1285/1078 1460/1286/1079 1212/1287/1080
f 1227/1288/1081 1225/1289/1082 1228/1290/1083
f 1229/1291/1084 1400/1292/1085 1230/1293/1086
f 1234/1294/1087 1235/1295/1088 1233/1296/1089
f 1236/1297/1090 1237/1298/1091 1235/1299/1088
f 1240/1300/1092 1241/1301/1093 1242/1302/1094
f 1242/1302/1094 1241/1303/1093 1243/1304/1095
f 1243/1305/1095 1241/1303/1093 1244/1306/1096
f 1246/1307/1097 1244/1308/1096 1247/1309/1098
f 1248/1310/1099 1249/1311/1100 1250/1312/1101
f 1250/1312/1101 1249/1311/1100 1251/1313/1102
f 1252/1314/1103 1251/1313/1102 1249/1311/1100
f 1253/1315/1104 1251/1313/1102 1252/1314/1103
f 1256/1316/1105 1255/1317/1106 1253/1315/1104
f 1259/1318/1107 1265/1319/1108 1266/1320/1109
f 1259/1318/1107 1266/1320/1109 1260/1321/1110
f 1253/1315/1104 1263/1322/1111 1256/1316/1105
f 1265/1319/1108 1258/1323/1112 1257/1324/1113
f 1260/1325/1110 1194/1326/1071 1261/1327/1070
f 1249/1328/1100 1268/1329/1114 1252/1330/1103
f 1252/1330/1103 1269/1331/1115 1253/1332/1104
f 1257/1333/1113 1264/1334/1116 1270/1335/1117
f 1253/1332/1104 1272/1336/1118 1263/1337/1111
f 1266/1338/1109 1278/1339/1119 1260/1325/1110
f 1269/1331/1115 1275/1340/1120 1272/1336/1118
f 1271/1341/1121 1277/1342/1122 1265/1343/1108
f 1278/1339/1119 1280/1344/1123 1260/1325/1110
f 1262/1345/1124 1274/1346/1125 1267/1347/1126
f 1268/1329/1114 1275/1340/1120 1269/1331/1115
f 1260/1325/1110 1280/1344/1123 1194/1326/1071
f 1247/1348/1098 1244/1349/1096 1262/1350/1124
f 1275/1340/1120 1281/1351/1127 1272/1336/1118
f 1280/1352/1123 1195/1353/1128 1194/1354/1071
f 1275/1340/1120 1288/1355/1129 1281/1351/1127
f 1270/1335/1117 1279/1356/1130 1271/1357/1121
f 1244/1308/1096 1284/1358/1131 1274/1346/1125
f 1282/1359/1132 1276/1360/1133 1273/1361/1134
f 1279/1356/1130 1283/1362/1135 1277/1363/1122
f 1299/1364/1136 1280/1352/1123 1278/1365/1119
f 1280/1366/1123 1285/1367/1137 1195/1368/1128
f 1281/1351/1127 1286/1369/1138 1282/1359/1132
f 1282/1359/1132 1279/1356/1130 1276/1360/1133
f 1283/1370/1135 1299/1371/1136 1278/1372/1119
f 1244/1308/1096 1241/1373/1093 1284/1358/1131
f 1284/1358/1131 1290/1374/1139 1288/1355/1129
f 1287/1375/1140 1282/1359/1132 1286/1369/1138
f 1279/1356/1130 1292/1376/1141 1283/1362/1135
f 1292/1376/1141 1299/1364/1136 1283/1362/1135
f 1299/1364/1136 1293/1377/1142 1285/1378/1137
f 1296/1379/1143 1291/1380/1144 1290/1381/1139
f 1293/1382/1142 1198/1383/1145 1197/1384/1146
f 1295/1385/1147 1296/1379/1143 1290/1381/1139
f 1291/1380/1144 1296/1379/1143 1297/1386/1148
f 1289/1387/1149 1297/1386/1148 1298/1388/1150
f 1287/1389/1140 1298/1388/1150 1300/1390/1151
f 1287/1389/1140 1300/1390/1151 1292/1391/1141
f 1292/1391/1141 1305/1392/1152 1299/1393/1136
f 1301/1394/1153 1295/1385/1147 1294/1395/1154
f 1298/1388/1150 1307/1396/1155 1300/1390/1151
f 1299/1397/1136 1306/1398/1156 1293/1382/1142
f 1241/1399/1093 1301/1400/1153 1294/1401/1154
f 1302/1402/1157 1297/1386/1148 1296/1379/1143
f 1300/1390/1151 1305/1392/1152 1292/1391/1141
f 1305/1403/1152 1314/1404/1158 1299/1397/1136
f 1304/1405/1159 1302/1402/1157 1296/1379/1143
f 1306/1398/1156 1200/1406/1160 1198/1383/1145
f 1308/1407/1161 1304/1405/1159 1303/1408/1162
f 1307/1396/1155 1298/1388/1150 1302/1402/1157
f 1310/1409/1163 1307/1396/1155 1302/1402/1157
f 1310/1409/1163 1302/1402/1157 1309/1410/1164
f 1311/1411/1165 1314/1412/1158 1305/1392/1152
f 1303/1408/1162 1316/1413/1166 1308/1407/1161
f 1307/1396/1155 1322/1414/1167 1321/1415/1168
f 1306/1398/1156 1201/1416/1169 1200/1406/1160
f 1318/1417/1170 1309/1410/1164 1308/1407/1161
f 1320/1418/1171 1312/1419/1172 1310/1409/1163
f 1236/1420/1090 1315/1421/1173 1301/1394/1153
f 1320/1418/1171 1310/1409/1163 1319/1422/1174
f 1324/1423/1175 1316/1413/1166 1315/1421/1173
f 1313/1424/1176 1329/1425/1177 1322/1414/1167
f 1328/1426/1178 1306/1398/1156 1314/1404/1158
f 1325/1427/1179 1317/1428/1180 1316/1413/1166
f 1326/1429/1181 1319/1422/1174 1318/1417/1170
f 1330/1430/1182 1320/1418/1171 1319/1422/1174
f 1326/1429/1181 1318/1417/1170 1317/1428/1180
f 1322/1414/1167 1334/1431/1183 1331/1432/1184
f 1326/1429/1181 1317/1428/1180 1325/1427/1179
f 1326/1429/1181 1330/1430/1182 1319/1422/1174
f 1324/1423/1175 1325/1427/1179 1316/1413/1166
f 1329/1425/1177 1334/1431/1183 1322/1414/1167
f 1338/1433/1185 1325/1427/1179 1324/1423/1175
f 1323/1434/1186 1331/1432/1184 1339/1435/1187
f 1325/1427/1179 1343/1436/1188 1326/1429/1181
f 1333/1437/1189 1329/1425/1177 1327/1438/1190
f 1306/1398/1156 1345/1439/1191 1356/1440/1192
f 1201/1416/1169 1306/1398/1156 1356/1440/1192
f 1338/1433/1185 1342/1441/1193 1343/1436/1188
f 1201/1416/1169 1356/1440/1192 1348/1442/1194
f 1332/1443/1195 1350/1444/1196 1338/1433/1185
f 1347/1445/1197 1333/1437/1189 1336/1446/1198
f 1337/1447/1199 1349/1448/1200 1332/1443/1195
f 1350/1444/1196 1342/1441/1193 1338/1433/1185
f 1346/1449/1201 1336/1446/1198 1340/1450/1202
f 1335/1451/1203 1339/1435/1187 1358/1452/1204
f 1353/1453/1205 1343/1436/1188 1342/1441/1193
f 1351/1454/1206 1344/1455/1207 1333/1437/1189
f 1347/1445/1197 1336/1446/1198 1346/1449/1201
f 1345/1456/1191 1335/1451/1203 1368/1457/1208
f 1335/1451/1203 1358/1452/1204 1368/1457/1208
f 1353/1453/1205 1359/1458/1209 1340/1450/1202
f 1345/1456/1191 1368/1457/1208 1355/1459/1210
f 1352/1460/1211 1346/1449/1201 1340/1450/1202
f 1339/1435/1187 1357/1461/1212 1358/1452/1204
f 1363/1462/1213 1350/1444/1196 1349/1448/1200
f 1363/1463/1213 1353/1453/1205 1350/1444/1196
f 1360/1464/1214 1359/1458/1209 1353/1453/1205
f 1341/1465/1215 1354/1466/1216 1357/1461/1212
f 1358/1452/1204 1373/1467/1217 1368/1457/1208
f 1345/1456/1191 1355/1459/1210 1369/1468/1218
f 1231/1469/1219 1367/1470/1220 1363/1471/1213
f 1370/1472/1221 1352/1460/1211 1365/1473/1222
f 1370/1472/1221 1361/1474/1223 1352/1460/1211
f 1361/1474/1223 1362/1475/1224 1347/1445/1197
f 1358/1452/1204 1357/1461/1212 1373/1467/1217
f 1368/1457/1208 1373/1467/1217 1372/1476/1225
f 1363/1463/1213 1378/1477/1226 1360/1464/1214
f 1366/1478/1227 1362/1475/1224 1361/1474/1223
f 1354/1466/1216 1364/1479/1228 1377/1480/1229
f 1367/1481/1220 1378/1477/1226 1363/1463/1213
f 1375/1482/1230 1366/1478/1227 1370/1472/1221
f 1364/1479/1228 1379/1483/1231 1380/1484/1232
f 1348/1442/1194 1371/1485/1233 1202/1280/1073
f 1381/1486/1234 1365/1473/1222 1378/1477/1226
f 1379/1483/1231 1375/1482/1230 1385/1487/1235
f 1377/1480/1229 1380/1484/1232 1382/1488/1236
f 1373/1467/1217 1383/1489/1237 1372/1476/1225
f 1375/1482/1230 1387/1490/1238 1385/1487/1235
f 1355/1459/1210 1372/1476/1225 1386/1491/1239
f 1388/1492/1240 1387/1490/1238 1376/1493/1241
f 1389/1494/1242 1385/1487/1235 1387/1490/1238
f 1391/1495/1243 1376/1493/1241 1381/1486/1234
f 1202/1280/1073 1371/1485/1233 1384/1281/1074
f 1372/1476/1225 1396/1496/1244 1392/1497/1245
f 1387/1490/1238 1388/1492/1240 1395/1498/1246
f 1383/1489/1237 1382/1488/1236 1398/1499/1247
f 1385/1487/1235 1389/1494/1242 1404/1500/1248
f 1393/1501/1249 1401/1502/1250 1394/1503/1251
f 1382/1488/1236 1397/1504/1252 1398/1499/1247
f 1401/1502/1250 1393/1501/1249 1391/1495/1243
f 1405/1505/1253 1391/1495/1243 1390/1506/1254
f 1397/1504/1252 1404/1500/1248 1413/1507/1255
f 1384/1281/1074 1392/1508/1245 1415/1509/1256
f 1407/1510/1257 1401/1502/1250 1405/1505/1253
f 1384/1281/1074 1415/1509/1256 1416/1279/1072
f 1409/1511/1258 1408/1512/1259 1418/1513/1260
f 1228/1290/1083 1417/1514/1261 1407/1510/1257
f 1420/1515/1262 1415/1509/1256 1392/1516/1245
f 1407/1510/1257 1422/1517/1263 1402/1518/1264
f 1413/1507/1255 1426/1519/1265 1414/1520/1266
f 1412/1521/1267 1413/1507/1255 1414/1520/1266
f 1409/1511/1258 1418/1513/1260 1423/1522/1268
f 1410/1523/1269 1423/1522/1268 1419/1524/1270
f 1410/1523/1269 1419/1524/1270 1406/1525/1271
f 1419/1524/1270 1426/1519/1265 1413/1507/1255
f 1416/1279/1072 1415/1509/1256 1424/1526/1272
f 1425/1527/1273 1407/1510/1257 1417/1514/1261
f 1411/1528/1274 1412/1521/1267 1420/1529/1262
f 1415/1509/1256 1420/1515/1262 1424/1526/1272
f 1225/1530/1082 1425/1531/1273 1417/1532/1261
f 1419/1524/1270 1431/1533/1275 1426/1519/1265
f 1426/1519/1265 1431/1533/1275 1414/1520/1266
f 1422/1517/1263 1433/1534/1276 1421/1535/1277
f 1204/1536/1278 1432/1537/1279 1205/1538/1280
f 1225/1530/1082 1224/1539/1281 1425/1531/1273
f 1425/1527/1273 1224/1540/1281 1433/1534/1276
f 1431/1541/1275 1437/1542/1282 1435/1543/1283
f 1430/1544/1284 1435/1543/1283 1436/1545/1285
f 1427/1546/1286 1441/1547/1287 1428/1548/1288
f 1428/1548/1288 1444/1549/1289 1429/1550/1290
f 1430/1551/1284 1436/1552/1285 1439/1553/1291
f 1432/1554/1279 1439/1555/1291 1440/1556/1292
f 1441/1547/1287 1427/1546/1286 1433/1557/1276
f 1441/1547/1287 1444/1549/1289 1428/1548/1288
f 1436/1545/1285 1435/1543/1283 1442/1558/1293
f 1429/1550/1290 1444/1549/1289 1437/1542/1282
f 1435/1559/1283 1434/1560/1294 1442/1561/1293
f 1436/1545/1285 1442/1558/1293 1443/1562/1295
f 1440/1556/1292 1439/1563/1291 1206/1564/1296
f 1223/1565/1297 1222/1566/1298 1438/1567/1299
f 1441/1547/1287 1448/1568/1300 1444/1549/1289
f 1444/1549/1289 1450/1569/1301 1437/1542/1282
f 1441/1547/1287 1447/1570/1302 1449/1571/1303
f 1439/1553/1291 1436/1552/1285 1443/1572/1295
f 1222/1573/1298 1445/1574/1304 1438/1575/1299
f 1441/1547/1287 1445/1574/1304 1447/1570/1302
f 1448/1568/1300 1456/1576/1305 1444/1549/1289
f 1444/1549/1289 1456/1576/1305 1450/1569/1301
f 1443/1562/1295 1442/1558/1293 1454/1577/1306
f 1456/1576/1305 1459/1578/1307 1450/1569/1301
f 1443/1579/1295 1454/1577/1306 1457/1580/1077
f 1447/1570/1302 1445/1574/1304 1216/1581/1308
f 1447/1570/1302 1216/1581/1308 1458/1582/1309
f 1449/1571/1303 1458/1582/1309 1448/1568/1300
f 1445/1574/1304 1461/1583/1310 1216/1581/1308
f 1450/1569/1301 1460/1584/1079 1451/1585/1311
f 1455/1586/1312 1220/1587/1313 1461/1588/1310
f 1458/1582/1309 1463/1589/1314 1459/1578/1307
f 1458/1582/1309 1462/1590/1315 1463/1589/1314
f 1459/1591/1307 1463/1592/1314 1460/1286/1079
f 1452/1593/1316 1460/1286/1079 1211/1285/1078
f 1452/1593/1316 1211/1285/1078 1210/1594/1317
f 1217/1595/1318 1216/1596/1308 1461/1597/1310
f 1462/1598/1315 1215/1599/1319 1214/1600/1320
f 1463/1592/1314 1214/1600/1320 1213/1601/1321
f 1463/1592/1314 1213/1601/1321 1212/1287/1080
f 1539/1602/1322 1464/1603/1323 1218/1604/1324
f 1468/1605/1325 1467/1606/1326 1469/1607/1327
f 1470/1608/1328 1468/1605/1325 1469/1607/1327
f 1473/1609/1329 1540/1610/1330 1633/1611/1331
f 1476/1612/1332 1475/1613/1333 1473/1614/1329
f 1477/1615/1334 1475/1613/1333 1476/1612/1332
f 1478/1616/1335 1475/1613/1333 1477/1615/1334
f 1479/1617/1336 1475/1613/1333 1478/1616/1335
f 1481/1618/1337 1547/1619/1338 1480/1620/1339
f 1483/1621/1340 1484/1622/1341 1482/1623/1342
f 1484/1622/1341 1483/1621/1340 1485/1624/1343
f 1487/1625/1344 1486/1626/1345 1485/1624/1343
f 1490/1627/1346 1489/1628/1347 1487/1625/1344
f 1493/1629/1348 1492/1630/1349 1491/1631/1350
f 1497/1632/1351 1498/1633/1352 1496/1634/1353
f 1499/1635/1354 1500/1636/1355 1498/1633/1352
f 1508/1637/1356 1509/1638/1357 1507/1639/1358
f 1510/1640/1359 1509/1641/1357 1248/1642/1360
f 1512/1643/1361 1511/1644/1362 1510/1645/1359
f 1513/1646/1363 1511/1644/1362 1512/1643/1361
f 1522/1647/1364 1607/1648/1365 1521/1649/1366
f 1527/1650/1367 1526/1651/1368 1525/1652/1369
f 1529/1653/1370 1528/1654/1371 1527/1655/1367
f 1529/1653/1370 1530/1656/1372 1528/1654/1371
f 1532/1657/1373 1533/1658/1374 1558/1659/1375
f 1534/1660/1376 1535/1661/1377 1550/1662/1378
f 1538/1663/1379 1464/1664/1323 1539/1665/1322
f 1480/1666/1339 1542/1667/1380 1475/1613/1333
f 1475/1613/1333 1540/1668/1330 1473/1614/1329
f 1543/1669/1381 1546/1670/1382 1539/1671/1322
f 1468/1672/1325 1544/1673/1383 1541/1674/1384
f 1541/1675/1384 1545/1676/1385 1543/1677/1381
f 1475/1678/1333 1553/1679/1386 1540/1680/1330
f 1541/1681/1384 1544/1682/1383 1548/1683/1387
f 1542/1667/1380 1553/1684/1386 1475/1613/1333
f 1547/1685/1338 1551/1686/1388 1542/1667/1380
f 1549/1687/1389 1554/1688/1390 1544/1682/1383
f 1554/1688/1390 1552/1689/1391 1544/1682/1383
f 1544/1682/1383 1552/1689/1391 1548/1690/1387
f 1551/1691/1388 1555/1692/1392 1553/1679/1386
f 1545/1693/1385 1557/1694/1393 1550/1695/1378
f 1552/1696/1391 1554/1697/1390 1559/1698/1394
f 1557/1699/1393 1533/1700/1374 1550/1701/1378
f 1482/1702/1342 1555/1703/1392 1551/1704/1388
f 1549/1687/1389 1555/1692/1392 1554/1688/1390
f 1545/1693/1385 1556/1705/1395 1557/1694/1393
f 1555/1692/1392 1562/1706/1396 1554/1688/1390
f 1562/1706/1396 1559/1707/1394 1554/1688/1390
f 1557/1708/1393 1556/1709/1395 1558/1710/1375
f 1482/1702/1342 1560/1711/1397 1555/1703/1392
f 1556/1712/1395 1559/1713/1394 1561/1714/1398
f 1559/1715/1394 1564/1716/1399 1571/1717/1400
f 1562/1718/1396 1566/1719/1401 1564/1716/1399
f 1561/1720/1398 1567/1721/1402 1563/1722/1403
f 1564/1716/1399 1568/1723/1404 1571/1717/1400
f 1566/1719/1401 1565/1724/1405 1573/1725/1406
f 1566/1719/1401 1573/1725/1406 1577/1726/1407
f 1567/1727/1402 1528/1654/1371 1530/1656/1372
f 1484/1728/1341 1570/1729/1408 1560/1730/1397
f 1565/1724/1405 1572/1731/1409 1573/1725/1406
f 1577/1726/1407 1579/1732/1410 1568/1723/1404
f 1568/1723/1404 1579/1732/1410 1574/1733/1411
f 1569/1734/1412 1581/1735/1413 1567/1736/1402
f 1569/1737/1412 1574/1733/1411 1580/1738/1414
f 1567/1739/1402 1581/1740/1413 1582/1741/1415
f 1484/1728/1341 1576/1742/1416 1570/1729/1408
f 1574/1733/1411 1579/1732/1410 1580/1738/1414
f 1569/1737/1412 1580/1738/1414 1581/1743/1413
f 1572/1731/1409 1576/1744/1416 1578/1745/1417
f 1577/1726/1407 1578/1745/1417 1579/1732/1410
f 1579/1732/1410 1575/1746/1418 1580/1738/1414
f 1575/1746/1418 1579/1732/1410 1583/1747/1419
f 1579/1732/1410 1585/1748/1420 1583/1747/1419
f 1580/1738/1414 1575/1746/1418 1584/1749/1421
f 1575/1746/1418 1583/1747/1419 1584/1749/1421
f 1578/1745/1417 1576/1744/1416 1585/1748/1420
f 1586/1750/1422 1587/1751/1423 1576/1742/1416
f 1585/1748/1420 1576/1744/1416 1587/1752/1423
f 1581/1743/1413 1584/1749/1421 1590/1753/1424
f 1584/1749/1421 1583/1747/1419 1589/1754/1425
f 1582/1741/1415 1593/1755/1426 1588/1756/1427
f 1526/1757/1368 1588/1758/1427 1594/1759/1428
f 1584/1749/1421 1589/1754/1425 1590/1753/1424
f 1587/1751/1423 1586/1750/1422 1592/1760/1429
f 1585/1748/1420 1591/1761/1430 1598/1762/1431
f 1585/1748/1420 1598/1762/1431 1583/1747/1419
f 1583/1747/1419 1598/1762/1431 1596/1763/1432
f 1591/1761/1430 1592/1764/1429 1597/1765/1433
f 1594/1766/1428 1524/1767/1434 1525/1768/1369
f 1588/1756/1427 1593/1755/1426 1600/1769/1435
f 1590/1753/1424 1595/1770/1436 1600/1771/1435
f 1594/1772/1428 1600/1771/1435 1524/1773/1434
f 1595/1774/1436 1596/1775/1432 1601/1776/1437
f 1598/1762/1431 1597/1765/1433 1602/1777/1438
f 1596/1763/1432 1599/1778/1439 1601/1779/1437
f 1599/1778/1439 1602/1777/1438 1601/1779/1437
f 1602/1777/1438 1597/1765/1433 1608/1780/1440
f 1606/1781/1441 1597/1765/1433 1486/1782/1345
f 1604/1783/1442 1603/1784/1443 1601/1776/1437
f 1524/1785/1434 1607/1786/1365 1523/1787/1444
f 1597/1765/1433 1606/1781/1441 1608/1780/1440
f 1601/1779/1437 1602/1777/1438 1604/1788/1442
f 1608/1780/1440 1606/1781/1441 1609/1789/1445
f 1608/1780/1440 1614/1790/1446 1610/1791/1447
f 1607/1792/1365 1604/1783/1442 1613/1793/1448
f 1607/1794/1365 1613/1795/1448 1611/1796/1449
f 1606/1781/1441 1605/1797/1450 1612/1798/1451
f 1604/1788/1442 1610/1791/1447 1613/1795/1448
f 1605/1799/1450 1488/1800/1452 1489/1801/1347
f 1611/1802/1449 1519/1803/1453 1520/1804/1454
f 1613/1795/1448 1610/1791/1447 1615/1805/1455
f 1610/1791/1447 1614/1790/1446 1615/1805/1455
f 1613/1795/1448 1615/1805/1455 1616/1806/1456
f 1611/1807/1449 1616/1808/1456 1617/1809/1457
f 1617/1810/1457 1516/1811/1458 1517/1812/1459
f 1615/1805/1455 1619/1813/1460 1622/1814/1461
f 1616/1815/1456 1615/1805/1455 1618/1816/1462
f 1612/1798/1451 1621/1817/1463 1619/1813/1460
f 1617/1818/1457 1618/1819/1462 1620/1820/1464
f 1619/1813/1460 1621/1817/1463 1622/1814/1461
f 1516/1811/1458 1620/1821/1464 1514/1822/1465
f 1622/1814/1461 1625/1823/1466 1618/1816/1462
f 1491/1824/1350 1492/1825/1349 1489/1826/1347
f 1621/1817/1463 1492/1825/1349 1624/1827/1467
f 1623/1828/1468 1627/1829/1469 1620/1830/1464
f 1624/1831/1467 1629/1832/1470 1625/1833/1466
f 1623/1834/1468 1626/1835/1471 1627/1836/1469
f 1626/1835/1471 1632/1837/1472 1627/1836/1469
f 1629/1832/1470 1505/1838/1473 1630/1839/1474
f 1630/1840/1474 1507/1841/1358 1626/1835/1471
f 1511/1842/1362 1632/1837/1472 1509/1641/1357
f 1629/1832/1470 1500/1843/1355 1505/1838/1473
f 1507/1844/1358 1632/1845/1472 1626/1846/1471
f 1496/1634/1353 1631/1847/1475 1494/1848/1476
f 1631/1847/1475 1496/1634/1353 1498/1633/1352
f 1628/1849/1477 1498/1850/1352 1500/1851/1355
f 1634/1852/1478 1772/1853/1479 1474/1854/1480
f 1474/1854/1480 1772/1853/1479 1476/1855/1481
f 1478/1616/1482 1635/1856/1483 1636/1857/1484
f 1636/1858/1484 1635/1859/1483 1479/1860/1485
f 1639/1861/1486 1637/1862/1487 1755/1863/1488
f 1642/1864/1489 1643/1865/1490 1644/1866/1491
f 1703/1867/1492 1696/1868/1493 1649/1869/1494
f 1650/1870/1495 1497/1871/1496 1495/1872/1497
f 1497/1871/1496 1650/1870/1495 1691/1873/1498
f 1499/1874/1499 1652/1875/1500 1653/1876/1501
f 1503/1877/1502 1655/1878/1503 1656/1879/1504
f 1506/1880/1505 1657/1881/1506 1658/1882/1507
f 1659/1883/1508 1248/1884/1509 1660/1885/1510
f 1659/1886/1508 1660/1887/1510 1661/1888/1511
f 1663/1889/1512 1662/1890/1513 1664/1891/1514
f 1664/1891/1514 1704/1892/1515 1665/1893/1516
f 1671/1894/1517 1670/1895/1518 1669/1896/1519
f 1672/1897/1520 1671/1894/1517 1673/1898/1521
f 1681/1899/1522 1682/1900/1523 1683/1901/1524
f 1687/1902/1525 1686/1903/1526 1759/1904/1527
f 1689/1905/1528 1775/1906/1529 1690/1907/1530
f 1653/1876/1501 1652/1875/1500 1691/1873/1498
f 1248/1908/1509 1694/1909/1531 1660/1910/1510
f 1691/1873/1498 1650/1870/1495 1697/1911/1532
f 1650/1870/1495 1696/1868/1493 1697/1911/1532
f 1694/1909/1531 1693/1912/1533 1660/1913/1510
f 1660/1885/1510 1693/1914/1533 1662/1915/1513
f 1695/1916/1534 1698/1917/1535 1699/1918/1536
f 1695/1916/1534 1699/1918/1536 1701/1919/1537
f 1693/1920/1533 1692/1921/1538 1702/1922/1539
f 1698/1923/1535 1705/1924/1540 1699/1925/1536
f 1693/1914/1533 1704/1926/1515 1662/1915/1513
f 1693/1927/1533 1702/1928/1539 1704/1929/1515
f 1700/1930/1541 1706/1931/1542 1708/1932/1543
f 1666/1933/1544 1707/1934/1545 1668/1935/1546
f 1703/1936/1492 1648/1937/1547 1715/1938/1548
f 1703/1936/1492 1715/1938/1548 1706/1931/1542
f 1707/1939/1545 1702/1928/1539 1710/1940/1549
f 1668/1935/1546 1711/1941/1550 1669/1896/1519
f 1647/1942/1551 1646/1943/1552 1715/1938/1548
f 1710/1944/1549 1714/1945/1553 1711/1941/1550
f 1712/1946/1554 1713/1947/1555 1717/1948/1556
f 1712/1946/1554 1719/1949/1557 1710/1940/1549
f 1718/1950/1558 1720/1951/1559 1716/1952/1560
f 1717/1948/1556 1713/1947/1555 1725/1953/1561
f 1717/1948/1556 1727/1954/1562 1719/1949/1557
f 1646/1943/1552 1644/1866/1491 1722/1955/1563
f 1718/1950/1558 1646/1943/1552 1722/1955/1563
f 1713/1947/1555 1720/1951/1559 1725/1953/1561
f 1719/1956/1557 1723/1957/1564 1714/1958/1553
f 1720/1951/1559 1722/1955/1563 1728/1959/1565
f 1727/1960/1562 1723/1957/1564 1719/1956/1557
f 1722/1955/1563 1644/1866/1491 1643/1865/1490
f 1734/1961/1566 1724/1962/1567 1728/1959/1565
f 1729/1963/1568 1725/1953/1561 1724/1962/1567
f 1735/1964/1569 1734/1961/1566 1728/1959/1565
f 1730/1965/1570 1732/1966/1571 1723/1967/1564
f 1734/1961/1566 1729/1963/1568 1724/1962/1567
f 1729/1963/1568 1726/1968/1572 1725/1953/1561
f 1726/1968/1572 1731/1969/1573 1727/1954/1562
f 1732/1966/1571 1677/1970/1574 1676/1971/1575
f 1642/1864/1489 1735/1964/1569 1643/1865/1490
f 1732/1966/1571 1730/1965/1570 1733/1972/1576
f 1734/1961/1566 1738/1973/1577 1729/1963/1568
f 1729/1963/1568 1739/1974/1578 1726/1968/1572
f 1741/1975/1579 1742/1976/1580 1729/1963/1568
f 1737/1977/1581 1743/1978/1582 1735/1964/1569
f 1641/1979/1583 1743/1978/1582 1737/1977/1581
f 1742/1976/1580 1745/1980/1584 1739/1974/1578
f 1736/1981/1585 1746/1982/1586 1740/1983/1587
f 1746/1984/1586 1733/1972/1576 1740/1985/1587
f 1743/1978/1582 1750/1986/1588 1741/1975/1579
f 1745/1980/1584 1749/1987/1589 1736/1988/1585
f 1744/1989/1590 1748/1990/1591 1742/1976/1580
f 1681/1899/1522 1746/1984/1586 1747/1991/1592
f 1750/1986/1588 1744/1989/1590 1741/1975/1579
f 1681/1899/1522 1747/1991/1592 1682/1900/1523
f 1682/1900/1523 1747/1991/1592 1684/1992/1593
f 1747/1991/1592 1746/1993/1586 1684/1992/1593
f 1748/1990/1591 1757/1994/1594 1756/1995/1595
f 1745/1980/1584 1762/1996/1596 1749/1987/1589
f 1754/1997/1597 1757/1994/1594 1748/1990/1591
f 1750/1986/1588 1754/1997/1597 1744/1989/1590
f 1752/1998/1598 1759/1999/1527 1684/2000/1593
f 1637/1862/1487 1638/2001/1599 1755/1863/1488
f 1758/2002/1600 1760/2003/1601 1753/2004/1602
f 1763/2005/1603 1761/2006/1604 1757/1994/1594
f 1769/2007/1605 1760/2003/1601 1758/2002/1600
f 1764/2008/1606 1770/2009/1607 1762/2010/1596
f 1766/2011/1608 1774/2012/1609 1760/2013/1601
f 1688/2014/1610 1767/2015/1611 1689/2016/1528
f 1763/2017/1603 1772/2018/1479 1761/2019/1604
f 1770/2009/1607 1769/2020/1605 1765/2021/1612
f 1772/2018/1479 1764/2008/1606 1761/2019/1604
f 1770/2009/1607 1773/2022/1613 1769/2020/1605
f 1771/2023/1614 1689/1905/1528 1767/2024/1611
f 1635/1859/1483 1768/2025/1615 1638/2026/1599
f 1773/2027/1613 1467/2028/1326 1774/2029/1609
f 1771/2030/1614 1539/2031/1322 1775/2032/1529
f 1633/1611/1331 1770/2009/1607 1764/2008/1606
f 1770/2009/1607 1470/2033/1616 1773/2022/1613
f 1467/1606/1326 1466/2034/1617 1774/2035/1609
f 1635/1859/1483 1476/2036/1481 1772/2018/1479
f 1633/2037/1331 1772/1853/1479 1473/2038/1329
f 1775/2039/1529 1539/2040/1322 1690/2041/1530
f 606/613/466 605/2353/1713 596/595/445 543/2354/1714
f 516/2378/596 729/2379/603 583/2380/435
f 533/2381/1721 597/2382/438 532/2383/440
f 534/537/410 591/539/412 533/2384/1721
f 535/540/413 536/541/414 586/543/416
f 536/541/414 537/545/418 584/544/417
f 540/2385/1722 539/2386/446 538/2387/419
f 543/2354/1714 544/2392/1723 545/2393/467
f 544/2392/1723 546/2394/476 545/2393/467
f 549/663/488 547/639/479 548/2395/1724
f 550/2396/1725 551/664/489 549/663/488
f 553/549/422 554/548/421 552/690/506
f 660/718/531 554/548/421 555/547/420
f 572/558/431 573/561/434 571/559/432
f 577/823/607 579/829/610 578/827/608
f 579/2397/610 581/2398/1726 580/2399/609
f 730/819/605 581/2400/1726 582/2401/437
f 584/544/417 538/546/419 539/2402/446
f 533/2384/1721 591/539/412 592/2403/451
f 533/2384/1721 592/2403/451 597/2404/438
f 540/2405/1722 541/2406/444 539/2386/446
f 584/586/417 539/2386/446 594/587/452
f 585/569/415 584/586/417 588/570/442
f 586/581/416 585/569/415 589/571/443
f 587/2407/411 586/2408/416 590/576/447
f 594/587/452 539/2386/446 596/595/445
f 589/571/443 588/570/442 602/591/455
f 588/570/442 584/586/417 610/588/453
f 586/581/416 589/571/443 598/592/456
f 591/577/412 590/576/447 599/597/459
f 604/583/450 600/2409/463 597/2410/438
f 593/578/439 601/590/454 531/579/448
f 596/595/445 542/594/457 543/2354/1714
f 594/587/452 596/595/445 605/2353/1713
f 598/592/456 602/591/455 603/629/473
f 595/582/449 586/581/416 598/592/456
f 609/628/472 600/2409/463 604/583/450
f 597/2411/438 600/603/463 601/600/454
f 602/591/455 588/570/442 610/588/453
f 678/739/550 687/736/549 693/748/559 696/762/572
f 599/625/459 590/2412/447 595/626/449
f 594/587/452 605/2353/1713 607/598/460
f 530/602/458 608/601/462 529/609/465
f 543/2354/1714 545/2393/467 606/613/466
f 606/613/466 607/598/460 605/2353/1713
f 603/629/473 602/591/455 614/599/461
f 598/615/456 603/2413/473 616/616/469
f 595/582/449 598/592/456 611/641/470
f 613/2414/464 621/651/481 617/2415/408
f 613/2414/464 617/2415/408 528/2416/407
f 607/598/460 612/614/468 615/632/475
f 613/2414/464 620/649/478 621/651/481
f 612/635/468 546/634/476 618/640/480
f 615/645/475 612/635/468 618/640/480
f 527/652/409 617/2417/408 627/653/405
f 547/639/479 549/663/488 618/640/480
f 614/675/461 615/645/475 625/644/482
f 621/651/481 624/650/484 627/662/405
f 620/649/478 631/670/483 624/650/484
f 614/675/461 625/644/482 634/676/494
f 623/657/477 616/616/469 629/656/485
f 624/2418/484 630/659/486 626/2419/487
f 625/644/482 618/640/480 551/664/489
f 619/655/474 614/675/461 628/677/495
f 625/644/482 551/664/489 633/679/497
f 625/644/482 633/679/497 634/676/494
f 619/655/474 628/677/495 645/692/508
f 629/656/485 619/655/474 645/692/508
f 524/674/493 626/666/487 632/685/492
f 633/679/497 551/664/489 644/688/504
f 551/664/489 550/2396/1725 552/690/506
f 523/686/502 632/685/492 640/697/505
f 644/688/504 552/690/506 646/695/511
f 638/681/499 637/680/498 647/691/507
f 645/692/508 628/677/495 648/704/519
f 628/677/495 641/682/500 648/704/519
f 638/681/499 647/691/507 641/682/500
f 647/691/507 644/688/504 649/696/512
f 642/669/490 629/656/485 670/699/514
f 646/695/511 552/690/506 554/548/421
f 636/684/496 643/683/501 654/702/517
f 635/671/491 639/687/503 651/708/522
f 648/704/519 641/682/500 653/700/515
f 640/707/505 635/671/491 651/708/522
f 646/695/511 554/548/421 652/701/516
f 650/2420/510 636/684/496 654/702/517
f 647/691/507 661/703/518 653/700/515
f 653/700/515 661/703/518 657/713/527
f 649/696/512 652/701/516 661/703/518
f 648/704/519 653/700/515 655/706/521
f 522/698/513 640/697/505 659/716/523
f 660/718/531 652/701/516 554/548/421
f 654/702/517 642/669/490 658/710/524
f 652/701/516 660/718/531 666/720/533
f 645/692/508 656/705/520 669/693/509
f 642/669/490 670/699/514 658/710/524
f 650/2420/510 654/702/517 662/711/525
f 651/708/522 639/687/503 650/694/510
f 652/701/516 666/720/533 665/712/526
f 652/701/516 665/712/526 661/703/518
f 655/706/521 667/721/534 656/705/520
f 653/700/515 671/714/528 655/706/521
f 656/705/520 667/721/534 669/693/509
f 663/727/540 659/709/523 651/708/522
f 665/712/526 668/724/537 664/715/529
f 664/715/529 668/724/537 672/725/538
f 521/717/530 659/716/523 663/2421/540
f 658/710/524 685/723/536 662/711/525
f 556/719/532 557/2422/1727 668/724/537
f 670/699/514 669/693/509 691/728/541
f 672/725/538 668/724/537 676/729/542
f 557/2422/1727 674/2423/1728 668/724/537
f 671/714/528 681/731/544 667/721/534
f 668/724/537 674/2423/1728 676/729/542
f 667/721/534 677/741/552 673/722/535
f 557/2422/1727 679/2424/1729 674/2423/1728
f 671/714/528 676/729/542 681/731/544
f 667/721/534 681/731/544 677/741/552
f 676/729/542 674/2423/1728 682/733/546
f 663/2421/540 520/752/563 521/717/530
f 676/729/542 682/733/546 683/735/548
f 673/722/535 677/741/552 691/728/541
f 675/2425/539 678/753/550 663/2421/540
f 663/2421/540 678/753/550 520/752/563
f 676/729/542 683/735/548 680/730/543
f 674/2423/1728 679/2424/1729 682/733/546
f 670/699/514 691/728/541 685/723/536
f 683/735/548 684/750/561 680/730/543
f 680/730/543 684/750/561 688/740/551
f 683/735/548 689/734/547 684/750/561
f 679/2424/1729 558/743/554 694/746/557
f 679/2424/1729 694/746/557 682/733/546
f 681/731/544 688/740/551 677/741/552
f 682/733/546 694/746/557 689/734/547
f 677/741/552 688/740/551 690/742/553
f 691/728/541 690/742/553 698/751/562
f 685/723/536 695/767/576 686/732/545
f 692/747/558 560/745/556 561/2426/1730
f 684/750/561 700/765/575 688/740/551
f 695/767/576 693/2427/559 686/732/545
f 519/754/564 678/753/550 696/771/572
f 694/746/557 692/747/558 697/756/566
f 694/746/557 697/756/566 699/749/560
f 516/803/596 517/2428/582 708/2429/579 711/782/584
f 692/747/558 561/2426/1730 703/763/573
f 692/747/558 703/763/573 697/756/566
f 684/750/561 699/749/560 700/765/575
f 695/767/576 706/766/570 693/2427/559
f 696/771/572 518/773/580 519/754/564
f 688/740/551 700/765/575 709/759/569
f 685/723/536 707/758/568 695/767/576
f 702/761/571 708/775/579 696/762/572
f 698/751/562 714/774/581 707/758/568
f 701/755/565 709/759/569 710/2430/592
f 701/755/565 710/2430/592 714/774/581
f 702/783/571 711/782/584 708/2431/579
f 705/795/567 704/2432/574 713/804/585
f 705/795/567 717/794/589 700/778/575
f 700/778/575 724/811/600 715/779/583
f 709/780/569 723/796/590 710/798/592
f 705/795/567 713/804/585 722/793/588
f 700/778/575 717/794/589 724/811/600
f 714/806/581 710/798/592 725/805/597
f 707/787/568 714/806/581 726/799/593
f 709/780/569 715/779/583 716/812/601
f 707/787/568 727/800/594 728/820/577
f 716/812/601 723/796/590 709/780/569
f 728/2433/577 718/790/586 706/760/570
f 732/797/591 733/813/602 710/798/592
f 719/2434/587 721/2435/595 516/2378/596
f 720/808/599 578/2436/608 727/809/594
f 728/820/577 730/819/605 718/2437/586
f 712/551/424 565/2438/426 566/822/606
f 712/551/424 566/822/606 722/793/588
f 722/793/588 569/556/429 717/794/589
f 726/799/593 734/807/598 576/817/604
f 718/2437/586 730/819/605 731/2439/436
f 724/811/600 571/559/432 716/812/601
f 716/812/601 573/561/434 723/796/590
f 725/805/597 733/813/602 734/807/598
f 717/794/589 570/557/430 724/811/600
f 716/812/601 571/559/432 573/561/434
f 732/797/591 573/561/434 733/813/602
f 733/813/602 574/560/433 734/807/598
f 727/800/594 580/828/609 730/819/605
f 731/2440/436 583/2380/435 729/2379/603
f 733/813/602 573/561/434 574/560/433
f 734/807/598 575/830/611 576/817/604
f 580/828/609 581/2400/1726 730/819/605
f 730/819/605 582/2401/437 731/2439/436
f 1457/2464/1077 1453/2465/1756 1210/2466/1317 1209/2467/1075
f 1198/2468/1145 1199/2469/1757 1197/2470/1146
f 1198/2471/1145 1200/2472/1160 1199/2473/1757
f 1207/2474/1758 1443/2475/1295 1208/2476/1076
f 1236/2477/1090 1301/2478/1153 1239/2479/1759 1238/2480/1760
f 1216/1596/1308 1217/1595/1318 1215/1599/1319
f 1221/2481/1761 1220/2482/1313 1222/2483/1298
f 1224/1539/1281 1223/2484/1297 1438/2485/1299
f 1226/2486/1762 1224/2487/1281 1225/1530/1082
f 1231/2488/1219 1229/2489/1084 1230/2490/1086
f 1232/2491/1763 1231/2492/1219 1349/2493/1200
f 1232/2491/1763 1349/2493/1200 1337/2494/1199
f 1337/2495/1199 1234/2496/1087 1233/2497/1089
f 1235/1299/1088 1234/2498/1087 1236/1297/1090
f 1238/2499/1760 1237/2500/1091 1236/2501/1090
f 1270/2502/1117 1271/2503/1121 1265/1319/1108 1257/1324/1113
f 1240/1300/1092 1239/2504/1759 1301/2505/1153
f 1240/1300/1092 1301/2505/1153 1241/1301/1093
f 1245/2506/1764 1243/2507/1095 1244/1308/1096
f 1253/1315/1104 1254/2508/1765 1251/1313/1102
f 1253/2509/1104 1255/2510/1106 1254/2511/1765
f 1258/1323/1112 1264/2512/1116 1257/1324/1113
f 1259/1318/1107 1258/1323/1112 1265/1319/1108
f 1248/1310/1099 1247/2513/1098 1262/2514/1124
f 1248/1310/1099 1262/2514/1124 1249/1311/1100
f 1256/2515/1105 1263/1337/1111 1264/1334/1116
f 1249/1328/1100 1262/1345/1124 1267/1347/1126
f 1249/1328/1100 1267/1347/1126 1268/1329/1114
f 1252/1330/1103 1268/1329/1114 1269/1331/1115
f 1253/1332/1104 1269/1331/1115 1272/1336/1118
f 1263/1337/1111 1276/1360/1133 1264/1334/1116
f 1386/2516/1239 1384/1281/1074 1371/1485/1233 1369/2517/1218
f 1265/1343/1108 1277/1342/1122 1266/2518/1109
f 1263/1337/1111 1272/1336/1118 1273/1361/1134
f 1273/1361/1134 1276/1360/1133 1263/1337/1111
f 1276/1360/1133 1270/1335/1117 1264/1334/1116
f 1267/1347/1126 1274/1346/1125 1268/1329/1114
f 1268/1329/1114 1274/1346/1125 1275/1340/1120
f 1262/1345/1124 1244/1308/1096 1274/1346/1125
f 1277/2519/1122 1283/1370/1135 1266/2520/1109
f 1266/2520/1109 1283/1370/1135 1278/1372/1119
f 1274/1346/1125 1288/1355/1129 1275/1340/1120
f 1272/1336/1118 1281/1351/1127 1273/1361/1134
f 1271/1341/1121 1279/2521/1130 1277/1342/1122
f 1270/1335/1117 1276/1360/1133 1279/1356/1130
f 1273/1361/1134 1281/1351/1127 1282/1359/1132
f 1274/1346/1125 1284/1358/1131 1288/1355/1129
f 1299/1364/1136 1285/2522/1137 1280/1352/1123
f 1281/1351/1127 1288/1355/1129 1289/2523/1149
f 1281/1351/1127 1289/2523/1149 1286/1369/1138
f 1279/1356/1130 1282/1359/1132 1287/1375/1140
f 1279/1356/1130 1287/1375/1140 1292/1376/1141
f 1288/1355/1129 1290/1374/1139 1291/2524/1144
f 1288/1355/1129 1291/2524/1144 1289/2523/1149
f 1293/1377/1142 1196/2525/1766 1285/1378/1137
f 1284/2526/1131 1241/2527/1093 1290/1381/1139
f 1196/2528/1766 1293/1382/1142 1197/2529/1146
f 1290/1381/1139 1241/2527/1093 1294/1395/1154
f 1287/1389/1140 1286/2530/1138 1298/1388/1150
f 1294/1395/1154 1295/1385/1147 1290/1381/1139
f 1289/1387/1149 1291/1380/1144 1297/1386/1148
f 1286/2530/1138 1289/1387/1149 1298/1388/1150
f 1304/1405/1159 1296/1379/1143 1295/1385/1147
f 1293/1382/1142 1306/1398/1156 1198/1383/1145
f 1295/1385/1147 1301/1394/1153 1303/1408/1162
f 1299/1397/1136 1314/1404/1158 1306/1398/1156
f 1295/1385/1147 1303/1408/1162 1304/1405/1159
f 1302/1402/1157 1298/1388/1150 1297/1386/1148
f 1304/1405/1159 1309/1410/1164 1302/1402/1157
f 1300/1390/1151 1321/1415/1168 1305/1392/1152
f 1304/1405/1159 1308/1407/1161 1309/1410/1164
f 1301/1394/1153 1315/1421/1173 1303/1408/1162
f 1305/1392/1152 1321/1415/1168 1311/1411/1165
f 1310/1409/1163 1312/1419/1172 1307/1396/1155
f 1300/1390/1151 1307/1396/1155 1321/1415/1168
f 1315/1421/1173 1316/1413/1166 1303/1408/1162
f 1317/1428/1180 1318/1417/1170 1308/1407/1161
f 1309/1410/1164 1319/1422/1174 1310/1409/1163
f 1313/1424/1176 1322/1414/1167 1307/1396/1155
f 1236/1420/1090 1324/1423/1175 1315/1421/1173
f 1308/1407/1161 1316/1413/1166 1317/1428/1180
f 1318/1417/1170 1319/1422/1174 1309/1410/1164
f 1321/1415/1168 1323/1434/1186 1311/1411/1165
f 1313/1424/1176 1307/1396/1155 1312/1419/1172
f 1321/1415/1168 1331/1432/1184 1323/1434/1186
f 1321/1415/1168 1322/1414/1167 1331/1432/1184
f 1311/1411/1165 1323/1434/1186 1335/1451/1203
f 1314/1412/1158 1311/1411/1165 1335/1451/1203
f 1236/1420/1090 1234/2498/1087 1324/1423/1175
f 1330/1430/1182 1327/1438/1190 1320/1418/1171
f 1327/1438/1190 1312/1419/1172 1320/1418/1171
f 1327/1438/1190 1313/1424/1176 1312/1419/1172
f 1328/2531/1178 1314/1412/1158 1335/1451/1203
f 1327/1438/1190 1329/1425/1177 1313/1424/1176
f 1234/2498/1087 1332/1443/1195 1324/1423/1175
f 1333/1437/1189 1334/1431/1183 1329/1425/1177
f 1306/1398/1156 1328/1426/1178 1345/1439/1191
f 1324/1423/1175 1332/1443/1195 1338/1433/1185
f 1343/1436/1188 1330/1430/1182 1326/1429/1181
f 1330/1430/1182 1336/1446/1198 1327/1438/1190
f 1335/1451/1203 1323/1434/1186 1339/1435/1187
f 1332/1443/1195 1234/2498/1087 1337/1447/1199
f 1325/1427/1179 1338/1433/1185 1343/1436/1188
f 1336/1446/1198 1333/1437/1189 1327/1438/1190
f 1333/1437/1189 1344/1455/1207 1334/1431/1183
f 1343/1436/1188 1340/1450/1202 1330/1430/1182
f 1340/1450/1202 1336/1446/1198 1330/1430/1182
f 1334/1431/1183 1344/1455/1207 1331/1432/1184
f 1339/1435/1187 1331/1432/1184 1341/1465/1215
f 1328/2531/1178 1335/1451/1203 1345/1456/1191
f 1344/1455/1207 1341/1465/1215 1331/1432/1184
f 1353/1453/1205 1340/1450/1202 1343/1436/1188
f 1347/1445/1197 1351/1454/1206 1333/1437/1189
f 1332/1443/1195 1349/1448/1200 1350/1444/1196
f 1342/1441/1193 1350/1444/1196 1353/1453/1205
f 1339/1435/1187 1341/1465/1215 1357/1461/1212
f 1351/1454/1206 1362/1475/1224 1344/1455/1207
f 1354/1466/1216 1341/1465/1215 1344/1455/1207
f 1362/1475/1224 1354/1466/1216 1344/1455/1207
f 1359/1458/1209 1352/1460/1211 1340/1450/1202
f 1352/1460/1211 1361/1474/1223 1346/1449/1201
f 1361/1474/1223 1347/1445/1197 1346/1449/1201
f 1347/1445/1197 1362/1475/1224 1351/1454/1206
f 1349/2532/1200 1231/2488/1219 1363/1463/1213
f 1362/1475/1224 1364/1479/1228 1354/1466/1216
f 1363/1463/1213 1360/1464/1214 1353/1453/1205
f 1348/1442/1194 1356/1440/1192 1371/1485/1233
f 1359/1458/1209 1365/1473/1222 1352/1460/1211
f 1366/1478/1227 1364/1479/1228 1362/1475/1224
f 1356/1440/1192 1345/1439/1191 1369/2517/1218
f 1371/1485/1233 1356/1440/1192 1369/2517/1218
f 1368/1457/1208 1372/1476/1225 1355/1459/1210
f 1359/1458/1209 1360/1464/1214 1365/1473/1222
f 1357/1461/1212 1354/1466/1216 1377/1480/1229
f 1373/1467/1217 1357/1461/1212 1377/1480/1229
f 1231/2533/1219 1230/2534/1086 1374/2535/1767
f 1231/2536/1219 1374/2537/1767 1367/2538/1220
f 1370/1472/1221 1366/1478/1227 1361/1474/1223
f 1366/1478/1227 1379/1483/1231 1364/1479/1228
f 1367/1481/1220 1374/2539/1767 1378/1477/1226
f 1360/1464/1214 1378/1477/1226 1365/1473/1222
f 1374/2539/1767 1230/2540/1086 1378/1477/1226
f 1365/1473/1222 1376/1493/1241 1370/1472/1221
f 1377/1480/1229 1364/1479/1228 1380/1484/1232
f 1379/1483/1231 1366/1478/1227 1375/1482/1230
f 1230/2540/1086 1381/1486/1234 1378/1477/1226
f 1376/1493/1241 1375/1482/1230 1370/1472/1221
f 1373/1467/1217 1377/1480/1229 1383/1489/1237
f 1466/2034/1617 1467/1606/1326 1468/1605/1325 1541/2541/1384
f 1387/1490/1238 1375/1482/1230 1376/1493/1241
f 1380/1484/1232 1379/1483/1231 1385/1487/1235
f 1369/1468/1218 1355/1459/1210 1386/1491/1239
f 1381/1486/1234 1376/1493/1241 1365/1473/1222
f 1380/1484/1232 1385/1487/1235 1397/1504/1252
f 1383/1489/1237 1377/1480/1229 1382/1488/1236
f 1393/1501/1249 1388/1492/1240 1376/1493/1241
f 1383/1489/1237 1396/1496/1244 1372/1476/1225
f 1400/2542/1085 1381/1486/1234 1230/2540/1086
f 1391/1495/1243 1393/1501/1249 1376/1493/1241
f 1390/1506/1254 1391/1495/1243 1381/1486/1234
f 1389/1494/1242 1387/1490/1238 1395/1498/1246
f 1393/1501/1249 1394/1503/1251 1388/1492/1240
f 1392/1497/1245 1386/1491/1239 1372/1476/1225
f 1398/1499/1247 1396/1496/1244 1383/1489/1237
f 1400/2542/1085 1390/1506/1254 1381/1486/1234
f 1399/2543/1768 1395/1498/1246 1388/1492/1240
f 1397/1504/1252 1385/1487/1235 1404/1500/1248
f 1382/1488/1236 1380/1484/1232 1397/1504/1252
f 1384/1281/1074 1386/2516/1239 1392/1508/1245
f 1401/1502/1250 1402/1518/1264 1394/1503/1251
f 1402/1518/1264 1403/2544/1769 1394/1503/1251
f 1388/1492/1240 1394/1503/1251 1403/2544/1769
f 1403/2544/1769 1399/2543/1768 1388/1492/1240
f 1389/1494/1242 1395/1498/1246 1406/1525/1271
f 1390/1506/1254 1400/2542/1085 1405/1505/1253
f 1405/1505/1253 1401/1502/1250 1391/1495/1243
f 1404/1500/1248 1389/1494/1242 1406/1525/1271
f 1400/2542/1085 1228/1290/1083 1405/1505/1253
f 1406/1525/1271 1395/1498/1246 1410/1523/1269
f 1398/1499/1247 1397/1504/1252 1413/1507/1255
f 1407/1510/1257 1402/1518/1264 1401/1502/1250
f 1399/2543/1768 1403/2544/1769 1409/1511/1258
f 1392/1497/1245 1396/1496/1244 1398/1499/1247
f 1402/1518/1264 1408/1512/1259 1403/2544/1769
f 1409/1511/1258 1403/2544/1769 1408/1512/1259
f 1395/1498/1246 1399/2543/1768 1409/1511/1258
f 1392/1497/1245 1398/1499/1247 1411/1528/1274
f 1405/1505/1253 1228/1290/1083 1407/1510/1257
f 1410/1523/1269 1395/1498/1246 1409/1511/1258
f 1412/1521/1267 1398/1499/1247 1413/1507/1255
f 1404/1500/1248 1419/1524/1270 1413/1507/1255
f 1421/1535/1277 1408/1512/1259 1402/1518/1264
f 1406/1525/1271 1419/1524/1270 1404/1500/1248
f 1392/1497/1245 1411/1528/1274 1420/1529/1262
f 1228/2545/1083 1225/1530/1082 1417/1532/1261
f 1422/1517/1263 1421/1535/1277 1402/1518/1264
f 1410/1523/1269 1409/1511/1258 1423/1522/1268
f 1411/1528/1274 1398/1499/1247 1412/1521/1267
f 1203/2546/1770 1416/1279/1072 1424/1526/1272
f 1424/1526/1272 1204/2547/1278 1203/2546/1770
f 1425/1527/1273 1422/1517/1263 1407/1510/1257
f 1421/1535/1277 1423/1522/1268 1408/1512/1259
f 1418/1513/1260 1408/1512/1259 1423/1522/1268
f 1424/2548/1272 1420/2549/1262 1432/1537/1279
f 1432/2550/1279 1420/1515/1262 1430/2551/1284
f 1421/1535/1277 1428/2552/1288 1423/1522/1268
f 1423/1522/1268 1429/2553/1290 1419/1524/1270
f 1414/1520/1266 1431/1533/1275 1412/1521/1267
f 1420/1529/1262 1412/1521/1267 1435/2554/1283
f 1420/1529/1262 1435/2554/1283 1430/2555/1284
f 1204/1536/1278 1424/2548/1272 1432/1537/1279
f 1433/1534/1276 1427/2556/1286 1421/1535/1277
f 1427/2556/1286 1428/2552/1288 1421/1535/1277
f 1428/2552/1288 1429/2553/1290 1423/1522/1268
f 1419/1524/1270 1429/2553/1290 1431/1533/1275
f 1412/2557/1267 1431/1541/1275 1435/1543/1283
f 1422/1517/1263 1425/1527/1273 1433/1534/1276
f 1435/1543/1283 1437/1542/1282 1434/2558/1294
f 1431/1541/1275 1429/1550/1290 1437/1542/1282
f 1433/1534/1276 1224/1540/1281 1438/2559/1299
f 1432/1554/1279 1430/1544/1284 1439/1555/1291
f 1205/2560/1280 1432/1554/1279 1440/1556/1292
f 1441/1547/1287 1433/1557/1276 1438/1575/1299
f 1437/1542/1282 1450/1569/1301 1451/1585/1311
f 1434/2558/1294 1437/1542/1282 1446/2561/1771
f 1443/1572/1295 1206/2562/1296 1439/1553/1291
f 1441/1547/1287 1438/1575/1299 1445/1574/1304
f 1437/1542/1282 1451/1585/1311 1446/2561/1771
f 1443/2563/1295 1207/2564/1758 1206/2565/1296
f 1441/1547/1287 1449/1571/1303 1448/1568/1300
f 1442/1561/1293 1434/1560/1294 1452/2566/1316
f 1445/1574/1304 1222/1573/1298 1455/2567/1312
f 1452/2568/1316 1434/2558/1294 1446/2561/1771
f 1453/2569/1756 1442/1561/1293 1452/2566/1316
f 1454/1577/1306 1442/1558/1293 1453/2570/1756
f 1455/2571/1312 1222/2572/1298 1220/2573/1313
f 1449/1571/1303 1447/1570/1302 1458/1582/1309
f 1448/1568/1300 1458/1582/1309 1456/1576/1305
f 1451/2574/1311 1452/2568/1316 1446/2561/1771
f 1445/1574/1304 1455/2567/1312 1461/1583/1310
f 1456/1576/1305 1458/1582/1309 1459/1578/1307
f 1450/1569/1301 1459/1578/1307 1460/1584/1079
f 1452/1593/1316 1451/2575/1311 1460/1286/1079
f 1443/2576/1295 1457/2577/1077 1208/2578/1076
f 1457/2464/1077 1454/2579/1306 1453/2465/1756
f 1458/1582/1309 1216/1581/1308 1462/1590/1315
f 1220/2580/1313 1219/2581/1772 1461/1583/1310
f 1452/2582/1316 1210/2583/1317 1453/2569/1756
f 1218/2584/1773 1217/2585/1318 1219/2586/1772
f 1461/1583/1310 1219/2581/1772 1217/2587/1318
f 1462/1598/1315 1216/1596/1308 1215/1599/1319
f 1463/1592/1314 1462/1598/1315 1214/1600/1320
f 1460/1286/1079 1463/1592/1314 1212/1287/1080
f 1539/2588/1322 1465/2589/1774 1543/2590/1381
f 1466/2591/1617 1541/1674/1384 1543/2590/1381
f 1496/2592/1353 1494/2593/1476 1493/1629/1348 1495/2594/1775
f 1471/2595/1776 1472/2596/1777 1470/2597/1328
f 1633/1611/1778 1540/1610/1330 1472/2598/1777
f 1479/1617/1336 1480/1666/1339 1475/1613/1333
f 1481/2599/1337 1482/2600/1342 1547/2601/1338
f 1481/2602/1337 1483/1621/1340 1482/1623/1342
f 1586/2603/1422 1484/1622/1341 1485/1624/1343
f 1485/1624/1343 1486/1626/1345 1586/2603/1422
f 1487/1625/1344 1488/2604/1452 1486/1626/1345
f 1487/1625/1344 1489/1628/1347 1488/2604/1452
f 1490/1627/1346 1491/2605/1350 1489/1628/1347
f 1493/1629/1348 1494/2593/1476 1492/1630/1349
f 1500/1636/1355 1503/2606/1779 1504/2607/1780 1505/2608/1473
f 1499/1635/1354 1501/2609/1781 1500/1636/1355
f 1501/2609/1781 1502/2610/1782 1500/1636/1355
f 1500/2611/1355 1502/2612/1782 1503/2613/1779
f 1468/1605/1325 1470/2614/1328 1472/2598/1777 1540/2615/1330
f 1504/2607/1780 1506/2616/1783 1507/1639/1358
f 1506/2616/1783 1508/1637/1356 1507/1639/1358
f 1510/2617/1359 1511/2618/1362 1509/2619/1357
f 1515/2620/1784 1516/1811/1458 1514/1822/1465
f 1518/2621/1785 1519/2622/1453 1517/2623/1459
f 1521/2624/1366 1611/1807/1449 1520/2625/1454
f 1522/1647/1364 1523/2626/1444 1607/1648/1365
f 1523/2627/1444 1525/1652/1369 1524/2628/1434
f 1527/1650/1367 1528/2629/1371 1526/1651/1368
f 1535/2630/1377 1536/2631/1786 1550/2632/1378
f 1536/2633/1786 1537/2634/1787 1546/2635/1382
f 1537/2634/1787 1538/1663/1379 1539/1665/1322
f 1617/1810/1457 1517/1812/1459 1519/2636/1453 1611/2637/1449
f 1480/1666/1339 1547/1685/1338 1542/1667/1380
f 1539/1665/1322 1546/2635/1382 1537/2634/1787
f 1468/2638/1325 1540/1680/1330 1544/1682/1383
f 1546/2639/1382 1543/2640/1381 1536/2641/1786
f 1540/1680/1330 1553/1679/1386 1544/1682/1383
f 1545/2642/1385 1541/2643/1384 1548/2644/1387
f 1553/1679/1386 1549/1687/1389 1544/1682/1383
f 1543/1677/1381 1545/1676/1385 1536/2645/1786
f 1542/2646/1380 1551/1691/1388 1553/1679/1386
f 1553/1679/1386 1555/1692/1392 1549/1687/1389
f 1550/1695/1378 1536/2647/1786 1545/1693/1385
f 1547/1619/1338 1482/1702/1342 1551/1704/1388
f 1548/1690/1387 1552/1689/1391 1556/1705/1395
f 1556/1712/1395 1552/2648/1391 1559/1713/1394
f 1545/1693/1385 1548/1690/1387 1556/1705/1395
f 1550/2649/1378 1533/2650/1374 1534/2651/1376
f 1558/1710/1375 1556/1709/1395 1561/1720/1398
f 1557/1699/1393 1558/1710/1375 1533/2652/1374
f 1555/1692/1392 1560/2653/1397 1562/1706/1396
f 1559/1715/1394 1562/1718/1396 1564/1716/1399
f 1558/2654/1375 1561/2655/1398 1563/2656/1403
f 1559/1713/1394 1571/2657/1400 1561/1714/1398
f 1531/2658/1788 1558/2659/1375 1563/2660/1403
f 1562/1718/1396 1560/2661/1397 1566/1719/1401
f 1560/2661/1397 1565/1724/1405 1566/1719/1401
f 1563/2662/1403 1530/2663/1372 1531/2658/1788
f 1482/1623/1342 1484/1622/1341 1560/2664/1397
f 1568/1723/1404 1564/1716/1399 1566/1719/1401
f 1567/1739/1402 1561/1714/1398 1571/2657/1400
f 1563/2665/1403 1567/1727/1402 1530/1656/1372
f 1568/1723/1404 1566/1719/1401 1577/1726/1407
f 1567/1739/1402 1571/2657/1400 1569/2666/1412
f 1560/2661/1397 1570/2667/1408 1565/1724/1405
f 1571/1717/1400 1568/1723/1404 1574/1733/1411
f 1567/1721/1402 1526/1757/1368 1528/2668/1371
f 1569/1737/1412 1571/1717/1400 1574/1733/1411
f 1577/1726/1407 1573/1725/1406 1572/1731/1409
f 1572/1731/1409 1565/1724/1405 1570/2667/1408
f 1526/1757/1368 1567/1721/1402 1588/1758/1427
f 1567/1721/1402 1582/2669/1415 1588/1758/1427
f 1572/1731/1409 1570/2667/1408 1576/1744/1416
f 1577/1726/1407 1572/1731/1409 1578/1745/1417
f 1579/1732/1410 1578/1745/1417 1585/1748/1420
f 1581/1743/1413 1580/1738/1414 1584/1749/1421
f 1484/1728/1341 1586/1750/1422 1576/1742/1416
f 1582/1741/1415 1581/1740/1413 1593/1755/1426
f 1593/2670/1426 1581/1743/1413 1590/1753/1424
f 1526/2671/1368 1594/1766/1428 1525/1768/1369
f 1585/1748/1420 1587/1752/1423 1591/1761/1430
f 1591/1761/1430 1587/1752/1423 1592/1764/1429
f 1589/1754/1425 1583/1747/1419 1596/1763/1432
f 1590/1753/1424 1589/1754/1425 1595/1770/1436
f 1595/1770/1436 1589/1754/1425 1596/1763/1432
f 1598/1762/1431 1591/1761/1430 1597/1765/1433
f 1586/1750/1422 1486/2672/1345 1592/1760/1429
f 1596/1763/1432 1598/1762/1431 1599/1778/1439
f 1594/1772/1428 1588/1758/1427 1600/1771/1435
f 1593/2673/1426 1590/1753/1424 1600/1771/1435
f 1600/1771/1435 1595/1770/1436 1601/2674/1437
f 1599/1778/1439 1598/1762/1431 1602/1777/1438
f 1600/1771/1435 1601/2674/1437 1603/2675/1443
f 1597/1765/1433 1592/1764/1429 1486/1782/1345
f 1524/1773/1434 1600/1771/1435 1603/2676/1443
f 1605/1797/1450 1606/1781/1441 1486/1782/1345
f 1603/2677/1443 1607/1786/1365 1524/1785/1434
f 1604/1788/1442 1602/1777/1438 1608/1780/1440
f 1605/1799/1450 1486/2678/1345 1488/1800/1452
f 1603/1784/1443 1604/1783/1442 1607/1792/1365
f 1614/1790/1446 1608/1780/1440 1609/1789/1445
f 1604/1788/1442 1608/1780/1440 1610/1791/1447
f 1607/1648/1365 1611/2679/1449 1521/2680/1366
f 1609/1789/1445 1606/1781/1441 1612/1798/1451
f 1612/1798/1451 1605/1797/1450 1489/2681/1347
f 1614/1790/1446 1609/1789/1445 1612/1798/1451
f 1611/1796/1449 1613/1795/1448 1616/1815/1456
f 1513/1646/1363 1514/2682/1465 1620/2683/1464 1627/2684/1469
f 1614/1790/1446 1612/1798/1451 1619/1813/1460
f 1615/1805/1455 1614/1790/1446 1619/1813/1460
f 1621/1817/1463 1612/1798/1451 1489/2681/1347
f 1616/1815/1456 1618/1816/1462 1617/2685/1457
f 1615/1805/1455 1622/1814/1461 1618/1816/1462
f 1516/1811/1458 1617/2686/1457 1620/1821/1464
f 1621/1817/1463 1489/2681/1347 1492/1825/1349
f 1622/1814/1461 1621/1817/1463 1625/1823/1466
f 1625/1823/1466 1621/1817/1463 1624/1827/1467
f 1620/2687/1464 1618/2688/1462 1623/2689/1468
f 1618/1816/1462 1625/1823/1466 1623/1828/1468
f 1625/2690/1466 1626/2691/1471 1623/2692/1468
f 1662/1890/1513 1663/1889/1512 1661/1888/1511 1660/1887/1510
f 1624/1831/1467 1492/2693/1349 1628/1849/1477
f 1626/2691/1471 1625/1833/1466 1630/1839/1474
f 1513/2694/1363 1627/2695/1469 1511/2618/1362
f 1629/1832/1470 1624/1831/1467 1628/1849/1477
f 1625/1833/1466 1629/1832/1470 1630/1839/1474
f 1627/1836/1469 1632/1837/1472 1511/1842/1362
f 1628/1849/1477 1492/2693/1349 1631/2696/1475
f 1631/2696/1475 1492/2693/1349 1494/2697/1476
f 1630/1839/1474 1505/1838/1473 1507/2698/1358
f 1500/1843/1355 1629/1832/1470 1628/1849/1477
f 1505/2608/1473 1504/2607/1780 1507/1639/1358
f 1628/1849/1477 1631/2696/1475 1498/1850/1352
f 1632/1837/1472 1507/2699/1358 1509/1641/1357
f 1478/1616/1482 1476/1855/1481 1635/1856/1483
f 1637/2700/1487 1635/1859/1483 1638/2026/1599
f 1642/1864/1489 1640/2701/1789 1641/1979/1583
f 1645/2702/1790 1644/1866/1491 1646/1943/1552
f 1649/2703/1494 1696/2704/1493 1650/2705/1495
f 1649/2706/1494 1650/1870/1495 1495/1872/1497
f 1651/2707/1791 1497/1871/1496 1691/1873/1498
f 1498/2708/1792 1651/2707/1791 1691/1873/1498
f 1502/2709/1793 1499/1874/1499 1653/1876/1501
f 1654/2710/1794 1502/2709/1793 1653/1876/1501
f 1503/1877/1502 1654/2710/1794 1655/1878/1503
f 1504/2711/1795 1656/1879/1504 1655/1878/1503
f 1657/2712/1506 1504/2713/1795 1655/2714/1503
f 1709/2715/1796 1712/1946/1554 1702/1928/1539 1699/1918/1536
f 1665/2716/1516 1704/2717/1515 1666/1933/1544
f 1668/1935/1546 1667/2718/1797 1666/1933/1544
f 1672/1897/1520 1670/1895/1518 1671/1894/1517
f 1671/1894/1517 1674/2719/1798 1673/1898/1521
f 1685/2720/1799 1682/1900/1523 1684/1992/1593
f 1685/2720/1799 1684/1992/1593 1686/2721/1526
f 1771/2023/1614 1775/1906/1529 1689/1905/1528
f 1652/1875/1500 1498/2708/1792 1691/1873/1498
f 1658/1882/1507 1657/1881/1506 1655/1878/1503
f 1508/2722/1800 1658/1882/1507 1694/1909/1531
f 1248/1908/1509 1508/2722/1800 1694/1909/1531
f 1655/2723/1503 1654/2724/1794 1692/2725/1538
f 1658/1882/1507 1655/1878/1503 1694/1909/1531
f 1692/2726/1538 1654/2710/1794 1653/1876/1501
f 1694/1909/1531 1655/1878/1503 1693/1912/1533
f 1692/2726/1538 1653/1876/1501 1695/2727/1534
f 1693/1920/1533 1655/2723/1503 1692/2725/1538
f 1653/2728/1501 1691/2729/1498 1698/1917/1535
f 1695/1916/1534 1653/2728/1501 1698/1917/1535
f 1698/1923/1535 1691/1873/1498 1697/1911/1532
f 1697/2730/1532 1696/2731/1493 1703/1936/1492
f 1700/1930/1541 1697/2730/1532 1703/1936/1492
f 1698/1923/1535 1697/1911/1532 1700/2732/1541
f 1692/2726/1538 1695/2727/1534 1701/2733/1537
f 1662/1890/1513 1704/1892/1515 1664/1891/1514
f 1705/2734/1540 1698/2735/1535 1700/1930/1541
f 1701/2733/1537 1702/2736/1539 1692/2726/1538
f 1700/1930/1541 1703/1936/1492 1706/1931/1542
f 1705/2734/1540 1709/2715/1796 1699/1918/1536
f 1707/1939/1545 1704/1929/1515 1702/1928/1539
f 1666/1933/1544 1704/2717/1515 1707/1934/1545
f 1705/2734/1540 1700/1930/1541 1708/1932/1543
f 1702/1928/1539 1701/1919/1537 1699/1918/1536
f 1668/1935/1546 1707/1934/1545 1711/1941/1550
f 1715/1938/1548 1648/1937/1547 1647/1942/1551
f 1681/1899/1522 1680/2737/1801 1733/1972/1576 1746/1984/1586
f 1711/1941/1550 1707/1934/1545 1710/1944/1549
f 1716/1952/1560 1706/1931/1542 1715/1938/1548
f 1708/1932/1543 1706/1931/1542 1716/1952/1560
f 1709/2715/1796 1705/2734/1540 1708/1932/1543
f 1702/1928/1539 1712/1946/1554 1710/1940/1549
f 1669/1896/1519 1711/1941/1550 1671/1894/1517
f 1709/2715/1796 1708/1932/1543 1713/1947/1555
f 1712/1946/1554 1709/2715/1796 1713/1947/1555
f 1647/1942/1551 1645/2702/1790 1646/1943/1552
f 1713/1947/1555 1708/1932/1543 1716/1952/1560
f 1711/2738/1550 1714/2739/1553 1671/2740/1517
f 1715/1938/1548 1718/1950/1558 1716/1952/1560
f 1715/1938/1548 1646/1943/1552 1718/1950/1558
f 1712/1946/1554 1717/1948/1556 1719/1949/1557
f 1710/2741/1549 1719/1956/1557 1714/1958/1553
f 1713/1947/1555 1716/1952/1560 1720/1951/1559
f 1671/1894/1517 1714/1945/1553 1721/2742/1802
f 1674/2719/1798 1671/1894/1517 1721/2742/1802
f 1721/2742/1802 1714/1945/1553 1723/1967/1564
f 1717/1948/1556 1725/1953/1561 1727/1954/1562
f 1720/1951/1559 1718/1950/1558 1722/1955/1563
f 1725/1953/1561 1720/1951/1559 1724/1962/1567
f 1724/1962/1567 1720/1951/1559 1728/1959/1565
f 1674/2719/1798 1721/2742/1802 1675/2743/1803
f 1727/1954/1562 1725/1953/1561 1726/1968/1572
f 1722/1955/1563 1643/1865/1490 1728/1959/1565
f 1723/1967/1564 1732/1966/1571 1721/2742/1802
f 1732/1966/1571 1675/2743/1803 1721/2742/1802
f 1727/1960/1562 1730/2744/1570 1723/1957/1564
f 1732/1966/1571 1676/1971/1575 1675/2743/1803
f 1643/1865/1490 1735/1964/1569 1728/1959/1565
f 1730/2744/1570 1727/1960/1562 1731/2745/1573
f 1732/1966/1571 1678/2746/1804 1677/1970/1574
f 1726/1968/1572 1736/1988/1585 1731/1969/1573
f 1729/1963/1568 1738/1973/1577 1741/1975/1579
f 1735/1964/1569 1642/1864/1489 1737/1977/1581
f 1726/1968/1572 1739/1974/1578 1736/1988/1585
f 1732/1966/1571 1733/1972/1576 1678/2746/1804
f 1731/2745/1573 1740/1983/1587 1730/2744/1570
f 1731/1969/1573 1736/1988/1585 1740/2747/1587
f 1642/1864/1489 1641/1979/1583 1737/1977/1581
f 1730/1965/1570 1740/1985/1587 1733/1972/1576
f 1735/1964/1569 1743/1978/1582 1734/1961/1566
f 1729/1963/1568 1742/1976/1580 1739/1974/1578
f 1678/2746/1804 1733/1972/1576 1679/2748/1805
f 1734/1961/1566 1743/1978/1582 1738/1973/1577
f 1733/1972/1576 1680/2737/1801 1679/2748/1805
f 1738/1973/1577 1743/1978/1582 1741/1975/1579
f 1739/1974/1578 1745/1980/1584 1736/1988/1585
f 1741/1975/1579 1744/1989/1590 1742/1976/1580
f 1743/1978/1582 1751/2749/1806 1750/1986/1588
f 1641/1979/1583 1751/2749/1806 1743/1978/1582
f 1746/1982/1586 1736/1981/1585 1749/2750/1589
f 1742/1976/1580 1748/1990/1591 1745/1980/1584
f 1640/2701/1789 1639/1861/1486 1641/1979/1583
f 1748/1990/1591 1756/1995/1595 1745/1980/1584
f 1641/1979/1583 1639/1861/1486 1755/1863/1488
f 1641/1979/1583 1755/1863/1488 1751/2749/1806
f 1744/1989/1590 1754/1997/1597 1748/1990/1591
f 1749/1987/1589 1752/1998/1598 1746/2751/1586
f 1751/2749/1806 1755/1863/1488 1750/1986/1588
f 1745/1980/1584 1756/1995/1595 1762/1996/1596
f 1749/1987/1589 1762/1996/1596 1758/2752/1600
f 1752/2753/1598 1749/2750/1589 1753/2754/1602
f 1746/2751/1586 1752/1998/1598 1684/2000/1593
f 1755/1863/1488 1638/2001/1599 1750/1986/1588
f 1749/1987/1589 1758/2752/1600 1753/2755/1602
f 1754/1997/1597 1763/2005/1603 1757/1994/1594
f 1753/2756/1602 1760/2757/1601 1752/2758/1598
f 1686/2721/1526 1684/1992/1593 1759/2759/1527
f 1760/2757/1601 1759/2760/1527 1752/2758/1598
f 1750/2761/1588 1638/2026/1599 1754/2762/1597
f 1757/1994/1594 1761/2006/1604 1756/1995/1595
f 1762/1996/1596 1765/2763/1612 1758/2752/1600
f 1756/2764/1595 1761/2019/1604 1762/2010/1596
f 1758/2002/1600 1765/2021/1612 1769/2007/1605
f 1638/2026/1599 1768/2025/1615 1754/2762/1597
f 1761/2019/1604 1764/2008/1606 1762/2010/1596
f 1769/2007/1605 1766/2765/1608 1760/2003/1601
f 1759/2766/1527 1760/2767/1601 1767/2768/1611
f 1687/2769/1525 1759/2770/1527 1688/2771/1610
f 1754/1997/1597 1768/2772/1615 1763/2005/1603
f 1762/2773/1596 1770/2774/1607 1765/2775/1612
f 1760/2776/1601 1774/2777/1609 1767/2778/1611
f 1688/2771/1610 1759/2770/1527 1767/2779/1611
f 1763/2017/1603 1768/2025/1615 1772/2018/1479
f 1774/2035/1609 1771/2780/1614 1767/2781/1611
f 1769/2007/1605 1773/2022/1613 1766/2765/1608
f 1766/2782/1608 1773/2027/1613 1774/2029/1609
f 1772/2018/1479 1633/1611/1331 1764/2008/1606
f 1774/2035/1609 1466/2034/1617 1771/2783/1614
f 1768/2025/1615 1635/1859/1483 1772/2018/1479
f 1770/2009/1607 1633/1611/1331 1470/2033/1616
f 1771/2783/1614 1466/2034/1617 1465/2784/1774
f 1771/2785/1614 1465/2786/1774 1539/2787/1322
f 1772/1853/1479 1634/1852/1478 1473/2038/1329
f 1773/2788/1613 1470/2789/1616 1467/2790/1326
usemtl wire_134006006
f 740/831/612 773/832/613 1186/833/614
f 744/834/615 745/835/616 832/836/617
f 748/837/618 749/838/619 746/839/620
f 746/839/620 749/838/619 747/840/621
f 751/841/622 896/842/623 739/843/624
f 798/844/625 754/845/626 753/846/627
f 738/847/628 751/841/622 1188/848/629
f 836/849/630 761/850/631 758/851/632
f 761/850/631 759/852/633 758/851/632
f 1182/853/634 761/850/631 1181/854/635
f 735/855/636 736/856/637 1179/857/638
f 1137/858/639 1140/859/640 770/860/641
f 771/861/642 770/860/641 1140/859/640
f 790/862/643 792/863/644 791/864/645
f 933/865/646 977/866/647 797/867/648
f 774/868/649 798/844/625 753/846/627
f 738/847/628 779/869/650 751/841/622
f 805/870/651 807/871/652 1089/872/653
f 808/873/654 809/874/655 1179/857/638
f 809/874/655 810/875/656 1177/876/657
f 812/877/658 1178/878/659 811/879/660
f 813/880/661 776/881/662 812/877/658
f 816/882/663 922/883/664 797/867/648
f 1167/884/665 743/885/666 818/886/667
f 948/887/668 823/888/669 970/889/670
f 947/890/671 750/891/672 825/892/673
f 750/891/672 747/840/621 825/892/673
f 1140/859/640 766/893/674 830/894/675
f 831/895/676 1132/896/677 851/897/678
f 756/898/679 1132/896/677 831/895/676
f 935/899/680 937/900/681 838/901/682
f 764/902/683 899/903/684 840/904/685
f 907/905/686 841/906/687 942/907/688
f 1172/908/689 821/909/690 1168/910/691
f 830/894/675 766/893/674 851/911/692
f 855/912/693 856/913/694 1170/914/695
f 852/915/696 1139/916/697 859/917/698
f 838/901/699 910/918/700 862/919/701
f 914/920/702 827/921/703 862/919/701
f 909/922/704 917/923/705 864/924/706
f 865/925/707 864/924/706 917/923/705
f 1181/854/635 866/926/708 864/924/706
f 1181/854/635 779/869/650 866/926/708
f 762/927/709 785/928/710 747/840/621
f 800/929/711 925/930/712 755/931/713
f 870/932/714 869/933/715 868/934/716
f 869/933/715 780/935/717 741/936/718
f 1000/937/719 847/938/720 947/890/721
f 870/932/714 1107/939/722 1050/940/723
f 796/941/724 999/942/725 873/943/726
f 999/942/725 815/944/727 873/943/726
f 924/945/728 875/946/729 797/867/648
f 739/843/624 876/947/730 793/948/731
f 793/948/731 792/863/644 790/862/643
f 1138/949/732 832/836/617 756/898/733
f 737/950/734 877/951/735 878/952/736
f 806/953/737 878/952/736 786/954/738
f 806/953/737 880/955/739 878/952/736
f 806/953/737 1105/956/740 880/955/739
f 1066/957/741 1105/956/740 806/953/737
f 804/958/742 882/959/743 881/960/744
f 765/961/745 883/962/746 764/902/683
f 884/963/747 759/852/633 886/964/748
f 883/962/746 884/963/747 898/965/749
f 898/965/749 764/902/683 883/962/746
f 898/965/749 899/903/684 764/902/683
f 887/966/750 840/904/685 899/903/684
f 888/967/751 1191/968/752 887/966/750
f 889/969/753 900/970/754 931/971/755
f 901/972/756 882/959/743 792/863/644
f 894/973/757 881/960/744 893/974/758
f 790/862/643 895/975/759 738/847/628
f 738/847/628 739/843/624 790/862/643
f 861/976/760 761/850/631 897/977/761
f 835/978/762 897/977/761 761/850/631
f 836/849/630 835/978/762 761/850/631
f 1183/979/763 759/852/633 761/850/631
f 900/970/754 889/969/753 888/967/751
f 765/961/745 890/980/764 907/905/686
f 901/972/756 891/981/765 881/960/744
f 802/982/766 803/983/767 895/975/759
f 902/984/768 1180/985/769 910/918/700
f 1183/979/763 902/984/768 903/986/770
f 1183/979/763 903/986/770 928/987/771
f 884/963/747 886/964/748 953/988/772
f 887/966/750 905/989/773 929/990/774
f 930/991/775 900/970/754 888/967/751
f 900/970/754 930/991/775 931/971/755
f 932/992/776 788/993/777 787/994/778
f 957/995/779 893/974/758 892/996/780
f 895/975/759 920/997/781 802/982/766
f 1180/985/769 917/923/705 915/998/782
f 915/998/782 910/918/700 1180/985/769
f 914/920/702 860/999/783 827/921/703
f 912/1000/784 863/1001/785 860/999/783
f 912/1000/784 911/1002/786 863/1001/785
f 910/918/700 915/998/782 914/920/702
f 916/1003/787 912/1000/784 913/1004/788
f 913/1004/788 917/923/705 916/1003/787
f 919/1005/789 917/923/705 909/922/704
f 919/1005/789 916/1003/787 917/923/705
f 754/845/626 755/931/713 753/846/627
f 800/929/711 921/1006/790 922/883/664
f 922/883/664 921/1006/790 797/867/648
f 923/1007/791 797/867/648 977/866/647
f 785/928/710 801/1008/792 925/930/712
f 951/1009/793 750/891/672 947/890/671
f 746/839/620 750/891/672 952/1010/794
f 938/1011/795 928/987/771 903/986/770
f 942/907/688 955/1012/796 907/905/686
f 790/862/643 894/973/757 908/1013/797
f 895/975/759 790/862/643 920/997/781
f 754/845/626 921/1006/790 800/929/711
f 968/1014/798 958/1015/799 933/865/646
f 958/1015/799 996/1016/800 933/865/646
f 996/1016/800 969/1017/801 933/865/646
f 989/1018/802 944/1019/803 923/1007/791
f 923/1007/791 944/1019/803 924/945/728
f 935/899/680 934/1020/804 936/1021/805
f 746/839/620 952/1010/794 936/1021/805
f 926/1022/806 839/1023/807 838/901/682
f 926/1022/806 927/1024/808 839/1023/807
f 940/1025/809 905/989/773 939/1026/810
f 929/990/774 905/989/773 940/1025/809
f 930/991/775 967/1027/811 941/1028/812
f 942/907/688 931/971/755 994/1029/813
f 956/1030/814 892/996/780 788/993/777
f 908/1013/797 920/997/781 790/862/643
f 946/1031/815 1000/937/719 947/890/721
f 936/1021/805 980/1032/816 768/1033/817
f 768/1033/817 980/1032/816 1004/1034/818
f 937/900/681 961/1035/819 926/1022/806
f 932/992/776 891/981/765 955/1012/796
f 968/1014/798 933/865/646 921/1006/790
f 989/1018/802 1000/937/719 944/1019/803
f 959/1036/820 948/887/668 970/889/670
f 960/1037/821 949/1038/822 948/887/668
f 961/1035/819 927/1024/808 926/1022/806
f 767/1039/823 938/1011/795 927/1024/808
f 767/1039/823 904/1040/824 928/987/771
f 1004/1034/818 974/1041/825 961/1035/819
f 975/1042/826 885/1043/827 767/1039/823
f 964/1044/828 929/990/774 963/1045/829
f 965/1046/830 906/1047/831 954/1048/832
f 966/1049/833 906/1047/831 965/1046/830
f 966/1049/833 983/1050/834 967/1027/811
f 941/1028/812 967/1027/811 985/1051/835
f 971/1052/836 1003/1053/837 950/1054/838
f 972/1055/839 951/1009/793 950/1054/838
f 973/1056/840 991/1057/841 936/1021/805
f 991/1057/841 980/1032/816 936/1021/805
f 963/1045/829 940/1025/809 962/1058/842
f 963/1045/829 993/1059/843 964/1044/828
f 965/1046/830 954/1048/832 964/1044/828
f 986/1060/844 994/1029/813 941/1028/812
f 921/1006/790 754/845/626 1069/1061/845
f 969/1017/801 996/1016/800 976/1062/846
f 978/1063/847 970/889/670 1000/937/719
f 959/1036/820 979/1064/848 948/887/668
f 973/1056/840 952/1010/794 972/1055/839
f 975/1042/826 981/1065/849 885/1043/827
f 982/1066/850 963/1045/829 1005/1067/851
f 993/1059/843 963/1045/829 982/1066/850
f 1019/1068/852 1032/1069/853 932/992/776
f 988/1070/854 1041/1071/855 958/1015/799
f 996/1016/800 1021/1072/856 976/1062/846
f 874/1073/857 977/866/647 969/1017/801
f 989/1018/802 977/866/647 874/1073/857
f 1013/1074/858 971/1052/836 960/1037/821
f 972/1055/839 1014/1075/859 973/1056/840
f 991/1057/841 973/1056/840 1014/1075/859
f 1005/1067/851 981/1065/849 1028/1076/860
f 964/1044/828 1006/1077/861 965/1046/830
f 965/1046/830 1006/1077/861 983/1050/834
f 995/1078/862 1033/1079/863 943/1080/864
f 958/1015/799 1081/1081/865 996/1016/800
f 997/1082/866 815/944/727 969/1017/801
f 998/1083/867 814/1084/868 997/1082/866
f 998/1083/867 796/941/724 814/1084/868
f 1000/937/719 845/1085/869 978/1063/847
f 1001/1086/870 959/1036/820 978/1063/847
f 1042/1087/871 1013/1074/858 1002/1088/872
f 1006/1077/861 964/1044/828 993/1059/843
f 1088/1089/873 955/1012/796 942/907/688
f 1039/1090/874 995/1078/862 987/1091/875
f 997/1082/866 976/1062/846 956/1030/814
f 997/1082/866 1011/1092/876 1012/1093/877
f 1056/1094/878 1013/1074/858 1042/1087/871
f 1014/1075/859 1003/1053/837 990/1095/879
f 1015/1096/880 992/1097/881 974/1041/825
f 1045/1098/882 975/1042/826 992/1097/881
f 1029/1099/883 982/1066/850 1005/1067/851
f 1030/1100/884 993/1059/843 982/1066/850
f 1007/1101/885 1018/1102/886 984/1103/887
f 984/1103/887 983/1050/834 1007/1101/885
f 833/1104/888 1088/1089/873 942/907/688
f 1020/1105/889 995/1078/862 1039/1090/874
f 1069/1061/845 968/1014/798 921/1006/790
f 1061/1106/890 988/1070/854 968/1014/798
f 1034/1107/891 989/1018/802 999/942/725
f 1034/1107/891 822/1108/892 845/1085/869
f 1023/1109/893 1001/1086/870 845/1085/869
f 1025/1110/894 990/1095/879 1013/1074/858
f 991/1057/841 1026/1111/895 980/1032/816
f 1026/1111/895 1027/1112/896 980/1032/816
f 1005/1067/851 1046/1113/897 1029/1099/883
f 1038/1114/898 1006/1077/861 1030/1100/884
f 1016/1115/899 1047/1116/900 1017/1117/901
f 1018/1102/886 1007/1101/885 1031/1118/902
f 997/1082/866 956/1030/814 1082/1119/903
f 1178/878/659 1174/1120/904 1012/1093/877
f 1001/1086/870 1023/1109/893 1036/1121/905
f 1037/1122/906 1002/1088/872 979/1064/848
f 1044/1123/907 1014/1075/859 1025/1110/894
f 1018/1102/886 1087/1124/908 1008/1125/909
f 1048/1126/910 833/1104/888 994/1029/813
f 1081/1081/865 1010/1127/911 956/1030/814
f 1174/1120/904 1050/940/723 796/941/724
f 796/941/724 998/1083/867 1174/1120/904
f 1054/1128/912 1036/1121/905 1022/1129/913
f 1043/1130/914 1025/1110/894 1056/1094/878
f 1044/1123/907 1025/1110/894 1043/1130/914
f 1027/1112/896 1045/1098/882 1015/1096/880
f 1030/1100/884 1029/1099/883 1065/1131/915
f 1067/1132/916 1068/1133/917 1010/1127/911
f 1069/1061/845 908/1013/797 1068/1133/917
f 1090/1134/918 1069/1061/845 920/997/781
f 1081/1081/865 958/1015/799 1041/1071/855
f 1050/940/723 1107/939/722 999/942/725
f 1053/1135/919 1035/1136/920 1052/1137/921
f 1053/1135/919 1054/1128/912 1035/1136/920
f 1064/1138/922 1036/1121/905 1054/1128/912
f 1064/1138/922 1055/1139/923 1037/1122/906
f 1037/1122/906 1055/1139/923 1002/1088/872
f 1044/1123/907 1057/1140/924 1026/1111/895
f 1058/1141/925 1045/1098/882 1027/1112/896
f 1030/1100/884 1076/1142/926 1059/1143/927
f 1031/1118/902 1007/1101/885 1078/1144/928
f 1021/1072/856 996/1016/800 1081/1081/865
f 1012/1093/877 1011/1092/876 1070/1145/929
f 1063/1146/930 1053/1135/919 1052/1137/921
f 1042/1087/871 1002/1088/872 1055/1139/923
f 1057/1140/924 1044/1123/907 1073/1147/931
f 1078/1144/928 1017/1117/901 1077/1148/932
f 1079/1149/933 1087/1124/908 1095/1150/934
f 1105/956/740 1032/1069/853 1019/1068/852
f 1105/956/740 1066/957/741 1032/1069/853
f 1041/1071/855 1049/1151/935 1068/1133/917
f 956/1030/814 1021/1072/856 1081/1081/865
f 1012/1093/877 1174/1120/904 998/1083/867
f 1091/1152/936 1053/1135/919 1063/1146/930
f 1054/1128/912 1055/1139/923 1064/1138/922
f 1043/1130/914 1056/1094/878 1100/1153/937
f 1058/1141/925 1075/1154/938 1065/1131/915
f 1031/1118/902 1078/1144/928 1087/1124/908
f 1074/1155/939 1073/1147/931 1076/1142/926
f 1076/1142/926 1065/1131/915 1074/1155/939
f 1103/1156/940 1077/1148/932 1060/1157/941
f 1077/1148/932 1086/1158/942 1078/1144/928
f 1078/1144/928 1129/1159/943 1087/1124/908
f 834/1160/944 833/1104/888 1048/1126/910
f 1099/1161/945 1071/1162/946 1091/1152/936
f 1084/1163/947 1072/1164/948 1055/1139/923
f 1072/1164/948 1100/1153/937 1042/1087/871
f 1043/1130/914 1100/1153/937 1101/1165/949
f 1085/1166/950 1076/1142/926 1073/1147/931
f 1093/1167/951 1059/1143/927 1076/1142/926
f 1093/1167/951 1125/1168/952 1060/1157/941
f 1129/1159/943 1078/1144/928 1094/1169/953
f 1113/1170/954 834/1160/944 1048/1126/910
f 1083/1171/955 1082/1119/903 1080/1172/956
f 1099/1161/945 1110/1173/957 1092/1174/958
f 1101/1165/949 1085/1166/950 1043/1130/914
f 1111/1175/959 1093/1167/951 1076/1142/926
f 1125/1168/952 1102/1176/960 1060/1157/941
f 1112/1177/961 1086/1158/942 1077/1148/932
f 1078/1144/928 1086/1158/942 1104/1178/962
f 1104/1178/962 1094/1169/953 1078/1144/928
f 1095/1150/934 1096/1179/963 1079/1149/933
f 1106/1180/964 1080/1172/956 1040/1181/965
f 1106/1180/964 1070/1145/929 1080/1172/956
f 1080/1172/956 1070/1145/929 1083/1171/955
f 1097/1182/966 1159/1183/967 1063/1146/930
f 1063/1146/930 1108/1184/968 1098/1185/969
f 1098/1185/969 1091/1152/936 1063/1146/930
f 1098/1185/969 1108/1184/968 1109/1186/970
f 1098/1185/969 1109/1186/970 1099/1161/945
f 1111/1175/959 1125/1168/952 1093/1167/951
f 1112/1177/961 1077/1148/932 1103/1156/940
f 1112/1177/961 1104/1178/962 1086/1158/942
f 880/955/739 1138/949/732 878/952/736
f 880/955/739 1114/1187/971 1138/949/732
f 879/1188/972 1114/1187/971 833/1104/888
f 1088/1089/873 1114/1187/971 1105/956/740
f 1116/1189/973 1094/1169/953 1117/1190/974
f 1126/1191/975 1117/1190/974 1094/1169/953
f 1120/1192/976 1118/1193/977 1119/1194/978
f 1103/1156/940 1122/1195/979 1121/1196/980
f 1124/1197/981 1101/1165/949 1100/1153/937
f 1094/1169/953 1104/1178/962 1126/1191/975
f 1130/1198/982 1096/1179/963 1095/1150/934
f 1130/1198/982 843/1199/983 1113/1170/954
f 1131/1200/984 879/1188/972 843/1199/983
f 1119/1194/978 1118/1193/977 1104/1178/962
f 1119/1194/978 1112/1177/961 1103/1156/940
f 1103/1156/940 1121/1196/980 1119/1194/978
f 1129/1159/943 1128/1201/985 1127/1202/986
f 1128/1201/985 843/1199/983 1130/1198/982
f 1133/1203/987 1115/1204/988 1116/1189/973
f 1132/896/677 756/898/679 744/834/615
f 1134/1205/989 1122/1195/979 1123/1206/990
f 1134/1205/989 1123/1206/990 1124/1197/981
f 1122/1195/979 1134/1205/989 1146/1207/991
f 1120/1192/976 1135/1208/992 1144/1209/993
f 1144/1209/993 1118/1193/977 1120/1192/976
f 1142/1210/994 1141/1211/995 775/1212/996
f 1117/1190/974 1137/858/639 1133/1203/987
f 1137/858/639 1117/1190/974 775/1212/996
f 1136/1213/997 775/1212/996 1141/1211/995
f 1137/858/639 830/894/675 1132/896/677
f 1136/1213/997 1137/858/639 775/1212/996
f 1136/1213/997 1140/859/640 1137/858/639
f 1135/1208/992 1151/1214/998 1144/1209/993
f 1121/1196/980 769/1215/999 1135/1208/992
f 1145/1216/1000 1121/1196/980 1146/1207/991
f 1124/1197/981 1099/1161/945 1134/1205/989
f 1135/1208/992 1120/1192/976 1121/1196/980
f 1118/1193/977 1142/1210/994 1117/1190/974
f 775/1212/996 1117/1190/974 1142/1210/994
f 1142/1210/994 1118/1193/977 1144/1209/993
f 1134/1205/989 1147/1217/1001 1146/1207/991
f 1149/1218/1002 1141/1211/995 1143/1219/1003
f 1157/1220/1004 1140/859/640 1149/1218/1002
f 760/1221/1005 1140/859/640 1156/1222/1006
f 1146/1207/991 1147/1217/1001 1145/1216/1000
f 1151/1214/998 1154/1223/1007 1148/1224/1008
f 1158/1225/1009 1157/1220/1004 1149/1218/1002
f 1151/1214/998 769/1215/999 1154/1223/1007
f 1145/1216/1000 1147/1217/1001 1160/1226/1010
f 1147/1217/1001 1152/1227/1011 1160/1226/1010
f 1153/1228/1012 1154/1223/1007 769/1215/999
f 1155/1229/1013 1154/1223/1007 1163/1230/1014
f 1156/1222/1006 856/913/694 857/1231/1015
f 1152/1227/1011 1108/1184/968 1160/1226/1010
f 1159/1183/967 1160/1226/1010 1108/1184/968
f 1063/1146/930 1159/1183/967 1108/1184/968
f 1160/1226/1010 819/1232/1016 1153/1228/1012
f 1162/1233/1017 1157/1220/1004 1158/1225/1009
f 1155/1229/1013 1162/1233/1017 1158/1225/1009
f 1168/910/691 1159/1183/967 1097/1182/966
f 1160/1226/1010 1159/1183/967 821/909/690
f 1157/1220/1004 1162/1233/1017 1166/1234/1018
f 1164/1235/1019 1167/884/665 819/1232/1016
f 1168/910/691 1034/1107/891 1051/1236/1020
f 1051/1236/1020 1169/1237/1021 1168/910/691
f 1169/1237/1021 850/1238/1022 872/1239/1023
f 1169/1237/1021 1107/939/722 868/934/716
f 1169/1237/1021 1051/1236/1020 1107/939/722
f 1162/1233/1017 1165/1240/1024 819/1232/1016
f 819/1232/1016 820/1241/1025 1162/1233/1017
f 1171/1242/1026 1162/1233/1017 820/1241/1025
f 1171/1242/1026 820/1241/1025 850/1243/1027
f 850/1243/1027 854/1244/1028 1171/1242/1026
f 854/1244/1028 849/1245/1029 1171/1242/1026
f 1167/884/665 1172/908/689 872/1239/1030
f 1172/908/689 1167/884/665 1164/1235/1019
f 856/913/694 1161/1246/1031 1170/914/695
f 740/831/612 780/935/1032 1174/1120/904
f 1070/1145/929 1106/1180/964 1012/1093/877
f 1173/1247/1033 1175/1248/1034 1106/1180/964
f 776/881/662 813/880/661 740/831/612
f 1173/1247/1033 1176/1249/1035 1175/1248/1034
f 1179/857/638 1020/1105/889 1089/872/653
f 1177/876/657 1173/1247/1033 1179/857/638
f 1177/876/657 811/879/660 1176/1249/1035
f 1178/878/659 1176/1249/1035 811/879/660
f 807/871/652 1179/857/638 1089/872/653
f 1179/857/638 809/874/655 1177/876/657
f 1014/1075/859 972/1055/839 1003/1053/837
f 946/1031/815 925/930/712 799/1250/1036
f 916/1003/787 798/844/625 912/1000/784
f 860/999/783 914/920/702 912/1000/784
f 1182/853/634 1181/854/635 1180/985/769
f 1183/979/763 1182/853/634 902/984/768
f 759/852/633 883/962/746 835/978/1037
f 897/977/761 896/842/623 861/976/760
f 765/961/745 792/863/644 876/947/730
f 925/930/712 774/1251/1038 867/1252/1039
f 1184/1253/1040 783/1254/1041 743/885/1042
f 743/885/1042 850/1255/1043 1184/1253/1040
f 762/1256/1044 748/837/618 746/839/620
f 762/1257/1045 860/999/783 763/1258/1046
f 743/885/1042 784/1259/1047 742/1260/1048
f 833/1104/888 834/1160/944 842/1261/1049
f 854/1244/1028 848/1262/1050 849/1245/1029
f 848/1262/1050 854/1244/1028 741/1263/1051
f 878/952/736 1139/916/697 852/915/696
f 1168/910/691 1169/1237/1021 872/1239/1023
f 870/932/714 780/935/717 869/933/715
f 755/931/713 754/845/626 800/929/711
f 740/831/612 1186/833/614 780/935/1032
f 1184/1253/1052 784/1259/1047 783/1254/1041
f 783/1254/1053 850/1255/1054 1184/1253/1055
f 756/898/679 757/1264/1056 744/834/615
f 771/861/642 1140/859/640 830/894/675
f 753/846/627 755/931/713 752/1265/1057
f 752/1265/1057 777/1266/1058 753/846/627
f 749/838/619 762/927/709 747/840/621
f 742/1260/1048 850/1243/1027 820/1241/1025
f 742/1260/1048 820/1241/1025 743/885/1042
f 770/860/641 771/861/642 830/894/675
f 949/1038/822 847/938/1059 823/888/669
f 1023/1109/893 1024/1267/1060 844/1268/1061
f 747/840/621 946/1031/815 1190/1269/1062
f 824/1270/1063 825/1271/1064 946/1031/815
f 918/1272/1065 798/844/625 916/1003/787
f 1035/1136/920 844/1268/1061 822/1108/892
f 791/864/645 894/973/757 790/862/643
f 997/1082/866 814/1084/868 873/943/726
f 798/844/625 911/1002/786 912/1000/784
f 947/890/671 846/1273/1066 951/1009/793
f 787/994/778 881/960/744 891/981/765
f 924/945/728 799/1250/1036 875/946/729
f 970/889/670 847/938/720 1000/937/719
f 903/986/770 910/918/700 1192/1274/1067
f 740/831/612 813/880/661 741/1275/1068
f 807/871/652 806/953/737 786/954/738 735/855/636
f 738/847/628 1188/848/629 739/843/624
f 740/831/612 741/1275/1068 773/832/613
f 885/1043/827 904/1040/824 767/1039/823
f 835/978/1037 758/851/632 759/852/633
f 771/861/1731 772/2441/1732 770/860/1733
f 751/841/622 779/869/650 1181/854/635
f 743/885/1042 783/1254/1041 784/1259/1047
f 785/928/710 946/1031/815 747/840/621
f 788/993/777 789/2442/1734 787/994/778
f 800/929/711 922/883/664 799/1250/1036
f 803/983/767 779/869/650 895/975/759
f 791/864/645 804/958/742 894/973/757
f 1066/957/741 805/870/651 1089/872/653
f 805/870/651 806/953/737 807/871/652
f 1132/896/677 830/894/675 829/2443/1735 851/897/678
f 810/875/656 811/879/660 1177/876/657
f 1174/1120/904 780/935/1032 1050/940/723
f 873/943/726 815/944/727 997/1082/866
f 816/882/663 875/2444/1736 922/883/664
f 817/2445/1737 799/1250/1036 922/883/664
f 818/886/667 820/1241/1025 1167/884/665
f 821/909/690 1159/1183/967 1168/910/691
f 947/890/721 824/1270/1063 946/1031/815
f 827/2446/1738 828/2447/1739 934/1020/804
f 762/1256/1044 934/1020/804 828/2447/1739
f 1139/916/697 878/952/736 853/2448/1740 1138/949/732
f 836/849/630 758/851/632 837/2449/1741
f 840/904/685 887/966/750 1191/968/752
f 842/1261/1049 843/1199/983 879/1188/972
f 844/1268/1061 1035/1136/920 1022/1129/913
f 950/1054/838 846/1273/1066 847/938/1059
f 851/911/692 766/893/674 756/898/733
f 852/915/696 737/950/734 878/952/736
f 1170/914/695 849/1245/1029 848/1262/1050 855/912/693
f 871/2450/1742 844/2451/1743 845/1085/869 822/1108/892
f 857/1231/1015 858/2452/1744 1156/1222/1006
f 858/2452/1744 859/917/698 1156/1222/1006
f 1192/1274/1067 910/918/700 838/901/699
f 910/918/700 914/920/702 862/919/701
f 865/925/707 1181/854/635 864/924/706
f 800/929/711 799/1250/1036 925/930/712
f 867/1252/1039 755/931/713 925/930/712
f 1187/2453/1745 781/2454/1746 752/1265/1057 774/2455/1747
f 815/944/727 999/942/725 874/1073/857
f 793/948/731 876/947/730 792/863/644
f 1138/949/732 1114/1187/971 832/836/617
f 877/951/735 786/954/738 878/952/736
f 890/980/764 841/906/687 907/905/686
f 879/1188/972 832/836/617 1114/1187/971
f 882/959/743 791/864/645 792/863/644
f 759/852/633 904/1040/824 885/1043/827
f 888/967/751 889/969/753 1191/968/752
f 889/969/753 931/971/755 841/906/687
f 764/902/683 1191/2456/1748 890/980/764
f 890/980/764 765/961/745 764/902/683
f 901/972/756 881/960/744 882/959/743
f 788/993/777 892/996/780 789/2442/1734
f 892/996/780 893/974/758 789/2442/1734
f 790/862/643 739/843/624 793/948/731
f 1182/853/634 1183/979/763 761/850/631
f 1183/979/763 904/1040/824 759/852/633
f 885/1043/827 886/964/748 759/852/633
f 888/967/751 887/966/750 929/990/774
f 888/967/751 929/990/774 906/1047/831
f 942/907/688 841/906/687 931/971/755
f 901/972/756 792/863/644 765/961/745
f 908/1013/797 894/973/757 893/974/758
f 895/975/759 779/869/650 738/847/628
f 802/982/766 920/997/781 909/922/704
f 865/925/707 917/923/705 1180/985/769
f 902/984/768 910/918/700 903/986/770
f 884/963/747 939/1026/810 898/965/749
f 898/965/749 939/1026/810 899/903/684
f 899/903/684 939/1026/810 905/989/773
f 905/989/773 887/966/750 899/903/684
f 888/967/751 906/1047/831 930/991/775
f 901/972/756 765/961/745 907/905/686
f 901/972/756 907/905/686 891/981/765
f 932/992/776 787/994/778 891/981/765
f 920/997/781 919/1005/789 909/922/704
f 915/998/782 913/1004/788 914/920/702
f 913/1004/788 912/1000/784 914/920/702
f 913/1004/788 915/998/782 917/923/705
f 919/1005/789 918/1272/1065 916/1003/787
f 918/1272/1065 754/845/626 798/844/625
f 920/997/781 918/1272/1065 919/1005/789
f 921/1006/790 933/865/646 797/867/648
f 933/865/646 969/1017/801 977/866/647
f 923/1007/791 924/945/728 797/867/648
f 801/1008/792 774/1251/1038 925/930/712
f 750/891/672 746/839/620 747/840/621
f 934/1020/804 762/1256/1044 746/839/620
f 838/901/682 937/900/681 926/1022/806
f 839/1023/807 938/1011/795 903/986/770
f 939/1026/810 884/963/747 953/988/772
f 907/905/686 955/1012/796 891/981/765
f 893/974/758 957/995/779 908/1013/797
f 977/866/647 989/1018/802 923/1007/791
f 945/2457/1749 799/1250/1036 924/945/728
f 785/928/710 925/930/712 946/1031/815
f 951/1009/793 952/1010/794 750/891/672
f 768/1033/817 937/900/681 935/899/680
f 746/839/620 936/1021/805 934/1020/804
f 768/1033/817 935/899/680 936/1021/805
f 927/1024/808 938/1011/795 839/1023/807
f 886/964/748 885/1043/827 953/988/772
f 954/1048/832 906/1047/831 929/990/774
f 930/991/775 906/1047/831 966/1049/833
f 931/971/755 930/991/775 941/1028/812
f 932/992/776 943/1080/864 788/993/777
f 968/1014/798 988/1070/854 958/1015/799
f 945/2457/1749 924/945/728 944/1019/803
f 948/887/668 949/1038/822 823/888/669
f 949/1038/822 950/1054/838 847/938/1059
f 950/1054/838 951/1009/793 846/1273/1066
f 951/1009/793 972/1055/839 952/1010/794
f 1004/1034/818 937/900/681 768/1033/817
f 1004/1034/818 961/1035/819 937/900/681
f 953/988/772 962/1058/842 939/1026/810
f 940/1025/809 939/1026/810 962/1058/842
f 966/1049/833 967/1027/811 930/991/775
f 994/1029/813 931/971/755 941/1028/812
f 956/1030/814 957/995/779 892/996/780
f 1068/1133/917 908/1013/797 957/995/779
f 944/1019/803 1000/937/719 945/2457/1749
f 945/2457/1749 1000/937/719 946/1031/815
f 961/1035/819 767/1039/823 927/1024/808
f 767/1039/823 928/987/771 938/1011/795
f 961/1035/819 992/1097/881 767/1039/823
f 885/1043/827 981/1065/849 953/988/772
f 963/1045/829 929/990/774 940/1025/809
f 964/1044/828 954/1048/832 929/990/774
f 960/1037/821 971/1052/836 949/1038/822
f 971/1052/836 950/1054/838 949/1038/822
f 1003/1053/837 972/1055/839 950/1054/838
f 973/1056/840 936/1021/805 952/1010/794
f 974/1041/825 992/1097/881 961/1035/819
f 992/1097/881 975/1042/826 767/1039/823
f 962/1058/842 953/988/772 981/1065/849
f 966/1049/833 965/1046/830 983/1050/834
f 1019/1068/852 932/992/776 955/1012/796
f 960/1037/821 948/887/668 979/1064/848
f 962/1058/842 981/1065/849 1005/1067/851
f 1005/1067/851 963/1045/829 962/1058/842
f 984/1103/887 967/1027/811 983/1050/834
f 932/992/776 1032/1069/853 943/1080/864
f 987/1091/875 995/1078/862 943/1080/864
f 1013/1074/858 960/1037/821 1002/1088/872
f 990/1095/879 1003/1053/837 971/1052/836
f 981/1065/849 975/1042/826 1028/1076/860
f 1008/1125/909 985/1051/835 967/1027/811
f 1009/2458/1750 986/1060/844 941/1028/812
f 955/1012/796 1088/1089/873 1019/1068/852
f 943/1080/864 1032/1069/853 987/1091/875
f 956/1030/814 1010/1127/911 957/995/779
f 1010/1127/911 1068/1133/917 957/995/779
f 1061/1106/890 1041/1071/855 988/1070/854
f 976/1062/846 997/1082/866 969/1017/801
f 999/942/725 989/1018/802 874/1073/857
f 959/1036/820 970/889/670 978/1063/847
f 979/1064/848 1002/1088/872 960/1037/821
f 1013/1074/858 990/1095/879 971/1052/836
f 1015/1096/880 974/1041/825 1004/1034/818
f 1007/1101/885 983/1050/834 1006/1077/861
f 1008/1125/909 967/1027/811 984/1103/887
f 985/1051/835 1008/1125/909 1009/2458/1750
f 1009/2458/1750 941/1028/812 985/1051/835
f 1033/1079/863 788/993/777 943/1080/864
f 1012/1093/877 998/1083/867 997/1082/866
f 1001/1086/870 978/1063/847 845/1085/869
f 1027/1112/896 1004/1034/818 980/1032/816
f 1004/1034/818 1027/1112/896 1015/1096/880
f 982/1066/850 1029/1099/883 1030/1100/884
f 1030/1100/884 1006/1077/861 993/1059/843
f 1016/1115/899 1007/1101/885 1006/1077/861
f 1007/1101/885 1016/1115/899 1017/1117/901
f 984/1103/887 1018/1102/886 1008/1125/909
f 1039/1090/874 987/1091/875 1032/1069/853
f 1090/1134/918 920/997/781 908/1013/797
f 956/1030/814 976/1062/846 1021/1072/856
f 999/942/725 1107/939/722 1034/1107/891
f 845/1085/869 1000/937/719 1034/1107/891
f 1022/1129/913 1023/1109/893 844/1268/1061
f 1001/1086/870 979/1064/848 959/1036/820
f 1025/1110/894 1014/1075/859 990/1095/879
f 1015/1096/880 1045/1098/882 992/1097/881
f 1045/1098/882 1028/1076/860 975/1042/826
f 1046/1113/897 1005/1067/851 1028/1076/860
f 1006/1077/861 1038/1114/898 1016/1115/899
f 1009/2458/1750 1048/1126/910 986/1060/844
f 1048/1126/910 994/1029/813 986/1060/844
f 994/1029/813 833/1104/888 942/907/688
f 1020/1105/889 1040/1181/965 995/1078/862
f 997/1082/866 1082/1119/903 1011/1092/876
f 1050/940/723 999/942/725 796/941/724
f 1035/1136/920 822/1108/892 1052/1137/921
f 1023/1109/893 1022/1129/913 1036/1121/905
f 1036/1121/905 1064/1138/922 1037/1122/906
f 1037/1122/906 1001/1086/870 1036/1121/905
f 979/1064/848 1001/1086/870 1037/1122/906
f 1056/1094/878 1025/1110/894 1013/1074/858
f 991/1057/841 1044/1123/907 1026/1111/895
f 1028/1076/860 1045/1098/882 1046/1113/897
f 1016/1115/899 1038/1114/898 1047/1116/900
f 1079/1149/933 1009/2458/1750 1008/1125/909
f 1033/1079/863 995/1078/862 1040/1181/965
f 1069/1061/845 1061/1106/890 968/1014/798
f 1082/1119/903 1083/1171/955 1011/1092/876
f 1035/1136/920 1054/1128/912 1022/1129/913
f 1044/1123/907 991/1057/841 1014/1075/859
f 1029/1099/883 1046/1113/897 1065/1131/915
f 1038/1114/898 1030/1100/884 1059/1143/927
f 1007/1101/885 1017/1117/901 1078/1144/928
f 1008/1125/909 1087/1124/908 1079/1149/933
f 788/993/777 1033/1079/863 1080/1172/956
f 1106/1180/964 1178/878/659 1012/1093/877
f 822/1108/892 1034/1107/891 1168/910/691
f 1073/1147/931 1044/1123/907 1043/1130/914
f 1058/1141/925 1046/1113/897 1045/1098/882
f 1076/1142/926 1030/1100/884 1065/1131/915
f 1047/1116/900 1060/1157/941 1077/1148/932
f 1018/1102/886 1031/1118/902 1087/1124/908
f 1066/957/741 1089/872/653 1032/1069/853
f 1089/872/653 1039/1090/874 1032/1069/853
f 1081/1081/865 1067/1132/916 1010/1127/911
f 1061/1106/890 1049/1151/935 1041/1071/855
f 1051/1236/1020 1034/1107/891 1107/939/722
f 822/1108/892 1168/910/691 1062/2459/1751
f 1062/2459/1751 1052/1137/921 822/1108/892
f 1053/1135/919 1084/1163/947 1054/1128/912
f 1026/1111/895 1057/1140/924 1075/1154/938
f 1075/1154/938 1027/1112/896 1026/1111/895
f 1027/1112/896 1075/1154/938 1058/1141/925
f 1046/1113/897 1058/1141/925 1065/1131/915
f 1059/1143/927 1047/1116/900 1038/1114/898
f 1077/1148/932 1017/1117/901 1047/1116/900
f 1009/2458/1750 1079/1149/933 1048/1126/910
f 1088/1089/873 1105/956/740 1019/1068/852
f 1069/1061/845 1090/1134/918 908/1013/797
f 1069/1061/845 1049/1151/935 1061/1106/890
f 1083/1171/955 1070/1145/929 1011/1092/876
f 1091/1152/936 1071/1162/946 1053/1135/919
f 1071/1162/946 1084/1163/947 1053/1135/919
f 1054/1128/912 1084/1163/947 1055/1139/923
f 1100/1153/937 1056/1094/878 1042/1087/871
f 1073/1147/931 1074/1155/939 1057/1140/924
f 1074/1155/939 1075/1154/938 1057/1140/924
f 1060/1157/941 1047/1116/900 1059/1143/927
f 1096/1179/963 1048/1126/910 1079/1149/933
f 1089/872/653 1020/1105/889 1039/1090/874
f 1080/1172/956 1082/1119/903 788/993/777
f 1067/1132/916 1041/1071/855 1068/1133/917
f 1062/2459/1751 1097/1182/966 1052/1137/921
f 1097/1182/966 1063/1146/930 1052/1137/921
f 1084/1163/947 1071/1162/946 1092/1174/958
f 1042/1087/871 1055/1139/923 1072/1164/948
f 1043/1130/914 1085/1166/950 1073/1147/931
f 1074/1155/939 1065/1131/915 1075/1154/938
f 1020/1105/889 1106/1180/964 1040/1181/965
f 1040/1181/965 1080/1172/956 1033/1079/863
f 1081/1081/865 1041/1071/855 1067/1132/916
f 1049/1151/935 1069/1061/845 1068/1133/917
f 1084/1163/947 1092/1174/958 1072/1164/948
f 1093/1167/951 1060/1157/941 1059/1143/927
f 1096/1179/963 1113/1170/954 1048/1126/910
f 1020/1105/889 1173/1247/1033 1106/1180/964
f 1082/1119/903 956/1030/814 788/993/777
f 1098/1185/969 1099/1161/945 1091/1152/936
f 1092/1174/958 1071/1162/946 1099/1161/945
f 1092/1174/958 1110/1173/957 1072/1164/948
f 1076/1142/926 1085/1166/950 1111/1175/959
f 1060/1157/941 1102/1176/960 1103/1156/940
f 1127/1202/986 1095/1150/934 1087/1124/908
f 1168/910/691 1097/1182/966 1062/2459/1751
f 1072/1164/948 1110/1173/957 1100/1153/937
f 1101/1165/949 1111/1175/959 1085/1166/950
f 1087/1124/908 1129/1159/943 1127/1202/986
f 833/1104/888 1114/1187/971 1088/1089/873
f 1114/1187/971 880/955/739 1105/956/740
f 1113/1170/954 843/1199/983 834/1160/944
f 879/1188/972 1131/1200/984 832/836/617
f 1131/1200/984 1132/896/677 832/836/617
f 1126/1191/975 1104/1178/962 1118/1193/977
f 1123/1206/990 1122/1195/979 1102/1176/960
f 1124/1197/981 1100/1153/937 1110/1173/957
f 1124/1197/981 1125/1168/952 1101/1165/949
f 1101/1165/949 1125/1168/952 1111/1175/959
f 1102/1176/960 1125/1168/952 1123/1206/990
f 1103/1156/940 1102/1176/960 1122/1195/979
f 1131/1200/984 843/1199/983 1115/1204/988
f 1115/1204/988 1128/1201/985 1116/1189/973
f 1119/1194/978 1104/1178/962 1112/1177/961
f 1124/1197/981 1123/1206/990 1125/1168/952
f 1130/1198/982 1095/1150/934 1127/1202/986
f 1096/1179/963 1130/1198/982 1113/1170/954
f 1116/1189/973 1129/1159/943 1094/1169/953
f 1129/1159/943 1116/1189/973 1128/1201/985
f 1127/1202/986 1128/1201/985 1130/1198/982
f 1128/1201/985 1115/1204/988 843/1199/983
f 1116/1189/973 1117/1190/974 1133/1203/987
f 1133/1203/987 1131/1200/984 1115/1204/988
f 1132/896/677 744/834/615 832/836/617
f 1121/1196/980 1120/1192/976 1119/1194/978
f 1124/1197/981 1110/1173/957 1099/1161/945
f 1118/1193/977 1117/1190/974 1126/1191/975
f 1131/1200/984 1133/1203/987 1132/896/677
f 1133/1203/987 1137/858/639 1132/896/677
f 1137/858/639 770/860/641 830/894/675
f 1140/859/640 760/1221/1005 766/893/674
f 1139/916/697 766/893/674 760/1221/1005
f 766/893/674 1139/916/697 1138/949/732
f 1139/916/697 760/1221/1005 859/917/698
f 1136/1213/997 1149/1218/1002 1140/859/640
f 1141/1211/995 1149/1218/1002 1136/1213/997
f 1142/1210/994 1148/1224/1008 1143/1219/1003
f 1147/1217/1001 1134/1205/989 1109/1186/970
f 1134/1205/989 1099/1161/945 1109/1186/970
f 1121/1196/980 1122/1195/979 1146/1207/991
f 1148/1224/1008 1142/1210/994 1144/1209/993
f 1145/1216/1000 769/1215/999 1121/1196/980
f 1151/1214/998 1135/1208/992 769/1215/999
f 1144/1209/993 1151/1214/998 1148/1224/1008
f 1141/1211/995 1142/1210/994 1143/1219/1003
f 760/1221/1005 1156/1222/1006 859/917/698
f 1156/1222/1006 1140/859/640 1157/1220/1004
f 1152/1227/1011 1147/1217/1001 1109/1186/970
f 1108/1184/968 1152/1227/1011 1109/1186/970
f 1145/1216/1000 1153/1228/1012 769/1215/999
f 1148/1224/1008 1154/1223/1007 1150/2460/1752
f 1143/1219/1003 1148/1224/1008 1150/2460/1752
f 1150/2460/1752 1158/1225/1009 1143/1219/1003
f 1153/1228/1012 1145/1216/1000 1160/1226/1010
f 1154/1223/1007 1155/1229/1013 1150/2460/1752
f 1149/1218/1002 1143/1219/1003 1158/1225/1009
f 1158/1225/1009 1150/2460/1752 1155/1229/1013
f 1161/1246/1031 1156/1222/1006 1157/1220/1004
f 1154/1223/1007 1153/1228/1012 1165/1240/1024
f 1160/1226/1010 1164/1235/1019 819/1232/1016
f 819/1232/1016 1165/1240/1024 1153/1228/1012
f 1163/1230/1014 1162/1233/1017 1155/1229/1013
f 1156/1222/1006 1161/1246/1031 856/913/694
f 1163/1230/1014 1154/1223/1007 1165/1240/1024
f 1161/1246/1031 1157/1220/1004 1166/1234/1018
f 1163/1230/1014 1165/1240/1024 1162/1233/1017
f 821/909/690 1164/1235/1019 1160/1226/1010
f 1107/939/722 870/932/714 868/934/716
f 1164/1235/1019 821/909/690 1172/908/689
f 1166/1234/1018 1170/914/695 1161/1246/1031
f 1162/1233/1017 1171/1242/1026 1166/1234/1018
f 1171/1242/1026 1170/914/695 1166/1234/1018
f 849/1245/1029 1170/914/695 1171/1242/1026
f 1167/884/665 820/1241/1025 819/1232/1016
f 1167/884/665 872/1239/1030 743/885/666
f 740/831/612 1174/1120/904 776/881/662
f 1174/1120/904 1178/878/659 776/881/662
f 1175/1248/1034 1178/878/659 1106/1180/964
f 776/881/662 1178/878/659 812/877/658
f 1176/1249/1035 1173/1247/1033 1177/876/657
f 1020/1105/889 1179/857/638 1173/1247/1033
f 1176/1249/1035 1178/878/659 1175/1248/1034
f 1179/857/638 807/871/652 735/855/636
f 989/1018/802 1034/1107/891 1000/937/719
f 945/2457/1749 946/1031/815 799/1250/1036
f 754/845/626 920/997/781 1069/1061/845
f 918/1272/1065 920/997/781 754/845/626
f 1183/979/763 928/987/771 904/1040/824
f 902/984/768 1182/853/634 1180/985/769
f 761/850/631 896/842/623 1181/854/635
f 1181/854/635 865/925/707 1180/985/769
f 896/842/623 751/841/622 1181/854/635
f 759/852/633 884/963/747 883/962/746
f 896/842/623 876/947/730 739/843/624
f 883/962/746 765/961/745 897/977/761
f 897/977/761 876/947/730 896/842/623
f 897/977/761 765/961/745 876/947/730
f 786/954/738 737/2461/1753 735/855/636
f 842/1261/1049 834/1160/944 843/1199/983
f 850/1238/1022 1169/1237/1021 868/934/716
f 736/856/637 735/855/636 1185/2462/1754
f 737/2463/1755 808/873/654 1179/857/638
f 737/2463/1755 1179/857/638 736/856/637
f 774/2455/1747 752/1265/1057 755/931/713
f 781/2454/1746 777/1266/1058 752/1265/1057
f 934/1020/804 935/899/680 827/2446/1738
f 1024/1267/1060 1023/1109/893 845/1085/869
f 909/922/704 803/983/767 802/982/766
f 946/1031/815 825/1271/1064 1190/1269/1062
f 766/893/674 1138/949/732 756/898/733
f 804/958/742 881/960/744 894/973/757
f 889/969/753 841/906/687 1191/968/752
f 789/2442/1734 893/974/758 881/960/744
f 875/2444/1736 817/2445/1737 922/883/664
f 762/1257/1045 827/921/703 860/999/783
l 777 778
l 741 1186
l 794 795
l 763 826
l 756 745
l 737 1185
l 781 782
l 1188 1189
l 1473 1474
l 1218 1690
l 1471 1633
l 1480 1635
l 911 774
