# Blender 5.0.1
# www.blender.org
mtllib mr_skelly.mtl
o Object_6
v 0.730770 1.342250 0.099420
v 0.734657 1.353755 0.099644
v 0.731722 1.348016 0.108528
v 0.727211 1.339024 0.112586
v 0.726050 1.333835 0.100023
v 0.735608 1.355053 0.049554
v 0.741818 1.349213 0.058374
v 0.736610 1.344543 0.047581
v 0.735608 1.355053 0.049554
v 0.707736 1.349252 0.043716
v 0.708332 1.356262 0.045414
v 0.708482 1.361894 0.050934
v 0.720475 1.341466 0.117205
v 0.717877 1.335830 0.115247
v 0.717877 1.335830 0.115247
v 0.693922 1.349110 0.104325
v 0.692691 1.340268 0.102444
v 0.450343 1.360482 -0.024501
v 0.452770 1.366196 -0.037910
v 0.449078 1.356166 -0.030155
v 0.448345 1.346017 -0.015814
v 0.453980 1.370973 -0.006169
v 0.452460 1.369992 -0.026578
v 0.436000 1.332850 -0.001885
v 0.442596 1.339621 -0.006526
v 0.437749 1.333106 -0.007778
v 0.436660 1.327411 -0.010256
v 0.441780 1.332598 -0.015763
v 0.457800 1.393855 0.015628
v 0.449016 1.385226 0.002053
v 0.447212 1.386397 0.013951
v 0.445556 1.369635 0.009907
v 0.464056 1.378272 -0.007659
v 0.453980 1.370973 -0.006169
v 0.449299 1.340433 -0.018817
v 0.444776 1.350825 0.002890
v 0.438103 1.337411 0.004069
v 0.442130 1.348083 0.012935
v 0.450028 1.355152 -0.011505
v 0.448345 1.346017 -0.015814
v 0.444434 1.329881 0.018983
v 0.441682 1.321313 0.004460
v 0.449038 1.321071 0.013012
v 0.444434 1.329881 0.018983
v 0.444097 1.345720 0.019671
v 0.437379 1.334731 0.012066
v 0.435340 1.323568 0.003021
v 0.475111 1.374895 0.039515
v 0.455737 1.387581 0.025909
v 0.453052 1.367484 0.029820
v 0.453052 1.367484 0.029820
v 0.447836 1.383409 0.021805
v 0.444310 1.369122 0.021096
v 0.476852 1.364374 0.039680
v 0.478871 1.349208 0.026034
v 0.457738 1.357719 0.029759
v 0.455737 1.387581 0.025909
v 0.433695 1.328050 0.000323
v 0.449463 1.350374 -0.033516
v 0.459434 1.352589 -0.041950
v 0.455540 1.343516 -0.036781
v 0.470158 1.342370 -0.033257
v 0.470579 1.364310 -0.039701
v 0.471345 1.353564 -0.039100
v 0.465021 1.376568 -0.022675
v 0.456811 1.319382 0.003060
v 0.435340 1.323568 0.003021
v 0.445131 1.320117 -0.004641
v 0.454759 1.329094 -0.015640
v 0.444125 1.326562 -0.016693
v 0.453428 1.336165 -0.018794
v 0.465537 1.329925 -0.015267
v 0.453428 1.336165 -0.018794
v 0.462849 1.322795 -0.008606
v 0.450213 1.323836 -0.013334
v 0.462849 1.322795 -0.008606
v 0.484920 1.316643 0.012089
v 0.456811 1.319382 0.003060
v 0.465537 1.329925 -0.015267
v 0.489395 1.321015 -0.002513
v 0.492608 1.332044 -0.010758
v 0.539426 1.325179 0.010514
v 0.466940 1.338638 -0.020763
v 0.493639 1.343496 -0.014783
v 0.540692 1.335591 0.004183
v 0.540910 1.346536 0.001659
v 0.496888 1.347096 -0.023853
v 0.543901 1.351534 -0.006554
v 0.598751 1.349052 0.022427
v 0.545301 1.361588 -0.009515
v 0.601396 1.355045 0.016379
v 0.602242 1.364163 0.016363
v 0.544145 1.372301 -0.005615
v 0.600873 1.372044 0.022362
v 0.655409 1.361611 0.035257
v 0.597844 1.374376 0.031907
v 0.654495 1.367807 0.041522
v 0.600873 1.372044 0.022362
v 0.652234 1.368975 0.050788
v 0.595202 1.370687 0.039713
v 0.650038 1.366336 0.058700
v 0.706472 1.362087 0.069151
v 0.649795 1.373326 0.063444
v 0.705972 1.367545 0.077016
v 0.648654 1.377124 0.070749
v 0.703972 1.367756 0.087866
v 0.731878 1.365238 0.084077
v 0.699924 1.364182 0.097296
v 0.728796 1.363106 0.100035
v 0.725612 1.356991 0.112419
v 0.728796 1.363106 0.100035
v 0.725612 1.356991 0.112419
v 0.696139 1.356677 0.102584
v 0.722254 1.347937 0.116727
v 0.722254 1.347937 0.116727
v 0.719796 1.330514 0.110887
v 0.719182 1.327883 0.099427
v 0.728164 1.330132 0.084229
v 0.735760 1.332979 0.068337
v 0.734146 1.344183 0.085286
v 0.739443 1.353897 0.072566
v 0.736989 1.355510 0.085652
v 0.733078 1.361205 0.071141
v 0.731878 1.365238 0.084077
v 0.736389 1.361318 0.059480
v 0.733078 1.361205 0.071141
v 0.707778 1.363997 0.059673
v 0.736389 1.361318 0.059480
v 0.708482 1.361894 0.050934
v 0.654495 1.367807 0.041522
v 0.654880 1.353506 0.033904
v 0.653047 1.347032 0.038750
v 0.597996 1.339613 0.024098
v 0.596935 1.330541 0.027567
v 0.594426 1.326828 0.035970
v 0.536598 1.321075 0.022222
v 0.533715 1.323585 0.032893
v 0.481568 1.319762 0.025326
v 0.531419 1.333320 0.037293
v 0.479951 1.330012 0.031192
v 0.449038 1.321071 0.013012
v 0.530329 1.350054 0.034225
v 0.478871 1.349208 0.026034
v 0.451020 1.344621 0.023606
v 0.444434 1.329881 0.018983
v 0.457738 1.357719 0.029759
v 0.530329 1.350054 0.034225
v 0.486347 1.358138 0.033709
v 0.589844 1.349211 0.051784
v 0.589951 1.336477 0.050106
v 0.591815 1.328807 0.045003
v 0.644512 1.333402 0.065097
v 0.646444 1.327922 0.058603
v 0.648887 1.326883 0.050499
v 0.650877 1.331280 0.043826
v 0.702782 1.324952 0.063993
v 0.705735 1.337315 0.051701
v 0.704811 1.331002 0.056970
v 0.651641 1.339861 0.042118
v 0.706612 1.342522 0.045675
v 0.734582 1.334535 0.051806
v 0.736610 1.344543 0.047581
v 0.734582 1.334535 0.051806
v 0.729364 1.325456 0.062454
v 0.729364 1.325456 0.062454
v 0.739577 1.342009 0.067394
v 0.720913 1.321092 0.082446
v 0.699511 1.324340 0.074404
v 0.644128 1.343799 0.069885
v 0.696888 1.332054 0.086111
v 0.694263 1.335881 0.095687
v 0.644128 1.343799 0.069885
v 0.586691 1.354473 0.064275
v 0.589844 1.349211 0.051784
v 0.524365 1.364467 0.054398
v 0.527359 1.357959 0.045059
v 0.586044 1.368510 0.074361
v 0.524210 1.376328 0.055324
v 0.475977 1.389172 0.032861
v 0.526102 1.389265 0.050447
v 0.479907 1.396817 0.020271
v 0.534277 1.393287 0.026713
v 0.484978 1.393657 0.006402
v 0.460777 1.392459 0.000858
v 0.457800 1.393855 0.015628
v 0.536178 1.383266 0.018955
v 0.487834 1.381986 -0.000618
v 0.537148 1.375666 0.013541
v 0.490228 1.377067 -0.009027
v 0.464056 1.378272 -0.007659
v 0.540681 1.377774 0.004279
v 0.494438 1.375481 -0.019421
v 0.465021 1.376568 -0.022675
v 0.467850 1.371673 -0.034539
v 0.497554 1.367768 -0.027645
v 0.470579 1.364310 -0.039701
v 0.470579 1.364310 -0.039701
v 0.467850 1.371673 -0.034539
v 0.497554 1.367768 -0.027645
v 0.498217 1.356714 -0.028675
v 0.470579 1.364310 -0.039701
v 0.544145 1.372301 -0.005615
v 0.471345 1.353564 -0.039100
v 0.594539 1.378007 0.045023
v 0.593325 1.384430 0.052831
v 0.590916 1.384561 0.063268
v 0.646566 1.375228 0.078937
v 0.644176 1.368641 0.085454
v 0.642205 1.360075 0.088164
v 0.641063 1.351875 0.087395
v 0.641795 1.347178 0.080695
v 0.694263 1.335881 0.095687
v 0.719796 1.330514 0.110887
v 0.719182 1.327883 0.099427
v 0.719796 1.330514 0.110887
v 0.585355 1.359064 0.072875
v 0.588166 1.378296 0.071353
v 0.530076 1.395928 0.039485
v 0.720913 1.321092 0.082446
v 0.720475 1.341466 0.117205
v 0.470158 1.342370 -0.033257
v 0.466940 1.338638 -0.020763
v 0.449299 1.340433 -0.018817
v 0.453428 1.336165 -0.018794
v 0.438334 1.322983 -0.009337
v 0.444125 1.326562 -0.016693
v 0.438334 1.322983 -0.009337
v 0.455451 1.359186 -0.042000
v 0.457738 1.357719 0.029759
v 0.451020 1.344621 0.023606
v -0.730768 1.342250 0.099423
v -0.731720 1.348016 0.108531
v -0.734655 1.353754 0.099647
v -0.727210 1.339023 0.112589
v -0.735607 1.355050 0.049557
v -0.736608 1.344542 0.047584
v -0.741817 1.349212 0.058377
v -0.735607 1.355050 0.049557
v -0.707735 1.349244 0.043717
v -0.736608 1.344542 0.047584
v -0.708481 1.361889 0.050934
v -0.708332 1.356256 0.045414
v -0.717876 1.335829 0.115250
v -0.720473 1.341465 0.117208
v -0.717876 1.335829 0.115250
v -0.693920 1.349112 0.104326
v -0.720473 1.341465 0.117208
v -0.450341 1.360482 -0.024499
v -0.452769 1.366196 -0.037908
v -0.452459 1.369992 -0.026576
v -0.448339 1.346036 -0.015795
v -0.449076 1.356166 -0.030153
v -0.453978 1.370973 -0.006167
v -0.450022 1.355157 -0.011490
v -0.442577 1.339636 -0.006469
v -0.436022 1.332726 -0.001948
v -0.437761 1.333121 -0.007820
v -0.436700 1.327459 -0.010388
v -0.433759 1.327829 0.000127
v -0.441785 1.332684 -0.015786
v -0.449015 1.385225 0.002056
v -0.457799 1.393855 0.015631
v -0.447211 1.386396 0.013953
v -0.445555 1.369634 0.009909
v -0.464055 1.378272 -0.007656
v -0.460776 1.392459 0.000862
v -0.449296 1.340453 -0.018808
v -0.438092 1.337103 0.004114
v -0.444710 1.350704 0.003107
v -0.442063 1.347712 0.013161
v -0.450022 1.355157 -0.011490
v -0.448339 1.346036 -0.015795
v -0.444501 1.329211 0.018791
v -0.441831 1.320994 0.003994
v -0.435453 1.323257 0.002670
v -0.444501 1.329211 0.018791
v -0.444055 1.345281 0.019825
v -0.451000 1.344365 0.023679
v -0.435453 1.323257 0.002670
v -0.437400 1.334099 0.012020
v -0.455736 1.387581 0.025911
v -0.475111 1.374904 0.039510
v -0.453051 1.367485 0.029821
v -0.453051 1.367485 0.029821
v -0.447835 1.383409 0.021807
v -0.455736 1.387581 0.025911
v -0.476854 1.364384 0.039675
v -0.457738 1.357720 0.029760
v -0.478870 1.349213 0.026033
v -0.486348 1.358148 0.033705
v -0.459433 1.352589 -0.041948
v -0.449462 1.350373 -0.033514
v -0.455539 1.343516 -0.036779
v -0.470156 1.342370 -0.033255
v -0.471344 1.353565 -0.039098
v -0.470578 1.364311 -0.039699
v -0.455450 1.359186 -0.041998
v -0.465020 1.376568 -0.022672
v -0.464055 1.378272 -0.007656
v -0.453978 1.370973 -0.006167
v -0.456923 1.319310 0.002701
v -0.445247 1.320124 -0.005014
v -0.444149 1.326673 -0.016775
v -0.454767 1.329169 -0.015671
v -0.453425 1.336194 -0.018790
v -0.465539 1.329947 -0.015272
v -0.466939 1.338638 -0.020761
v -0.453425 1.336194 -0.018790
v -0.444149 1.326673 -0.016775
v -0.462878 1.322877 -0.008708
v -0.462878 1.322877 -0.008708
v -0.484918 1.316643 0.012093
v -0.489394 1.321014 -0.002510
v -0.450250 1.323953 -0.013461
v -0.465539 1.329947 -0.015272
v -0.492607 1.332043 -0.010756
v -0.539425 1.325176 0.010519
v -0.540690 1.335590 0.004185
v -0.466939 1.338638 -0.020761
v -0.493637 1.343497 -0.014781
v -0.540909 1.346539 0.001663
v -0.496887 1.347098 -0.023850
v -0.543898 1.351544 -0.006546
v -0.598751 1.349049 0.022428
v -0.601394 1.355046 0.016383
v -0.545295 1.361602 -0.009500
v -0.602239 1.364169 0.016372
v -0.544136 1.372318 -0.005590
v -0.600869 1.372051 0.022375
v -0.655409 1.361606 0.035256
v -0.654493 1.367803 0.041522
v -0.654493 1.367803 0.041522
v -0.597839 1.374379 0.031920
v -0.600869 1.372051 0.022375
v -0.652234 1.368974 0.050789
v -0.595198 1.370687 0.039720
v -0.706471 1.362086 0.069153
v -0.650039 1.366336 0.058700
v -0.649794 1.373327 0.063444
v -0.705971 1.367545 0.077017
v -0.648654 1.377124 0.070748
v -0.703971 1.367756 0.087867
v -0.731878 1.365237 0.084080
v -0.728794 1.363106 0.100038
v -0.699922 1.364182 0.097297
v -0.725610 1.356990 0.112422
v -0.725610 1.356990 0.112422
v -0.696137 1.356678 0.102586
v -0.722252 1.347936 0.116730
v -0.719794 1.330514 0.110890
v -0.726048 1.333834 0.100026
v -0.728162 1.330131 0.084232
v -0.719181 1.327883 0.099430
v -0.734144 1.344182 0.085289
v -0.735759 1.332979 0.068340
v -0.739442 1.353896 0.072569
v -0.739576 1.342008 0.067398
v -0.736987 1.355509 0.085655
v -0.733076 1.361204 0.071144
v -0.728794 1.363106 0.100038
v -0.731878 1.365237 0.084080
v -0.736388 1.361316 0.059483
v -0.733076 1.361204 0.071144
v -0.707778 1.363995 0.059674
v -0.736388 1.361316 0.059483
v -0.708481 1.361889 0.050934
v -0.653048 1.347023 0.038750
v -0.654880 1.353498 0.033902
v -0.597995 1.339603 0.024099
v -0.596932 1.330529 0.027575
v -0.594422 1.326823 0.035983
v -0.533712 1.323588 0.032901
v -0.536596 1.321074 0.022230
v -0.481566 1.319764 0.025331
v -0.531417 1.333327 0.037297
v -0.449197 1.320555 0.012517
v -0.479950 1.330017 0.031196
v -0.456923 1.319310 0.002701
v -0.530330 1.350062 0.034220
v -0.451000 1.344365 0.023679
v -0.478870 1.349213 0.026033
v -0.457738 1.357720 0.029760
v -0.530330 1.350062 0.034220
v -0.527360 1.357974 0.045050
v -0.589846 1.349222 0.051775
v -0.589949 1.336487 0.050110
v -0.591811 1.328812 0.045015
v -0.644509 1.333410 0.065103
v -0.646440 1.327923 0.058616
v -0.648882 1.326876 0.050513
v -0.650874 1.331268 0.043835
v -0.702780 1.324948 0.064002
v -0.704809 1.330996 0.056977
v -0.705733 1.337307 0.051705
v -0.651640 1.339849 0.042121
v -0.706611 1.342514 0.045677
v -0.734581 1.334533 0.051809
v -0.734581 1.334533 0.051809
v -0.729363 1.325455 0.062458
v -0.720911 1.321092 0.082450
v -0.699508 1.324340 0.074412
v -0.696886 1.332057 0.086115
v -0.644128 1.343808 0.069883
v -0.694261 1.335883 0.095690
v -0.586695 1.354497 0.064261
v -0.644128 1.343808 0.069883
v -0.589846 1.349222 0.051775
v -0.524369 1.364489 0.054386
v -0.585359 1.359097 0.072857
v -0.586051 1.368540 0.074337
v -0.524213 1.376342 0.055312
v -0.475976 1.389174 0.032860
v -0.526101 1.389264 0.050449
v -0.479904 1.396815 0.020279
v -0.530069 1.395919 0.039509
v -0.534264 1.393282 0.026751
v -0.460776 1.392459 0.000862
v -0.484973 1.393655 0.006417
v -0.457799 1.393855 0.015631
v -0.536167 1.383267 0.018992
v -0.487829 1.381987 -0.000605
v -0.537139 1.375671 0.013572
v -0.464055 1.378272 -0.007656
v -0.490224 1.377070 -0.009015
v -0.540669 1.377786 0.004312
v -0.465020 1.376568 -0.022672
v -0.494434 1.375487 -0.019410
v -0.467848 1.371673 -0.034537
v -0.497550 1.367774 -0.027637
v -0.470578 1.364311 -0.039699
v -0.467848 1.371673 -0.034537
v -0.497550 1.367774 -0.027637
v -0.470578 1.364311 -0.039699
v -0.498215 1.356719 -0.028670
v -0.544136 1.372318 -0.005590
v -0.471344 1.353565 -0.039098
v -0.594538 1.378007 0.045027
v -0.593326 1.384432 0.052825
v -0.590920 1.384569 0.063251
v -0.646567 1.375230 0.078934
v -0.644176 1.368647 0.085448
v -0.642206 1.360087 0.088157
v -0.641064 1.351890 0.087390
v -0.692689 1.340270 0.102447
v -0.641795 1.347192 0.080691
v -0.694261 1.335883 0.095690
v -0.719794 1.330514 0.110890
v -0.719181 1.327883 0.099430
v -0.588173 1.378316 0.071329
v -0.729363 1.325455 0.062458
v -0.722252 1.347936 0.116730
v -0.470156 1.342370 -0.033255
v -0.466939 1.338638 -0.020761
v -0.453425 1.336194 -0.018790
v -0.449296 1.340453 -0.018808
v -0.438403 1.323030 -0.009565
v -0.438403 1.323030 -0.009565
v -0.457738 1.357720 0.029760
v -0.444308 1.369123 0.021097
v 0.048924 0.974458 0.044258
v 0.065018 0.959549 0.038667
v 0.064755 0.985445 0.039975
v 0.000001 1.401711 0.132414
v 0.015697 1.396772 0.137160
v 0.013946 1.411787 0.119906
v 0.009737 1.364771 0.155956
v 0.022367 1.379984 0.138149
v 0.000001 1.364425 0.157550
v 0.044873 1.099950 0.041023
v 0.052246 1.077090 0.020347
v 0.051103 1.084633 0.020626
v 0.015394 1.093817 0.018932
v 0.026730 1.436245 -0.012687
v 0.017102 1.422229 -0.020438
v 0.017078 1.435575 -0.015430
v 0.032278 0.860309 0.123765
v 0.040457 0.852545 0.104206
v 0.043874 0.870613 0.098517
v 0.051061 0.854412 0.067368
v 0.038186 0.870045 0.094061
v 0.020628 0.971089 -0.021214
v 0.021541 0.942961 -0.024995
v 0.005899 0.968604 -0.040934
v 0.050131 1.005435 0.006147
v 0.053723 0.989320 -0.019931
v 0.044837 0.981365 -0.003980
v 0.038264 0.963165 -0.007626
v 0.021541 0.942961 -0.024995
v 0.020628 0.971089 -0.021214
v 0.027029 1.236627 -0.019920
v 0.037866 1.241201 -0.010966
v 0.022426 1.230810 -0.010916
v 0.022392 1.330710 -0.036614
v 0.034281 1.325008 -0.035680
v 0.030854 1.318807 -0.042498
v 0.058527 1.320496 -0.048563
v 0.030854 1.318807 -0.042498
v 0.034281 1.325008 -0.035680
v 0.011624 1.523724 0.021532
v 0.023623 1.538592 0.035176
v 0.021507 1.521446 0.028181
v 0.041660 0.861691 0.065496
v 0.027482 0.867465 0.090184
v 0.038186 0.870045 0.094061
v 0.025639 0.878823 0.104385
v 0.043269 0.894473 0.095071
v 0.188814 1.392010 0.000539
v 0.186793 1.406531 0.042742
v 0.176524 1.388977 0.037208
v 0.168898 1.399594 0.044427
v 0.164268 1.377842 0.024868
v 0.148717 1.392596 0.043897
v 0.140008 1.381184 0.060803
v 0.148717 1.392596 0.043897
v 0.140194 1.386465 0.067118
v 0.144986 1.384130 0.045070
v 0.144419 1.406200 0.048331
v 0.157539 1.365667 -0.004975
v 0.149259 1.351929 -0.015749
v 0.143853 1.353275 -0.038526
v 0.150237 1.367203 0.023646
v 0.150237 1.367203 0.023646
v 0.153276 1.328576 0.059330
v 0.158895 1.324297 0.045519
v 0.158895 1.324297 0.045519
v 0.157370 1.351147 0.009330
v 0.150237 1.367203 0.023646
v 0.159548 1.334499 0.001822
v 0.149259 1.351929 -0.015749
v 0.152220 1.336395 0.067335
v 0.070031 0.880702 0.034979
v 0.070430 0.854249 0.034347
v 0.082500 0.883845 0.021015
v 0.074953 0.875786 0.001934
v 0.066848 0.954954 -0.022823
v 0.051043 0.935792 -0.019553
v 0.056227 0.970153 -0.015164
v 0.056213 0.921224 -0.051965
v 0.061315 0.912538 -0.053541
v 0.054511 0.915292 -0.052185
v 0.035761 0.930450 -0.017291
v 0.040730 0.908778 -0.015436
v 0.023078 0.922246 -0.015884
v 0.035761 0.930450 -0.017291
v 0.021541 0.942961 -0.024995
v 0.059193 0.911219 0.107219
v 0.083819 0.936148 0.084952
v 0.050998 0.908556 0.101729
v 0.063963 0.921294 0.074870
v 0.050998 0.908556 0.101729
v 0.083819 0.936148 0.084952
v 0.068881 0.941813 0.055168
v 0.086364 0.961214 0.064338
v 0.014196 0.872155 0.107207
v 0.010442 0.863249 0.109270
v 0.000001 0.872503 0.122889
v 0.010885 0.882128 0.118870
v 0.000001 0.879241 0.120976
v 0.029964 1.231075 0.169064
v 0.000001 1.221199 0.172173
v 0.024925 1.220146 0.165235
v 0.075302 1.212768 0.159363
v 0.024925 1.220146 0.165235
v 0.070745 1.204588 0.152814
v 0.000001 1.209216 0.163000
v 0.022995 1.207402 0.158084
v 0.146773 1.441420 -0.007034
v 0.107577 1.451727 -0.012556
v 0.127755 1.454028 0.012070
v 0.032506 0.991696 0.053196
v 0.039013 1.021045 0.056827
v 0.034315 1.003674 0.068509
v 0.048467 1.013190 0.043630
v 0.085558 0.881121 -0.008464
v 0.070532 0.879826 -0.013898
v 0.084940 0.890676 -0.025024
v 0.049312 0.909094 -0.033378
v 0.057161 0.881316 -0.011065
v 0.069096 0.905442 -0.046024
v 0.075469 0.909884 -0.041736
v 0.084940 0.890676 -0.025024
v 0.091445 0.891697 0.000624
v 0.087388 0.909239 -0.022764
v 0.091445 0.891697 0.000624
v 0.043874 0.870613 0.098517
v 0.063999 0.898594 0.071999
v 0.069688 0.894401 0.089364
v 0.063999 0.898594 0.071999
v 0.072579 0.985021 -0.029180
v 0.098759 0.911673 0.014513
v 0.100602 0.927172 0.003813
v 0.085194 0.940854 -0.013521
v 0.095873 0.975620 0.011406
v 0.115282 0.932967 0.032347
v 0.146537 1.422392 -0.035411
v 0.160368 1.438635 -0.033990
v 0.174873 1.428849 -0.020680
v 0.049072 0.873452 0.043622
v 0.054951 0.898030 0.032505
v 0.038666 0.873393 0.039288
v 0.054951 0.898030 0.032505
v 0.042733 0.896185 0.019515
v 0.095712 1.030655 0.046006
v 0.069830 1.026944 -0.002169
v 0.060141 1.018836 0.011424
v 0.065436 1.014062 0.030823
v 0.036372 1.028360 0.020406
v 0.037920 1.017728 0.009363
v 0.000001 1.545091 0.085028
v 0.017436 1.565822 0.074775
v 0.000001 1.568078 0.076589
v 0.000001 1.573248 0.058796
v 0.017436 1.565822 0.074775
v 0.020569 1.568922 0.059080
v 0.033698 1.546008 0.061411
v 0.017436 1.565822 0.074775
v 0.023790 1.546198 0.080484
v 0.042423 1.420135 0.120672
v 0.081672 1.431748 0.109914
v 0.038638 1.432832 0.113642
v 0.000001 1.416475 0.109847
v 0.010943 1.419785 0.116552
v 0.000001 1.429270 0.103051
v 0.010785 1.434287 0.105947
v 0.050613 1.383831 0.121880
v 0.020009 1.374416 0.120084
v 0.022367 1.379984 0.138149
v 0.058323 1.379895 0.133491
v 0.050613 1.383831 0.121880
v 0.022367 1.379984 0.138149
v 0.000001 1.387302 0.105379
v 0.020009 1.374416 0.120084
v 0.000001 1.369105 0.119908
v 0.025037 1.383229 0.108893
v 0.058681 1.389945 0.111711
v 0.020009 1.374416 0.120084
v 0.054150 1.373406 0.115208
v 0.020155 1.365430 0.123310
v 0.019180 1.365412 0.150573
v 0.017944 1.341473 0.165518
v 0.022015 1.340620 0.159957
v 0.022796 1.355409 0.149342
v 0.023235 1.340815 0.151199
v 0.045678 1.342714 0.149697
v 0.022015 1.340620 0.159957
v 0.053830 1.339643 0.156602
v 0.011114 1.341220 0.168636
v 0.023016 1.318933 0.164458
v 0.022488 1.304187 0.161300
v 0.022767 1.311113 0.157607
v 0.058834 1.362819 0.118030
v 0.022951 1.349900 0.138389
v 0.018942 1.354550 0.129904
v 0.063699 1.368604 0.136080
v 0.063092 1.361022 0.127448
v 0.000001 1.350547 0.130009
v 0.018942 1.354550 0.129904
v 0.022951 1.349900 0.138389
v 0.023235 1.340815 0.151199
v 0.022951 1.349900 0.138389
v 0.022796 1.355409 0.149342
v 0.000001 1.335409 0.135527
v 0.022081 1.336075 0.141591
v 0.040383 1.326498 0.140070
v 0.022081 1.336075 0.141591
v 0.041934 1.337386 0.141719
v 0.023235 1.340815 0.151199
v 0.020379 1.323467 0.140054
v 0.021049 1.312378 0.145443
v 0.000001 1.305706 0.140839
v 0.020379 1.323467 0.140054
v 0.021049 1.312378 0.145443
v 0.021049 1.312378 0.145443
v 0.022767 1.311113 0.157607
v 0.022488 1.304187 0.161300
v 0.062631 0.847547 0.049721
v 0.055575 0.858529 0.052946
v 0.000001 0.996729 0.074784
v 0.032506 0.991696 0.053196
v 0.034315 1.003674 0.068509
v 0.050342 0.958310 0.019429
v 0.048924 0.974458 0.044258
v 0.026486 0.970132 0.024745
v 0.130979 0.971719 0.138531
v 0.122859 0.962830 0.128609
v 0.130914 0.961751 0.138227
v 0.025275 1.056009 0.020720
v 0.047547 1.075524 0.013892
v 0.104878 1.407316 0.004853
v 0.118636 1.384231 0.009447
v 0.113670 1.392648 0.015400
v 0.107671 1.405296 0.034037
v 0.115392 1.391609 0.039373
v 0.122337 1.380546 0.038730
v 0.037920 1.017728 0.009363
v 0.013775 1.041160 0.005743
v 0.036372 1.028360 0.020406
v 0.097382 1.416883 0.021205
v 0.105366 1.403436 0.062178
v 0.097043 1.426927 0.025049
v 0.107288 0.921323 0.108184
v 0.082998 0.895649 0.101180
v 0.110968 0.918499 0.103286
v 0.026730 1.436245 -0.012687
v 0.016459 1.450692 -0.008253
v 0.029390 1.442471 -0.003364
v 0.023451 1.311116 0.017708
v 0.037464 1.345663 -0.000123
v 0.024859 1.350166 0.022625
v 0.035988 1.304389 0.000366
v 0.040633 1.323456 -0.020355
v 0.102628 1.447533 0.026295
v 0.085587 1.385689 0.097359
v 0.082847 1.399909 0.106435
v 0.094879 1.403425 0.091437
v 0.102270 1.414755 0.067555
v 0.092558 1.434073 0.031096
v 0.140443 1.431842 0.067759
v 0.122563 1.420376 0.073692
v 0.133316 1.426344 0.041952
v 0.113041 1.436918 0.095463
v 0.144795 1.442423 0.072880
v 0.161777 1.427842 0.038301
v 0.140443 1.431842 0.067759
v 0.133316 1.426344 0.041952
v 0.067810 1.424143 0.074193
v 0.083074 1.434648 0.053161
v 0.079731 1.421797 0.075291
v 0.093648 1.419932 0.069564
v 0.045107 1.409417 0.089550
v 0.074130 1.410245 0.088956
v 0.111345 1.426945 0.093247
v 0.107432 1.421281 0.089316
v 0.107432 1.421281 0.089316
v 0.109406 1.410062 0.095053
v 0.122563 1.420376 0.073692
v 0.115488 1.388875 0.075961
v 0.099773 1.394139 0.083242
v 0.116023 1.390595 0.092008
v 0.092554 1.373699 0.099012
v 0.115488 1.388875 0.075961
v 0.075861 1.438505 0.093914
v 0.097125 1.443191 0.067265
v 0.066866 1.435964 0.087347
v 0.145825 1.375867 0.048608
v 0.137116 1.374123 0.053011
v 0.135435 1.336448 0.071304
v 0.137116 1.374123 0.053011
v 0.130935 1.364968 0.038717
v 0.122337 1.380546 0.038730
v 0.148951 1.342424 0.075937
v 0.137116 1.374123 0.053011
v 0.140304 1.343182 0.077728
v 0.132117 1.351380 0.030712
v 0.122876 1.378433 0.001285
v 0.118636 1.384231 0.009447
v 0.024137 0.877974 0.150839
v 0.000001 0.867451 0.149727
v 0.022334 0.865668 0.142713
v 0.024364 0.854044 0.125589
v 0.022334 0.865668 0.142713
v 0.020184 1.291758 0.173827
v 0.054239 1.302882 0.165962
v 0.021175 1.303200 0.168372
v 0.016349 1.292110 0.176533
v 0.021175 1.303200 0.168372
v 0.015343 1.315169 0.173489
v 0.045802 1.302023 0.158115
v 0.074345 1.256945 0.163265
v 0.067260 1.261356 0.156953
v 0.022715 1.271192 0.164516
v 0.020184 1.291758 0.173827
v 0.018947 1.265227 0.174577
v 0.022715 1.271192 0.164516
v 0.018947 1.265227 0.174577
v 0.030265 1.247488 0.169991
v 0.074611 1.245396 0.163550
v 0.000001 1.252658 0.180258
v 0.018947 1.265227 0.174577
v 0.000001 1.270340 0.181684
v 0.039764 1.296142 -0.017138
v 0.036249 1.265469 0.005274
v 0.040749 1.267625 -0.012828
v 0.031334 1.271281 -0.018587
v 0.026067 1.284111 -0.031392
v 0.039764 1.296142 -0.017138
v 0.054247 1.268517 -0.025639
v 0.031334 1.271281 -0.018587
v 0.040749 1.267625 -0.012828
v 0.011920 1.236348 -0.027136
v 0.032043 1.244613 -0.028969
v 0.027029 1.236627 -0.019920
v 0.053531 1.299830 -0.026899
v 0.040633 1.323456 -0.020355
v 0.039764 1.296142 -0.017138
v 0.046071 1.289679 -0.032384
v 0.026067 1.284111 -0.031392
v 0.032043 1.244613 -0.028969
v 0.011920 1.236348 -0.027136
v 0.010152 1.258066 -0.034063
v 0.034768 1.298509 -0.044665
v 0.026067 1.284111 -0.031392
v 0.014752 1.297082 -0.041667
v 0.039678 1.288794 -0.040987
v 0.010152 1.258066 -0.034063
v 0.022418 1.268072 -0.024098
v 0.038199 1.254568 -0.032612
v 0.058609 1.314926 -0.029479
v 0.037566 1.326503 -0.028504
v 0.079353 1.434736 -0.058404
v 0.090490 1.439108 -0.061705
v 0.088207 1.431302 -0.064331
v 0.084722 1.415414 -0.064334
v 0.204530 1.415811 0.000519
v 0.199887 1.404502 -0.015716
v 0.022488 1.304187 0.161300
v 0.041574 1.296817 0.151960
v 0.021543 1.298491 0.149772
v 0.000001 1.288143 0.141820
v 0.021543 1.298491 0.149772
v 0.018498 1.287276 0.145428
v 0.036023 1.289142 0.148434
v 0.018498 1.287276 0.145428
v 0.021890 1.267884 0.153512
v 0.026918 1.248039 0.149313
v 0.000001 1.269300 0.142607
v 0.021890 1.267884 0.153512
v 0.021890 1.267884 0.153512
v 0.064081 1.258045 0.146382
v 0.068007 1.255279 0.142067
v 0.066304 1.246810 0.139880
v 0.061464 0.944218 0.024880
v 0.064567 0.915828 0.044150
v 0.051599 0.924093 0.011125
v 0.148546 1.452848 0.022323
v 0.132340 1.455096 0.050225
v 0.166065 1.452726 0.033908
v 0.119657 1.454323 0.038001
v 0.152738 1.339169 -0.063352
v 0.147049 1.333472 -0.057467
v 0.127989 1.330243 -0.049463
v 0.127989 1.330243 -0.049463
v 0.108281 1.323580 -0.049339
v 0.110360 1.305875 -0.055148
v 0.129656 1.300455 -0.031873
v 0.110360 1.305875 -0.055148
v 0.100696 1.311987 -0.045543
v 0.118194 1.296435 -0.027552
v 0.088129 1.307738 -0.034977
v 0.087124 1.305950 -0.062187
v 0.102212 1.300711 -0.057958
v 0.064692 1.309546 -0.054333
v 0.084390 1.315106 -0.055013
v 0.074928 1.328197 -0.070070
v 0.087124 1.305950 -0.062187
v 0.079634 1.331877 -0.052737
v 0.074141 1.350026 -0.054377
v 0.111334 1.298565 -0.065973
v 0.138411 1.279096 -0.037959
v 0.110360 1.305875 -0.055148
v 0.141085 1.293056 -0.037638
v 0.116744 1.320066 -0.033229
v 0.135734 1.305283 -0.000099
v 0.142664 1.301263 -0.003529
v 0.112626 1.322925 -0.024998
v 0.085887 1.329159 -0.040163
v 0.131234 1.373001 0.106966
v 0.123563 1.396239 0.084782
v 0.118067 1.375319 0.109616
v 0.114329 1.400108 0.097533
v 0.123563 1.396239 0.084782
v 0.124059 1.411333 0.076182
v 0.082847 1.399909 0.106435
v 0.090044 1.395785 0.115563
v 0.103215 1.447721 0.081067
v 0.080997 1.437168 0.104075
v 0.106922 1.446331 0.089329
v 0.081454 1.414504 0.105533
v 0.058681 1.389945 0.111711
v 0.082847 1.399909 0.106435
v 0.057113 1.390892 0.100343
v 0.082847 1.399909 0.106435
v 0.060009 1.012330 -0.013481
v 0.064940 0.991763 -0.027864
v 0.185832 1.419315 -0.020672
v 0.177141 1.447042 -0.012164
v 0.182171 1.441102 -0.011791
v 0.109624 1.299815 -0.073483
v 0.094904 1.313789 -0.075996
v 0.112812 1.315337 -0.076241
v 0.108318 1.332530 -0.075720
v 0.087131 1.329183 -0.076499
v 0.087084 1.307434 -0.072825
v 0.133316 1.426344 0.041952
v 0.133192 1.418262 0.046658
v 0.160071 1.415644 0.040064
v 0.160071 1.415644 0.040064
v 0.121503 1.218213 0.082861
v 0.142312 1.203484 0.063410
v 0.125263 1.202762 0.083304
v 0.139157 1.202005 0.091948
v 0.142312 1.203484 0.063410
v 0.154435 1.218220 0.046307
v 0.134146 1.192205 0.092013
v 0.140831 1.190713 0.061544
v 0.152761 1.282637 0.000474
v 0.147243 1.264635 0.043578
v 0.155667 1.264037 0.044127
v 0.163921 1.270739 -0.001095
v 0.164655 1.244829 0.048507
v 0.123644 1.257729 0.089179
v 0.149797 1.270631 0.044725
v 0.128460 1.245836 0.087649
v 0.139413 1.259192 0.022927
v 0.140161 1.249034 0.047656
v 0.141764 1.301730 0.055109
v 0.125616 1.271711 0.094344
v 0.135950 1.278219 0.099885
v 0.133603 1.292096 0.097070
v 0.105287 1.280583 0.130849
v 0.135950 1.278219 0.099885
v 0.106154 1.277806 0.138614
v 0.169369 1.368717 -0.043932
v 0.152460 1.339492 -0.029068
v 0.143853 1.353275 -0.038526
v 0.128101 1.307992 -0.072893
v 0.129846 1.308104 -0.066671
v 0.114515 0.966836 0.054981
v 0.101693 0.995299 0.016844
v 0.125904 0.994639 0.057750
v 0.084180 0.982793 -0.022328
v 0.122736 1.030730 0.033546
v 0.093951 1.019090 -0.006509
v 0.065247 0.837964 0.045229
v 0.071653 0.844612 0.023485
v 0.051266 0.828651 0.037079
v 0.063410 0.839502 0.015834
v 0.148474 1.017408 0.076964
v 0.139352 0.974688 0.100058
v 0.128125 0.946720 0.102936
v 0.125861 0.953052 0.090767
v 0.122709 0.925975 0.062096
v 0.120407 0.922793 0.079271
v 0.146376 0.958599 0.127661
v 0.126182 0.944007 0.110630
v 0.123154 0.944802 0.114457
v 0.142716 0.967253 0.137219
v 0.138015 0.958947 0.136150
v 0.142716 0.967253 0.137219
v 0.138015 0.958947 0.136150
v 0.119183 0.948180 0.116828
v 0.101026 0.926033 0.109298
v 0.123154 0.944802 0.114457
v 0.095641 0.930387 0.105890
v 0.116638 0.954527 0.116195
v 0.090283 0.933958 0.098274
v 0.073884 0.901758 0.115779
v 0.067403 0.907662 0.114200
v 0.048263 0.885772 0.134445
v 0.041739 0.893978 0.132386
v 0.032973 0.896221 0.125310
v 0.021092 0.886143 0.145696
v 0.014848 0.888333 0.133873
v 0.026264 0.890822 0.114487
v 0.000001 0.885897 0.149687
v 0.000001 0.887592 0.135742
v 0.010885 0.882128 0.118870
v 0.012694 0.857272 0.115211
v 0.017220 0.853669 0.121527
v 0.000001 0.868479 0.132162
v 0.000001 0.872503 0.122889
v 0.028103 0.842605 0.101095
v 0.022016 0.846841 0.095988
v 0.010442 0.863249 0.109270
v 0.030700 0.844218 0.060787
v 0.018271 0.854027 0.091697
v 0.027326 0.855790 0.060618
v 0.018271 0.854027 0.091697
v 0.019041 0.862444 0.089132
v 0.032623 0.863254 0.063590
v 0.034883 0.849229 0.041878
v 0.031753 0.860696 0.045539
v 0.036640 0.866797 0.049992
v 0.040040 0.891966 0.008138
v 0.040114 0.854281 0.025915
v 0.034970 0.865154 0.032197
v 0.036870 0.910229 -0.005748
v 0.045374 0.886515 -0.002141
v 0.038862 0.915510 0.002327
v 0.022822 0.926140 -0.007493
v 0.036870 0.910229 -0.005748
v 0.038862 0.915510 0.002327
v 0.028261 0.944767 0.003784
v 0.051599 0.924093 0.011125
v 0.000001 0.943065 -0.031742
v 0.065018 0.959549 0.038667
v 0.076400 0.977072 0.044624
v 0.065018 0.959549 0.038667
v 0.090288 1.009583 0.045375
v 0.110708 0.994432 0.076463
v 0.086364 0.961214 0.064338
v 0.115496 0.973875 0.098265
v 0.120349 1.016616 0.086929
v 0.125156 0.993776 0.112294
v 0.123148 0.975330 0.126435
v 0.135645 1.000216 0.118797
v 0.146969 0.997399 0.117942
v 0.132088 1.026127 0.088394
v 0.146969 0.997399 0.117942
v 0.152940 0.991566 0.113955
v 0.150190 0.966141 0.130829
v 0.044996 0.865794 0.052397
v 0.041660 0.861691 0.065496
v 0.044996 0.865794 0.052397
v 0.117229 1.041377 0.035140
v 0.143397 1.025529 0.081642
v 0.143397 1.025529 0.081642
v 0.085822 1.026120 -0.009637
v 0.105828 1.042806 0.040353
v 0.117229 1.041377 0.035140
v 0.000001 0.929647 -0.006820
v 0.000001 0.948402 0.004855
v 0.000001 0.925587 -0.023036
v 0.048386 0.844103 0.020044
v 0.045374 0.886515 -0.002141
v 0.040730 0.908778 -0.015436
v 0.045102 0.827933 0.066313
v 0.041208 0.838802 0.039775
v 0.051266 0.828651 0.037079
v 0.041208 0.838802 0.039775
v 0.040114 0.854281 0.025915
v 0.054069 0.830788 0.068685
v 0.065247 0.837964 0.045229
v 0.056550 0.840513 0.068598
v 0.035445 0.844329 0.104675
v 0.036115 0.834660 0.063664
v 0.000001 0.867451 0.149727
v 0.000001 0.878516 0.156393
v 0.024137 0.877974 0.150839
v 0.026264 0.890822 0.114487
v 0.048387 0.877032 0.128602
v 0.048387 0.877032 0.128602
v 0.049988 0.874194 0.114330
v 0.077935 0.897026 0.113002
v 0.032278 0.860309 0.123765
v 0.077935 0.897026 0.113002
v 0.117019 0.964154 0.109795
v 0.085822 1.026120 -0.009637
v 0.066848 0.954954 -0.022823
v 0.074084 0.949379 -0.022599
v 0.058722 0.933406 -0.040673
v 0.070359 0.925395 -0.037800
v 0.130043 1.324564 -0.075461
v 0.152738 1.339169 -0.063352
v 0.128101 1.307992 -0.072893
v 0.111334 1.298565 -0.065973
v 0.139723 1.353828 -0.067396
v 0.127386 1.367525 -0.066510
v 0.097492 1.358843 -0.074959
v 0.202066 1.427734 0.002928
v 0.193963 1.435799 0.024063
v 0.201324 1.418969 0.021098
v 0.192057 1.417447 0.037732
v 0.078080 1.356397 -0.074795
v 0.089376 1.390225 -0.068273
v 0.071558 1.358104 -0.064741
v 0.073447 1.389161 -0.067256
v 0.074928 1.328197 -0.070070
v 0.073678 1.415817 -0.059266
v 0.070585 1.411249 -0.049270
v 0.069898 1.387012 -0.056768
v 0.204363 1.414139 -0.018412
v 0.114083 1.395132 -0.059352
v 0.148813 1.398627 -0.047414
v 0.110363 1.417109 -0.054331
v 0.111716 1.429880 -0.059610
v 0.110580 1.438848 -0.059492
v 0.107877 1.442268 -0.044145
v 0.158460 1.443913 -0.030460
v 0.110580 1.438848 -0.059492
v 0.090490 1.439108 -0.061705
v 0.092429 1.447931 -0.013319
v 0.090595 1.444609 -0.045672
v 0.169371 1.386338 -0.047702
v 0.204363 1.414139 -0.018412
v 0.199654 1.415324 -0.021321
v 0.048073 1.398883 0.120057
v 0.037672 1.408637 0.116739
v 0.161777 1.427842 0.038301
v 0.194207 1.428891 0.024435
v 0.193963 1.435799 0.024063
v 0.179293 1.436373 0.050025
v 0.193963 1.435799 0.024063
v 0.204530 1.415811 0.000519
v 0.202066 1.427734 0.002928
v 0.201324 1.418969 0.021098
v 0.192057 1.417447 0.037732
v 0.174642 1.378500 -0.048824
v 0.174642 1.378500 -0.048824
v 0.149063 1.346440 -0.067152
v 0.149063 1.346440 -0.067152
v 0.158720 1.307755 -0.011924
v 0.162433 1.321391 -0.005709
v 0.160646 1.285201 0.022790
v 0.165178 1.291233 0.033203
v 0.161701 1.304643 0.040608
v 0.142405 1.324322 -0.038486
v 0.158720 1.307755 -0.011924
v 0.160646 1.285201 0.022790
v 0.142405 1.324322 -0.038486
v 0.068070 1.281184 0.146746
v 0.064407 1.280067 0.162050
v 0.106939 1.283024 0.151398
v 0.064407 1.280067 0.162050
v 0.106154 1.277806 0.138614
v 0.141225 1.289291 0.119885
v 0.135950 1.278219 0.099885
v 0.099953 1.292976 0.152962
v 0.136389 1.299932 0.127985
v 0.145169 1.319761 0.103243
v 0.151131 1.312340 0.099866
v 0.127995 1.307663 0.129867
v 0.059764 1.293081 0.168780
v 0.093081 1.302570 0.153321
v 0.085160 1.306722 0.148707
v 0.118365 1.313606 0.128345
v 0.136110 1.323187 0.103741
v 0.110607 1.307687 0.124442
v 0.085160 1.306722 0.148707
v 0.118365 1.313606 0.128345
v 0.130240 1.317052 0.099844
v 0.136110 1.323187 0.103741
v 0.132875 1.327639 0.065303
v 0.130240 1.317052 0.099844
v 0.136110 1.323187 0.103741
v 0.127044 1.308212 0.096178
v 0.127706 1.298693 0.094475
v 0.105701 1.297881 0.122372
v 0.078447 1.301307 0.143433
v 0.073052 1.292777 0.140580
v 0.103640 1.287873 0.124327
v 0.143029 1.309811 0.057584
v 0.127706 1.298693 0.094475
v 0.135616 1.317062 0.059631
v 0.127044 1.308212 0.096178
v 0.133603 1.292096 0.097070
v 0.141568 1.334243 0.018752
v 0.134397 1.340173 0.023493
v 0.119908 1.358790 -0.006854
v 0.120578 1.367320 -0.001489
v 0.082879 1.369201 -0.025833
v 0.083689 1.378602 -0.024206
v 0.085734 1.360671 -0.036450
v 0.122565 1.353168 -0.013908
v 0.137210 1.325549 0.013517
v 0.117065 1.342494 -0.015242
v 0.133686 1.316318 0.007700
v 0.135684 1.293256 0.049191
v 0.081963 1.335961 -0.031706
v 0.113987 1.332643 -0.018463
v 0.081974 1.349877 -0.029167
v 0.045802 1.302023 0.158115
v 0.154131 1.301387 0.092504
v 0.022715 1.271192 0.164516
v 0.022715 1.271192 0.164516
v 0.140531 1.280921 0.044058
v 0.109984 1.264260 0.135179
v 0.125616 1.271711 0.094344
v 0.102379 1.261683 0.127560
v 0.097969 1.251163 0.119823
v 0.123644 1.257729 0.089179
v 0.100236 1.239444 0.119967
v 0.126562 1.230683 0.087349
v 0.128460 1.245836 0.087649
v 0.069183 1.234359 0.143516
v 0.100720 1.228244 0.119402
v 0.026918 1.248039 0.149313
v 0.065583 1.224833 0.137229
v 0.096805 1.202709 0.114702
v 0.096367 1.217502 0.113719
v 0.062794 1.213561 0.136033
v 0.027164 1.226156 0.146375
v 0.058487 1.202097 0.135529
v 0.110149 1.178497 0.074371
v 0.092400 1.191723 0.111587
v 0.121662 1.191099 0.076493
v 0.051987 1.194884 0.130492
v 0.083901 1.179510 0.105851
v 0.022156 1.211333 0.139843
v 0.047087 1.186714 0.130093
v 0.108778 1.152669 0.070800
v 0.077937 1.165753 0.104534
v 0.105380 1.164325 0.070504
v 0.045433 1.179092 0.133965
v 0.079181 1.155466 0.109262
v 0.019755 1.199988 0.148183
v 0.047766 1.175214 0.140775
v 0.019755 1.199988 0.148183
v 0.045433 1.179092 0.133965
v 0.079181 1.155466 0.109262
v 0.117828 1.153787 0.077818
v 0.085566 1.152498 0.116723
v 0.053810 1.178821 0.146300
v 0.092990 1.160992 0.120646
v 0.138228 1.179042 0.051178
v 0.130275 1.176552 0.087986
v 0.124115 1.163046 0.083188
v 0.133717 1.170437 0.043625
v 0.117828 1.153787 0.077818
v 0.102175 1.171568 0.124728
v 0.124115 1.163046 0.083188
v 0.130275 1.176552 0.087986
v 0.106300 1.186881 0.125863
v 0.060094 1.184665 0.150480
v 0.066272 1.193706 0.151673
v 0.000001 1.230154 0.140887
v 0.022156 1.211333 0.139843
v 0.027164 1.226156 0.146375
v 0.000001 1.202335 0.149123
v 0.000001 1.213881 0.138585
v 0.022995 1.207402 0.158084
v 0.000001 1.202335 0.149123
v 0.019755 1.199988 0.148183
v 0.123496 1.380929 0.062022
v 0.137116 1.374123 0.053011
v 0.030265 1.247488 0.169991
v 0.000001 1.238316 0.178274
v 0.029964 1.231075 0.169064
v 0.075465 1.225736 0.157535
v 0.073695 1.234859 0.158010
v 0.116361 1.218855 0.135046
v 0.113592 1.229749 0.133352
v 0.144284 1.249254 0.103921
v 0.143025 1.237944 0.097814
v 0.147162 1.223993 0.098885
v 0.116738 1.240604 0.139168
v 0.164655 1.244829 0.048507
v 0.160391 1.231232 0.047053
v 0.148383 1.210278 0.097016
v 0.117502 1.205741 0.135984
v 0.109928 1.197760 0.128119
v 0.157948 1.257656 -0.000188
v 0.164655 1.244829 0.048507
v 0.160391 1.231232 0.047053
v 0.152354 1.244520 0.000020
v 0.154435 1.218220 0.046307
v 0.135122 1.266417 -0.035277
v 0.127100 1.257795 -0.027044
v 0.140108 1.239347 0.007259
v 0.123179 1.262156 -0.014298
v 0.140108 1.239347 0.007259
v 0.133559 1.247959 0.013753
v 0.133630 1.231948 0.048266
v 0.142312 1.203484 0.063410
v 0.131054 1.272386 -0.006565
v 0.108657 1.285779 -0.028074
v 0.141199 1.281411 -0.000586
v 0.078965 1.296004 -0.032445
v 0.100298 1.274653 -0.032207
v 0.071351 1.285342 -0.036946
v 0.066131 1.284846 -0.048504
v 0.100014 1.273208 -0.045966
v 0.066131 1.284846 -0.048504
v 0.101157 1.283533 -0.054452
v 0.100014 1.273208 -0.045966
v 0.127100 1.257795 -0.027044
v 0.034768 1.298509 -0.044665
v 0.063175 1.295310 -0.054203
v 0.039678 1.288794 -0.040987
v 0.163921 1.270739 -0.001095
v 0.158008 1.271720 0.052102
v 0.155667 1.264037 0.044127
v 0.155047 1.280865 0.074014
v 0.116651 1.253972 0.142602
v 0.143903 1.264373 0.105418
v 0.109984 1.264260 0.135179
v 0.139874 1.196639 0.026449
v 0.136168 1.189951 0.016781
v 0.123728 1.168425 0.037575
v 0.108778 1.152669 0.070800
v 0.117898 1.179290 0.039724
v 0.127492 1.187636 0.010172
v 0.123728 1.168425 0.037575
v 0.105380 1.164325 0.070504
v 0.108778 1.152669 0.070800
v 0.121497 1.192515 0.043730
v 0.119528 1.197461 0.012155
v 0.110149 1.178497 0.074371
v 0.131807 1.203848 0.044650
v 0.122229 1.210243 0.013936
v 0.121662 1.191099 0.076493
v 0.111837 1.226103 -0.010486
v 0.130113 1.221748 0.013338
v 0.116492 1.237554 -0.013938
v 0.140071 1.224429 0.006348
v 0.141966 1.203196 0.036866
v 0.137669 1.217796 -0.003307
v 0.121988 1.245338 -0.022616
v 0.140071 1.224429 0.006348
v 0.141966 1.203196 0.036866
v 0.130982 1.211467 -0.011607
v 0.119554 1.240035 -0.032906
v 0.120802 1.207754 -0.015748
v 0.110043 1.233239 -0.035660
v 0.127492 1.187636 0.010172
v 0.111317 1.213875 -0.011642
v 0.099547 1.225910 -0.035373
v 0.120802 1.207754 -0.015748
v 0.091721 1.227266 -0.026582
v 0.063316 1.236616 -0.028270
v 0.089837 1.238107 -0.021744
v 0.063167 1.243370 -0.019612
v 0.089814 1.250753 -0.025511
v 0.088160 1.261213 -0.032670
v 0.061186 1.258442 -0.021453
v 0.121988 1.245338 -0.022616
v 0.080938 1.258580 -0.041423
v 0.054247 1.268517 -0.025639
v 0.088160 1.261213 -0.032670
v 0.073498 1.249469 -0.040881
v 0.044548 1.264710 -0.032410
v 0.067182 1.240302 -0.037915
v 0.099547 1.225910 -0.035373
v 0.067182 1.240302 -0.037915
v 0.037866 1.241201 -0.010966
v 0.133630 1.231948 0.048266
v 0.140161 1.249034 0.047656
v 0.149797 1.270631 0.044725
v 0.147243 1.264635 0.043578
v 0.067260 1.261356 0.156953
v 0.152036 1.291418 0.082127
v 0.152036 1.291418 0.082127
v 0.155047 1.280865 0.074014
v 0.158008 1.271720 0.052102
v 0.141085 1.293056 -0.037638
v 0.136657 1.394841 0.075356
v 0.134076 1.410026 0.055811
v 0.123563 1.396239 0.084782
v 0.134076 1.410026 0.055811
v 0.133192 1.418262 0.046658
v 0.133316 1.426344 0.041952
v 0.109624 1.299815 -0.073483
v 0.177981 1.442440 0.043414
v 0.142712 1.450423 0.065135
v 0.144795 1.442423 0.072880
v 0.022367 1.379984 0.138149
v 0.015697 1.396772 0.137160
v 0.022367 1.379984 0.138149
v 0.083563 1.422065 0.110746
v 0.010943 1.419785 0.116552
v 0.010785 1.434287 0.105947
v 0.142712 1.450423 0.065135
v 0.132340 1.455096 0.050225
v 0.075861 1.438505 0.093914
v 0.097125 1.443191 0.067265
v 0.119657 1.454323 0.038001
v 0.040854 1.436806 0.103452
v 0.012747 1.431291 0.091730
v 0.010785 1.434287 0.105947
v 0.040854 1.436806 0.103452
v 0.022398 1.424979 0.084460
v 0.039826 1.430032 0.090610
v 0.040839 1.426070 0.084994
v 0.060562 1.432362 0.078838
v 0.041445 1.417611 0.083701
v 0.000001 1.424922 0.083285
v 0.022713 1.413849 0.085329
v 0.000001 1.413016 0.085031
v 0.022992 1.404231 0.093640
v 0.022713 1.413849 0.085329
v 0.024580 1.393022 0.101002
v 0.000001 1.402790 0.093956
v 0.051087 1.399660 0.097044
v 0.022992 1.404231 0.093640
v 0.025037 1.383229 0.108893
v 0.024580 1.393022 0.101002
v 0.012747 1.431291 0.091730
v 0.000001 1.431257 0.092670
v 0.000001 1.429270 0.103051
v 0.013946 1.411787 0.119906
v 0.096907 1.386176 0.116887
v 0.096907 1.386176 0.116887
v 0.116023 1.390595 0.092008
v 0.113299 1.365523 0.105408
v 0.123415 1.368373 0.082098
v 0.114958 1.351679 0.103095
v 0.133647 1.358599 0.080675
v 0.141159 1.359634 0.087461
v 0.132403 1.342585 0.099458
v 0.140008 1.381184 0.060803
v 0.139972 1.366442 0.098095
v 0.134909 1.343322 0.107972
v 0.141159 1.359634 0.087461
v 0.140194 1.386465 0.067118
v 0.140008 1.381184 0.060803
v 0.132499 1.348679 0.120186
v 0.136657 1.394841 0.075356
v 0.092315 1.335320 0.145755
v 0.120394 1.355829 0.125850
v 0.083990 1.344768 0.145585
v 0.101610 1.361721 0.127887
v 0.094125 1.353707 0.120786
v 0.074680 1.350987 0.141313
v 0.101610 1.361721 0.127887
v 0.118067 1.375319 0.109616
v 0.093501 1.340122 0.120462
v 0.068154 1.344326 0.133803
v 0.100610 1.331816 0.120340
v 0.066245 1.331886 0.133374
v 0.107573 1.330908 0.129992
v 0.065637 1.320860 0.138253
v 0.134909 1.343322 0.107972
v 0.064789 1.319819 0.149980
v 0.107573 1.330908 0.129992
v 0.022767 1.311113 0.157607
v 0.060916 1.327935 0.158111
v 0.023016 1.318933 0.164458
v 0.064789 1.319819 0.149980
v 0.022767 1.311113 0.157607
v 0.045678 1.342714 0.149697
v 0.074680 1.350987 0.141313
v 0.118960 1.381396 0.086405
v 0.110360 1.305875 -0.055148
v 0.065364 1.320395 -0.039600
v 0.028770 1.034458 0.083168
v 0.000001 1.031361 0.088811
v 0.028770 1.034458 0.083168
v 0.000001 1.050884 0.082168
v 0.000001 1.031361 0.088811
v 0.039013 1.021045 0.056827
v 0.028770 1.034458 0.083168
v 0.034315 1.003674 0.068509
v 0.032594 1.112040 0.077197
v 0.000001 1.084734 0.092129
v 0.041625 1.086240 0.081311
v 0.052290 1.088016 0.055404
v 0.032594 1.112040 0.077197
v 0.041625 1.086240 0.081311
v 0.000001 1.149939 0.075718
v 0.026269 1.150290 0.068556
v 0.033034 1.142619 0.039530
v 0.026269 1.150290 0.068556
v 0.000001 1.194899 0.063563
v 0.025823 1.193066 0.057190
v 0.025823 1.193066 0.057190
v 0.000001 1.237912 0.046702
v 0.024732 1.237616 0.038865
v 0.034545 1.187707 0.029084
v 0.024732 1.237616 0.038865
v 0.000001 1.275687 0.033796
v 0.024548 1.273212 0.026927
v 0.036961 1.228019 0.008595
v 0.023451 1.311116 0.017708
v 0.024548 1.273212 0.026927
v 0.024859 1.350166 0.022625
v 0.000001 1.313026 0.023742
v 0.023451 1.311116 0.017708
v 0.025654 1.397817 0.033002
v 0.000001 1.352019 0.029609
v 0.028243 1.474847 0.062433
v 0.000001 1.434840 0.051846
v 0.026993 1.437313 0.046924
v 0.000001 1.396195 0.038678
v 0.000001 1.572353 0.045800
v 0.015689 1.562697 0.038880
v 0.000001 1.567724 0.035660
v 0.011050 1.551080 0.033533
v 0.014752 1.297082 -0.041667
v 0.003461 1.309469 -0.070006
v 0.010962 1.325567 -0.049162
v 0.002401 1.337646 -0.069502
v 0.000001 1.325947 -0.048898
v 0.000001 1.337846 -0.069787
v 0.003034 1.400694 -0.055220
v 0.000001 1.403715 -0.055212
v 0.002787 1.404055 -0.054877
v 0.016697 1.469481 0.002094
v 0.033377 1.479265 0.006022
v 0.029292 1.464926 0.003353
v 0.040427 1.484085 0.012441
v 0.048249 1.489763 0.022650
v 0.044207 1.481276 0.022022
v 0.018805 1.568027 0.045357
v 0.028243 1.474847 0.062433
v 0.037517 1.517932 0.054235
v 0.026318 1.515267 0.075250
v 0.000001 1.473524 0.068890
v 0.026318 1.515267 0.075250
v 0.000001 1.514314 0.080712
v 0.023790 1.546198 0.080484
v 0.038173 1.479493 0.038329
v 0.026993 1.437313 0.046924
v 0.038828 1.445651 0.028182
v 0.036834 1.400759 0.016534
v 0.025654 1.397817 0.033002
v 0.022715 1.271192 0.164516
v 0.075010 1.433729 -0.044420
v 0.079353 1.434736 -0.058404
v 0.075010 1.433729 -0.044420
v 0.058527 1.320496 -0.048563
v 0.031334 1.271281 -0.018587
v 0.022418 1.268072 -0.024098
v 0.000001 1.270340 0.181684
v 0.000001 1.293383 0.180576
v 0.000001 1.316592 0.176243
v 0.000001 1.341302 0.169303
v 0.083194 1.387375 -0.029445
v 0.081749 1.391763 -0.024495
v 0.145825 1.375867 0.048608
v 0.145825 1.375867 0.048608
v 0.081545 1.401890 0.089672
v 0.094879 1.403425 0.091437
v 0.098533 1.376029 0.109927
v 0.091902 1.433080 0.047021
v 0.045185 1.056497 0.045966
v 0.044873 1.099950 0.041023
v 0.022796 1.355409 0.149342
v 0.063699 1.368604 0.136080
v 0.020155 1.365430 0.123310
v 0.049072 0.873452 0.043622
v 0.055575 0.858529 0.052946
v 0.044996 0.865794 0.052397
v 0.062631 0.847547 0.049721
v 0.062441 0.864413 0.042532
v 0.047882 1.083771 0.015168
v 0.085237 1.448018 0.065299
v 0.076837 1.450941 0.059795
v 0.002580 1.048640 -0.009203
v 0.004346 1.065276 0.010784
v 0.014302 1.074984 0.015474
v 0.135950 1.278219 0.099885
v 0.152036 1.291418 0.082127
v 0.149797 1.270631 0.044725
v 0.149797 1.270631 0.044725
v 0.123563 1.396239 0.084782
v 0.000001 0.969916 -0.042059
v 0.157370 1.351147 0.009330
v 0.021543 1.298491 0.149772
v 0.003662 1.029549 -0.021784
v 0.002580 1.048640 -0.009203
v 0.075070 1.441659 0.053431
v 0.020214 1.006946 -0.007286
v 0.005717 1.011967 -0.032570
v 0.079634 1.331877 -0.052737
v 0.084390 1.315106 -0.055013
v 0.140831 1.190713 0.061544
v 0.019180 1.365412 0.150573
v 0.097098 1.449876 0.003361
v 0.089470 1.446271 0.023524
v 0.092147 1.451008 0.026545
v 0.087551 1.453082 0.055360
v 0.102628 1.447533 0.026295
v 0.097125 1.443191 0.067265
v 0.085237 1.448018 0.065299
v 0.073857 1.462331 0.042267
v 0.076837 1.450941 0.059795
v 0.076837 1.450941 0.059795
v 0.071547 1.453935 0.040652
v 0.075070 1.441659 0.053431
v 0.069314 1.455699 0.022700
v 0.077500 1.446318 0.035952
v 0.091902 1.433080 0.047021
v 0.083074 1.434648 0.053161
v 0.089470 1.446271 0.023524
v 0.089470 1.446271 0.023524
v 0.084390 1.315106 -0.055013
v 0.084390 1.315106 -0.055013
v 0.204363 1.414139 -0.018412
v 0.177843 1.451035 0.009843
v 0.183089 1.445303 0.016214
v 0.183089 1.445303 0.016214
v 0.166065 1.452726 0.033908
v 0.177843 1.451035 0.009843
v 0.177141 1.447042 -0.012164
v 0.002568 1.082953 -0.006885
v 0.014302 1.074984 0.015474
v 0.002511 1.078187 -0.009393
v 0.004346 1.065276 0.010784
v 0.015394 1.093817 0.018932
v 0.005471 1.098507 0.010248
v 0.000001 1.111213 -0.009050
v 0.015248 1.126100 0.016261
v 0.014902 1.108624 0.015351
v 0.000001 1.111213 -0.009050
v 0.014902 1.108624 0.015351
v 0.005471 1.098507 0.010248
v 0.008289 1.131030 0.011398
v 0.044873 1.099950 0.041023
v 0.043032 1.114594 0.017496
v 0.046481 1.115632 0.022950
v 0.044950 1.121478 0.022479
v 0.041564 1.120445 0.016998
v 0.033034 1.142619 0.039530
v 0.014902 1.108624 0.015351
v 0.015248 1.126100 0.016261
v 0.013775 1.041160 0.005743
v 0.025275 1.056009 0.020720
v 0.015394 1.093817 0.018932
v 0.015394 1.093817 0.018932
v 0.015394 1.093817 0.018932
v 0.045185 1.056497 0.045966
v 0.036372 1.028360 0.020406
v 0.045545 1.047066 0.059039
v 0.030249 1.052520 0.077268
v 0.000001 1.070831 0.083312
v 0.038777 1.072174 0.074790
v 0.030249 1.052520 0.077268
v 0.061464 0.944218 0.024880
v 0.113687 0.922248 0.032998
v 0.098759 0.911673 0.014513
v 0.087481 0.894465 0.092891
v 0.110994 0.912695 0.091621
v 0.074622 0.893438 0.083311
v 0.064926 0.892647 0.041819
v 0.064926 0.892647 0.041819
v 0.054951 0.898030 0.032505
v 0.070031 0.880702 0.034979
v 0.082500 0.883845 0.021015
v 0.104147 0.894005 0.017802
v 0.092041 0.875919 0.027032
v 0.092041 0.875919 0.027032
v 0.087646 0.869460 0.043111
v 0.074782 0.875227 0.047065
v 0.063999 0.898594 0.071999
v 0.072765 0.874165 0.059185
v 0.076060 0.874368 0.072878
v 0.074622 0.893438 0.083311
v 0.088168 0.873494 0.083676
v 0.087481 0.894465 0.092891
v 0.087883 0.867340 0.058869
v 0.087481 0.894465 0.092891
v 0.110412 0.899457 0.092432
v 0.110994 0.912695 0.091621
v 0.096184 0.880283 0.089388
v 0.120407 0.922793 0.079271
v 0.121017 0.906743 0.085756
v 0.125305 0.908497 0.074991
v 0.122709 0.925975 0.062096
v 0.118466 0.908983 0.035376
v 0.113687 0.922248 0.032998
v 0.098759 0.911673 0.014513
v 0.124704 0.911087 0.061759
v 0.115374 0.893710 0.040162
v 0.109899 0.887429 0.034465
v 0.121116 0.895995 0.066422
v 0.096184 0.880283 0.089388
v 0.113619 0.890989 0.086815
v 0.106932 0.878549 0.074915
v 0.102940 0.876657 0.050192
v 0.102940 0.876657 0.050192
v 0.106932 0.878549 0.074915
v 0.064848 0.916459 -0.052719
v 0.054511 0.915292 -0.052185
v 0.069096 0.905442 -0.046024
v 0.048429 0.919821 -0.045976
v 0.056213 0.921224 -0.051965
v 0.054511 0.915292 -0.052185
v 0.058722 0.933406 -0.040673
v 0.050607 0.924734 -0.047288
v 0.048429 0.919821 -0.045976
v 0.035761 0.930450 -0.017291
v 0.020214 1.006946 -0.007286
v 0.071445 1.013916 -0.020455
v 0.071445 1.013916 -0.020455
v 0.072579 0.985021 -0.029180
v 0.064940 0.991763 -0.027864
v 0.000001 1.138252 -0.012611
v 0.002654 1.143707 -0.013314
v 0.003741 1.139273 -0.010982
v 0.000001 1.267307 -0.058864
v 0.003770 1.273020 -0.059301
v 0.003526 1.267003 -0.057383
v 0.035601 1.205359 -0.007647
v 0.039506 1.212727 -0.004905
v 0.039132 1.206770 -0.003078
v 0.034510 1.212436 -0.009504
v 0.036961 1.228019 0.008595
v 0.034545 1.187707 0.029084
v 0.017758 1.192104 -0.001097
v 0.025854 1.184198 0.014737
v 0.013300 1.212829 -0.014185
v 0.017758 1.192104 -0.001097
v 0.011920 1.236348 -0.027136
v 0.022426 1.230810 -0.010916
v 0.011920 1.236348 -0.027136
v 0.000001 1.238174 -0.049304
v 0.010152 1.258066 -0.034063
v 0.010152 1.258066 -0.034063
v 0.014752 1.297082 -0.041667
v 0.013300 1.212829 -0.014185
v 0.000001 1.204841 -0.034176
v 0.008112 1.227664 -0.025012
v 0.013300 1.212829 -0.014185
v 0.008112 1.227664 -0.025012
v 0.008112 1.227664 -0.025012
v 0.001812 1.232682 -0.047233
v 0.011920 1.236348 -0.027136
v 0.012188 1.143396 0.007657
v 0.011002 1.167368 0.001761
v 0.002934 1.170064 -0.022014
v 0.008211 1.196725 -0.011466
v 0.011002 1.167368 0.001761
v 0.008211 1.196725 -0.011466
v 0.013300 1.212829 -0.014185
v 0.017758 1.192104 -0.001097
v 0.008211 1.196725 -0.011466
v 0.002149 1.201506 -0.031581
v 0.013300 1.212829 -0.014185
v 0.011002 1.167368 0.001761
v 0.038128 1.152755 0.008997
v 0.041185 1.158800 0.013054
v 0.040189 1.153226 0.014847
v 0.033034 1.142619 0.039530
v 0.034545 1.187707 0.029084
v 0.025854 1.184198 0.014737
v 0.025854 1.184198 0.014737
v 0.038453 1.158885 0.007624
v 0.011002 1.167368 0.001761
v 0.012188 1.143396 0.007657
v 0.015248 1.126100 0.016261
v 0.015248 1.126100 0.016261
v 0.008289 1.131030 0.011398
v 0.003311 1.304222 -0.070438
v 0.000001 1.309353 -0.070736
v 0.000001 1.368847 -0.064208
v 0.003508 1.372486 -0.063191
v 0.004122 1.368435 -0.062288
v 0.010962 1.325567 -0.049162
v 0.002134 1.341794 -0.069736
v 0.011887 1.356121 -0.042455
v 0.012324 1.387814 -0.035801
v 0.011887 1.356121 -0.042455
v 0.012324 1.387814 -0.035801
v 0.007497 1.416158 -0.033878
v 0.028276 1.336674 -0.034816
v 0.020306 1.348721 -0.039335
v 0.027689 1.349550 -0.038901
v 0.020575 1.363740 -0.033851
v 0.029413 1.365504 -0.027707
v 0.029699 1.378374 -0.033734
v 0.018656 1.378408 -0.034293
v 0.026131 1.388829 -0.026502
v 0.018484 1.394696 -0.028766
v 0.026171 1.405983 -0.027191
v 0.028003 1.419089 -0.013209
v 0.012324 1.387814 -0.035801
v 0.014831 1.407593 -0.029254
v 0.011887 1.356121 -0.042455
v 0.010962 1.325567 -0.049162
v 0.004778 1.427505 -0.042396
v 0.009330 1.438413 -0.028411
v 0.007497 1.416158 -0.033878
v 0.009330 1.438413 -0.028411
v 0.016459 1.450692 -0.008253
v 0.017078 1.435575 -0.015430
v 0.003255 1.445322 -0.034923
v 0.003457 1.453539 -0.026964
v 0.009330 1.438413 -0.028411
v 0.007497 1.416158 -0.033878
v 0.004315 1.470471 -0.013496
v 0.016697 1.469481 0.002094
v 0.006259 1.460160 -0.025473
v 0.005666 1.489847 -0.000951
v 0.019098 1.487832 0.013118
v 0.008330 1.479561 -0.011820
v 0.007545 1.517604 0.015740
v 0.010404 1.502738 0.005464
v 0.019098 1.487832 0.013118
v 0.005666 1.489847 -0.000951
v 0.003021 1.543326 0.024513
v 0.011050 1.551080 0.033533
v 0.005561 1.528696 0.016462
v 0.037464 1.535054 0.042657
v 0.035112 1.542498 0.036144
v 0.041510 1.542613 0.043112
v 0.044057 1.514029 0.037492
v 0.033713 1.536006 0.036741
v 0.041862 1.503928 0.032254
v 0.039079 1.518095 0.025463
v 0.042431 1.493874 0.015308
v 0.033030 1.555452 0.040382
v 0.035692 1.556264 0.047171
v 0.018805 1.568027 0.045357
v 0.020569 1.568922 0.059080
v 0.015689 1.562697 0.038880
v 0.023623 1.538592 0.035176
v 0.021507 1.521446 0.028181
v 0.038173 1.479493 0.038329
v 0.019098 1.487832 0.013118
v 0.037338 1.507024 0.024103
v 0.030669 1.461040 -0.005003
v 0.026730 1.436245 -0.012687
v 0.049962 1.427631 -0.021987
v 0.028003 1.419089 -0.013209
v 0.026171 1.405983 -0.027191
v 0.051759 1.417629 -0.025821
v 0.049939 1.410514 -0.034925
v 0.049132 1.400327 -0.032982
v 0.026131 1.388829 -0.026502
v 0.029699 1.378374 -0.033734
v 0.054375 1.389517 -0.031672
v 0.048939 1.382376 -0.042182
v 0.052814 1.369159 -0.036133
v 0.029413 1.365504 -0.027707
v 0.052647 1.441485 -0.015373
v 0.049485 1.437840 -0.022390
v 0.030669 1.461040 -0.005003
v 0.047559 1.454198 -0.012898
v 0.029390 1.442471 -0.003364
v 0.050564 1.464533 -0.002311
v 0.049633 1.462650 -0.012195
v 0.033377 1.479265 0.006022
v 0.046952 1.471614 0.001140
v 0.029292 1.464926 0.003353
v 0.040427 1.484085 0.012441
v 0.047620 1.476661 0.002772
v 0.044207 1.481276 0.022022
v 0.049551 1.478956 0.015208
v 0.072074 1.382569 -0.049318
v 0.075026 1.363294 -0.048269
v 0.073204 1.406893 -0.041123
v 0.074733 1.396763 -0.039369
v 0.077099 1.418625 -0.031930
v 0.078722 1.432859 -0.030823
v 0.077099 1.418625 -0.031930
v 0.078722 1.432859 -0.030823
v 0.070585 1.411249 -0.049270
v 0.077099 1.418625 -0.031930
v 0.075010 1.433729 -0.044420
v 0.078722 1.432859 -0.030823
v 0.069898 1.387012 -0.056768
v 0.073204 1.406893 -0.041123
v 0.072074 1.382569 -0.049318
v 0.074733 1.396763 -0.039369
v 0.071558 1.358104 -0.064741
v 0.075026 1.363294 -0.048269
v 0.027689 1.349550 -0.038901
v 0.052464 1.361366 -0.036322
v 0.049034 1.347399 -0.042743
v 0.028276 1.336674 -0.034816
v 0.050852 1.338800 -0.038841
v 0.037566 1.326503 -0.028504
v 0.028276 1.336674 -0.034816
v 0.036575 1.335037 -0.023077
v 0.040633 1.323456 -0.020355
v 0.036575 1.335037 -0.023077
v 0.056912 1.337842 -0.025930
v 0.036575 1.335037 -0.023077
v 0.057463 1.353300 -0.025490
v 0.036845 1.361964 -0.010562
v 0.052464 1.361366 -0.036322
v 0.029413 1.365504 -0.027707
v 0.036575 1.335037 -0.023077
v 0.036845 1.361964 -0.010562
v 0.029413 1.365504 -0.027707
v 0.056431 1.368694 -0.028367
v 0.036845 1.361964 -0.010562
v 0.060325 1.381620 -0.021018
v 0.036620 1.390310 -0.007276
v 0.054375 1.389517 -0.031672
v 0.026131 1.388829 -0.026502
v 0.038239 1.396638 -0.010790
v 0.057157 1.409629 -0.016990
v 0.039671 1.407562 -0.002317
v 0.049132 1.400327 -0.032982
v 0.026131 1.388829 -0.026502
v 0.051759 1.417629 -0.025821
v 0.028003 1.419089 -0.013209
v 0.036620 1.390310 -0.007276
v 0.039671 1.407562 -0.002317
v 0.081749 1.391763 -0.024495
v 0.053963 1.398487 -0.022624
v 0.056912 1.337842 -0.025930
v 0.081974 1.349877 -0.029167
v 0.082879 1.369201 -0.025833
v 0.085734 1.360671 -0.036450
v 0.085734 1.360671 -0.036450
v 0.075026 1.363294 -0.048269
v 0.074141 1.350026 -0.054377
v 0.075026 1.363294 -0.048269
v 0.079634 1.331877 -0.052737
v 0.075026 1.363294 -0.048269
v 0.052814 1.369159 -0.036133
v 0.081963 1.335961 -0.031706
v 0.085887 1.329159 -0.040163
v 0.074521 1.388782 -0.042283
v 0.083689 1.378602 -0.024206
v 0.083194 1.387375 -0.029445
v 0.074733 1.396763 -0.039369
v 0.083194 1.387375 -0.029445
v 0.074733 1.396763 -0.039369
v 0.074521 1.388782 -0.042283
v 0.074521 1.388782 -0.042283
v 0.026131 1.388829 -0.026502
v 0.038239 1.396638 -0.010790
v 0.039149 1.420411 0.005196
v 0.055946 1.429460 -0.007394
v 0.041080 1.428755 0.009751
v 0.055484 1.435851 -0.006178
v 0.039828 1.436677 0.007290
v 0.084786 1.434717 -0.006460
v 0.053550 1.424891 -0.013488
v 0.082178 1.423791 -0.004915
v 0.083277 1.439397 -0.026377
v 0.052647 1.441485 -0.015373
v 0.029390 1.442471 -0.003364
v 0.077099 1.418625 -0.031930
v 0.049962 1.427631 -0.021987
v 0.028003 1.419089 -0.013209
v 0.028003 1.419089 -0.013209
v 0.039149 1.420411 0.005196
v 0.041080 1.428755 0.009751
v 0.077099 1.418625 -0.031930
v 0.082178 1.423791 -0.004915
v 0.084786 1.434717 -0.006460
v 0.089266 1.411510 -0.017152
v 0.069862 1.459492 -0.014405
v 0.070180 1.451855 -0.016244
v 0.092429 1.447931 -0.013319
v 0.071836 1.460638 -0.002733
v 0.097098 1.449876 0.003361
v 0.083277 1.439397 -0.026377
v 0.041258 1.464909 0.005171
v 0.029292 1.464926 0.003353
v 0.041258 1.464909 0.005171
v 0.070180 1.451855 -0.016244
v 0.051713 1.449856 -0.009119
v 0.047559 1.454198 -0.012898
v 0.067961 1.451318 -0.000919
v 0.052828 1.450909 -0.000960
v 0.053539 1.457867 0.004777
v 0.071836 1.460638 -0.002733
v 0.069633 1.455892 0.003074
v 0.041258 1.464909 0.005171
v 0.042331 1.454574 0.014770
v 0.041677 1.447136 0.010196
v 0.036687 1.443666 0.001688
v 0.039828 1.436677 0.007290
v 0.029390 1.442471 -0.003364
v 0.036687 1.443666 0.001688
v 0.041677 1.447136 0.010196
v 0.042331 1.454574 0.014770
v 0.046825 1.468065 0.021897
v 0.047997 1.475060 0.022540
v 0.044207 1.481276 0.022022
v 0.047997 1.475060 0.022540
v 0.042331 1.454574 0.014770
v 0.041258 1.464909 0.005171
v 0.045420 1.464040 0.012833
v 0.046825 1.468065 0.021897
v 0.074044 1.459395 0.011668
v 0.076585 1.464882 0.012345
v 0.063541 1.471755 0.005675
v 0.061287 1.467044 0.004373
v 0.060562 1.476580 0.015564
v 0.073193 1.471032 0.024479
v 0.085889 1.461123 0.039058
v 0.058556 1.473227 0.024902
v 0.066860 1.468695 0.032053
v 0.073857 1.462331 0.042267
v 0.064181 1.462090 0.029640
v 0.055710 1.466993 0.023513
v 0.047997 1.475060 0.022540
v 0.058556 1.473227 0.024902
v 0.057292 1.462921 0.015917
v 0.074044 1.459395 0.011668
v 0.061287 1.467044 0.004373
v 0.085186 1.442721 0.004332
v 0.087285 1.448583 0.010833
v 0.090128 1.451361 0.008165
v 0.087285 1.448583 0.010833
v 0.090128 1.451361 0.008165
v 0.090128 1.451361 0.008165
v 0.087285 1.448583 0.010833
v 0.085186 1.442721 0.004332
v 0.083850 1.438687 -0.007707
v 0.084786 1.434717 -0.006460
v 0.085186 1.442721 0.004332
v 0.083850 1.438687 -0.007707
v 0.085727 1.441112 -0.016749
v 0.067751 1.448210 -0.012150
v 0.083277 1.439397 -0.026377
v 0.085727 1.441112 -0.016749
v 0.085727 1.441112 -0.016749
v 0.099773 1.394139 0.083242
v 0.000001 1.528637 0.016520
v 0.003021 1.543326 0.024513
v 0.005561 1.528696 0.016462
v 0.000001 1.517933 0.014188
v 0.007545 1.517604 0.015740
v 0.003255 1.445322 -0.034923
v 0.000001 1.453238 -0.027216
v 0.003457 1.453539 -0.026964
v 0.000001 1.460228 -0.025470
v 0.006259 1.460160 -0.025473
v 0.004315 1.470471 -0.013496
v 0.000001 1.479114 -0.012689
v 0.008330 1.479561 -0.011820
v 0.010404 1.502738 0.005464
v 0.005666 1.489847 -0.000951
v 0.000001 1.502224 0.002720
v 0.005666 1.489847 -0.000951
v 0.000001 1.439087 -0.033245
v 0.009330 1.438413 -0.028411
v 0.000001 1.294275 -0.047530
v 0.000001 1.258458 -0.036370
v 0.003526 1.267003 -0.057383
v 0.010152 1.258066 -0.034063
v 0.000001 1.226015 -0.026368
v 0.000001 1.258458 -0.036370
v 0.001812 1.232682 -0.047233
v 0.000001 1.232474 -0.046822
v 0.000001 1.200669 -0.030376
v 0.000001 1.226015 -0.026368
v 0.002149 1.201506 -0.031581
v 0.000001 1.200669 -0.030376
v 0.000001 1.166206 0.001060
v 0.000001 1.166206 0.001060
v 0.002934 1.170064 -0.022014
v 0.011002 1.167368 0.001761
v 0.000001 1.130625 0.010927
v 0.000001 1.098193 0.010791
v 0.000001 1.428190 -0.043116
v 0.003846 1.433614 -0.041051
v 0.000001 1.439087 -0.033245
v 0.000001 1.356111 -0.044102
v 0.000001 1.356111 -0.044102
v 0.004122 1.368435 -0.062288
v 0.011887 1.356121 -0.042455
v 0.000001 1.173572 -0.024666
v 0.002168 1.173994 -0.024637
v 0.000001 1.197238 -0.010681
v 0.000001 1.130625 0.010927
v 0.003741 1.139273 -0.010982
v 0.008289 1.131030 0.011398
v 0.004346 1.065276 0.010784
v 0.000001 1.078166 -0.008870
v 0.002511 1.078187 -0.009393
v 0.000001 1.011614 -0.033444
v 0.000001 1.029382 -0.021298
v 0.000001 1.082699 -0.006907
v 0.000001 1.098193 0.010791
v 0.000001 1.415965 -0.034126
v 0.004778 1.427505 -0.042396
v 0.007497 1.416158 -0.033878
v 0.000001 1.415965 -0.034126
v 0.000001 1.388409 -0.039083
v 0.000001 1.388409 -0.039083
v 0.003034 1.400694 -0.055220
v 0.012324 1.387814 -0.035801
v 0.000001 1.048279 -0.008434
v 0.000001 1.048279 -0.008434
v 0.000001 1.325947 -0.048898
v 0.000001 1.337846 -0.069787
v 0.002401 1.337646 -0.069502
v 0.000001 1.554221 0.024522
v 0.011050 1.551080 0.033533
v 0.038777 1.072174 0.074790
v 0.000001 0.986828 0.056378
v 0.000001 1.294275 -0.047530
v 0.003311 1.304222 -0.070438
v 0.014752 1.297082 -0.041667
v 0.158008 1.271720 0.052102
v 0.022418 1.268072 -0.024098
v 0.040749 1.267625 -0.012828
v 0.123563 1.396239 0.084782
v 0.089470 1.446271 0.023524
v 0.161777 1.427842 0.038301
v -0.048922 0.974457 0.044258
v -0.064753 0.985445 0.039975
v -0.065016 0.959549 0.038667
v -0.013944 1.411786 0.119906
v -0.015695 1.396772 0.137160
v -0.009734 1.364771 0.155956
v -0.022364 1.379984 0.138149
v -0.019177 1.365411 0.150573
v -0.044871 1.099949 0.041023
v -0.052244 1.077090 0.020347
v -0.045183 1.056496 0.045967
v -0.051101 1.084633 0.020627
v -0.015392 1.093818 0.018932
v -0.047881 1.083771 0.015168
v -0.017100 1.422229 -0.020438
v -0.026729 1.436245 -0.012687
v -0.017076 1.435574 -0.015430
v -0.032275 0.860309 0.123765
v -0.043872 0.870613 0.098517
v -0.040456 0.852546 0.104206
v -0.051059 0.854412 0.067368
v -0.056548 0.840513 0.068598
v -0.038184 0.870045 0.094061
v -0.041659 0.861691 0.065496
v -0.020627 0.971089 -0.021214
v -0.005898 0.968604 -0.040934
v -0.021540 0.942961 -0.024995
v -0.050129 1.005435 0.006147
v -0.053722 0.989320 -0.019931
v -0.060007 1.012329 -0.013481
v -0.038262 0.963165 -0.007626
v -0.021540 0.942961 -0.024995
v -0.035759 0.930449 -0.017291
v -0.027027 1.236627 -0.019920
v -0.022425 1.230810 -0.010916
v -0.037865 1.241200 -0.010966
v -0.022390 1.330710 -0.036614
v -0.034279 1.325009 -0.035680
v -0.028274 1.336674 -0.034816
v -0.030852 1.318807 -0.042498
v -0.058526 1.320496 -0.048562
v -0.034279 1.325009 -0.035680
v -0.023621 1.538591 0.035176
v -0.011622 1.523724 0.021532
v -0.021505 1.521446 0.028182
v -0.041659 0.861691 0.065496
v -0.027480 0.867465 0.090184
v -0.032621 0.863254 0.063590
v -0.025637 0.878822 0.104385
v -0.038184 0.870045 0.094061
v -0.043267 0.894473 0.095071
v -0.188812 1.392010 0.000540
v -0.186756 1.406364 0.042791
v -0.199881 1.404481 -0.015736
v -0.176487 1.388821 0.037174
v -0.168858 1.399418 0.044430
v -0.164253 1.377789 0.024815
v -0.148699 1.392524 0.043877
v -0.148699 1.392524 0.043877
v -0.139997 1.381145 0.060784
v -0.140184 1.386428 0.067105
v -0.144973 1.384081 0.045044
v -0.150230 1.367183 0.023608
v -0.144400 1.406122 0.048333
v -0.136649 1.394818 0.075351
v -0.157535 1.365656 -0.004942
v -0.149251 1.351898 -0.015687
v -0.143839 1.353210 -0.038465
v -0.150230 1.367183 0.023608
v -0.158898 1.324315 0.045562
v -0.153281 1.328603 0.059374
v -0.158898 1.324315 0.045562
v -0.150230 1.367183 0.023608
v -0.157369 1.351148 0.009367
v -0.159546 1.334494 0.001872
v -0.149251 1.351898 -0.015687
v -0.161702 1.304653 0.040649
v -0.152227 1.336429 0.067379
v -0.070029 0.880702 0.034979
v -0.070428 0.854249 0.034347
v -0.062439 0.864412 0.042532
v -0.074951 0.875786 0.001934
v -0.071651 0.844612 0.023485
v -0.051042 0.935792 -0.019553
v -0.066846 0.954954 -0.022823
v -0.056225 0.970153 -0.015164
v -0.056212 0.921224 -0.051965
v -0.061314 0.912538 -0.053541
v -0.064847 0.916458 -0.052718
v -0.040728 0.908778 -0.015436
v -0.023077 0.922246 -0.015884
v -0.036869 0.910229 -0.005747
v -0.035759 0.930449 -0.017291
v -0.021540 0.942961 -0.024995
v -0.083817 0.936148 0.084952
v -0.059191 0.911220 0.107219
v -0.050996 0.908555 0.101729
v -0.063961 0.921294 0.074870
v -0.050996 0.908555 0.101729
v -0.083817 0.936148 0.084952
v -0.068880 0.941813 0.055169
v -0.086362 0.961214 0.064338
v -0.014194 0.872155 0.107207
v -0.010439 0.863249 0.109270
v -0.010883 0.882128 0.118870
v -0.029962 1.231075 0.169064
v -0.024922 1.220146 0.165235
v -0.075300 1.212767 0.159363
v -0.070743 1.204588 0.152814
v -0.024922 1.220146 0.165235
v -0.022993 1.207402 0.158085
v -0.066270 1.193706 0.151673
v -0.146777 1.441437 -0.006908
v -0.127750 1.454006 0.012138
v -0.107576 1.451731 -0.012538
v -0.032505 0.991696 0.053196
v -0.039011 1.021045 0.056827
v -0.048465 1.013191 0.043630
v -0.034314 1.003674 0.068509
v -0.070531 0.879826 -0.013898
v -0.085557 0.881121 -0.008464
v -0.084939 0.890676 -0.025024
v -0.049311 0.909094 -0.033378
v -0.057160 0.881316 -0.011065
v -0.069095 0.905442 -0.046023
v -0.084939 0.890676 -0.025024
v -0.075467 0.909884 -0.041735
v -0.091444 0.891697 0.000624
v -0.082498 0.883845 0.021015
v -0.091444 0.891697 0.000624
v -0.087387 0.909239 -0.022764
v -0.063997 0.898594 0.071999
v -0.043872 0.870613 0.098517
v -0.069686 0.894401 0.089364
v -0.063997 0.898594 0.071999
v -0.072578 0.985021 -0.029180
v -0.064939 0.991763 -0.027863
v -0.044835 0.981365 -0.003980
v -0.098758 0.911673 0.014514
v -0.100600 0.927172 0.003813
v -0.085192 0.940854 -0.013521
v -0.095872 0.975620 0.011407
v -0.084178 0.982792 -0.022328
v -0.115280 0.932967 0.032348
v -0.114513 0.966836 0.054981
v -0.146551 1.422458 -0.035365
v -0.174880 1.428883 -0.020620
v -0.160386 1.438719 -0.033877
v -0.049070 0.873452 0.043622
v -0.054950 0.898030 0.032506
v -0.038664 0.873393 0.039288
v -0.042731 0.896185 0.019515
v -0.095710 1.030656 0.046006
v -0.069828 1.026944 -0.002169
v -0.105826 1.042806 0.040353
v -0.065434 1.014062 0.030823
v -0.090286 1.009583 0.045376
v -0.060139 1.018836 0.011424
v -0.036370 1.028360 0.020406
v -0.037918 1.017728 0.009363
v -0.017434 1.565822 0.074775
v -0.017434 1.565822 0.074775
v -0.020567 1.568922 0.059080
v -0.017434 1.565822 0.074775
v -0.033696 1.546007 0.061411
v -0.023788 1.546197 0.080484
v -0.081676 1.431772 0.109914
v -0.042423 1.420145 0.120674
v -0.038639 1.432847 0.113643
v -0.010940 1.419785 0.116552
v -0.010783 1.434287 0.105947
v -0.050611 1.383832 0.121881
v -0.022364 1.379984 0.138149
v -0.020007 1.374417 0.120084
v -0.058321 1.379896 0.133492
v -0.022364 1.379984 0.138149
v -0.050611 1.383832 0.121881
v -0.020007 1.374417 0.120084
v -0.025035 1.383230 0.108894
v -0.058680 1.389948 0.111713
v -0.057112 1.390898 0.100345
v -0.054148 1.373407 0.115209
v -0.020153 1.365431 0.123311
v -0.022012 1.340620 0.159957
v -0.017942 1.341473 0.165518
v -0.022794 1.355409 0.149342
v -0.023233 1.340815 0.151200
v -0.022012 1.340620 0.159957
v -0.045675 1.342715 0.149697
v -0.053827 1.339643 0.156602
v -0.023013 1.318933 0.164458
v -0.011112 1.341220 0.168636
v -0.022486 1.304187 0.161300
v -0.022765 1.311113 0.157607
v -0.022949 1.349901 0.138389
v -0.058832 1.362820 0.118030
v -0.018940 1.354550 0.129904
v -0.063697 1.368604 0.136080
v -0.063090 1.361022 0.127448
v -0.022949 1.349901 0.138389
v -0.018940 1.354550 0.129904
v -0.022949 1.349901 0.138389
v -0.023233 1.340815 0.151200
v -0.022794 1.355409 0.149342
v -0.022079 1.336076 0.141591
v -0.022079 1.336076 0.141591
v -0.040381 1.326498 0.140071
v -0.041932 1.337386 0.141719
v -0.023233 1.340815 0.151200
v -0.045675 1.342715 0.149697
v -0.020377 1.323467 0.140054
v -0.021047 1.312378 0.145443
v -0.020377 1.323467 0.140054
v -0.021047 1.312378 0.145443
v -0.022486 1.304187 0.161300
v -0.022765 1.311113 0.157607
v -0.062630 0.847547 0.049721
v -0.032505 0.991696 0.053196
v -0.034314 1.003674 0.068509
v -0.050340 0.958310 0.019429
v -0.026485 0.970132 0.024745
v -0.048922 0.974457 0.044258
v -0.122857 0.962830 0.128610
v -0.130977 0.971719 0.138531
v -0.130912 0.961751 0.138227
v -0.025273 1.056009 0.020720
v -0.047545 1.075524 0.013892
v -0.104876 1.407317 0.004853
v -0.118634 1.384231 0.009447
v -0.089265 1.411514 -0.017152
v -0.113668 1.392648 0.015400
v -0.107668 1.405295 0.034037
v -0.115388 1.391599 0.039368
v -0.122332 1.380532 0.038719
v -0.037918 1.017728 0.009363
v -0.013774 1.041160 0.005743
v -0.020212 1.006947 -0.007286
v -0.097381 1.416883 0.021206
v -0.105366 1.403441 0.062180
v -0.097041 1.426927 0.025050
v -0.082996 0.895649 0.101180
v -0.107286 0.921323 0.108185
v -0.110965 0.918499 0.103287
v -0.026729 1.436245 -0.012687
v -0.016457 1.450692 -0.008253
v -0.017076 1.435574 -0.015430
v -0.037462 1.345664 -0.000123
v -0.023449 1.311116 0.017708
v -0.024857 1.350167 0.022625
v -0.035987 1.304389 0.000366
v -0.040632 1.323456 -0.020355
v -0.039762 1.296142 -0.017138
v -0.102626 1.447531 0.026298
v -0.119653 1.454311 0.038014
v -0.085588 1.385699 0.097364
v -0.094879 1.403440 0.091440
v -0.082848 1.399923 0.106439
v -0.102270 1.414765 0.067555
v -0.092556 1.434072 0.031097
v -0.140434 1.431809 0.067771
v -0.133303 1.426292 0.041975
v -0.122560 1.420372 0.073693
v -0.113046 1.436949 0.095458
v -0.144786 1.442389 0.072896
v -0.161755 1.427748 0.038371
v -0.140434 1.431809 0.067771
v -0.179272 1.436279 0.050099
v -0.067818 1.424185 0.074195
v -0.083074 1.434657 0.053158
v -0.075070 1.441668 0.053428
v -0.093649 1.419947 0.069564
v -0.091901 1.433086 0.047020
v -0.045105 1.409417 0.089550
v -0.041443 1.417610 0.083701
v -0.074133 1.410265 0.088961
v -0.051086 1.399667 0.097047
v -0.111348 1.426970 0.093246
v -0.107434 1.421301 0.089317
v -0.107434 1.421301 0.089317
v -0.122560 1.420372 0.073693
v -0.109408 1.410079 0.095055
v -0.115487 1.388878 0.075963
v -0.099774 1.394150 0.083247
v -0.116024 1.390608 0.092013
v -0.092555 1.373710 0.099019
v -0.098534 1.376042 0.109934
v -0.075865 1.438532 0.093912
v -0.066872 1.436000 0.087345
v -0.097127 1.443209 0.067260
v -0.145813 1.375827 0.048581
v -0.144973 1.384081 0.045044
v -0.137108 1.374096 0.052992
v -0.135441 1.336480 0.071344
v -0.130931 1.364957 0.038703
v -0.122332 1.380532 0.038719
v -0.137108 1.374096 0.052992
v -0.148958 1.342463 0.075976
v -0.140310 1.343215 0.077763
v -0.132116 1.351382 0.030718
v -0.132880 1.327667 0.065347
v -0.122875 1.378433 0.001286
v -0.120576 1.367320 -0.001487
v -0.118634 1.384231 0.009447
v -0.024135 0.877974 0.150839
v 0.000001 0.878516 0.156393
v -0.024362 0.854044 0.125590
v -0.022332 0.865668 0.142713
v -0.020181 1.291758 0.173827
v -0.054236 1.302881 0.165962
v -0.059761 1.293081 0.168781
v -0.021173 1.303200 0.168372
v -0.016347 1.292110 0.176533
v -0.015341 1.315169 0.173489
v -0.021173 1.303200 0.168372
v -0.045800 1.302023 0.158115
v -0.074343 1.256945 0.163265
v -0.022713 1.271192 0.164517
v -0.067258 1.261356 0.156954
v -0.020181 1.291758 0.173827
v -0.018945 1.265227 0.174577
v -0.018945 1.265227 0.174577
v -0.074609 1.245396 0.163550
v -0.030263 1.247488 0.169991
v -0.073693 1.234859 0.158010
v -0.018945 1.265227 0.174577
v -0.036247 1.265470 0.005274
v -0.031333 1.271281 -0.018587
v -0.039762 1.296142 -0.017138
v -0.026065 1.284111 -0.031392
v -0.054245 1.268517 -0.025639
v -0.040747 1.267625 -0.012828
v -0.031333 1.271281 -0.018587
v -0.011918 1.236348 -0.027136
v -0.027027 1.236627 -0.019920
v -0.032042 1.244613 -0.028969
v -0.053529 1.299830 -0.026899
v -0.040632 1.323456 -0.020355
v -0.058607 1.314926 -0.029478
v -0.039762 1.296142 -0.017138
v -0.046069 1.289680 -0.032383
v -0.026065 1.284111 -0.031392
v -0.032042 1.244613 -0.028969
v -0.010150 1.258066 -0.034063
v -0.011918 1.236348 -0.027136
v -0.026065 1.284111 -0.031392
v -0.034767 1.298509 -0.044665
v -0.014751 1.297082 -0.041667
v -0.039676 1.288794 -0.040987
v -0.010150 1.258066 -0.034063
v -0.022417 1.268072 -0.024098
v -0.038197 1.254568 -0.032612
v -0.044547 1.264710 -0.032410
v -0.037564 1.326503 -0.028504
v -0.065362 1.320395 -0.039599
v -0.079358 1.434769 -0.058390
v -0.088214 1.431341 -0.064315
v -0.090498 1.439151 -0.061682
v -0.084726 1.415440 -0.064330
v -0.073680 1.415836 -0.059263
v -0.204528 1.415812 0.000508
v -0.201318 1.418945 0.021133
v -0.022486 1.304187 0.161300
v -0.041572 1.296817 0.151960
v -0.045800 1.302023 0.158115
v -0.021541 1.298490 0.149772
v -0.018496 1.287275 0.145428
v -0.021541 1.298490 0.149772
v -0.036021 1.289142 0.148434
v -0.018496 1.287275 0.145428
v -0.021887 1.267884 0.153512
v -0.026915 1.248040 0.149313
v -0.021887 1.267884 0.153512
v -0.021887 1.267884 0.153512
v -0.068004 1.255279 0.142067
v -0.064078 1.258045 0.146383
v -0.066301 1.246810 0.139880
v -0.061462 0.944218 0.024880
v -0.065016 0.959549 0.038667
v -0.064565 0.915828 0.044150
v -0.051597 0.924093 0.011125
v -0.148535 1.452797 0.022427
v -0.132335 1.455077 0.050240
v -0.166049 1.452652 0.034019
v -0.142705 1.450396 0.065153
v -0.152720 1.339083 -0.063291
v -0.147035 1.333403 -0.057405
v -0.127981 1.330208 -0.049425
v -0.129840 1.308083 -0.066648
v -0.127981 1.330208 -0.049425
v -0.110357 1.305867 -0.055137
v -0.108278 1.323569 -0.049325
v -0.110357 1.305867 -0.055137
v -0.129654 1.300449 -0.031859
v -0.100693 1.311982 -0.045535
v -0.118191 1.296431 -0.027541
v -0.088127 1.307737 -0.034973
v -0.087121 1.305945 -0.062181
v -0.064690 1.309545 -0.054331
v -0.102209 1.300704 -0.057949
v -0.084388 1.315102 -0.055008
v -0.087121 1.305945 -0.062181
v -0.074925 1.328193 -0.070066
v -0.079632 1.331876 -0.052734
v -0.074138 1.350024 -0.054375
v -0.071556 1.358101 -0.064739
v -0.111330 1.298554 -0.065959
v -0.110357 1.305867 -0.055137
v -0.138408 1.279091 -0.037950
v -0.141082 1.293049 -0.037624
v -0.116741 1.320057 -0.033213
v -0.135732 1.305277 -0.000064
v -0.142661 1.301256 -0.003492
v -0.112623 1.322919 -0.024983
v -0.085885 1.329157 -0.040160
v -0.081962 1.335961 -0.031704
v -0.123562 1.396245 0.084784
v -0.131238 1.373029 0.106979
v -0.118070 1.375340 0.109626
v -0.123562 1.396245 0.084784
v -0.114331 1.400123 0.097536
v -0.124056 1.411329 0.076182
v -0.082848 1.399923 0.106439
v -0.090045 1.395798 0.115567
v -0.103218 1.447746 0.081059
v -0.106926 1.446360 0.089321
v -0.081000 1.437194 0.104073
v -0.081456 1.414523 0.105536
v -0.058680 1.389948 0.111713
v -0.048072 1.398889 0.120059
v -0.082848 1.399923 0.106439
v -0.071443 1.013916 -0.020455
v -0.185829 1.419311 -0.020677
v -0.148794 1.398549 -0.047418
v -0.177149 1.447069 -0.012024
v -0.158478 1.443991 -0.030328
v -0.094901 1.313780 -0.075988
v -0.109620 1.299803 -0.073470
v -0.112807 1.315320 -0.076224
v -0.108313 1.332513 -0.075707
v -0.087127 1.329176 -0.076493
v -0.087082 1.307428 -0.072818
v -0.074925 1.328193 -0.070066
v -0.133303 1.426292 0.041975
v -0.160044 1.415528 0.040108
v -0.133177 1.418206 0.046671
v -0.160044 1.415528 0.040108
v -0.142310 1.203484 0.063411
v -0.121501 1.218213 0.082863
v -0.125261 1.202762 0.083304
v -0.142310 1.203484 0.063411
v -0.139155 1.202005 0.091949
v -0.154434 1.218221 0.046310
v -0.134144 1.192205 0.092013
v -0.140829 1.190714 0.061544
v -0.130273 1.176552 0.087986
v -0.152759 1.282637 0.000480
v -0.147242 1.264638 0.043595
v -0.141197 1.281410 -0.000580
v -0.155666 1.264040 0.044144
v -0.163919 1.270738 -0.001089
v -0.164654 1.244831 0.048516
v -0.149796 1.270635 0.044743
v -0.123643 1.257732 0.089189
v -0.128459 1.245838 0.087655
v -0.140160 1.249036 0.047668
v -0.139411 1.259192 0.022936
v -0.141767 1.301745 0.055150
v -0.125616 1.271718 0.094359
v -0.135685 1.293266 0.049226
v -0.133604 1.292109 0.097090
v -0.143032 1.309829 0.057626
v -0.135950 1.278228 0.099901
v -0.105285 1.280585 0.130852
v -0.106152 1.277808 0.138617
v -0.169340 1.368586 -0.043870
v -0.152449 1.339444 -0.028997
v -0.162430 1.321379 -0.005658
v -0.143839 1.353210 -0.038465
v -0.128095 1.307969 -0.072870
v -0.101692 0.995298 0.016845
v -0.125902 0.994639 0.057750
v -0.122735 1.030730 0.033546
v -0.093950 1.019090 -0.006509
v -0.065246 0.837964 0.045230
v -0.051264 0.828651 0.037079
v -0.148472 1.017408 0.076964
v -0.139350 0.974688 0.100058
v -0.152938 0.991566 0.113956
v -0.125860 0.953052 0.090768
v -0.128123 0.946720 0.102937
v -0.146374 0.958599 0.127661
v -0.122707 0.925975 0.062097
v -0.120405 0.922794 0.079271
v -0.110993 0.912696 0.091621
v -0.126179 0.944007 0.110630
v -0.123152 0.944802 0.114458
v -0.138013 0.958947 0.136151
v -0.142713 0.967253 0.137219
v -0.142713 0.967253 0.137219
v -0.150188 0.966141 0.130830
v -0.138013 0.958947 0.136151
v -0.119181 0.948180 0.116829
v -0.101024 0.926033 0.109298
v -0.123152 0.944802 0.114458
v -0.107286 0.921323 0.108185
v -0.095639 0.930387 0.105890
v -0.116636 0.954527 0.116195
v -0.090282 0.933958 0.098274
v -0.117017 0.964154 0.109795
v -0.073882 0.901758 0.115779
v -0.067401 0.907662 0.114200
v -0.048261 0.885772 0.134445
v -0.041737 0.893978 0.132386
v -0.032971 0.896221 0.125310
v -0.021090 0.886143 0.145696
v -0.014846 0.888333 0.133873
v -0.026262 0.890822 0.114487
v -0.010883 0.882128 0.118870
v 0.000001 0.879241 0.120976
v -0.012692 0.857272 0.115211
v -0.017218 0.853669 0.121527
v -0.010439 0.863249 0.109270
v -0.028101 0.842605 0.101095
v -0.022014 0.846841 0.095988
v -0.018269 0.854028 0.091697
v -0.030698 0.844217 0.060787
v -0.036114 0.834660 0.063664
v -0.018269 0.854028 0.091697
v -0.027324 0.855790 0.060618
v -0.019039 0.862444 0.089132
v -0.034881 0.849230 0.041878
v -0.031751 0.860696 0.045539
v -0.036638 0.866797 0.049993
v -0.040039 0.891966 0.008138
v -0.040112 0.854281 0.025915
v -0.045372 0.886514 -0.002140
v -0.034968 0.865153 0.032197
v -0.036869 0.910229 -0.005747
v -0.040728 0.908778 -0.015436
v -0.038861 0.915510 0.002327
v -0.022821 0.926140 -0.007493
v -0.038861 0.915510 0.002327
v -0.028260 0.944767 0.003784
v -0.051597 0.924093 0.011125
v -0.061462 0.944218 0.024880
v -0.065016 0.959549 0.038667
v -0.076398 0.977072 0.044624
v -0.110706 0.994432 0.076463
v -0.086362 0.961214 0.064338
v -0.115494 0.973875 0.098265
v -0.120347 1.016615 0.086930
v -0.125154 0.993776 0.112294
v -0.123145 0.975330 0.126435
v -0.135643 1.000216 0.118797
v -0.132086 1.026127 0.088394
v -0.146967 0.997399 0.117943
v -0.143396 1.025530 0.081642
v -0.146967 0.997399 0.117943
v -0.044994 0.865794 0.052397
v -0.055573 0.858529 0.052946
v -0.117227 1.041377 0.035141
v -0.143396 1.025530 0.081642
v -0.085821 1.026120 -0.009636
v -0.117227 1.041377 0.035141
v -0.045372 0.886514 -0.002140
v -0.048384 0.844103 0.020044
v -0.040728 0.908778 -0.015436
v -0.041206 0.838802 0.039775
v -0.045100 0.827932 0.066313
v -0.051264 0.828651 0.037079
v -0.063409 0.839502 0.015835
v -0.041206 0.838802 0.039775
v -0.040112 0.854281 0.025915
v -0.034881 0.849230 0.041878
v -0.054067 0.830788 0.068686
v -0.065246 0.837964 0.045230
v -0.035443 0.844328 0.104675
v -0.024135 0.877974 0.150839
v -0.026262 0.890822 0.114487
v -0.048385 0.877032 0.128602
v -0.077933 0.897026 0.113003
v -0.048385 0.877032 0.128602
v -0.022332 0.865668 0.142713
v -0.049986 0.874194 0.114330
v -0.077933 0.897026 0.113003
v -0.032275 0.860309 0.123765
v -0.085821 1.026120 -0.009636
v -0.072578 0.985021 -0.029180
v -0.066846 0.954954 -0.022823
v -0.074083 0.949379 -0.022599
v -0.058720 0.933406 -0.040673
v -0.070357 0.925395 -0.037800
v -0.130035 1.324531 -0.075435
v -0.152720 1.339083 -0.063291
v -0.149043 1.346348 -0.067097
v -0.128095 1.307969 -0.072870
v -0.111330 1.298554 -0.065959
v -0.139703 1.353739 -0.067349
v -0.127369 1.367449 -0.066480
v -0.097488 1.358831 -0.074953
v -0.202064 1.427733 0.002938
v -0.199646 1.415298 -0.021351
v -0.192036 1.417351 0.037797
v -0.078077 1.356391 -0.074792
v -0.089375 1.390228 -0.068274
v -0.073446 1.389162 -0.067256
v -0.071556 1.358101 -0.064739
v -0.069897 1.387015 -0.056769
v -0.070586 1.411258 -0.049270
v -0.204355 1.414116 -0.018443
v -0.114081 1.395134 -0.059352
v -0.110370 1.417149 -0.054320
v -0.111727 1.429937 -0.059582
v -0.110591 1.438905 -0.059454
v -0.107885 1.442312 -0.044107
v -0.158478 1.443991 -0.030328
v -0.090498 1.439151 -0.061682
v -0.090600 1.444637 -0.045648
v -0.092428 1.447935 -0.013308
v -0.169340 1.386202 -0.047688
v -0.082848 1.399923 0.106439
v -0.204355 1.414116 -0.018443
v -0.037671 1.408643 0.116741
v -0.161755 1.427748 0.038371
v -0.193954 1.435758 0.024135
v -0.194198 1.428853 0.024494
v -0.193954 1.435758 0.024135
v -0.204528 1.415812 0.000508
v -0.201318 1.418945 0.021133
v -0.202064 1.427733 0.002938
v -0.192036 1.417351 0.037797
v -0.160044 1.415528 0.040108
v -0.174610 1.378356 -0.048792
v -0.174610 1.378356 -0.048792
v -0.149043 1.346348 -0.067097
v -0.158717 1.307742 -0.011876
v -0.142396 1.324283 -0.038429
v -0.160645 1.285203 0.022816
v -0.165178 1.291239 0.033236
v -0.142396 1.324283 -0.038429
v -0.160645 1.285203 0.022816
v -0.127981 1.330208 -0.049425
v -0.068068 1.281185 0.146746
v -0.064404 1.280066 0.162050
v -0.106937 1.283026 0.151400
v -0.106152 1.277808 0.138617
v -0.064404 1.280066 0.162050
v -0.141226 1.289301 0.119898
v -0.135950 1.278228 0.099901
v -0.099951 1.292977 0.152963
v -0.136389 1.299941 0.127995
v -0.145171 1.319780 0.103264
v -0.151133 1.312358 0.099889
v -0.154134 1.301407 0.092532
v -0.127995 1.307670 0.129875
v -0.093078 1.302571 0.153322
v -0.085158 1.306722 0.148708
v -0.118364 1.313613 0.128352
v -0.136112 1.323205 0.103761
v -0.110606 1.307692 0.124447
v -0.085158 1.306722 0.148708
v -0.078445 1.301308 0.143433
v -0.118364 1.313613 0.128352
v -0.130242 1.317069 0.099864
v -0.136112 1.323205 0.103761
v -0.130242 1.317069 0.099864
v -0.136112 1.323205 0.103761
v -0.140310 1.343215 0.077763
v -0.127045 1.308227 0.096198
v -0.105699 1.297885 0.122376
v -0.127707 1.298705 0.094495
v -0.073050 1.292777 0.140581
v -0.103639 1.287875 0.124330
v -0.127707 1.298705 0.094495
v -0.135620 1.317083 0.059675
v -0.127045 1.308227 0.096198
v -0.133604 1.292109 0.097090
v -0.141567 1.334246 0.018775
v -0.134397 1.340176 0.023513
v -0.119906 1.358789 -0.006850
v -0.122563 1.353165 -0.013902
v -0.082877 1.369201 -0.025832
v -0.083687 1.378602 -0.024206
v -0.083192 1.387376 -0.029446
v -0.085733 1.360671 -0.036449
v -0.137210 1.325549 0.013547
v -0.117063 1.342489 -0.015230
v -0.133684 1.316317 0.007733
v -0.113985 1.332636 -0.018448
v -0.081972 1.349875 -0.029166
v -0.140530 1.280926 0.044082
v -0.022713 1.271192 0.164517
v -0.022713 1.271192 0.164517
v -0.125616 1.271718 0.094359
v -0.109982 1.264261 0.135181
v -0.102377 1.261683 0.127562
v -0.097967 1.251164 0.119825
v -0.123643 1.257732 0.089189
v -0.100234 1.239445 0.119969
v -0.128459 1.245838 0.087655
v -0.126560 1.230684 0.087352
v -0.069180 1.234359 0.143516
v -0.100718 1.228244 0.119403
v -0.026915 1.248040 0.149313
v -0.065581 1.224833 0.137229
v -0.096365 1.217502 0.113720
v -0.096803 1.202709 0.114703
v -0.062792 1.213561 0.136033
v -0.027162 1.226156 0.146375
v -0.058485 1.202097 0.135530
v -0.092398 1.191723 0.111587
v -0.110147 1.178497 0.074372
v -0.121660 1.191099 0.076493
v -0.051985 1.194884 0.130493
v -0.083899 1.179510 0.105851
v -0.022154 1.211333 0.139843
v -0.047085 1.186714 0.130093
v -0.077935 1.165753 0.104534
v -0.108776 1.152669 0.070801
v -0.105378 1.164325 0.070504
v -0.045431 1.179093 0.133965
v -0.079179 1.155466 0.109262
v -0.019753 1.199988 0.148184
v -0.047764 1.175215 0.140775
v -0.045431 1.179093 0.133965
v -0.019753 1.199988 0.148184
v -0.079179 1.155466 0.109262
v -0.085564 1.152499 0.116723
v -0.117826 1.153787 0.077818
v -0.108776 1.152669 0.070801
v -0.053808 1.178821 0.146301
v -0.092988 1.160992 0.120647
v -0.124113 1.163046 0.083188
v -0.138227 1.179043 0.051178
v -0.130273 1.176552 0.087986
v -0.140829 1.190714 0.061544
v -0.124113 1.163046 0.083188
v -0.133715 1.170437 0.043626
v -0.117826 1.153787 0.077818
v -0.102173 1.171568 0.124728
v -0.106298 1.186881 0.125863
v -0.060092 1.184665 0.150481
v -0.022154 1.211333 0.139843
v -0.027162 1.226156 0.146375
v -0.019753 1.199988 0.148184
v -0.022993 1.207402 0.158085
v -0.019753 1.199988 0.148184
v -0.123490 1.380915 0.062015
v -0.137108 1.374096 0.052992
v -0.030263 1.247488 0.169991
v -0.029962 1.231075 0.169064
v -0.075463 1.225737 0.157535
v -0.116359 1.218856 0.135046
v -0.117499 1.205740 0.135984
v -0.113590 1.229750 0.133353
v -0.144283 1.249258 0.103928
v -0.143023 1.237946 0.097819
v -0.147160 1.223993 0.098887
v -0.116736 1.240605 0.139170
v -0.164654 1.244831 0.048516
v -0.155666 1.264040 0.044144
v -0.160390 1.231233 0.047058
v -0.148381 1.210278 0.097018
v -0.109926 1.197760 0.128120
v -0.157946 1.257656 -0.000183
v -0.164654 1.244831 0.048516
v -0.163919 1.270738 -0.001089
v -0.160390 1.231233 0.047058
v -0.152353 1.244520 0.000025
v -0.154434 1.218221 0.046310
v -0.135120 1.266415 -0.035271
v -0.127098 1.257794 -0.027039
v -0.140106 1.239346 0.007264
v -0.142310 1.203484 0.063411
v -0.140106 1.239346 0.007264
v -0.123178 1.262155 -0.014293
v -0.133557 1.247959 0.013759
v -0.133629 1.231948 0.048272
v -0.142310 1.203484 0.063411
v -0.131052 1.272385 -0.006560
v -0.108655 1.285777 -0.028068
v -0.100296 1.274652 -0.032203
v -0.078963 1.296004 -0.032443
v -0.071349 1.285342 -0.036945
v -0.066129 1.284845 -0.048503
v -0.100012 1.273207 -0.045962
v -0.066129 1.284845 -0.048503
v -0.101155 1.283529 -0.054445
v -0.063174 1.295310 -0.054202
v -0.127098 1.257794 -0.027039
v -0.100012 1.273207 -0.045962
v -0.034767 1.298509 -0.044665
v -0.039676 1.288794 -0.040987
v -0.158007 1.271725 0.052120
v -0.155048 1.280878 0.074041
v -0.116649 1.253973 0.142604
v -0.143902 1.264380 0.105429
v -0.109982 1.264261 0.135181
v -0.135950 1.278228 0.099901
v -0.139873 1.196639 0.026449
v -0.136167 1.189951 0.016782
v -0.123726 1.168425 0.037576
v -0.127490 1.187636 0.010173
v -0.108776 1.152669 0.070801
v -0.117896 1.179290 0.039724
v -0.127490 1.187636 0.010173
v -0.119526 1.197461 0.012155
v -0.123726 1.168425 0.037576
v -0.105378 1.164325 0.070504
v -0.108776 1.152669 0.070801
v -0.121496 1.192515 0.043731
v -0.122227 1.210243 0.013936
v -0.110147 1.178497 0.074372
v -0.131806 1.203848 0.044651
v -0.130111 1.221748 0.013339
v -0.121660 1.191099 0.076493
v -0.111836 1.226103 -0.010486
v -0.116491 1.237554 -0.013937
v -0.140069 1.224429 0.006348
v -0.121986 1.245338 -0.022616
v -0.141964 1.203196 0.036867
v -0.137667 1.217796 -0.003307
v -0.121986 1.245338 -0.022616
v -0.119552 1.240035 -0.032906
v -0.140069 1.224429 0.006348
v -0.141964 1.203196 0.036867
v -0.130981 1.211467 -0.011607
v -0.110041 1.233239 -0.035659
v -0.120800 1.207754 -0.015748
v -0.099545 1.225910 -0.035372
v -0.111316 1.213875 -0.011642
v -0.099545 1.225910 -0.035372
v -0.091720 1.227266 -0.026582
v -0.120800 1.207754 -0.015748
v -0.089835 1.238106 -0.021744
v -0.063315 1.236616 -0.028270
v -0.063166 1.243370 -0.019612
v -0.089812 1.250753 -0.025511
v -0.061184 1.258442 -0.021453
v -0.088158 1.261214 -0.032669
v -0.080936 1.258580 -0.041423
v -0.054245 1.268517 -0.025639
v -0.088158 1.261214 -0.032669
v -0.073496 1.249468 -0.040881
v -0.067181 1.240302 -0.037914
v -0.067181 1.240302 -0.037914
v -0.037865 1.241200 -0.010966
v -0.133629 1.231948 0.048272
v -0.140160 1.249036 0.047668
v -0.147242 1.264638 0.043595
v -0.149796 1.270635 0.044743
v -0.067258 1.261356 0.156954
v -0.152039 1.291435 0.082157
v -0.152039 1.291435 0.082157
v -0.158007 1.271725 0.052120
v -0.141082 1.293049 -0.037624
v -0.134061 1.409967 0.055812
v -0.123562 1.396245 0.084784
v -0.134061 1.409967 0.055812
v -0.133177 1.418206 0.046671
v -0.133303 1.426292 0.041975
v -0.109620 1.299803 -0.073470
v -0.142705 1.450396 0.065153
v -0.177963 1.442356 0.043499
v -0.144786 1.442389 0.072896
v -0.022364 1.379984 0.138149
v -0.020007 1.374417 0.120084
v -0.015695 1.396772 0.137160
v -0.022364 1.379984 0.138149
v -0.083566 1.422086 0.110747
v -0.010940 1.419785 0.116552
v -0.010783 1.434287 0.105947
v -0.142705 1.450396 0.065153
v -0.132335 1.455077 0.050240
v -0.119653 1.454311 0.038014
v -0.075865 1.438532 0.093912
v -0.097127 1.443209 0.067260
v -0.102626 1.447531 0.026298
v -0.040852 1.436806 0.103452
v -0.012745 1.431291 0.091730
v -0.040852 1.436806 0.103452
v -0.010783 1.434287 0.105947
v -0.039824 1.430032 0.090611
v -0.022396 1.424979 0.084460
v -0.040837 1.426069 0.084994
v -0.060568 1.432400 0.078837
v -0.022711 1.413850 0.085329
v -0.022711 1.413850 0.085329
v -0.022990 1.404232 0.093640
v -0.024578 1.393022 0.101002
v -0.022990 1.404232 0.093640
v -0.025035 1.383230 0.108894
v -0.012745 1.431291 0.091730
v -0.022396 1.424979 0.084460
v -0.010783 1.434287 0.105947
v -0.013944 1.411786 0.119906
v -0.096907 1.386188 0.116892
v -0.063697 1.368604 0.136080
v -0.096907 1.386188 0.116892
v -0.116024 1.390608 0.092013
v -0.123416 1.368388 0.082108
v -0.113302 1.365543 0.105420
v -0.114961 1.351703 0.103113
v -0.133649 1.358619 0.080690
v -0.132407 1.342614 0.099483
v -0.141162 1.359657 0.087477
v -0.134914 1.343353 0.107996
v -0.139997 1.381145 0.060784
v -0.139976 1.366470 0.098110
v -0.134914 1.343353 0.107996
v -0.132504 1.348709 0.120205
v -0.141162 1.359657 0.087477
v -0.140184 1.386428 0.067105
v -0.139997 1.381145 0.060784
v -0.120397 1.355853 0.125864
v -0.136649 1.394818 0.075351
v -0.092313 1.335325 0.145759
v -0.083989 1.344771 0.145587
v -0.101610 1.361735 0.127894
v -0.074679 1.350989 0.141315
v -0.094125 1.353717 0.120793
v -0.074679 1.350989 0.141315
v -0.068152 1.344327 0.133805
v -0.101610 1.361735 0.127894
v -0.118070 1.375340 0.109626
v -0.093501 1.340131 0.120469
v -0.066244 1.331887 0.133375
v -0.100610 1.331824 0.120348
v -0.065635 1.320861 0.138254
v -0.107573 1.330917 0.130000
v -0.064787 1.319819 0.149981
v -0.064787 1.319819 0.149981
v -0.060914 1.327935 0.158112
v -0.107573 1.330917 0.130000
v -0.022765 1.311113 0.157607
v -0.023013 1.318933 0.164458
v -0.022765 1.311113 0.157607
v -0.118961 1.381407 0.086410
v -0.123562 1.396245 0.084784
v -0.110357 1.305867 -0.055137
v -0.028769 1.034459 0.083169
v -0.028769 1.034459 0.083169
v -0.028769 1.034459 0.083169
v -0.039011 1.021045 0.056827
v -0.034314 1.003674 0.068509
v -0.032592 1.112040 0.077197
v 0.000001 1.108821 0.085985
v -0.052288 1.088016 0.055404
v -0.032592 1.112040 0.077197
v -0.044871 1.099949 0.041023
v -0.026267 1.150290 0.068556
v -0.033033 1.142619 0.039530
v -0.026267 1.150290 0.068556
v -0.025821 1.193066 0.057190
v -0.025821 1.193066 0.057190
v -0.034543 1.187707 0.029084
v -0.024730 1.237616 0.038865
v -0.024730 1.237616 0.038865
v -0.036959 1.228019 0.008595
v -0.024546 1.273212 0.026927
v -0.023449 1.311116 0.017708
v 0.000001 1.313026 0.023742
v -0.024546 1.273212 0.026927
v -0.024857 1.350167 0.022625
v -0.023449 1.311116 0.017708
v -0.025652 1.397817 0.033002
v -0.028241 1.474848 0.062433
v -0.026991 1.437313 0.046924
v -0.015688 1.562697 0.038880
v -0.018803 1.568027 0.045357
v -0.011048 1.551080 0.033533
v -0.014751 1.297082 -0.041667
v -0.003459 1.309469 -0.070006
v -0.003310 1.304222 -0.070438
v -0.002400 1.337647 -0.069502
v -0.003033 1.400694 -0.055220
v 0.000001 1.400756 -0.055670
v -0.016695 1.469481 0.002094
v -0.033375 1.479265 0.006022
v -0.019096 1.487833 0.013118
v -0.048247 1.489763 0.022650
v -0.040425 1.484085 0.012441
v -0.044205 1.481275 0.022022
v -0.037515 1.517932 0.054235
v -0.028241 1.474848 0.062433
v -0.026316 1.515267 0.075250
v -0.026316 1.515267 0.075250
v -0.023788 1.546197 0.080484
v -0.026991 1.437313 0.046924
v -0.038171 1.479493 0.038329
v -0.038826 1.445652 0.028182
v -0.036832 1.400758 0.016534
v -0.025652 1.397817 0.033002
v -0.022713 1.271192 0.164517
v -0.075012 1.433748 -0.044411
v -0.079358 1.434769 -0.058390
v -0.075012 1.433748 -0.044411
v -0.058526 1.320496 -0.048562
v -0.034279 1.325009 -0.035680
v -0.031333 1.271281 -0.018587
v -0.022417 1.268072 -0.024098
v -0.081747 1.391763 -0.024496
v -0.089265 1.411514 -0.017152
v -0.145813 1.375827 0.048581
v -0.145813 1.375827 0.048581
v -0.081546 1.401904 0.089677
v -0.094879 1.403440 0.091440
v -0.079735 1.421826 0.075293
v -0.045183 1.056496 0.045967
v -0.045543 1.047066 0.059039
v -0.022794 1.355409 0.149342
v -0.019177 1.365411 0.150573
v -0.020153 1.365431 0.123311
v -0.049070 0.873452 0.043622
v -0.055573 0.858529 0.052946
v -0.044994 0.865794 0.052397
v -0.062630 0.847547 0.049721
v -0.076837 1.450953 0.059790
v -0.085238 1.448032 0.065294
v -0.002579 1.048640 -0.009203
v -0.014300 1.074984 0.015474
v -0.004344 1.065276 0.010784
v -0.149796 1.270635 0.044743
v -0.149796 1.270635 0.044743
v -0.123562 1.396245 0.084784
v -0.115487 1.388878 0.075963
v -0.157369 1.351148 0.009367
v -0.021541 1.298490 0.149772
v -0.002579 1.048640 -0.009203
v -0.003661 1.029549 -0.021784
v -0.040747 1.267625 -0.012828
v -0.005716 1.011967 -0.032570
v -0.084388 1.315102 -0.055008
v -0.140829 1.190714 0.061544
v -0.021047 1.312378 0.145443
v -0.097096 1.449876 0.003370
v -0.089469 1.446269 0.023526
v -0.087551 1.453092 0.055355
v -0.092145 1.451007 0.026548
v -0.102626 1.447531 0.026298
v -0.097127 1.443209 0.067260
v -0.085238 1.448032 0.065294
v -0.073855 1.462334 0.042264
v -0.085887 1.461125 0.039057
v -0.076837 1.450953 0.059790
v -0.076837 1.450953 0.059790
v -0.071545 1.453938 0.040650
v -0.073855 1.462334 0.042264
v -0.069313 1.455699 0.022700
v -0.064179 1.462090 0.029638
v -0.091901 1.433086 0.047020
v -0.089469 1.446269 0.023526
v -0.083074 1.434657 0.053158
v -0.089469 1.446269 0.023526
v -0.084388 1.315102 -0.055008
v -0.084388 1.315102 -0.055008
v -0.204355 1.414116 -0.018443
v -0.182177 1.441126 -0.011679
v -0.177838 1.451006 0.009991
v -0.193954 1.435758 0.024135
v -0.166049 1.452652 0.034019
v -0.183081 1.445264 0.016329
v -0.177838 1.451006 0.009991
v -0.177149 1.447069 -0.012024
v -0.014300 1.074984 0.015474
v -0.002566 1.082953 -0.006885
v -0.002510 1.078187 -0.009393
v -0.004344 1.065276 0.010784
v -0.015392 1.093818 0.018932
v -0.005470 1.098507 0.010248
v -0.014901 1.108624 0.015351
v -0.015247 1.126100 0.016261
v -0.005470 1.098507 0.010248
v -0.014901 1.108624 0.015351
v -0.008287 1.131030 0.011398
v -0.044871 1.099949 0.041023
v -0.043031 1.114594 0.017496
v -0.015392 1.093818 0.018932
v -0.044948 1.121478 0.022479
v -0.046479 1.115632 0.022950
v -0.033033 1.142619 0.039530
v -0.041562 1.120445 0.016998
v -0.014901 1.108624 0.015351
v -0.013774 1.041160 0.005743
v -0.025273 1.056009 0.020720
v -0.015392 1.093818 0.018932
v -0.015392 1.093818 0.018932
v -0.015392 1.093818 0.018932
v -0.036370 1.028360 0.020406
v -0.045183 1.056496 0.045967
v -0.030247 1.052520 0.077268
v -0.038775 1.072174 0.074790
v -0.041623 1.086240 0.081311
v -0.030247 1.052520 0.077268
v -0.113685 0.922248 0.032998
v -0.087479 0.894465 0.092891
v -0.074621 0.893438 0.083311
v -0.064924 0.892647 0.041819
v -0.064924 0.892647 0.041819
v -0.070029 0.880702 0.034979
v -0.054950 0.898030 0.032506
v -0.082498 0.883845 0.021015
v -0.104145 0.894004 0.017803
v -0.098758 0.911673 0.014514
v -0.092039 0.875920 0.027033
v -0.082498 0.883845 0.021015
v -0.074781 0.875227 0.047066
v -0.087644 0.869460 0.043111
v -0.063997 0.898594 0.071999
v -0.072763 0.874164 0.059186
v -0.074621 0.893438 0.083311
v -0.076058 0.874368 0.072878
v -0.088166 0.873494 0.083677
v -0.087479 0.894465 0.092891
v -0.087882 0.867340 0.058870
v -0.110410 0.899457 0.092432
v -0.087479 0.894465 0.092891
v -0.110993 0.912696 0.091621
v -0.096182 0.880283 0.089388
v -0.120405 0.922794 0.079271
v -0.121015 0.906744 0.085757
v -0.118464 0.908983 0.035376
v -0.122707 0.925975 0.062097
v -0.113685 0.922248 0.032998
v -0.124702 0.911087 0.061759
v -0.115373 0.893710 0.040162
v -0.109897 0.887430 0.034465
v -0.092039 0.875920 0.027033
v -0.121114 0.895996 0.066423
v -0.125303 0.908498 0.074992
v -0.113617 0.890989 0.086815
v -0.096182 0.880283 0.089388
v -0.106930 0.878549 0.074916
v -0.102938 0.876657 0.050193
v -0.102938 0.876657 0.050193
v -0.106930 0.878549 0.074916
v -0.054509 0.915292 -0.052185
v -0.069095 0.905442 -0.046023
v -0.061314 0.912538 -0.053541
v -0.048428 0.919821 -0.045976
v -0.056212 0.921224 -0.051965
v -0.050606 0.924734 -0.047288
v -0.058720 0.933406 -0.040673
v -0.048428 0.919821 -0.045976
v -0.035759 0.930449 -0.017291
v -0.020627 0.971089 -0.021214
v -0.020212 1.006947 -0.007286
v -0.071443 1.013916 -0.020455
v -0.002652 1.143707 -0.013314
v -0.003739 1.139273 -0.010982
v -0.003769 1.273020 -0.059301
v -0.003525 1.267003 -0.057383
v -0.039505 1.212727 -0.004905
v -0.035600 1.205359 -0.007647
v -0.039130 1.206770 -0.003077
v -0.036959 1.228019 0.008595
v -0.034508 1.212436 -0.009504
v -0.034543 1.187707 0.029084
v -0.017757 1.192104 -0.001097
v -0.025852 1.184198 0.014737
v -0.013299 1.212828 -0.014185
v -0.017757 1.192104 -0.001097
v -0.011918 1.236348 -0.027136
v -0.022425 1.230810 -0.010916
v -0.011918 1.236348 -0.027136
v -0.001811 1.232682 -0.047233
v -0.010150 1.258066 -0.034063
v -0.013299 1.212828 -0.014185
v -0.002148 1.201506 -0.031581
v -0.008111 1.227664 -0.025012
v -0.013299 1.212828 -0.014185
v -0.008111 1.227664 -0.025012
v -0.011918 1.236348 -0.027136
v -0.001811 1.232682 -0.047233
v -0.012187 1.143396 0.007657
v -0.008210 1.196724 -0.011466
v -0.002932 1.170064 -0.022014
v -0.011001 1.167367 0.001762
v -0.008210 1.196724 -0.011466
v -0.017757 1.192104 -0.001097
v -0.013299 1.212828 -0.014185
v -0.008210 1.196724 -0.011466
v -0.013299 1.212828 -0.014185
v -0.002148 1.201506 -0.031581
v -0.011001 1.167367 0.001762
v -0.041183 1.158800 0.013054
v -0.038126 1.152755 0.008997
v -0.040188 1.153226 0.014847
v -0.033033 1.142619 0.039530
v -0.025852 1.184198 0.014737
v -0.038451 1.158885 0.007624
v -0.025852 1.184198 0.014737
v -0.011001 1.167367 0.001762
v -0.012187 1.143396 0.007657
v -0.015247 1.126100 0.016261
v -0.015247 1.126100 0.016261
v -0.008287 1.131030 0.011398
v -0.008287 1.131030 0.011398
v 0.000001 1.304308 -0.071075
v -0.003506 1.372485 -0.063191
v -0.004121 1.368435 -0.062288
v -0.010960 1.325567 -0.049162
v -0.002132 1.341795 -0.069736
v -0.002400 1.337647 -0.069502
v -0.012323 1.387813 -0.035801
v -0.011885 1.356121 -0.042455
v -0.012323 1.387813 -0.035801
v -0.002785 1.404055 -0.054877
v -0.030852 1.318807 -0.042498
v -0.020304 1.348721 -0.039335
v -0.027687 1.349549 -0.038901
v -0.020573 1.363740 -0.033851
v -0.029697 1.378375 -0.033734
v -0.029412 1.365505 -0.027707
v -0.026129 1.388829 -0.026502
v -0.018654 1.378408 -0.034293
v -0.026169 1.405983 -0.027191
v -0.018482 1.394695 -0.028766
v -0.014829 1.407593 -0.029254
v -0.012323 1.387813 -0.035801
v -0.011885 1.356121 -0.042455
v -0.010960 1.325567 -0.049162
v -0.009328 1.438413 -0.028411
v -0.004776 1.427505 -0.042396
v -0.007495 1.416158 -0.033878
v -0.016457 1.450692 -0.008253
v -0.009328 1.438413 -0.028411
v -0.017076 1.435574 -0.015430
v -0.003455 1.453538 -0.026964
v -0.003253 1.445323 -0.034923
v -0.009328 1.438413 -0.028411
v -0.007495 1.416158 -0.033878
v -0.004314 1.470470 -0.013496
v -0.006257 1.460159 -0.025473
v -0.016695 1.469481 0.002094
v -0.005664 1.489847 -0.000951
v -0.008328 1.479561 -0.011820
v -0.007543 1.517604 0.015740
v -0.010402 1.502738 0.005464
v -0.019096 1.487833 0.013118
v -0.005664 1.489847 -0.000951
v -0.003019 1.543326 0.024513
v -0.005559 1.528696 0.016462
v -0.037462 1.535054 0.042657
v -0.035110 1.542498 0.036144
v -0.033711 1.536006 0.036742
v -0.044055 1.514030 0.037492
v -0.039077 1.518095 0.025463
v -0.041860 1.503928 0.032254
v -0.037336 1.507024 0.024103
v -0.042429 1.493874 0.015308
v -0.041508 1.542612 0.043112
v -0.033028 1.555452 0.040382
v -0.035690 1.556264 0.047171
v -0.018803 1.568027 0.045357
v -0.015688 1.562697 0.038880
v -0.011048 1.551080 0.033533
v -0.023621 1.538591 0.035176
v -0.021505 1.521446 0.028182
v -0.020567 1.568922 0.059080
v -0.038171 1.479493 0.038329
v -0.030668 1.461041 -0.005003
v -0.029290 1.464926 0.003353
v -0.029388 1.442471 -0.003364
v -0.049961 1.427633 -0.021987
v -0.026729 1.436245 -0.012687
v -0.028001 1.419089 -0.013209
v -0.026169 1.405983 -0.027191
v -0.051758 1.417631 -0.025820
v -0.028001 1.419089 -0.013209
v -0.049131 1.400327 -0.032983
v -0.026129 1.388829 -0.026502
v -0.029697 1.378375 -0.033734
v -0.054374 1.389517 -0.031672
v -0.026129 1.388829 -0.026502
v -0.052812 1.369159 -0.036133
v -0.029412 1.365505 -0.027707
v -0.052646 1.441486 -0.015371
v -0.049484 1.437842 -0.022389
v -0.047557 1.454199 -0.012896
v -0.030668 1.461041 -0.005003
v -0.029388 1.442471 -0.003364
v -0.050563 1.464533 -0.002309
v -0.029290 1.464926 0.003353
v -0.046950 1.471614 0.001140
v -0.033375 1.479265 0.006022
v -0.029290 1.464926 0.003353
v -0.047618 1.476661 0.002772
v -0.040425 1.484085 0.012441
v -0.049549 1.478956 0.015208
v -0.044205 1.481275 0.022022
v -0.072072 1.382569 -0.049318
v -0.048937 1.382376 -0.042182
v -0.073203 1.406899 -0.041124
v -0.049937 1.410515 -0.034925
v -0.077100 1.418632 -0.031929
v -0.078722 1.432869 -0.030816
v -0.078722 1.432869 -0.030816
v -0.070586 1.411258 -0.049270
v -0.077100 1.418632 -0.031929
v -0.073203 1.406899 -0.041124
v -0.075012 1.433748 -0.044411
v -0.078722 1.432869 -0.030816
v -0.069897 1.387015 -0.056769
v -0.072072 1.382569 -0.049318
v -0.074733 1.396765 -0.039369
v -0.075024 1.363293 -0.048268
v -0.027687 1.349549 -0.038901
v -0.052462 1.361366 -0.036321
v -0.029412 1.365505 -0.027707
v -0.028274 1.336674 -0.034816
v -0.049032 1.347399 -0.042742
v -0.037564 1.326503 -0.028504
v -0.028274 1.336674 -0.034816
v -0.034279 1.325009 -0.035680
v -0.040632 1.323456 -0.020355
v -0.036573 1.335037 -0.023076
v -0.036573 1.335037 -0.023076
v -0.050851 1.338799 -0.038841
v -0.036573 1.335037 -0.023076
v -0.057461 1.353299 -0.025490
v -0.056911 1.337841 -0.025929
v -0.036843 1.361964 -0.010562
v -0.052462 1.361366 -0.036321
v -0.036573 1.335037 -0.023076
v -0.056430 1.368693 -0.028367
v -0.029412 1.365505 -0.027707
v -0.036843 1.361964 -0.010562
v -0.060323 1.381620 -0.021018
v -0.036618 1.390310 -0.007276
v -0.054374 1.389517 -0.031672
v -0.036843 1.361964 -0.010562
v -0.038238 1.396637 -0.010790
v -0.057156 1.409630 -0.016990
v -0.053962 1.398488 -0.022625
v -0.049131 1.400327 -0.032983
v -0.026129 1.388829 -0.026502
v -0.039669 1.407562 -0.002316
v -0.051758 1.417631 -0.025820
v -0.036618 1.390310 -0.007276
v -0.039669 1.407562 -0.002316
v -0.038238 1.396637 -0.010790
v -0.081747 1.391763 -0.024496
v -0.081972 1.349875 -0.029166
v -0.081962 1.335961 -0.031704
v -0.082877 1.369201 -0.025832
v -0.085733 1.360671 -0.036449
v -0.052812 1.369159 -0.036133
v -0.085733 1.360671 -0.036449
v -0.075024 1.363293 -0.048268
v -0.074138 1.350024 -0.054375
v -0.079632 1.331876 -0.052734
v -0.075024 1.363293 -0.048268
v -0.081962 1.335961 -0.031704
v -0.085885 1.329157 -0.040160
v -0.074519 1.388783 -0.042283
v -0.083192 1.387376 -0.029446
v -0.083687 1.378602 -0.024206
v -0.074733 1.396765 -0.039369
v -0.074733 1.396765 -0.039369
v -0.083192 1.387376 -0.029446
v -0.074519 1.388783 -0.042283
v -0.074519 1.388783 -0.042283
v -0.026129 1.388829 -0.026502
v -0.039147 1.420411 0.005196
v -0.055944 1.429461 -0.007393
v -0.053549 1.424892 -0.013487
v -0.041078 1.428755 0.009751
v -0.055482 1.435851 -0.006177
v -0.084785 1.434718 -0.006455
v -0.082177 1.423793 -0.004912
v -0.083277 1.439405 -0.026368
v -0.029388 1.442471 -0.003364
v -0.039826 1.436677 0.007290
v -0.077100 1.418632 -0.031929
v -0.089265 1.411514 -0.017152
v -0.028001 1.419089 -0.013209
v -0.049961 1.427633 -0.021987
v -0.039147 1.420411 0.005196
v -0.028001 1.419089 -0.013209
v -0.041078 1.428755 0.009751
v -0.077100 1.418632 -0.031929
v -0.089265 1.411514 -0.017152
v -0.082177 1.423793 -0.004912
v -0.069862 1.459494 -0.014400
v -0.049632 1.462651 -0.012192
v -0.092428 1.447935 -0.013308
v -0.071834 1.460638 -0.002729
v -0.070179 1.451857 -0.016238
v -0.085727 1.441116 -0.016742
v -0.083277 1.439405 -0.026368
v -0.041257 1.464909 0.005171
v -0.041257 1.464909 0.005171
v -0.051711 1.449857 -0.009116
v -0.070179 1.451857 -0.016238
v -0.047557 1.454199 -0.012896
v -0.067960 1.451318 -0.000916
v -0.067750 1.448212 -0.012146
v -0.053538 1.457868 0.004778
v -0.052826 1.450909 -0.000958
v -0.071834 1.460638 -0.002729
v -0.069631 1.455892 0.003078
v -0.041257 1.464909 0.005171
v -0.050563 1.464533 -0.002309
v -0.041675 1.447136 0.010196
v -0.036685 1.443666 0.001688
v -0.029388 1.442471 -0.003364
v -0.039826 1.436677 0.007290
v -0.036685 1.443666 0.001688
v -0.029388 1.442471 -0.003364
v -0.041675 1.447136 0.010196
v -0.046823 1.468067 0.021898
v -0.042329 1.454574 0.014770
v -0.047995 1.475060 0.022540
v -0.044205 1.481275 0.022022
v -0.047995 1.475060 0.022540
v -0.042329 1.454574 0.014770
v -0.045418 1.464040 0.012833
v -0.041257 1.464909 0.005171
v -0.046823 1.468067 0.021898
v -0.074042 1.459394 0.011671
v -0.089469 1.446269 0.023526
v -0.063539 1.471755 0.005676
v -0.076583 1.464881 0.012347
v -0.061286 1.467044 0.004374
v -0.060560 1.476580 0.015563
v -0.073191 1.471033 0.024478
v -0.058555 1.473229 0.024900
v -0.047995 1.475060 0.022540
v -0.055708 1.466994 0.023512
v -0.058555 1.473229 0.024900
v -0.057290 1.462921 0.015917
v -0.077498 1.446320 0.035951
v -0.075070 1.441668 0.053428
v -0.074042 1.459394 0.011671
v -0.061286 1.467044 0.004374
v -0.085184 1.442720 0.004338
v -0.084785 1.434718 -0.006455
v -0.090127 1.451360 0.008171
v -0.090127 1.451360 0.008171
v -0.097096 1.449876 0.003370
v -0.090127 1.451360 0.008171
v -0.085184 1.442720 0.004338
v -0.087283 1.448581 0.010838
v -0.083849 1.438689 -0.007701
v -0.084785 1.434718 -0.006455
v -0.083849 1.438689 -0.007701
v -0.085184 1.442720 0.004338
v -0.085727 1.441116 -0.016742
v -0.083277 1.439405 -0.026368
v -0.085727 1.441116 -0.016742
v -0.085727 1.441116 -0.016742
v -0.099774 1.394150 0.083247
v -0.003019 1.543326 0.024513
v -0.005559 1.528696 0.016462
v -0.007543 1.517604 0.015740
v -0.003253 1.445323 -0.034923
v 0.000001 1.445411 -0.034904
v -0.003455 1.453538 -0.026964
v -0.004314 1.470470 -0.013496
v -0.006257 1.460159 -0.025473
v 0.000001 1.470491 -0.013889
v -0.010402 1.502738 0.005464
v -0.005664 1.489847 -0.000951
v 0.000001 1.490231 -0.001374
v -0.005664 1.489847 -0.000951
v -0.008328 1.479561 -0.011820
v -0.009328 1.438413 -0.028411
v 0.000001 1.272789 -0.060347
v -0.003525 1.267003 -0.057383
v -0.010150 1.258066 -0.034063
v -0.010150 1.258066 -0.034063
v 0.000001 1.197238 -0.010681
v -0.008111 1.227664 -0.025012
v 0.000001 1.143593 -0.013999
v -0.002932 1.170064 -0.022014
v -0.011001 1.167367 0.001762
v -0.003844 1.433614 -0.041051
v 0.000001 1.433371 -0.041516
v 0.000001 1.341640 -0.069807
v -0.004121 1.368435 -0.062288
v -0.011885 1.356121 -0.042455
v 0.000001 1.169838 -0.022070
v -0.002166 1.173995 -0.024638
v -0.003739 1.139273 -0.010982
v -0.008287 1.131030 0.011398
v -0.004344 1.065276 0.010784
v 0.000001 1.064999 0.011081
v 0.000001 1.078166 -0.008870
v -0.004776 1.427505 -0.042396
v -0.007495 1.416158 -0.033878
v 0.000001 1.372261 -0.064227
v -0.003033 1.400694 -0.055220
v -0.012323 1.387813 -0.035801
v 0.000001 1.543099 0.024630
v -0.038775 1.072174 0.074790
v -0.041623 1.086240 0.081311
v 0.000001 0.971180 0.025245
v -0.003310 1.304222 -0.070438
v -0.014751 1.297082 -0.041667
v -0.158007 1.271725 0.052120
v -0.022417 1.268072 -0.024098
v -0.040747 1.267625 -0.012828
v -0.161755 1.427748 0.038371
v -0.098758 0.911673 0.014514
v 0.175198 0.518635 0.118505
v 0.196472 0.511357 0.110606
v 0.182256 0.527239 0.128058
v 0.131265 0.892757 0.024051
v 0.154262 0.902094 0.031144
v 0.152800 0.895741 0.023633
v 0.097199 0.863623 0.036437
v 0.096555 0.860780 0.063375
v 0.112472 0.884184 0.055009
v 0.143753 0.517289 0.130761
v 0.157459 0.505732 0.109493
v 0.159951 0.532968 0.131870
v 0.151474 0.869890 0.020294
v 0.131678 0.865861 0.020988
v 0.147714 0.886231 0.018222
v 0.144863 0.894172 0.079389
v 0.132061 0.882936 0.084161
v 0.146917 0.874266 0.084393
v 0.195031 0.545579 0.058774
v 0.187925 0.552521 0.076321
v 0.199569 0.544327 0.069689
v 0.194959 0.552557 0.092323
v 0.176119 0.577620 0.069871
v 0.185164 0.558628 0.062566
v 0.180042 0.575419 0.092081
v 0.150737 0.574380 0.061930
v 0.166457 0.577910 0.059561
v 0.171782 0.556988 0.053183
v 0.150549 0.546022 0.058599
v 0.150737 0.574380 0.061930
v 0.159656 0.540464 0.056740
v 0.171782 0.556988 0.053183
v 0.138754 0.544790 0.053035
v 0.149012 0.519402 0.059469
v 0.133633 0.526364 0.050141
v 0.163001 0.519927 0.059586
v 0.151616 0.510267 0.076498
v 0.159656 0.540464 0.056740
v 0.150549 0.546022 0.058599
v 0.189888 0.549236 0.051956
v 0.191387 0.529621 0.052301
v 0.181017 0.540279 0.046136
v 0.170906 0.533217 0.047666
v 0.170906 0.533217 0.047666
v 0.161310 0.549656 0.138755
v 0.181147 0.567225 0.122319
v 0.161520 0.565662 0.136178
v 0.137611 0.523413 0.135645
v 0.161310 0.549656 0.138755
v 0.116137 0.544958 0.071684
v 0.133461 0.574736 0.063310
v 0.126422 0.546538 0.056132
v 0.124222 0.532973 0.052908
v 0.114714 0.527085 0.064633
v 0.115467 0.542928 0.092912
v 0.125476 0.572227 0.084078
v 0.161310 0.549656 0.138755
v 0.143881 0.561385 0.135343
v 0.128729 0.528694 0.133969
v 0.190687 0.538539 0.126723
v 0.124222 0.532973 0.052908
v 0.123576 0.510584 0.064427
v 0.109292 0.877304 0.023085
v 0.116390 0.784060 0.052420
v 0.096555 0.860780 0.063375
v 0.097199 0.863623 0.036437
v 0.119955 0.496646 0.082390
v 0.111782 0.506551 0.098887
v 0.110521 0.500892 0.077823
v 0.134164 0.499767 0.095002
v 0.121176 0.497394 0.096790
v 0.132230 0.501547 0.077175
v 0.106340 0.532306 0.081085
v 0.104569 0.521714 0.079466
v 0.106013 0.529374 0.095042
v 0.109326 0.530619 0.110873
v 0.120186 0.536495 0.125370
v 0.116501 0.541051 0.112814
v 0.207003 0.539723 0.109603
v 0.207041 0.523599 0.091989
v 0.208189 0.540877 0.093716
v 0.197753 0.549603 0.113482
v 0.190687 0.538539 0.126723
v 0.205795 0.523875 0.113548
v 0.165518 0.893856 0.063786
v 0.157223 0.904983 0.064096
v 0.161238 0.894599 0.072930
v 0.147238 0.904825 0.069987
v 0.130961 0.903957 0.047144
v 0.134441 0.899193 0.075955
v 0.165518 0.893856 0.063786
v 0.167296 0.872802 0.050278
v 0.164333 0.892918 0.048079
v 0.160350 0.888118 0.029528
v 0.164994 0.851984 0.067127
v 0.158303 0.850086 0.047627
v 0.161887 0.870653 0.032333
v 0.146160 0.847512 0.030204
v 0.146031 0.779445 0.050324
v 0.129694 0.781788 0.049197
v 0.120357 0.852846 0.027206
v 0.120357 0.852846 0.027206
v 0.138081 0.710633 0.057825
v 0.127158 0.711825 0.062080
v 0.129694 0.781788 0.049197
v 0.138081 0.710633 0.057825
v 0.132898 0.641481 0.066334
v 0.120255 0.711200 0.076150
v 0.125076 0.640638 0.081323
v 0.122530 0.710710 0.096117
v 0.127315 0.639238 0.105374
v 0.128297 0.569679 0.117685
v 0.139475 0.637041 0.120136
v 0.110021 0.522758 0.116523
v 0.115212 0.510900 0.118851
v 0.124002 0.503359 0.119635
v 0.115212 0.510900 0.118851
v 0.128729 0.528694 0.133969
v 0.111782 0.506551 0.098887
v 0.105349 0.519973 0.095658
v 0.104569 0.521714 0.079466
v 0.133199 0.501338 0.116788
v 0.134581 0.709956 0.109387
v 0.115783 0.784585 0.087854
v 0.109581 0.784159 0.069303
v 0.119240 0.871635 0.021298
v 0.119240 0.871635 0.021298
v 0.131265 0.892757 0.024051
v 0.152800 0.895741 0.023633
v 0.164333 0.892918 0.048079
v 0.154644 0.906196 0.040041
v 0.126521 0.898489 0.031066
v 0.160350 0.888118 0.029528
v 0.122258 0.886078 0.084783
v 0.124389 0.872158 0.087263
v 0.124389 0.872158 0.087263
v 0.144363 0.857188 0.086289
v 0.146917 0.874266 0.084393
v 0.129085 0.784233 0.096952
v 0.159671 0.853557 0.079909
v 0.147846 0.782587 0.096428
v 0.159495 0.781090 0.087180
v 0.165875 0.710145 0.097610
v 0.163479 0.710228 0.083896
v 0.171391 0.641797 0.088353
v 0.165706 0.642468 0.068477
v 0.158442 0.642466 0.062234
v 0.158165 0.709462 0.065150
v 0.159363 0.780907 0.076103
v 0.153302 0.779339 0.058271
v 0.162559 0.871111 0.079420
v 0.144363 0.857188 0.086289
v 0.161238 0.894599 0.072930
v 0.154881 0.895846 0.076950
v 0.146917 0.874266 0.084393
v 0.169611 0.870244 0.065935
v 0.105117 0.866428 0.083611
v 0.151150 0.709747 0.058680
v 0.144508 0.641391 0.061890
v 0.144508 0.641391 0.061890
v 0.138754 0.544790 0.053035
v 0.173477 0.640760 0.107961
v 0.159000 0.635685 0.121827
v 0.161520 0.565662 0.136178
v 0.153415 0.709163 0.109910
v 0.159000 0.635685 0.121827
v 0.147846 0.782587 0.096428
v 0.105117 0.866428 0.083611
v 0.153415 0.709163 0.109910
v 0.154881 0.895846 0.076950
v 0.205795 0.523875 0.113548
v 0.207041 0.523599 0.091989
v 0.197958 0.509769 0.091686
v 0.197521 0.527119 0.067542
v 0.178824 0.507562 0.106019
v 0.176804 0.506553 0.092799
v 0.188683 0.514227 0.069065
v 0.152337 0.506327 0.094162
v 0.173021 0.511989 0.073800
v 0.191387 0.529621 0.052301
v 0.197521 0.527119 0.067542
v 0.181017 0.540279 0.046136
v 0.177201 0.519067 0.052140
v 0.181017 0.540279 0.046136
v -0.175196 0.518635 0.118506
v -0.196470 0.511357 0.110607
v -0.178822 0.507562 0.106020
v -0.131263 0.892757 0.024052
v -0.154260 0.902094 0.031144
v -0.126519 0.898490 0.031066
v -0.097197 0.863623 0.036437
v -0.112470 0.884184 0.055009
v -0.096553 0.860780 0.063375
v -0.157457 0.505732 0.109493
v -0.143751 0.517289 0.130762
v -0.159949 0.532968 0.131870
v -0.151472 0.869890 0.020294
v -0.147713 0.886231 0.018222
v -0.131676 0.865861 0.020989
v -0.144862 0.894172 0.079390
v -0.146915 0.874266 0.084393
v -0.132060 0.882936 0.084161
v -0.195029 0.545579 0.058775
v -0.187924 0.552522 0.076321
v -0.185162 0.558628 0.062567
v -0.199567 0.544327 0.069689
v -0.194957 0.552557 0.092324
v -0.176118 0.577620 0.069872
v -0.180040 0.575419 0.092082
v -0.150736 0.574380 0.061931
v -0.171780 0.556989 0.053184
v -0.166455 0.577910 0.059561
v -0.150548 0.546022 0.058599
v -0.159654 0.540464 0.056740
v -0.150736 0.574380 0.061931
v -0.171780 0.556989 0.053184
v -0.149010 0.519402 0.059470
v -0.138753 0.544790 0.053035
v -0.133632 0.526364 0.050141
v -0.151615 0.510267 0.076499
v -0.162999 0.519927 0.059587
v -0.159654 0.540464 0.056740
v -0.150548 0.546022 0.058599
v -0.189886 0.549236 0.051957
v -0.191385 0.529621 0.052302
v -0.170904 0.533218 0.047666
v -0.177199 0.519067 0.052141
v -0.170904 0.533218 0.047666
v -0.161309 0.549656 0.138756
v -0.161518 0.565663 0.136179
v -0.181145 0.567226 0.122320
v -0.137609 0.523413 0.135645
v -0.182255 0.527239 0.128058
v -0.116135 0.544959 0.071685
v -0.133459 0.574737 0.063311
v -0.125473 0.572227 0.084079
v -0.124220 0.532973 0.052909
v -0.126421 0.546538 0.056133
v -0.115465 0.542928 0.092912
v -0.161309 0.549656 0.138756
v -0.128728 0.528694 0.133970
v -0.143880 0.561385 0.135344
v -0.161309 0.549656 0.138756
v -0.190685 0.538540 0.126723
v -0.124220 0.532973 0.052909
v -0.123574 0.510584 0.064428
v -0.109291 0.877304 0.023086
v -0.116388 0.784060 0.052420
v -0.096553 0.860780 0.063375
v -0.109580 0.784159 0.069303
v -0.119953 0.496646 0.082390
v -0.111780 0.506551 0.098888
v -0.121174 0.497394 0.096791
v -0.134162 0.499768 0.095002
v -0.132229 0.501548 0.077176
v -0.110519 0.500892 0.077823
v -0.106338 0.532307 0.081086
v -0.114713 0.527085 0.064633
v -0.106011 0.529374 0.095043
v -0.104567 0.521714 0.079467
v -0.109323 0.530619 0.110873
v -0.120184 0.536495 0.125370
v -0.110020 0.522759 0.116524
v -0.207001 0.539724 0.109604
v -0.207039 0.523600 0.091990
v -0.205793 0.523875 0.113549
v -0.208187 0.540877 0.093717
v -0.190685 0.538540 0.126723
v -0.197752 0.549603 0.113482
v -0.165516 0.893856 0.063787
v -0.161236 0.894599 0.072930
v -0.157221 0.904983 0.064097
v -0.147237 0.904825 0.069987
v -0.134439 0.899193 0.075956
v -0.130959 0.903957 0.047145
v -0.165516 0.893856 0.063787
v -0.167294 0.872801 0.050278
v -0.169609 0.870244 0.065936
v -0.160348 0.888118 0.029528
v -0.161885 0.870653 0.032334
v -0.164992 0.851984 0.067128
v -0.158302 0.850086 0.047627
v -0.146158 0.847512 0.030204
v -0.146029 0.779445 0.050325
v -0.153300 0.779339 0.058272
v -0.129692 0.781788 0.049197
v -0.120355 0.852846 0.027207
v -0.120355 0.852846 0.027207
v -0.097197 0.863623 0.036437
v -0.138079 0.710634 0.057826
v -0.129692 0.781788 0.049197
v -0.127156 0.711825 0.062080
v -0.138079 0.710634 0.057826
v -0.132896 0.641481 0.066335
v -0.120254 0.711200 0.076151
v -0.125074 0.640638 0.081324
v -0.122528 0.710710 0.096118
v -0.127313 0.639238 0.105374
v -0.128295 0.569679 0.117685
v -0.139473 0.637041 0.120137
v -0.116499 0.541051 0.112814
v -0.124000 0.503360 0.119636
v -0.115210 0.510901 0.118852
v -0.128728 0.528694 0.133970
v -0.111780 0.506551 0.098888
v -0.115210 0.510901 0.118852
v -0.105347 0.519973 0.095659
v -0.104567 0.521714 0.079467
v -0.133197 0.501338 0.116788
v -0.134580 0.709957 0.109387
v -0.115781 0.784586 0.087854
v -0.119238 0.871635 0.021298
v -0.119238 0.871635 0.021298
v -0.131263 0.892757 0.024052
v -0.120355 0.852846 0.027207
v -0.152798 0.895740 0.023633
v -0.164331 0.892918 0.048080
v -0.154643 0.906196 0.040041
v -0.152798 0.895740 0.023633
v -0.160348 0.888118 0.029528
v -0.122257 0.886078 0.084783
v -0.124387 0.872158 0.087264
v -0.124387 0.872158 0.087264
v -0.146915 0.874266 0.084393
v -0.144361 0.857188 0.086290
v -0.129083 0.784234 0.096953
v -0.159669 0.853557 0.079909
v -0.147844 0.782587 0.096429
v -0.144361 0.857188 0.086290
v -0.165873 0.710146 0.097610
v -0.159493 0.781090 0.087180
v -0.163477 0.710228 0.083897
v -0.171389 0.641797 0.088353
v -0.165704 0.642468 0.068478
v -0.158440 0.642466 0.062235
v -0.158163 0.709462 0.065150
v -0.151148 0.709748 0.058680
v -0.159361 0.780908 0.076104
v -0.162557 0.871111 0.079421
v -0.154879 0.895847 0.076951
v -0.161236 0.894599 0.072930
v -0.146915 0.874266 0.084393
v -0.105116 0.866428 0.083611
v -0.144506 0.641391 0.061891
v -0.144506 0.641391 0.061891
v -0.138753 0.544790 0.053035
v -0.173475 0.640760 0.107962
v -0.158998 0.635685 0.121828
v -0.161518 0.565663 0.136179
v -0.153413 0.709163 0.109910
v -0.158998 0.635685 0.121828
v -0.147844 0.782587 0.096429
v -0.105116 0.866428 0.083611
v -0.153413 0.709163 0.109910
v -0.154879 0.895847 0.076951
v -0.205793 0.523875 0.113549
v -0.207039 0.523600 0.091990
v -0.197956 0.509769 0.091686
v -0.197520 0.527119 0.067543
v -0.188682 0.514227 0.069066
v -0.176802 0.506554 0.092800
v -0.173020 0.511989 0.073801
v -0.152335 0.506328 0.094163
v -0.191385 0.529621 0.052302
v -0.197520 0.527119 0.067543
v -0.181015 0.540279 0.046137
v 0.159783 0.480315 0.143095
v 0.162396 0.506307 0.145421
v 0.142606 0.494529 0.145107
v 0.170023 0.474468 0.139126
v 0.178108 0.474526 0.129717
v 0.182918 0.480765 0.136689
v 0.171455 0.096544 0.088272
v 0.175625 0.114938 0.093706
v 0.164944 0.100585 0.085288
v 0.140622 0.492882 0.125663
v 0.128802 0.485819 0.105393
v 0.138051 0.468577 0.115705
v 0.140622 0.492882 0.125663
v 0.141927 0.502398 0.104699
v 0.128802 0.485819 0.105393
v 0.124660 0.461310 0.086232
v 0.117339 0.476036 0.084809
v 0.126067 0.460654 0.062197
v 0.120499 0.482972 0.054755
v 0.116893 0.494703 0.068955
v 0.120499 0.482972 0.054755
v 0.117339 0.476036 0.084809
v 0.190793 0.504505 0.107504
v 0.189794 0.508673 0.118797
v 0.192898 0.496069 0.111351
v 0.154314 0.526611 0.141019
v 0.141961 0.512193 0.145825
v 0.180767 0.122856 0.097376
v 0.181411 0.113255 0.094238
v 0.197204 0.119402 0.094293
v 0.175625 0.114938 0.093706
v 0.171306 0.125079 0.090658
v 0.164944 0.100585 0.085288
v 0.187616 0.164414 0.090128
v 0.220893 0.123068 0.084701
v 0.207884 0.133192 0.090529
v 0.217000 0.115336 0.088554
v 0.197204 0.119402 0.094293
v 0.198081 0.162798 0.089592
v 0.206289 0.162010 0.084694
v 0.117804 0.499712 0.059218
v 0.123727 0.502280 0.050956
v 0.219024 0.136199 0.064368
v 0.222441 0.125628 0.046698
v 0.214164 0.141619 0.048390
v 0.227993 0.108838 0.082949
v 0.225741 0.123453 0.060574
v 0.230470 0.114194 0.043926
v 0.162103 0.124759 0.065430
v 0.195393 0.100398 0.069127
v 0.210123 0.108301 0.083738
v 0.197204 0.119402 0.094293
v 0.215657 0.467663 0.048701
v 0.205598 0.446015 0.049861
v 0.194839 0.474894 0.045421
v 0.175186 0.443930 0.052985
v 0.169743 0.474513 0.046844
v 0.198810 0.497944 0.039966
v 0.193652 0.512526 0.045639
v 0.206100 0.508048 0.047141
v 0.224537 0.470803 0.072641
v 0.219588 0.491611 0.062174
v 0.220336 0.489638 0.072912
v 0.192922 0.515962 0.136067
v 0.183717 0.523233 0.136804
v 0.180686 0.495794 0.140253
v 0.192922 0.515962 0.136067
v 0.179796 0.517443 0.117773
v 0.183717 0.523233 0.136804
v 0.196844 0.500995 0.132681
v 0.199860 0.108915 0.021774
v 0.209892 0.115971 0.019743
v 0.215719 0.098732 0.016261
v 0.223664 0.086422 0.019559
v 0.232329 0.090911 0.028004
v 0.228236 0.082128 0.029841
v 0.214854 0.088752 0.021388
v 0.226200 0.092711 0.016785
v 0.222441 0.125628 0.046698
v 0.216121 0.142788 0.033200
v 0.214164 0.141619 0.048390
v 0.219015 0.174152 0.041918
v 0.212438 0.173422 0.053362
v 0.210684 0.482584 0.093767
v 0.198827 0.447028 0.080674
v 0.214393 0.476722 0.081031
v 0.193453 0.513937 0.059169
v 0.162536 0.512240 0.080493
v 0.204177 0.503624 0.085998
v 0.226553 0.470087 0.057279
v 0.211031 0.488493 0.052630
v 0.206100 0.508048 0.047141
v 0.206298 0.506189 0.063357
v 0.193922 0.134994 0.028163
v 0.177276 0.107537 0.020044
v 0.199860 0.108915 0.021774
v 0.179241 0.092314 0.022109
v 0.177276 0.107537 0.020044
v 0.215719 0.098732 0.016261
v 0.200858 0.092917 0.023462
v 0.170658 0.085092 0.039278
v 0.194907 0.088517 0.035369
v 0.160301 0.091108 0.044488
v 0.163777 0.090802 0.028747
v 0.201774 0.442195 0.092169
v 0.198730 0.384187 0.097041
v 0.199181 0.384497 0.085971
v 0.202183 0.455585 0.106689
v 0.194830 0.385494 0.075644
v 0.210684 0.482584 0.093767
v 0.192898 0.496069 0.111351
v 0.189727 0.481063 0.116881
v 0.158981 0.439159 0.116167
v 0.155941 0.474066 0.129308
v 0.148364 0.437363 0.106358
v 0.189727 0.481063 0.116881
v 0.185760 0.448896 0.118412
v 0.182918 0.480765 0.136689
v 0.170023 0.474468 0.139126
v 0.189727 0.481063 0.116881
v 0.192014 0.487737 0.131817
v 0.192014 0.487737 0.131817
v 0.170309 0.527728 0.136377
v 0.196844 0.500995 0.132681
v 0.140622 0.492882 0.125663
v 0.159783 0.480315 0.143095
v 0.142606 0.494529 0.145107
v 0.192014 0.487737 0.131817
v 0.185760 0.448896 0.118412
v 0.167018 0.471705 0.132874
v 0.171782 0.443456 0.119758
v 0.189823 0.381098 0.105161
v 0.189823 0.381098 0.105161
v 0.200624 0.306112 0.088753
v 0.198304 0.307592 0.070848
v 0.202374 0.307052 0.079521
v 0.205163 0.233248 0.067062
v 0.209051 0.308563 0.062496
v 0.218789 0.234005 0.045365
v 0.211269 0.233721 0.056560
v 0.218789 0.234005 0.045365
v 0.212074 0.310081 0.042920
v 0.217176 0.309507 0.050519
v 0.217176 0.309507 0.050519
v 0.216949 0.174827 0.033272
v 0.215603 0.234270 0.036776
v 0.205004 0.174847 0.031030
v 0.202537 0.233733 0.036421
v 0.207901 0.140359 0.026128
v 0.223550 0.124345 0.030801
v 0.218532 0.120757 0.021881
v 0.230516 0.113489 0.027596
v 0.226383 0.103812 0.015931
v 0.232329 0.090911 0.028004
v 0.226200 0.092711 0.016785
v 0.230470 0.114194 0.043926
v 0.230470 0.114194 0.043926
v 0.232329 0.090911 0.028004
v 0.230516 0.113489 0.027596
v 0.234038 0.090205 0.045233
v 0.231812 0.112554 0.060439
v 0.230971 0.097237 0.066039
v 0.229540 0.082996 0.049733
v 0.228236 0.082128 0.029841
v 0.214118 0.094562 0.067318
v 0.216465 0.086431 0.037056
v 0.194907 0.088517 0.035369
v 0.216465 0.086431 0.037056
v 0.223078 0.099881 0.081840
v 0.227993 0.108838 0.082949
v 0.231913 0.113978 0.074585
v 0.226235 0.090397 0.068593
v 0.191581 0.174001 0.036440
v 0.189498 0.232979 0.041460
v 0.176623 0.232651 0.041010
v 0.179998 0.173075 0.035781
v 0.165199 0.231692 0.049297
v 0.167392 0.170143 0.044896
v 0.178313 0.134128 0.028738
v 0.164008 0.131148 0.040400
v 0.164008 0.131148 0.040400
v 0.168202 0.167427 0.063604
v 0.167392 0.170143 0.044896
v 0.160790 0.107751 0.026061
v 0.152246 0.105267 0.045153
v 0.160790 0.107751 0.026061
v 0.152246 0.105267 0.045153
v 0.170982 0.230190 0.078129
v 0.166235 0.230689 0.065616
v 0.168433 0.132699 0.078927
v 0.173492 0.166567 0.077717
v 0.161183 0.306366 0.057015
v 0.165199 0.231692 0.049297
v 0.172242 0.308069 0.048104
v 0.161183 0.306366 0.057015
v 0.185909 0.308932 0.048199
v 0.198726 0.309612 0.044593
v 0.208006 0.386551 0.048054
v 0.216719 0.386206 0.053243
v 0.211033 0.385436 0.067492
v 0.224059 0.447375 0.061563
v 0.219243 0.448600 0.072980
v 0.224537 0.470803 0.072641
v 0.218142 0.447241 0.051465
v 0.226553 0.470087 0.057279
v 0.216719 0.386206 0.053243
v 0.218142 0.447241 0.051465
v 0.193389 0.440272 0.056138
v 0.193996 0.386106 0.053921
v 0.180183 0.385578 0.053617
v 0.156689 0.440638 0.055654
v 0.165187 0.383589 0.054517
v 0.152913 0.380536 0.064649
v 0.141563 0.435283 0.067254
v 0.152913 0.380536 0.064649
v 0.162692 0.304819 0.073426
v 0.154025 0.378653 0.083152
v 0.167240 0.303836 0.085774
v 0.177558 0.230090 0.088685
v 0.173643 0.303344 0.095290
v 0.186156 0.230585 0.092899
v 0.181057 0.165122 0.087115
v 0.195517 0.231141 0.091504
v 0.195517 0.231141 0.091504
v 0.192697 0.304970 0.095207
v 0.182717 0.303827 0.098306
v 0.203189 0.230449 0.086400
v 0.209606 0.169732 0.076640
v 0.207513 0.232653 0.077192
v 0.210120 0.171434 0.065644
v 0.222180 0.128682 0.078134
v 0.192697 0.304970 0.095207
v 0.178285 0.379396 0.109270
v 0.167344 0.378200 0.107108
v 0.159764 0.378049 0.097623
v 0.140281 0.435562 0.087012
v 0.141563 0.435283 0.067254
v 0.126067 0.460654 0.062197
v 0.143557 0.470003 0.050926
v 0.120499 0.482972 0.054755
v 0.137290 0.490811 0.046396
v 0.166294 0.495876 0.042408
v 0.165108 0.508137 0.046149
v 0.135269 0.505162 0.048170
v 0.163764 0.512235 0.059048
v 0.165108 0.508137 0.046149
v 0.193652 0.512526 0.045639
v 0.134995 0.509894 0.057769
v 0.132258 0.501952 0.075907
v 0.141927 0.502398 0.104699
v 0.164777 0.515728 0.102896
v 0.164777 0.515728 0.102896
v 0.166196 0.523301 0.121895
v 0.190793 0.504505 0.107504
v 0.155100 0.520191 0.122924
v 0.170309 0.527728 0.136377
v 0.142030 0.509310 0.127872
v 0.154314 0.526611 0.141019
v 0.219015 0.174152 0.041918
v 0.167525 0.087701 0.072306
v 0.176859 0.093397 0.085049
v 0.173991 0.087412 0.072266
v 0.181411 0.113255 0.094238
v 0.128802 0.485819 0.105393
v 0.214393 0.476722 0.081031
v 0.142606 0.494529 0.145107
v 0.123727 0.502280 0.050956
v 0.135269 0.505162 0.048170
v 0.211031 0.488493 0.052630
v 0.210123 0.108301 0.083738
v 0.160301 0.091108 0.044488
v 0.162429 0.090848 0.070780
v 0.170658 0.085092 0.039278
v 0.160301 0.091108 0.044488
v 0.157120 0.104001 0.063684
v 0.152246 0.105267 0.045153
v 0.198081 0.162798 0.089592
v 0.223078 0.099881 0.081840
v 0.231913 0.113978 0.074585
v 0.231812 0.112554 0.060439
v 0.167018 0.471705 0.132874
v -0.159781 0.480315 0.143096
v -0.162394 0.506307 0.145422
v -0.180684 0.495794 0.140254
v -0.178106 0.474527 0.129717
v -0.170021 0.474469 0.139126
v -0.182916 0.480765 0.136690
v -0.171454 0.096545 0.088273
v -0.164943 0.100585 0.085289
v -0.175623 0.114938 0.093707
v -0.140620 0.492883 0.125663
v -0.138048 0.468577 0.115705
v -0.128800 0.485820 0.105393
v -0.140620 0.492883 0.125663
v -0.141925 0.502399 0.104700
v -0.142028 0.509311 0.127872
v -0.124658 0.461311 0.086232
v -0.117338 0.476037 0.084810
v -0.126065 0.460654 0.062197
v -0.116891 0.494703 0.068956
v -0.117338 0.476037 0.084810
v -0.120498 0.482973 0.054756
v -0.190792 0.504506 0.107504
v -0.192896 0.496069 0.111352
v -0.189792 0.508674 0.118798
v -0.141959 0.512193 0.145826
v -0.154312 0.526611 0.141020
v -0.180765 0.122857 0.097377
v -0.197203 0.119403 0.094294
v -0.181409 0.113255 0.094239
v -0.175623 0.114938 0.093707
v -0.164943 0.100585 0.085289
v -0.171304 0.125080 0.090659
v -0.187614 0.164414 0.090128
v -0.207883 0.133192 0.090530
v -0.220892 0.123069 0.084702
v -0.216998 0.115337 0.088555
v -0.197203 0.119403 0.094294
v -0.198080 0.162799 0.089593
v -0.206287 0.162010 0.084695
v -0.117802 0.499712 0.059218
v -0.123725 0.502280 0.050957
v -0.219022 0.136200 0.064369
v -0.222440 0.125628 0.046699
v -0.225740 0.123454 0.060575
v -0.227992 0.108838 0.082950
v -0.230468 0.114194 0.043927
v -0.162102 0.124759 0.065431
v -0.168432 0.132699 0.078928
v -0.210121 0.108302 0.083739
v -0.195392 0.100399 0.069128
v -0.197203 0.119403 0.094294
v -0.205596 0.446015 0.049861
v -0.215655 0.467663 0.048702
v -0.194837 0.474894 0.045422
v -0.175184 0.443931 0.052986
v -0.193387 0.440273 0.056139
v -0.198808 0.497945 0.039966
v -0.206098 0.508049 0.047142
v -0.193651 0.512527 0.045640
v -0.224536 0.470803 0.072642
v -0.219586 0.491612 0.062175
v -0.226551 0.470088 0.057280
v -0.192920 0.515962 0.136068
v -0.183715 0.523233 0.136805
v -0.192920 0.515962 0.136068
v -0.179794 0.517443 0.117774
v -0.196843 0.500995 0.132682
v -0.199859 0.108915 0.021775
v -0.215717 0.098733 0.016263
v -0.209890 0.115971 0.019744
v -0.223662 0.086423 0.019560
v -0.232329 0.090911 0.028005
v -0.226199 0.092712 0.016787
v -0.214853 0.088752 0.021389
v -0.228235 0.082128 0.029842
v -0.222440 0.125628 0.046699
v -0.216120 0.142788 0.033201
v -0.223549 0.124345 0.030802
v -0.214163 0.141620 0.048391
v -0.212436 0.173423 0.053363
v -0.219014 0.174152 0.041919
v -0.210682 0.482584 0.093768
v -0.214392 0.476723 0.081031
v -0.198826 0.447028 0.080675
v -0.193452 0.513937 0.059169
v -0.204175 0.503624 0.085999
v -0.162534 0.512240 0.080494
v -0.211030 0.488494 0.052631
v -0.215655 0.467663 0.048702
v -0.206098 0.508049 0.047142
v -0.206296 0.506189 0.063358
v -0.193920 0.134995 0.028164
v -0.177275 0.107537 0.020045
v -0.199859 0.108915 0.021775
v -0.179240 0.092315 0.022109
v -0.200857 0.092917 0.023463
v -0.215717 0.098733 0.016263
v -0.170656 0.085093 0.039279
v -0.163775 0.090803 0.028748
v -0.160299 0.091109 0.044489
v -0.201773 0.442195 0.092170
v -0.198729 0.384188 0.097042
v -0.202181 0.455586 0.106690
v -0.194829 0.385494 0.075645
v -0.199179 0.384497 0.085972
v -0.210682 0.482584 0.093768
v -0.189725 0.481064 0.116882
v -0.192896 0.496069 0.111352
v -0.158979 0.439159 0.116168
v -0.148363 0.437364 0.106358
v -0.185759 0.448896 0.118412
v -0.189725 0.481064 0.116882
v -0.182916 0.480765 0.136690
v -0.170021 0.474469 0.139126
v -0.189725 0.481064 0.116882
v -0.192012 0.487737 0.131818
v -0.170306 0.527729 0.136378
v -0.196843 0.500995 0.132682
v -0.159781 0.480315 0.143096
v -0.140620 0.492883 0.125663
v -0.142604 0.494529 0.145108
v -0.192012 0.487737 0.131818
v -0.189725 0.481064 0.116882
v -0.185759 0.448896 0.118412
v -0.167017 0.471705 0.132874
v -0.178106 0.474527 0.129717
v -0.189821 0.381098 0.105162
v -0.171780 0.443457 0.119759
v -0.189821 0.381098 0.105162
v -0.200623 0.306113 0.088754
v -0.198303 0.307592 0.070849
v -0.202373 0.307053 0.079522
v -0.205162 0.233249 0.067063
v -0.209049 0.308563 0.062497
v -0.218787 0.234006 0.045366
v -0.211267 0.233722 0.056561
v -0.218787 0.234006 0.045366
v -0.212072 0.310082 0.042921
v -0.215602 0.234271 0.036777
v -0.217174 0.309507 0.050520
v -0.216947 0.174828 0.033273
v -0.205003 0.174848 0.031031
v -0.207900 0.140359 0.026129
v -0.218531 0.120757 0.021882
v -0.230514 0.113489 0.027597
v -0.226382 0.103813 0.015932
v -0.232329 0.090911 0.028005
v -0.226199 0.092712 0.016787
v -0.230468 0.114194 0.043927
v -0.232329 0.090911 0.028005
v -0.230468 0.114194 0.043927
v -0.230514 0.113489 0.027597
v -0.234037 0.090205 0.045234
v -0.231810 0.112555 0.060440
v -0.229539 0.082996 0.049734
v -0.230970 0.097238 0.066040
v -0.228235 0.082128 0.029842
v -0.214117 0.094562 0.067319
v -0.226234 0.090398 0.068594
v -0.216464 0.086432 0.037057
v -0.194906 0.088517 0.035370
v -0.216464 0.086432 0.037057
v -0.194906 0.088517 0.035370
v -0.223077 0.099881 0.081842
v -0.227992 0.108838 0.082950
v -0.231912 0.113978 0.074586
v -0.202536 0.233733 0.036422
v -0.191579 0.174002 0.036441
v -0.176622 0.232652 0.041011
v -0.179996 0.173076 0.035782
v -0.165197 0.231692 0.049298
v -0.167391 0.170144 0.044897
v -0.178312 0.134128 0.028739
v -0.164007 0.131149 0.040401
v -0.168200 0.167427 0.063605
v -0.164007 0.131149 0.040401
v -0.152245 0.105267 0.045154
v -0.160788 0.107751 0.026062
v -0.160788 0.107751 0.026062
v -0.152245 0.105267 0.045154
v -0.177275 0.107537 0.020045
v -0.170980 0.230190 0.078130
v -0.173490 0.166568 0.077717
v -0.167391 0.170144 0.044897
v -0.166233 0.230690 0.065617
v -0.161181 0.306367 0.057016
v -0.165197 0.231692 0.049298
v -0.172240 0.308069 0.048105
v -0.161181 0.306367 0.057016
v -0.185908 0.308933 0.048200
v -0.189497 0.232980 0.041461
v -0.198725 0.309613 0.044594
v -0.208004 0.386552 0.048055
v -0.216717 0.386207 0.053244
v -0.211032 0.385436 0.067493
v -0.216717 0.386207 0.053244
v -0.219241 0.448601 0.072981
v -0.224057 0.447376 0.061564
v -0.224536 0.470803 0.072642
v -0.226551 0.470088 0.057280
v -0.218140 0.447242 0.051466
v -0.193995 0.386106 0.053922
v -0.180181 0.385579 0.053617
v -0.156687 0.440638 0.055655
v -0.165185 0.383589 0.054518
v -0.152912 0.380536 0.064650
v -0.141561 0.435283 0.067254
v -0.152912 0.380536 0.064650
v -0.162691 0.304819 0.073426
v -0.154024 0.378654 0.083153
v -0.167238 0.303837 0.085775
v -0.177556 0.230091 0.088686
v -0.173641 0.303344 0.095291
v -0.186155 0.230586 0.092900
v -0.181055 0.165123 0.087116
v -0.195516 0.231142 0.091505
v -0.195516 0.231142 0.091505
v -0.203187 0.230450 0.086401
v -0.182715 0.303827 0.098307
v -0.192695 0.304971 0.095208
v -0.209604 0.169732 0.076641
v -0.207511 0.232653 0.077193
v -0.210119 0.171434 0.065645
v -0.222179 0.128683 0.078135
v -0.178283 0.379397 0.109271
v -0.167342 0.378201 0.107108
v -0.159762 0.378050 0.097624
v -0.140280 0.435562 0.087013
v -0.141561 0.435283 0.067254
v -0.126065 0.460654 0.062197
v -0.143556 0.470003 0.050927
v -0.120498 0.482973 0.054756
v -0.166292 0.495876 0.042409
v -0.137288 0.490811 0.046397
v -0.169742 0.474514 0.046845
v -0.165106 0.508137 0.046150
v -0.163762 0.512236 0.059048
v -0.135268 0.505163 0.048170
v -0.165106 0.508137 0.046150
v -0.134993 0.509894 0.057769
v -0.132257 0.501952 0.075908
v -0.141925 0.502399 0.104700
v -0.164775 0.515728 0.102896
v -0.166195 0.523301 0.121896
v -0.190792 0.504506 0.107504
v -0.164775 0.515728 0.102896
v -0.170306 0.527729 0.136378
v -0.155098 0.520191 0.122925
v -0.183715 0.523233 0.136805
v -0.154312 0.526611 0.141020
v -0.219014 0.174152 0.041919
v -0.155939 0.474067 0.129309
v -0.167523 0.087702 0.072307
v -0.176857 0.093397 0.085050
v -0.181409 0.113255 0.094239
v -0.128800 0.485820 0.105393
v -0.214392 0.476723 0.081031
v -0.220334 0.489639 0.072913
v -0.142604 0.494529 0.145108
v -0.142604 0.494529 0.145108
v -0.123725 0.502280 0.050957
v -0.211030 0.488494 0.052631
v -0.210121 0.108302 0.083739
v -0.160299 0.091109 0.044489
v -0.170656 0.085093 0.039279
v -0.173989 0.087412 0.072267
v -0.160299 0.091109 0.044489
v -0.157119 0.104002 0.063685
v -0.162427 0.090848 0.070781
v -0.152245 0.105267 0.045154
v -0.198080 0.162799 0.089593
v -0.223077 0.099881 0.081842
v -0.231912 0.113978 0.074586
v -0.231810 0.112555 0.060440
v -0.167017 0.471705 0.132874
v -0.155939 0.474067 0.129309
v 0.076460 1.568631 0.137591
v 0.053554 1.571354 0.136254
v 0.060492 1.561321 0.147689
v 0.030625 1.573361 0.146948
v 0.045624 1.563444 0.152579
v 0.028304 1.569681 0.159470
v 0.019414 1.584189 0.157151
v 0.015571 1.580503 0.170462
v 0.026985 1.587260 0.170915
v 0.032079 1.594282 0.151640
v 0.039717 1.591915 0.164075
v 0.055542 1.599026 0.155875
v 0.046337 1.600549 0.142069
v 0.069262 1.601517 0.148619
v 0.064103 1.579264 0.132005
v 0.076724 1.586850 0.128882
v 0.067472 1.588193 0.131265
v 0.071688 1.599490 0.132299
v 0.080845 1.606861 0.136820
v 0.078790 1.602024 0.128612
v 0.081364 1.611900 0.132552
v 0.078790 1.602024 0.128612
v 0.079046 1.586432 0.119549
v 0.081517 1.603237 0.122859
v 0.081364 1.611900 0.132552
v 0.072606 1.616127 0.124995
v 0.080928 1.619437 0.128719
v 0.074752 1.621766 0.126399
v 0.074590 1.630126 0.140046
v 0.074952 1.628622 0.147679
v 0.077996 1.615934 0.152828
v 0.076846 1.607155 0.151348
v 0.066523 1.613503 0.160599
v 0.062781 1.603352 0.159602
v 0.057246 1.607465 0.166635
v 0.018480 1.587219 0.181776
v 0.015571 1.580503 0.170462
v 0.018480 1.587219 0.181776
v 0.012179 1.580116 0.174197
v 0.006345 1.597143 0.181995
v 0.000001 1.593928 0.177731
v 0.000001 1.601848 0.178584
v 0.024462 1.605006 0.177043
v 0.019358 1.615744 0.177357
v 0.032224 1.625611 0.172619
v 0.035427 1.595040 0.175625
v 0.043725 1.618207 0.167953
v 0.057246 1.607465 0.166635
v 0.059457 1.627238 0.156106
v 0.066523 1.613503 0.160599
v 0.074952 1.628622 0.147679
v 0.074590 1.630126 0.140046
v 0.069889 1.648247 0.139402
v 0.074285 1.643605 0.130398
v 0.071437 1.666559 0.123426
v 0.077829 1.657344 0.112205
v 0.071904 1.678752 0.102915
v 0.052088 1.650923 0.151802
v 0.043342 1.637955 0.164350
v 0.020183 1.629714 0.175182
v 0.024388 1.645120 0.169736
v 0.053816 1.675066 0.133192
v 0.028627 1.662118 0.159765
v 0.000001 1.686265 0.150783
v 0.000001 1.661799 0.165732
v 0.000001 1.647540 0.171421
v 0.000001 1.631111 0.176556
v 0.055306 1.692667 0.109836
v 0.031835 1.704878 0.116192
v 0.030532 1.684326 0.142122
v 0.000001 1.712902 0.116952
v 0.044153 1.585883 0.140804
v 0.012179 1.580116 0.174197
v 0.012282 1.562156 0.173168
v 0.015571 1.580503 0.170462
v 0.002209 1.579240 0.182016
v 0.000001 1.579177 0.181855
v 0.000001 1.579177 0.181855
v 0.002004 1.575892 0.177107
v 0.002209 1.579240 0.182016
v 0.007631 1.572619 0.179694
v 0.012282 1.562156 0.173168
v 0.004142 1.571104 0.167788
v 0.008107 1.561182 0.161025
v 0.011278 1.547127 0.161438
v 0.017032 1.544654 0.167415
v 0.009891 1.541459 0.163227
v 0.014826 1.538524 0.167876
v 0.005667 1.539354 0.163919
v 0.005832 1.532126 0.170825
v 0.000001 1.535523 0.170176
v 0.000001 1.551935 0.162864
v 0.000001 1.542932 0.164051
v 0.000001 1.562500 0.165351
v 0.076724 1.586850 0.128882
v 0.076460 1.568631 0.137591
v 0.082793 1.571729 0.131023
v 0.085621 1.574878 0.121276
v 0.073528 1.609584 0.118291
v 0.079590 1.599073 0.106788
v 0.074999 1.602427 0.105044
v 0.079358 1.597831 0.097145
v 0.077137 1.601235 0.095744
v 0.079809 1.587839 0.108289
v 0.081507 1.587683 0.095568
v 0.083565 1.580230 0.111464
v 0.085389 1.581035 0.093803
v 0.080409 1.560213 0.114236
v 0.084115 1.565977 0.102919
v 0.086802 1.570108 0.088936
v 0.088869 1.578665 0.074353
v 0.084945 1.583215 0.074654
v 0.088705 1.574994 0.073499
v 0.088636 1.579399 0.063611
v 0.082719 1.598910 0.077644
v 0.087204 1.583824 0.059736
v 0.073149 1.624779 0.120934
v 0.077581 1.630744 0.098747
v 0.075319 1.630911 0.112588
v 0.081248 1.626212 0.080990
v 0.085368 1.604757 0.059901
v 0.074285 1.643605 0.130398
v 0.077829 1.657344 0.112205
v 0.080372 1.664810 0.096702
v 0.084502 1.632513 0.056049
v 0.082106 1.667380 0.076430
v 0.080372 1.664810 0.096702
v 0.072653 1.685736 0.078851
v 0.082106 1.667380 0.076430
v 0.074075 1.689212 0.052379
v 0.072653 1.685736 0.078851
v 0.055417 1.703027 0.083474
v 0.054685 1.708483 0.054504
v 0.055417 1.703027 0.083474
v 0.031901 1.716604 0.087740
v 0.030281 1.723093 0.058557
v 0.031901 1.716604 0.087740
v 0.000001 1.730718 0.063308
v 0.000001 1.725729 0.090790
v 0.028304 1.569681 0.159470
v 0.025398 1.549049 0.160318
v 0.045624 1.563444 0.152579
v 0.036981 1.547925 0.146982
v 0.043779 1.548006 0.138733
v 0.060492 1.561321 0.147689
v 0.043779 1.548006 0.138733
v 0.058852 1.548151 0.137693
v 0.060492 1.561321 0.147689
v 0.058852 1.548151 0.137693
v 0.052485 1.542248 0.132907
v 0.054421 1.536839 0.130638
v 0.067507 1.546490 0.131265
v 0.068622 1.553465 0.135520
v 0.078641 1.554493 0.128978
v 0.068622 1.553465 0.135520
v 0.078641 1.554493 0.128978
v 0.052485 1.542248 0.132907
v 0.045207 1.546939 0.131345
v 0.050274 1.542326 0.127126
v 0.050274 1.542326 0.127126
v 0.052496 1.534759 0.125264
v 0.069543 1.551301 0.118736
v 0.075839 1.555319 0.110946
v 0.069543 1.551301 0.118736
v 0.083463 1.566877 0.085983
v 0.078073 1.557647 0.100904
v 0.085806 1.572661 0.072668
v 0.084270 1.574570 0.063449
v 0.082527 1.574319 0.051214
v 0.082517 1.580974 0.045727
v 0.083884 1.606993 0.035919
v 0.083647 1.634896 0.030013
v 0.083677 1.664098 0.053218
v 0.080941 1.663075 0.025048
v 0.083677 1.664098 0.053218
v 0.071012 1.689604 0.022662
v 0.050279 1.708626 0.024169
v 0.000001 1.729100 0.030087
v 0.005832 1.532126 0.170825
v 0.000001 1.524184 0.171373
v 0.005688 1.522931 0.170273
v 0.014313 1.522862 0.166912
v 0.014826 1.538524 0.167876
v 0.017032 1.544654 0.167415
v 0.026028 1.538615 0.159779
v 0.026028 1.538615 0.159779
v 0.029134 1.523689 0.159584
v 0.035142 1.538117 0.144168
v 0.035142 1.538117 0.144168
v 0.034812 1.526308 0.143549
v 0.043779 1.548006 0.138733
v 0.038591 1.542051 0.129271
v 0.035878 1.531409 0.128383
v 0.064269 1.544994 0.124197
v 0.049974 1.548860 0.119860
v 0.059726 1.551145 0.117599
v 0.075839 1.555319 0.110946
v 0.059726 1.551145 0.117599
v 0.054207 1.558900 0.099146
v 0.078073 1.557647 0.100904
v 0.054213 1.561501 0.090187
v 0.083463 1.566877 0.085983
v 0.053650 1.566743 0.066277
v 0.084270 1.574570 0.063449
v 0.085806 1.572661 0.072668
v 0.082527 1.574319 0.051214
v 0.048983 1.565453 0.053204
v 0.076940 1.566625 0.041237
v 0.046574 1.559259 0.038780
v 0.068546 1.550821 0.031315
v 0.044134 1.551856 0.029040
v 0.020752 1.558385 0.052243
v 0.022281 1.544212 0.031810
v 0.020984 1.555613 0.076735
v 0.022149 1.553532 0.088285
v 0.039321 1.551255 0.103140
v 0.031838 1.543634 0.101852
v 0.035489 1.535770 0.116897
v 0.039097 1.546201 0.117199
v 0.031838 1.543634 0.101852
v 0.039321 1.551255 0.103140
v 0.019035 1.535459 0.105079
v 0.029541 1.524874 0.102357
v 0.029541 1.524874 0.102357
v 0.036515 1.520639 0.116654
v 0.034520 1.519569 0.106058
v 0.036169 1.508579 0.116446
v 0.035816 1.514899 0.108459
v 0.026739 1.507947 0.158323
v 0.035753 1.517281 0.126545
v 0.036008 1.505048 0.123662
v 0.034769 1.513090 0.140240
v 0.011140 1.516132 0.136636
v 0.000001 1.507101 0.147675
v 0.000001 1.517877 0.136039
v 0.010394 1.497548 0.153792
v 0.000001 1.492868 0.159517
v 0.000001 1.499617 0.153979
v 0.033445 1.499024 0.141068
v 0.031783 1.496280 0.148628
v 0.033390 1.495139 0.144185
v 0.002993 1.490572 0.161158
v 0.000001 1.484817 0.166435
v 0.035148 1.505024 0.130743
v 0.034228 1.499634 0.134017
v 0.026094 1.488304 0.156658
v 0.022850 1.494066 0.147207
v 0.029588 1.490870 0.149449
v 0.020517 1.488780 0.160321
v 0.018506 1.489531 0.153438
v 0.026443 1.495761 0.143340
v 0.026269 1.500353 0.138729
v 0.034228 1.499634 0.134017
v 0.028381 1.499675 0.131629
v 0.035148 1.505024 0.130743
v 0.027793 1.507120 0.125816
v 0.036008 1.505048 0.123662
v 0.029750 1.505215 0.120793
v 0.036169 1.508579 0.116446
v 0.027464 1.513040 0.111418
v 0.032203 1.511047 0.111342
v 0.011852 1.505130 0.147732
v 0.014638 1.492222 0.159947
v 0.014225 1.521400 0.126035
v 0.013714 1.527041 0.117239
v 0.025945 1.520596 0.105883
v 0.019035 1.535459 0.105079
v 0.029541 1.524874 0.102357
v 0.032203 1.511047 0.111342
v 0.049974 1.548860 0.119860
v 0.054207 1.558900 0.099146
v 0.049974 1.548860 0.119860
v 0.035816 1.514899 0.108459
v 0.034520 1.519569 0.106058
v 0.000001 1.503320 0.171795
v 0.008461 1.503370 0.170261
v 0.000001 1.490181 0.172055
v 0.008339 1.490049 0.168026
v 0.014638 1.492222 0.159947
v 0.000001 1.537989 0.104586
v 0.007004 1.484951 0.165913
v 0.000001 1.484240 0.170026
v 0.007004 1.484951 0.165913
v 0.026094 1.488304 0.156658
v 0.031783 1.496280 0.148628
v 0.020517 1.488780 0.160321
v 0.033445 1.499024 0.141068
v 0.000001 1.524169 0.125585
v 0.000001 1.550778 0.088014
v 0.000001 1.558234 0.069867
v 0.000001 1.537989 0.104586
v 0.000001 1.559676 0.050158
v 0.000001 1.528066 0.118662
v 0.000001 1.551101 0.031390
v 0.000001 1.547705 0.014444
v 0.060082 1.560414 0.008846
v 0.044152 1.554651 0.009754
v 0.022096 1.549092 0.008717
v 0.068222 1.572642 0.007715
v 0.082517 1.580974 0.045727
v 0.073580 1.583629 0.009097
v 0.073580 1.583629 0.009097
v 0.077726 1.604026 0.006823
v 0.079253 1.634123 0.002969
v 0.017447 1.716063 -0.002506
v 0.025041 1.723424 0.027586
v 0.039790 1.703982 -0.003693
v 0.063191 1.685597 -0.002556
v 0.072459 1.660838 -0.002095
v 0.080941 1.663075 0.025048
v 0.062744 1.601366 -0.023122
v 0.079253 1.634123 0.002969
v 0.077726 1.604026 0.006823
v 0.058872 1.651485 -0.028382
v 0.063727 1.630152 -0.027479
v 0.047575 1.671624 -0.029712
v 0.058872 1.651485 -0.028382
v 0.029578 1.689445 -0.027403
v 0.000001 1.695230 -0.030963
v 0.000001 1.718623 -0.003040
v 0.000001 1.562283 -0.023016
v 0.035007 1.566485 -0.016934
v 0.053852 1.580706 -0.018364
v 0.073580 1.583629 0.009097
v 0.068222 1.572642 0.007715
v 0.053852 1.580706 -0.018364
v 0.026988 1.671956 -0.042052
v 0.028618 1.650629 -0.049814
v 0.000001 1.671252 -0.048217
v 0.028286 1.621044 -0.050984
v 0.000001 1.650514 -0.054448
v 0.028618 1.650629 -0.049814
v 0.028757 1.591158 -0.041357
v 0.000001 1.618425 -0.055939
v 0.028757 1.591158 -0.041357
v 0.000001 1.575929 0.177016
v 0.007631 1.572619 0.179694
v 0.002209 1.579240 0.182016
v 0.035427 1.595040 0.175625
v -0.053552 1.571355 0.136254
v -0.076458 1.568631 0.137591
v -0.060490 1.561322 0.147689
v -0.045622 1.563444 0.152579
v -0.030623 1.573360 0.146948
v -0.028301 1.569681 0.159470
v -0.019412 1.584189 0.157151
v -0.026982 1.587260 0.170915
v -0.039714 1.591915 0.164075
v -0.032076 1.594282 0.151640
v -0.055540 1.599026 0.155876
v -0.069260 1.601516 0.148619
v -0.046334 1.600549 0.142069
v -0.064101 1.579263 0.132006
v -0.076721 1.586850 0.128883
v -0.071685 1.599491 0.132299
v -0.067470 1.588192 0.131265
v -0.080843 1.606861 0.136820
v -0.078788 1.602023 0.128612
v -0.078788 1.602023 0.128612
v -0.079044 1.586432 0.119549
v -0.076721 1.586850 0.128883
v -0.081362 1.611899 0.132553
v -0.080926 1.619437 0.128719
v -0.072604 1.616128 0.124995
v -0.074749 1.621766 0.126399
v -0.074587 1.630126 0.140046
v -0.074949 1.628623 0.147679
v -0.077994 1.615934 0.152829
v -0.076843 1.607155 0.151348
v -0.066520 1.613503 0.160599
v -0.062778 1.603352 0.159602
v -0.057244 1.607465 0.166635
v -0.015568 1.580502 0.170462
v -0.018478 1.587219 0.181776
v -0.015568 1.580502 0.170462
v -0.012177 1.580117 0.174197
v -0.018478 1.587219 0.181776
v -0.006343 1.597143 0.181995
v -0.024460 1.605006 0.177043
v -0.035424 1.595039 0.175626
v -0.019356 1.615744 0.177357
v -0.032222 1.625611 0.172619
v -0.043722 1.618208 0.167954
v -0.057244 1.607465 0.166635
v -0.059455 1.627238 0.156106
v -0.066520 1.613503 0.160599
v -0.074949 1.628623 0.147679
v -0.077994 1.615934 0.152829
v -0.069887 1.648247 0.139403
v -0.074587 1.630126 0.140046
v -0.071434 1.666559 0.123427
v -0.074283 1.643606 0.130398
v -0.071901 1.678752 0.102916
v -0.077827 1.657344 0.112206
v -0.043339 1.637955 0.164350
v -0.052086 1.650923 0.151802
v -0.020180 1.629714 0.175182
v -0.024385 1.645120 0.169736
v -0.053814 1.675066 0.133192
v -0.028625 1.662118 0.159765
v -0.030529 1.684326 0.142122
v -0.055303 1.692667 0.109836
v -0.031832 1.704878 0.116193
v -0.044150 1.585883 0.140804
v -0.012279 1.562155 0.173168
v -0.012177 1.580117 0.174197
v -0.015568 1.580502 0.170462
v -0.002207 1.579240 0.182016
v -0.002001 1.575892 0.177107
v -0.002207 1.579240 0.182016
v -0.007628 1.572619 0.179694
v -0.012279 1.562155 0.173168
v -0.004140 1.571104 0.167788
v -0.011276 1.547127 0.161438
v -0.008105 1.561182 0.161025
v -0.017029 1.544654 0.167415
v -0.009888 1.541459 0.163227
v -0.014824 1.538524 0.167876
v -0.005665 1.539353 0.163919
v -0.005830 1.532126 0.170825
v -0.082791 1.571729 0.131024
v -0.076458 1.568631 0.137591
v -0.085618 1.574879 0.121277
v -0.081515 1.603237 0.122859
v -0.073526 1.609584 0.118291
v -0.079588 1.599073 0.106788
v -0.074996 1.602428 0.105045
v -0.079356 1.597831 0.097145
v -0.079807 1.587839 0.108289
v -0.083562 1.580230 0.111464
v -0.085387 1.581035 0.093803
v -0.081505 1.587683 0.095569
v -0.080407 1.560213 0.114236
v -0.084113 1.565977 0.102919
v -0.088867 1.578665 0.074353
v -0.086800 1.570108 0.088937
v -0.084943 1.583215 0.074654
v -0.088634 1.579399 0.063611
v -0.088703 1.574994 0.073499
v -0.082717 1.598910 0.077644
v -0.087201 1.583824 0.059736
v -0.077135 1.601235 0.095744
v -0.073146 1.624779 0.120934
v -0.077579 1.630744 0.098748
v -0.081246 1.626211 0.080991
v -0.085366 1.604757 0.059901
v -0.074283 1.643606 0.130398
v -0.075317 1.630911 0.112588
v -0.077827 1.657344 0.112206
v -0.080370 1.664811 0.096703
v -0.082104 1.667380 0.076431
v -0.084500 1.632513 0.056049
v -0.080370 1.664811 0.096703
v -0.072651 1.685736 0.078851
v -0.082104 1.667380 0.076431
v -0.082104 1.667380 0.076431
v -0.074073 1.689212 0.052379
v -0.083674 1.664098 0.053218
v -0.055415 1.703027 0.083474
v -0.072651 1.685736 0.078851
v -0.054683 1.708483 0.054504
v -0.031898 1.716604 0.087740
v -0.055415 1.703027 0.083474
v -0.030278 1.723093 0.058557
v -0.031898 1.716604 0.087740
v -0.028301 1.569681 0.159470
v -0.025396 1.549049 0.160318
v -0.045622 1.563444 0.152579
v -0.043776 1.548006 0.138733
v -0.060490 1.561322 0.147689
v -0.058849 1.548150 0.137693
v -0.043776 1.548006 0.138733
v -0.060490 1.561322 0.147689
v -0.058849 1.548150 0.137693
v -0.054419 1.536839 0.130638
v -0.052483 1.542248 0.132907
v -0.067504 1.546490 0.131265
v -0.078638 1.554493 0.128978
v -0.068620 1.553465 0.135521
v -0.068620 1.553465 0.135521
v -0.078638 1.554493 0.128978
v -0.052483 1.542248 0.132907
v -0.045205 1.546939 0.131345
v -0.043776 1.548006 0.138733
v -0.050272 1.542326 0.127126
v -0.052493 1.534759 0.125264
v -0.069541 1.551301 0.118736
v -0.069541 1.551301 0.118736
v -0.064266 1.544994 0.124197
v -0.083461 1.566877 0.085984
v -0.078071 1.557647 0.100905
v -0.075837 1.555318 0.110947
v -0.084268 1.574570 0.063449
v -0.082525 1.574319 0.051214
v -0.082515 1.580975 0.045727
v -0.083882 1.606994 0.035919
v -0.083674 1.664098 0.053218
v -0.083645 1.634896 0.030013
v -0.080939 1.663075 0.025049
v -0.071010 1.689604 0.022662
v -0.050277 1.708626 0.024169
v -0.025039 1.723424 0.027586
v -0.005830 1.532126 0.170825
v 0.000001 1.535523 0.170176
v -0.014310 1.522862 0.166912
v -0.014824 1.538524 0.167876
v -0.026025 1.538615 0.159779
v -0.017029 1.544654 0.167415
v -0.026025 1.538615 0.159779
v -0.036979 1.547924 0.146983
v -0.035140 1.538117 0.144168
v -0.029131 1.523689 0.159585
v -0.035140 1.538117 0.144168
v -0.038588 1.542051 0.129271
v -0.035875 1.531409 0.128383
v -0.049971 1.548860 0.119860
v -0.059724 1.551145 0.117599
v -0.075837 1.555318 0.110947
v -0.059724 1.551145 0.117599
v -0.069541 1.551301 0.118736
v -0.078071 1.557647 0.100905
v -0.054205 1.558900 0.099146
v -0.083461 1.566877 0.085984
v -0.054211 1.561500 0.090188
v -0.053648 1.566743 0.066277
v -0.085804 1.572661 0.072669
v -0.084268 1.574570 0.063449
v -0.082525 1.574319 0.051214
v -0.076938 1.566625 0.041237
v -0.048981 1.565452 0.053204
v -0.046572 1.559259 0.038780
v -0.044132 1.551856 0.029041
v -0.068544 1.550821 0.031316
v -0.020750 1.558385 0.052243
v -0.022279 1.544211 0.031811
v -0.020982 1.555613 0.076735
v -0.039318 1.551255 0.103140
v -0.022147 1.553533 0.088285
v -0.031835 1.543635 0.101852
v -0.035487 1.535771 0.116897
v -0.039095 1.546201 0.117199
v -0.031835 1.543635 0.101852
v -0.039318 1.551255 0.103140
v -0.019033 1.535459 0.105079
v -0.029539 1.524874 0.102357
v -0.029539 1.524874 0.102357
v -0.036513 1.520639 0.116654
v -0.036167 1.508579 0.116446
v -0.035814 1.514899 0.108459
v -0.026737 1.507947 0.158323
v -0.035751 1.517281 0.126545
v -0.034810 1.526308 0.143549
v -0.036006 1.505048 0.123662
v -0.034766 1.513090 0.140240
v -0.011137 1.516133 0.136636
v -0.011849 1.505130 0.147732
v -0.010392 1.497547 0.153792
v -0.002991 1.490572 0.161158
v -0.033442 1.499024 0.141069
v -0.033388 1.495140 0.144185
v -0.031781 1.496280 0.148628
v -0.035146 1.505023 0.130743
v -0.034226 1.499633 0.134017
v -0.022847 1.494065 0.147208
v -0.026091 1.488304 0.156658
v -0.029586 1.490871 0.149449
v -0.020515 1.488780 0.160321
v -0.018504 1.489531 0.153438
v -0.014635 1.492222 0.159947
v -0.026441 1.495761 0.143340
v -0.034226 1.499633 0.134017
v -0.026267 1.500353 0.138729
v -0.035146 1.505023 0.130743
v -0.028378 1.499675 0.131630
v -0.036006 1.505048 0.123662
v -0.027791 1.507120 0.125816
v -0.036167 1.508579 0.116446
v -0.029748 1.505215 0.120793
v -0.032200 1.511047 0.111343
v -0.027462 1.513040 0.111418
v -0.014223 1.521400 0.126035
v -0.025943 1.520596 0.105883
v -0.013712 1.527041 0.117239
v -0.019033 1.535459 0.105079
v -0.029539 1.524874 0.102357
v -0.032200 1.511047 0.111343
v -0.049971 1.548860 0.119860
v -0.049971 1.548860 0.119860
v -0.050272 1.542326 0.127126
v -0.035814 1.514899 0.108459
v -0.034518 1.519569 0.106058
v -0.005686 1.522931 0.170273
v -0.008459 1.503370 0.170261
v -0.014635 1.492222 0.159947
v -0.016507 1.505084 0.166098
v -0.007001 1.484951 0.165913
v 0.000001 1.484240 0.170026
v -0.008337 1.490049 0.168026
v -0.007001 1.484951 0.165913
v -0.031781 1.496280 0.148628
v -0.026091 1.488304 0.156658
v -0.020515 1.488780 0.160321
v -0.034518 1.519569 0.106058
v -0.033442 1.499024 0.141069
v -0.022094 1.549092 0.008717
v -0.060080 1.560414 0.008847
v -0.044150 1.554650 0.009754
v -0.068220 1.572642 0.007716
v -0.082515 1.580975 0.045727
v -0.073578 1.583629 0.009097
v -0.073578 1.583629 0.009097
v -0.077724 1.604026 0.006823
v -0.079251 1.634123 0.002969
v -0.017445 1.716063 -0.002506
v -0.039788 1.703982 -0.003693
v -0.063189 1.685597 -0.002556
v -0.072457 1.660838 -0.002094
v -0.080939 1.663075 0.025049
v -0.079251 1.634123 0.002969
v -0.062743 1.601366 -0.023122
v -0.077724 1.604026 0.006823
v -0.058870 1.651485 -0.028382
v -0.063725 1.630152 -0.027479
v -0.047574 1.671624 -0.029712
v -0.058870 1.651485 -0.028382
v -0.029576 1.689445 -0.027403
v -0.035005 1.566486 -0.016934
v -0.053850 1.580707 -0.018364
v -0.073578 1.583629 0.009097
v -0.068220 1.572642 0.007716
v -0.053850 1.580707 -0.018364
v -0.026986 1.671956 -0.042052
v -0.028617 1.650629 -0.049814
v 0.000001 1.650514 -0.054448
v -0.028285 1.621043 -0.050984
v -0.028755 1.591157 -0.041357
v 0.000001 1.589623 -0.046715
v -0.028755 1.591157 -0.041357
v -0.028617 1.650629 -0.049814
v -0.007628 1.572619 0.179694
v -0.002207 1.579240 0.182016
v -0.035424 1.595039 0.175626
v 0.906598 1.258032 0.169144
v 0.878806 1.259405 0.173354
v 0.886454 1.261323 0.152347
v 0.912264 1.267889 0.164951
v 0.900340 1.292397 0.176305
v 0.914942 1.284692 0.182314
v 0.952313 1.238312 0.189555
v 0.962372 1.224483 0.207789
v 0.962143 1.221083 0.200069
v 0.951583 1.245405 0.201611
v 0.955846 1.224958 0.214137
v 0.962115 1.194559 0.217711
v 0.963321 1.192412 0.212945
v 0.900340 1.292397 0.176305
v 0.886831 1.283356 0.148955
v 0.885550 1.299346 0.168362
v 0.874096 1.289776 0.188008
v 0.856131 1.305901 0.173349
v 0.866694 1.301312 0.138210
v 0.865353 1.312501 0.155007
v 0.850402 1.311478 0.194078
v 0.876062 1.300411 0.212003
v 0.837413 1.302406 0.204019
v 0.861908 1.290318 0.227543
v 0.815472 1.320489 0.184108
v 0.829518 1.334188 0.173247
v 0.833453 1.327035 0.151625
v 0.839810 1.332672 0.138164
v 0.897057 1.284082 0.209437
v 0.876062 1.300411 0.212003
v 0.892193 1.290055 0.221574
v 0.878773 1.279554 0.232433
v 0.861908 1.290318 0.227543
v 0.901568 1.271769 0.230192
v 0.890143 1.264017 0.239382
v 0.922571 1.233529 0.236220
v 0.923773 1.218515 0.253253
v 0.926792 1.215277 0.245251
v 0.918900 1.237671 0.247091
v 0.902660 1.247238 0.249073
v 0.908938 1.233760 0.252238
v 0.919166 1.183995 0.262040
v 0.916161 1.217655 0.257778
v 0.923014 1.181734 0.255846
v 0.872829 1.270015 0.230296
v 0.884618 1.254947 0.237521
v 0.884618 1.254947 0.237521
v 0.875650 1.263706 0.218552
v 0.887145 1.248710 0.226273
v 0.897662 1.252879 0.214887
v 0.905866 1.267000 0.219265
v 0.886861 1.268160 0.205540
v 0.897057 1.284082 0.209437
v 0.909550 1.223786 0.242721
v 0.911865 1.211517 0.255379
v 0.906933 1.227234 0.249925
v 0.919875 1.211659 0.242003
v 0.913556 1.209483 0.249171
v 0.922571 1.233529 0.236220
v 0.909850 1.235626 0.225342
v 0.918514 1.248372 0.229149
v 0.896846 1.237851 0.246582
v 0.906933 1.227234 0.249925
v 0.920241 1.181151 0.253118
v 0.915648 1.182922 0.258828
v 0.911865 1.211517 0.255379
v 0.915648 1.182922 0.258828
v 0.923014 1.181734 0.255846
v 0.926792 1.215277 0.245251
v 0.918631 1.172221 0.258351
v 0.918631 1.172221 0.258351
v 0.914995 1.226291 0.234995
v 0.899734 1.231513 0.234863
v 0.896846 1.237851 0.246582
v 0.918514 1.248372 0.229149
v 0.914123 1.252692 0.241260
v 0.905866 1.267000 0.219265
v 0.899883 1.262273 0.117745
v 0.897461 1.285461 0.133368
v 0.907642 1.273592 0.135882
v 0.895395 1.271871 0.152759
v 0.911345 1.250925 0.124674
v 0.907642 1.273592 0.135882
v 0.917540 1.260087 0.139059
v 0.903999 1.258119 0.151660
v 0.895395 1.271871 0.152759
v 0.919461 1.239382 0.144507
v 0.906741 1.240150 0.156288
v 0.903297 1.209393 0.160888
v 0.903311 1.190568 0.154877
v 0.913050 1.205084 0.152546
v 0.909837 1.204698 0.141597
v 0.920661 1.219804 0.149483
v 0.897020 1.194867 0.160733
v 0.884146 1.179811 0.157956
v 0.902299 1.190585 0.147024
v 0.884482 1.178573 0.152761
v 0.876040 1.174638 0.156090
v 0.901768 1.228124 0.131051
v 0.890112 1.242350 0.138300
v 0.898687 1.242380 0.125952
v 0.894738 1.234360 0.153306
v 0.893420 1.230308 0.141225
v 0.914338 1.233868 0.130624
v 0.898687 1.242380 0.125952
v 0.906741 1.240150 0.156288
v 0.893612 1.247773 0.152240
v 0.894480 1.207751 0.148434
v 0.898270 1.221255 0.156030
v 0.896418 1.218958 0.143946
v 0.900036 1.204551 0.142096
v 0.904559 1.214650 0.135678
v 0.904559 1.214650 0.135678
v 0.917275 1.217826 0.136065
v 0.903297 1.209393 0.160888
v 0.895665 1.209044 0.156668
v 0.890758 1.196154 0.152538
v 0.880992 1.181043 0.151547
v 0.880741 1.183202 0.156261
v 0.891380 1.196591 0.157949
v 0.884146 1.179811 0.157956
v 0.893980 1.193361 0.146771
v 0.876040 1.174638 0.156090
v 0.880992 1.181043 0.151547
v 0.897020 1.194867 0.160733
v 0.900036 1.204551 0.142096
v 0.893980 1.193361 0.146771
v 0.909266 1.223211 0.160440
v 0.909266 1.223211 0.160440
v 0.901768 1.228124 0.131051
v 0.886454 1.261323 0.152347
v 0.879706 1.251949 0.132797
v 0.890312 1.254093 0.118952
v 0.899883 1.262273 0.117745
v 0.890312 1.254093 0.118952
v 0.888389 1.270980 0.110900
v 0.876210 1.264796 0.111232
v 0.865974 1.274295 0.145938
v 0.865795 1.265020 0.126158
v 0.903999 1.258119 0.151660
v 0.895395 1.271871 0.152759
v 0.886454 1.261323 0.152347
v 0.860434 1.274142 0.163958
v 0.865974 1.274295 0.145938
v 0.874503 1.272185 0.190025
v 0.856963 1.281402 0.177478
v 0.924340 1.240150 0.193144
v 0.910412 1.254032 0.197994
v 0.908641 1.245370 0.186635
v 0.916709 1.250996 0.173721
v 0.926383 1.245683 0.203523
v 0.921865 1.265622 0.199856
v 0.925708 1.260754 0.171544
v 0.932299 1.243030 0.180759
v 0.916709 1.250996 0.173721
v 0.895650 1.261307 0.192899
v 0.874503 1.272185 0.190025
v 0.926743 1.272455 0.187881
v 0.845716 1.278527 0.191530
v 0.895395 1.271871 0.152759
v 0.906598 1.258032 0.169144
v 0.886454 1.261323 0.152347
v 0.901271 1.271680 0.195738
v 0.901271 1.271680 0.195738
v 0.921865 1.265622 0.199856
v 0.940628 1.255178 0.181364
v 0.937260 1.262708 0.193459
v 0.933294 1.256129 0.205291
v 0.898382 1.252846 0.180970
v 0.892738 1.285475 0.190358
v 0.874096 1.289776 0.188008
v 0.863559 1.264898 0.208248
v 0.839253 1.288659 0.207347
v 0.839253 1.288659 0.207347
v 0.863559 1.264898 0.208248
v 0.874503 1.272185 0.190025
v 0.857148 1.276147 0.226840
v 0.857148 1.276147 0.226840
v 0.874096 1.289776 0.188008
v 0.943968 1.232242 0.200773
v 0.951170 1.218447 0.212051
v 0.942081 1.234225 0.207194
v 0.947404 1.232436 0.192212
v 0.932299 1.243030 0.180759
v 0.944476 1.240720 0.209871
v 0.953256 1.216448 0.206190
v 0.958327 1.194851 0.217091
v 0.957820 1.216996 0.199732
v 0.960086 1.192718 0.212320
v 0.957820 1.216996 0.199732
v 0.962115 1.194559 0.217711
v 0.955846 1.224958 0.214137
v 0.961202 1.187566 0.215824
v 0.961202 1.187566 0.215824
v 0.960086 1.192718 0.212320
v 0.947404 1.232436 0.192212
v 0.874096 1.289776 0.188008
v 0.892738 1.285475 0.190358
v 0.904788 1.245947 0.099929
v 0.897403 1.259992 0.081942
v 0.902408 1.266255 0.096578
v 0.893369 1.263311 0.107469
v 0.896605 1.244968 0.110498
v 0.889724 1.237744 0.083606
v 0.875640 1.251241 0.090780
v 0.887757 1.254472 0.079987
v 0.879836 1.240527 0.106442
v 0.877590 1.237428 0.093502
v 0.896605 1.244968 0.110498
v 0.875763 1.256589 0.103533
v 0.899089 1.241470 0.085859
v 0.887757 1.254472 0.079987
v 0.893369 1.263311 0.107469
v 0.876210 1.264796 0.111232
v 0.896354 1.277254 0.096915
v 0.888389 1.270980 0.110900
v 0.893788 1.271577 0.079893
v 0.880417 1.264805 0.074275
v 0.865206 1.259716 0.098139
v 0.865452 1.259166 0.086310
v 0.901555 1.213781 0.094939
v 0.906101 1.228991 0.102541
v 0.903184 1.213842 0.103076
v 0.899373 1.216904 0.111272
v 0.899414 1.229817 0.113340
v 0.888570 1.214739 0.108846
v 0.899414 1.229817 0.113340
v 0.882553 1.227111 0.109377
v 0.880883 1.215099 0.098702
v 0.879059 1.225917 0.095720
v 0.889993 1.213886 0.090537
v 0.891356 1.223813 0.086435
v 0.891356 1.223813 0.086435
v 0.900643 1.226055 0.088900
v 0.895866 1.206806 0.096339
v 0.891809 1.198739 0.104362
v 0.889411 1.198272 0.097807
v 0.897816 1.207057 0.103613
v 0.889035 1.200433 0.109251
v 0.894734 1.209299 0.110456
v 0.886336 1.208675 0.109299
v 0.880715 1.209210 0.100045
v 0.885202 1.207954 0.093322
v 0.889993 1.213886 0.090537
v 0.878432 1.203027 0.102276
v 0.879508 1.200911 0.096608
v 0.868308 1.187058 0.103991
v 0.883423 1.201610 0.110078
v 0.868308 1.187058 0.103991
v 0.889035 1.200433 0.109251
v 0.879508 1.200911 0.096608
v 0.889724 1.237744 0.083606
v 0.885202 1.207954 0.093322
v 0.894734 1.209299 0.110456
v 0.865452 1.259166 0.086310
v 0.854396 1.288778 0.069062
v 0.880417 1.264805 0.074275
v 0.816504 1.295002 0.071798
v 0.823537 1.309735 0.063302
v 0.789320 1.323408 0.058709
v 0.780133 1.305888 0.063184
v 0.758201 1.325019 0.050065
v 0.880417 1.264805 0.074275
v 0.864996 1.297269 0.075633
v 0.893788 1.271577 0.079893
v 0.789320 1.323408 0.058709
v 0.762733 1.340650 0.053644
v 0.795022 1.335765 0.063328
v 0.823537 1.309735 0.063302
v 0.832285 1.320802 0.068937
v 0.854396 1.288778 0.069062
v 0.763327 1.353362 0.064537
v 0.803734 1.342254 0.077504
v 0.836954 1.324745 0.081477
v 0.865493 1.303005 0.088824
v 0.896354 1.277254 0.096915
v 0.757741 1.361096 0.078671
v 0.836940 1.321852 0.093987
v 0.861432 1.299461 0.102079
v 0.888389 1.270980 0.110900
v 0.870774 1.305124 0.119211
v 0.841098 1.329901 0.108592
v 0.837090 1.325924 0.122009
v 0.811550 1.307813 0.181645
v 0.811550 1.307813 0.181645
v 0.828316 1.294544 0.140418
v 0.833029 1.295443 0.127641
v 0.824170 1.300948 0.150129
v 0.816868 1.299515 0.163692
v 0.840315 1.280764 0.089957
v 0.845117 1.278991 0.075989
v 0.865206 1.259716 0.098139
v 0.838644 1.288986 0.099674
v 0.865795 1.265020 0.126158
v 0.876210 1.264796 0.111232
v 0.835379 1.288003 0.115286
v 0.813640 1.293362 0.086899
v 0.809288 1.297251 0.107360
v 0.801343 1.306180 0.130843
v 0.791975 1.310667 0.150958
v 0.789242 1.321241 0.158701
v 0.795709 1.333632 0.158403
v 0.803726 1.341702 0.151492
v 0.809592 1.344300 0.132583
v 0.809475 1.342839 0.105782
v 0.759994 1.307774 0.110863
v 0.768524 1.305260 0.087276
v 0.771613 1.311993 0.136507
v 0.772942 1.322641 0.146778
v 0.772942 1.322641 0.146778
v 0.772348 1.349538 0.137555
v 0.758280 1.339276 0.138193
v 0.783051 1.353472 0.127420
v 0.783055 1.354517 0.098448
v 0.740152 1.357454 0.123092
v 0.741026 1.345643 0.129018
v 0.740152 1.357454 0.123092
v 0.726089 1.327242 0.110464
v 0.741026 1.345643 0.129018
v 0.744061 1.362298 0.113708
v 0.749904 1.362546 0.094043
v 0.762733 1.340650 0.053644
v 0.758201 1.325019 0.050065
v 0.746162 1.336013 0.054226
v 0.749821 1.353181 0.067484
v 0.763327 1.353362 0.064537
v 0.757741 1.361096 0.078671
v 0.744474 1.358570 0.085698
v 0.749904 1.362546 0.094043
v 0.736651 1.356278 0.109073
v 0.744061 1.362298 0.113708
v 0.725722 1.329516 0.103337
v 0.729853 1.316046 0.104760
v 0.726943 1.318165 0.090801
v 0.744429 1.310023 0.099423
v 0.744429 1.310023 0.099423
v 0.743367 1.308866 0.082627
v 0.751279 1.311120 0.056703
v 0.739803 1.320423 0.060799
v 0.743367 1.308866 0.082627
v 0.751279 1.311120 0.056703
v 0.734038 1.340035 0.083343
v 0.726089 1.327242 0.110464
v 0.733211 1.306947 0.133234
v 0.724823 1.317410 0.139289
v 0.744429 1.310023 0.099423
v 0.733211 1.306947 0.133234
v 0.729853 1.316046 0.104760
v 0.759994 1.307774 0.110863
v 0.750788 1.295384 0.131004
v 0.762924 1.300475 0.134283
v 0.771613 1.311993 0.136507
v 0.741026 1.345643 0.129018
v 0.741070 1.341030 0.153844
v 0.758280 1.339276 0.138193
v 0.761560 1.332178 0.151957
v 0.772942 1.322641 0.146778
v 0.761425 1.284939 0.165557
v 0.750273 1.289003 0.174644
v 0.745853 1.301993 0.181987
v 0.751154 1.315899 0.183146
v 0.763799 1.321901 0.178470
v 0.776053 1.316719 0.170795
v 0.779909 1.304312 0.163731
v 0.771613 1.311993 0.136507
v 0.773569 1.291466 0.161101
v 0.779909 1.304312 0.163731
v 0.767729 1.304425 0.208660
v 0.759968 1.291405 0.206755
v 0.760775 1.280745 0.201659
v 0.750273 1.289003 0.174644
v 0.771450 1.273238 0.192771
v 0.784847 1.281122 0.187445
v 0.790447 1.292876 0.187086
v 0.778391 1.305887 0.204178
v 0.790447 1.292876 0.187086
v 0.789191 1.301376 0.195315
v 0.789969 1.291451 0.215236
v 0.797329 1.271937 0.235398
v 0.804222 1.271766 0.228964
v 0.780548 1.290447 0.220810
v 0.775283 1.280939 0.218992
v 0.774817 1.272275 0.215843
v 0.774817 1.272275 0.215843
v 0.782209 1.264788 0.207260
v 0.795048 1.268749 0.198462
v 0.800279 1.278590 0.200890
v 0.797065 1.286168 0.206247
v 0.800279 1.278590 0.200890
v 0.808913 1.267542 0.220551
v 0.813918 1.260238 0.218499
v 0.807180 1.254166 0.215172
v 0.813918 1.260238 0.218499
v 0.797004 1.255190 0.226363
v 0.792480 1.260793 0.234561
v 0.793846 1.267364 0.236778
v 0.792480 1.260793 0.234561
v 0.823695 1.242221 0.244603
v 0.826460 1.240672 0.239556
v 0.823695 1.242221 0.244603
v 0.823749 1.237785 0.239434
v 0.826460 1.240672 0.239556
v 0.820433 1.239251 0.243769
v 0.823749 1.237785 0.239434
v 0.820433 1.239251 0.243769
v -0.878805 1.259404 0.173358
v -0.906597 1.258032 0.169147
v -0.886452 1.261322 0.152350
v -0.900340 1.292397 0.176309
v -0.912264 1.267889 0.164955
v -0.914942 1.284692 0.182318
v -0.952312 1.238311 0.189559
v -0.962371 1.224482 0.207793
v -0.951582 1.245405 0.201615
v -0.955844 1.224957 0.214141
v -0.944475 1.240719 0.209875
v -0.962114 1.194557 0.217715
v -0.962142 1.221082 0.200073
v -0.963320 1.192411 0.212949
v -0.900340 1.292397 0.176309
v -0.886830 1.283356 0.148958
v -0.895394 1.271870 0.152763
v -0.874094 1.289775 0.188012
v -0.885550 1.299345 0.168365
v -0.856129 1.305900 0.173352
v -0.866693 1.301311 0.138213
v -0.850401 1.311477 0.194081
v -0.876060 1.300411 0.212007
v -0.837412 1.302405 0.204023
v -0.815471 1.320489 0.184111
v -0.829517 1.334186 0.173251
v -0.833452 1.327036 0.151628
v -0.865351 1.312500 0.155010
v -0.839809 1.332672 0.138168
v -0.876060 1.300411 0.212007
v -0.897055 1.284081 0.209441
v -0.892192 1.290054 0.221577
v -0.878771 1.279553 0.232437
v -0.901565 1.271768 0.230195
v -0.905864 1.266998 0.219269
v -0.890141 1.264015 0.239386
v -0.922568 1.233528 0.236224
v -0.923771 1.218513 0.253257
v -0.918898 1.237669 0.247094
v -0.902657 1.247236 0.249077
v -0.908936 1.233758 0.252242
v -0.919165 1.183993 0.262044
v -0.923011 1.181733 0.255850
v -0.926790 1.215275 0.245255
v -0.872827 1.270014 0.230299
v -0.884616 1.254945 0.237525
v -0.875649 1.263705 0.218556
v -0.872827 1.270014 0.230299
v -0.897661 1.252877 0.214891
v -0.887143 1.248708 0.226277
v -0.905864 1.266998 0.219269
v -0.886860 1.268159 0.205544
v -0.911863 1.211516 0.255383
v -0.909549 1.223785 0.242725
v -0.906931 1.227232 0.249929
v -0.919873 1.211657 0.242007
v -0.914993 1.226289 0.234999
v -0.922568 1.233528 0.236224
v -0.909848 1.235624 0.225346
v -0.896844 1.237849 0.246585
v -0.906931 1.227232 0.249929
v -0.913553 1.209482 0.249175
v -0.920240 1.181150 0.253122
v -0.915647 1.182920 0.258832
v -0.911863 1.211516 0.255383
v -0.915647 1.182920 0.258832
v -0.923011 1.181733 0.255850
v -0.918629 1.172220 0.258355
v -0.918629 1.172220 0.258355
v -0.916158 1.217654 0.257782
v -0.926790 1.215275 0.245255
v -0.899731 1.231511 0.234867
v -0.896844 1.237849 0.246585
v -0.918513 1.248370 0.229153
v -0.914120 1.252690 0.241264
v -0.918513 1.248370 0.229153
v -0.884616 1.254945 0.237525
v -0.897460 1.285460 0.133372
v -0.899882 1.262272 0.117749
v -0.907641 1.273592 0.135886
v -0.907641 1.273592 0.135886
v -0.911344 1.250924 0.124678
v -0.917538 1.260086 0.139063
v -0.903997 1.258118 0.151664
v -0.919461 1.239381 0.144511
v -0.914337 1.233867 0.130628
v -0.906741 1.240149 0.156292
v -0.903309 1.190568 0.154880
v -0.903295 1.209393 0.160891
v -0.913050 1.205084 0.152550
v -0.920660 1.219803 0.149486
v -0.909837 1.204697 0.141601
v -0.884145 1.179811 0.157959
v -0.897018 1.194866 0.160736
v -0.902299 1.190584 0.147027
v -0.884480 1.178573 0.152764
v -0.876038 1.174637 0.156094
v -0.901767 1.228123 0.131054
v -0.890111 1.242349 0.138304
v -0.893419 1.230307 0.141229
v -0.894737 1.234359 0.153310
v -0.898686 1.242379 0.125955
v -0.901767 1.228123 0.131054
v -0.893611 1.247772 0.152243
v -0.906741 1.240149 0.156292
v -0.894478 1.207750 0.148437
v -0.898269 1.221255 0.156033
v -0.895664 1.209043 0.156672
v -0.900035 1.204551 0.142100
v -0.896416 1.218957 0.143949
v -0.904558 1.214649 0.135682
v -0.900035 1.204551 0.142100
v -0.903295 1.209393 0.160891
v -0.890756 1.196154 0.152541
v -0.880991 1.181043 0.151550
v -0.893979 1.193360 0.146774
v -0.891379 1.196590 0.157952
v -0.880739 1.183201 0.156265
v -0.884145 1.179811 0.157959
v -0.893979 1.193360 0.146774
v -0.880991 1.181043 0.151550
v -0.876038 1.174637 0.156094
v -0.897018 1.194866 0.160736
v -0.909264 1.223210 0.160443
v -0.909264 1.223210 0.160443
v -0.917274 1.217825 0.136068
v -0.904558 1.214649 0.135682
v -0.886452 1.261322 0.152350
v -0.898686 1.242379 0.125955
v -0.879705 1.251949 0.132800
v -0.899882 1.262272 0.117749
v -0.888388 1.270980 0.110904
v -0.890312 1.254093 0.118956
v -0.876209 1.264796 0.111236
v -0.890312 1.254093 0.118956
v -0.865973 1.274294 0.145942
v -0.903997 1.258118 0.151664
v -0.860433 1.274141 0.163962
v -0.886452 1.261322 0.152350
v -0.865973 1.274294 0.145942
v -0.874502 1.272184 0.190029
v -0.878805 1.259404 0.173358
v -0.910412 1.254031 0.197997
v -0.924340 1.240149 0.193147
v -0.908641 1.245369 0.186639
v -0.916708 1.250996 0.173725
v -0.932299 1.243029 0.180763
v -0.921864 1.265622 0.199859
v -0.926382 1.245682 0.203527
v -0.932299 1.243029 0.180763
v -0.925707 1.260754 0.171548
v -0.916708 1.250996 0.173725
v -0.895650 1.261307 0.192903
v -0.898382 1.252846 0.180974
v -0.926741 1.272454 0.187885
v -0.845715 1.278526 0.191533
v -0.856961 1.281400 0.177482
v -0.906597 1.258032 0.169147
v -0.895394 1.271870 0.152763
v -0.886452 1.261322 0.152350
v -0.874502 1.272184 0.190029
v -0.901270 1.271680 0.195742
v -0.901270 1.271680 0.195742
v -0.921864 1.265622 0.199859
v -0.940627 1.255177 0.181368
v -0.937260 1.262708 0.193463
v -0.933294 1.256129 0.205295
v -0.892737 1.285474 0.190362
v -0.874094 1.289775 0.188012
v -0.839251 1.288658 0.207351
v -0.863557 1.264896 0.208251
v -0.839251 1.288658 0.207351
v -0.861907 1.290317 0.227546
v -0.857147 1.276146 0.226843
v -0.863557 1.264896 0.208251
v -0.857147 1.276146 0.226843
v -0.857147 1.276146 0.226843
v -0.861907 1.290317 0.227546
v -0.874094 1.289775 0.188012
v -0.874502 1.272184 0.190029
v -0.951169 1.218446 0.212055
v -0.943968 1.232241 0.200777
v -0.942080 1.234225 0.207198
v -0.947403 1.232435 0.192216
v -0.947403 1.232435 0.192216
v -0.944475 1.240719 0.209875
v -0.958326 1.194849 0.217094
v -0.953255 1.216447 0.206193
v -0.960086 1.192717 0.212324
v -0.957820 1.216995 0.199735
v -0.957820 1.216995 0.199735
v -0.960086 1.192717 0.212324
v -0.962114 1.194557 0.217715
v -0.961201 1.187565 0.215828
v -0.961201 1.187565 0.215828
v -0.955844 1.224957 0.214141
v -0.874094 1.289775 0.188012
v -0.892737 1.285474 0.190362
v -0.904785 1.245946 0.099932
v -0.897403 1.259992 0.081945
v -0.899087 1.241470 0.085862
v -0.893367 1.263311 0.107472
v -0.896604 1.244967 0.110502
v -0.889722 1.237743 0.083609
v -0.875639 1.251241 0.090784
v -0.877589 1.237427 0.093506
v -0.879835 1.240526 0.106445
v -0.875762 1.256589 0.103537
v -0.896604 1.244967 0.110502
v -0.887757 1.254472 0.079991
v -0.889722 1.237743 0.083609
v -0.876209 1.264796 0.111236
v -0.893367 1.263311 0.107472
v -0.896352 1.277254 0.096918
v -0.902407 1.266255 0.096581
v -0.893787 1.271577 0.079897
v -0.880417 1.264804 0.074278
v -0.887757 1.254472 0.079991
v -0.865204 1.259716 0.098142
v -0.906099 1.228990 0.102545
v -0.901555 1.213779 0.094943
v -0.903183 1.213840 0.103080
v -0.899371 1.216903 0.111276
v -0.888569 1.214737 0.108849
v -0.899412 1.229816 0.113344
v -0.899371 1.216903 0.111276
v -0.880882 1.215097 0.098705
v -0.882551 1.227110 0.109381
v -0.889992 1.213884 0.090540
v -0.879057 1.225916 0.095724
v -0.891354 1.223812 0.086439
v -0.889992 1.213884 0.090540
v -0.895865 1.206804 0.096342
v -0.891809 1.198738 0.104365
v -0.897815 1.207055 0.103616
v -0.889035 1.200432 0.109255
v -0.894734 1.209298 0.110459
v -0.894734 1.209298 0.110459
v -0.886334 1.208674 0.109303
v -0.880714 1.209208 0.100049
v -0.885201 1.207952 0.093326
v -0.885201 1.207952 0.093326
v -0.878431 1.203026 0.102279
v -0.868307 1.187056 0.103994
v -0.879507 1.200910 0.096611
v -0.883422 1.201609 0.110082
v -0.889410 1.198270 0.097811
v -0.868307 1.187056 0.103994
v -0.889035 1.200432 0.109255
v -0.879507 1.200910 0.096611
v -0.900642 1.226054 0.088904
v -0.891354 1.223812 0.086439
v -0.899412 1.229816 0.113344
v -0.854395 1.288777 0.069065
v -0.865451 1.259166 0.086314
v -0.880417 1.264804 0.074278
v -0.816504 1.295002 0.071802
v -0.845116 1.278991 0.075993
v -0.789320 1.323408 0.058713
v -0.823536 1.309735 0.063306
v -0.758199 1.325018 0.050068
v -0.780133 1.305888 0.063187
v -0.880417 1.264804 0.074278
v -0.864995 1.297268 0.075637
v -0.854395 1.288777 0.069065
v -0.789320 1.323408 0.058713
v -0.762732 1.340649 0.053647
v -0.758199 1.325018 0.050068
v -0.795022 1.335764 0.063331
v -0.823536 1.309735 0.063306
v -0.832284 1.320801 0.068941
v -0.763326 1.353361 0.064541
v -0.803733 1.342252 0.077507
v -0.836953 1.324744 0.081481
v -0.865492 1.303005 0.088827
v -0.896352 1.277254 0.096918
v -0.893787 1.271577 0.079897
v -0.757739 1.361095 0.078674
v -0.836938 1.321851 0.093990
v -0.861430 1.299460 0.102082
v -0.888388 1.270980 0.110904
v -0.870773 1.305124 0.119215
v -0.841096 1.329901 0.108595
v -0.837088 1.325924 0.122012
v -0.811549 1.307813 0.181648
v -0.811549 1.307813 0.181648
v -0.828314 1.294543 0.140422
v -0.824169 1.300947 0.150132
v -0.816866 1.299515 0.163695
v -0.840314 1.280764 0.089960
v -0.865204 1.259716 0.098142
v -0.838642 1.288986 0.099678
v -0.876209 1.264796 0.111236
v -0.865793 1.265019 0.126161
v -0.835378 1.288002 0.115290
v -0.813639 1.293362 0.086902
v -0.809287 1.297251 0.107363
v -0.833027 1.295442 0.127644
v -0.801342 1.306179 0.130847
v -0.791974 1.310666 0.150961
v -0.789241 1.321241 0.158704
v -0.795708 1.333633 0.158407
v -0.803725 1.341702 0.151495
v -0.809591 1.344300 0.132586
v -0.809474 1.342839 0.105785
v -0.759993 1.307773 0.110866
v -0.768523 1.305259 0.087280
v -0.771612 1.311993 0.136510
v -0.772940 1.322640 0.146782
v -0.789241 1.321241 0.158704
v -0.772940 1.322640 0.146782
v -0.772347 1.349537 0.137558
v -0.783051 1.353471 0.127424
v -0.783053 1.354516 0.098451
v -0.758279 1.339276 0.138196
v -0.740151 1.357454 0.123095
v -0.726089 1.327243 0.110467
v -0.740151 1.357454 0.123095
v -0.741025 1.345642 0.129021
v -0.744060 1.362298 0.113712
v -0.749902 1.362545 0.094046
v -0.762732 1.340649 0.053647
v -0.746161 1.336012 0.054229
v -0.758199 1.325018 0.050068
v -0.749820 1.353180 0.067487
v -0.763326 1.353361 0.064541
v -0.757739 1.361095 0.078674
v -0.749902 1.362545 0.094046
v -0.744473 1.358569 0.085701
v -0.736649 1.356277 0.109076
v -0.744060 1.362298 0.113712
v -0.729852 1.316045 0.104763
v -0.725720 1.329515 0.103340
v -0.744429 1.310023 0.099426
v -0.726941 1.318165 0.090804
v -0.744429 1.310023 0.099426
v -0.751279 1.311119 0.056706
v -0.743366 1.308866 0.082631
v -0.739802 1.320423 0.060802
v -0.751279 1.311119 0.056706
v -0.743366 1.308866 0.082631
v -0.734037 1.340034 0.083346
v -0.726089 1.327243 0.110467
v -0.733210 1.306947 0.133237
v -0.729852 1.316045 0.104763
v -0.733210 1.306947 0.133237
v -0.744429 1.310023 0.099426
v -0.729852 1.316045 0.104763
v -0.750786 1.295384 0.131007
v -0.759993 1.307773 0.110866
v -0.762922 1.300474 0.134286
v -0.771612 1.311993 0.136510
v -0.741025 1.345642 0.129021
v -0.724822 1.317409 0.139292
v -0.758279 1.339276 0.138196
v -0.741068 1.341029 0.153847
v -0.772940 1.322640 0.146782
v -0.761558 1.332178 0.151960
v -0.761424 1.284938 0.165560
v -0.750272 1.289003 0.174647
v -0.745851 1.301992 0.181990
v -0.750272 1.289003 0.174647
v -0.751153 1.315898 0.183149
v -0.763797 1.321901 0.178473
v -0.776052 1.316719 0.170798
v -0.779907 1.304311 0.163735
v -0.771612 1.311993 0.136510
v -0.773568 1.291466 0.161104
v -0.767728 1.304425 0.208663
v -0.759967 1.291404 0.206758
v -0.760773 1.280744 0.201663
v -0.771449 1.273237 0.192774
v -0.760773 1.280744 0.201663
v -0.784846 1.281122 0.187448
v -0.790446 1.292875 0.187089
v -0.778390 1.305888 0.204182
v -0.789189 1.301376 0.195319
v -0.790446 1.292875 0.187089
v -0.789968 1.291451 0.215239
v -0.797327 1.271935 0.235401
v -0.780547 1.290447 0.220814
v -0.775282 1.280939 0.218996
v -0.774816 1.272275 0.215846
v -0.795048 1.268748 0.198465
v -0.782207 1.264787 0.207263
v -0.800279 1.278590 0.200893
v -0.797064 1.286167 0.206250
v -0.800279 1.278590 0.200893
v -0.804220 1.271765 0.228967
v -0.808912 1.267541 0.220554
v -0.813916 1.260237 0.218502
v -0.807178 1.254164 0.215176
v -0.797002 1.255190 0.226366
v -0.792478 1.260792 0.234565
v -0.793844 1.267364 0.236782
v -0.774816 1.272275 0.215846
v -0.823692 1.242220 0.244606
v -0.823746 1.237784 0.239438
v -0.823692 1.242220 0.244606
v -0.826457 1.240671 0.239560
v -0.820431 1.239250 0.243772
v -0.823746 1.237784 0.239438
v -0.813916 1.260237 0.218502
v -0.826457 1.240671 0.239560
v -0.826457 1.240671 0.239560
v -0.820431 1.239250 0.243772
v -0.792478 1.260792 0.234565
v 0.205790 0.095145 0.087653
v 0.188694 0.087174 0.078008
v 0.194643 0.093952 0.086357
v 0.202871 0.079833 0.054151
v 0.210456 0.076408 0.028514
v 0.199514 0.078850 0.025583
v 0.189826 0.077018 0.033593
v 0.259056 0.016246 0.244155
v 0.258000 0.016993 0.256304
v 0.258873 0.012684 0.245912
v 0.255265 0.023235 0.247991
v 0.251179 0.020073 0.258709
v 0.272665 0.018723 0.249575
v 0.271742 0.015443 0.251203
v 0.251523 0.007225 0.237281
v 0.247672 0.011456 0.250206
v 0.236668 0.012103 0.241248
v 0.244368 0.020366 0.260998
v 0.237471 0.015509 0.255509
v 0.244567 0.017094 0.262527
v 0.247726 0.024136 0.252673
v 0.240051 0.021977 0.255177
v 0.195187 0.060583 0.007640
v 0.177873 0.046117 0.010856
v 0.177384 0.055768 0.021752
v 0.217513 0.064002 0.021970
v 0.197243 0.073444 0.016100
v 0.215441 0.071886 0.023506
v 0.204964 0.049544 0.003516
v 0.169950 0.019301 0.023078
v 0.165728 0.039295 0.027572
v 0.171288 0.028774 0.013020
v 0.180459 0.019947 0.011892
v 0.180043 0.011339 0.025413
v 0.172204 0.015933 0.035392
v 0.165060 0.026500 0.033392
v 0.216360 0.088414 0.076204
v 0.230544 0.075676 0.060102
v 0.220267 0.076711 0.051411
v 0.222237 0.086508 0.091992
v 0.246771 0.068718 0.083819
v 0.243012 0.067305 0.067546
v 0.242239 0.059037 0.064523
v 0.233199 0.060398 0.043324
v 0.243012 0.067305 0.067546
v 0.233199 0.060398 0.043324
v 0.255798 0.057027 0.077811
v 0.222490 0.019472 0.016911
v 0.213524 0.010922 0.046007
v 0.196665 0.008018 0.024597
v 0.196665 0.008018 0.024597
v 0.200387 0.018867 0.006858
v 0.222490 0.019472 0.016911
v 0.199198 0.014487 0.051804
v 0.185876 0.009240 0.036426
v 0.175146 0.057336 0.041971
v 0.175517 0.073838 0.058675
v 0.179186 0.069705 0.031599
v 0.188113 0.019305 0.053709
v 0.258873 0.012684 0.245912
v 0.267923 0.008462 0.229675
v 0.272848 0.009201 0.236659
v 0.271742 0.015443 0.251203
v 0.254126 0.027422 0.230422
v 0.270707 0.025204 0.239367
v 0.265713 0.032379 0.227343
v 0.246101 0.029644 0.241269
v 0.227497 0.026070 0.230012
v 0.219501 0.041384 0.208848
v 0.213200 0.027047 0.209174
v 0.307331 0.006847 0.214514
v 0.293762 0.004824 0.213804
v 0.307038 0.005362 0.207939
v 0.310979 0.010438 0.206810
v 0.309966 0.009486 0.216840
v 0.303367 0.009512 0.221434
v 0.296788 0.006678 0.220744
v 0.288125 0.034166 0.176045
v 0.307047 0.017969 0.212582
v 0.298116 0.032211 0.171163
v 0.182140 0.062953 0.095493
v 0.192365 0.088011 0.096243
v 0.181046 0.079891 0.083369
v 0.176887 0.063258 0.063161
v 0.260859 0.051311 0.152703
v 0.272456 0.042310 0.184169
v 0.277489 0.045349 0.141940
v 0.287029 0.039701 0.135580
v 0.270211 0.032606 0.105403
v 0.268044 0.050790 0.100585
v 0.257921 0.037214 0.079961
v 0.286371 0.026451 0.135559
v 0.262272 0.017419 0.109658
v 0.250409 0.020801 0.083632
v 0.237759 0.024510 0.062297
v 0.237759 0.024510 0.062297
v 0.234910 0.014671 0.089843
v 0.224037 0.016542 0.067123
v 0.230074 0.022084 0.039916
v 0.218548 0.017994 0.095110
v 0.209242 0.018655 0.071570
v 0.202352 0.024646 0.098283
v 0.195633 0.025568 0.073484
v 0.187701 0.038103 0.098710
v 0.183186 0.039568 0.071556
v 0.172204 0.015933 0.035392
v 0.174589 0.031839 0.050825
v 0.165060 0.026500 0.033392
v 0.174589 0.031839 0.050825
v 0.165728 0.039295 0.027572
v 0.183186 0.039568 0.071556
v 0.187701 0.038103 0.098710
v 0.182140 0.062953 0.095493
v 0.185724 0.051866 0.128729
v 0.190176 0.028342 0.130418
v 0.198417 0.041524 0.168131
v 0.198770 0.067970 0.132561
v 0.195253 0.078890 0.109208
v 0.213025 0.083791 0.115680
v 0.195253 0.078890 0.109208
v 0.208966 0.090390 0.098370
v 0.217666 0.071393 0.128962
v 0.232984 0.080635 0.106051
v 0.213025 0.083791 0.115680
v 0.257938 0.059876 0.107148
v 0.240329 0.070472 0.120794
v 0.246771 0.068718 0.083819
v 0.239353 0.057402 0.163386
v 0.290715 0.028967 0.212753
v 0.297974 0.022431 0.223796
v 0.299871 0.013377 0.231453
v 0.302862 0.013911 0.223523
v 0.308076 0.014086 0.217661
v 0.303367 0.009512 0.221434
v 0.309966 0.009486 0.216840
v 0.311366 0.015486 0.207665
v 0.310979 0.010438 0.206810
v 0.301358 0.024378 0.168573
v 0.294393 0.002406 0.167922
v 0.276845 0.011270 0.138412
v 0.275638 -0.000000 0.176071
v 0.259450 0.006360 0.145611
v 0.262272 0.017419 0.109658
v 0.239442 0.007901 0.153936
v 0.246148 0.013187 0.116521
v 0.227953 0.013888 0.122774
v 0.218658 0.009951 0.160565
v 0.208435 0.016753 0.127177
v 0.201732 0.020204 0.166513
v 0.190176 0.028342 0.130418
v 0.201732 0.020204 0.166513
v 0.207175 0.053207 0.171132
v 0.229489 0.046470 0.205131
v 0.220506 0.057496 0.169046
v 0.247762 0.047387 0.192826
v 0.228725 0.003147 0.196207
v 0.227366 0.012558 0.229252
v 0.215718 0.011424 0.205050
v 0.234762 0.023391 0.245828
v 0.236668 0.012103 0.241248
v 0.227366 0.012558 0.229252
v 0.237471 0.015509 0.255509
v 0.215718 0.011424 0.205050
v 0.252092 0.001533 0.188292
v 0.287380 0.012442 0.239843
v 0.287380 0.012442 0.239843
v 0.288456 0.016083 0.240761
v 0.298758 0.010306 0.230208
v 0.298758 0.010306 0.230208
v 0.250409 0.020801 0.083632
v 0.276845 0.011270 0.138412
v 0.294393 0.002406 0.167922
v 0.204964 0.049544 0.003516
v 0.181828 0.034436 0.005333
v 0.177873 0.046117 0.010856
v 0.185428 0.080264 0.055806
v 0.222490 0.019472 0.016911
v 0.237431 0.041215 0.037384
v 0.230074 0.022084 0.039916
v 0.222176 0.055159 0.014836
v 0.244436 0.040527 0.060614
v 0.222176 0.055159 0.014836
v 0.227575 0.042057 0.011155
v 0.205114 0.033114 0.001890
v 0.185876 0.009240 0.036426
v 0.165060 0.026500 0.033392
v 0.251350 0.017030 0.261004
v 0.244567 0.017094 0.262527
v 0.258000 0.016993 0.256304
v 0.251350 0.017030 0.261004
v 0.231697 0.033219 0.233023
v 0.243004 0.036596 0.229581
v 0.227575 0.042057 0.011155
v 0.183186 0.039568 0.071556
v -0.205788 0.095145 0.087654
v -0.194641 0.093953 0.086358
v -0.188693 0.087175 0.078009
v -0.210454 0.076409 0.028515
v -0.202869 0.079833 0.054152
v -0.199513 0.078850 0.025583
v -0.189824 0.077018 0.033594
v -0.257999 0.016994 0.256305
v -0.259055 0.016247 0.244156
v -0.258872 0.012684 0.245913
v -0.251177 0.020074 0.258710
v -0.255264 0.023235 0.247992
v -0.272664 0.018724 0.249576
v -0.271740 0.015443 0.251204
v -0.247671 0.011457 0.250208
v -0.251522 0.007226 0.237282
v -0.236666 0.012104 0.241249
v -0.244366 0.020367 0.260999
v -0.237468 0.015510 0.255510
v -0.240050 0.021978 0.255178
v -0.247725 0.024137 0.252674
v -0.195186 0.060583 0.007641
v -0.177872 0.046118 0.010857
v -0.204962 0.049544 0.003517
v -0.217512 0.064002 0.021971
v -0.197241 0.073444 0.016101
v -0.169948 0.019302 0.023079
v -0.165727 0.039296 0.027573
v -0.165059 0.026500 0.033393
v -0.180458 0.019948 0.011893
v -0.171286 0.028774 0.013021
v -0.172202 0.015933 0.035393
v -0.180042 0.011340 0.025414
v -0.230542 0.075676 0.060103
v -0.216358 0.088414 0.076205
v -0.220266 0.076711 0.051412
v -0.222236 0.086508 0.091994
v -0.246771 0.068718 0.083820
v -0.232982 0.080636 0.106052
v -0.243012 0.067305 0.067547
v -0.233198 0.060398 0.043325
v -0.242238 0.059038 0.064524
v -0.243012 0.067305 0.067547
v -0.233198 0.060398 0.043325
v -0.255797 0.057027 0.077812
v -0.246771 0.068718 0.083820
v -0.213523 0.010922 0.046008
v -0.222489 0.019472 0.016912
v -0.196664 0.008019 0.024598
v -0.196664 0.008019 0.024598
v -0.222489 0.019472 0.016912
v -0.200387 0.018867 0.006860
v -0.199196 0.014487 0.051805
v -0.175144 0.057336 0.041972
v -0.175515 0.073839 0.058676
v -0.176886 0.063258 0.063162
v -0.177382 0.055768 0.021753
v -0.179185 0.069705 0.031600
v -0.185875 0.009240 0.036427
v -0.188112 0.019305 0.053710
v -0.258872 0.012684 0.245913
v -0.267923 0.008463 0.229677
v -0.271740 0.015443 0.251204
v -0.272846 0.009201 0.236661
v -0.254125 0.027422 0.230423
v -0.265712 0.032379 0.227344
v -0.270705 0.025205 0.239369
v -0.246099 0.029645 0.241270
v -0.227496 0.026070 0.230013
v -0.219499 0.041384 0.208849
v -0.231695 0.033220 0.233024
v -0.307330 0.006848 0.214515
v -0.293761 0.004825 0.213806
v -0.296787 0.006679 0.220746
v -0.310977 0.010439 0.206812
v -0.307037 0.005362 0.207940
v -0.303365 0.009513 0.221436
v -0.309965 0.009487 0.216841
v -0.288124 0.034167 0.176046
v -0.298115 0.032212 0.171164
v -0.307046 0.017970 0.212583
v -0.182138 0.062953 0.095494
v -0.192363 0.088012 0.096244
v -0.195252 0.078891 0.109209
v -0.181044 0.079892 0.083369
v -0.260859 0.051311 0.152704
v -0.277488 0.045349 0.141941
v -0.287027 0.039702 0.135581
v -0.270210 0.032606 0.105404
v -0.286369 0.026451 0.135560
v -0.268044 0.050791 0.100586
v -0.257920 0.037215 0.079962
v -0.262271 0.017420 0.109660
v -0.250407 0.020801 0.083633
v -0.237757 0.024510 0.062299
v -0.237757 0.024510 0.062299
v -0.234909 0.014672 0.089844
v -0.250407 0.020801 0.083633
v -0.230072 0.022084 0.039917
v -0.224035 0.016543 0.067124
v -0.218547 0.017994 0.095111
v -0.209241 0.018656 0.071571
v -0.202351 0.024646 0.098284
v -0.195632 0.025568 0.073485
v -0.187700 0.038103 0.098711
v -0.183185 0.039568 0.071557
v -0.172202 0.015933 0.035393
v -0.174588 0.031839 0.050826
v -0.165059 0.026500 0.033393
v -0.174588 0.031839 0.050826
v -0.183185 0.039568 0.071557
v -0.165727 0.039296 0.027573
v -0.183185 0.039568 0.071557
v -0.182138 0.062953 0.095494
v -0.187700 0.038103 0.098711
v -0.185722 0.051866 0.128730
v -0.190175 0.028342 0.130419
v -0.198416 0.041524 0.168132
v -0.198768 0.067971 0.132562
v -0.195252 0.078891 0.109209
v -0.213023 0.083791 0.115681
v -0.208964 0.090391 0.098371
v -0.213023 0.083791 0.115681
v -0.232982 0.080636 0.106052
v -0.217665 0.071394 0.128963
v -0.257937 0.059876 0.107149
v -0.240328 0.070472 0.120796
v -0.272454 0.042310 0.184170
v -0.239351 0.057403 0.163387
v -0.247761 0.047388 0.192827
v -0.290714 0.028968 0.212754
v -0.297972 0.022432 0.223798
v -0.302861 0.013912 0.223525
v -0.299869 0.013378 0.231454
v -0.308075 0.014087 0.217662
v -0.303365 0.009513 0.221436
v -0.311365 0.015486 0.207666
v -0.309965 0.009487 0.216841
v -0.301357 0.024379 0.168575
v -0.310977 0.010439 0.206812
v -0.294392 0.002407 0.167924
v -0.276845 0.011271 0.138414
v -0.275637 0.000000 0.176073
v -0.259449 0.006360 0.145612
v -0.262271 0.017420 0.109660
v -0.246147 0.013187 0.116522
v -0.239441 0.007902 0.153937
v -0.227951 0.013889 0.122775
v -0.218657 0.009952 0.160566
v -0.208434 0.016754 0.127178
v -0.201730 0.020205 0.166514
v -0.190175 0.028342 0.130419
v -0.201730 0.020205 0.166514
v -0.213199 0.027048 0.209176
v -0.215716 0.011425 0.205051
v -0.207174 0.053207 0.171133
v -0.229487 0.046471 0.205132
v -0.220504 0.057497 0.169047
v -0.228723 0.003147 0.196208
v -0.227365 0.012559 0.229253
v -0.234760 0.023392 0.245830
v -0.236666 0.012104 0.241249
v -0.237468 0.015510 0.255510
v -0.227365 0.012559 0.229253
v -0.252091 0.001534 0.188294
v -0.287379 0.012443 0.239845
v -0.287379 0.012443 0.239845
v -0.288455 0.016084 0.240763
v -0.298757 0.010307 0.230210
v -0.298757 0.010307 0.230210
v -0.215716 0.011425 0.205051
v -0.276845 0.011271 0.138414
v -0.204962 0.049544 0.003517
v -0.181826 0.034437 0.005334
v -0.205113 0.033114 0.001891
v -0.185427 0.080264 0.055807
v -0.237430 0.041215 0.037385
v -0.222489 0.019472 0.016912
v -0.230072 0.022084 0.039917
v -0.222175 0.055159 0.014837
v -0.227573 0.042057 0.011156
v -0.244435 0.040527 0.060615
v -0.222175 0.055159 0.014837
v -0.227573 0.042057 0.011156
v -0.177872 0.046118 0.010857
v -0.185875 0.009240 0.036427
v -0.215440 0.071886 0.023507
v -0.165059 0.026500 0.033393
v -0.251349 0.017030 0.261005
v -0.244565 0.017094 0.262528
v -0.251349 0.017030 0.261005
v -0.257999 0.016994 0.256305
v -0.243003 0.036597 0.229582
v -0.227573 0.042057 0.011156
v 0.189945 1.393719 0.004697
v 0.190703 1.392050 -0.012126
v 0.182345 1.380807 -0.010426
v 0.177585 1.374525 -0.004036
v 0.405185 1.376132 -0.024891
v 0.418286 1.381237 -0.024080
v 0.417114 1.376856 -0.031326
v 0.421385 1.383420 -0.008721
v 0.426654 1.381310 -0.021266
v 0.428021 1.376913 -0.029800
v 0.432975 1.356213 -0.036298
v 0.427999 1.366955 -0.036012
v 0.435884 1.366367 -0.032666
v 0.442384 1.364254 -0.030392
v 0.429234 1.347404 -0.036774
v 0.427375 1.354160 -0.037383
v 0.447353 1.356903 -0.012827
v 0.448302 1.369580 -0.020221
v 0.449784 1.369429 -0.010148
v 0.442384 1.364254 -0.030392
v 0.445342 1.374503 -0.024194
v 0.445896 1.378576 -0.012559
v 0.424314 1.334696 -0.029705
v 0.432612 1.341571 -0.033778
v 0.433706 1.335338 -0.027467
v 0.409503 1.335172 -0.022102
v 0.421805 1.339342 -0.034124
v 0.223083 1.385397 -0.009542
v 0.209524 1.401605 -0.009871
v 0.224801 1.397539 -0.004203
v 0.210160 1.385198 -0.015807
v 0.198525 1.388338 -0.016370
v 0.208829 1.369187 -0.016095
v 0.196440 1.369146 -0.017176
v 0.223581 1.374861 -0.010563
v 0.422690 1.330556 0.034028
v 0.412850 1.339691 0.040854
v 0.412188 1.328922 0.033783
v 0.422690 1.330556 0.034028
v 0.432398 1.335897 0.025144
v 0.425674 1.336374 0.037675
v 0.412913 1.325662 0.022880
v 0.425520 1.328446 0.024401
v 0.412426 1.328562 0.006914
v 0.392987 1.331339 0.024223
v 0.393637 1.334130 0.002111
v 0.418368 1.332139 -0.016716
v 0.387168 1.343242 -0.008191
v 0.353727 1.345616 0.009288
v 0.387168 1.343242 -0.008191
v 0.393637 1.334130 0.002111
v 0.392987 1.331339 0.024223
v 0.394374 1.379574 -0.001548
v 0.403291 1.382618 0.010644
v 0.424113 1.382279 0.016671
v 0.394374 1.379574 -0.001548
v 0.359325 1.376208 0.023958
v 0.403291 1.382618 0.010644
v 0.401543 1.381905 0.025823
v 0.424113 1.382279 0.016671
v 0.409619 1.369576 0.039676
v 0.423635 1.366769 0.042729
v 0.414977 1.375351 0.039225
v 0.400263 1.377266 0.032895
v 0.399427 1.370396 0.036350
v 0.399611 1.357163 0.038432
v 0.412391 1.357643 0.042066
v 0.361457 1.367642 0.044306
v 0.361121 1.357394 0.046373
v 0.398391 1.344170 0.039078
v 0.300492 1.347914 0.030352
v 0.355788 1.343593 0.024811
v 0.358083 1.344466 0.038769
v 0.299952 1.349557 0.018798
v 0.251843 1.356888 0.017639
v 0.254506 1.363314 0.002652
v 0.299952 1.349557 0.018798
v 0.251843 1.356888 0.017639
v 0.220146 1.359934 0.004493
v 0.222777 1.368215 -0.008189
v 0.256108 1.369183 -0.000442
v 0.222777 1.368215 -0.008189
v 0.203979 1.358038 -0.008276
v 0.220146 1.359934 0.004493
v 0.202231 1.349998 0.006075
v 0.189264 1.349554 0.004283
v 0.192166 1.358501 -0.010262
v 0.178111 1.357932 0.006295
v 0.181389 1.364977 -0.008685
v 0.187832 1.374959 -0.015826
v 0.190703 1.392050 -0.012126
v 0.200913 1.405229 -0.005784
v 0.214405 1.411171 0.001710
v 0.200913 1.405229 -0.005784
v 0.199436 1.406788 0.010821
v 0.205113 1.411943 0.002841
v 0.206724 1.414580 0.015700
v 0.203450 1.409755 0.034112
v 0.215648 1.413480 0.017114
v 0.206724 1.414580 0.015700
v 0.205113 1.411943 0.002841
v 0.203450 1.409755 0.034112
v 0.193261 1.401139 0.032977
v 0.196221 1.401376 0.046258
v 0.183246 1.389752 0.040718
v 0.176039 1.376587 0.029524
v 0.177602 1.356139 0.027717
v 0.178562 1.361995 0.042722
v 0.181599 1.370452 0.049797
v 0.185496 1.380872 0.052111
v 0.190231 1.392185 0.050801
v 0.185496 1.380872 0.052111
v 0.198950 1.388388 0.055418
v 0.190231 1.392185 0.050801
v 0.196221 1.401376 0.046258
v 0.207598 1.398286 0.050051
v 0.208170 1.385552 0.054809
v 0.207598 1.398286 0.050051
v 0.196221 1.401376 0.046258
v 0.212221 1.407336 0.035965
v 0.225396 1.391950 0.043224
v 0.225719 1.402519 0.025740
v 0.226355 1.403929 0.005107
v 0.225719 1.402519 0.025740
v 0.260488 1.391880 0.010193
v 0.226355 1.403929 0.005107
v 0.260154 1.389141 0.003530
v 0.224801 1.397539 -0.004203
v 0.258194 1.379626 -0.000133
v 0.223581 1.374861 -0.010563
v 0.223083 1.385397 -0.009542
v 0.303670 1.371336 0.001769
v 0.302092 1.360678 0.003348
v 0.301271 1.354656 0.008160
v 0.353621 1.350901 0.002548
v 0.392987 1.331339 0.024223
v 0.395712 1.337770 0.036222
v 0.359291 1.347332 0.044625
v 0.425674 1.336374 0.037675
v 0.427483 1.344300 0.040504
v 0.427492 1.354445 0.042910
v 0.436332 1.347354 0.027180
v 0.436483 1.359435 0.031825
v 0.423635 1.366769 0.042729
v 0.427492 1.354445 0.042910
v 0.431917 1.371563 0.034070
v 0.437933 1.366087 0.015685
v 0.434157 1.375153 0.017765
v 0.434157 1.375153 0.017765
v 0.420243 1.381207 0.032125
v 0.431917 1.371563 0.034070
v 0.414977 1.375351 0.039225
v 0.423635 1.366769 0.042729
v 0.441413 1.378833 0.002020
v 0.434157 1.375153 0.017765
v 0.432962 1.381873 -0.002371
v 0.445896 1.378576 -0.012559
v 0.441413 1.378833 0.002020
v 0.437312 1.380946 -0.016453
v 0.445342 1.374503 -0.024194
v 0.437639 1.376637 -0.026979
v 0.437639 1.376637 -0.026979
v 0.428021 1.376913 -0.029800
v 0.443409 1.368665 0.001781
v 0.434704 1.352478 0.010497
v 0.439024 1.355014 -0.002485
v 0.433979 1.339721 -0.007342
v 0.430196 1.337625 0.007436
v 0.433706 1.335338 -0.027467
v 0.442678 1.342186 -0.020110
v 0.427312 1.331042 -0.011987
v 0.427312 1.331042 -0.011987
v 0.423917 1.329283 0.007202
v 0.425520 1.328446 0.024401
v 0.423917 1.329283 0.007202
v 0.412913 1.325662 0.022880
v 0.442066 1.347277 -0.030005
v 0.447186 1.361039 -0.023332
v 0.432612 1.341571 -0.033778
v 0.436444 1.351822 -0.035150
v 0.386846 1.359262 -0.011631
v 0.354855 1.363396 -0.000771
v 0.305746 1.382873 0.011468
v 0.356522 1.374889 0.001929
v 0.305229 1.380660 0.004947
v 0.259591 1.389714 0.023253
v 0.305534 1.380967 0.024145
v 0.258207 1.382852 0.034839
v 0.256922 1.376601 0.038734
v 0.306285 1.374123 0.036241
v 0.258207 1.382852 0.034839
v 0.225396 1.391950 0.043224
v 0.224095 1.382803 0.046566
v 0.223426 1.366610 0.046542
v 0.254528 1.364951 0.038404
v 0.224095 1.382803 0.046566
v 0.206681 1.371306 0.056416
v 0.223426 1.366610 0.046542
v 0.207216 1.356966 0.054272
v 0.225297 1.358045 0.042428
v 0.193507 1.358563 0.056688
v 0.205494 1.347619 0.043857
v 0.190566 1.347748 0.045751
v 0.202234 1.345237 0.026956
v 0.178562 1.361995 0.042722
v 0.177602 1.356139 0.027717
v 0.188673 1.345043 0.027922
v 0.177602 1.356139 0.027717
v 0.188673 1.345043 0.027922
v 0.174314 1.372047 0.009981
v 0.178111 1.357932 0.006295
v 0.181389 1.364977 -0.008685
v 0.177585 1.374525 -0.004036
v 0.219937 1.354785 0.026516
v 0.202234 1.345237 0.026956
v 0.219937 1.354785 0.026516
v 0.219937 1.354785 0.026516
v 0.219937 1.354785 0.026516
v 0.255182 1.355106 0.035360
v 0.225297 1.358045 0.042428
v 0.305602 1.359667 0.042205
v 0.307265 1.370725 0.040495
v 0.360530 1.371670 0.038569
v 0.306285 1.374123 0.036241
v 0.400263 1.377266 0.032895
v 0.360530 1.371670 0.038569
v 0.303933 1.349792 0.038933
v 0.195162 1.373627 0.057858
v 0.181599 1.370452 0.049797
v 0.225396 1.391950 0.043224
v 0.357855 1.377717 0.009236
v 0.389191 1.373870 -0.008860
v 0.389191 1.373870 -0.008860
v 0.411144 1.381658 -0.017095
v 0.389191 1.373870 -0.008860
v 0.403036 1.365212 -0.029325
v 0.386846 1.359262 -0.011631
v 0.417114 1.376856 -0.031326
v 0.416415 1.365692 -0.035330
v 0.402485 1.353001 -0.031056
v 0.417205 1.353628 -0.036197
v 0.403721 1.341862 -0.029291
v 0.419016 1.345074 -0.036150
v -0.189940 1.393701 0.004711
v -0.182354 1.380863 -0.010486
v -0.190715 1.392112 -0.012124
v -0.177587 1.374553 -0.004134
v -0.405184 1.376129 -0.024892
v -0.418285 1.381235 -0.024080
v -0.411142 1.381656 -0.017096
v -0.421384 1.383419 -0.008721
v -0.428021 1.376912 -0.029799
v -0.417113 1.376854 -0.031326
v -0.432973 1.356212 -0.036296
v -0.427998 1.366954 -0.036011
v -0.427373 1.354159 -0.037381
v -0.442383 1.364253 -0.030390
v -0.435883 1.366366 -0.032664
v -0.429234 1.347403 -0.036772
v -0.436442 1.351821 -0.035148
v -0.448300 1.369579 -0.020219
v -0.447353 1.356902 -0.012825
v -0.449782 1.369428 -0.010146
v -0.442383 1.364253 -0.030390
v -0.447184 1.361038 -0.023330
v -0.445895 1.378575 -0.012558
v -0.445341 1.374502 -0.024192
v -0.432610 1.341569 -0.033776
v -0.424312 1.334695 -0.029703
v -0.433705 1.335337 -0.027465
v -0.409500 1.335171 -0.022100
v -0.418367 1.332138 -0.016714
v -0.209533 1.401651 -0.009813
v -0.223085 1.385416 -0.009540
v -0.224804 1.397556 -0.004160
v -0.198538 1.388405 -0.016377
v -0.210168 1.385244 -0.015813
v -0.208835 1.369228 -0.016143
v -0.196451 1.369212 -0.017256
v -0.223582 1.374874 -0.010575
v -0.422689 1.330554 0.034029
v -0.412848 1.339687 0.040854
v -0.425673 1.336371 0.037677
v -0.422689 1.330554 0.034029
v -0.432396 1.335896 0.025145
v -0.425518 1.328445 0.024402
v -0.412911 1.325660 0.022881
v -0.412186 1.328918 0.033783
v -0.392985 1.331334 0.024221
v -0.412424 1.328560 0.006915
v -0.393637 1.334130 0.002114
v -0.387167 1.343239 -0.008187
v -0.403719 1.341860 -0.029290
v -0.387167 1.343239 -0.008187
v -0.353726 1.345618 0.009294
v -0.393637 1.334130 0.002114
v -0.392985 1.331334 0.024221
v -0.394374 1.379575 -0.001559
v -0.424111 1.382278 0.016672
v -0.403290 1.382619 0.010641
v -0.359319 1.376190 0.023972
v -0.394374 1.379575 -0.001559
v -0.403290 1.382619 0.010641
v -0.424111 1.382278 0.016672
v -0.401542 1.381902 0.025826
v -0.409616 1.369571 0.039679
v -0.423633 1.366767 0.042731
v -0.412387 1.357638 0.042069
v -0.400262 1.377261 0.032898
v -0.414974 1.375347 0.039228
v -0.399608 1.357155 0.038434
v -0.399424 1.370390 0.036353
v -0.361413 1.367441 0.044351
v -0.361072 1.357163 0.046376
v -0.398388 1.344161 0.039078
v -0.359243 1.347111 0.044580
v -0.300472 1.347833 0.030306
v -0.355771 1.343520 0.024780
v -0.299948 1.349541 0.018788
v -0.251846 1.356901 0.017656
v -0.299948 1.349541 0.018788
v -0.254507 1.363323 0.002692
v -0.251846 1.356901 0.017656
v -0.220142 1.359926 0.004458
v -0.256108 1.369182 -0.000415
v -0.222777 1.368225 -0.008210
v -0.222777 1.368225 -0.008210
v -0.203980 1.358064 -0.008372
v -0.220142 1.359926 0.004458
v -0.202224 1.349980 0.005963
v -0.189255 1.349538 0.004130
v -0.192171 1.358543 -0.010389
v -0.178100 1.357907 0.006129
v -0.181394 1.365020 -0.008811
v -0.187844 1.375030 -0.015899
v -0.190715 1.392112 -0.012124
v -0.200921 1.405268 -0.005701
v -0.214406 1.411173 0.001835
v -0.205113 1.411938 0.002972
v -0.199424 1.406726 0.010943
v -0.200921 1.405268 -0.005701
v -0.205113 1.411938 0.002972
v -0.206707 1.414496 0.015872
v -0.215630 1.413390 0.017281
v -0.203394 1.409485 0.034299
v -0.206707 1.414496 0.015872
v -0.203394 1.409485 0.034299
v -0.196135 1.400980 0.046371
v -0.193195 1.400832 0.033088
v -0.183175 1.389433 0.040701
v -0.176006 1.376451 0.029441
v -0.178527 1.361852 0.042617
v -0.177585 1.356079 0.027635
v -0.181535 1.370179 0.049677
v -0.185415 1.380516 0.052041
v -0.190140 1.391774 0.050820
v -0.198856 1.387961 0.055424
v -0.185415 1.380516 0.052041
v -0.190140 1.391774 0.050820
v -0.196135 1.400980 0.046371
v -0.207510 1.397879 0.050156
v -0.208082 1.385155 0.054811
v -0.207510 1.397879 0.050156
v -0.212165 1.407069 0.036137
v -0.225336 1.391674 0.043292
v -0.225689 1.402377 0.025858
v -0.226352 1.403914 0.005191
v -0.260493 1.391913 0.010138
v -0.225689 1.402377 0.025858
v -0.226352 1.403914 0.005191
v -0.260154 1.389151 0.003483
v -0.224804 1.397556 -0.004160
v -0.258193 1.379624 -0.000143
v -0.223582 1.374874 -0.010575
v -0.303671 1.371344 0.001755
v -0.302094 1.360687 0.003364
v -0.301273 1.354666 0.008178
v -0.353622 1.350906 0.002557
v -0.358043 1.344280 0.038714
v -0.392985 1.331334 0.024221
v -0.395708 1.337762 0.036221
v -0.427480 1.344298 0.040506
v -0.427491 1.354443 0.042911
v -0.436330 1.347353 0.027182
v -0.427480 1.344298 0.040506
v -0.423633 1.366767 0.042731
v -0.436482 1.359434 0.031827
v -0.427491 1.354443 0.042911
v -0.431917 1.371561 0.034072
v -0.437932 1.366086 0.015687
v -0.420242 1.381205 0.032128
v -0.434156 1.375152 0.017767
v -0.431917 1.371561 0.034072
v -0.414974 1.375347 0.039228
v -0.441412 1.378832 0.002022
v -0.434156 1.375152 0.017767
v -0.434156 1.375152 0.017767
v -0.432962 1.381872 -0.002370
v -0.441412 1.378832 0.002022
v -0.443408 1.368664 0.001783
v -0.445895 1.378575 -0.012558
v -0.437311 1.380945 -0.016452
v -0.445341 1.374502 -0.024192
v -0.426653 1.381309 -0.021266
v -0.437637 1.376636 -0.026977
v -0.437637 1.376636 -0.026977
v -0.445341 1.374502 -0.024192
v -0.428021 1.376912 -0.029799
v -0.439023 1.355013 -0.002484
v -0.434703 1.352477 0.010498
v -0.433978 1.339721 -0.007340
v -0.430195 1.337624 0.007438
v -0.433705 1.335337 -0.027465
v -0.427311 1.331040 -0.011986
v -0.442677 1.342185 -0.020109
v -0.427311 1.331040 -0.011986
v -0.423915 1.329282 0.007203
v -0.423915 1.329282 0.007203
v -0.412911 1.325660 0.022881
v -0.425518 1.328445 0.024402
v -0.442066 1.347276 -0.030003
v -0.436442 1.351821 -0.035148
v -0.432610 1.341569 -0.033776
v -0.425673 1.336371 0.037677
v -0.386844 1.359256 -0.011636
v -0.354855 1.363400 -0.000788
v -0.356523 1.374903 0.001883
v -0.305753 1.382911 0.011418
v -0.305230 1.380680 0.004900
v -0.259598 1.389756 0.023227
v -0.258205 1.382849 0.034842
v -0.306270 1.374059 0.036256
v -0.256915 1.376574 0.038737
v -0.258205 1.382849 0.034842
v -0.305538 1.380994 0.024131
v -0.306270 1.374059 0.036256
v -0.225336 1.391674 0.043292
v -0.223392 1.366465 0.046497
v -0.224036 1.382540 0.046574
v -0.206613 1.371009 0.056343
v -0.224036 1.382540 0.046574
v -0.223392 1.366465 0.046497
v -0.207182 1.356824 0.054200
v -0.225280 1.357975 0.042393
v -0.205485 1.347588 0.043832
v -0.193461 1.358371 0.056587
v -0.190550 1.347691 0.045701
v -0.202231 1.345234 0.026951
v -0.188666 1.345025 0.027895
v -0.178527 1.361852 0.042617
v -0.177585 1.356079 0.027635
v -0.177585 1.356079 0.027635
v -0.174302 1.372009 0.009880
v -0.178100 1.357907 0.006129
v -0.177587 1.374553 -0.004134
v -0.182354 1.380863 -0.010486
v -0.219933 1.354773 0.026506
v -0.202231 1.345234 0.026951
v -0.219933 1.354773 0.026506
v -0.188666 1.345025 0.027895
v -0.219933 1.354773 0.026506
v -0.219933 1.354773 0.026506
v -0.255171 1.355060 0.035336
v -0.225280 1.357975 0.042393
v -0.254517 1.364908 0.038394
v -0.305571 1.359532 0.042186
v -0.307244 1.370631 0.040508
v -0.360497 1.371518 0.038623
v -0.360497 1.371518 0.038623
v -0.400262 1.377261 0.032898
v -0.181535 1.370179 0.049677
v -0.195083 1.373281 0.057770
v -0.225336 1.391674 0.043292
v -0.389189 1.373867 -0.008872
v -0.357858 1.377742 0.009193
v -0.389189 1.373867 -0.008872
v -0.389189 1.373867 -0.008872
v -0.403033 1.365209 -0.029325
v -0.405184 1.376129 -0.024892
v -0.417113 1.376854 -0.031326
v -0.402483 1.352998 -0.031055
v -0.416413 1.365689 -0.035329
v -0.386844 1.359256 -0.011636
v -0.417204 1.353626 -0.036195
v -0.419015 1.345073 -0.036149
v -0.421804 1.339341 -0.034122
v -0.303903 1.349663 0.038882
v 0.450028 1.355152 -0.011505
v 0.460777 1.392459 0.000858
v 0.464056 1.378272 -0.007659
v 0.466940 1.338638 -0.020763
v 0.735608 1.355053 0.049554
v -0.449197 1.320555 0.012517
v -0.720911 1.321092 0.082450
v -0.735607 1.355050 0.049557
v -0.444501 1.329211 0.018791
v -0.470578 1.364311 -0.039699
v -0.719794 1.330514 0.110890
v 0.045185 1.056497 0.045966
v 0.144986 1.384130 0.045070
v 0.038186 0.870045 0.094061
v 0.000001 1.568078 0.076589
v 0.023235 1.340815 0.151199
v 0.022796 1.355409 0.149342
v 0.022081 1.336075 0.141591
v 0.017078 1.435575 -0.015430
v 0.140304 1.343182 0.077728
v 0.022488 1.304187 0.161300
v 0.039678 1.288794 -0.040987
v 0.142712 1.450423 0.065135
v 0.087084 1.307434 -0.072825
v 0.158460 1.443913 -0.030460
v 0.107288 0.921323 0.108184
v 0.030700 0.844218 0.060787
v 0.040730 0.908778 -0.015436
v 0.000001 0.943065 -0.031742
v 0.034883 0.849229 0.041878
v 0.034883 0.849229 0.041878
v 0.160071 1.415644 0.040064
v 0.127989 1.330243 -0.049463
v 0.135950 1.278219 0.099885
v 0.108778 1.152669 0.070800
v 0.140831 1.190713 0.061544
v 0.019755 1.199988 0.148183
v 0.142312 1.203484 0.063410
v 0.102628 1.447533 0.026295
v 0.022398 1.424979 0.084460
v 0.010785 1.434287 0.105947
v 0.000001 1.554221 0.024522
v 0.010962 1.325567 -0.049162
v 0.028243 1.474847 0.062433
v 0.034281 1.325008 -0.035680
v 0.089266 1.411510 -0.017152
v 0.140831 1.190713 0.061544
v 0.177843 1.451035 0.009843
v 0.025275 1.056009 0.020720
v 0.015394 1.093817 0.018932
v 0.039013 1.021045 0.056827
v 0.082500 0.883845 0.021015
v 0.061315 0.912538 -0.053541
v 0.008289 1.131030 0.011398
v 0.011050 1.551080 0.033533
v 0.028003 1.419089 -0.013209
v 0.026131 1.388829 -0.026502
v 0.029390 1.442471 -0.003364
v 0.083277 1.439397 -0.026377
v 0.029413 1.365504 -0.027707
v 0.034281 1.325008 -0.035680
v 0.089266 1.411510 -0.017152
v 0.081963 1.335961 -0.031706
v 0.074521 1.388782 -0.042283
v 0.081749 1.391763 -0.024495
v 0.089266 1.411510 -0.017152
v 0.085727 1.441112 -0.016749
v 0.050564 1.464533 -0.002311
v 0.029390 1.442471 -0.003364
v 0.066860 1.468695 0.032053
v 0.000001 1.490231 -0.001374
v 0.000001 1.267307 -0.058864
v 0.000001 1.232474 -0.046822
v 0.000001 1.169838 -0.022070
v 0.000001 1.368847 -0.064208
v 0.000001 1.138252 -0.012611
v 0.000001 1.428190 -0.043116
v 0.000001 1.400756 -0.055670
v 0.000001 1.064999 0.011081
v 0.000001 1.304308 -0.071075
v -0.028001 1.419089 -0.013209
v -0.011048 1.551080 0.033533
v -0.054509 0.915292 -0.052185
v -0.038184 0.870045 0.094061
v -0.054950 0.898030 0.032506
v -0.023233 1.340815 0.151200
v -0.022794 1.355409 0.149342
v -0.022079 1.336076 0.141591
v -0.036370 1.028360 0.020406
v -0.133303 1.426292 0.041975
v -0.137108 1.374096 0.052992
v -0.022486 1.304187 0.161300
v -0.022713 1.271192 0.164517
v -0.039676 1.288794 -0.040987
v -0.087082 1.307428 -0.072818
v -0.135950 1.278228 0.099901
v -0.030698 0.844217 0.060787
v -0.044994 0.865794 0.052397
v -0.034881 0.849230 0.041878
v -0.110591 1.438905 -0.059454
v -0.158717 1.307742 -0.011876
v -0.135950 1.278228 0.099901
v -0.155048 1.280878 0.074041
v -0.024578 1.393022 0.101002
v -0.010960 1.325567 -0.049162
v -0.010960 1.325567 -0.049162
v -0.028241 1.474848 0.062433
v -0.152039 1.291435 0.082157
v -0.079632 1.331876 -0.052734
v -0.140829 1.190714 0.061544
v -0.183081 1.445264 0.016329
v -0.177838 1.451006 0.009991
v -0.025273 1.056009 0.020720
v -0.015247 1.126100 0.016261
v -0.039011 1.021045 0.056827
v -0.054509 0.915292 -0.052185
v -0.064939 0.991763 -0.027863
v -0.014751 1.297082 -0.041667
v -0.011001 1.167367 0.001762
v -0.034543 1.187707 0.029084
v -0.011885 1.356121 -0.042455
v -0.007495 1.416158 -0.033878
v -0.019096 1.487833 0.013118
v -0.029388 1.442471 -0.003364
v -0.075024 1.363293 -0.048268
v -0.074733 1.396765 -0.039369
v -0.077100 1.418632 -0.031929
v -0.083277 1.439405 -0.026368
v -0.056911 1.337841 -0.025929
v -0.029412 1.365505 -0.027707
v -0.026129 1.388829 -0.026502
v -0.028001 1.419089 -0.013209
v -0.075024 1.363293 -0.048268
v -0.074519 1.388783 -0.042283
v -0.081747 1.391763 -0.024496
v -0.052646 1.441486 -0.015371
v -0.042329 1.454574 0.014770
v -0.066859 1.468697 0.032051
v -0.066859 1.468697 0.032051
v -0.087283 1.448581 0.010838
v -0.087283 1.448581 0.010838
v -0.002510 1.078187 -0.009393
v -0.011048 1.551080 0.033533
v 0.114714 0.527085 0.064633
v 0.120357 0.852846 0.027206
v 0.144863 0.894172 0.079389
v -0.181015 0.540279 0.046137
v -0.114713 0.527085 0.064633
v -0.164331 0.892918 0.048080
v -0.144862 0.894172 0.079390
v -0.181015 0.540279 0.046137
v 0.215657 0.467663 0.048701
v 0.178108 0.474526 0.129717
v 0.155941 0.474066 0.129308
v 0.189727 0.481063 0.116881
v 0.178108 0.474526 0.129717
v 0.215657 0.467663 0.048701
v 0.141961 0.512193 0.145825
v 0.162429 0.090848 0.070780
v -0.128800 0.485820 0.105393
v -0.120498 0.482973 0.054756
v -0.218140 0.447242 0.051466
v -0.214163 0.141620 0.048391
v -0.193651 0.512527 0.045640
v -0.178106 0.474527 0.129717
v -0.192012 0.487737 0.131818
v -0.192695 0.304971 0.095208
v -0.217174 0.309507 0.050520
v -0.215655 0.467663 0.048702
v -0.135268 0.505163 0.048170
v -0.141959 0.512193 0.145826
v -0.162427 0.090848 0.070781
v 0.077996 1.615934 0.152828
v 0.077996 1.615934 0.152828
v 0.082106 1.667380 0.076430
v 0.000001 1.725729 0.090790
v 0.052485 1.542248 0.132907
v 0.014826 1.538524 0.167876
v 0.069543 1.551301 0.118736
v 0.016510 1.505083 0.166098
v 0.029588 1.490870 0.149449
v 0.072459 1.660838 -0.002095
v 0.072459 1.660838 -0.002095
v 0.000001 1.589623 -0.046715
v -0.081362 1.611899 0.132553
v -0.077994 1.615934 0.152829
v -0.052483 1.542248 0.132907
v -0.085804 1.572661 0.072669
v -0.014824 1.538524 0.167876
v -0.054205 1.558900 0.099146
v -0.029586 1.490871 0.149449
v -0.072457 1.660838 -0.002094
v -0.072457 1.660838 -0.002094
v 0.944476 1.240720 0.209871
v 0.874096 1.289776 0.188008
v 0.872829 1.270015 0.230296
v 0.876210 1.264796 0.111232
v 0.878806 1.259405 0.173354
v 0.933294 1.256129 0.205291
v 0.857148 1.276147 0.226840
v 0.857148 1.276147 0.226840
v 0.888389 1.270980 0.110900
v 0.880417 1.264805 0.074275
v 0.899373 1.216904 0.111272
v 0.758201 1.325019 0.050065
v 0.789242 1.321241 0.158701
v 0.729853 1.316046 0.104760
v 0.760775 1.280745 0.201659
v 0.820433 1.239251 0.243769
v 0.826460 1.240672 0.239556
v -0.874094 1.289775 0.188012
v -0.897055 1.284081 0.209441
v -0.895394 1.271870 0.152763
v -0.876209 1.264796 0.111236
v -0.865793 1.265019 0.126161
v -0.895394 1.271870 0.152763
v -0.933294 1.256129 0.205295
v -0.857147 1.276146 0.226843
v -0.888388 1.270980 0.110904
v -0.888388 1.270980 0.110904
v -0.880417 1.264804 0.074278
v -0.865451 1.259166 0.086314
v -0.741025 1.345642 0.129021
v -0.779907 1.304311 0.163735
v -0.820431 1.239250 0.243772
v 0.232984 0.080635 0.106051
v 0.227575 0.042057 0.011155
v -0.244565 0.017094 0.262528
v -0.294392 0.002407 0.167924
v 0.436444 1.351822 -0.035150
v 0.355788 1.343593 0.024811
v 0.182345 1.380807 -0.010426
v 0.427483 1.344300 0.040504
v 0.445342 1.374503 -0.024194
v 0.425520 1.328446 0.024401
v 0.429234 1.347404 -0.036774
v 0.225396 1.391950 0.043224
v 0.405185 1.376132 -0.024891
v -0.425518 1.328445 0.024402
v -0.355771 1.343520 0.024780
v -0.196135 1.400980 0.046371
v -0.223085 1.385416 -0.009540
v -0.423633 1.366767 0.042731
v -0.429234 1.347403 -0.036772
v -0.225336 1.391674 0.043292
v -0.181394 1.365020 -0.008811
vn 0.9041 -0.3955 0.1617
vn 0.9582 0.0786 0.2752
vn 0.8685 -0.0428 0.4939
vn 0.7649 -0.4275 0.4818
vn 0.7564 -0.6234 0.1980
vn 0.8621 0.3007 -0.4079
vn 0.9872 0.0189 -0.1581
vn 0.9116 -0.0896 -0.4012
vn 0.1582 0.3628 -0.9183
vn 0.1703 0.0421 -0.9845
vn 0.1919 0.4781 -0.8571
vn 0.1877 0.6970 -0.6920
vn 0.4744 -0.2738 0.8367
vn 0.3882 -0.4785 0.7876
vn -0.4715 -0.2934 0.8317
vn -0.3445 0.0390 0.9380
vn -0.3862 -0.5997 0.7009
vn -0.9757 0.2164 0.0326
vn -0.5619 0.5878 -0.5821
vn -0.9763 0.1191 -0.1805
vn -0.9982 0.0589 -0.0057
vn -0.8027 0.5963 0.0023
vn -0.6365 0.7541 -0.1619
vn -0.8545 0.4808 -0.1965
vn -0.8496 0.4307 -0.3044
vn -0.7998 0.4933 -0.3420
vn -0.8752 0.0037 -0.4838
vn -0.6479 0.2898 -0.7045
vn -0.5658 0.8241 -0.0255
vn -0.7172 0.4424 -0.5385
vn -0.8537 0.5181 0.0530
vn -0.9598 0.1280 -0.2496
vn -0.3645 0.3917 -0.8448
vn -0.8385 0.2101 -0.5028
vn -0.7356 0.2796 -0.6170
vn -0.9149 0.2891 -0.2818
vn -0.8946 0.4326 -0.1122
vn -0.9797 0.2003 -0.0029
vn -0.9090 0.3315 -0.2527
vn -0.8906 0.2369 -0.3882
vn -0.4989 -0.7018 0.5086
vn -0.3180 -0.9110 0.2626
vn -0.3702 -0.8814 0.2935
vn -0.6868 -0.1456 0.7121
vn -0.7042 -0.0527 0.7080
vn -0.9066 0.0623 0.4173
vn -0.8780 -0.3088 0.3659
vn -0.3498 0.2339 0.9071
vn -0.3792 0.4581 0.8040
vn -0.4306 0.0522 0.9010
vn -0.6181 0.0091 0.7861
vn -0.8526 0.2629 0.4517
vn -0.9303 0.0912 0.3553
vn -0.2680 -0.3704 0.8894
vn -0.1044 -0.6327 0.7673
vn -0.2457 -0.5169 0.8200
vn -0.5973 0.5526 0.5813
vn -0.9987 0.0454 -0.0231
vn -0.8763 -0.2205 -0.4284
vn -0.0146 -0.2993 -0.9541
vn -0.2513 -0.8038 -0.5392
vn 0.1280 -0.7301 -0.6712
vn 0.1841 0.0135 -0.9828
vn 0.2450 -0.2776 -0.9289
vn -0.4672 0.8686 -0.1653
vn -0.0110 -0.9920 -0.1256
vn -0.3821 -0.9018 0.2020
vn -0.1167 -0.9814 -0.1525
vn 0.1515 -0.5275 -0.8360
vn 0.0917 -0.6139 -0.7840
vn 0.0565 -0.4519 -0.8903
vn 0.0309 -0.5551 -0.8312
vn -0.2337 -0.0613 -0.9704
vn 0.0965 -0.8338 -0.5436
vn 0.0722 -0.8803 -0.4689
vn 0.0288 -0.9167 -0.3985
vn 0.0282 -0.9995 -0.0140
vn -0.0822 -0.9966 0.0089
vn 0.1594 -0.6238 -0.7651
vn 0.1542 -0.8589 -0.4883
vn 0.2552 -0.5097 -0.8217
vn 0.2329 -0.7816 -0.5786
vn 0.2452 -0.6877 -0.6834
vn 0.2946 -0.6469 -0.7034
vn 0.3141 -0.3737 -0.8727
vn 0.3032 -0.5876 -0.7502
vn 0.3021 -0.7332 -0.6092
vn 0.3216 -0.6179 -0.7175
vn 0.2742 -0.5838 -0.7642
vn 0.3951 0.0370 -0.9179
vn 0.3215 -0.4274 -0.8450
vn 0.3646 0.3020 -0.8809
vn 0.3704 0.4385 -0.8188
vn 0.3143 0.6368 -0.7041
vn 0.2591 0.4928 -0.8307
vn 0.0420 0.9955 0.0852
vn 0.1312 0.9799 -0.1502
vn 0.1718 0.9453 -0.2772
vn 0.0394 0.9841 0.1733
vn 0.1960 0.9465 -0.2565
vn 0.1960 0.8826 -0.4273
vn 0.1196 0.9661 -0.2289
vn 0.2424 0.7562 -0.6077
vn 0.1678 0.9394 -0.2991
vn 0.1568 0.9866 -0.0453
vn 0.0947 0.9763 0.1947
vn 0.1231 0.9919 -0.0327
vn -0.0580 0.8089 0.5851
vn 0.0396 0.9496 0.3110
vn 0.7648 0.3314 0.5525
vn 0.8240 0.4900 0.2844
vn -0.1702 0.7232 0.6693
vn -0.2299 0.4551 0.8602
vn -0.3412 0.3549 0.8704
vn 0.6325 0.0344 0.7738
vn 0.6463 -0.6876 0.3310
vn 0.6664 -0.6985 0.2607
vn 0.7869 -0.5668 0.2441
vn 0.8508 -0.5010 0.1586
vn 0.9216 -0.3028 0.2427
vn 0.9645 0.1899 0.1832
vn 0.9485 0.2815 0.1451
vn 0.8018 0.5946 0.0602
vn 0.8744 0.4752 0.0983
vn 0.8681 0.4951 -0.0363
vn 0.0964 0.9829 -0.1571
vn 0.0904 0.9957 -0.0186
vn 0.1278 0.9600 -0.2492
vn 0.1441 0.9359 -0.3214
vn 0.2430 0.7072 -0.6639
vn 0.2307 -0.2217 -0.9474
vn 0.1904 -0.5157 -0.8354
vn 0.3105 -0.2826 -0.9076
vn 0.2447 -0.6838 -0.6874
vn 0.0787 -0.9919 -0.0995
vn 0.1028 -0.9936 -0.0475
vn -0.0461 -0.8095 0.5854
vn -0.1063 -0.8039 0.5852
vn -0.1776 -0.1450 0.9734
vn -0.1929 -0.0779 0.9781
vn -0.2356 -0.7710 0.5917
vn -0.1909 0.1930 0.9624
vn -0.1244 0.1282 0.9839
vn -0.1780 -0.0688 0.9816
vn -0.3008 -0.3701 0.8789
vn -0.0097 -0.4211 0.9070
vn -0.1547 -0.7621 0.6287
vn -0.1375 -0.7615 0.6334
vn -0.2725 -0.0116 0.9621
vn -0.2297 -0.3601 0.9042
vn -0.0826 -0.8665 0.4924
vn -0.2564 -0.6470 0.7181
vn -0.1196 -0.9358 0.3316
vn 0.0364 -0.9764 -0.2127
vn 0.2046 -0.5816 -0.7873
vn 0.0321 -0.9330 -0.3585
vn 0.0716 -0.6239 -0.7782
vn 0.1111 -0.7139 -0.6914
vn 0.1932 -0.4183 -0.8875
vn 0.0737 -0.5295 -0.8451
vn -0.0182 -0.6450 -0.7640
vn 0.1164 -0.1612 -0.9800
vn 0.8892 -0.4333 -0.1469
vn 0.7451 -0.6586 0.1055
vn -0.0191 -0.8502 -0.5262
vn 0.9522 -0.2769 0.1290
vn -0.1940 -0.9746 0.1118
vn -0.1690 -0.9408 0.2939
vn -0.3332 -0.4801 0.8115
vn -0.3128 -0.8066 0.5016
vn -0.3101 -0.9124 0.2670
vn -0.2227 -0.9341 0.2790
vn -0.2044 -0.9005 0.3837
vn -0.1818 -0.8918 0.4143
vn -0.2664 -0.5569 0.7867
vn -0.1752 -0.8526 0.4922
vn -0.2629 0.0513 0.9635
vn -0.2870 0.2149 0.9335
vn -0.2673 0.6284 0.7305
vn -0.1705 0.7190 0.6738
vn -0.0599 0.9907 0.1222
vn 0.2439 0.8725 -0.4234
vn 0.2024 0.7889 -0.5803
vn 0.0653 0.8255 -0.5607
vn -0.1871 0.9457 0.2656
vn 0.3385 0.5838 -0.7379
vn 0.2288 0.6554 -0.7198
vn 0.1319 0.9704 -0.2021
vn 0.0548 0.9845 -0.1666
vn 0.0887 0.8458 -0.5261
vn 0.0866 0.9849 -0.1499
vn 0.1382 0.9051 -0.4021
vn 0.0558 0.9768 -0.2068
vn 0.1861 0.8008 -0.5693
vn 0.2348 0.7234 -0.6492
vn 0.2540 0.6166 -0.7452
vn -0.0285 0.5334 -0.8454
vn -0.2196 0.8245 -0.5215
vn 0.3770 0.2067 -0.9028
vn 0.3811 -0.1866 -0.9055
vn 0.3804 0.0431 -0.9238
vn 0.2036 0.8497 -0.4863
vn 0.3742 -0.3295 -0.8668
vn 0.3366 0.6444 -0.6866
vn 0.2360 0.9347 -0.2657
vn 0.0269 0.9129 0.4073
vn 0.0143 0.8822 0.4707
vn -0.1158 0.6091 0.7846
vn -0.2271 0.2095 0.9511
vn -0.3060 -0.3477 0.8863
vn -0.2635 -0.8816 0.3915
vn -0.3135 -0.8826 0.3503
vn -0.4277 -0.7433 0.5144
vn -0.3403 -0.8982 0.2781
vn -0.3284 -0.9166 0.2281
vn -0.2797 -0.6169 0.7356
vn -0.1626 0.5100 0.8447
vn 0.0575 0.9869 0.1509
vn 0.7326 -0.6357 0.2435
vn -0.4259 0.0435 0.9037
vn 0.3042 -0.8247 -0.4767
vn 0.0627 -0.9414 -0.3313
vn -0.8389 -0.4605 -0.2901
vn -0.1356 -0.9115 -0.3884
vn -0.2031 -0.9286 -0.3105
vn -0.4979 -0.1234 -0.8584
vn -0.8381 -0.4167 -0.3520
vn -0.4723 0.1154 -0.8739
vn -0.4682 -0.1928 0.8624
vn -0.5030 -0.0922 0.8593
vn -0.9041 -0.3955 0.1618
vn -0.8685 -0.0428 0.4939
vn -0.9582 0.0786 0.2752
vn -0.7649 -0.4275 0.4818
vn -0.8621 0.3007 -0.4079
vn -0.9116 -0.0896 -0.4012
vn -0.9872 0.0189 -0.1581
vn -0.1582 0.3627 -0.9184
vn -0.1704 0.0419 -0.9845
vn -0.1164 -0.1612 -0.9800
vn -0.1877 0.6970 -0.6921
vn -0.1919 0.4779 -0.8572
vn -0.3882 -0.4784 0.7877
vn -0.4744 -0.2737 0.8367
vn 0.4715 -0.2933 0.8316
vn 0.3445 0.0391 0.9380
vn 0.4259 0.0435 0.9037
vn 0.9757 0.2167 0.0325
vn 0.5619 0.5878 -0.5821
vn 0.6365 0.7541 -0.1618
vn 0.9982 0.0590 -0.0060
vn 0.9763 0.1192 -0.1806
vn 0.8027 0.5964 0.0022
vn 0.9783 0.1991 0.0575
vn 0.8514 0.4312 -0.2987
vn 0.8582 0.4795 -0.1834
vn 0.8017 0.4948 -0.3353
vn 0.8751 0.0076 -0.4839
vn 0.9991 0.0379 -0.0190
vn 0.6472 0.2957 -0.7026
vn 0.7171 0.4425 -0.5385
vn 0.5658 0.8241 -0.0255
vn 0.8537 0.5181 0.0531
vn 0.9601 0.1273 -0.2491
vn 0.3644 0.3917 -0.8448
vn 0.4703 0.6698 -0.5746
vn 0.7358 0.2827 -0.6154
vn 0.8991 0.4263 -0.0997
vn 0.9164 0.2876 -0.2783
vn 0.9806 0.1962 0.0019
vn 0.9094 0.3319 -0.2506
vn 0.8908 0.2369 -0.3877
vn 0.4919 -0.7205 0.4889
vn 0.3101 -0.9206 0.2373
vn 0.3732 -0.9103 0.1793
vn 0.6811 -0.1669 0.7129
vn 0.6999 -0.0562 0.7120
vn 0.4929 -0.1035 0.8639
vn 0.8742 -0.3282 0.3578
vn 0.9061 0.0443 0.4207
vn 0.3791 0.4580 0.8041
vn 0.3497 0.2338 0.9072
vn 0.4304 0.0522 0.9011
vn 0.6159 0.0118 0.7877
vn 0.8525 0.2629 0.4517
vn 0.5973 0.5526 0.5813
vn 0.2677 -0.3703 0.8895
vn 0.2454 -0.5167 0.8203
vn 0.1042 -0.6324 0.7676
vn 0.1374 -0.7612 0.6338
vn 0.0146 -0.2993 -0.9541
vn 0.8763 -0.2205 -0.4283
vn 0.2517 -0.8040 -0.5387
vn -0.1281 -0.7301 -0.6712
vn -0.2450 -0.2775 -0.9289
vn -0.1841 0.0136 -0.9828
vn 0.4722 0.1153 -0.8739
vn 0.4672 0.8686 -0.1653
vn 0.5941 0.7941 -0.1283
vn 0.8394 0.2094 -0.5015
vn 0.0028 -0.9889 -0.1486
vn 0.1090 -0.9784 -0.1758
vn -0.0951 -0.6074 -0.7887
vn -0.1523 -0.5231 -0.8386
vn -0.0563 -0.4510 -0.8907
vn -0.0297 -0.5538 -0.8321
vn 0.0275 -0.5306 -0.8472
vn 0.2337 -0.0559 -0.9707
vn 0.4960 -0.1145 -0.8607
vn -0.0987 -0.8272 -0.5531
vn -0.0322 -0.9145 -0.4033
vn -0.0292 -0.9995 -0.0150
vn -0.1540 -0.8590 -0.4883
vn -0.0762 -0.8725 -0.4826
vn -0.1597 -0.6231 -0.7657
vn -0.2552 -0.5097 -0.8216
vn -0.2328 -0.7818 -0.5785
vn -0.3141 -0.3736 -0.8728
vn -0.2455 -0.6878 -0.6831
vn -0.2946 -0.6467 -0.7035
vn -0.3033 -0.5873 -0.7504
vn -0.3023 -0.7330 -0.6094
vn -0.3217 -0.6173 -0.7179
vn -0.2742 -0.5834 -0.7645
vn -0.3215 -0.4268 -0.8453
vn -0.3951 0.0377 -0.9179
vn -0.3644 0.3024 -0.8808
vn -0.3703 0.4391 -0.8186
vn -0.3142 0.6369 -0.7040
vn -0.2591 0.4928 -0.8307
vn -0.2430 0.7072 -0.6639
vn -0.1313 0.9799 -0.1503
vn -0.0420 0.9955 0.0855
vn -0.1717 0.9455 -0.2768
vn -0.0395 0.9841 0.1732
vn -0.1958 0.9465 -0.2565
vn -0.1196 0.9661 -0.2289
vn -0.1960 0.8826 -0.4274
vn -0.2424 0.7561 -0.6079
vn -0.1678 0.9393 -0.2991
vn -0.1569 0.9866 -0.0456
vn -0.0947 0.9763 0.1946
vn -0.1231 0.9918 -0.0327
vn -0.0397 0.9496 0.3110
vn 0.0580 0.8089 0.5850
vn -0.7648 0.3314 0.5525
vn 0.1702 0.7232 0.6694
vn 0.2299 0.4552 0.8602
vn -0.6325 0.0345 0.7738
vn -0.6462 -0.6876 0.3311
vn -0.7565 -0.6234 0.1980
vn -0.7869 -0.5668 0.2441
vn -0.6664 -0.6985 0.2607
vn -0.9216 -0.3027 0.2427
vn -0.8507 -0.5011 0.1587
vn -0.9645 0.1899 0.1832
vn -0.9522 -0.2769 0.1291
vn -0.9485 0.2815 0.1452
vn -0.8018 0.5946 0.0602
vn -0.8240 0.4900 0.2844
vn -0.8744 0.4752 0.0983
vn -0.8681 0.4951 -0.0363
vn -0.0964 0.9829 -0.1571
vn -0.0905 0.9957 -0.0188
vn -0.1277 0.9600 -0.2493
vn -0.1441 0.9359 -0.3215
vn -0.1904 -0.5156 -0.8354
vn -0.2306 -0.2216 -0.9475
vn -0.3105 -0.2828 -0.9075
vn -0.2446 -0.6842 -0.6870
vn -0.0784 -0.9920 -0.0988
vn 0.0462 -0.8092 0.5857
vn -0.1027 -0.9936 -0.0471
vn 0.1040 -0.8055 0.5834
vn 0.1776 -0.1445 0.9734
vn 0.2256 -0.7817 0.5814
vn 0.1931 -0.0825 0.9777
vn 0.0712 -0.9975 -0.0026
vn 0.1909 0.1934 0.9624
vn 0.1781 -0.0730 0.9813
vn 0.1231 0.1288 0.9840
vn 0.0053 -0.4122 0.9111
vn 0.1547 -0.7617 0.6292
vn 0.1752 -0.8523 0.4929
vn 0.2725 -0.0107 0.9621
vn 0.2298 -0.3591 0.9046
vn 0.0828 -0.8660 0.4931
vn 0.2565 -0.6464 0.7186
vn 0.1199 -0.9355 0.3325
vn -0.0362 -0.9766 -0.2120
vn -0.2045 -0.5821 -0.7870
vn -0.0321 -0.9331 -0.3582
vn -0.1111 -0.7142 -0.6911
vn -0.0716 -0.6241 -0.7780
vn -0.1932 -0.4187 -0.8873
vn -0.0738 -0.5295 -0.8451
vn 0.0180 -0.6451 -0.7639
vn -0.8892 -0.4333 -0.1469
vn 0.0190 -0.8503 -0.5260
vn 0.1941 -0.9746 0.1120
vn 0.1692 -0.9406 0.2944
vn 0.3130 -0.8064 0.5018
vn 0.3333 -0.4795 0.8118
vn 0.3103 -0.9124 0.2670
vn 0.2046 -0.9002 0.3844
vn 0.2230 -0.9339 0.2795
vn 0.1820 -0.8914 0.4151
vn 0.2663 -0.5567 0.7869
vn 0.2799 -0.6165 0.7360
vn 0.2629 0.0515 0.9635
vn 0.2870 0.2146 0.9336
vn 0.2673 0.6283 0.7306
vn 0.1706 0.7188 0.6740
vn 0.0598 0.9907 0.1222
vn -0.0575 0.9869 0.1508
vn -0.2442 0.8725 -0.4233
vn -0.0655 0.8255 -0.5606
vn -0.2027 0.7889 -0.5801
vn 0.1871 0.9457 0.2656
vn -0.3385 0.5841 -0.7378
vn -0.2290 0.6556 -0.7195
vn -0.1318 0.9706 -0.2015
vn -0.0888 0.8458 -0.5260
vn -0.0547 0.9846 -0.1663
vn -0.0864 0.9850 -0.1494
vn -0.0557 0.9768 -0.2068
vn -0.1381 0.9052 -0.4018
vn -0.1861 0.8009 -0.5692
vn -0.2349 0.7235 -0.6491
vn 0.0285 0.5335 -0.8453
vn 0.2196 0.8245 -0.5215
vn -0.3771 0.2072 -0.9027
vn -0.3805 0.0433 -0.9238
vn -0.3813 -0.1862 -0.9055
vn -0.2035 0.8500 -0.4858
vn -0.3743 -0.3294 -0.8668
vn -0.3364 0.6443 -0.6869
vn -0.2359 0.9346 -0.2662
vn -0.0270 0.9130 0.4070
vn -0.0144 0.8823 0.4705
vn 0.1158 0.6092 0.7845
vn 0.2273 0.2097 0.9510
vn 0.3062 -0.3475 0.8863
vn 0.3864 -0.5996 0.7008
vn 0.2639 -0.8814 0.3918
vn 0.3137 -0.8825 0.3505
vn 0.4278 -0.7432 0.5144
vn 0.3404 -0.8982 0.2781
vn 0.1625 0.5101 0.8446
vn -0.7450 -0.6586 0.1055
vn 0.3412 0.3549 0.8704
vn -0.3043 -0.8247 -0.4768
vn -0.0617 -0.9417 -0.3307
vn 0.1367 -0.9118 -0.3872
vn 0.8389 -0.4608 -0.2896
vn 0.1966 -0.9238 -0.3285
vn 0.8356 -0.4140 -0.3610
vn 0.4577 -0.1902 0.8685
vn 0.9295 0.0930 0.3568
vn 0.3231 -0.0986 0.9412
vn -0.3832 0.1108 0.9170
vn 0.0908 0.1164 0.9890
vn -0.0000 0.6905 0.7234
vn 0.1653 0.5490 0.8193
vn -0.1167 0.7407 0.6616
vn 0.3683 0.4480 0.8147
vn 0.5743 0.3750 0.7277
vn -0.0000 0.5124 0.8588
vn 0.8596 0.5026 -0.0920
vn 0.9216 -0.3780 -0.0884
vn 0.3819 0.8028 -0.4579
vn 0.0114 0.4219 -0.9066
vn 0.4468 0.1780 -0.8768
vn 0.6348 0.2833 -0.7189
vn 0.6646 0.2636 -0.6992
vn 0.7859 -0.3668 0.4978
vn 0.9257 -0.0621 0.3730
vn 0.9672 0.1079 0.2300
vn 0.8760 0.4352 0.2080
vn 0.4810 0.8377 -0.2586
vn 0.8229 0.1442 -0.5495
vn 0.5898 -0.1351 -0.7961
vn 0.6271 -0.0188 -0.7787
vn -0.3215 0.5283 -0.7858
vn -0.8008 0.1155 -0.5877
vn 0.0712 0.2777 -0.9580
vn 0.1723 0.1990 -0.9647
vn 0.6157 0.1547 -0.7727
vn 0.5472 0.1874 -0.8158
vn 0.3815 -0.8530 -0.3561
vn 0.9510 -0.3049 -0.0523
vn 0.5723 -0.6232 -0.5330
vn 0.5270 0.2814 -0.8019
vn 0.2665 0.4129 -0.8709
vn 0.1898 0.1265 -0.9736
vn -0.1899 0.5082 -0.8400
vn -0.2798 0.2906 -0.9150
vn -0.1809 0.7711 -0.6105
vn 0.5671 0.3329 -0.7533
vn 0.5076 0.3233 -0.7986
vn 0.6794 0.3156 -0.6624
vn 0.0300 0.9920 -0.1230
vn -0.2243 0.8909 -0.3950
vn -0.5565 0.4491 -0.6990
vn -0.5268 0.5081 -0.6814
vn -0.7550 0.3186 -0.5731
vn 0.6841 -0.7170 0.1341
vn 0.7633 -0.4378 0.4751
vn 0.5143 -0.7153 0.4731
vn 0.0565 -0.0718 0.9958
vn 0.5363 -0.7670 0.3522
vn 0.1611 -0.4093 0.8981
vn 0.8865 -0.3130 0.3408
vn 0.8551 -0.0899 0.5106
vn 0.9421 0.0406 0.3330
vn 0.7182 -0.3728 0.5875
vn 0.7207 0.3047 0.6227
vn 0.7708 -0.6342 0.0607
vn 0.9035 -0.3328 -0.2700
vn 0.6241 -0.7320 0.2732
vn 0.8334 -0.4091 0.3716
vn 0.9664 0.2182 0.1356
vn 0.9829 0.1311 0.1294
vn 0.9213 0.2511 0.2970
vn 0.9797 0.1538 0.1290
vn 0.9759 0.2162 0.0297
vn 0.9474 0.2747 0.1639
vn 0.9779 0.2051 -0.0394
vn 0.9124 0.3522 -0.2084
vn 0.9778 0.1762 0.1134
vn 0.5165 0.1750 0.8382
vn 0.9466 -0.1238 0.2978
vn 0.8840 -0.4393 0.1599
vn 0.8578 -0.4894 -0.1571
vn -0.6481 0.2572 -0.7168
vn -0.5022 0.4833 -0.7171
vn -0.5385 0.0375 -0.8418
vn 0.3764 0.5558 -0.7412
vn 0.1870 -0.0427 -0.9814
vn -0.1622 0.0831 -0.9832
vn -0.0559 0.5143 -0.8558
vn -0.3454 -0.4796 -0.8067
vn -0.1560 -0.8045 -0.5731
vn 0.0497 -0.2430 -0.9688
vn 0.2218 -0.3991 -0.8897
vn -0.3380 0.8292 0.4452
vn -0.6831 0.5834 0.4393
vn -0.5145 0.8434 0.1551
vn -0.9058 0.4199 -0.0560
vn -0.7195 0.6820 -0.1313
vn -0.7017 0.6305 0.3319
vn -0.8889 0.3086 0.3385
vn -0.7430 0.4253 0.5168
vn -0.6289 0.5116 -0.5854
vn -0.8606 0.1412 -0.4894
vn -0.0000 0.3374 -0.9414
vn -0.5319 0.4897 -0.6908
vn -0.0000 -0.2732 -0.9620
vn 0.2407 -0.2509 0.9376
vn -0.0000 -0.4454 0.8953
vn 0.1873 -0.5118 0.8384
vn 0.2881 -0.3241 0.9011
vn 0.0436 -0.4914 0.8698
vn 0.2362 -0.4500 0.8612
vn -0.0000 -0.6917 0.7222
vn -0.0407 -0.4201 0.9065
vn 0.0582 0.9790 -0.1953
vn 0.0659 0.9827 -0.1730
vn 0.0244 0.9889 -0.1468
vn 0.5605 -0.1375 0.8167
vn 0.8179 0.4969 0.2901
vn 0.8800 -0.2454 0.4067
vn 0.6819 0.3232 0.6562
vn 0.5896 -0.7794 -0.2120
vn -0.0041 -0.7531 -0.6578
vn 0.3679 -0.7528 -0.5458
vn -0.5483 -0.6632 -0.5094
vn -0.5013 -0.5354 -0.6798
vn 0.6336 -0.2603 -0.7285
vn 0.8036 0.0982 -0.5870
vn 0.8831 -0.1197 -0.4537
vn 0.8238 -0.5580 0.1001
vn 0.8780 0.0652 -0.4742
vn 0.9462 -0.1868 -0.2642
vn 0.5897 -0.7731 -0.2334
vn 0.4444 -0.8101 -0.3824
vn 0.4478 -0.8639 -0.2306
vn -0.9261 0.0708 -0.3707
vn -0.5553 -0.1743 -0.8132
vn 0.8654 -0.4581 0.2032
vn 0.8850 0.0128 -0.4653
vn 0.8230 0.1061 -0.5581
vn 0.9044 0.0715 -0.4208
vn 0.9226 0.1508 -0.3551
vn 0.4442 0.1169 -0.8883
vn 0.5468 0.0175 -0.8371
vn 0.7269 0.1721 -0.6648
vn 0.3177 0.4217 0.8492
vn 0.2520 0.3481 0.9029
vn -0.7079 0.5439 0.4506
vn -0.7340 0.3365 0.5899
vn -0.8270 0.3723 0.4212
vn -0.6921 0.5105 0.5103
vn -0.4601 0.8850 -0.0718
vn -0.3993 0.9147 -0.0619
vn -0.1036 0.6531 0.7501
vn 0.4249 0.9021 0.0756
vn 0.1862 0.5595 -0.8076
vn -0.0000 0.1291 0.9916
vn 0.1528 0.3319 0.9309
vn -0.0000 0.3446 0.9387
vn -0.0000 0.9943 0.1068
vn 0.1750 0.9519 0.2515
vn 0.2040 0.9755 0.0826
vn 0.9082 0.1894 0.3732
vn 0.8261 0.4440 0.3470
vn 0.8769 0.1583 0.4539
vn 0.1196 0.0369 0.9921
vn 0.2531 0.3615 0.8973
vn -0.0355 0.6928 0.7202
vn -0.0000 0.6750 0.7378
vn -0.5166 0.3944 0.7600
vn -0.0000 0.5352 0.8447
vn -0.4403 0.5269 0.7270
vn -0.3458 0.6729 -0.6539
vn -0.2359 0.6084 -0.7577
vn -0.2711 0.9292 -0.2510
vn 0.1343 0.6072 0.7831
vn -0.1034 0.9191 0.3802
vn 0.0796 0.7969 0.5988
vn -0.0000 -0.6549 -0.7557
vn 0.0824 -0.6370 -0.7665
vn -0.0000 -0.5210 -0.8536
vn 0.0983 -0.7819 -0.6156
vn 0.3267 -0.9411 -0.0877
vn 0.3585 -0.9309 -0.0705
vn -0.3752 0.0758 -0.9238
vn 0.0696 -0.4450 -0.8928
vn 0.5994 0.4248 0.6784
vn 0.5567 0.3272 0.7636
vn 0.8731 0.2030 0.4433
vn 0.9412 0.1627 0.2961
vn 0.9892 0.0474 0.1389
vn -0.0407 0.9432 0.3297
vn 0.0794 0.5999 0.7961
vn 0.1230 0.4725 0.8727
vn 0.2707 0.3199 0.9080
vn 0.7686 0.1176 0.6288
vn 0.9929 -0.0579 0.1043
vn 0.9993 -0.0371 0.0060
vn -0.0397 -0.7512 -0.6589
vn 0.2930 -0.9498 0.1102
vn -0.0659 -0.7012 -0.7099
vn 0.4602 -0.7280 0.5082
vn 0.4616 -0.8246 0.3271
vn -0.0000 -0.5123 -0.8588
vn 0.1007 -0.5817 -0.8072
vn 0.2778 -0.4165 -0.8657
vn 0.9991 -0.0219 -0.0377
vn 0.9991 -0.0218 -0.0377
vn 0.9996 0.0299 -0.0010
vn -0.0000 -0.1840 -0.9829
vn 0.2662 -0.0864 -0.9600
vn -0.1007 -0.1240 -0.9872
vn -0.0282 0.4166 -0.9086
vn -0.2310 0.5295 -0.8162
vn -0.0819 0.8746 -0.4779
vn 0.0253 -0.1615 -0.9865
vn 0.0999 -0.8389 -0.5350
vn -0.0000 -0.2117 -0.9773
vn 0.2011 -0.1679 -0.9651
vn 0.3012 -0.3336 -0.8933
vn 0.9939 -0.0306 -0.1060
vn 0.9812 -0.1201 -0.1511
vn 0.8737 0.3019 0.3814
vn 0.6432 0.6606 0.3872
vn -0.0000 -0.5810 0.8139
vn 0.0663 -0.8130 0.5784
vn 0.2559 -0.5398 0.8020
vn -0.4506 -0.5344 0.7152
vn -0.3930 -0.7493 0.5330
vn -0.0837 -0.7602 0.6443
vn -0.2050 0.4616 0.8631
vn -0.8733 -0.0058 0.4871
vn -0.4023 -0.4071 0.8200
vn 0.5636 -0.7280 -0.3904
vn -0.0377 -0.1663 -0.9853
vn -0.7681 -0.6011 0.2207
vn -0.8434 -0.4548 0.2861
vn -0.8624 -0.5048 0.0387
vn -0.8162 -0.5774 -0.0197
vn -0.8252 -0.5645 -0.0204
vn -0.7532 -0.6565 0.0424
vn 0.5568 0.4677 -0.6865
vn 0.7132 0.4047 -0.5724
vn 0.6470 0.5926 -0.4798
vn -0.8272 -0.5451 0.1365
vn -0.8736 -0.4773 -0.0951
vn -0.9510 -0.2488 0.1836
vn 0.5702 -0.6280 0.5297
vn 0.5291 -0.8282 0.1849
vn 0.6706 -0.6296 0.3923
vn 0.4250 0.5278 -0.7354
vn 0.2088 0.3547 -0.9113
vn 0.4539 0.1972 -0.8689
vn 0.8391 0.0077 0.5439
vn 0.9458 -0.0406 0.3221
vn 0.8502 -0.1245 0.5115
vn 0.9197 0.0356 0.3911
vn 0.9905 0.0357 0.1327
vn -0.1935 0.9803 0.0409
vn -0.5659 -0.0556 -0.8226
vn -0.6064 0.3208 -0.7275
vn -0.7675 0.1985 -0.6095
vn -0.8770 -0.4373 -0.1994
vn -0.9005 -0.4345 0.0178
vn 0.6056 -0.6393 0.4738
vn 0.5786 -0.7817 0.2327
vn 0.5461 -0.8373 0.0276
vn 0.4989 0.1563 0.8525
vn 0.5116 0.3363 0.7907
vn 0.2106 -0.9489 0.2349
vn 0.2342 -0.8906 0.3900
vn 0.0756 -0.9793 0.1878
vn -0.3646 -0.5347 -0.7623
vn -0.3463 -0.7688 -0.5376
vn -0.2058 -0.7309 -0.6507
vn -0.3269 -0.7577 -0.5648
vn -0.0190 -0.6586 -0.7523
vn -0.1347 -0.5802 -0.8032
vn 0.5650 -0.3498 0.7473
vn 0.5615 -0.4631 0.6858
vn 0.4033 0.4719 0.7840
vn 0.4236 0.5606 0.7115
vn 0.8253 0.2957 0.4810
vn -0.8216 -0.5588 -0.1128
vn -0.8193 -0.4002 -0.4106
vn 0.6883 -0.7087 0.1551
vn 0.0252 -0.8411 -0.5403
vn 0.1968 -0.8928 -0.4051
vn -0.1878 0.9748 -0.1200
vn -0.0221 0.9508 0.3089
vn -0.2013 0.9779 0.0561
vn 0.8268 -0.2505 0.5036
vn 0.4135 -0.7458 0.5224
vn -0.9571 0.2129 0.1967
vn -0.9136 0.0804 0.3987
vn -0.9634 -0.2073 0.1700
vn -0.8474 -0.4679 0.2509
vn 0.6670 0.5180 0.5355
vn 0.2306 0.6253 0.7455
vn 0.2399 0.6981 0.6747
vn -0.9878 -0.0930 0.1248
vn -0.8266 -0.3910 0.4049
vn -0.7929 -0.4206 0.4409
vn 0.3580 -0.5358 0.7647
vn -0.0000 -0.5458 0.8379
vn 0.4820 -0.6016 0.6370
vn -0.0126 -0.9041 0.4272
vn 0.2795 -0.7787 0.5617
vn 0.1192 -0.0239 0.9926
vn 0.1075 0.7424 0.6613
vn 0.0666 0.8541 0.5158
vn 0.3840 0.0571 0.9216
vn 0.8124 0.0898 0.5761
vn 0.4199 0.1794 0.8896
vn -0.0314 0.9995 0.0008
vn 0.3107 0.5877 0.7470
vn 0.2043 0.8951 0.3962
vn 0.2437 0.8407 0.4835
vn 0.8381 0.0186 0.5453
vn 0.5978 -0.0332 0.8009
vn 0.9425 -0.0345 0.3325
vn 0.2101 0.2181 0.9531
vn 0.1708 -0.2104 0.9626
vn 0.2971 -0.2059 0.9324
vn -0.0000 -0.0876 0.9962
vn 0.3216 -0.0576 0.9451
vn -0.0000 -0.0804 0.9968
vn 0.9756 0.0322 0.2170
vn 0.9482 0.0541 0.3132
vn 0.9706 -0.0065 0.2405
vn 0.6640 -0.2450 -0.7064
vn 0.7351 -0.3034 -0.6063
vn 0.6811 -0.1897 -0.7072
vn 0.3469 0.6907 0.6345
vn 0.1979 0.9411 0.2740
vn 0.4381 0.3796 0.8149
vn 0.2753 -0.7914 -0.5458
vn -0.0856 -0.8058 -0.5859
vn 0.0347 -0.9629 -0.2676
vn 0.3524 -0.2060 0.9129
vn 0.5655 0.2324 0.7913
vn 0.5179 -0.4576 0.7228
vn 0.1342 -0.9022 0.4100
vn 0.2702 -0.9204 0.2826
vn -0.0727 -0.2773 -0.9580
vn 0.0368 -0.3009 -0.9529
vn 0.0636 0.0074 -0.9980
vn -0.1802 -0.3348 -0.9249
vn 0.3299 -0.4521 -0.8287
vn 0.1935 -0.2548 -0.9475
vn 0.0472 -0.9966 0.0675
vn 0.6017 -0.2914 -0.7437
vn -0.0501 0.6085 -0.7919
vn -0.1539 0.0703 -0.9856
vn 0.3588 0.3837 0.8509
vn 0.2961 0.9455 0.1352
vn -0.6688 0.2429 -0.7026
vn 0.0511 0.2042 -0.9776
vn 0.1071 -0.0503 -0.9930
vn 0.0820 0.1744 -0.9813
vn 0.8060 -0.5650 0.1762
vn 0.8212 -0.5698 0.0312
vn 0.0622 0.8414 -0.5369
vn -0.1161 0.6679 -0.7351
vn 0.1349 0.5968 -0.7909
vn -0.0000 0.0359 -0.9994
vn 0.3083 -0.0437 -0.9503
vn 0.3024 -0.0825 -0.9496
vn -0.0442 -0.0734 -0.9963
vn 0.1800 -0.1173 -0.9766
vn 0.1695 -0.8012 -0.5739
vn 0.2980 0.1251 -0.9463
vn -0.0000 0.0171 -0.9999
vn 0.4463 0.0072 -0.8949
vn -0.0310 0.6486 -0.7605
vn -0.0512 0.9237 -0.3797
vn -0.3245 0.5229 -0.7882
vn -0.3639 -0.0203 -0.9312
vn -0.9485 0.0916 0.3033
vn -0.9719 0.0985 0.2136
vn -0.8306 0.2758 0.4838
vn 0.0390 0.9842 -0.1726
vn 0.0770 0.9966 0.0286
vn 0.0854 0.9957 0.0352
vn -0.0775 0.9954 -0.0568
vn 0.7717 -0.5681 0.2858
vn 0.6095 -0.5846 0.5354
vn 0.4272 -0.5513 0.7167
vn 0.2024 -0.9789 0.0295
vn -0.1091 -0.8006 0.5892
vn -0.0122 -0.3131 0.9497
vn 0.2534 0.9334 0.2539
vn 0.4172 0.8897 -0.1855
vn 0.2571 0.9271 0.2726
vn -0.2443 0.5901 0.7695
vn 0.1181 0.4968 0.8598
vn -0.3922 -0.5963 -0.7004
vn 0.1094 -0.3371 -0.9351
vn -0.2492 0.0780 -0.9653
vn -0.1655 0.4810 -0.8609
vn -0.9283 -0.3110 0.2036
vn -0.7557 -0.6514 0.0679
vn -0.9082 -0.3152 0.2752
vn -0.9623 -0.1597 0.2204
vn -0.0614 -0.9794 0.1924
vn 0.5855 -0.2328 -0.7765
vn 0.4958 -0.2093 -0.8428
vn 0.6688 -0.1112 -0.7350
vn -0.1522 -0.9392 -0.3078
vn -0.8661 -0.4971 0.0525
vn -0.1794 -0.8537 -0.4889
vn -0.5719 -0.6862 0.4495
vn -0.3265 -0.9393 0.1052
vn 0.5515 0.5631 0.6154
vn 0.3773 0.7016 0.6045
vn 0.2654 0.6619 0.7010
vn 0.6887 0.2576 0.6777
vn 0.8535 0.1591 0.4962
vn 0.8229 0.3225 0.4678
vn -0.0998 0.8127 0.5740
vn 0.1987 0.6503 0.7333
vn -0.2658 0.9616 0.0689
vn 0.0063 0.8923 0.4514
vn 0.1502 0.8663 0.4764
vn 0.3600 -0.1443 0.9217
vn 0.4553 -0.0830 0.8864
vn 0.3661 0.0921 0.9260
vn 0.1023 -0.8154 -0.5698
vn 0.3057 -0.9430 -0.1318
vn -0.7293 0.5243 -0.4396
vn -0.5646 0.2767 -0.7776
vn 0.3128 0.6348 -0.7065
vn 0.6450 0.5794 -0.4982
vn 0.8656 0.3067 -0.3957
vn 0.0051 -0.2221 -0.9750
vn -0.0491 -0.1059 -0.9932
vn 0.0495 -0.0866 -0.9950
vn 0.1062 0.1164 -0.9875
vn -0.1460 -0.0257 -0.9890
vn -0.3064 -0.2033 -0.9300
vn 0.1801 0.2842 0.9417
vn 0.3371 0.4738 0.8136
vn 0.2904 0.2140 0.9327
vn -0.0230 0.2890 0.9570
vn -0.8305 -0.0676 -0.5528
vn -0.7792 -0.1653 -0.6046
vn -0.7343 0.2177 -0.6430
vn 0.6924 -0.6847 0.2276
vn 0.9007 -0.4180 0.1185
vn 0.8109 -0.5849 0.0196
vn 0.8469 -0.3333 0.4144
vn 0.9495 -0.2242 0.2193
vn 0.4104 0.8756 0.2549
vn -0.5769 0.7498 0.3239
vn 0.7147 0.6662 0.2131
vn 0.7931 0.5883 0.1576
vn 0.8619 0.4546 0.2247
vn -0.8586 -0.2098 -0.4677
vn -0.5435 -0.6503 -0.5308
vn -0.7997 -0.2538 -0.5441
vn -0.8816 0.3705 0.2923
vn -0.9075 0.3794 0.1802
vn -0.9287 0.3555 0.1056
vn -0.9397 0.3352 -0.0672
vn -0.9320 0.3564 0.0661
vn -0.9238 -0.2493 -0.2906
vn -0.4695 -0.6591 -0.5874
vn -0.6350 -0.4978 -0.5908
vn -0.1835 -0.9611 -0.2066
vn 0.7157 -0.6933 0.0850
vn 0.9060 0.1211 -0.4055
vn 0.7585 0.0973 -0.6444
vn 0.6861 -0.7236 -0.0757
vn 0.5180 -0.6296 0.5790
vn 0.9270 -0.0569 -0.3708
vn 0.8640 -0.2087 -0.4583
vn 0.8169 -0.3156 -0.4828
vn 0.7985 -0.0507 -0.5998
vn 0.8505 -0.0642 -0.5220
vn 0.8234 0.0389 -0.5661
vn 0.8654 -0.4763 0.1558
vn 0.8761 -0.4742 -0.0868
vn 0.0784 -0.9323 -0.3531
vn 0.1750 -0.6863 -0.7060
vn 0.9112 -0.1619 -0.3789
vn 0.8367 -0.3633 -0.4099
vn 0.8890 -0.4403 -0.1255
vn 0.9581 -0.1258 -0.2574
vn 0.9808 0.0666 -0.1832
vn 0.9528 -0.2977 0.0601
vn 0.7748 -0.6224 -0.1109
vn 0.6640 -0.6901 0.2877
vn 0.3813 -0.8208 0.4253
vn 0.2467 0.3241 0.9133
vn -0.1290 -0.7093 0.6930
vn 0.6721 0.0408 0.7393
vn 0.4104 -0.8004 0.4370
vn -0.4060 -0.3873 0.8277
vn 0.0064 -0.0245 0.9997
vn -0.0298 -0.4656 0.8845
vn -0.3670 0.3696 0.8537
vn -0.7274 0.2396 0.6430
vn -0.6169 0.5748 0.5376
vn 0.3316 0.1080 0.9372
vn -0.0397 0.6348 0.7717
vn 0.4940 0.2061 0.8447
vn 0.0573 0.7672 0.6389
vn -0.3546 0.9134 0.1997
vn 0.0965 0.7959 0.5977
vn -0.2533 0.9672 -0.0217
vn -0.5373 0.8351 -0.1177
vn -0.0000 0.9387 0.3446
vn -0.0000 0.9681 -0.2507
vn -0.3322 0.8825 -0.3329
vn -0.7472 -0.6608 -0.0709
vn -0.3783 -0.8721 0.3105
vn -0.0000 -0.9988 0.0484
vn -0.0000 -0.9152 -0.4029
vn -0.4485 -0.8750 0.1824
vn -0.7816 -0.6182 -0.0833
vn -0.8427 -0.5115 -0.1680
vn -0.8301 -0.5143 -0.2153
vn -0.8393 -0.5240 -0.1450
vn -0.9539 0.1003 -0.2829
vn -0.9416 -0.1341 -0.3090
vn -0.7891 0.4796 -0.3837
vn -0.3458 0.9310 -0.1166
vn -0.9268 -0.2067 -0.3136
vn -0.9629 0.2249 -0.1493
vn -0.5135 0.8194 0.2549
vn -0.9868 -0.0787 -0.1418
vn -0.9032 -0.1910 -0.3844
vn -0.9876 0.0738 -0.1385
vn -0.9536 -0.2663 -0.1408
vn -0.9030 -0.2743 -0.3307
vn -0.8823 0.2009 0.4257
vn -0.4330 -0.5514 0.7131
vn -0.6964 -0.6826 0.2215
vn -0.5693 -0.2901 0.7692
vn -0.2593 -0.4639 0.8471
vn -0.5069 -0.2161 0.8345
vn -0.0000 -0.3881 -0.9216
vn -0.6242 -0.5883 0.5141
vn -0.6659 0.2511 0.7025
vn -0.8648 0.2279 0.4474
vn -0.6109 0.2243 0.7593
vn -0.8054 0.2486 0.5381
vn -0.7520 0.3755 0.5418
vn -0.8160 0.3771 0.4380
vn -0.7274 0.4277 0.5366
vn -0.8640 0.3002 0.4042
vn -0.8565 0.3146 0.4092
vn -0.3845 0.6271 0.6775
vn 0.2814 0.6551 0.7012
vn -0.0569 0.8719 0.4863
vn 0.7867 0.4387 0.4343
vn 0.9660 -0.1713 -0.1938
vn 0.9896 -0.1401 0.0330
vn 0.0226 0.9168 0.3987
vn 0.5901 0.7979 0.1225
vn 0.5121 0.7738 0.3728
vn 0.1320 0.9901 0.0468
vn 0.2702 0.8871 0.3741
vn 0.8433 0.5200 -0.1355
vn -0.0888 0.9334 -0.3478
vn -0.3330 0.9242 0.1872
vn 0.7241 0.4657 -0.5087
vn -0.0000 -0.7074 0.7069
vn -0.0000 -0.6209 0.7839
vn -0.0000 -0.7097 -0.7046
vn -0.6143 -0.4920 -0.6168
vn -0.7035 -0.3913 -0.5933
vn -0.8122 -0.4194 -0.4055
vn -0.2911 -0.9511 0.1038
vn -0.7316 -0.6376 -0.2412
vn 0.0648 -0.9963 -0.0562
vn -0.7736 -0.4840 -0.4089
vn -0.7985 -0.3724 -0.4730
vn 0.6125 -0.7313 0.2999
vn 0.8280 -0.5246 0.1979
vn 0.9078 0.0160 0.4192
vn 0.4600 -0.7166 0.5243
vn -0.6937 -0.7125 -0.1053
vn -0.0000 -0.9604 0.2786
vn -0.0000 0.6268 0.7792
vn 0.4523 0.2409 0.8588
vn -0.6415 0.5484 -0.5365
vn 0.6208 -0.3297 0.7113
vn 0.6133 -0.6758 0.4089
vn 0.6032 -0.7975 0.0081
vn 0.6212 -0.7237 0.3008
vn 0.6186 -0.7468 0.2442
vn 0.3502 -0.0890 0.9324
vn -0.8378 0.3295 0.4353
vn 0.5356 0.3053 -0.7873
vn 0.3341 0.0154 -0.9424
vn 0.5133 0.1822 -0.8387
vn 0.4693 0.4662 -0.7500
vn 0.6860 0.3682 -0.6275
vn 0.2457 0.0386 -0.9686
vn 0.5499 -0.1780 -0.8160
vn 0.3241 -0.1908 -0.9266
vn 0.2539 -0.9606 0.1127
vn 0.2014 0.2594 -0.9445
vn 0.2228 0.2928 -0.9299
vn 0.1371 0.1902 -0.9721
vn 0.1528 0.9007 -0.4066
vn 0.6701 0.6376 -0.3802
vn 0.8379 -0.4554 0.3009
vn 0.3928 0.2203 0.8929
vn -0.3295 0.0929 -0.9396
vn 0.1154 0.2175 -0.9692
vn -0.8799 0.0136 -0.4750
vn -0.6308 0.1505 -0.7612
vn -0.6029 -0.0809 -0.7937
vn -0.8036 0.2289 -0.5495
vn -0.9577 0.1402 -0.2513
vn -0.9492 0.0719 -0.3064
vn 0.8711 -0.4557 -0.1830
vn 0.2677 0.2891 -0.9191
vn 0.3002 0.4120 -0.8603
vn 0.3618 0.1312 -0.9230
vn 0.4033 -0.2151 -0.8894
vn 0.3826 0.2633 -0.8856
vn 0.0691 0.9850 -0.1584
vn -0.0604 0.9979 -0.0215
vn 0.0288 0.9767 -0.2126
vn -0.0384 0.9595 -0.2792
vn -0.2308 0.9635 -0.1359
vn -0.3277 0.9372 -0.1197
vn 0.2591 0.4266 -0.8665
vn 0.5495 0.4404 -0.7100
vn 0.3065 0.5852 -0.7507
vn 0.4296 0.2105 0.8781
vn 0.2505 0.2982 0.9211
vn 0.2372 0.4194 0.8763
vn 0.5947 0.4944 0.6340
vn 0.6586 0.0635 0.7498
vn 0.5029 -0.6636 0.5539
vn 0.8725 -0.2280 0.4321
vn 0.9800 0.1921 0.0519
vn 0.9498 0.2613 0.1719
vn 0.8833 0.3681 0.2904
vn 0.3177 0.5057 0.8021
vn 0.8263 -0.5170 -0.2234
vn 0.3424 0.3167 -0.8846
vn 0.8425 -0.3051 -0.4440
vn 0.3137 0.1741 -0.9334
vn 0.9013 -0.1434 -0.4088
vn 0.9922 0.0386 -0.1183
vn 0.9357 -0.3087 -0.1707
vn 0.9824 -0.1836 -0.0340
vn 0.9822 0.0945 0.1621
vn 0.0353 -0.8389 -0.5432
vn 0.0510 -0.8349 -0.5481
vn 0.0450 -0.8388 -0.5426
vn 0.7168 -0.0897 -0.6915
vn -0.1306 -0.7375 -0.6626
vn 0.1406 -0.9892 0.0424
vn 0.4927 -0.4572 0.7404
vn 0.2387 -0.4814 0.8434
vn 0.3688 -0.8638 0.3432
vn 0.7294 -0.5429 0.4163
vn 0.6521 -0.7078 0.2714
vn 0.4220 0.1136 0.8995
vn 0.6853 0.1817 0.7052
vn 0.5301 0.6024 0.5967
vn 0.9112 0.1852 0.3679
vn 0.4536 0.5575 0.6953
vn 0.2301 -0.1279 0.9647
vn 0.3234 0.5647 0.7593
vn 0.0590 0.9382 0.3411
vn 0.2824 0.7659 0.5777
vn 0.3353 0.7467 0.5744
vn -0.5955 0.6651 -0.4505
vn -0.3478 0.8273 -0.4411
vn -0.5410 0.8030 -0.2500
vn -0.6775 0.6877 -0.2611
vn -0.6502 0.7377 -0.1817
vn -0.9985 0.0249 -0.0483
vn -0.9154 0.3919 0.0917
vn -0.8294 0.5108 0.2261
vn -0.7912 0.3398 -0.5086
vn -0.7225 -0.2077 -0.6595
vn -0.6647 0.2587 -0.7009
vn -0.3676 0.6630 -0.6521
vn -0.3795 0.0932 -0.9205
vn -0.5212 -0.4002 -0.7538
vn -0.9536 -0.2380 -0.1844
vn -0.7880 -0.4623 -0.4065
vn -0.8769 -0.3747 -0.3010
vn -0.9850 0.0508 -0.1652
vn -0.5848 -0.4803 -0.6537
vn -0.9248 -0.3799 0.0207
vn -0.9337 -0.3571 -0.0273
vn -0.7257 -0.5089 0.4631
vn -0.7976 -0.0847 0.5972
vn -0.4889 -0.6102 0.6234
vn -0.5088 -0.0392 0.8600
vn -0.4785 -0.0562 0.8763
vn -0.7158 -0.3053 0.6281
vn -0.8959 0.2193 0.3863
vn -0.5924 0.1744 0.7865
vn -0.9462 -0.0724 0.3154
vn -0.9985 0.0538 0.0046
vn -0.4210 -0.4709 0.7753
vn -0.6373 -0.2608 0.7252
vn -0.3435 0.1196 0.9315
vn -0.1761 0.8055 -0.5658
vn 0.9718 -0.1857 0.1456
vn 0.1343 -0.4036 0.9050
vn 0.2157 -0.9395 0.2662
vn -0.8673 -0.3772 -0.3249
vn -0.3568 0.9321 -0.0629
vn -0.6568 0.7047 -0.2682
vn -0.4124 0.8476 -0.3340
vn -0.6789 0.3021 -0.6692
vn -0.7632 0.0047 -0.6461
vn -0.6832 -0.0980 -0.7236
vn -0.8563 0.3013 -0.4195
vn -0.8867 0.1508 -0.4371
vn -0.3767 0.1037 -0.9205
vn -0.6089 0.3748 -0.6991
vn -0.1792 0.1316 -0.9750
vn -0.2944 0.3606 -0.8850
vn -0.6399 0.1032 -0.7615
vn -0.6490 0.2778 -0.7083
vn -0.4222 0.1234 -0.8981
vn -0.1713 0.2086 -0.9629
vn -0.2397 0.4092 -0.8804
vn -0.6268 0.5642 -0.5374
vn -0.5179 0.5745 -0.6339
vn -0.6330 0.5158 -0.5773
vn -0.2635 0.5070 -0.8207
vn -0.5607 0.4521 -0.6937
vn -0.2263 0.2075 -0.9517
vn -0.5552 0.0189 -0.8315
vn -0.7595 -0.2936 -0.5805
vn -0.7221 -0.0475 -0.6901
vn -0.7537 0.2117 -0.6222
vn -0.6837 -0.2824 -0.6729
vn -0.7303 -0.3562 -0.5830
vn -0.6264 -0.3229 -0.7095
vn -0.4791 -0.8430 0.2445
vn -0.4823 -0.7197 0.4994
vn -0.6640 -0.7245 -0.1850
vn -0.3114 -0.9491 -0.0475
vn 0.3022 -0.9214 0.2444
vn 0.0437 -0.9086 0.4154
vn -0.0640 -0.6591 0.7493
vn 0.4287 -0.6587 0.6183
vn 0.9307 -0.3630 0.0442
vn 0.8961 -0.4117 0.1658
vn 0.8430 -0.5248 0.1182
vn 0.7110 -0.6824 -0.1701
vn 0.6110 -0.7855 -0.0985
vn 0.5784 -0.4457 0.6832
vn 0.6379 -0.6142 0.4647
vn 0.7992 -0.3531 0.4863
vn 0.6415 -0.2932 0.7089
vn 0.1951 -0.4800 0.8553
vn 0.3428 -0.2435 0.9073
vn -0.0000 0.1339 -0.9910
vn 0.0709 -0.1516 -0.9859
vn 0.2238 0.2162 -0.9504
vn -0.0000 -0.6320 -0.7749
vn -0.0000 -0.2839 -0.9589
vn 0.0456 -0.7498 0.6601
vn -0.0000 -0.8563 0.5165
vn -0.0646 -0.7885 0.6116
vn -0.7191 -0.6644 -0.2036
vn -0.2001 -0.9357 -0.2906
vn 0.2976 -0.0766 0.9516
vn -0.0000 -0.1864 0.9825
vn 0.2047 -0.0790 0.9756
vn 0.4093 0.1204 0.9044
vn 0.3295 -0.2666 0.9057
vn 0.6390 0.1354 0.7572
vn 0.6840 -0.0880 0.7241
vn 0.8937 -0.1969 0.4031
vn 0.9097 0.0805 0.4074
vn 0.8763 0.0859 0.4741
vn 0.5874 -0.3674 0.7211
vn 0.9044 0.2052 0.3741
vn 0.9581 -0.2313 0.1687
vn 0.8779 -0.3346 0.3424
vn 0.5853 -0.5022 0.6366
vn 0.5046 -0.6077 0.6133
vn 0.8455 -0.3563 -0.3977
vn 0.9129 -0.3458 -0.2168
vn 0.9061 -0.3480 -0.2407
vn 0.5632 -0.6657 -0.4896
vn 0.4304 -0.7655 -0.4783
vn 0.4249 -0.5405 -0.7261
vn 0.1239 -0.7970 -0.5912
vn 0.1434 -0.8477 -0.5107
vn -0.8514 -0.3187 0.4167
vn -0.8606 -0.4875 -0.1472
vn -0.9832 0.0473 0.1764
vn -0.9691 -0.2166 -0.1176
vn -0.8978 -0.3864 -0.2115
vn -0.7488 0.2911 0.5954
vn -0.3928 0.1277 0.9107
vn -0.5213 0.6770 0.5196
vn 0.0014 -0.0675 0.9977
vn -0.5099 -0.5956 0.6207
vn -0.1926 -0.7848 0.5890
vn -0.2097 -0.9645 0.1605
vn -0.4166 -0.8997 0.1306
vn -0.1985 -0.5549 -0.8079
vn 0.1041 -0.3953 -0.9126
vn 0.0112 -0.6666 -0.7454
vn -0.6407 -0.7656 0.0585
vn -0.3285 -0.0810 -0.9410
vn -0.1927 -0.2506 -0.9487
vn -0.3159 -0.4983 -0.8074
vn 0.8219 -0.3205 -0.4708
vn 0.9646 -0.2183 0.1482
vn 0.9315 0.1886 0.3110
vn 0.9248 0.0361 0.3788
vn 0.6285 0.1911 0.7540
vn 0.7214 0.3896 0.5725
vn 0.4130 0.7024 0.5797
vn 0.9654 -0.2109 -0.1532
vn 0.7682 -0.5045 -0.3941
vn 0.4375 -0.8072 -0.3963
vn 0.3383 -0.8992 -0.2775
vn -0.9600 -0.0255 -0.2789
vn -0.7958 -0.4974 -0.3454
vn -0.8281 -0.3209 -0.4596
vn -0.9112 -0.0547 -0.4083
vn -0.8309 -0.2548 -0.4947
vn -0.8717 0.4852 0.0683
vn -0.9728 -0.2232 -0.0628
vn -0.8769 0.4654 -0.1198
vn -0.2713 0.8705 0.4106
vn -0.8495 0.3696 0.3764
vn -0.4365 0.8746 0.2111
vn -0.6771 0.1854 0.7121
vn -0.2881 0.7663 0.5743
vn -0.1965 0.6396 0.7432
vn 0.0499 0.8313 0.5536
vn 0.3122 0.8184 0.4824
vn 0.9285 -0.0458 -0.3686
vn 0.7933 0.4323 -0.4286
vn 0.9723 0.0086 -0.2337
vn 0.9839 -0.1570 -0.0848
vn 0.6450 -0.4122 -0.6435
vn 0.6518 0.2277 -0.7234
vn 0.4234 -0.5159 -0.7447
vn 0.2870 -0.2541 -0.9236
vn 0.5313 -0.6536 -0.5390
vn -0.8555 -0.4827 0.1874
vn -0.4623 -0.8664 -0.1889
vn -0.6642 -0.7117 -0.2289
vn -0.5369 -0.7828 0.3145
vn -0.1077 -0.9868 0.1210
vn -0.2388 -0.0983 0.9661
vn 0.1919 -0.1456 0.9706
vn 0.0701 0.4466 0.8920
vn 0.1850 0.5601 0.8075
vn 0.3310 0.2943 0.8966
vn -0.0092 0.6959 0.7181
vn 0.1422 0.4613 -0.8758
vn 0.0439 0.8929 -0.4480
vn 0.3707 0.7863 -0.4942
vn -0.0853 -0.0751 -0.9935
vn -0.1521 0.5348 -0.8312
vn -0.1847 -0.2039 -0.9614
vn 0.1228 -0.3129 -0.9418
vn -0.2884 -0.8890 -0.3557
vn 0.3274 -0.3744 0.8676
vn -0.9468 -0.0017 -0.3220
vn -0.9343 0.2805 -0.2199
vn -0.8869 0.4162 -0.2004
vn -0.9007 0.3713 -0.2255
vn -0.0077 0.9640 -0.2658
vn 0.9789 -0.0980 0.1791
vn 0.9652 0.0783 0.2496
vn 0.9808 -0.0002 0.1952
vn 0.9801 -0.1711 0.1007
vn 0.6080 0.7928 -0.0424
vn 0.6980 0.5485 0.4603
vn 0.5256 0.6958 0.4895
vn 0.4466 0.7342 0.5114
vn 0.8582 0.3198 0.4015
vn 0.8867 0.3009 0.3510
vn 0.9190 0.1878 0.3466
vn -0.1384 -0.9786 -0.1520
vn 0.5199 0.7665 0.3772
vn 0.4516 0.7703 0.4502
vn 0.5665 0.2721 0.7778
vn 0.4042 -0.8876 0.2208
vn 0.3412 0.5281 0.7776
vn 0.5190 0.1060 0.8482
vn 0.4079 -0.3108 0.8585
vn -0.1509 0.4835 0.8622
vn -0.1405 0.7470 0.6498
vn 0.1729 0.8971 0.4067
vn -0.0417 0.9825 0.1815
vn -0.2155 0.9748 0.0581
vn -0.4244 0.9048 -0.0347
vn -0.3426 0.9389 0.0344
vn -0.0227 0.9591 0.2821
vn -0.0310 0.9088 -0.4162
vn -0.0994 0.9708 -0.2183
vn -0.1092 0.9326 -0.3441
vn -0.0204 0.4447 -0.8955
vn -0.1378 0.8679 -0.4771
vn -0.2151 0.4532 -0.8651
vn -0.6990 0.4661 -0.5423
vn -0.1696 -0.1780 -0.9693
vn -0.0000 0.3019 -0.9534
vn 0.0358 -0.3175 -0.9476
vn -0.0000 -0.5136 -0.8580
vn 0.0291 -0.6195 -0.7845
vn -0.0036 -0.4729 -0.8811
vn 0.0063 -0.5903 -0.8072
vn -0.0000 -0.5993 -0.8005
vn -0.0337 -0.5453 -0.8376
vn 0.0075 -0.6001 -0.7999
vn -0.0178 -0.7137 -0.7002
vn 0.0258 -0.5858 -0.8100
vn -0.0952 0.9213 -0.3771
vn -0.0000 0.9767 -0.2148
vn -0.0000 0.9983 -0.0577
vn 0.0935 0.4075 0.9084
vn 0.4706 0.2798 0.8368
vn 0.6433 -0.4542 0.6163
vn 0.7837 -0.2015 0.5876
vn -0.8800 0.2589 -0.3982
vn -0.8377 -0.3711 -0.4008
vn -0.6019 -0.3204 -0.7315
vn -0.1924 -0.7687 -0.6100
vn 0.6392 -0.6262 -0.4464
vn -0.0466 -0.7776 -0.6270
vn 0.8129 -0.4966 -0.3042
vn 0.9409 0.1783 0.2880
vn 0.8849 -0.3480 0.3095
vn 0.9971 -0.0053 0.0759
vn 0.9889 0.1270 0.0772
vn 0.9993 0.0083 -0.0364
vn 0.7346 -0.0795 0.6738
vn 0.7613 0.4944 0.4194
vn 0.4917 -0.1731 0.8534
vn 0.3805 0.4562 0.8044
vn 0.2582 0.4688 0.8447
vn 0.2262 0.6141 0.7561
vn -0.6249 0.4533 -0.6357
vn -0.4431 0.8151 -0.3731
vn -0.6366 0.7098 -0.3015
vn -0.9076 0.4144 -0.0677
vn -0.4860 -0.0805 -0.8702
vn -0.4543 0.4833 -0.7484
vn -0.1343 -0.7394 -0.6597
vn -0.3267 -0.1285 -0.9364
vn 0.2103 -0.9611 -0.1792
vn 0.0191 -0.8157 -0.5782
vn 0.3876 -0.9074 -0.1623
vn 0.3808 -0.6089 0.6959
vn 0.5561 -0.5805 0.5947
vn 0.2669 -0.6272 0.7317
vn 0.2975 -0.1894 0.9357
vn 0.1649 -0.0084 0.9863
vn 0.1906 -0.9774 -0.0913
vn 0.1791 -0.9756 -0.1268
vn -0.2905 0.8472 -0.4448
vn 0.0533 0.7456 0.6642
vn -0.9922 0.1239 -0.0095
vn 0.4604 -0.5885 0.6647
vn 0.2767 0.9177 0.2851
vn 0.2294 -0.3746 0.8984
vn -0.0000 -0.3754 0.9269
vn 0.1433 0.3083 0.9405
vn -0.0000 0.1883 0.9821
vn -0.0000 0.3222 0.9467
vn 0.9393 -0.1632 0.3019
vn 0.8779 -0.0729 0.4732
vn 0.9309 -0.0062 0.3651
vn 0.2374 0.2401 0.9413
vn -0.0000 -0.0584 0.9983
vn 0.2521 -0.0193 0.9675
vn 0.9821 0.1072 0.1546
vn 0.9209 0.3246 0.2160
vn 0.9153 0.1187 0.3849
vn -0.0000 0.2540 0.9672
vn 0.2505 0.2522 0.9347
vn 0.9623 0.1477 0.2282
vn 0.9728 0.1290 0.1927
vn -0.0000 0.2957 0.9553
vn 0.2610 0.3269 0.9083
vn 0.9630 0.0792 0.2575
vn -0.0000 0.3605 0.9327
vn 0.2868 0.3321 0.8986
vn 0.9486 0.0966 0.3015
vn 0.9326 0.1116 0.3432
vn -0.0000 0.2874 0.9578
vn 0.2846 0.2698 0.9199
vn 0.9734 -0.0128 0.2288
vn 0.2725 0.2425 0.9311
vn 0.8725 0.1209 0.4733
vn 0.2488 -0.1655 0.9543
vn -0.0000 -0.1413 0.9900
vn 0.2372 -0.1298 0.9628
vn 0.2250 -0.2611 0.9387
vn -0.0000 -0.1916 0.9815
vn 0.2169 -0.3521 0.9105
vn -0.0000 -0.3644 0.9312
vn 0.1991 -0.3557 0.9132
vn -0.0000 -0.2593 0.9658
vn -0.0000 0.9330 -0.3599
vn 0.2839 0.6399 -0.7141
vn -0.0001 0.6348 -0.7726
vn 0.4804 0.4175 -0.7713
vn 0.9324 0.0252 -0.3605
vn 0.7944 0.2968 -0.5300
vn 0.8100 0.2857 -0.5121
vn -0.0367 -0.8672 -0.4967
vn -0.0000 -0.8676 -0.4973
vn -0.0001 -0.8689 -0.4950
vn 0.8343 0.1209 -0.5379
vn -0.0000 0.7585 -0.6517
vn 0.7954 0.4167 -0.4402
vn -0.0095 0.5005 -0.8657
vn 0.0219 0.4911 -0.8708
vn 0.2552 0.4725 -0.8436
vn 0.3676 0.3257 -0.8711
vn 0.9936 0.0026 0.1128
vn 0.9028 -0.4301 0.0023
vn 0.2067 0.9511 -0.2294
vn 0.9065 -0.1180 0.4054
vn 0.9303 -0.0575 0.3624
vn 0.8853 -0.0454 0.4629
vn -0.0000 -0.3262 0.9453
vn 0.2138 -0.2446 0.9458
vn -0.0000 -0.2009 0.9796
vn 0.1946 -0.0300 0.9804
vn 0.8868 -0.1244 0.4451
vn 0.8748 -0.1696 0.4539
vn 0.9193 -0.1437 0.3663
vn 0.9361 -0.1186 0.3311
vn 0.8292 -0.1689 0.5328
vn 0.1580 0.9423 -0.2951
vn -0.9376 0.2605 -0.2302
vn -0.5111 0.8366 -0.1974
vn -0.5696 0.8208 0.0429
vn 0.1413 0.9787 -0.1488
vn -0.0345 0.8894 -0.4558
vn 0.5813 -0.4427 -0.6827
vn -0.0000 -0.0005 1.0000
vn -0.0000 0.1239 0.9923
vn -0.0000 0.2188 0.9758
vn -0.0000 0.3639 0.9314
vn -0.5869 -0.0842 0.8053
vn -0.6586 -0.3974 0.6390
vn 0.9062 0.3255 0.2698
vn 0.9811 0.1514 0.1209
vn -0.0433 -0.8007 -0.5975
vn -0.3744 -0.7692 -0.5179
vn 0.5549 -0.8004 0.2269
vn -0.7218 -0.6444 -0.2526
vn 0.9415 -0.1360 -0.3084
vn 0.9531 0.2997 0.0415
vn 0.2924 0.1833 0.9386
vn 0.2595 0.3315 0.9071
vn -0.1486 -0.3963 -0.9060
vn -0.2695 0.6357 0.7234
vn 0.5365 0.5086 0.6734
vn 0.3779 0.6034 0.7022
vn 0.8224 0.1820 0.5389
vn 0.6172 0.2773 0.7363
vn 0.2613 0.5059 -0.8221
vn 0.1142 0.8285 0.5482
vn -0.6052 0.7885 0.1101
vn 0.5515 0.4298 -0.7149
vn -0.3284 0.7368 -0.5910
vn 0.6304 0.2729 -0.7267
vn 0.6681 0.4194 0.6146
vn 0.7969 -0.2085 0.5669
vn 0.3814 0.4145 -0.8263
vn 0.7080 -0.6636 -0.2416
vn 0.6352 -0.7699 0.0613
vn -0.0000 0.0580 -0.9983
vn 0.9996 -0.0261 -0.0147
vn 0.9963 0.0087 -0.0859
vn 0.7943 0.3658 -0.4851
vn 0.6563 0.4435 -0.6104
vn -0.8036 -0.1657 -0.5716
vn 0.7827 0.3101 -0.5397
vn 0.7383 0.2317 -0.6334
vn -0.2780 -0.6836 0.6748
vn 0.2367 0.9626 -0.1316
vn 0.3695 0.8188 0.4393
vn 0.2351 0.4062 0.8830
vn -0.0566 0.9934 0.0999
vn -0.0392 0.9796 0.1970
vn 0.7335 0.6306 -0.2538
vn 0.4604 0.8476 0.2638
vn 0.5044 0.8628 0.0340
vn 0.5439 0.8063 0.2325
vn 0.1549 0.8652 0.4769
vn 0.1572 0.8758 0.4564
vn 0.0409 0.8576 0.5127
vn -0.9557 0.0945 0.2789
vn -0.9455 -0.2834 0.1605
vn -0.8956 -0.4364 -0.0870
vn -0.5277 -0.8222 -0.2134
vn -0.5860 -0.7548 -0.2946
vn -0.4274 -0.8065 -0.4085
vn -0.4808 -0.7902 -0.3801
vn -0.4024 -0.8218 -0.4033
vn -0.9838 -0.1255 0.1279
vn -0.1381 -0.2520 0.9578
vn -0.9626 -0.2699 -0.0223
vn 0.9778 0.2076 -0.0270
vn 0.7795 0.6136 -0.1258
vn 0.7371 0.6643 -0.1238
vn 0.5624 0.8027 0.1985
vn 0.4923 0.8207 0.2901
vn -0.0970 0.9702 -0.2221
vn -0.1944 0.9777 -0.0793
vn 0.7508 0.3270 -0.5739
vn 0.8764 -0.1559 -0.4557
vn 0.8121 -0.3266 -0.4836
vn 0.7278 -0.5457 -0.4154
vn 0.8400 0.2036 -0.5030
vn 0.5010 0.5968 -0.6267
vn -0.0000 0.4132 -0.9106
vn 0.8102 0.1386 -0.5696
vn 0.8539 0.0102 -0.5204
vn -0.0000 -0.7293 -0.6842
vn 0.7092 -0.3535 -0.6099
vn 0.6043 -0.4788 -0.6369
vn 0.4168 0.5625 -0.7141
vn 0.9402 -0.3131 -0.1341
vn 0.4507 -0.5244 -0.7224
vn 0.9743 -0.1490 -0.1690
vn 0.9254 0.3484 0.1491
vn 0.2045 0.4919 -0.8463
vn 0.7044 0.6628 -0.2540
vn 0.0816 -0.0818 -0.9933
vn 0.1363 0.5248 -0.8402
vn 0.7199 0.1999 -0.6647
vn 0.6823 0.2474 -0.6879
vn 0.1223 -0.2295 -0.9656
vn 0.6028 -0.1686 -0.7799
vn 0.5821 0.1140 -0.8051
vn 0.9396 0.0162 -0.3418
vn 0.8889 0.0777 -0.4514
vn 0.9080 -0.1534 0.3898
vn 0.1770 0.0827 0.9807
vn -0.0000 -0.1834 0.9830
vn 0.8295 -0.1915 0.5246
vn 0.7565 -0.0560 0.6515
vn -0.6791 -0.2724 0.6816
vn 0.8837 -0.2600 -0.3891
vn 0.8944 -0.3212 -0.3113
vn 0.4211 -0.8458 0.3275
vn 0.7766 -0.5668 0.2751
vn -0.1810 -0.9834 0.0090
vn -0.9739 -0.0376 0.2237
vn -0.8933 -0.4426 0.0780
vn -0.7081 -0.5536 0.4383
vn -0.5651 -0.8031 -0.1890
vn 0.0165 -0.3332 -0.9427
vn 0.5401 -0.3281 -0.7750
vn 0.4974 -0.6926 -0.5224
vn -0.0663 -0.9111 -0.4069
vn -0.0230 -0.9640 -0.2649
vn -0.6402 -0.7600 -0.1119
vn -0.8968 -0.3850 0.2180
vn -0.8261 -0.5623 0.0372
vn -0.6665 -0.6255 0.4056
vn -0.6459 -0.3764 0.6642
vn -0.1750 -0.7927 0.5840
vn -0.4545 -0.3708 0.8099
vn 0.0945 -0.9939 0.0573
vn 0.0387 -0.0863 0.9955
vn 0.2499 -0.1572 0.9554
vn 0.3399 0.1434 0.9295
vn 0.0852 -0.6984 0.7106
vn 0.9111 0.2472 0.3297
vn 0.8333 -0.1377 0.5354
vn 0.9886 -0.0429 0.1441
vn 0.9652 0.1903 -0.1793
vn 0.8953 -0.0077 -0.4453
vn 0.8444 0.2164 -0.4900
vn 0.5114 0.0101 -0.8593
vn 0.9896 -0.0677 -0.1268
vn 0.8798 -0.4411 -0.1774
vn 0.7358 -0.5752 -0.3574
vn 0.8549 -0.5187 -0.0082
vn 0.3155 -0.4646 0.8275
vn 0.7225 -0.5382 0.4340
vn 0.4334 -0.8865 0.1619
vn 0.4999 -0.8600 -0.1024
vn 0.7310 -0.6697 -0.1309
vn 0.7343 -0.6663 0.1295
vn 0.6204 0.3253 -0.7136
vn -0.5118 -0.7652 -0.3905
vn -0.2897 -0.7831 -0.5503
vn -0.7799 0.2165 -0.5873
vn -0.4093 0.4549 -0.7909
vn -0.6197 0.2060 -0.7573
vn -0.6498 0.6592 -0.3785
vn -0.5178 0.7386 -0.4316
vn -0.8746 -0.3414 -0.3443
vn -0.9180 -0.2377 -0.3174
vn 0.4206 0.3577 -0.8338
vn -0.3954 0.6531 -0.6459
vn 0.3193 0.2854 -0.9037
vn 0.4380 0.1330 -0.8891
vn 0.0929 0.2911 -0.9522
vn -0.0000 -0.3166 -0.9486
vn 0.6995 0.1790 -0.6919
vn 0.8830 -0.2810 -0.3759
vn -0.0000 -0.2900 -0.9570
vn 0.8107 0.0350 -0.5844
vn 0.8875 -0.1723 -0.4275
vn 0.2530 -0.5162 -0.8182
vn 0.8765 0.2446 -0.4146
vn 0.8944 -0.4150 -0.1666
vn 0.5259 0.2597 -0.8099
vn 0.9723 0.2102 -0.1022
vn 0.9690 -0.2468 -0.0081
vn 0.4595 -0.7366 -0.4963
vn 0.5900 -0.6847 -0.4279
vn 0.1537 -0.2670 -0.9514
vn 0.0748 -0.5209 -0.8503
vn 0.4744 -0.6924 -0.5437
vn 0.5524 0.3036 -0.7763
vn 0.8785 -0.0418 -0.4758
vn -0.0000 0.1821 -0.9833
vn 0.7423 0.1254 -0.6582
vn 0.9265 -0.1706 -0.3354
vn 0.8316 0.0269 -0.5547
vn 0.8416 -0.0570 -0.5371
vn -0.0000 0.0484 -0.9988
vn 0.6963 0.0403 -0.7166
vn 0.7075 -0.2381 -0.6653
vn 0.7005 -0.3123 -0.6417
vn 0.6049 -0.7226 -0.3347
vn 0.5606 -0.7565 -0.3369
vn 0.8296 -0.4459 -0.3359
vn 0.9097 -0.1465 -0.3887
vn 0.7100 0.1828 -0.6801
vn 0.9342 -0.0716 -0.3496
vn 0.8538 0.0748 -0.5152
vn 0.9434 -0.0575 -0.3267
vn 0.6394 -0.2831 -0.7149
vn 0.6228 -0.3176 -0.7150
vn 0.7091 -0.2832 -0.6458
vn 0.6411 -0.6866 -0.3431
vn 0.8280 -0.4356 -0.3531
vn 0.8771 -0.3353 -0.3440
vn 0.7329 -0.2722 -0.6236
vn 0.3933 -0.4697 -0.7904
vn 0.9806 0.1958 0.0010
vn 0.7774 -0.6241 -0.0776
vn 0.9409 -0.2995 0.1580
vn 0.9790 0.1980 0.0484
vn 0.5388 0.4519 -0.7109
vn 0.7914 -0.2790 -0.5439
vn 0.3142 0.1026 -0.9438
vn 0.2344 0.0894 -0.9680
vn 0.1734 -0.3071 -0.9357
vn 0.7296 -0.6762 -0.1027
vn 0.2217 -0.4026 -0.8881
vn 0.8741 -0.3706 -0.3141
vn 0.8590 0.0168 -0.5118
vn -0.0000 0.6459 -0.7634
vn -0.0000 -0.0914 -0.9958
vn 0.3814 0.7202 -0.5795
vn 0.9360 0.0547 -0.3478
vn 0.9314 0.0496 -0.3605
vn 0.7809 0.3772 -0.4979
vn 0.7988 0.3658 -0.4776
vn 0.8287 0.3314 -0.4510
vn 0.9412 0.0569 -0.3331
vn 0.9319 0.1720 -0.3194
vn 0.8271 0.3864 -0.4082
vn 0.2239 -0.0802 -0.9713
vn 0.4931 0.0855 -0.8657
vn 0.2418 0.2677 -0.9327
vn 0.4409 0.1427 -0.8861
vn 0.5525 0.1095 -0.8263
vn 0.2569 0.0569 -0.9648
vn 0.4159 0.2184 -0.8828
vn 0.2725 0.2947 -0.9159
vn 0.4424 0.1432 -0.8853
vn 0.3589 0.3404 -0.8691
vn 0.5858 0.3414 -0.7350
vn 0.5856 0.1856 -0.7891
vn 0.5245 0.2427 -0.8161
vn 0.5304 0.1719 -0.8302
vn 0.4708 0.0719 -0.8793
vn 0.9092 0.0708 -0.4102
vn 0.8701 0.2700 -0.4123
vn 0.9515 -0.0028 -0.3075
vn 0.8238 0.3221 -0.4664
vn 0.8268 0.2963 -0.4782
vn 0.8543 0.2510 -0.4551
vn 0.8417 0.3649 -0.3980
vn 0.8276 0.2254 -0.5140
vn 0.8227 0.1216 -0.5553
vn 0.7374 0.1570 -0.6570
vn 0.8293 0.2678 -0.4905
vn 0.7996 0.2652 -0.5387
vn 0.8868 0.2593 -0.3827
vn 0.8043 0.3656 -0.4685
vn 0.7125 0.2904 -0.6387
vn 0.8965 0.1950 -0.3978
vn 0.5328 0.4596 -0.7106
vn 0.7195 0.2724 -0.6388
vn 0.7883 0.1540 -0.5957
vn 0.7265 0.0729 -0.6832
vn 0.6170 0.3759 -0.6913
vn 0.4928 0.3582 -0.7930
vn 0.7497 0.3279 -0.5749
vn 0.9943 0.0579 0.0894
vn 0.4320 0.1129 -0.8948
vn 0.9476 0.2669 0.1755
vn 0.9838 0.1788 -0.0123
vn 0.4980 0.4345 -0.7505
vn 0.9897 0.0329 0.1392
vn 0.5232 0.3674 -0.7689
vn 0.3703 0.5044 -0.7800
vn 0.3798 0.4091 -0.8297
vn 0.7464 0.6652 0.0183
vn 0.5235 0.7801 -0.3427
vn 0.8011 0.5385 0.2613
vn 0.2677 0.4659 -0.8434
vn 0.1860 0.2089 -0.9601
vn 0.0655 0.3901 -0.9184
vn 0.9278 -0.1172 0.3541
vn 0.0257 0.4820 -0.8758
vn 0.1912 0.4179 -0.8881
vn 0.1225 0.3724 -0.9199
vn -0.3602 0.4193 -0.8334
vn -0.3379 0.0120 -0.9411
vn -0.3714 0.0007 -0.9285
vn -0.3198 0.4091 -0.8546
vn -0.2683 0.7561 -0.5969
vn -0.2501 0.4797 -0.8411
vn -0.2666 -0.1276 -0.9553
vn -0.2532 -0.0382 -0.9667
vn -0.3196 0.1394 -0.9373
vn -0.2366 0.7597 -0.6057
vn -0.3559 0.2260 -0.9068
vn -0.3435 -0.3485 -0.8721
vn -0.2529 -0.4057 -0.8783
vn -0.1645 0.8270 -0.5376
vn -0.2663 0.4569 -0.8487
vn -0.3558 0.4978 -0.7910
vn -0.2957 0.0804 -0.9519
vn -0.4392 -0.0489 -0.8971
vn 0.0262 0.9783 -0.2057
vn -0.1327 0.7278 -0.6729
vn -0.1387 0.4477 -0.8833
vn -0.0390 -0.0552 -0.9977
vn -0.1214 -0.0078 -0.9926
vn 0.3322 0.8838 -0.3294
vn 0.2571 0.7694 -0.5847
vn 0.6114 0.7599 0.2208
vn 0.3650 0.9260 0.0964
vn -0.3972 0.1982 -0.8961
vn -0.5007 -0.1233 -0.8568
vn -0.2218 0.1758 -0.9591
vn -0.2635 -0.2032 -0.9430
vn -0.1363 0.7110 -0.6898
vn -0.2405 0.3879 -0.8898
vn -0.3100 0.1088 -0.9445
vn -0.6587 0.7495 0.0664
vn -0.9521 0.0513 0.3015
vn -0.9491 0.0981 0.2992
vn -0.9504 0.1093 0.2912
vn -0.9595 0.0885 0.2676
vn -0.9658 -0.0735 0.2487
vn -0.9542 -0.0354 0.2971
vn -0.9593 -0.1007 0.2636
vn -0.9220 -0.0911 0.3764
vn -0.9731 -0.1136 0.2002
vn -0.9672 -0.0979 0.2345
vn -0.1841 0.3244 -0.9278
vn -0.2998 0.4820 -0.8233
vn -0.2818 0.0339 -0.9589
vn -0.0923 -0.6736 -0.7333
vn -0.2463 -0.8943 -0.3735
vn 0.8266 0.3791 -0.4159
vn 0.7768 0.4162 -0.4726
vn 0.8458 0.3527 -0.4003
vn 0.9305 0.2672 -0.2504
vn 0.0882 -0.9840 -0.1549
vn 0.0057 -0.9970 -0.0766
vn 0.3483 -0.2801 0.8946
vn 0.3239 0.2559 0.9108
vn 0.5678 0.4615 0.6816
vn 0.2038 0.9261 0.3175
vn 0.2144 0.9708 0.1075
vn 0.9881 0.1213 -0.0944
vn 0.9995 0.0142 -0.0271
vn 0.1098 -0.9726 -0.2051
vn 0.1384 -0.9163 0.3759
vn 0.5383 -0.5876 0.6041
vn 0.3951 0.2557 0.8823
vn 0.4250 0.6729 0.6054
vn 0.2149 0.9555 0.2021
vn -0.0349 0.9977 -0.0578
vn 0.4734 -0.8243 0.3105
vn 0.2180 0.1369 0.9663
vn 0.5000 0.5365 0.6799
vn 0.1849 -0.9824 -0.0281
vn 0.4638 -0.8822 0.0810
vn 0.2663 0.7944 0.5459
vn 0.3183 0.8011 0.5068
vn 0.9919 -0.1240 -0.0290
vn 0.9976 -0.0087 -0.0689
vn -0.0914 -0.6902 0.7179
vn -0.0277 -0.9634 0.2667
vn 0.1662 -0.0820 0.9827
vn 0.1900 0.0858 0.9780
vn -0.0215 -0.5451 0.8381
vn -0.1860 -0.9501 0.2504
vn 0.0734 0.8262 0.5586
vn 0.0212 0.9799 0.1982
vn -0.4623 0.0703 -0.8840
vn -0.4558 0.3971 -0.7966
vn -0.4490 -0.6618 -0.6003
vn -0.2496 -0.9683 0.0113
vn -0.1634 -0.9865 -0.0048
vn -0.1497 -0.9498 0.2748
vn -0.2519 -0.9444 0.2113
vn 0.0431 0.9378 0.3446
vn 0.1567 0.1899 0.9692
vn -0.0321 0.8638 0.5028
vn -0.2109 -0.9639 -0.1623
vn -0.8498 -0.3406 0.4023
vn -0.8498 -0.3404 0.4025
vn -0.8247 -0.1744 0.5381
vn -0.8941 -0.1323 0.4278
vn 0.8055 -0.4316 -0.4061
vn 0.9050 -0.3586 -0.2288
vn 0.4524 -0.8731 0.1816
vn 0.2993 -0.3780 0.8761
vn 0.7266 -0.1106 0.6781
vn 0.2722 0.8150 0.5115
vn 0.4249 0.7880 0.4456
vn 0.0069 0.6907 0.7231
vn -0.0991 -0.9875 0.1229
vn -0.1920 -0.5435 0.8172
vn 0.1104 0.9419 0.3172
vn 0.2418 0.8588 0.4516
vn 0.2656 0.9016 0.3415
vn -0.3600 -0.9213 -0.1467
vn -0.1093 -0.9586 -0.2629
vn 0.2165 -0.9615 -0.1693
vn 0.7973 0.3285 -0.5064
vn 0.9828 0.0689 -0.1711
vn 0.9916 -0.0661 0.1116
vn 0.0155 0.8473 0.5309
vn -0.8109 -0.4705 0.3480
vn -0.9338 -0.0259 0.3568
vn -0.7376 -0.5263 0.4230
vn 0.1897 0.7717 -0.6071
vn 0.0775 0.2583 -0.9630
vn 0.3978 0.7667 -0.5040
vn 0.3733 0.9195 -0.1229
vn 0.4104 0.9063 -0.1007
vn -0.7006 0.7115 -0.0533
vn 0.0631 -0.5530 -0.8308
vn -0.0617 0.9526 -0.2980
vn 0.0076 0.9991 -0.0407
vn -0.2616 -0.6618 -0.7026
vn -0.0119 -0.9724 -0.2331
vn 0.0542 -0.8290 -0.5566
vn -0.2899 -0.8465 0.4465
vn 0.3626 -0.8667 0.3425
vn 0.4385 0.1979 0.8767
vn 0.1059 0.7556 0.6464
vn -0.2328 0.1123 0.9660
vn 0.4127 0.6862 0.5990
vn 0.6095 0.2289 0.7590
vn 0.6171 -0.6664 0.4185
vn 0.3045 -0.9283 -0.2134
vn 0.9855 -0.0770 -0.1511
vn 0.5722 -0.3408 -0.7459
vn 0.7584 -0.1647 -0.6306
vn 0.9868 -0.1618 0.0036
vn 0.9593 -0.2741 0.0682
vn 0.8875 -0.2096 0.4105
vn 0.8575 0.1654 0.4871
vn 0.7875 0.5092 0.3471
vn 0.3468 0.7959 0.4963
vn 0.9082 -0.3449 -0.2372
vn 0.3962 -0.8632 -0.3131
vn 0.3130 -0.9385 -0.1458
vn 0.1717 -0.8054 0.5673
vn 0.5618 -0.0390 -0.8264
vn 0.6849 0.6048 -0.4062
vn 0.4877 0.5838 -0.6491
vn 0.2441 -0.1083 -0.9637
vn 0.3770 0.9204 -0.1033
vn 0.5203 0.8519 0.0602
vn 0.6161 0.7709 0.1616
vn 0.1372 0.9077 0.3965
vn 0.1662 0.8946 0.4149
vn -0.8662 0.1461 0.4778
vn -0.7922 -0.3740 0.4822
vn -0.4472 -0.4442 0.7763
vn -0.2119 -0.0852 0.9736
vn -0.5068 -0.0124 0.8620
vn -0.3357 -0.9393 -0.0711
vn -0.3200 -0.8491 -0.4203
vn -0.0837 -0.9442 -0.3186
vn -0.9335 -0.2998 0.1967
vn -0.9721 0.1350 0.1920
vn 0.1172 0.9412 0.3170
vn -0.5534 0.7974 0.2406
vn 0.3399 0.9167 0.2098
vn 0.0004 0.7477 0.6640
vn -0.4457 -0.1374 0.8846
vn -0.5119 -0.6655 0.5432
vn -0.5111 -0.8509 0.1212
vn -0.9755 -0.2041 0.0827
vn -0.9701 -0.1764 0.1668
vn -0.9932 0.0834 0.0808
vn -0.4258 -0.7602 -0.4908
vn -0.3856 -0.9114 -0.1434
vn -0.9781 0.2049 0.0378
vn -0.6939 0.7184 0.0486
vn -0.7276 0.6831 0.0635
vn -0.5882 -0.2703 -0.7622
vn -0.0000 0.4061 -0.9138
vn 0.3061 0.3196 -0.8968
vn 0.0657 0.2824 -0.9570
vn -0.0000 0.4710 -0.8822
vn 0.2008 0.4137 -0.8880
vn 0.2087 0.1131 -0.9714
vn -0.0000 0.6002 -0.7999
vn 0.0095 0.4142 -0.9101
vn -0.0001 0.6266 -0.7793
vn 0.0063 0.6223 -0.7827
vn 0.0597 0.5377 -0.8410
vn -0.0000 0.5516 -0.8341
vn 0.0587 0.5396 -0.8399
vn 0.1957 0.5213 -0.8306
vn 0.1781 0.3538 -0.9182
vn -0.0000 0.4755 -0.8797
vn 0.0604 0.7220 -0.6893
vn -0.0000 -0.4137 -0.9104
vn 0.3923 -0.4244 -0.8161
vn -0.0000 0.5160 -0.8566
vn -0.0000 -0.9295 -0.3688
vn 0.0549 -0.9281 -0.3682
vn 0.0482 -0.9281 -0.3693
vn -0.0000 -0.9576 -0.2880
vn -0.0000 0.5376 -0.8432
vn 0.8456 0.0800 -0.5277
vn -0.0000 -0.3992 -0.9168
vn -0.0000 -0.9796 -0.2009
vn -0.0000 0.3460 -0.9382
vn 0.7717 0.0025 -0.6360
vn 0.0001 -0.6734 -0.7393
vn -0.0000 0.5413 -0.8409
vn -0.0000 -0.9884 -0.1516
vn 0.1060 -0.9829 -0.1509
vn 0.1133 -0.9822 -0.1498
vn -0.0000 0.7172 -0.6969
vn -0.0000 -0.8361 -0.5486
vn -0.0000 0.2637 -0.9646
vn 0.4472 0.6298 -0.6351
vn -0.0000 0.8681 -0.4963
vn -0.0000 0.8748 -0.4845
vn -0.0000 -0.8383 -0.5453
vn 0.0999 -0.8341 -0.5426
vn 0.0765 -0.8334 -0.5474
vn -0.0000 0.2329 -0.9725
vn 0.2887 0.3949 -0.8722
vn -0.0000 0.5108 -0.8597
vn -0.0000 -0.9398 -0.3418
vn 0.1687 -0.9263 -0.3368
vn 0.0658 -0.9319 -0.3566
vn -0.0286 -0.8387 -0.5438
vn -0.0000 -0.8391 -0.5440
vn -0.1032 -0.8420 -0.5295
vn -0.0000 0.3296 -0.9441
vn -0.0000 0.5477 -0.8367
vn -0.0000 0.6674 -0.7447
vn -0.0000 0.7504 -0.6610
vn -0.0000 -0.5936 -0.8048
vn 0.0396 -0.5928 -0.8043
vn 0.0418 -0.5934 -0.8038
vn -0.0000 0.8665 -0.4992
vn -0.0000 0.8454 -0.5342
vn -0.0000 -0.8055 -0.5926
vn 0.1089 -0.8007 -0.5891
vn 0.1178 -0.8007 -0.5874
vn -0.0000 0.7678 -0.6407
vn -0.0000 0.5627 -0.8266
vn -0.0000 0.7910 -0.6118
vn -0.0000 -0.0294 -0.9996
vn 0.8902 0.0317 -0.4544
vn -0.0000 0.1835 -0.9830
vn 0.6520 0.1814 -0.7362
vn 0.2256 -0.3068 0.9247
vn -0.0000 -0.8594 0.5112
vn -0.0000 -0.9310 -0.3650
vn 0.2621 -0.8985 -0.3522
vn 0.3050 -0.8889 -0.3419
vn 0.5271 0.5294 -0.6648
vn 0.7525 -0.4067 -0.5180
vn 0.4858 -0.1142 -0.8666
vn -0.9303 0.3099 0.1962
vn 0.5178 0.2325 -0.8233
vn 0.1197 0.1256 0.9848
vn -0.3231 -0.0986 0.9412
vn -0.0908 0.1164 0.9890
vn 0.3832 0.1108 0.9170
vn 0.1166 0.7407 0.6616
vn -0.1653 0.5490 0.8193
vn -0.3683 0.4480 0.8147
vn -0.5743 0.3750 0.7277
vn -0.5994 0.4248 0.6784
vn -0.8596 0.5026 -0.0920
vn -0.9216 -0.3781 -0.0884
vn -0.9211 -0.3852 -0.0558
vn -0.3819 0.8028 -0.4578
vn -0.0114 0.4219 -0.9066
vn -0.2613 0.5059 -0.8221
vn -0.6348 0.2833 -0.7189
vn -0.4467 0.1780 -0.8768
vn -0.6646 0.2636 -0.6992
vn -0.7859 -0.3668 0.4978
vn -0.9672 0.1079 0.2300
vn -0.9257 -0.0621 0.3730
vn -0.8760 0.4352 0.2080
vn -0.9078 0.0160 0.4192
vn -0.4810 0.8377 -0.2586
vn -0.5902 0.7979 0.1225
vn -0.8229 0.1442 -0.5495
vn -0.6271 -0.0188 -0.7787
vn -0.5898 -0.1351 -0.7961
vn 0.3215 0.5283 -0.7858
vn 0.8008 0.1155 -0.5877
vn 0.7293 0.5243 -0.4396
vn -0.1723 0.1990 -0.9647
vn -0.6157 0.1547 -0.7727
vn 0.0559 0.5143 -0.8558
vn -0.3815 -0.8530 -0.3561
vn -0.5723 -0.6232 -0.5330
vn -0.9510 -0.3049 -0.0523
vn -0.5270 0.2814 -0.8019
vn -0.2665 0.4129 -0.8709
vn -0.2239 -0.0802 -0.9713
vn 0.2797 0.2906 -0.9150
vn 0.1898 0.5082 -0.8401
vn 0.1808 0.7711 -0.6105
vn -0.5076 0.3233 -0.7987
vn -0.5671 0.3329 -0.7533
vn -0.6794 0.3156 -0.6624
vn -0.0300 0.9920 -0.1230
vn 0.2243 0.8909 -0.3950
vn 0.3458 0.9310 -0.1166
vn 0.5268 0.5081 -0.6814
vn 0.5565 0.4491 -0.6990
vn 0.7550 0.3186 -0.5731
vn -0.6838 -0.7172 0.1343
vn -0.7632 -0.4386 0.4745
vn -0.8213 -0.5696 0.0314
vn -0.5133 -0.7175 0.4708
vn -0.0557 -0.0751 0.9956
vn -0.5357 -0.7680 0.3511
vn -0.1597 -0.4120 0.8971
vn -0.8551 -0.0906 0.5105
vn -0.8864 -0.3133 0.3407
vn -0.9422 0.0404 0.3325
vn -0.7184 -0.3733 0.5870
vn -0.8332 -0.4092 0.3720
vn -0.7212 0.3041 0.6225
vn -0.6988 0.5485 0.4592
vn -0.7708 -0.6342 0.0607
vn -0.9034 -0.3332 -0.2699
vn -0.6234 -0.7322 0.2745
vn -0.9663 0.2188 0.1353
vn -0.9213 0.2513 0.2967
vn -0.9829 0.1312 0.1291
vn -0.9796 0.1539 0.1290
vn -0.9471 0.2757 0.1644
vn -0.9758 0.2165 0.0296
vn -0.9779 0.2051 -0.0398
vn -0.9122 0.3522 -0.2092
vn -0.9823 0.0943 0.1620
vn -0.9778 0.1765 0.1132
vn -0.5165 0.1750 0.8382
vn -0.9466 -0.1238 0.2978
vn -0.6172 0.2774 0.7363
vn -0.8578 -0.4894 -0.1571
vn -0.8761 -0.4742 -0.0868
vn 0.5022 0.4833 -0.7171
vn 0.6481 0.2572 -0.7168
vn 0.5385 0.0375 -0.8418
vn -0.3763 0.5558 -0.7412
vn -0.1871 -0.0427 -0.9814
vn -0.6204 0.3253 -0.7136
vn 0.3454 -0.4795 -0.8067
vn 0.1560 -0.8045 -0.5731
vn 0.6964 -0.6826 0.2215
vn -0.0497 -0.2430 -0.9688
vn -0.2217 -0.3991 -0.8897
vn 0.6832 0.5834 0.4393
vn 0.3379 0.8292 0.4452
vn 0.5144 0.8434 0.1551
vn 0.9058 0.4200 -0.0560
vn 0.7195 0.6820 -0.1313
vn 0.7017 0.6305 0.3319
vn 0.8889 0.3086 0.3385
vn 0.7430 0.4253 0.5168
vn 0.6289 0.5116 -0.5854
vn 0.8605 0.1413 -0.4894
vn 0.5319 0.4897 -0.6908
vn -0.2407 -0.2509 0.9376
vn -0.0436 -0.4914 0.8698
vn -0.2881 -0.3242 0.9011
vn -0.2362 -0.4500 0.8612
vn -0.1873 -0.5118 0.8384
vn 0.0407 -0.4201 0.9065
vn -0.3428 -0.2435 0.9073
vn -0.0583 0.9794 -0.1934
vn -0.0253 0.9889 -0.1461
vn -0.0662 0.9828 -0.1722
vn -0.5605 -0.1375 0.8167
vn -0.8178 0.4970 0.2901
vn -0.6819 0.3232 0.6562
vn -0.8800 -0.2454 0.4067
vn 0.0041 -0.7531 -0.6578
vn -0.5896 -0.7793 -0.2120
vn -0.3679 -0.7528 -0.5459
vn 0.5483 -0.6632 -0.5094
vn 0.5013 -0.5354 -0.6798
vn -0.6337 -0.2603 -0.7285
vn -0.8831 -0.1198 -0.4537
vn -0.8036 0.0981 -0.5871
vn -0.8238 -0.5580 0.1001
vn -0.8840 -0.4393 0.1600
vn -0.9462 -0.1868 -0.2642
vn -0.8780 0.0652 -0.4742
vn -0.4444 -0.8101 -0.3824
vn -0.5897 -0.7731 -0.2334
vn -0.4478 -0.8639 -0.2306
vn 0.9261 0.0708 -0.3707
vn 0.5553 -0.1743 -0.8132
vn 0.5646 0.2767 -0.7776
vn -0.0712 0.2776 -0.9580
vn -0.8653 -0.4581 0.2032
vn -0.8850 0.0128 -0.4653
vn -0.8230 0.1061 -0.5581
vn -0.9044 0.0714 -0.4207
vn -0.7985 -0.0507 -0.5998
vn -0.9226 0.1508 -0.3550
vn -0.9270 -0.0569 -0.3708
vn -0.4442 0.1185 -0.8880
vn -0.7267 0.1747 -0.6643
vn -0.5473 0.0202 -0.8367
vn -0.3177 0.4217 0.8492
vn 0.7340 0.3365 0.5899
vn 0.7079 0.5439 0.4506
vn 0.8270 0.3723 0.4212
vn 0.6921 0.5105 0.5103
vn 0.4601 0.8850 -0.0718
vn 0.3330 0.9241 0.1872
vn 0.1036 0.6532 0.7501
vn 0.6109 0.2243 0.7593
vn 0.3993 0.9147 -0.0619
vn -0.4249 0.9021 0.0756
vn -0.1862 0.5595 -0.8076
vn -0.1528 0.3319 0.9309
vn -0.1750 0.9519 0.2514
vn -0.2040 0.9755 0.0826
vn -0.8261 0.4440 0.3470
vn -0.9082 0.1894 0.3733
vn -0.8769 0.1583 0.4539
vn -0.2530 0.3616 0.8974
vn -0.1195 0.0370 0.9921
vn 0.0358 0.6930 0.7201
vn 0.5166 0.3943 0.7600
vn 0.4404 0.5269 0.7270
vn 0.3458 0.6729 -0.6539
vn 0.2712 0.9292 -0.2510
vn 0.2358 0.6084 -0.7577
vn -0.1342 0.6071 0.7832
vn -0.0795 0.7969 0.5989
vn 0.1035 0.9190 0.3804
vn -0.0824 -0.6370 -0.7665
vn -0.0984 -0.7819 -0.6156
vn -0.3268 -0.9410 -0.0878
vn -0.1024 -0.8152 -0.5701
vn 0.3751 0.0758 -0.9239
vn -0.0696 -0.4450 -0.8928
vn -0.8731 0.2030 0.4433
vn -0.5566 0.3272 0.7636
vn -0.9412 0.1628 0.2962
vn -0.9892 0.0474 0.1389
vn -0.0794 0.5999 0.7961
vn 0.0407 0.9432 0.3298
vn -0.1230 0.4726 0.8727
vn -0.7686 0.1176 0.6288
vn -0.2707 0.3199 0.9080
vn -0.9929 -0.0578 0.1043
vn -0.9993 -0.0370 0.0060
vn -0.2929 -0.9498 0.1102
vn 0.0396 -0.7511 -0.6590
vn 0.0659 -0.7012 -0.7099
vn -0.4603 -0.7279 0.5082
vn -0.4617 -0.8245 0.3271
vn -0.2779 -0.4164 -0.8657
vn -0.1007 -0.5817 -0.8072
vn -0.9991 -0.0219 -0.0376
vn -0.9996 0.0299 -0.0009
vn -0.2662 -0.0864 -0.9600
vn 0.0282 0.4166 -0.9086
vn 0.1007 -0.1240 -0.9872
vn 0.2310 0.5295 -0.8162
vn 0.0819 0.8746 -0.4779
vn 0.2905 0.8472 -0.4448
vn -0.0253 -0.1615 -0.9866
vn -0.0999 -0.8389 -0.5351
vn -0.2011 -0.1679 -0.9651
vn -0.9939 -0.0305 -0.1060
vn -0.9939 -0.0306 -0.1060
vn -0.9812 -0.1201 -0.1511
vn -0.8737 0.3019 0.3814
vn -0.0663 -0.8130 0.5784
vn -0.2559 -0.5398 0.8020
vn 0.4506 -0.5344 0.7152
vn 0.0837 -0.7602 0.6443
vn 0.3930 -0.7493 0.5330
vn 0.8733 -0.0058 0.4871
vn 0.2050 0.4616 0.8631
vn 0.4023 -0.4071 0.8200
vn -0.5636 -0.7280 -0.3904
vn 0.0377 -0.1663 -0.9853
vn 0.7681 -0.6011 0.2206
vn 0.8434 -0.4548 0.2860
vn 0.7376 -0.5263 0.4229
vn 0.8624 -0.5047 0.0385
vn 0.8163 -0.5773 -0.0197
vn 0.8254 -0.5641 -0.0203
vn 0.7534 -0.6562 0.0422
vn -0.5568 0.4677 -0.6865
vn -0.7132 0.4047 -0.5724
vn -0.7827 0.3101 -0.5397
vn 0.8272 -0.5451 0.1365
vn 0.8737 -0.4771 -0.0949
vn 0.9510 -0.2488 0.1836
vn -0.5291 -0.8282 0.1849
vn -0.5702 -0.6280 0.5297
vn -0.6706 -0.6296 0.3922
vn -0.4250 0.5278 -0.7354
vn -0.2088 0.3547 -0.9114
vn -0.2199 0.4257 -0.8777
vn -0.9459 -0.0406 0.3220
vn -0.8391 0.0077 0.5439
vn -0.8502 -0.1245 0.5115
vn -0.9197 0.0356 0.3911
vn -0.9905 0.0357 0.1327
vn -0.9756 0.0322 0.2170
vn 0.1929 0.9804 0.0411
vn 0.0763 0.9954 -0.0571
vn 0.5658 -0.0556 -0.8226
vn 0.7675 0.1984 -0.6095
vn 0.6064 0.3208 -0.7276
vn 0.8770 -0.4372 -0.1992
vn 0.9005 -0.4344 0.0179
vn -0.6050 -0.6394 0.4746
vn -0.5454 -0.8377 0.0284
vn -0.5778 -0.7821 0.2334
vn -0.4987 0.1566 0.8525
vn -0.5118 0.3362 0.7906
vn -0.2099 -0.9489 0.2355
vn -0.2327 -0.8904 0.3912
vn -0.5023 -0.6637 0.5544
vn 0.3645 -0.5347 -0.7624
vn 0.3469 -0.7690 -0.5370
vn 0.8038 -0.1660 -0.5713
vn 0.3274 -0.7577 -0.5646
vn 0.7220 -0.6443 -0.2522
vn 0.0187 -0.6584 -0.7524
vn 0.1695 -0.1780 -0.9693
vn 0.1344 -0.5802 -0.8033
vn 0.0334 -0.5453 -0.8376
vn -0.5648 -0.3494 0.7476
vn -0.5613 -0.4629 0.6861
vn -0.4035 0.4719 0.7839
vn -0.8257 0.2953 0.4806
vn -0.4238 0.5606 0.7114
vn 0.8218 -0.5586 -0.1123
vn 0.8194 -0.4001 -0.4104
vn -0.6883 -0.7086 0.1553
vn -0.0253 -0.8412 -0.5402
vn -0.5550 -0.8003 0.2269
vn 0.1876 0.9750 -0.1191
vn 0.2014 0.9779 0.0561
vn 0.0217 0.9509 0.3086
vn -0.8269 -0.2507 0.5033
vn -0.9545 -0.0845 0.2860
vn 0.9136 0.0807 0.3985
vn 0.9571 0.2130 0.1966
vn 0.9634 -0.2075 0.1698
vn 0.8474 -0.4681 0.2506
vn -0.2304 0.6270 0.7442
vn -0.6669 0.5187 0.5350
vn -0.2392 0.6984 0.6746
vn 0.9878 -0.0930 0.1248
vn 0.9985 0.0248 -0.0482
vn 0.8265 -0.3910 0.4049
vn 0.7976 -0.0846 0.5972
vn 0.7930 -0.4205 0.4408
vn -0.3580 -0.5358 0.7647
vn -0.0000 -0.5161 0.8565
vn 0.0126 -0.9041 0.4272
vn -0.2795 -0.7787 0.5617
vn -0.1192 -0.0239 0.9926
vn -0.1075 0.7424 0.6613
vn -0.2301 -0.1279 0.9647
vn -0.8124 0.0898 0.5761
vn -0.3840 0.0571 0.9216
vn -0.4200 0.1794 0.8896
vn -0.0666 0.8541 0.5158
vn 0.0315 0.9995 0.0008
vn -0.3107 0.5877 0.7470
vn -0.2437 0.8408 0.4835
vn -0.2043 0.8951 0.3962
vn -0.8381 0.0187 0.5452
vn -0.5978 -0.0332 0.8010
vn -0.2101 0.2180 0.9531
vn -0.2971 -0.2059 0.9324
vn -0.1708 -0.2104 0.9626
vn -0.3295 -0.2667 0.9057
vn -0.3216 -0.0576 0.9451
vn -0.9482 0.0541 0.3132
vn -0.6640 -0.2450 -0.7064
vn -0.6811 -0.1897 -0.7072
vn -0.7351 -0.3034 -0.6063
vn -0.3469 0.6907 0.6344
vn -0.4381 0.3795 0.8149
vn -0.1979 0.9411 0.2740
vn -0.2753 -0.7914 -0.5458
vn -0.0347 -0.9629 -0.2676
vn 0.0856 -0.8058 -0.5859
vn -0.3523 -0.2060 0.9129
vn -0.5655 0.2324 0.7913
vn -0.3587 0.3837 0.8509
vn -0.5179 -0.4577 0.7227
vn -0.1342 -0.9022 0.4100
vn -0.2702 -0.9204 0.2826
vn 0.0727 -0.2773 -0.9580
vn -0.0636 0.0074 -0.9980
vn -0.0368 -0.3009 -0.9529
vn -0.3299 -0.4521 -0.8287
vn 0.1802 -0.3348 -0.9249
vn -0.1935 -0.2548 -0.9475
vn -0.0471 -0.9966 0.0676
vn -0.6017 -0.2914 -0.7437
vn 0.0501 0.6085 -0.7920
vn 0.1539 0.0702 -0.9856
vn 0.1521 0.5348 -0.8312
vn -0.2961 0.9455 0.1352
vn -0.2767 0.9177 0.2851
vn 0.6686 0.2433 -0.7027
vn -0.1075 -0.0495 -0.9930
vn -0.0515 0.2050 -0.9774
vn -0.0821 0.1745 -0.9812
vn 0.8035 0.2291 -0.5494
vn -0.8071 -0.5637 0.1755
vn -0.8387 -0.4547 0.2997
vn -0.0622 0.8413 -0.5369
vn 0.1161 0.6679 -0.7351
vn 0.1761 0.8056 -0.5657
vn -0.3083 -0.0437 -0.9503
vn -0.3024 -0.0826 -0.9496
vn -0.1349 0.5968 -0.7910
vn 0.0442 -0.0734 -0.9963
vn -0.1800 -0.1173 -0.9766
vn -0.1695 -0.8012 -0.5738
vn -0.2980 0.1251 -0.9463
vn -0.4463 0.0072 -0.8948
vn 0.0310 0.6486 -0.7605
vn 0.3245 0.5229 -0.7882
vn 0.0512 0.9237 -0.3796
vn 0.3639 -0.0203 -0.9312
vn 0.9485 0.0916 0.3032
vn 0.8648 0.2280 0.4475
vn 0.9719 0.0986 0.2136
vn 0.8306 0.2758 0.4838
vn -0.0400 0.9843 -0.1718
vn -0.0784 0.9965 0.0283
vn -0.0864 0.9956 0.0356
vn -0.1618 0.9681 0.1914
vn -0.7712 -0.5687 0.2861
vn -0.6085 -0.5854 0.5358
vn -0.4260 -0.5520 0.7168
vn -0.5169 -0.6303 0.5792
vn -0.2014 -0.9790 0.0300
vn 0.0131 -0.3133 0.9496
vn 0.1098 -0.8005 0.5892
vn -0.4172 0.8896 -0.1856
vn -0.2535 0.9334 0.2538
vn -0.2572 0.9271 0.2725
vn 0.2444 0.5900 0.7695
vn -0.1180 0.4968 0.8598
vn 0.3922 -0.5963 -0.7004
vn 0.2491 0.0781 -0.9653
vn -0.1095 -0.3370 -0.9351
vn 0.1653 0.4810 -0.8610
vn 0.7557 -0.6514 0.0680
vn 0.9283 -0.3110 0.2037
vn 0.9082 -0.3152 0.2753
vn 0.9622 -0.1597 0.2204
vn 0.9731 -0.1135 0.2003
vn 0.0616 -0.9793 0.1927
vn -0.4958 -0.2092 -0.8428
vn -0.5856 -0.2326 -0.7765
vn -0.6689 -0.1110 -0.7350
vn 0.1525 -0.9393 -0.3074
vn 0.8662 -0.4969 0.0526
vn 0.1794 -0.8538 -0.4887
vn 0.5722 -0.6860 0.4494
vn 0.3268 -0.9392 0.1054
vn 0.4214 -0.4708 0.7751
vn -0.3777 0.7021 0.6037
vn -0.5515 0.5635 0.6151
vn -0.2648 0.6623 0.7009
vn -0.8540 0.1586 0.4955
vn -0.6888 0.2576 0.6776
vn -0.8234 0.3222 0.4672
vn 0.1000 0.8127 0.5741
vn -0.1986 0.6502 0.7334
vn 0.2655 0.9617 0.0686
vn -0.1509 0.8663 0.4762
vn -0.0060 0.8924 0.4512
vn -0.3600 -0.1442 0.9217
vn -0.4553 -0.0830 0.8865
vn -0.4295 0.2105 0.8782
vn -0.3059 -0.9429 -0.1319
vn 0.3954 0.6531 -0.6459
vn -0.3128 0.6342 -0.7070
vn -0.3010 0.4106 -0.8607
vn -0.6450 0.5810 -0.4964
vn -0.4106 0.6068 -0.6806
vn 0.0488 -0.1059 -0.9932
vn -0.0054 -0.2221 -0.9750
vn -0.0500 -0.0866 -0.9950
vn -0.1071 0.1166 -0.9874
vn 0.1458 -0.0257 -0.9890
vn 0.3063 -0.2034 -0.9300
vn 0.6028 -0.0809 -0.7938
vn -0.1795 0.2824 0.9424
vn -0.2896 0.2123 0.9333
vn -0.3374 0.4725 0.8142
vn 0.0232 0.2861 0.9579
vn 0.7792 -0.1652 -0.6046
vn 0.8305 -0.0676 -0.5529
vn 0.7343 0.2177 -0.6430
vn -0.9007 -0.4180 0.1185
vn -0.6924 -0.6847 0.2276
vn -0.8109 -0.5849 0.0196
vn -0.8469 -0.3333 0.4144
vn -0.9495 -0.2242 0.2193
vn -0.7992 -0.3532 0.4863
vn -0.4104 0.8756 0.2547
vn 0.5770 0.7498 0.3238
vn 0.5214 0.6769 0.5195
vn -0.7148 0.6662 0.2130
vn -0.7932 0.5883 0.1575
vn -0.8620 0.4544 0.2246
vn 0.5436 -0.6502 -0.5308
vn 0.8587 -0.2095 -0.4678
vn 0.7997 -0.2536 -0.5442
vn 0.9075 0.3794 0.1802
vn 0.8817 0.3704 0.2923
vn 0.9287 0.3554 0.1056
vn 0.9397 0.3352 -0.0672
vn 0.9985 0.0539 0.0046
vn 0.9238 -0.2491 -0.2908
vn 0.9536 -0.2378 -0.1844
vn 0.6348 -0.4976 -0.5911
vn 0.4693 -0.6591 -0.5876
vn 0.1834 -0.9611 -0.2067
vn -0.7154 -0.6934 0.0864
vn -0.9058 0.1213 -0.4059
vn -0.9922 0.0387 -0.1185
vn -0.7587 0.0974 -0.6441
vn -0.6856 -0.7241 -0.0755
vn -0.8640 -0.2087 -0.4582
vn -0.8169 -0.3156 -0.4827
vn -0.8505 -0.0642 -0.5220
vn -0.8234 0.0389 -0.5662
vn -0.8654 -0.4763 0.1558
vn -0.0784 -0.9323 -0.3531
vn -0.9112 -0.1619 -0.3789
vn -0.8367 -0.3633 -0.4099
vn -0.9660 -0.1713 -0.1938
vn -0.9581 -0.1257 -0.2574
vn -0.8890 -0.4403 -0.1254
vn -0.7749 -0.6223 -0.1109
vn -0.9808 0.0666 -0.1832
vn -0.9528 -0.2977 0.0601
vn -0.7766 -0.5668 0.2751
vn -0.6640 -0.6902 0.2877
vn -0.3813 -0.8208 0.4253
vn -0.4104 -0.8004 0.4370
vn -0.2463 0.3242 0.9134
vn -0.6721 0.0408 0.7393
vn -0.9896 -0.1400 0.0330
vn 0.1290 -0.7093 0.6930
vn 0.4059 -0.3873 0.8278
vn -0.0064 -0.0245 0.9997
vn 0.0298 -0.4656 0.8845
vn -0.0895 -0.1148 0.9893
vn 0.3670 0.3696 0.8537
vn 0.7274 0.2396 0.6430
vn 0.6169 0.5748 0.5376
vn 0.8378 0.3295 0.4353
vn -0.3316 0.1080 0.9372
vn 0.0397 0.6348 0.7716
vn -0.4939 0.2060 0.8447
vn -0.0572 0.7672 0.6389
vn 0.3546 0.9134 0.1997
vn -0.0965 0.7959 0.5977
vn 0.2533 0.9672 -0.0217
vn 0.5373 0.8351 -0.1177
vn 0.3323 0.8825 -0.3330
vn -0.0000 0.8704 -0.4923
vn 0.7472 -0.6608 -0.0709
vn 0.3783 -0.8721 0.3104
vn 0.8427 -0.5115 -0.1680
vn 0.4485 -0.8749 0.1824
vn 0.7816 -0.6182 -0.0832
vn 0.8393 -0.5240 -0.1450
vn 0.8301 -0.5143 -0.2153
vn 0.6937 -0.7125 -0.1053
vn 0.9416 -0.1340 -0.3090
vn 0.9539 0.1003 -0.2829
vn 0.7891 0.4796 -0.3837
vn 0.9268 -0.2067 -0.3136
vn 0.9629 0.2248 -0.1494
vn 0.5135 0.8194 0.2549
vn 0.9868 -0.0787 -0.1418
vn 0.9032 -0.1910 -0.3844
vn 0.9030 -0.2743 -0.3307
vn 0.9876 0.0738 -0.1386
vn 0.9535 -0.2663 -0.1408
vn 0.8834 -0.3620 -0.2977
vn 0.8823 0.2009 0.4257
vn 0.4330 -0.5514 0.7131
vn 0.5693 -0.2901 0.7692
vn 0.2593 -0.4639 0.8471
vn 0.5069 -0.2161 0.8345
vn 0.6791 -0.2724 0.6816
vn 0.6242 -0.5883 0.5141
vn 0.6659 0.2511 0.7025
vn 0.8054 0.2486 0.5380
vn 0.7520 0.3755 0.5418
vn 0.8160 0.3771 0.4380
vn 0.7274 0.4277 0.5366
vn 0.8640 0.3000 0.4044
vn 0.8565 0.3146 0.4092
vn 0.3845 0.6271 0.6775
vn 0.0569 0.8719 0.4863
vn -0.2814 0.6551 0.7012
vn -0.2703 0.8871 0.3742
vn -0.7867 0.4387 0.4344
vn -0.0226 0.9168 0.3988
vn -0.6432 0.6606 0.3872
vn -0.1320 0.9901 0.0468
vn -0.8433 0.5200 -0.1355
vn 0.0888 0.9334 -0.3478
vn -0.7241 0.4657 -0.5087
vn 0.7035 -0.3913 -0.5933
vn 0.6143 -0.4920 -0.6168
vn 0.8122 -0.4194 -0.4055
vn 0.7316 -0.6376 -0.2412
vn 0.2911 -0.9511 0.1038
vn -0.0648 -0.9963 -0.0562
vn -0.1750 -0.6863 -0.7060
vn 0.7736 -0.4840 -0.4089
vn 0.7985 -0.3724 -0.4730
vn 0.8174 -0.4153 -0.3992
vn -0.6125 -0.7313 0.2999
vn -0.8280 -0.5246 0.1979
vn -0.4600 -0.7166 0.5243
vn -0.4522 0.2408 0.8588
vn 0.6415 0.5484 -0.5365
vn -0.6208 -0.3297 0.7113
vn -0.3502 -0.0890 0.9324
vn -0.6133 -0.6758 0.4089
vn -0.4821 -0.6016 0.6370
vn -0.6032 -0.7975 0.0081
vn -0.6212 -0.7237 0.3007
vn -0.6186 -0.7468 0.2442
vn -0.5356 0.3053 -0.7873
vn -0.4380 0.1330 -0.8891
vn -0.3341 0.0154 -0.9424
vn -0.5133 0.1822 -0.8387
vn -0.4692 0.4662 -0.7500
vn -0.6860 0.3682 -0.6275
vn -0.2467 0.0389 -0.9683
vn -0.5507 -0.1779 -0.8155
vn -0.3145 0.1740 -0.9332
vn -0.3247 -0.1907 -0.9264
vn -0.2534 -0.9607 0.1130
vn -0.2025 0.2591 -0.9444
vn -0.2240 0.2919 -0.9299
vn -0.1378 0.1899 -0.9721
vn -0.1516 0.9013 -0.4059
vn -0.3062 0.5840 -0.7518
vn -0.3929 0.2174 0.8935
vn 0.3294 0.0928 -0.9396
vn -0.1155 0.2173 -0.9692
vn 0.6307 0.1505 -0.7613
vn 0.8799 0.0136 -0.4750
vn 0.9492 0.0719 -0.3065
vn 0.9577 0.1403 -0.2513
vn -0.8712 -0.4558 -0.1824
vn -0.2685 0.2884 -0.9191
vn -0.3623 0.1316 -0.9227
vn -0.4042 -0.2135 -0.8894
vn -0.3833 0.2649 -0.8848
vn -0.0685 0.9852 -0.1571
vn 0.0611 0.9979 -0.0198
vn 0.0390 0.9597 -0.2785
vn 0.3282 0.9371 -0.1190
vn 0.2312 0.9635 -0.1352
vn -0.2597 0.4251 -0.8671
vn -0.3661 0.0922 0.9260
vn -0.5492 0.4394 -0.7108
vn -0.2503 0.2981 0.9211
vn -0.2368 0.4178 0.8771
vn -0.6590 0.0622 0.7496
vn -0.5945 0.4934 0.6349
vn -0.8723 -0.2291 0.4320
vn -0.9800 0.1920 0.0518
vn -0.8832 0.3677 0.2911
vn -0.9498 0.2612 0.1720
vn -0.3174 0.5040 0.8033
vn -0.0640 0.1317 0.9892
vn -0.8263 -0.5175 -0.2225
vn -0.3430 0.3153 -0.8848
vn -0.8432 -0.3051 -0.4426
vn -0.9013 -0.1431 -0.4088
vn -0.7171 -0.0894 -0.6912
vn -0.9357 -0.3086 -0.1707
vn -0.9824 -0.1836 -0.0340
vn -0.0354 -0.8391 -0.5428
vn -0.0450 -0.8388 -0.5426
vn -0.5982 -0.0308 -0.8008
vn 0.1305 -0.7375 -0.6626
vn -0.1406 -0.9892 0.0424
vn -0.4927 -0.4572 0.7404
vn -0.3688 -0.8638 0.3433
vn -0.2387 -0.4813 0.8434
vn -0.7294 -0.5429 0.4163
vn -0.6522 -0.7078 0.2715
vn -0.4219 0.1136 0.8995
vn -0.6851 0.1817 0.7054
vn -0.5298 0.6022 0.5972
vn -0.9111 0.1850 0.3682
vn -0.9717 -0.1857 0.1456
vn -0.4533 0.5574 0.6956
vn -0.3233 0.5646 0.7594
vn -0.0589 0.9382 0.3412
vn -0.2821 0.7658 0.5779
vn -0.3351 0.7465 0.5749
vn 0.5955 0.6651 -0.4505
vn 0.3478 0.8274 -0.4410
vn 0.3676 0.6631 -0.6521
vn 0.5411 0.8030 -0.2500
vn 0.6775 0.6876 -0.2611
vn 0.6503 0.7376 -0.1817
vn 0.9155 0.3918 0.0918
vn 0.8294 0.5107 0.2263
vn 0.8860 0.3360 0.3194
vn 0.7911 0.3398 -0.5087
vn 0.6646 0.2587 -0.7010
vn 0.7222 -0.2077 -0.6598
vn 0.3794 0.0932 -0.9205
vn 0.5210 -0.4002 -0.7539
vn 0.7880 -0.4621 -0.4068
vn 0.8770 -0.3746 -0.3009
vn 0.9849 0.0508 -0.1653
vn 0.5845 -0.4802 -0.6540
vn 0.9248 -0.3799 0.0210
vn 0.9337 -0.3572 -0.0271
vn 0.7257 -0.5088 0.4631
vn 0.7159 -0.3050 0.6281
vn 0.4872 -0.6106 0.6243
vn 0.5089 -0.0390 0.8600
vn 0.5869 -0.0841 0.8053
vn 0.4786 -0.0560 0.8762
vn 0.8959 0.2195 0.3862
vn 0.5925 0.1747 0.7864
vn 0.9462 -0.0723 0.3154
vn 0.6375 -0.2606 0.7250
vn 0.3438 0.1197 0.9314
vn 0.8674 -0.3769 -0.3249
vn -0.1343 -0.4036 0.9050
vn -0.2157 -0.9395 0.2662
vn 0.6568 0.7047 -0.2682
vn 0.3569 0.9320 -0.0628
vn 0.4124 0.8475 -0.3340
vn 0.6788 0.3022 -0.6693
vn 0.7632 0.0049 -0.6462
vn 0.6832 -0.0979 -0.7237
vn 0.8867 0.1509 -0.4371
vn 0.8563 0.3013 -0.4196
vn 0.3767 0.1038 -0.9205
vn 0.6089 0.3748 -0.6991
vn 0.1792 0.1316 -0.9750
vn 0.2944 0.3606 -0.8850
vn 0.6490 0.2778 -0.7083
vn 0.6399 0.1031 -0.7615
vn 0.4222 0.1234 -0.8981
vn 0.1713 0.2085 -0.9629
vn 0.2397 0.4093 -0.8804
vn 0.5178 0.5745 -0.6339
vn 0.6268 0.5642 -0.5374
vn 0.6330 0.5158 -0.5773
vn 0.2635 0.5070 -0.8207
vn 0.5607 0.4521 -0.6937
vn 0.2262 0.2076 -0.9517
vn 0.5553 0.0189 -0.8315
vn 0.7221 -0.0474 -0.6902
vn 0.7595 -0.2936 -0.5805
vn 0.7537 0.2117 -0.6222
vn 0.6837 -0.2824 -0.6729
vn 0.7301 -0.3562 -0.5831
vn 0.6264 -0.3229 -0.7095
vn 0.4791 -0.8430 0.2445
vn 0.6640 -0.7245 -0.1850
vn 0.4823 -0.7197 0.4995
vn 0.3114 -0.9491 -0.0475
vn -0.0437 -0.9086 0.4154
vn -0.3022 -0.9214 0.2444
vn -0.0418 -0.9937 0.1044
vn 0.0641 -0.6591 0.7493
vn -0.4287 -0.6587 0.6183
vn -0.6379 -0.6142 0.4647
vn -0.9307 -0.3630 0.0442
vn -0.8961 -0.4117 0.1658
vn -0.9575 -0.2789 0.0736
vn -0.8430 -0.5247 0.1182
vn -0.7110 -0.6823 -0.1701
vn -0.6111 -0.7854 -0.0985
vn -0.5784 -0.4457 0.6832
vn -0.6415 -0.2932 0.7089
vn -0.1951 -0.4800 0.8553
vn -0.0709 -0.1515 -0.9859
vn -0.2238 0.2162 -0.9504
vn 0.1068 -0.5742 -0.8117
vn -0.0456 -0.7498 0.6601
vn 0.0646 -0.7885 0.6116
vn 0.7194 -0.6644 -0.2028
vn 0.2013 -0.9357 -0.2896
vn -0.2976 -0.0766 0.9516
vn -0.2047 -0.0790 0.9756
vn -0.4093 0.1204 0.9044
vn -0.6390 0.1354 0.7572
vn -0.5853 -0.5023 0.6365
vn -0.6840 -0.0880 0.7241
vn -0.8937 -0.1970 0.4032
vn -0.9097 0.0804 0.4074
vn -0.8763 0.0858 0.4741
vn -0.5874 -0.3674 0.7211
vn -0.9044 0.2051 0.3741
vn -0.9315 0.1885 0.3110
vn -0.9581 -0.2314 0.1687
vn -0.8779 -0.3347 0.3424
vn -0.5046 -0.6077 0.6133
vn -0.8456 -0.3562 -0.3976
vn -0.9129 -0.3458 -0.2168
vn -0.8220 -0.3205 -0.4708
vn -0.9061 -0.3480 -0.2407
vn -0.5632 -0.6657 -0.4895
vn -0.4304 -0.7655 -0.4783
vn -0.4250 -0.5404 -0.7262
vn -0.1239 -0.7970 -0.5911
vn -0.1435 -0.8477 -0.5107
vn -0.2425 -0.8133 -0.5290
vn 0.8606 -0.4875 -0.1472
vn 0.8514 -0.3187 0.4167
vn 0.9832 0.0473 0.1764
vn 0.9692 -0.2165 -0.1175
vn 0.8978 -0.3863 -0.2115
vn 0.7489 0.2910 0.5954
vn 0.3929 0.1276 0.9107
vn 0.5099 -0.5956 0.6207
vn -0.0013 -0.0676 0.9977
vn 0.1926 -0.7848 0.5891
vn 0.2098 -0.9645 0.1606
vn 0.4166 -0.8996 0.1307
vn 0.1984 -0.5548 -0.8079
vn -0.1042 -0.3952 -0.9127
vn 0.1926 -0.2506 -0.9487
vn 0.6407 -0.7655 0.0585
vn -0.0113 -0.6666 -0.7454
vn 0.3284 -0.0810 -0.9410
vn 0.3159 -0.4983 -0.8074
vn -0.9645 -0.2184 0.1482
vn -0.9247 0.0358 0.3789
vn -0.6284 0.1910 0.7541
vn -0.7214 0.3894 0.5727
vn -0.4129 0.7023 0.5799
vn -0.6681 0.4190 0.6149
vn -0.9654 -0.2109 -0.1532
vn -0.7682 -0.5045 -0.3942
vn -0.4375 -0.8072 -0.3963
vn -0.5313 -0.6536 -0.5390
vn -0.3383 -0.8992 -0.2775
vn 0.9600 -0.0255 -0.2789
vn 0.7958 -0.4974 -0.3454
vn 0.9728 -0.2232 -0.0628
vn 0.8281 -0.3209 -0.4596
vn 0.9112 -0.0548 -0.4083
vn 0.8309 -0.2548 -0.4947
vn 0.8717 0.4852 0.0682
vn 0.8495 0.3696 0.3764
vn 0.8769 0.4654 -0.1198
vn 0.2714 0.8705 0.4106
vn 0.2881 0.7663 0.5743
vn 0.4366 0.8746 0.2111
vn 0.6772 0.1854 0.7121
vn 0.1965 0.6396 0.7432
vn -0.0499 0.8313 0.5536
vn 0.0092 0.6959 0.7181
vn -0.3122 0.8184 0.4824
vn -0.9285 -0.0458 -0.3686
vn -0.7933 0.4323 -0.4286
vn -0.6518 0.2277 -0.7234
vn -0.9723 0.0086 -0.2337
vn -0.9839 -0.1570 -0.0848
vn -0.6450 -0.4122 -0.6435
vn -0.2870 -0.2541 -0.9236
vn -0.4234 -0.5159 -0.7447
vn -0.1228 -0.3129 -0.9418
vn 0.8555 -0.4827 0.1874
vn 0.4623 -0.8664 -0.1889
vn 0.5369 -0.7828 0.3145
vn 0.6641 -0.7117 -0.2289
vn 0.2388 -0.0983 0.9661
vn 0.1077 -0.9868 0.1210
vn -0.1918 -0.1456 0.9706
vn -0.0701 0.4466 0.8920
vn -0.3310 0.2943 0.8966
vn -0.1850 0.5601 0.8075
vn -0.1422 0.4613 -0.8758
vn -0.0439 0.8929 -0.4480
vn -0.3707 0.7863 -0.4942
vn 0.0853 -0.0751 -0.9935
vn 0.1847 -0.2039 -0.9614
vn 0.2884 -0.8890 -0.3557
vn -0.3274 -0.3744 0.8676
vn 0.9467 -0.0017 -0.3220
vn 0.9343 0.2805 -0.2199
vn 0.9007 0.3714 -0.2255
vn 0.8869 0.4162 -0.2005
vn 0.0077 0.9640 -0.2658
vn -0.9789 -0.0981 0.1791
vn -0.9652 0.0781 0.2496
vn -0.9801 -0.1712 0.1007
vn -0.6080 0.7928 -0.0426
vn -0.5265 0.6958 0.4885
vn -0.4477 0.7344 0.5101
vn -0.8589 0.3191 0.4005
vn -0.8873 0.3000 0.3504
vn -0.9194 0.1868 0.3462
vn 0.1387 -0.9786 -0.1518
vn -0.4522 0.7697 0.4506
vn -0.5201 0.7658 0.3781
vn -0.5660 0.2715 0.7784
vn -0.4043 -0.8876 0.2208
vn -0.3586 -0.9308 -0.0705
vn -0.3411 0.5281 0.7777
vn -0.5189 0.1060 0.8482
vn -0.4079 -0.3106 0.8586
vn 0.1511 0.4834 0.8622
vn 0.1408 0.7473 0.6494
vn -0.1737 0.8968 0.4069
vn 0.0407 0.9826 0.1811
vn 0.3420 0.9391 0.0340
vn 0.2158 0.9747 0.0580
vn 0.4240 0.9050 -0.0351
vn 0.3954 0.9175 0.0437
vn 0.0232 0.9593 0.2813
vn 0.0310 0.9088 -0.4162
vn 0.1096 0.9326 -0.3438
vn 0.0995 0.9708 -0.2183
vn 0.1385 0.8679 -0.4770
vn 0.0204 0.4446 -0.8955
vn 0.2155 0.4531 -0.8650
vn 0.6991 0.4660 -0.5423
vn 0.0036 -0.4729 -0.8811
vn -0.0358 -0.3176 -0.9476
vn -0.0291 -0.6195 -0.7845
vn -0.0063 -0.5903 -0.8071
vn -0.0077 -0.6002 -0.7998
vn 0.0178 -0.7138 -0.7002
vn 0.0951 0.9213 -0.3771
vn -0.0478 0.3680 -0.9286
vn 0.3560 0.9033 -0.2395
vn -0.0933 0.4074 0.9085
vn -0.4705 0.2797 0.8369
vn -0.2596 0.3315 0.9070
vn -0.6434 -0.4541 0.6163
vn -0.7837 -0.2016 0.5875
vn 0.8377 -0.3715 -0.4003
vn 0.8800 0.2588 -0.3982
vn 0.6016 -0.3206 -0.7316
vn 0.1927 -0.7693 -0.6091
vn 0.0462 -0.7777 -0.6270
vn -0.6391 -0.6268 -0.4458
vn -0.3881 -0.9072 -0.1624
vn -0.8126 -0.4974 -0.3037
vn -0.9410 0.1786 0.2876
vn -0.8850 -0.3478 0.3096
vn -0.7345 -0.0795 0.6739
vn -0.9971 -0.0051 0.0756
vn -0.9889 0.1273 0.0766
vn -0.9993 0.0086 -0.0367
vn -0.3800 0.4564 0.8046
vn -0.7616 0.4949 0.4183
vn -0.4915 -0.1731 0.8535
vn -0.2578 0.4688 0.8448
vn -0.2258 0.6141 0.7562
vn -0.0531 0.7456 0.6643
vn 0.6248 0.4532 -0.6357
vn 0.4432 0.8151 -0.3731
vn 0.4542 0.4833 -0.7484
vn 0.6367 0.7097 -0.3015
vn 0.9076 0.4144 -0.0677
vn 0.4858 -0.0804 -0.8704
vn 0.3265 -0.1285 -0.9364
vn 0.1339 -0.7393 -0.6600
vn -0.0192 -0.8156 -0.5783
vn -0.2106 -0.9610 -0.1794
vn -0.1906 -0.9774 -0.0913
vn -0.3808 -0.6088 0.6959
vn -0.2974 -0.1894 0.9358
vn -0.5562 -0.5804 0.5948
vn -0.2669 -0.6272 0.7317
vn -0.1649 -0.0083 0.9863
vn -0.1791 -0.9756 -0.1268
vn 0.9923 0.1239 -0.0094
vn 0.9303 0.3100 0.1961
vn -0.4597 -0.5890 0.6647
vn -0.2293 -0.3745 0.8984
vn -0.1433 0.3083 0.9405
vn -0.8779 -0.0729 0.4732
vn -0.9393 -0.1632 0.3019
vn -0.9309 -0.0062 0.3651
vn -0.2374 0.2401 0.9413
vn -0.0000 0.2440 0.9698
vn -0.9821 0.1072 0.1546
vn -0.9209 0.3246 0.2160
vn -0.9531 0.2997 0.0415
vn -0.2509 0.2524 0.9345
vn -0.9623 0.1477 0.2282
vn -0.9728 0.1289 0.1927
vn -0.2610 0.3269 0.9083
vn -0.9630 0.0792 0.2575
vn -0.9486 0.0966 0.3015
vn -0.2868 0.3321 0.8986
vn -0.9326 0.1116 0.3433
vn -0.9734 -0.0128 0.2288
vn -0.2846 0.2699 0.9199
vn -0.2724 0.2425 0.9311
vn -0.0000 0.2600 0.9656
vn -0.8725 0.1209 0.4733
vn -0.2488 -0.1655 0.9543
vn -0.2372 -0.1298 0.9628
vn -0.2250 -0.2611 0.9387
vn -0.2169 -0.3521 0.9105
vn -0.1991 -0.3557 0.9132
vn -0.2839 0.6399 -0.7141
vn -0.2067 0.9511 -0.2294
vn -0.4804 0.4174 -0.7714
vn -0.9324 0.0252 -0.3605
vn -0.7943 0.2968 -0.5300
vn -0.8590 0.0168 -0.5117
vn 0.0366 -0.8671 -0.4967
vn -0.8343 0.1210 -0.5378
vn -0.0000 0.1531 -0.9882
vn 0.0094 0.5005 -0.8657
vn -0.0217 0.4911 -0.8708
vn -0.0257 0.4819 -0.8758
vn -0.9936 0.0026 0.1128
vn -0.3676 0.3257 -0.8711
vn -0.9028 -0.4301 0.0023
vn -0.9303 -0.0575 0.3624
vn -0.9065 -0.1180 0.4054
vn -0.8853 -0.0455 0.4629
vn -0.2138 -0.2446 0.9458
vn -0.1946 -0.0299 0.9804
vn -0.8748 -0.1697 0.4538
vn -0.8868 -0.1244 0.4451
vn -0.9193 -0.1437 0.3663
vn -0.9361 -0.1186 0.3311
vn -0.8292 -0.1689 0.5328
vn -0.1580 0.9423 -0.2951
vn 0.9376 0.2606 -0.2302
vn 0.5113 0.8366 -0.1968
vn 0.5698 0.8206 0.0434
vn -0.1413 0.9787 -0.1488
vn -0.0590 0.9716 -0.2293
vn 0.0345 0.8894 -0.4558
vn -0.5813 -0.4427 -0.6827
vn 0.6587 -0.3973 0.6390
vn 0.6787 -0.0147 0.7343
vn -0.9060 0.3266 0.2693
vn -0.9810 0.1518 0.1210
vn 0.0435 -0.8005 -0.5977
vn 0.3746 -0.7691 -0.5178
vn 0.2061 -0.7307 -0.6508
vn -0.9415 -0.1360 -0.3084
vn -0.9080 -0.1534 0.3898
vn -0.2924 0.1833 0.9386
vn -0.2350 0.4062 0.8831
vn 0.1486 -0.3963 -0.9060
vn 0.2694 0.6357 0.7234
vn -0.5365 0.5086 0.6734
vn -0.3779 0.6034 0.7022
vn -0.8224 0.1820 0.5389
vn 0.6049 0.7887 0.1097
vn -0.1144 0.8289 0.5476
vn -0.5514 0.4298 -0.7150
vn -0.6304 0.2729 -0.7267
vn 0.3284 0.7368 -0.5910
vn -0.3813 0.4145 -0.8263
vn -0.7082 -0.6635 -0.2415
vn -0.6351 -0.7700 0.0617
vn -0.1967 -0.8930 -0.4049
vn -0.9996 -0.0260 -0.0148
vn -0.9963 0.0087 -0.0859
vn -0.6563 0.4435 -0.6104
vn -0.7943 0.3658 -0.4851
vn -0.9706 -0.0065 0.2405
vn -0.7383 0.2317 -0.6334
vn -0.2369 0.9626 -0.1317
vn -0.3695 0.8188 0.4393
vn -0.3012 -0.3335 -0.8934
vn 0.0567 0.9934 0.1001
vn 0.0393 0.9796 0.1971
vn -0.4603 0.8478 0.2634
vn -0.7334 0.6305 -0.2539
vn -0.5043 0.8629 0.0336
vn -0.5438 0.8065 0.2321
vn -0.1548 0.8654 0.4766
vn -0.1573 0.8759 0.4562
vn -0.6161 0.7709 0.1614
vn -0.0409 0.8577 0.5124
vn 0.9556 0.0945 0.2790
vn 0.9455 -0.2834 0.1606
vn 0.8662 0.1461 0.4779
vn 0.5277 -0.8222 -0.2133
vn 0.7923 -0.3740 0.4821
vn 0.4275 -0.8065 -0.4083
vn 0.4024 -0.8219 -0.4032
vn 0.4808 -0.7903 -0.3799
vn 0.9838 -0.1255 0.1280
vn 0.1385 -0.2521 0.9577
vn 0.9626 -0.2699 -0.0222
vn -0.9778 0.2077 -0.0275
vn -0.8654 0.3084 -0.3948
vn -0.7794 0.6141 -0.1240
vn -0.6693 0.6389 -0.3792
vn -0.4925 0.8201 0.2911
vn -0.5620 0.8025 0.2003
vn 0.0967 0.9707 -0.2202
vn 0.1943 0.9779 -0.0769
vn -0.8764 -0.1559 -0.4557
vn -0.7507 0.3270 -0.5740
vn -0.8121 -0.3265 -0.4835
vn -0.7278 -0.5457 -0.4154
vn -0.8400 0.2036 -0.5030
vn -0.5010 0.5968 -0.6267
vn -0.8539 0.0102 -0.5204
vn -0.8101 0.1387 -0.5696
vn -0.6042 -0.4788 -0.6369
vn -0.7092 -0.3535 -0.6099
vn -0.4168 0.5625 -0.7141
vn -0.9402 -0.3131 -0.1341
vn -0.4507 -0.5244 -0.7224
vn -0.5100 -0.7118 -0.4830
vn -0.9254 0.3484 0.1491
vn -0.9743 -0.1490 -0.1689
vn -0.7044 0.6628 -0.2540
vn -0.2045 0.4919 -0.8463
vn -0.0816 -0.0818 -0.9933
vn -0.7199 0.1999 -0.6647
vn -0.6823 0.2474 -0.6879
vn -0.1223 -0.2295 -0.9656
vn -0.6028 -0.1686 -0.7799
vn -0.5821 0.1140 -0.8051
vn -0.8889 0.0777 -0.4514
vn -0.9396 0.0162 -0.3418
vn -0.1770 0.0827 0.9807
vn -0.8295 -0.1915 0.5246
vn -0.9153 0.1187 0.3849
vn -0.7565 -0.0560 0.6515
vn -0.8837 -0.2600 -0.3891
vn -0.4211 -0.8458 0.3275
vn 0.1810 -0.9834 0.0089
vn 0.9739 -0.0376 0.2237
vn 0.8933 -0.4426 0.0780
vn 0.5651 -0.8031 -0.1890
vn 0.7081 -0.5536 0.4383
vn -0.0165 -0.3332 -0.9427
vn -0.5401 -0.3281 -0.7750
vn -0.5114 0.0100 -0.8593
vn 0.0663 -0.9111 -0.4069
vn 0.3509 -0.7964 -0.4926
vn 0.6402 -0.7600 -0.1119
vn 0.0230 -0.9640 -0.2649
vn 0.8968 -0.3850 0.2180
vn 0.8261 -0.5623 0.0372
vn 0.6459 -0.3764 0.6642
vn 0.6665 -0.6255 0.4057
vn 0.1750 -0.7927 0.5840
vn 0.4545 -0.3708 0.8099
vn -0.0945 -0.9939 0.0574
vn -0.2499 -0.1572 0.9554
vn -0.0387 -0.0863 0.9955
vn -0.3399 0.1434 0.9295
vn -0.0852 -0.6984 0.7106
vn -0.9111 0.2472 0.3297
vn -0.8333 -0.1377 0.5354
vn -0.8953 -0.0077 -0.4453
vn -0.9652 0.1903 -0.1793
vn -0.8444 0.2164 -0.4900
vn -0.9896 -0.0677 -0.1268
vn -0.8797 -0.4411 -0.1774
vn -0.7358 -0.5753 -0.3573
vn -0.4968 -0.6933 -0.5221
vn -0.8549 -0.5187 -0.0082
vn -0.9886 -0.0429 0.1441
vn -0.7225 -0.5382 0.4340
vn -0.3155 -0.4646 0.8274
vn -0.4334 -0.8865 0.1619
vn -0.4999 -0.8600 -0.1024
vn -0.7310 -0.6697 -0.1309
vn -0.7343 -0.6663 0.1295
vn 0.5118 -0.7652 -0.3905
vn 0.2897 -0.7831 -0.5503
vn 0.4108 -0.8359 -0.3639
vn 0.7799 0.2166 -0.5873
vn 0.4093 0.4549 -0.7909
vn 0.5179 0.7386 -0.4316
vn 0.6498 0.6592 -0.3785
vn 0.8746 -0.3414 -0.3443
vn 0.9180 -0.2377 -0.3174
vn -0.5472 0.1874 -0.8158
vn -0.4206 0.3577 -0.8338
vn -0.3192 0.2854 -0.9037
vn -0.6995 0.1790 -0.6919
vn -0.8820 -0.2833 -0.3765
vn -0.8107 0.0350 -0.5844
vn -0.8875 -0.1722 -0.4275
vn -0.8765 0.2447 -0.4147
vn -0.2530 -0.5163 -0.8182
vn -0.8944 -0.4151 -0.1665
vn -0.9723 0.2103 -0.1022
vn -0.5259 0.2597 -0.8099
vn -0.9690 -0.2468 -0.0081
vn -0.4595 -0.7366 -0.4963
vn -0.5900 -0.6847 -0.4279
vn -0.1537 -0.2669 -0.9514
vn -0.0748 -0.5209 -0.8503
vn -0.4745 -0.6923 -0.5437
vn -0.5525 0.3036 -0.7763
vn -0.8785 -0.0418 -0.4758
vn -0.8457 0.0799 -0.5277
vn -0.9265 -0.1706 -0.3353
vn -0.8416 -0.0570 -0.5371
vn -0.7718 0.0025 -0.6359
vn -0.7005 -0.3123 -0.6417
vn -0.7075 -0.2381 -0.6654
vn -0.6049 -0.7226 -0.3347
vn -0.8296 -0.4459 -0.3359
vn -0.5606 -0.7565 -0.3369
vn -0.9093 -0.1466 -0.3893
vn -0.8538 0.0748 -0.5152
vn -0.9342 -0.0716 -0.3496
vn -0.9434 -0.0575 -0.3267
vn -0.6394 -0.2831 -0.7149
vn -0.7091 -0.2832 -0.6458
vn -0.6228 -0.3176 -0.7150
vn -0.6410 -0.6865 -0.3431
vn -0.8771 -0.3353 -0.3440
vn -0.8280 -0.4356 -0.3531
vn -0.7329 -0.2722 -0.6236
vn -0.9806 0.1958 0.0010
vn -0.3933 -0.4696 -0.7904
vn -0.7774 -0.6241 -0.0775
vn -0.9409 -0.2995 0.1580
vn -0.5388 0.4519 -0.7109
vn -0.3142 0.1026 -0.9438
vn -0.7914 -0.2790 -0.5439
vn -0.2344 0.0895 -0.9680
vn -0.1734 -0.3071 -0.9357
vn -0.7295 -0.6762 -0.1028
vn -0.2217 -0.4026 -0.8881
vn -0.3422 -0.3693 -0.8640
vn -0.8740 -0.3706 -0.3141
vn -0.0000 0.0671 -0.9977
vn -0.3814 0.7202 -0.5795
vn -0.9360 0.0548 -0.3478
vn -0.9314 0.0496 -0.3605
vn -0.7809 0.3772 -0.4979
vn -0.8903 0.0319 -0.4543
vn -0.8287 0.3313 -0.4510
vn -0.9412 0.0569 -0.3331
vn -0.9319 0.1721 -0.3194
vn -0.7953 0.4167 -0.4402
vn -0.1898 0.1265 -0.9736
vn -0.4931 0.0855 -0.8657
vn -0.2417 0.2677 -0.9327
vn -0.4409 0.1427 -0.8862
vn -0.2569 0.0569 -0.9648
vn -0.5525 0.1095 -0.8263
vn -0.2725 0.2947 -0.9159
vn -0.4159 0.2184 -0.8828
vn -0.3589 0.3404 -0.8691
vn -0.4424 0.1432 -0.8853
vn -0.5245 0.2427 -0.8161
vn -0.5856 0.1856 -0.7891
vn -0.5304 0.1719 -0.8302
vn -0.4708 0.0719 -0.8793
vn -0.8701 0.2700 -0.4123
vn -0.9092 0.0708 -0.4103
vn -0.9516 -0.0028 -0.3075
vn -0.8268 0.2961 -0.4783
vn -0.8238 0.3221 -0.4664
vn -0.8543 0.2510 -0.4551
vn -0.8276 0.2254 -0.5140
vn -0.8417 0.3649 -0.3979
vn -0.8227 0.1216 -0.5553
vn -0.7374 0.1570 -0.6570
vn -0.8293 0.2678 -0.4905
vn -0.8867 0.2593 -0.3827
vn -0.7997 0.2652 -0.5387
vn -0.8043 0.3656 -0.4686
vn -0.8965 0.1950 -0.3978
vn -0.5328 0.4596 -0.7106
vn -0.7195 0.2724 -0.6388
vn -0.7883 0.1540 -0.5957
vn -0.7265 0.0729 -0.6832
vn -0.6170 0.3760 -0.6913
vn -0.7497 0.3279 -0.5749
vn -0.9943 0.0579 0.0894
vn -0.4320 0.1129 -0.8948
vn -0.4979 0.4346 -0.7505
vn -0.9838 0.1788 -0.0124
vn -0.5232 0.3674 -0.7690
vn -0.9897 0.0329 0.1392
vn -0.1912 0.4179 -0.8881
vn -0.3705 0.5043 -0.7800
vn -0.9476 0.2669 0.1755
vn -0.3798 0.4091 -0.8297
vn -0.7465 0.6651 0.0184
vn -0.5236 0.7801 -0.3426
vn -0.2677 0.4659 -0.8434
vn -0.2484 0.2265 -0.9418
vn -0.1860 0.2089 -0.9601
vn -0.0655 0.3901 -0.9184
vn -0.8011 0.5385 0.2613
vn -0.9278 -0.1172 0.3541
vn -0.1225 0.3725 -0.9199
vn -0.2552 0.4725 -0.8436
vn -0.4539 0.1973 -0.8689
vn 0.3378 0.0122 -0.9411
vn 0.3601 0.4193 -0.8334
vn 0.3714 0.0007 -0.9285
vn 0.3198 0.4091 -0.8546
vn 0.2684 0.7561 -0.5969
vn 0.2922 0.7165 -0.6334
vn 0.2666 -0.1275 -0.9553
vn 0.2532 -0.0382 -0.9666
vn 0.3196 0.1394 -0.9373
vn 0.2366 0.7597 -0.6057
vn 0.1659 0.5221 -0.8366
vn 0.3435 -0.3485 -0.8721
vn 0.2529 -0.4057 -0.8783
vn 0.1645 0.8270 -0.5375
vn 0.2663 0.4570 -0.8487
vn 0.2956 0.0804 -0.9519
vn 0.3557 0.4978 -0.7910
vn 0.4391 -0.0489 -0.8971
vn -0.0262 0.9783 -0.2056
vn 0.0617 0.9526 -0.2980
vn 0.0390 -0.0552 -0.9977
vn 0.1387 0.4477 -0.8833
vn 0.1214 -0.0078 -0.9926
vn -0.2571 0.7694 -0.5848
vn -0.3322 0.8838 -0.3294
vn -0.3650 0.9260 0.0964
vn -0.6114 0.7599 0.2209
vn 0.3972 0.1981 -0.8961
vn 0.3559 0.2260 -0.9068
vn 0.2218 0.1758 -0.9591
vn 0.2501 0.4797 -0.8410
vn 0.1364 0.7110 -0.6898
vn 0.2404 0.3880 -0.8898
vn 0.6589 0.7493 0.0669
vn 0.9521 0.0513 0.3015
vn 0.9492 0.0980 0.2991
vn 0.9542 -0.0354 0.2970
vn 0.9504 0.1092 0.2912
vn 0.9595 0.0884 0.2676
vn 0.9658 -0.0734 0.2487
vn 0.9593 -0.1007 0.2637
vn 0.9220 -0.0910 0.3764
vn 0.9672 -0.0978 0.2345
vn 0.1840 0.3244 -0.9278
vn 0.2998 0.4820 -0.8233
vn 0.1928 0.5774 -0.7933
vn 0.0923 -0.6736 -0.7333
vn 0.2817 0.0339 -0.9589
vn -0.8266 0.3791 -0.4159
vn -0.7768 0.4162 -0.4725
vn -0.7809 0.4351 -0.4481
vn -0.9305 0.2673 -0.2504
vn -0.8458 0.3527 -0.4003
vn -0.0881 -0.9840 -0.1550
vn 0.2463 -0.8943 -0.3735
vn -0.3483 -0.2801 0.8946
vn -0.3239 0.2559 0.9108
vn -0.1662 -0.0820 0.9827
vn -0.5678 0.4615 0.6816
vn -0.2038 0.9261 0.3175
vn -0.9881 0.1213 -0.0945
vn -0.1384 -0.9163 0.3759
vn -0.1098 -0.9726 -0.2051
vn -0.5383 -0.5876 0.6041
vn -0.3951 0.2557 0.8824
vn -0.4250 0.6729 0.6054
vn -0.2148 0.9555 0.2020
vn -0.9995 0.0141 -0.0271
vn -0.4734 -0.8243 0.3105
vn -0.2179 0.1369 0.9663
vn 0.0276 -0.9634 0.2667
vn -0.1849 -0.9823 -0.0281
vn -0.4638 -0.8822 0.0810
vn -0.5000 0.5365 0.6799
vn -0.2663 0.7943 0.5460
vn -0.9919 -0.1240 -0.0290
vn -0.9976 -0.0087 -0.0689
vn -0.9050 -0.3587 -0.2287
vn 0.0914 -0.6901 0.7179
vn -0.1899 0.0858 0.9780
vn -0.2086 -0.1757 0.9621
vn 0.0215 -0.5450 0.8381
vn 0.1860 -0.9501 0.2504
vn 0.1634 -0.9865 -0.0048
vn -0.0734 0.8262 0.5586
vn -0.0212 0.9799 0.1982
vn 0.4622 0.0702 -0.8840
vn 0.4490 -0.6618 -0.6004
vn 0.2496 -0.9683 0.0113
vn 0.1497 -0.9498 0.2749
vn 0.2520 -0.9444 0.2114
vn -0.0430 0.9378 0.3446
vn 0.0321 0.8638 0.5028
vn -0.1567 0.1899 0.9692
vn 0.2109 -0.9639 -0.1624
vn 0.8498 -0.3404 0.4024
vn 0.8498 -0.3405 0.4023
vn 0.8247 -0.1743 0.5381
vn 0.8942 -0.1322 0.4278
vn -0.8054 -0.4317 -0.4061
vn -0.4524 -0.8731 0.1815
vn -0.2992 -0.3781 0.8761
vn 0.0991 -0.9875 0.1227
vn -0.7266 -0.1106 0.6781
vn -0.2721 0.8149 0.5118
vn -0.0069 0.6904 0.7234
vn 0.1920 -0.5437 0.8170
vn -0.1102 0.9418 0.3175
vn -0.2655 0.9016 0.3416
vn -0.4248 0.7880 0.4456
vn 0.3600 -0.9213 -0.1470
vn 0.3196 -0.9178 0.2354
vn -0.2165 -0.9615 -0.1693
vn 0.1092 -0.9586 -0.2631
vn -0.9828 0.0689 -0.1711
vn -0.7973 0.3285 -0.5064
vn -0.9916 -0.0661 0.1116
vn -0.0154 0.8472 0.5311
vn 0.0107 0.2649 0.9642
vn 0.8109 -0.4705 0.3479
vn -0.1898 0.7717 -0.6071
vn 0.1326 0.7278 -0.6729
vn -0.3978 0.7667 -0.5039
vn -0.3733 0.9195 -0.1227
vn -0.0776 0.2583 -0.9630
vn -0.1762 0.2990 -0.9378
vn 0.7008 0.7114 -0.0529
vn -0.0632 -0.5530 -0.8308
vn -0.0076 0.9991 -0.0407
vn 0.0119 -0.9724 -0.2331
vn 0.2614 -0.6617 -0.7027
vn -0.0542 -0.8290 -0.5567
vn 0.2899 -0.8465 0.4464
vn 0.3855 -0.9115 -0.1436
vn -0.4384 0.1979 0.8767
vn -0.3626 -0.8667 0.3425
vn -0.1058 0.7556 0.6464
vn 0.2329 0.1123 0.9660
vn -0.4126 0.6862 0.5991
vn -0.2608 0.7555 0.6011
vn -0.6170 -0.6664 0.4185
vn -0.3045 -0.9283 -0.2135
vn -0.3770 -0.8612 -0.3409
vn -0.9855 -0.0770 -0.1511
vn -0.7584 -0.1647 -0.6306
vn -0.5722 -0.3408 -0.7459
vn -0.9868 -0.1619 0.0036
vn -0.8875 -0.2096 0.4104
vn -0.9593 -0.2741 0.0682
vn -0.8575 0.1654 0.4872
vn -0.7875 0.5092 0.3470
vn -0.3467 0.7959 0.4963
vn -0.9082 -0.3449 -0.2372
vn -0.3130 -0.9385 -0.1457
vn -0.3961 -0.8632 -0.3131
vn -0.1718 -0.8054 0.5673
vn -0.5618 -0.0390 -0.8263
vn -0.5178 0.2326 -0.8233
vn -0.4878 0.5837 -0.6491
vn -0.6849 0.6048 -0.4063
vn -0.2442 -0.1083 -0.9637
vn -0.3771 0.9204 -0.1035
vn -0.5203 0.8518 0.0601
vn -0.1372 0.9078 0.3964
vn 0.2117 -0.0852 0.9736
vn 0.4471 -0.4442 0.7764
vn 0.5068 -0.0132 0.8619
vn 0.3357 -0.9393 -0.0710
vn 0.5860 -0.7549 -0.2944
vn 0.8956 -0.4364 -0.0867
vn 0.3199 -0.8491 -0.4203
vn 0.0837 -0.9442 -0.3187
vn 0.9335 -0.2998 0.1967
vn 0.9338 -0.0260 0.3568
vn -0.1171 0.9411 0.3170
vn -0.3399 0.9167 0.2100
vn -0.4104 0.9064 -0.1005
vn -0.0003 0.7477 0.6641
vn 0.5120 -0.6655 0.5431
vn 0.4458 -0.1373 0.8846
vn 0.5110 -0.8510 0.1210
vn 0.9755 -0.2040 0.0826
vn 0.9932 0.0834 0.0808
vn 0.9701 -0.1764 0.1666
vn 0.4256 -0.7602 -0.4910
vn 0.9780 0.2050 0.0378
vn 0.6936 0.7187 0.0488
vn 0.7277 0.6829 0.0639
vn 0.5883 -0.2702 -0.7621
vn -0.3061 0.3196 -0.8967
vn -0.0657 0.2824 -0.9570
vn -0.2008 0.4137 -0.8880
vn -0.2087 0.1131 -0.9714
vn -0.0000 0.3919 -0.9200
vn -0.0096 0.4142 -0.9101
vn -0.0598 0.5377 -0.8410
vn -0.0064 0.6223 -0.7828
vn -0.0000 0.5604 -0.8282
vn -0.1955 0.5213 -0.8307
vn -0.1781 0.3538 -0.9182
vn -0.0000 0.3230 -0.9464
vn -0.0604 0.7220 -0.6893
vn -0.0587 0.5396 -0.8399
vn -0.3923 -0.4243 -0.8161
vn -0.0000 0.3874 -0.9219
vn -0.0548 -0.9281 -0.3682
vn -0.0481 -0.9281 -0.3693
vn -0.7423 0.1255 -0.6582
vn -0.0000 -0.9852 -0.1716
vn -0.6963 0.0403 -0.7166
vn -0.0000 0.4392 -0.8984
vn -0.1060 -0.9829 -0.1509
vn -0.1133 -0.9822 -0.1498
vn -0.4472 0.6298 -0.6351
vn -0.0000 0.6713 -0.7412
vn 0.0001 0.8149 -0.5796
vn -0.0999 -0.8341 -0.5426
vn -0.0765 -0.8334 -0.5474
vn -0.0000 -0.5708 -0.8211
vn -0.2887 0.3948 -0.8722
vn -0.1687 -0.9263 -0.3369
vn -0.0659 -0.9319 -0.3566
vn 0.0287 -0.8387 -0.5438
vn -0.0000 -0.8346 -0.5508
vn -0.0000 0.3974 -0.9176
vn -0.0395 -0.5928 -0.8044
vn -0.0418 -0.5934 -0.8038
vn -0.0000 0.7890 -0.6144
vn -0.1089 -0.8007 -0.5891
vn -0.1178 -0.8007 -0.5874
vn -0.0000 0.2985 -0.9544
vn -0.2256 -0.3068 0.9247
vn -0.2521 -0.0194 0.9675
vn -0.0000 -0.8016 0.5978
vn -0.2620 -0.8985 -0.3523
vn -0.3050 -0.8889 -0.3419
vn -0.5270 0.5295 -0.6648
vn -0.7525 -0.4067 -0.5180
vn -0.4858 -0.1142 -0.8666
vn -0.1185 0.1235 0.9852
vn -0.8944 -0.3212 -0.3113
vn 0.0401 -0.7051 0.7080
vn 0.4174 -0.7779 0.4696
vn 0.2231 -0.4608 0.8590
vn -0.1778 0.5743 -0.7991
vn 0.3681 0.7569 -0.5400
vn 0.2377 0.7183 -0.6539
vn -0.8607 0.3470 -0.3725
vn -0.8056 0.5838 0.1005
vn -0.7527 0.6531 0.0829
vn 0.3142 -0.6361 0.7047
vn 0.2527 -0.8658 0.4319
vn 0.2250 -0.5489 0.8051
vn 0.4365 -0.2481 -0.8648
vn -0.0637 -0.1902 -0.9797
vn 0.0965 0.1149 -0.9887
vn 0.0580 0.4665 0.8826
vn 0.0972 0.3082 0.9463
vn 0.1208 0.2329 0.9650
vn 0.8974 0.3370 -0.2846
vn 0.8104 0.5686 -0.1415
vn 0.8788 0.3648 -0.3075
vn 0.7453 0.6649 -0.0490
vn 0.9109 0.2253 -0.3456
vn 0.7064 0.6216 -0.3385
vn 0.9717 0.2224 -0.0790
vn -0.1598 0.0501 -0.9859
vn 0.2835 0.1032 -0.9534
vn 0.2913 0.4820 -0.8263
vn 0.1960 0.1131 -0.9741
vn -0.0764 0.0918 -0.9928
vn -0.3541 0.1122 -0.9285
vn -0.3905 0.1352 -0.9106
vn 0.3461 0.0215 -0.9380
vn 0.2184 -0.5152 -0.8288
vn 0.0622 -0.3401 -0.9383
vn -0.2347 -0.6701 -0.7042
vn 0.1822 -0.9061 -0.3818
vn -0.3229 -0.1341 -0.9369
vn 0.1660 -0.0418 -0.9852
vn 0.5015 0.4423 -0.7435
vn 0.7940 -0.0027 -0.6079
vn 0.3282 0.2643 -0.9069
vn -0.2554 -0.3344 -0.9072
vn -0.4323 0.2190 -0.8747
vn 0.4895 0.2334 0.8402
vn 0.8043 0.2831 0.5225
vn 0.5587 0.1745 0.8108
vn 0.0136 -0.3530 0.9355
vn 0.1534 -0.2319 0.9606
vn -0.8760 0.3731 -0.3056
vn -0.6681 0.1289 -0.7328
vn -0.6022 0.3158 -0.7332
vn -0.7034 0.2762 -0.6549
vn -0.8226 0.2549 -0.5084
vn -0.9007 0.4279 0.0757
vn -0.9933 0.1095 -0.0378
vn -0.1458 0.0704 0.9868
vn -0.4485 0.1710 0.8773
vn -0.4598 0.0618 0.8859
vn 0.3979 -0.1908 0.8974
vn -0.4875 -0.2235 -0.8440
vn -0.3015 -0.5845 -0.7533
vn -0.7257 0.5539 -0.4080
vn -0.7674 -0.2622 -0.5850
vn -0.9799 -0.1768 0.0929
vn -0.8265 -0.2956 -0.4791
vn -0.1104 -0.9711 -0.2117
vn -0.7526 -0.6249 0.2076
vn -0.7867 -0.5215 -0.3303
vn 0.2591 -0.9655 -0.0258
vn -0.2426 -0.9545 0.1734
vn 0.2773 -0.8745 -0.3980
vn -0.8850 0.4243 -0.1919
vn -0.9911 -0.0326 -0.1287
vn -0.9250 0.3653 0.1051
vn -0.8887 0.3880 0.2441
vn -0.7142 0.2813 0.6409
vn -0.8935 0.3976 0.2087
vn 0.8982 0.3164 0.3051
vn 0.9802 -0.0559 -0.1900
vn 0.9150 0.3832 -0.1262
vn 0.7594 0.5641 0.3242
vn 0.5961 0.2763 0.7539
vn 0.9097 0.0337 0.4138
vn 0.8011 0.5956 0.0595
vn 0.3847 0.9167 0.1079
vn 0.6528 0.6212 0.4335
vn -0.0637 0.9321 0.3565
vn -0.4050 0.9131 0.0466
vn -0.4876 0.7855 0.3812
vn 0.9860 0.1640 0.0299
vn 0.9728 -0.0846 -0.2155
vn 0.9777 0.1256 -0.1685
vn 0.8630 0.0539 -0.5023
vn 0.9861 -0.1374 -0.0938
vn 0.8688 -0.2125 -0.4473
vn 0.8442 -0.2942 -0.4481
vn 0.3598 -0.3335 -0.8714
vn 0.4394 -0.1672 -0.8826
vn 0.0445 -0.2400 -0.9697
vn 0.0243 -0.3180 -0.9478
vn -0.4016 -0.2947 -0.8671
vn 0.0566 -0.0957 -0.9938
vn -0.7107 -0.1592 -0.6853
vn -0.2993 -0.2177 -0.9290
vn -0.3666 -0.1096 -0.9239
vn -0.7099 -0.0578 -0.7019
vn -0.9889 -0.1052 -0.1051
vn -0.9895 -0.0373 -0.1398
vn -0.9128 -0.0154 0.4080
vn -0.9420 0.0159 0.3352
vn -0.9016 0.1658 0.3994
vn -0.3933 0.1427 0.9082
vn -0.8626 -0.1268 0.4897
vn -0.8033 -0.2451 0.5428
vn -0.3550 -0.6860 0.6352
vn -0.5420 -0.5674 0.6199
vn -0.3235 -0.2423 0.9147
vn -0.9069 -0.3839 0.1737
vn -0.9707 -0.1831 0.1557
vn -0.8591 -0.2791 -0.4291
vn 0.1873 -0.9128 0.3629
vn -0.3994 0.1171 0.9092
vn -0.8791 -0.0775 0.4704
vn -0.9820 -0.1657 -0.0907
vn -0.0544 -0.0639 -0.9965
vn -0.3605 -0.2101 -0.9088
vn -0.1485 0.2058 -0.9673
vn 0.2299 0.3855 -0.8936
vn 0.8402 0.5169 -0.1641
vn 0.1937 0.9669 -0.1660
vn -0.5222 0.8026 -0.2885
vn 0.8431 0.4078 -0.3507
vn -0.5879 0.6406 0.4939
vn -0.0374 0.1754 0.9838
vn -0.0265 0.1058 0.9940
vn 0.0947 0.1215 0.9881
vn 0.1174 0.0922 0.9888
vn -0.2548 0.0927 0.9625
vn 0.7660 0.0442 0.6413
vn 0.5899 0.1450 0.7944
vn 0.9323 0.0876 0.3508
vn 0.9247 0.1514 0.3493
vn 0.9739 0.0728 -0.2152
vn 0.9771 0.1137 -0.1800
vn 0.8900 0.1058 -0.4434
vn 0.3689 0.0305 -0.9290
vn 0.8907 0.0403 -0.4527
vn 0.9909 -0.0088 -0.1342
vn 0.8873 -0.0697 -0.4559
vn 0.6442 0.0548 0.7629
vn 0.3900 0.0997 0.9154
vn 0.8255 0.2015 0.5272
vn 0.3486 0.2276 0.9092
vn 0.2932 0.1667 0.9414
vn 0.9789 0.0275 0.2027
vn -0.6174 -0.0111 0.7866
vn 0.3490 -0.0475 -0.9359
vn -0.0148 -0.0183 -0.9997
vn -0.2471 -0.0186 -0.9688
vn 0.0034 0.2558 -0.9667
vn 0.9256 0.1594 0.3434
vn 0.6127 0.1891 0.7674
vn -0.0821 0.1912 0.9781
vn -0.0391 0.1593 0.9865
vn -0.0728 0.1756 0.9818
vn 0.0208 0.1612 0.9867
vn -0.7334 0.5853 0.3457
vn 0.6715 0.1769 0.7196
vn 0.2928 0.7019 0.6493
vn 0.6006 -0.4930 0.6294
vn 0.8203 -0.5624 -0.1043
vn 0.5174 -0.8372 -0.1771
vn 0.7519 -0.5315 -0.3902
vn 0.1284 -0.9302 0.3439
vn 0.0688 -0.9866 -0.1482
vn 0.3726 -0.8471 -0.3789
vn 0.1713 -0.9685 -0.1806
vn -0.0090 -0.9475 -0.3196
vn 0.4441 -0.5175 -0.7314
vn 0.9241 -0.0611 -0.3772
vn 0.1368 -0.3929 -0.9094
vn 0.0478 -0.7602 -0.6479
vn -0.2983 0.2262 -0.9273
vn -0.0401 -0.7051 0.7080
vn -0.4177 -0.7778 0.4697
vn -0.1284 -0.9302 0.3439
vn 0.1778 0.5743 -0.7991
vn -0.3681 0.7569 -0.5400
vn 0.5222 0.8025 -0.2885
vn 0.8607 0.3470 -0.3725
vn 0.7527 0.6531 0.0829
vn 0.8056 0.5838 0.1005
vn -0.2527 -0.8658 0.4319
vn -0.3142 -0.6361 0.7047
vn -0.2250 -0.5489 0.8051
vn -0.4365 -0.2481 -0.8648
vn -0.0965 0.1149 -0.9887
vn 0.0637 -0.1902 -0.9797
vn -0.0580 0.4666 0.8826
vn -0.1208 0.2328 0.9650
vn -0.0972 0.3082 0.9463
vn -0.8975 0.3370 -0.2846
vn -0.8104 0.5686 -0.1415
vn -0.7064 0.6216 -0.3385
vn -0.8788 0.3648 -0.3075
vn -0.7453 0.6649 -0.0490
vn -0.9109 0.2253 -0.3456
vn -0.9717 0.2225 -0.0790
vn 0.1598 0.0501 -0.9859
vn -0.2913 0.4821 -0.8263
vn -0.2834 0.1032 -0.9534
vn -0.1960 0.1131 -0.9740
vn 0.3541 0.1122 -0.9285
vn 0.0763 0.0918 -0.9928
vn 0.3905 0.1352 -0.9106
vn -0.2184 -0.5152 -0.8288
vn -0.3461 0.0216 -0.9380
vn -0.0621 -0.3401 -0.9383
vn -0.1822 -0.9061 -0.3818
vn 0.2347 -0.6701 -0.7042
vn 0.3229 -0.1341 -0.9369
vn -0.1660 -0.0418 -0.9852
vn -0.5015 0.4423 -0.7435
vn -0.7940 -0.0027 -0.6079
vn 0.2554 -0.3344 -0.9072
vn -0.0478 -0.7602 -0.6479
vn 0.4323 0.2190 -0.8747
vn -0.4895 0.2334 0.8402
vn -0.5587 0.1746 0.8108
vn -0.8043 0.2831 0.5225
vn -0.0136 -0.3530 0.9355
vn -0.2231 -0.4608 0.8590
vn 0.8760 0.3731 -0.3056
vn 0.6681 0.1289 -0.7328
vn 0.9933 0.1095 -0.0379
vn 0.7034 0.2762 -0.6549
vn 0.6022 0.3158 -0.7332
vn 0.9007 0.4279 0.0757
vn 0.1458 0.0704 0.9868
vn 0.4598 0.0618 0.8859
vn 0.4485 0.1710 0.8773
vn -0.1534 -0.2319 0.9606
vn -0.3979 -0.1908 0.8974
vn 0.4875 -0.2235 -0.8440
vn 0.3015 -0.5845 -0.7533
vn 0.7258 0.5539 -0.4080
vn 0.7674 -0.2622 -0.5850
vn 0.9799 -0.1768 0.0928
vn 0.9820 -0.1657 -0.0907
vn 0.1104 -0.9711 -0.2117
vn 0.7526 -0.6249 0.2076
vn 0.2426 -0.9545 0.1734
vn -0.2591 -0.9655 -0.0258
vn -0.2773 -0.8745 -0.3980
vn 0.7867 -0.5215 -0.3303
vn 0.8850 0.4243 -0.1919
vn 0.8226 0.2549 -0.5084
vn 0.9250 0.3652 0.1051
vn 0.9911 -0.0326 -0.1288
vn 0.8887 0.3880 0.2441
vn 0.7142 0.2813 0.6409
vn 0.8626 -0.1268 0.4897
vn -0.8982 0.3164 0.3051
vn -0.9802 -0.0559 -0.1900
vn -0.9097 0.0337 0.4138
vn -0.9150 0.3832 -0.1262
vn -0.5961 0.2763 0.7539
vn -0.7594 0.5641 0.3242
vn -0.8011 0.5956 0.0595
vn -0.6528 0.6212 0.4335
vn -0.3847 0.9167 0.1078
vn 0.0637 0.9321 0.3565
vn 0.4876 0.7855 0.3812
vn 0.4050 0.9131 0.0466
vn -0.9860 0.1640 0.0299
vn -0.9728 -0.0846 -0.2155
vn -0.9789 0.0275 0.2027
vn -0.8630 0.0539 -0.5023
vn -0.8442 -0.2942 -0.4481
vn -0.9861 -0.1375 -0.0938
vn -0.8688 -0.2125 -0.4473
vn -0.3598 -0.3335 -0.8714
vn -0.4394 -0.1672 -0.8826
vn -0.8873 -0.0698 -0.4559
vn -0.0445 -0.2400 -0.9697
vn -0.0243 -0.3180 -0.9478
vn 0.4016 -0.2947 -0.8671
vn 0.8265 -0.2956 -0.4791
vn -0.0565 -0.0957 -0.9938
vn 0.2993 -0.2177 -0.9290
vn 0.7107 -0.1592 -0.6853
vn 0.3666 -0.1096 -0.9239
vn 0.7099 -0.0578 -0.7019
vn 0.9889 -0.1052 -0.1051
vn 0.9895 -0.0373 -0.1398
vn 0.9128 -0.0154 0.4080
vn 0.9420 0.0159 0.3352
vn 0.9016 0.1659 0.3994
vn 0.3933 0.1428 0.9082
vn 0.8935 0.3976 0.2087
vn 0.3550 -0.6860 0.6352
vn 0.5425 -0.5669 0.6199
vn 0.3235 -0.2423 0.9147
vn 0.9069 -0.3839 0.1737
vn 0.8033 -0.2451 0.5428
vn 0.9707 -0.1831 0.1557
vn 0.8591 -0.2791 -0.4291
vn -0.1873 -0.9128 0.3629
vn 0.3994 0.1171 0.9092
vn 0.8791 -0.0776 0.4704
vn 0.0544 -0.0639 -0.9965
vn 0.3605 -0.2101 -0.9088
vn 0.1484 0.2058 -0.9673
vn 0.4678 -0.2903 -0.8348
vn -0.2299 0.3855 -0.8936
vn -0.8402 0.5169 -0.1641
vn -0.1937 0.9669 -0.1660
vn -0.2377 0.7183 -0.6539
vn -0.8431 0.4078 -0.3507
vn 0.5879 0.6406 0.4939
vn 0.0374 0.1754 0.9838
vn 0.0265 0.1058 0.9940
vn -0.1174 0.0922 0.9888
vn -0.0947 0.1215 0.9881
vn 0.2548 0.0927 0.9625
vn -0.7660 0.0442 0.6413
vn -0.5899 0.1450 0.7944
vn -0.3900 0.0997 0.9154
vn -0.9247 0.1514 0.3493
vn -0.9323 0.0876 0.3508
vn -0.9739 0.0728 -0.2152
vn -0.9771 0.1137 -0.1800
vn -0.8900 0.1058 -0.4434
vn -0.3688 0.0305 -0.9290
vn -0.8907 0.0403 -0.4527
vn -0.3490 -0.0475 -0.9359
vn -0.9909 -0.0088 -0.1342
vn -0.6442 0.0548 0.7629
vn -0.3486 0.2276 0.9092
vn -0.8255 0.2015 0.5272
vn -0.2932 0.1667 0.9414
vn 0.6174 -0.0111 0.7866
vn 0.0148 -0.0183 -0.9997
vn 0.2471 -0.0186 -0.9688
vn -0.0034 0.2558 -0.9667
vn -0.9256 0.1594 0.3434
vn -0.6127 0.1891 0.7674
vn 0.0821 0.1912 0.9781
vn 0.0391 0.1593 0.9865
vn 0.0728 0.1756 0.9818
vn -0.0208 0.1612 0.9867
vn 0.7334 0.5853 0.3457
vn -0.6715 0.1769 0.7196
vn -0.2928 0.7019 0.6493
vn -0.6006 -0.4930 0.6294
vn -0.8203 -0.5624 -0.1043
vn -0.5174 -0.8372 -0.1771
vn -0.7519 -0.5315 -0.3902
vn -0.3726 -0.8471 -0.3789
vn -0.0688 -0.9866 -0.1482
vn 0.0089 -0.9475 -0.3195
vn -0.1713 -0.9685 -0.1806
vn -0.4441 -0.5175 -0.7315
vn -0.9241 -0.0611 -0.3772
vn 0.2983 0.2262 -0.9273
vn 0.1602 -0.1199 0.9798
vn 0.1577 0.0873 0.9836
vn 0.0262 -0.0707 0.9972
vn 0.2074 -0.8884 0.4095
vn 0.5247 -0.8033 0.2817
vn 0.6129 -0.7464 0.2593
vn -0.2811 -0.4991 0.8197
vn -0.3510 -0.1913 0.9166
vn -0.5741 -0.4660 0.6732
vn -0.6958 -0.2080 0.6874
vn -0.8342 -0.2110 0.5095
vn -0.7141 -0.3157 0.6248
vn -0.9453 0.3048 0.1160
vn -0.7630 0.6321 -0.1354
vn -0.7584 0.6100 0.2297
vn -0.8599 -0.4292 0.2762
vn -0.9285 -0.3619 0.0830
vn -0.9012 -0.4250 -0.0855
vn -0.9424 -0.2905 -0.1661
vn -0.8876 0.3976 0.2324
vn -0.9652 -0.1001 -0.2418
vn -0.9820 0.1081 0.1550
vn 0.5986 0.7060 -0.3786
vn 0.8333 0.4814 -0.2719
vn 0.9919 -0.0409 -0.1203
vn 0.1669 0.2719 0.9477
vn 0.0507 0.1080 0.9929
vn -0.0702 0.1025 0.9922
vn 0.0379 -0.3082 0.9506
vn 0.1900 0.0281 0.9814
vn -0.5414 -0.0606 0.8386
vn -0.7763 0.1846 0.6028
vn -0.9081 0.0884 0.4093
vn -0.1440 0.0596 0.9878
vn 0.6721 0.2606 0.6930
vn 0.3933 0.1383 0.9090
vn 0.2652 -0.1766 0.9479
vn 0.2222 -0.0776 0.9719
vn 0.4632 0.0512 0.8848
vn 0.7147 0.1408 0.6852
vn -0.7675 0.6403 0.0309
vn -0.6645 0.6072 -0.4355
vn 0.9403 0.3318 -0.0758
vn 0.8533 0.5093 -0.1119
vn 0.9813 0.1750 0.0806
vn 0.5818 0.0810 0.8093
vn 0.8573 0.5134 -0.0384
vn 0.8404 0.5385 -0.0608
vn -0.9588 0.2087 0.1925
vn 0.2339 -0.8820 0.4092
vn -0.2387 -0.7739 0.5865
vn 0.0806 -0.7982 0.5969
vn 0.2780 -0.0688 -0.9581
vn -0.0098 -0.0617 -0.9980
vn -0.0241 -0.2243 -0.9742
vn -0.0011 -0.1227 -0.9924
vn -0.0878 -0.2110 -0.9735
vn 0.2077 0.0247 -0.9779
vn -0.0214 0.3361 -0.9416
vn 0.5612 0.1703 -0.8100
vn 0.9330 0.2378 0.2702
vn 0.8523 0.4465 -0.2724
vn 0.8449 0.4181 0.3338
vn 0.3119 0.0080 0.9501
vn 0.2166 0.1713 0.9611
vn 0.3166 -0.0671 0.9462
vn 0.7269 0.5876 -0.3553
vn 0.4500 0.8031 -0.3905
vn 0.3830 0.8562 -0.3467
vn 0.9706 0.0969 -0.2203
vn -0.1060 0.2007 -0.9739
vn -0.1530 0.2099 -0.9657
vn -0.1487 0.0890 -0.9849
vn 0.3244 -0.7094 -0.6257
vn 0.7284 -0.4722 -0.4964
vn -0.0928 -0.9522 -0.2912
vn -0.3340 -0.8132 -0.4767
vn 0.0892 -0.4850 -0.8699
vn 0.8894 0.4520 0.0677
vn 0.8962 0.1567 -0.4150
vn 0.9876 0.0829 0.1336
vn 0.8674 -0.0272 0.4968
vn 0.9052 0.0041 0.4251
vn 0.9069 -0.1971 0.3724
vn 0.7546 -0.1956 0.6263
vn 0.5841 -0.2706 0.7653
vn 0.1266 0.9894 0.0708
vn -0.0478 0.9945 0.0937
vn 0.4885 0.8192 0.3004
vn 0.8097 0.3397 -0.4785
vn 0.7399 0.3754 -0.5583
vn 0.7309 0.6823 0.0165
vn 0.7155 0.6986 -0.0016
vn -0.0895 0.2210 -0.9712
vn -0.0951 0.2893 -0.9525
vn -0.0567 -0.1171 -0.9915
vn -0.0152 -0.6117 -0.7909
vn -0.1918 -0.1684 -0.9669
vn -0.3154 -0.2851 -0.9051
vn -0.1504 -0.6738 -0.7234
vn -0.1076 -0.9366 -0.3335
vn 0.0269 -0.9355 -0.3523
vn -0.8385 -0.4631 -0.2872
vn -0.5597 -0.4963 -0.6636
vn 0.9893 -0.0225 -0.1444
vn 0.8710 -0.0768 0.4853
vn 0.9866 0.0263 -0.1608
vn 0.8662 -0.0950 0.4906
vn 0.9119 -0.0383 0.4086
vn 0.8058 0.2632 0.5305
vn 0.7770 0.3052 0.5506
vn 0.7346 0.0925 0.6721
vn -0.3977 -0.2676 0.8776
vn -0.4066 -0.3519 0.8431
vn -0.7824 -0.3135 0.5381
vn 0.6998 0.0101 0.7142
vn 0.6512 -0.0974 0.7527
vn 0.3950 -0.1560 0.9053
vn 0.2656 -0.1828 0.9466
vn 0.6555 -0.7241 0.2144
vn 0.6645 -0.7149 0.2177
vn 0.5029 -0.1785 0.8457
vn 0.1709 0.3290 0.9287
vn 0.4581 -0.1467 0.8767
vn -0.6913 -0.6663 0.2795
vn -0.6093 -0.7191 0.3342
vn -0.6232 -0.7714 0.1289
vn 0.9563 -0.2829 -0.0739
vn 0.2143 -0.2545 0.9430
vn 0.0806 -0.3924 0.9162
vn 0.0434 -0.2453 0.9685
vn 0.2823 -0.1375 0.9494
vn 0.6715 -0.0780 0.7369
vn 0.8489 -0.0072 0.5286
vn 0.9009 0.0184 0.4337
vn 0.9870 0.0702 -0.1445
vn 0.9708 0.0481 0.2352
vn 0.7600 -0.0298 0.6492
vn 0.8419 -0.0197 0.5393
vn 0.8426 -0.0161 0.5384
vn 0.9226 0.0491 -0.3826
vn 0.3854 0.0815 -0.9191
vn 0.8310 0.0404 -0.5549
vn 0.8596 -0.0264 0.5103
vn 0.7165 0.0325 -0.6968
vn 0.4175 0.0843 -0.9048
vn -0.0172 0.0833 -0.9964
vn -0.2016 0.0836 -0.9759
vn 0.0616 0.2450 -0.9676
vn 0.8129 0.4978 -0.3023
vn 0.4249 0.4493 -0.7858
vn 0.8163 0.4003 -0.4165
vn 0.5101 0.2204 -0.8314
vn 0.9084 0.0284 -0.4171
vn 0.5526 -0.0730 -0.8303
vn 0.8291 0.5590 -0.0048
vn 0.9909 0.1231 -0.0548
vn 0.9980 0.0162 -0.0607
vn 0.9968 0.0801 -0.0007
vn 0.9967 -0.0806 0.0112
vn 0.9986 0.0454 0.0268
vn 0.9338 -0.2463 0.2594
vn 0.0855 -0.9653 0.2467
vn 0.4671 -0.8840 -0.0162
vn -0.2722 -0.8931 0.3582
vn -0.2588 -0.9444 0.2027
vn -0.0407 -0.9507 0.3074
vn -0.2374 -0.9480 -0.2122
vn 0.1137 -0.7849 0.6090
vn 0.8583 -0.3399 0.3844
vn 0.9809 -0.1293 0.1451
vn 0.1730 -0.8569 0.4855
vn -0.1871 0.1088 -0.9763
vn -0.1987 0.0806 -0.9767
vn -0.2021 0.0760 -0.9764
vn -0.3566 0.1108 -0.9277
vn -0.6011 0.0407 -0.7982
vn -0.6119 0.1051 -0.7839
vn -0.4217 0.2611 -0.8683
vn -0.7288 0.3053 -0.6129
vn -0.9797 0.2004 0.0099
vn -0.9816 0.0462 0.1851
vn -0.9987 -0.0065 0.0503
vn -0.6506 0.3921 -0.6503
vn -0.8758 0.3340 -0.3485
vn -0.7611 -0.3161 -0.5664
vn -0.7993 -0.4352 -0.4143
vn -0.9119 -0.0645 0.4053
vn -0.9880 -0.0523 0.1452
vn -0.8952 0.1719 0.4112
vn -0.8701 0.0067 0.4929
vn -0.9941 -0.0785 0.0753
vn -0.9969 -0.0508 0.0601
vn -0.4453 0.0480 -0.8941
vn -0.6298 0.0279 -0.7762
vn -0.0804 0.0828 -0.9933
vn -0.2636 0.0841 -0.9610
vn -0.1198 0.0608 -0.9909
vn 0.5115 0.0319 -0.8587
vn 0.6933 -0.0888 0.7151
vn 0.9845 -0.1410 0.1042
vn 0.5867 -0.1630 0.7932
vn 0.8760 -0.1428 0.4606
vn 0.8160 -0.0668 -0.5742
vn 0.9191 -0.1071 -0.3791
vn 0.9848 -0.0707 0.1589
vn 0.1319 -0.0535 -0.9898
vn -0.1347 -0.0574 -0.9892
vn -0.2143 0.0717 -0.9741
vn -0.0116 0.0288 -0.9995
vn -0.2792 -0.1563 -0.9474
vn -0.3561 0.0027 -0.9345
vn -0.6302 -0.0203 -0.7761
vn -0.5763 -0.1619 -0.8011
vn -0.9879 -0.1446 0.0556
vn -0.9765 -0.1037 0.1891
vn -0.9687 -0.1828 0.1682
vn -0.8909 -0.1264 0.4363
vn -0.7366 -0.0760 0.6720
vn -0.6285 -0.1393 0.7652
vn -0.2162 -0.0685 0.9739
vn -0.6649 0.0468 0.7454
vn 0.1663 -0.0416 0.9852
vn 0.5831 -0.0085 0.8124
vn 0.6347 -0.0461 0.7714
vn -0.0008 -0.1103 0.9939
vn 0.7561 0.0114 0.6544
vn 0.9600 0.1334 0.2462
vn 0.9921 0.0509 0.1143
vn 0.9936 0.1124 0.0099
vn 0.9021 0.3700 0.2220
vn 0.3204 -0.0898 0.9430
vn 0.0833 -0.1448 0.9860
vn -0.5081 -0.1898 0.8401
vn -0.8609 -0.1988 0.4683
vn -0.9248 -0.3131 0.2163
vn -0.9412 -0.3371 -0.0242
vn -0.3995 -0.3691 -0.8391
vn -0.2219 -0.2707 -0.9367
vn -0.3538 -0.2804 -0.8923
vn -0.2028 -0.0655 -0.9770
vn -0.0913 -0.0508 -0.9945
vn -0.1052 0.2182 -0.9702
vn -0.1240 0.9167 -0.3798
vn -0.0733 0.9831 -0.1679
vn -0.1073 0.9638 -0.2440
vn 0.0047 0.9946 -0.1036
vn -0.2789 0.9589 0.0523
vn -0.4899 0.8315 0.2618
vn -0.5266 0.8450 0.0932
vn -0.0339 0.9880 -0.1505
vn -0.0625 0.8875 -0.4565
vn 0.0995 0.9341 -0.3427
vn 0.3648 0.9301 0.0419
vn -0.4782 0.8194 -0.3160
vn -0.0479 0.9461 -0.3203
vn -0.9077 0.4077 -0.0994
vn -0.5794 0.7775 -0.2445
vn 0.9937 -0.0456 -0.1025
vn -0.3975 -0.8888 0.2281
vn 0.4956 -0.6649 0.5588
vn 0.4222 -0.9003 0.1062
vn 0.4376 -0.5835 0.6842
vn -0.7475 0.5757 0.3315
vn 0.8283 -0.0294 0.5595
vn -0.9986 0.0181 0.0490
vn -0.3513 -0.0437 -0.9352
vn -0.1292 0.1037 -0.9862
vn 0.7667 0.1574 -0.6224
vn -0.0169 -0.5535 0.8327
vn -0.5053 -0.8626 0.0256
vn -0.5616 -0.7896 0.2473
vn 0.1884 -0.9708 0.1482
vn -0.9025 -0.4116 0.1270
vn -0.9622 -0.0892 0.2574
vn -0.9749 0.1665 0.1478
vn 0.1151 0.0678 0.9910
vn 0.0522 -0.3805 0.9233
vn 0.8537 0.4763 0.2108
vn 0.8728 0.4866 -0.0377
vn -0.1625 -0.8832 0.4399
vn -0.1602 -0.1199 0.9798
vn -0.1577 0.0872 0.9836
vn -0.3166 -0.0672 0.9462
vn -0.5247 -0.8033 0.2817
vn -0.2074 -0.8884 0.4095
vn -0.6129 -0.7464 0.2593
vn 0.2811 -0.4991 0.8197
vn 0.5741 -0.4660 0.6732
vn 0.3510 -0.1913 0.9166
vn 0.6958 -0.2080 0.6874
vn 0.7141 -0.3157 0.6248
vn 0.8342 -0.2109 0.5095
vn 0.9453 0.3048 0.1160
vn 0.7630 0.6321 -0.1354
vn 0.9077 0.4077 -0.0994
vn 0.8599 -0.4292 0.2762
vn 0.9285 -0.3619 0.0830
vn 0.9012 -0.4249 -0.0855
vn 0.8876 0.3976 0.2324
vn 0.9820 0.1081 0.1550
vn 0.9652 -0.1001 -0.2417
vn -0.5986 0.7059 -0.3786
vn -0.9919 -0.0409 -0.1202
vn -0.8333 0.4814 -0.2719
vn -0.0507 0.1080 0.9929
vn -0.1669 0.2719 0.9477
vn 0.0702 0.1025 0.9922
vn -0.1900 0.0281 0.9814
vn -0.0379 -0.3082 0.9506
vn 0.5414 -0.0606 0.8386
vn 0.9081 0.0884 0.4093
vn 0.7763 0.1846 0.6028
vn 0.1440 0.0596 0.9878
vn -0.3933 0.1383 0.9090
vn -0.6722 0.2605 0.6930
vn -0.2652 -0.1766 0.9479
vn -0.2222 -0.0776 0.9719
vn -0.4632 0.0512 0.8848
vn -0.7147 0.1408 0.6852
vn 0.7675 0.6403 0.0309
vn 0.6645 0.6072 -0.4356
vn -0.9403 0.3318 -0.0758
vn -0.8533 0.5093 -0.1119
vn -0.8573 0.5134 -0.0383
vn -0.5818 0.0810 0.8093
vn -0.8404 0.5385 -0.0608
vn 0.9588 0.2087 0.1925
vn 0.8952 0.1719 0.4112
vn 0.2387 -0.7739 0.5865
vn -0.2339 -0.8820 0.4092
vn -0.0806 -0.7982 0.5970
vn 0.0098 -0.0618 -0.9980
vn -0.2780 -0.0688 -0.9581
vn 0.0241 -0.2243 -0.9742
vn 0.0011 -0.1227 -0.9924
vn 0.1347 -0.0574 -0.9892
vn -0.2077 0.0247 -0.9779
vn -0.5612 0.1703 -0.8100
vn 0.0214 0.3361 -0.9416
vn -0.9330 0.2378 0.2702
vn -0.8523 0.4465 -0.2724
vn -0.8097 0.3397 -0.4785
vn -0.3119 0.0080 0.9501
vn -0.2166 0.1713 0.9611
vn -0.7269 0.5876 -0.3553
vn -0.4500 0.8031 -0.3905
vn -0.9706 0.0969 -0.2203
vn 0.1060 0.2007 -0.9739
vn 0.1487 0.0890 -0.9849
vn 0.1530 0.2099 -0.9657
vn -0.3244 -0.7094 -0.6257
vn -0.7283 -0.4723 -0.4964
vn -0.0892 -0.4850 -0.8699
vn 0.3340 -0.8132 -0.4766
vn 0.0924 -0.9525 -0.2903
vn -0.8894 0.4520 0.0677
vn -0.8962 0.1567 -0.4150
vn -0.8129 0.4978 -0.3023
vn -0.9813 0.1750 0.0806
vn -0.9051 0.0041 0.4251
vn -0.8674 -0.0273 0.4968
vn -0.9069 -0.1971 0.3724
vn -0.5841 -0.2706 0.7653
vn -0.7546 -0.1956 0.6263
vn -0.1266 0.9894 0.0708
vn -0.4885 0.8192 0.3004
vn 0.0478 0.9945 0.0937
vn -0.7399 0.3754 -0.5583
vn -0.5573 0.2717 -0.7846
vn -0.7309 0.6823 0.0165
vn -0.7155 0.6986 -0.0016
vn 0.0895 0.2210 -0.9712
vn 0.0951 0.2893 -0.9525
vn 0.0567 -0.1171 -0.9915
vn 0.0152 -0.6117 -0.7909
vn 0.1504 -0.6738 -0.7234
vn 0.3154 -0.2851 -0.9051
vn 0.1076 -0.9366 -0.3335
vn 0.5597 -0.4962 -0.6637
vn 0.8385 -0.4631 -0.2872
vn -0.9893 -0.0225 -0.1444
vn -0.8710 -0.0768 0.4853
vn -0.8662 -0.0950 0.4906
vn -0.9119 -0.0383 0.4087
vn -0.9866 0.0262 -0.1608
vn -0.8058 0.2632 0.5305
vn -0.7346 0.0925 0.6721
vn -0.7770 0.3052 0.5506
vn 0.3977 -0.2676 0.8776
vn 0.7824 -0.3136 0.5380
vn -0.6512 -0.0974 0.7527
vn -0.6998 0.0101 0.7142
vn -0.3950 -0.1560 0.9053
vn -0.2656 -0.1828 0.9466
vn -0.6555 -0.7241 0.2144
vn -0.5028 -0.1786 0.8457
vn -0.1709 0.3290 0.9287
vn -0.4581 -0.1467 0.8767
vn 0.6093 -0.7191 0.3342
vn 0.6913 -0.6663 0.2795
vn 0.6232 -0.7714 0.1289
vn -0.9563 -0.2829 -0.0739
vn -0.9734 -0.2238 -0.0491
vn -0.2143 -0.2545 0.9430
vn -0.0806 -0.3924 0.9162
vn -0.3305 -0.2965 0.8960
vn -0.2823 -0.1375 0.9494
vn -0.0434 -0.2453 0.9685
vn -0.6715 -0.0780 0.7369
vn -0.8489 -0.0072 0.5286
vn -0.9008 0.0191 0.4337
vn -0.9870 0.0702 -0.1445
vn -0.9708 0.0481 0.2351
vn -0.7600 -0.0298 0.6492
vn -0.8419 -0.0197 0.5393
vn -0.8426 -0.0161 0.5384
vn -0.9226 0.0491 -0.3826
vn -0.3854 0.0815 -0.9191
vn -0.4175 0.0843 -0.9048
vn -0.8596 -0.0264 0.5103
vn -0.7165 0.0325 -0.6969
vn 0.0172 0.0833 -0.9964
vn -0.0616 0.2450 -0.9676
vn -0.4249 0.4494 -0.7858
vn -0.8163 0.4003 -0.4165
vn -0.5101 0.2204 -0.8314
vn -0.9084 0.0284 -0.4171
vn -0.5526 -0.0730 -0.8303
vn -0.8291 0.5590 -0.0048
vn -0.9980 0.0163 -0.0607
vn -0.9909 0.1232 -0.0548
vn -0.9968 0.0801 -0.0007
vn -0.9967 -0.0806 0.0112
vn -0.9986 0.0454 0.0268
vn -0.0855 -0.9653 0.2467
vn -0.9338 -0.2463 0.2594
vn -0.4671 -0.8841 -0.0162
vn 0.2722 -0.8931 0.3582
vn -0.1730 -0.8570 0.4855
vn 0.2588 -0.9444 0.2027
vn 0.0407 -0.9507 0.3074
vn 0.2374 -0.9480 -0.2121
vn -0.0269 -0.9355 -0.3523
vn -0.1137 -0.7849 0.6090
vn -0.8582 -0.3401 0.3844
vn -0.9809 -0.1293 0.1451
vn 0.2016 0.0836 -0.9759
vn 0.1871 0.1088 -0.9763
vn 0.2021 0.0760 -0.9764
vn 0.3566 0.1108 -0.9277
vn 0.6011 0.0407 -0.7982
vn 0.6119 0.1051 -0.7839
vn 0.4217 0.2611 -0.8683
vn 0.9797 0.2004 0.0098
vn 0.9816 0.0462 0.1851
vn 0.7288 0.3053 -0.6129
vn 0.8758 0.3340 -0.3485
vn 0.6506 0.3921 -0.6503
vn 0.7611 -0.3161 -0.5664
vn 0.7993 -0.4352 -0.4143
vn 0.1918 -0.1684 -0.9669
vn 0.9119 -0.0645 0.4053
vn 0.8701 0.0067 0.4929
vn 0.9987 -0.0065 0.0503
vn 0.9880 -0.0523 0.1452
vn 0.9941 -0.0785 0.0753
vn 0.9969 -0.0506 0.0602
vn 0.4453 0.0486 -0.8941
vn 0.6298 0.0279 -0.7762
vn 0.0804 0.0828 -0.9933
vn 0.1987 0.0806 -0.9767
vn 0.2636 0.0841 -0.9610
vn 0.1198 0.0608 -0.9909
vn -0.5115 0.0319 -0.8587
vn -0.6933 -0.0888 0.7151
vn -0.9848 -0.0706 0.1589
vn -0.5867 -0.1630 0.7932
vn -0.9845 -0.1410 0.1042
vn -0.8760 -0.1428 0.4606
vn -0.9191 -0.1071 -0.3791
vn -0.8160 -0.0668 -0.5742
vn 0.2143 0.0717 -0.9741
vn 0.0116 0.0288 -0.9995
vn 0.2792 -0.1563 -0.9474
vn 0.3560 0.0028 -0.9345
vn 0.6302 -0.0203 -0.7761
vn 0.5763 -0.1619 -0.8011
vn 0.9879 -0.1446 0.0556
vn 0.9765 -0.1037 0.1891
vn 0.9687 -0.1828 0.1682
vn 0.8909 -0.1264 0.4363
vn 0.7367 -0.0750 0.6721
vn 0.6285 -0.1393 0.7652
vn 0.2162 -0.0685 0.9739
vn 0.6650 0.0468 0.7454
vn -0.1663 -0.0416 0.9852
vn -0.5831 -0.0085 0.8124
vn -0.7561 0.0114 0.6544
vn 0.0008 -0.1102 0.9939
vn -0.3204 -0.0898 0.9430
vn -0.9600 0.1334 0.2462
vn -0.9921 0.0509 0.1143
vn -0.9936 0.1124 0.0099
vn -0.9021 0.3700 0.2220
vn -0.0833 -0.1447 0.9860
vn 0.5081 -0.1898 0.8401
vn 0.8609 -0.1988 0.4683
vn 0.9248 -0.3131 0.2164
vn 0.9412 -0.3371 -0.0241
vn 0.3996 -0.3691 -0.8391
vn 0.2219 -0.2707 -0.9367
vn 0.3541 -0.2804 -0.8922
vn 0.0913 -0.0508 -0.9945
vn 0.2028 -0.0655 -0.9770
vn 0.0878 -0.2110 -0.9735
vn 0.1052 0.2182 -0.9702
vn 0.0733 0.9831 -0.1679
vn 0.1239 0.9167 -0.3798
vn 0.1073 0.9638 -0.2440
vn 0.2789 0.9589 0.0523
vn 0.4899 0.8316 0.2618
vn 0.5266 0.8450 0.0932
vn 0.0625 0.8875 -0.4565
vn -0.0995 0.9341 -0.3427
vn -0.3648 0.9301 0.0419
vn 0.0340 0.9880 -0.1505
vn 0.0479 0.9461 -0.3203
vn 0.4782 0.8194 -0.3160
vn -0.3830 0.8562 -0.3467
vn 0.5794 0.7775 -0.2445
vn -0.9937 -0.0456 -0.1025
vn 0.4065 -0.3519 0.8431
vn 0.3975 -0.8888 0.2281
vn -0.4956 -0.6649 0.5588
vn -0.4376 -0.5835 0.6842
vn 0.7475 0.5757 0.3315
vn -0.8283 -0.0294 0.5595
vn -0.8449 0.4181 0.3338
vn -0.0262 -0.0706 0.9972
vn 0.9986 0.0181 0.0489
vn 0.3513 -0.0437 -0.9352
vn -0.7667 0.1574 -0.6224
vn 0.0169 -0.5535 0.8327
vn 0.5053 -0.8626 0.0256
vn -0.1884 -0.9708 0.1482
vn -0.4222 -0.9003 0.1062
vn 0.9025 -0.4117 0.1270
vn 0.9622 -0.0892 0.2574
vn 0.9422 -0.2865 0.1738
vn 0.9749 0.1665 0.1478
vn -0.1151 0.0678 0.9910
vn -0.0522 -0.3805 0.9233
vn -0.8537 0.4763 0.2108
vn -0.8728 0.4866 -0.0378
vn 0.1624 -0.8832 0.4399
vn 0.6288 -0.6273 0.4595
vn 0.0119 0.5892 0.8079
vn 0.2814 0.5248 0.8034
vn 0.1571 0.7876 0.5958
vn 0.5771 0.3005 0.7593
vn 0.3427 0.8090 0.4776
vn 0.6763 0.6524 0.3419
vn 0.8863 -0.2231 0.4058
vn 0.8665 -0.3824 0.3208
vn 0.4781 -0.8764 0.0580
vn 0.5626 -0.7730 0.2932
vn 0.4509 -0.8830 0.1301
vn 0.3007 -0.9537 0.0013
vn 0.3530 -0.7707 0.5305
vn 0.2662 -0.9547 0.1332
vn 0.1968 0.1979 0.9603
vn 0.1731 0.1522 0.9731
vn 0.3468 -0.1387 0.9276
vn 0.3421 -0.7084 0.6174
vn 0.8010 -0.5630 0.2035
vn 0.7206 -0.3912 0.5725
vn 0.9968 -0.0504 0.0617
vn 0.9271 -0.2057 0.3133
vn 0.9869 0.1071 0.1209
vn 0.9566 0.2413 -0.1631
vn 0.9764 0.2062 -0.0648
vn 0.8141 0.2469 -0.5256
vn 0.9072 0.3339 -0.2559
vn 0.9471 0.1778 -0.2671
vn 0.9402 0.3242 -0.1042
vn 0.9511 0.2790 0.1323
vn 0.8947 -0.1257 0.4286
vn 0.6768 -0.5030 0.5375
vn 0.5838 -0.2644 0.7676
vn 0.4762 -0.6282 0.6152
vn 0.5407 -0.6778 0.4982
vn 0.4823 -0.7918 0.3747
vn 0.4803 -0.8029 0.3531
vn 0.1119 -0.0611 0.9918
vn 0.0410 -0.3321 0.9424
vn -0.0858 -0.0232 0.9960
vn -0.0000 -0.0299 0.9996
vn -0.0000 0.1340 0.9910
vn 0.2824 0.1357 0.9497
vn 0.0868 0.1335 0.9872
vn 0.3524 0.1675 0.9208
vn 0.2787 0.1973 0.9399
vn 0.3905 0.2042 0.8977
vn 0.3174 0.3264 0.8903
vn 0.4810 0.3521 0.8029
vn 0.3753 0.4422 0.8146
vn 0.5178 0.4450 0.7307
vn 0.9501 0.2529 0.1826
vn 0.6516 0.4116 0.6372
vn 0.9152 0.2241 0.3349
vn 0.7504 0.4866 0.4474
vn 0.9011 0.3147 0.2984
vn 0.7778 0.5686 0.2680
vn 0.5291 0.4314 0.7307
vn 0.4723 0.3119 0.8244
vn 0.1380 0.2450 0.9597
vn 0.2274 0.3644 0.9031
vn 0.5213 0.5817 0.6244
vn 0.3445 0.5094 0.7886
vn -0.0000 0.6704 0.7420
vn -0.0000 0.4746 0.8802
vn -0.0000 0.3266 0.9452
vn -0.0000 0.1553 0.9879
vn 0.5739 0.7166 0.3964
vn 0.3776 0.7821 0.4957
vn 0.3139 0.6896 0.6526
vn -0.0000 0.8467 0.5321
vn 0.4611 -0.1078 0.8808
vn 0.7279 0.0384 0.6846
vn 0.6823 -0.0407 0.7299
vn 0.6705 -0.0108 0.7418
vn 0.4885 0.3113 0.8152
vn -0.0000 0.2693 0.9631
vn -0.0001 -0.8279 0.5608
vn -0.4441 -0.7997 0.4040
vn -0.4732 -0.7185 0.5098
vn -0.7056 -0.6316 0.3212
vn -0.8301 -0.4048 0.3835
vn -0.3895 -0.7245 0.5687
vn -0.3889 -0.3374 0.8573
vn -0.5705 -0.1063 0.8144
vn -0.7293 -0.1262 0.6724
vn -0.1201 0.2940 0.9482
vn -0.3408 0.5790 0.7406
vn 0.0533 0.6339 0.7716
vn -0.0275 0.6902 0.7231
vn -0.0000 0.6673 0.7448
vn -0.0000 0.0487 0.9988
vn -0.0000 0.3006 0.9538
vn -0.0000 -0.4402 0.8979
vn 0.8587 0.2935 0.4201
vn 0.6482 -0.2301 0.7259
vn 0.9300 -0.0677 0.3614
vn 0.9887 0.1189 0.0910
vn 0.9856 0.1663 0.0294
vn 0.9540 0.2699 -0.1302
vn 0.9868 0.1155 0.1136
vn 0.9493 0.2967 0.1037
vn 0.9696 0.0357 0.2423
vn 0.9560 0.2796 0.0891
vn 0.9611 0.2452 0.1270
vn 0.9915 0.1126 0.0654
vn 0.9600 0.2520 0.1222
vn 0.9056 -0.4242 -0.0062
vn 0.9607 -0.2595 0.0990
vn 0.9790 -0.1738 0.1069
vn 0.9579 0.2671 0.1053
vn 0.9454 0.3058 0.1131
vn 0.8376 -0.5285 -0.1381
vn 0.9850 -0.0925 -0.1456
vn 0.9772 0.0918 0.1916
vn 0.9962 0.0726 -0.0477
vn 0.9972 -0.0540 0.0517
vn 0.9820 -0.0592 0.1793
vn 0.9844 -0.0807 0.1561
vn 0.9862 -0.0038 0.1652
vn 0.9995 0.0251 0.0189
vn 0.9970 -0.0547 0.0543
vn 0.9872 -0.0847 0.1350
vn 0.9894 -0.0455 0.1383
vn 0.9990 0.0190 0.0399
vn 0.9955 0.0029 0.0950
vn 0.8802 0.4333 0.1937
vn 0.8208 0.5432 0.1764
vn 0.9152 0.3991 0.0567
vn 0.8657 0.5005 -0.0108
vn 0.7683 0.6293 0.1175
vn 0.6351 0.7230 0.2720
vn 0.6401 0.7680 0.0219
vn 0.5849 0.7989 0.1402
vn 0.3764 0.8509 0.3666
vn 0.3974 0.9168 0.0385
vn 0.3522 0.9190 0.1770
vn -0.0000 0.9944 0.1055
vn -0.0000 0.9839 0.1786
vn 0.5659 -0.0287 0.8240
vn 0.6141 -0.1390 0.7769
vn 0.4501 -0.4389 0.7777
vn 0.7156 -0.3840 0.5835
vn 0.4276 -0.5994 0.6767
vn 0.1438 -0.6702 0.7281
vn 0.0596 -0.6270 0.7767
vn 0.1938 -0.6212 0.7593
vn 0.3921 -0.5410 0.7440
vn 0.3095 -0.5642 0.7654
vn -0.5309 -0.4823 0.6968
vn 0.1068 -0.7424 0.6614
vn 0.5966 -0.7600 0.2579
vn 0.4783 -0.5119 0.7136
vn 0.8381 -0.4660 0.2837
vn 0.5512 -0.4478 0.7040
vn 0.5964 -0.7913 0.1347
vn -0.5536 -0.8273 0.0951
vn 0.0314 -0.9946 -0.0987
vn -0.7412 -0.6455 -0.1844
vn -0.9336 -0.3340 0.1294
vn 0.1876 -0.7843 -0.5914
vn 0.5964 -0.7923 -0.1290
vn 0.7001 -0.7092 0.0825
vn 0.4817 -0.8007 -0.3561
vn 0.7611 -0.6417 -0.0948
vn 0.7983 -0.6011 -0.0378
vn 0.6492 -0.7266 -0.2249
vn 0.7170 -0.6685 -0.1977
vn 0.9083 -0.3171 -0.2729
vn 0.9737 -0.0929 -0.2080
vn 0.9868 -0.0759 -0.1428
vn 0.9931 0.0098 -0.1169
vn 0.9987 0.0446 -0.0246
vn 0.9267 0.3359 -0.1682
vn 0.9334 0.3552 -0.0509
vn 0.8143 0.5453 -0.1990
vn 0.5611 0.8035 -0.1989
vn -0.0000 0.9885 -0.1511
vn 0.2572 -0.0338 0.9658
vn -0.0000 0.0256 0.9997
vn 0.2632 0.0119 0.9647
vn 0.4691 -0.0171 0.8830
vn 0.4958 -0.0696 0.8656
vn 0.6444 -0.0635 0.7621
vn 0.7433 -0.1159 0.6589
vn 0.6587 0.0725 0.7489
vn 0.8082 -0.0357 0.5878
vn 0.7909 -0.3012 0.5327
vn 0.9582 -0.1298 0.2548
vn 0.9839 -0.0405 0.1742
vn 0.4924 -0.8683 0.0607
vn 0.8720 -0.4894 -0.0142
vn 0.9964 -0.0732 0.0435
vn 0.3381 -0.6567 -0.6742
vn -0.0810 -0.4964 -0.8643
vn 0.0488 -0.7136 -0.6989
vn 0.0322 -0.9373 -0.3470
vn 0.0832 -0.9087 -0.4091
vn 0.0782 -0.9398 -0.3326
vn 0.0278 -0.9233 -0.3830
vn 0.1925 -0.9362 -0.2940
vn 0.1569 -0.9276 -0.3389
vn 0.2378 -0.9579 -0.1606
vn 0.2365 -0.9653 -0.1108
vn 0.2309 -0.9233 -0.3070
vn 0.3318 -0.9344 0.1298
vn 0.2540 -0.9550 0.1533
vn 0.7461 -0.6547 0.1217
vn 0.1934 -0.8062 0.5591
vn 0.5152 -0.8571 0.0037
vn 0.1978 -0.9790 -0.0498
vn 0.0644 -0.9682 0.2416
vn 0.0770 -0.9645 0.2527
vn 0.1768 -0.9696 -0.1694
vn 0.2365 -0.8246 -0.5139
vn 0.3578 -0.8024 -0.4776
vn 0.2101 -0.4438 -0.8711
vn 0.9650 -0.0764 -0.2508
vn 0.6735 -0.6981 -0.2429
vn 0.8969 -0.3175 -0.3077
vn 0.4332 -0.8433 -0.3180
vn 0.0274 -0.6428 -0.7655
vn -0.2469 0.0041 -0.9690
vn 0.9163 0.0325 -0.3992
vn 0.9986 0.0310 -0.0419
vn 0.9143 0.1961 -0.3545
vn 0.9927 -0.1051 -0.0596
vn 0.9595 -0.1397 -0.2446
vn 0.7155 -0.0963 0.6920
vn 0.9976 -0.0171 0.0673
vn 0.9974 0.0038 0.0721
vn 0.9647 -0.0637 0.2556
vn -0.4116 -0.7178 -0.5616
vn -0.0000 -0.7051 -0.7091
vn -0.0000 -0.7913 -0.6114
vn -0.3231 -0.6352 -0.7016
vn -0.0000 -0.6482 -0.7615
vn -0.0000 -0.6296 -0.7769
vn 0.1578 -0.8554 -0.4933
vn 0.7094 -0.6685 -0.2234
vn 0.3395 -0.9056 -0.2540
vn -0.0171 -0.6831 -0.7301
vn -0.0000 -0.7668 -0.6419
vn 0.9949 -0.0390 0.0934
vn 0.9897 -0.0909 0.1105
vn -0.0913 -0.9125 -0.3988
vn -0.3847 -0.6387 -0.6663
vn 0.0241 -0.8025 -0.5961
vn -0.3257 -0.9454 -0.0080
vn -0.4142 -0.8172 -0.4009
vn -0.3876 -0.6754 -0.6273
vn -0.5470 -0.7231 -0.4219
vn 0.0231 -0.9639 -0.2653
vn -0.1354 -0.7823 -0.6080
vn 0.1520 -0.7942 -0.5884
vn -0.5916 -0.7087 -0.3843
vn -0.0864 -0.9922 -0.0893
vn -0.5425 -0.7772 -0.3187
vn -0.0239 -0.8580 -0.5130
vn -0.6079 -0.6371 -0.4739
vn -0.3242 -0.7488 -0.5781
vn -0.3593 -0.6181 -0.6992
vn -0.2491 -0.8130 -0.5264
vn -0.5751 -0.7122 -0.4025
vn -0.4125 -0.7198 -0.5583
vn -0.5554 -0.4654 -0.6892
vn -0.4282 -0.5999 -0.6759
vn -0.3553 -0.3983 -0.8457
vn 0.3102 -0.7388 -0.5983
vn 0.2140 -0.9247 -0.3150
vn 0.3524 -0.8684 -0.3489
vn 0.1155 -0.9029 -0.4140
vn -0.1263 -0.5402 -0.8320
vn -0.0479 -0.5430 -0.8384
vn -0.0000 0.0220 0.9998
vn 0.4277 -0.0745 0.9008
vn -0.0000 -0.1236 0.9923
vn 0.6242 -0.2312 0.7463
vn 0.5621 -0.2645 0.7836
vn -0.0000 -0.8095 -0.5871
vn -0.0064 -0.7212 -0.6927
vn -0.0000 -0.4039 0.9148
vn 0.6592 -0.4288 0.6178
vn 0.7675 -0.1080 0.6319
vn 0.9104 -0.0364 0.4120
vn 0.2790 0.0095 0.9602
vn 0.9858 -0.0842 0.1456
vn -0.0000 -0.8631 -0.5050
vn -0.0000 -0.8442 -0.5360
vn -0.0000 -0.9829 -0.1841
vn -0.0000 -0.7917 -0.6110
vn -0.0000 -0.9832 0.1823
vn -0.0000 -0.8353 -0.5497
vn -0.0000 -0.9095 0.4156
vn -0.0000 -0.9793 -0.2022
vn 0.4111 -0.7695 -0.4887
vn 0.2697 -0.9009 -0.3402
vn 0.1496 -0.9232 -0.3539
vn 0.8194 -0.4169 -0.3934
vn 0.9250 -0.2788 -0.2581
vn 0.9055 -0.3286 -0.2685
vn 0.9604 -0.1713 -0.2198
vn 0.9786 -0.0969 -0.1816
vn 0.9761 0.0566 -0.2099
vn 0.2585 0.8345 -0.4867
vn 0.3693 0.9069 -0.2031
vn 0.4811 0.7603 -0.4366
vn 0.6660 0.5655 -0.4865
vn 0.8342 0.3251 -0.4454
vn 0.9758 0.1083 -0.1898
vn 0.7341 -0.2363 -0.6366
vn 0.8873 0.0118 -0.4610
vn 0.8892 -0.1523 -0.4313
vn 0.7863 0.1354 -0.6029
vn 0.6974 -0.0063 -0.7166
vn 0.6162 0.4041 -0.6761
vn 0.6605 0.3258 -0.6765
vn 0.3762 0.6517 -0.6586
vn -0.0000 0.6833 -0.7302
vn -0.0000 0.8744 -0.4851
vn -0.0000 -0.7912 -0.6115
vn 0.2844 -0.7501 -0.5971
vn 0.4868 -0.6059 -0.6292
vn 0.8569 -0.2720 -0.4379
vn 0.7645 -0.3983 -0.5068
vn 0.6231 -0.4201 -0.6597
vn 0.2865 0.4989 -0.8179
vn 0.3632 0.3078 -0.8794
vn -0.0000 0.4292 -0.9032
vn 0.4020 -0.1055 -0.9096
vn -0.0000 0.0426 -0.9991
vn 0.4491 0.0500 -0.8921
vn 0.3728 -0.3113 -0.8741
vn -0.0000 -0.1875 -0.9823
vn 0.2438 -0.6417 -0.7272
vn -0.0000 -0.7316 0.6817
vn 0.7211 0.0681 0.6895
vn 0.5916 0.2115 0.7780
vn 0.5340 -0.7459 0.3981
vn -0.2814 0.5248 0.8034
vn -0.0119 0.5892 0.8079
vn -0.1571 0.7876 0.5958
vn -0.3427 0.8090 0.4776
vn -0.5771 0.3006 0.7594
vn -0.6763 0.6525 0.3419
vn -0.8863 -0.2230 0.4058
vn -0.4781 -0.8764 0.0580
vn -0.4509 -0.8830 0.1301
vn -0.5626 -0.7730 0.2932
vn -0.3007 -0.9537 0.0013
vn -0.2662 -0.9547 0.1332
vn -0.3530 -0.7707 0.5305
vn -0.1968 0.1979 0.9603
vn -0.1731 0.1522 0.9731
vn -0.3421 -0.7083 0.6174
vn -0.3468 -0.1387 0.9276
vn -0.8010 -0.5630 0.2035
vn -0.7206 -0.3912 0.5725
vn -0.9271 -0.2058 0.3133
vn -0.9869 0.1071 0.1209
vn -0.8587 0.2936 0.4201
vn -0.9764 0.2062 -0.0648
vn -0.9072 0.3339 -0.2559
vn -0.8141 0.2469 -0.5256
vn -0.9471 0.1777 -0.2671
vn -0.9402 0.3241 -0.1042
vn -0.9511 0.2790 0.1323
vn -0.8947 -0.1257 0.4286
vn -0.6768 -0.5030 0.5375
vn -0.5838 -0.2645 0.7676
vn -0.4762 -0.6282 0.6152
vn -0.5407 -0.6778 0.4982
vn -0.8665 -0.3824 0.3208
vn -0.4823 -0.7918 0.3747
vn -0.4802 -0.8029 0.3532
vn -0.0410 -0.3321 0.9424
vn -0.1119 -0.0610 0.9918
vn 0.0858 -0.0232 0.9960
vn -0.2824 0.1357 0.9497
vn -0.2787 0.1972 0.9399
vn -0.0868 0.1336 0.9872
vn -0.3524 0.1675 0.9208
vn -0.3905 0.2042 0.8977
vn -0.3175 0.3264 0.8903
vn -0.4810 0.3521 0.8029
vn -0.3753 0.4422 0.8146
vn -0.5178 0.4450 0.7307
vn -0.4436 0.4264 0.7883
vn -0.6516 0.4115 0.6372
vn -0.9501 0.2529 0.1826
vn -0.7503 0.4866 0.4475
vn -0.9152 0.2241 0.3348
vn -0.7778 0.5685 0.2680
vn -0.9011 0.3147 0.2984
vn -0.4723 0.3119 0.8244
vn -0.5291 0.4314 0.7307
vn -0.1380 0.2450 0.9597
vn -0.2274 0.3644 0.9031
vn -0.5213 0.5817 0.6244
vn -0.3445 0.5094 0.7886
vn -0.3139 0.6896 0.6526
vn -0.5739 0.7166 0.3964
vn -0.3776 0.7821 0.4957
vn -0.4611 -0.1078 0.8808
vn -0.6823 -0.0407 0.7299
vn -0.7279 0.0384 0.6846
vn -0.6705 -0.0108 0.7418
vn -0.4885 0.3112 0.8152
vn 0.4441 -0.7997 0.4040
vn 0.4731 -0.7185 0.5098
vn 0.7056 -0.6316 0.3212
vn 0.8302 -0.4047 0.3834
vn 0.3895 -0.7245 0.5687
vn 0.5705 -0.1063 0.8144
vn 0.3889 -0.3374 0.8573
vn 0.7294 -0.1262 0.6724
vn 0.1202 0.2940 0.9482
vn 0.3408 0.5791 0.7406
vn -0.0533 0.6339 0.7716
vn 0.0276 0.6903 0.7230
vn -0.9300 -0.0677 0.3614
vn -0.6482 -0.2301 0.7259
vn -0.9887 0.1189 0.0909
vn -0.9566 0.2413 -0.1631
vn -0.9856 0.1663 0.0294
vn -0.9541 0.2699 -0.1302
vn -0.9868 0.1155 0.1136
vn -0.9493 0.2968 0.1037
vn -0.9560 0.2796 0.0891
vn -0.9915 0.1126 0.0654
vn -0.9600 0.2520 0.1223
vn -0.9611 0.2452 0.1270
vn -0.9056 -0.4242 -0.0062
vn -0.9607 -0.2595 0.0990
vn -0.9579 0.2671 0.1053
vn -0.9790 -0.1738 0.1069
vn -0.9453 0.3059 0.1130
vn -0.9850 -0.0924 -0.1456
vn -0.8376 -0.5285 -0.1381
vn -0.9772 0.0918 0.1916
vn -0.9962 0.0726 -0.0478
vn -0.9696 0.0357 0.2423
vn -0.9972 -0.0540 0.0518
vn -0.9820 -0.0592 0.1793
vn -0.9862 -0.0038 0.1652
vn -0.9995 0.0251 0.0189
vn -0.9970 -0.0547 0.0543
vn -0.9844 -0.0807 0.1561
vn -0.9872 -0.0847 0.1350
vn -0.9894 -0.0455 0.1383
vn -0.9955 0.0029 0.0950
vn -0.9990 0.0189 0.0399
vn -0.8802 0.4333 0.1937
vn -0.8209 0.5432 0.1764
vn -0.8883 0.4401 0.1317
vn -0.9152 0.3991 0.0567
vn -0.8657 0.5005 -0.0108
vn -0.9334 0.3552 -0.0509
vn -0.6351 0.7230 0.2720
vn -0.7683 0.6292 0.1175
vn -0.6401 0.7680 0.0219
vn -0.3764 0.8509 0.3666
vn -0.5849 0.7989 0.1402
vn -0.3975 0.9168 0.0384
vn -0.3522 0.9190 0.1770
vn -0.5658 -0.0287 0.8240
vn -0.6140 -0.1390 0.7769
vn -0.4501 -0.4389 0.7777
vn -0.4276 -0.5994 0.6767
vn -0.1438 -0.6702 0.7281
vn -0.1938 -0.6212 0.7593
vn -0.0596 -0.6270 0.7767
vn -0.3921 -0.5409 0.7441
vn -0.3095 -0.5642 0.7655
vn -0.1067 -0.7424 0.6614
vn 0.5310 -0.4823 0.6968
vn -0.5966 -0.7600 0.2579
vn -0.8381 -0.4660 0.2837
vn -0.5512 -0.4478 0.7040
vn -0.4783 -0.5119 0.7136
vn -0.5964 -0.7913 0.1347
vn 0.5536 -0.8273 0.0950
vn -0.0315 -0.9946 -0.0987
vn -0.4924 -0.8683 0.0607
vn 0.9337 -0.3340 0.1294
vn -0.1876 -0.7843 -0.5914
vn -0.5964 -0.7923 -0.1290
vn -0.4817 -0.8007 -0.3561
vn -0.3381 -0.6566 -0.6742
vn -0.7611 -0.6417 -0.0948
vn -0.7983 -0.6011 -0.0379
vn -0.7001 -0.7092 0.0826
vn -0.7170 -0.6684 -0.1977
vn -0.9083 -0.3171 -0.2729
vn -0.9737 -0.0929 -0.2080
vn -0.9868 -0.0759 -0.1428
vn -0.9987 0.0446 -0.0246
vn -0.9931 0.0098 -0.1169
vn -0.9267 0.3359 -0.1682
vn -0.8143 0.5453 -0.1989
vn -0.5611 0.8035 -0.1989
vn -0.3693 0.9069 -0.2031
vn -0.2572 -0.0338 0.9658
vn -0.0000 0.1050 0.9945
vn -0.4691 -0.0171 0.8830
vn -0.4958 -0.0696 0.8656
vn -0.7433 -0.1159 0.6589
vn -0.6444 -0.0635 0.7621
vn -0.6587 0.0724 0.7489
vn -0.7156 -0.3840 0.5835
vn -0.9582 -0.1299 0.2548
vn -0.8082 -0.0357 0.5878
vn -0.7909 -0.3012 0.5328
vn -0.8720 -0.4893 -0.0142
vn -0.9964 -0.0732 0.0435
vn 0.0810 -0.4964 -0.8643
vn -0.0489 -0.7135 -0.6989
vn -0.0322 -0.9373 -0.3470
vn -0.0832 -0.9087 -0.4091
vn -0.0627 -0.9068 -0.4169
vn -0.0275 -0.9233 -0.3832
vn -0.0783 -0.9398 -0.3325
vn -0.1570 -0.9276 -0.3389
vn -0.1924 -0.9362 -0.2940
vn -0.2378 -0.9579 -0.1606
vn -0.2310 -0.9233 -0.3069
vn -0.2365 -0.9653 -0.1108
vn -0.3319 -0.9344 0.1298
vn -0.7461 -0.6547 0.1217
vn -0.2540 -0.9550 0.1532
vn -0.1934 -0.8063 0.5591
vn -0.1978 -0.9790 -0.0498
vn -0.5152 -0.8571 0.0036
vn -0.0644 -0.9682 0.2416
vn -0.0770 -0.9645 0.2527
vn -0.1768 -0.9696 -0.1694
vn -0.3578 -0.8024 -0.4776
vn -0.2365 -0.8246 -0.5139
vn -0.2101 -0.4438 -0.8711
vn -0.9650 -0.0764 -0.2508
vn -0.6735 -0.6981 -0.2429
vn -0.8969 -0.3175 -0.3077
vn -0.4332 -0.8433 -0.3180
vn -0.0274 -0.6428 -0.7655
vn 0.2469 0.0041 -0.9690
vn -0.9163 0.0324 -0.3992
vn -0.9986 0.0310 -0.0419
vn -0.9927 -0.1051 -0.0596
vn -0.9595 -0.1398 -0.2446
vn -0.7155 -0.0963 0.6920
vn -0.9976 -0.0170 0.0671
vn -0.9839 -0.0405 0.1742
vn -0.9974 0.0038 0.0721
vn -0.9647 -0.0637 0.2556
vn 0.4116 -0.7178 -0.5616
vn 0.3594 -0.6181 -0.6991
vn 0.3231 -0.6352 -0.7016
vn 0.0171 -0.6831 -0.7301
vn -0.1578 -0.8554 -0.4933
vn -0.3396 -0.9056 -0.2540
vn -0.7094 -0.6685 -0.2234
vn -0.9949 -0.0389 0.0934
vn -0.9897 -0.0909 0.1105
vn 0.3848 -0.6387 -0.6664
vn 0.0913 -0.9125 -0.3988
vn -0.0241 -0.8025 -0.5961
vn 0.3257 -0.9454 -0.0080
vn 0.4141 -0.8172 -0.4009
vn 0.2490 -0.8130 -0.5264
vn 0.3876 -0.6754 -0.6273
vn -0.0231 -0.9639 -0.2652
vn 0.5470 -0.7231 -0.4219
vn -0.1520 -0.7942 -0.5884
vn 0.1354 -0.7823 -0.6080
vn 0.0864 -0.9922 -0.0893
vn 0.5916 -0.7087 -0.3844
vn 0.0238 -0.8580 -0.5130
vn 0.5425 -0.7773 -0.3187
vn 0.3241 -0.7488 -0.5781
vn 0.6079 -0.6371 -0.4739
vn 0.5751 -0.7122 -0.4025
vn 0.5553 -0.4654 -0.6892
vn 0.4125 -0.7198 -0.5583
vn 0.4281 -0.5999 -0.6759
vn 0.3553 -0.3983 -0.8457
vn -0.3101 -0.7388 -0.5983
vn -0.2140 -0.9247 -0.3149
vn -0.1156 -0.9029 -0.4140
vn 0.7417 -0.6450 -0.1840
vn 0.1263 -0.5403 -0.8320
vn 0.0480 -0.5430 -0.8384
vn -0.2632 0.0119 0.9647
vn -0.4277 -0.0745 0.9008
vn -0.5621 -0.2645 0.7836
vn -0.5688 -0.1766 0.8033
vn 0.0064 -0.7212 -0.6927
vn -0.0000 -0.9873 -0.1587
vn -0.6242 -0.2313 0.7463
vn -0.6592 -0.4288 0.6177
vn -0.9104 -0.0364 0.4120
vn -0.7675 -0.1080 0.6319
vn -0.2791 0.0095 0.9602
vn -0.9143 0.1961 -0.3545
vn -0.9857 -0.0842 0.1456
vn -0.1496 -0.9232 -0.3539
vn -0.4111 -0.7696 -0.4887
vn -0.2697 -0.9009 -0.3402
vn -0.8194 -0.4169 -0.3934
vn -0.9250 -0.2787 -0.2581
vn -0.9055 -0.3286 -0.2685
vn -0.9604 -0.1713 -0.2198
vn -0.9786 -0.0968 -0.1816
vn -0.9761 0.0566 -0.2099
vn -0.2585 0.8345 -0.4867
vn -0.4811 0.7603 -0.4366
vn -0.6660 0.5655 -0.4865
vn -0.8342 0.3251 -0.4454
vn -0.9758 0.1083 -0.1898
vn -0.8873 0.0118 -0.4610
vn -0.7341 -0.2363 -0.6366
vn -0.8892 -0.1523 -0.4315
vn -0.7863 0.1353 -0.6029
vn -0.6975 -0.0063 -0.7166
vn -0.6162 0.4041 -0.6761
vn -0.6605 0.3258 -0.6765
vn -0.3762 0.6517 -0.6586
vn -0.2844 -0.7501 -0.5971
vn -0.4868 -0.6059 -0.6292
vn -0.8569 -0.2720 -0.4379
vn -0.7645 -0.3983 -0.5068
vn -0.6231 -0.4201 -0.6597
vn -0.2865 0.4989 -0.8179
vn -0.3631 0.3078 -0.8794
vn -0.0000 0.2877 -0.9577
vn -0.4020 -0.1055 -0.9095
vn -0.3728 -0.3113 -0.8741
vn -0.0000 -0.3050 -0.9523
vn -0.2439 -0.6416 -0.7272
vn -0.4491 0.0499 -0.8921
vn -0.7211 0.0680 0.6895
vn -0.5916 0.2115 0.7780
vn -0.5340 -0.7459 0.3981
vn -0.1264 -0.9424 -0.3096
vn -0.2837 -0.9538 0.0990
vn -0.0663 -0.9912 -0.1146
vn 0.6112 0.3734 -0.6978
vn 0.5149 0.8253 -0.2318
vn 0.5824 0.7873 0.2024
vn 0.7674 0.1030 -0.6328
vn 0.9332 0.3025 0.1939
vn 0.7825 -0.1175 -0.6114
vn 0.7621 0.5965 0.2519
vn 0.6087 0.4091 0.6798
vn 0.8390 0.1454 0.5244
vn 0.9311 -0.1656 -0.3251
vn 0.6001 0.7708 -0.2138
vn 0.7124 0.6793 -0.1762
vn 0.5317 0.8462 0.0336
vn 0.4928 0.8615 0.1223
vn 0.5488 0.8061 0.2213
vn 0.6618 0.7441 -0.0920
vn 0.5221 0.8407 0.1434
vn 0.3853 0.8664 0.3176
vn 0.1879 0.9457 0.2654
vn -0.3218 0.5904 0.7402
vn -0.4196 0.5651 0.7104
vn -0.3580 0.5449 0.7582
vn 0.3189 0.8961 0.3086
vn 0.4599 0.8634 0.2073
vn 0.5675 0.8186 -0.0888
vn 0.7012 0.6953 -0.1577
vn 0.4293 0.8787 0.2089
vn 0.4578 0.7300 0.5075
vn 0.0477 0.4803 0.8758
vn 0.0583 0.4873 0.8713
vn 0.5725 0.6091 0.5489
vn -0.0348 0.4371 0.8987
vn 0.9264 0.3193 0.1996
vn 0.7749 0.2199 0.5926
vn 0.9439 0.1240 0.3059
vn 0.7061 0.4024 0.5826
vn -0.0711 0.3442 0.9362
vn 0.0199 0.2485 0.9684
vn 0.2677 0.0427 0.9626
vn -0.0468 0.1861 0.9814
vn 0.8926 -0.0156 0.4505
vn -0.3826 0.0352 0.9232
vn -0.4844 0.1003 0.8691
vn -0.8211 -0.5585 0.1178
vn -0.5201 -0.8456 -0.1203
vn -0.6652 -0.6697 -0.3302
vn 0.0960 -0.4540 -0.8858
vn 0.5681 -0.1069 -0.8160
vn 0.4309 -0.5173 -0.7394
vn 0.6092 -0.2025 -0.7667
vn -0.7178 -0.5852 -0.3773
vn -0.9480 -0.2603 -0.1831
vn -0.8004 -0.5973 0.0505
vn -0.0772 -0.4122 -0.9078
vn -0.8087 -0.2889 -0.5123
vn 0.5418 -0.3019 -0.7845
vn 0.0691 -0.5440 -0.8362
vn 0.5663 -0.1157 -0.8160
vn -0.4758 0.0167 0.8794
vn -0.5853 -0.0326 0.8102
vn -0.5204 -0.3274 -0.7887
vn -0.8772 -0.2131 -0.4303
vn -0.5986 0.0496 0.7995
vn -0.6635 -0.0578 0.7460
vn 0.5991 -0.3042 -0.7406
vn 0.4970 -0.2929 -0.8168
vn 0.3169 -0.2966 0.9009
vn -0.3983 -0.4092 -0.8209
vn 0.0681 -0.5997 -0.7973
vn -0.6045 -0.7438 -0.2850
vn -0.8101 -0.5738 0.1202
vn 0.8758 0.4604 0.1448
vn 0.5942 0.6119 0.5220
vn 0.8233 0.5609 0.0870
vn 0.6809 0.4568 -0.5725
vn 0.6918 0.7155 -0.0973
vn 0.7648 0.6397 -0.0774
vn 0.7855 0.6141 0.0773
vn 0.7278 0.0608 -0.6831
vn 0.8436 0.5369 -0.0061
vn 0.9209 0.3574 0.1554
vn 0.6458 0.3655 0.6703
vn 0.7198 0.4053 0.5636
vn 0.9547 0.1677 0.2460
vn 0.6622 0.2750 0.6971
vn 0.5668 -0.2413 0.7877
vn 0.6338 -0.5800 0.5117
vn 0.8141 -0.4051 0.4162
vn 0.5949 -0.5681 -0.5686
vn 0.9517 -0.1774 0.2506
vn 0.4739 -0.3852 0.7919
vn 0.4705 -0.6864 0.5544
vn 0.4534 -0.6305 -0.6300
vn 0.3401 -0.8098 -0.4781
vn 0.2945 -0.9011 -0.3182
vn -0.7612 -0.3465 -0.5483
vn -0.8852 -0.4645 0.0240
vn -0.6147 -0.6233 -0.4834
vn -0.7340 -0.0220 0.6788
vn -0.9501 -0.2871 -0.1223
vn 0.5627 -0.1787 -0.8071
vn 0.1506 -0.3483 -0.9252
vn -0.2514 0.1612 0.9544
vn -0.5253 -0.0576 0.8490
vn -0.9536 0.1555 -0.2577
vn -0.8416 0.0516 0.5376
vn -0.9073 -0.1731 -0.3831
vn -0.7459 -0.0399 -0.6649
vn -0.7510 -0.2341 -0.6174
vn 0.0827 -0.4122 -0.9073
vn 0.6978 -0.2749 -0.6615
vn -0.4480 0.1856 0.8746
vn -0.7777 0.2657 0.5698
vn -0.8726 0.4251 -0.2404
vn -0.7496 0.4959 -0.4383
vn -0.7933 0.5116 0.3300
vn -0.6285 0.3359 0.7015
vn -0.3554 0.1570 0.9215
vn -0.0556 -0.3499 -0.9351
vn -0.7802 0.4190 0.4645
vn -0.0023 -0.4439 -0.8961
vn -0.4234 0.1949 0.8847
vn -0.0543 -0.3988 -0.9154
vn -0.7483 0.2413 -0.6180
vn 0.6757 0.0547 0.7351
vn -0.3601 0.1587 0.9193
vn 0.1073 -0.3063 -0.9459
vn -0.5348 -0.4667 0.7044
vn -0.6492 -0.7600 0.0317
vn -0.4535 -0.7602 -0.4652
vn 0.4520 -0.1133 -0.8848
vn 0.2064 -0.3966 -0.8945
vn 0.2027 -0.4026 -0.8927
vn -0.4683 -0.7904 -0.3949
vn -0.6439 -0.6412 0.4174
vn -0.6842 -0.7293 -0.0022
vn -0.0350 0.0610 0.9975
vn 0.0276 -0.0624 0.9977
vn -0.5073 -0.8343 -0.2157
vn -0.5860 -0.8084 0.0558
vn -0.5589 -0.8277 0.0494
vn -0.4635 -0.8808 -0.0963
vn -0.4224 -0.8958 -0.1382
vn -0.3907 -0.9204 -0.0136
vn -0.4588 -0.3809 0.8028
vn -0.4388 -0.8986 -0.0014
vn -0.2360 -0.8492 -0.4723
vn -0.4693 -0.3263 0.8205
vn -0.2637 0.0743 0.9617
vn 0.4892 0.0916 -0.8674
vn 0.3267 -0.3314 -0.8851
vn 0.1896 -0.3771 -0.9066
vn -0.4369 -0.6058 0.6649
vn -0.3012 -0.2153 0.9289
vn 0.6010 0.7992 -0.0066
vn -0.5170 -0.8504 -0.0974
vn 0.6169 0.0543 -0.7851
vn 0.3655 -0.4627 -0.8077
vn 0.5370 -0.4268 -0.7276
vn -0.2283 0.0398 0.9728
vn 0.2331 0.6390 0.7330
vn 0.2730 0.7889 0.5506
vn 0.7352 0.3857 -0.5575
vn 0.6297 0.7336 0.2557
vn 0.4553 0.6601 0.5975
vn -0.4340 -0.9006 -0.0220
vn 0.2315 0.7361 0.6360
vn 0.1354 0.8578 0.4958
vn -0.5787 -0.8146 -0.0393
vn -0.6827 -0.7080 0.1807
vn -0.6560 0.1249 0.7443
vn -0.0705 -0.9946 -0.0756
vn 0.4901 -0.6655 -0.5630
vn -0.4020 -0.8402 0.3639
vn -0.2499 -0.0032 0.9683
vn 0.6915 -0.1625 -0.7038
vn -0.6552 -0.7538 -0.0505
vn -0.8117 -0.2521 0.5268
vn -0.6591 -0.3895 0.6434
vn -0.4270 -0.8497 -0.3094
vn -0.2923 -0.8728 -0.3908
vn -0.3934 -0.0820 0.9157
vn -0.8341 -0.4235 -0.3535
vn -0.9479 -0.2897 0.1321
vn -0.7204 -0.5158 -0.4636
vn -0.8471 -0.3488 -0.4009
vn 0.3074 -0.3466 -0.8862
vn -0.3323 0.0371 0.9425
vn -0.4592 -0.0267 0.8879
vn 0.8647 -0.4751 -0.1632
vn -0.8073 -0.3949 0.4385
vn 0.1256 -0.4648 -0.8764
vn 0.2019 -0.4501 -0.8698
vn -0.0990 0.1111 0.9889
vn -0.1528 0.1853 0.9707
vn 0.9872 0.1201 0.1051
vn 0.8100 0.0139 -0.5863
vn 0.9623 0.2682 0.0455
vn 0.7382 0.2496 0.6267
vn 0.7874 0.2119 0.5789
vn -0.6112 -0.2304 -0.7572
vn -0.7301 -0.5485 -0.4076
vn -0.5320 -0.4337 -0.7272
vn -0.8020 -0.0368 0.5962
vn -0.9085 -0.1948 -0.3696
vn -0.2587 0.1251 0.9578
vn -0.4545 -0.2908 0.8419
vn 0.7441 -0.0654 -0.6648
vn 0.3321 -0.1549 -0.9304
vn -0.0787 -0.2127 0.9739
vn -0.0577 -0.5805 0.8122
vn 0.8621 0.4146 0.2914
vn 0.7852 0.2580 0.5629
vn 0.7252 0.1437 -0.6734
vn -0.3288 -0.6807 -0.6546
vn -0.5375 -0.7707 0.3423
vn -0.4237 -0.7923 -0.4390
vn 0.7196 -0.3815 -0.5802
vn 0.9970 0.0083 0.0769
vn 0.9005 -0.3657 0.2353
vn 0.8376 -0.2002 0.5083
vn 0.8494 0.0980 0.5185
vn -0.4551 -0.1020 0.8846
vn -0.2210 -0.0284 0.9749
vn -0.5791 -0.0576 0.8132
vn -0.9818 -0.1898 -0.0087
vn -0.8945 -0.2168 -0.3909
vn -0.6462 -0.1746 -0.7429
vn -0.6113 -0.2273 -0.7581
vn 0.3139 -0.3183 -0.8945
vn 0.6845 -0.1497 -0.7135
vn 0.5218 -0.5611 -0.6426
vn 0.5981 -0.7931 0.1153
vn 0.2807 -0.6561 -0.7005
vn 0.7846 -0.5959 0.1712
vn 0.5521 -0.6564 0.5140
vn -0.1713 0.0271 0.9849
vn -0.5213 0.2617 0.8123
vn -0.9443 0.3050 0.1234
vn -0.7452 0.1669 -0.6456
vn 0.2838 -0.4450 -0.8494
vn -0.8312 0.4856 0.2708
vn -0.8267 0.3996 -0.3962
vn -0.7571 0.3453 0.5546
vn -0.5005 0.2112 0.8396
vn 0.3293 -0.9009 -0.2827
vn 0.0098 -0.2204 0.9754
vn -0.0110 -0.4476 -0.8942
vn 0.2909 -0.1618 -0.9430
vn 0.1370 -0.4221 -0.8961
vn 0.7053 -0.5070 0.4955
vn -0.4737 -0.7058 -0.5268
vn -0.2000 -0.5093 -0.8370
vn -0.3757 -0.5672 -0.7329
vn -0.1839 -0.6878 -0.7022
vn -0.1040 -0.4591 -0.8823
vn 0.0960 -0.3799 -0.9200
vn -0.0685 -0.8315 -0.5513
vn 0.1791 -0.4084 -0.8951
vn 0.3400 0.2000 -0.9189
vn 0.5577 0.5346 -0.6350
vn 0.5497 0.5057 -0.6649
vn 0.2674 0.1977 -0.9431
vn 0.3061 0.3412 -0.8888
vn 0.3272 0.5090 -0.7962
vn 0.2661 0.2472 -0.9317
vn 0.4151 0.5199 -0.7466
vn 0.3536 0.2277 -0.9073
vn 0.3557 0.7636 -0.5389
vn 0.4384 0.8596 -0.2625
vn 0.5628 0.8052 -0.1871
vn 0.6242 0.7800 0.0445
vn 0.6449 0.7599 0.0818
vn 0.3339 0.9256 -0.1784
vn 0.5683 0.8151 -0.1121
vn 0.7007 0.7070 -0.0961
vn 0.7291 0.5978 -0.3332
vn 0.6675 0.7195 -0.1916
vn 0.5832 0.7796 -0.2282
vn 0.5487 0.8359 0.0169
vn -0.6604 0.0754 0.7471
vn -0.6527 -0.7232 0.2259
vn -0.4836 -0.8748 -0.0304
vn -0.4388 -0.8889 0.1319
vn -0.4597 -0.8868 0.0486
vn -0.4449 -0.8894 -0.1049
vn -0.5706 -0.8166 0.0870
vn -0.3842 -0.7454 -0.5448
vn -0.6284 -0.6395 0.4430
vn -0.4964 -0.8569 0.1389
vn -0.5773 -0.8160 -0.0283
vn -0.5693 -0.8055 0.1644
vn -0.5595 -0.8109 0.1713
vn -0.2884 -0.9574 0.0158
vn -0.2493 -0.9543 0.1650
vn -0.2427 -0.9507 0.1931
vn -0.4384 -0.8664 0.2391
vn -0.6483 0.2386 0.7230
vn -0.3900 0.5349 0.7495
vn 0.1935 0.9345 0.2988
vn 0.4012 0.9143 0.0562
vn 0.4507 0.8893 -0.0773
vn -0.1806 -0.9697 0.1646
vn -0.2004 -0.9795 -0.0214
vn -0.2283 -0.9289 0.2915
vn -0.5044 -0.5779 0.6415
vn -0.4975 0.1223 0.8588
vn -0.1167 0.7619 0.6371
vn -0.3707 0.3423 0.8634
vn 0.2420 0.9601 0.1404
vn 0.3137 0.9492 -0.0236
vn -0.1926 0.6216 0.7593
vn -0.3063 0.4087 0.8597
vn -0.8947 0.3411 0.2885
vn -0.9267 0.1936 0.3220
vn -0.8474 0.1867 0.4971
vn 0.1567 0.9692 0.1899
vn 0.2280 0.9721 0.0556
vn -0.1676 0.5308 -0.8308
vn -0.3639 -0.0498 -0.9301
vn -0.6538 0.3399 -0.6760
vn -0.5311 0.6531 -0.5398
vn -0.1504 0.7507 -0.6433
vn -0.2653 0.8841 -0.3847
vn -0.6779 0.6791 -0.2817
vn -0.4736 0.8672 -0.1536
vn -0.8347 0.5430 -0.0914
vn -0.6049 0.7937 -0.0639
vn -0.9656 0.2577 -0.0340
vn -0.7776 -0.6282 0.0264
vn -0.8884 -0.3857 -0.2492
vn -0.4331 -0.9009 0.0278
vn -0.1649 -0.9845 0.0590
vn -0.1333 -0.9900 -0.0468
vn -0.0829 -0.9392 -0.3332
vn -0.8229 -0.2271 -0.5209
vn -0.5844 -0.7886 -0.1912
vn -0.6342 -0.5376 -0.5557
vn -0.8808 0.3489 -0.3202
vn -0.9977 0.0646 0.0216
vn -0.8579 -0.5100 0.0621
vn -0.9432 0.1601 0.2911
vn -0.3264 -0.8897 -0.3191
vn -0.5306 -0.8253 -0.1934
vn -0.4414 -0.8685 -0.2255
vn 0.4718 -0.7994 -0.3719
vn -0.2261 -0.9326 -0.2813
vn 0.5611 -0.7316 -0.3872
vn 0.8080 -0.4571 -0.3719
vn -0.6892 0.7081 0.1537
vn -0.4074 0.7775 0.4791
vn 0.4134 0.8778 0.2419
vn 0.5155 0.8185 0.2538
vn 0.8755 0.4828 -0.0209
vn 0.0654 -0.9280 -0.3669
vn -0.5207 -0.8451 -0.1213
vn -0.9055 -0.1662 0.3904
vn -0.6708 0.4477 0.5912
vn 0.2128 0.8734 0.4380
vn 0.7350 0.6747 0.0669
vn 0.9419 0.2864 -0.1754
vn 0.9582 0.1274 -0.2560
vn 0.6671 -0.5750 -0.4736
vn 0.8394 -0.3251 -0.4355
vn -0.4300 0.5999 0.6747
vn -0.7450 0.0588 0.6645
vn -0.8472 -0.3300 0.4163
vn -0.8880 -0.4147 0.1989
vn -0.2953 -0.9087 -0.2951
vn 0.4557 -0.6352 -0.6236
vn 0.7541 -0.3354 -0.5647
vn 0.3967 0.8257 0.4011
vn 0.8974 0.3892 -0.2076
vn 0.7675 0.6348 0.0892
vn 0.5508 0.7164 0.4282
vn 0.1217 0.5952 0.7943
vn 0.6896 0.6558 0.3074
vn -0.1968 0.5022 0.8420
vn -0.6555 -0.0038 0.7552
vn -0.7500 -0.1537 0.6434
vn -0.6156 -0.7837 0.0824
vn -0.4311 -0.8814 -0.1934
vn 0.2052 -0.6550 -0.7272
vn 0.6378 -0.2355 -0.7333
vn 0.8374 0.5451 0.0407
vn 0.8602 0.4995 -0.1026
vn 0.8123 0.5790 0.0703
vn 0.8245 0.5659 -0.0033
vn 0.0990 -0.7776 -0.6210
vn 0.6120 -0.3353 -0.7163
vn -0.5060 -0.8577 -0.0912
vn -0.6406 -0.7543 0.1434
vn -0.4751 0.0369 0.8792
vn -0.5909 -0.1449 0.7936
vn 0.5409 0.5869 0.6025
vn 0.7913 0.6000 0.1178
vn 0.5367 -0.6375 0.5527
vn 0.5368 -0.6375 0.5527
vn 0.6122 -0.5968 0.5186
vn -0.5986 -0.7975 0.0753
vn -0.0425 -0.8491 -0.5265
vn -0.3666 -0.1172 0.9230
vn 0.2837 -0.9538 0.0990
vn 0.1264 -0.9424 -0.3096
vn 0.0663 -0.9912 -0.1146
vn -0.5150 0.8253 -0.2318
vn -0.6112 0.3733 -0.6979
vn -0.5824 0.7873 0.2024
vn -0.7674 0.1030 -0.6328
vn -0.9332 0.3025 0.1939
vn -0.7621 0.5965 0.2519
vn -0.6086 0.4091 0.6799
vn -0.4651 0.5362 0.7044
vn -0.8390 0.1454 0.5244
vn -0.7825 -0.1175 -0.6114
vn -0.9311 -0.1656 -0.3251
vn -0.6001 0.7708 -0.2137
vn -0.7124 0.6793 -0.1762
vn -0.7855 0.6141 0.0773
vn -0.4927 0.8615 0.1223
vn -0.5317 0.8462 0.0336
vn -0.5488 0.8061 0.2213
vn -0.6618 0.7440 -0.0920
vn -0.3854 0.8664 0.3176
vn -0.1874 0.9458 0.2651
vn 0.3218 0.5904 0.7402
vn 0.3580 0.5449 0.7582
vn -0.3190 0.8961 0.3086
vn -0.4599 0.8634 0.2073
vn -0.5222 0.8407 0.1434
vn -0.5675 0.8186 -0.0888
vn -0.4293 0.8786 0.2089
vn -0.7013 0.6953 -0.1577
vn -0.4578 0.7299 0.5076
vn -0.0477 0.4803 0.8758
vn -0.5725 0.6091 0.5489
vn -0.8233 0.5609 0.0871
vn 0.0347 0.4371 0.8987
vn -0.9264 0.3192 0.1996
vn -0.7749 0.2200 0.5926
vn -0.7061 0.4024 0.5826
vn 0.0711 0.3442 0.9362
vn -0.0199 0.2485 0.9684
vn -0.2677 0.0427 0.9626
vn -0.8927 -0.0156 0.4504
vn -0.9439 0.1240 0.3059
vn 0.3826 0.0352 0.9232
vn 0.8211 -0.5585 0.1178
vn 0.5201 -0.8456 -0.1203
vn 0.6493 -0.7240 0.2329
vn -0.0960 -0.4540 -0.8858
vn 0.6652 -0.6697 -0.3302
vn -0.5681 -0.1069 -0.8160
vn -0.4308 -0.5173 -0.7394
vn 0.9480 -0.2603 -0.1831
vn 0.7178 -0.5852 -0.3772
vn 0.8004 -0.5973 0.0505
vn 0.0772 -0.4122 -0.9078
vn -0.0681 -0.5997 -0.7973
vn -0.5418 -0.3019 -0.7844
vn -0.0692 -0.5440 -0.8362
vn 0.4758 0.0167 0.8794
vn 0.5853 -0.0326 0.8101
vn 0.8087 -0.2889 -0.5123
vn 0.5204 -0.3274 -0.7887
vn 0.8772 -0.2131 -0.4302
vn 0.5986 0.0496 0.7995
vn 0.6635 -0.0578 0.7459
vn -0.5991 -0.3042 -0.7406
vn -0.3169 -0.2967 0.9009
vn 0.3984 -0.4092 -0.8209
vn 0.0468 0.1861 0.9814
vn -0.4970 -0.2928 -0.8168
vn 0.6046 -0.7438 -0.2851
vn 0.8102 -0.5738 0.1202
vn -0.8758 0.4604 0.1449
vn -0.5943 0.6122 0.5216
vn -0.5663 -0.1157 -0.8160
vn 0.4844 0.1003 0.8691
vn -0.6918 0.7155 -0.0973
vn -0.6809 0.4568 -0.5724
vn -0.7648 0.6396 -0.0773
vn -0.8436 0.5369 -0.0061
vn -0.7278 0.0609 -0.6831
vn -0.9209 0.3574 0.1555
vn -0.6458 0.3655 0.6703
vn -0.9547 0.1677 0.2460
vn -0.5627 -0.1787 -0.8071
vn -0.6622 0.2750 0.6971
vn -0.6337 -0.5800 0.5118
vn -0.5668 -0.2413 0.7877
vn -0.8141 -0.4050 0.4162
vn -0.9517 -0.1774 0.2506
vn -0.5949 -0.5681 -0.5687
vn -0.4705 -0.6865 0.5544
vn -0.4739 -0.3852 0.7918
vn -0.4534 -0.6305 -0.6300
vn -0.3401 -0.8097 -0.4781
vn -0.2946 -0.9011 -0.3182
vn 0.7612 -0.3465 -0.5482
vn 0.8852 -0.4645 0.0240
vn 0.9501 -0.2870 -0.1223
vn 0.7340 -0.0220 0.6788
vn -0.1506 -0.3483 -0.9252
vn -0.1073 -0.3064 -0.9458
vn 0.5253 -0.0576 0.8490
vn 0.2514 0.1612 0.9544
vn 0.9536 0.1555 -0.2577
vn 0.8416 0.0517 0.5377
vn 0.7777 0.2657 0.5697
vn 0.7459 -0.0399 -0.6649
vn 0.9073 -0.1731 -0.3831
vn -0.0827 -0.4122 -0.9073
vn 0.0543 -0.3988 -0.9154
vn 0.4481 0.1856 0.8745
vn 0.8726 0.4251 -0.2404
vn 0.7497 0.4959 -0.4383
vn 0.7482 0.2413 -0.6180
vn 0.6285 0.3359 0.7015
vn 0.7933 0.5116 0.3300
vn 0.3554 0.1570 0.9214
vn 0.0556 -0.3499 -0.9352
vn 0.0023 -0.4438 -0.8961
vn 0.7802 0.4189 0.4645
vn 0.4234 0.1949 0.8847
vn -0.6757 0.0546 0.7351
vn 0.3601 0.1588 0.9193
vn -0.6978 -0.2749 -0.6615
vn 0.7509 -0.2341 -0.6175
vn 0.5348 -0.4668 0.7044
vn 0.6147 -0.6233 -0.4834
vn 0.6492 -0.7600 0.0316
vn -0.4520 -0.1133 -0.8848
vn -0.2028 -0.4025 -0.8927
vn -0.2064 -0.3966 -0.8945
vn 0.4683 -0.7904 -0.3950
vn 0.4535 -0.7602 -0.4652
vn 0.6439 -0.6412 0.4174
vn 0.0350 0.0610 0.9975
vn 0.5861 -0.8083 0.0558
vn 0.5073 -0.8343 -0.2157
vn 0.5589 -0.8277 0.0494
vn 0.4635 -0.8809 -0.0963
vn 0.6326 -0.7742 0.0226
vn 0.4588 -0.3809 0.8028
vn 0.3907 -0.9204 -0.0137
vn 0.4388 -0.8986 -0.0015
vn 0.2360 -0.8492 -0.4723
vn 0.2923 -0.8728 -0.3909
vn 0.2637 0.0743 0.9617
vn 0.4693 -0.3263 0.8205
vn -0.3267 -0.3314 -0.8851
vn -0.4892 0.0916 -0.8673
vn -0.1896 -0.3771 -0.9066
vn 0.4369 -0.6058 0.6649
vn 0.4340 -0.9007 -0.0220
vn -0.6010 0.7992 -0.0066
vn 0.5170 -0.8504 -0.0974
vn 0.4227 -0.8956 -0.1384
vn -0.3655 -0.4627 -0.8077
vn -0.6169 0.0543 -0.7851
vn -0.5370 -0.4268 -0.7276
vn 0.3012 -0.2152 0.9290
vn 0.2283 0.0398 0.9728
vn -0.2331 0.6390 0.7330
vn -0.2730 0.7889 0.5506
vn -0.7352 0.3857 -0.5574
vn -0.6297 0.7336 0.2556
vn -0.4553 0.6601 0.5974
vn -0.2315 0.7361 0.6360
vn -0.1354 0.8578 0.4958
vn 0.6827 -0.7080 0.1807
vn 0.5787 -0.8146 -0.0393
vn 0.6560 0.1249 0.7443
vn 0.4196 0.5651 0.7104
vn 0.6614 0.1861 0.7266
vn 0.0706 -0.9946 -0.0756
vn 0.4020 -0.8402 0.3640
vn 0.2500 -0.0031 0.9683
vn -0.0583 0.4872 0.8713
vn -0.6915 -0.1625 -0.7039
vn -0.4901 -0.6655 -0.5630
vn 0.8117 -0.2521 0.5268
vn 0.6552 -0.7538 -0.0505
vn 0.6591 -0.3894 0.6434
vn 0.4269 -0.8497 -0.3094
vn -0.2019 -0.4501 -0.8698
vn 0.3934 -0.0819 0.9157
vn 0.9479 -0.2897 0.1321
vn 0.8341 -0.4235 -0.3535
vn 0.8471 -0.3489 -0.4010
vn 0.7204 -0.5158 -0.4637
vn -0.3074 -0.3466 -0.8862
vn -0.1255 -0.4649 -0.8764
vn 0.3323 0.0371 0.9425
vn -0.8647 -0.4751 -0.1632
vn 0.8073 -0.3949 0.4386
vn 0.4593 -0.0267 0.8879
vn 0.0990 0.1111 0.9889
vn 0.1528 0.1853 0.9707
vn -0.9872 0.1201 0.1051
vn -0.8100 0.0139 -0.5862
vn -0.7441 -0.0654 -0.6648
vn -0.7382 0.2496 0.6267
vn -0.7874 0.2119 0.5789
vn 0.6112 -0.2303 -0.7572
vn 0.7301 -0.5485 -0.4076
vn 0.9085 -0.1947 -0.3696
vn 0.8022 -0.0354 0.5960
vn 0.4545 -0.2908 0.8419
vn 0.2587 0.1250 0.9578
vn -0.3321 -0.1549 -0.9304
vn -0.2908 -0.1617 -0.9430
vn 0.0577 -0.5805 0.8122
vn 0.0787 -0.2127 0.9739
vn -0.8621 0.4146 0.2913
vn -0.9623 0.2682 0.0455
vn -0.7252 0.1437 -0.6734
vn 0.3288 -0.6808 -0.6546
vn 0.5320 -0.4337 -0.7272
vn 0.5375 -0.7707 0.3423
vn -0.9970 0.0083 0.0769
vn -0.7196 -0.3815 -0.5802
vn -0.9005 -0.3656 0.2353
vn -0.8376 -0.2002 0.5083
vn 0.4551 -0.1021 0.8846
vn 0.2210 -0.0284 0.9749
vn 0.2008 -0.0913 0.9754
vn 0.9818 -0.1899 -0.0086
vn 0.5790 -0.0576 0.8133
vn 0.6462 -0.1746 -0.7429
vn 0.8945 -0.2168 -0.3910
vn -0.3139 -0.3182 -0.8945
vn -0.2838 -0.4450 -0.8494
vn -0.5218 -0.5611 -0.6426
vn -0.5982 -0.7930 0.1152
vn -0.7846 -0.5959 0.1714
vn -0.5522 -0.6564 0.5140
vn -0.7053 -0.5070 0.4955
vn 0.1712 0.0271 0.9849
vn 0.5213 0.2617 0.8123
vn 0.9443 0.3051 0.1234
vn 0.7452 0.1669 -0.6456
vn -0.1370 -0.4221 -0.8961
vn 0.8312 0.4856 0.2708
vn 0.7571 0.3453 0.5546
vn 0.8267 0.3996 -0.3961
vn 0.5005 0.2112 0.8396
vn -0.2807 -0.6561 -0.7005
vn -0.3293 -0.9009 -0.2827
vn -0.0098 -0.2204 0.9754
vn 0.0110 -0.4476 -0.8942
vn -0.6845 -0.1497 -0.7135
vn 0.6113 -0.2270 -0.7582
vn -0.8494 0.0980 0.5185
vn 0.2000 -0.5093 -0.8370
vn 0.4736 -0.7058 -0.5269
vn 0.3757 -0.5672 -0.7329
vn 0.1851 -0.6874 -0.7023
vn 0.3842 -0.7454 -0.5448
vn -0.0960 -0.3799 -0.9200
vn 0.1040 -0.4591 -0.8823
vn -0.1791 -0.4084 -0.8951
vn 0.0685 -0.8315 -0.5512
vn -0.3400 0.2000 -0.9189
vn -0.5577 0.5346 -0.6350
vn -0.3536 0.2277 -0.9073
vn -0.2674 0.1977 -0.9431
vn -0.3061 0.3412 -0.8888
vn -0.2717 0.1392 -0.9523
vn -0.3273 0.5090 -0.7961
vn -0.2661 0.2472 -0.9317
vn -0.4151 0.5200 -0.7466
vn -0.3557 0.7636 -0.5388
vn -0.4384 0.8596 -0.2624
vn -0.5628 0.8051 -0.1871
vn -0.6242 0.7800 0.0445
vn -0.6449 0.7599 0.0819
vn -0.5496 0.5057 -0.6649
vn -0.3340 0.9255 -0.1784
vn -0.5683 0.8151 -0.1122
vn -0.7007 0.7070 -0.0961
vn -0.7291 0.5978 -0.3332
vn -0.6676 0.7195 -0.1916
vn -0.5832 0.7796 -0.2282
vn -0.5487 0.8359 0.0169
vn 0.6604 0.0754 0.7471
vn 0.6528 -0.7231 0.2259
vn 0.4836 -0.8748 -0.0305
vn 0.4597 -0.8867 0.0486
vn 0.4449 -0.8894 -0.1049
vn 0.5706 -0.8166 0.0871
vn 0.6283 -0.6395 0.4430
vn 0.4965 -0.8569 0.1389
vn 0.5693 -0.8055 0.1644
vn 0.5773 -0.8160 -0.0284
vn 0.5595 -0.8109 0.1713
vn 0.2884 -0.9574 0.0158
vn 0.2493 -0.9543 0.1650
vn 0.4388 -0.8889 0.1318
vn 0.2427 -0.9507 0.1931
vn 0.4384 -0.8664 0.2390
vn 0.6483 0.2385 0.7230
vn 0.3900 0.5349 0.7495
vn -0.1935 0.9345 0.2988
vn -0.4012 0.9143 0.0562
vn -0.4507 0.8893 -0.0774
vn 0.1806 -0.9697 0.1646
vn 0.2004 -0.9795 -0.0214
vn 0.2284 -0.9289 0.2915
vn 0.5044 -0.5779 0.6415
vn 0.6677 -0.5444 0.5078
vn 0.4975 0.1224 0.8588
vn 0.1167 0.7619 0.6371
vn -0.2420 0.9601 0.1404
vn -0.3137 0.9492 -0.0237
vn 0.3707 0.3423 0.8634
vn 0.1926 0.6216 0.7593
vn 0.9267 0.1936 0.3220
vn 0.8947 0.3411 0.2885
vn 0.8474 0.1867 0.4970
vn -0.1567 0.9692 0.1899
vn -0.2280 0.9721 0.0557
vn 0.1676 0.5308 -0.8308
vn 0.6538 0.3399 -0.6760
vn 0.3639 -0.0498 -0.9301
vn 0.5311 0.6531 -0.5398
vn 0.1504 0.7507 -0.6433
vn 0.2653 0.8841 -0.3847
vn 0.4736 0.8672 -0.1536
vn 0.6779 0.6791 -0.2817
vn 0.8347 0.5430 -0.0914
vn 0.6050 0.7937 -0.0639
vn 0.7776 -0.6282 0.0264
vn 0.9656 0.2577 -0.0340
vn 0.4331 -0.9009 0.0278
vn 0.8883 -0.3857 -0.2491
vn 0.1649 -0.9845 0.0591
vn 0.0828 -0.9392 -0.3331
vn 0.1333 -0.9900 -0.0467
vn 0.8228 -0.2271 -0.5209
vn 0.6341 -0.5377 -0.5557
vn 0.5844 -0.7886 -0.1912
vn 0.8808 0.3489 -0.3202
vn 0.9977 0.0646 0.0215
vn 0.8579 -0.5100 0.0621
vn 0.9465 -0.3225 0.0086
vn 0.5306 -0.8253 -0.1934
vn 0.3264 -0.8897 -0.3191
vn 0.4414 -0.8685 -0.2255
vn 0.2261 -0.9326 -0.2813
vn -0.4718 -0.7994 -0.3719
vn -0.5611 -0.7316 -0.3872
vn -0.8080 -0.4571 -0.3719
vn 0.6892 0.7081 0.1537
vn 0.9432 0.1601 0.2911
vn -0.4133 0.8779 0.2419
vn 0.4074 0.7775 0.4791
vn -0.8755 0.4829 -0.0208
vn -0.5155 0.8185 0.2538
vn -0.0654 -0.9280 -0.3669
vn 0.5207 -0.8451 -0.1213
vn 0.9055 -0.1662 0.3904
vn 0.8880 -0.4147 0.1990
vn 0.6708 0.4478 0.5912
vn -0.2128 0.8734 0.4380
vn -0.7350 0.6747 0.0669
vn -0.9419 0.2864 -0.1754
vn -0.9582 0.1275 -0.2560
vn -0.6671 -0.5751 -0.4736
vn 0.4300 0.5999 0.6747
vn 0.7450 0.0588 0.6645
vn 0.8472 -0.3300 0.4163
vn 0.2953 -0.9087 -0.2951
vn 0.5712 -0.8208 0.0071
vn -0.4557 -0.6352 -0.6236
vn -0.7541 -0.3354 -0.5647
vn -0.3967 0.8257 0.4011
vn -0.7675 0.6348 0.0892
vn -0.8975 0.3892 -0.2076
vn -0.5508 0.7164 0.4282
vn -0.1216 0.5952 0.7943
vn 0.1968 0.5022 0.8420
vn 0.6555 -0.0038 0.7552
vn 0.6157 -0.7837 0.0824
vn -0.2052 -0.6550 -0.7273
vn 0.4311 -0.8813 -0.1934
vn -0.6378 -0.2355 -0.7333
vn -0.8374 0.5451 0.0407
vn -0.8602 0.4995 -0.1026
vn -0.6896 0.6558 0.3074
vn -0.8123 0.5790 0.0703
vn -0.8245 0.5659 -0.0032
vn -0.0991 -0.7775 -0.6210
vn 0.5060 -0.8577 -0.0912
vn 0.6406 -0.7544 0.1433
vn 0.4751 0.0369 0.8792
vn 0.7500 -0.1537 0.6433
vn -0.5409 0.5869 0.6025
vn -0.5368 -0.6374 0.5528
vn -0.6123 -0.5967 0.5186
vn 0.5986 -0.7975 0.0753
vn 0.0424 -0.8491 -0.5265
vn -0.6120 -0.3353 -0.7162
vn -0.5153 -0.4529 -0.7276
vn -0.7913 0.6000 0.1178
vn 0.3666 -0.1172 0.9230
vn 0.5908 -0.1450 0.7937
vn 0.0432 0.9831 -0.1777
vn -0.3918 0.8907 -0.2306
vn -0.4443 0.8946 0.0483
vn 0.0189 0.9657 -0.2588
vn 0.2743 0.9402 -0.2021
vn -0.0124 0.9864 -0.1639
vn -0.2964 0.9339 -0.1998
vn 0.1477 0.7792 0.6091
vn 0.7997 0.5328 0.2767
vn 0.3585 0.3981 0.8444
vn 0.6262 0.7469 0.2238
vn 0.3743 0.7855 0.4928
vn 0.1531 0.6754 0.7213
vn -0.0215 0.4204 0.9071
vn -0.0232 -0.9834 0.1798
vn -0.0079 -0.9410 0.3382
vn -0.2748 -0.9323 0.2352
vn -0.2146 0.7136 0.6669
vn -0.9238 0.0722 0.3760
vn -0.3765 0.3732 0.8479
vn 0.0005 0.9160 0.4011
vn -0.4938 0.7381 0.4598
vn -0.1352 0.5226 -0.8418
vn -0.5857 0.3960 -0.7072
vn -0.7589 0.4920 -0.4267
vn 0.4928 0.5424 -0.6804
vn -0.2172 0.6781 -0.7021
vn 0.6172 0.6526 -0.4395
vn 0.1946 0.4705 -0.8607
vn -0.8088 -0.4831 -0.3354
vn -0.9172 0.0342 -0.3970
vn -0.7925 -0.0722 -0.6055
vn -0.3195 -0.6635 -0.6765
vn -0.3700 -0.8862 -0.2789
vn -0.6348 -0.7726 -0.0133
vn -0.9219 -0.3257 -0.2097
vn 0.3175 0.8985 -0.3030
vn 0.5926 0.7620 -0.2610
vn 0.2510 0.9302 -0.2677
vn 0.4933 0.8698 -0.0092
vn 0.5677 0.8126 -0.1317
vn 0.8270 0.3659 -0.4268
vn 0.8307 0.1805 -0.5267
vn 0.9025 0.2451 -0.3542
vn 0.6581 0.6630 -0.3567
vn 0.7267 0.5487 -0.4132
vn 0.8202 0.3826 -0.4253
vn 0.4342 -0.8917 -0.1282
vn 0.2519 -0.9668 0.0437
vn 0.1753 -0.9837 0.0394
vn -0.0333 -0.8849 -0.4646
vn 0.0313 -0.6333 -0.7733
vn 0.3839 -0.5562 -0.7371
vn -0.1761 -0.9293 0.3247
vn -0.1743 -0.8940 0.4128
vn -0.9804 0.1872 0.0609
vn -0.8912 0.4505 -0.0524
vn -0.7544 0.5768 -0.3133
vn -0.5388 -0.6723 0.5076
vn 0.1283 -0.9277 0.3506
vn 0.0323 -0.9837 0.1769
vn 0.0470 -0.9523 0.3014
vn 0.0770 -0.9141 0.3982
vn 0.2130 0.8891 0.4052
vn 0.1671 0.8573 0.4870
vn 0.1805 0.9240 0.3370
vn 0.1358 0.8836 0.4481
vn -0.8399 0.1128 0.5309
vn -0.6869 0.5611 0.4619
vn -0.9149 -0.0096 0.4035
vn 0.3434 -0.9028 0.2588
vn 0.0366 -0.9911 0.1279
vn 0.3116 -0.9502 0.0041
vn 0.7587 -0.6373 -0.1348
vn 0.5686 -0.7848 0.2464
vn 0.3374 -0.8512 0.4021
vn 0.0963 -0.9575 0.2720
vn 0.4460 0.8850 0.1339
vn 0.5272 0.8308 0.1783
vn 0.7070 0.7070 -0.0194
vn -0.9573 0.0599 0.2827
vn -0.6379 0.6231 0.4526
vn -0.9199 0.3194 0.2273
vn -0.9787 -0.0630 0.1954
vn 0.4417 0.8832 0.1580
vn 0.3451 0.9192 0.1898
vn 0.4744 0.8761 0.0861
vn 0.8812 0.3606 -0.3057
vn 0.8387 -0.2677 -0.4744
vn 0.8459 0.4417 -0.2991
vn 0.8335 -0.2051 -0.5130
vn 0.8450 -0.2989 -0.4434
vn 0.7229 -0.5170 -0.4585
vn 0.7536 -0.4719 -0.4576
vn 0.8197 -0.4023 -0.4078
vn 0.3779 -0.8990 -0.2214
vn 0.0892 -0.9847 -0.1498
vn 0.2020 -0.9792 -0.0187
vn 0.5248 -0.8486 -0.0671
vn -0.2504 -0.9674 -0.0380
vn -0.2567 -0.9482 0.1871
vn -0.5371 -0.8428 -0.0348
vn -0.5917 -0.7684 0.2438
vn -0.7013 -0.7128 0.0075
vn -0.7148 -0.6154 0.3320
vn -0.5923 -0.5723 0.5671
vn -0.6579 -0.5170 0.5475
vn -0.7453 -0.4034 0.5309
vn -0.9470 0.0625 0.3150
vn -0.9307 0.3461 0.1183
vn -0.9687 -0.1973 0.1504
vn -0.9777 -0.1995 0.0653
vn -0.9874 0.0354 0.1539
vn -0.9592 0.1550 0.2364
vn -0.9659 -0.1713 0.1942
vn -0.9198 0.1685 0.3543
vn -0.4963 0.7535 0.4311
vn -0.7214 0.6009 0.3442
vn -0.0206 0.8129 0.5820
vn -0.5502 0.6704 0.4979
vn -0.0269 0.9056 0.4232
vn 0.1044 0.9092 0.4031
vn 0.5122 0.8145 0.2724
vn 0.0852 0.9497 0.3014
vn 0.5989 0.7996 0.0452
vn 0.3917 0.8819 0.2623
vn 0.6923 0.7168 -0.0836
vn 0.2343 0.9358 0.2634
vn 0.4067 0.8896 0.2079
vn 0.4736 0.7839 0.4015
vn 0.7399 0.2458 0.6262
vn 0.8292 0.2960 0.4741
vn 0.7579 0.3638 0.5416
vn 0.7518 -0.0882 0.6535
vn 0.9091 0.1117 0.4014
vn 0.8989 0.4372 -0.0294
vn 0.9266 -0.2274 -0.2997
vn 0.9039 -0.1678 -0.3934
vn 0.1581 -0.9844 -0.0768
vn 0.0977 -0.9542 -0.2827
vn 0.0007 -0.9961 -0.0880
vn 0.0226 -0.9739 -0.2259
vn 0.1838 -0.9532 -0.2401
vn -0.1289 -0.9812 -0.1434
vn -0.0033 -0.9874 -0.1584
vn -0.1403 -0.9840 -0.1100
vn -0.3060 -0.9474 -0.0936
vn -0.4072 -0.9093 -0.0857
vn -0.5296 -0.8482 -0.0115
vn -0.5833 -0.8068 -0.0934
vn -0.9429 -0.1842 0.2776
vn -0.5122 0.7616 0.3971
vn 0.0306 0.9372 0.3474
vn -0.0262 0.9458 0.3238
vn 0.1673 0.9322 0.3210
vn -0.2695 -0.9621 0.0418
vn -0.3830 -0.8924 0.2384
vn -0.4884 -0.8676 0.0938
vn -0.7453 0.4324 0.5074
vn -0.9011 -0.1803 0.3943
vn -0.8446 -0.1266 0.5202
vn -0.2147 -0.9301 0.2979
vn -0.9091 -0.2370 0.3426
vn -0.0330 -0.9979 0.0552
vn 0.1219 -0.9243 0.3617
vn 0.5386 -0.2250 0.8119
vn 0.4691 0.6555 0.5918
vn 0.1934 -0.9289 0.3158
vn 0.7500 -0.3597 0.5551
vn 0.2576 -0.9271 -0.2722
vn 0.7689 -0.4250 -0.4777
vn 0.8626 -0.2606 -0.4336
vn -0.0194 0.1780 -0.9838
vn -0.2873 -0.0563 -0.9562
vn -0.5919 0.2744 -0.7578
vn -0.3087 0.9257 -0.2186
vn 0.8943 -0.3274 -0.3050
vn 0.9431 -0.0676 -0.3257
vn 0.8900 -0.3764 -0.2573
vn 0.8604 0.3632 -0.3575
vn 0.8808 -0.0011 -0.4736
vn 0.4699 0.5976 -0.6497
vn 0.4270 -0.1484 -0.8920
vn 0.2231 -0.1837 -0.9573
vn -0.3137 -0.9494 -0.0149
vn -0.8816 0.2328 0.4106
vn 0.3351 0.5285 0.7800
vn -0.0595 -0.9133 0.4029
vn 0.2516 -0.8895 0.3816
vn 0.1796 -0.8978 0.4022
vn -0.3806 0.7609 0.5256
vn 0.2712 0.9142 0.3010
vn 0.4093 0.3992 -0.8204
vn -0.9500 -0.1569 0.2699
vn -0.0432 0.9831 -0.1777
vn 0.4443 0.8946 0.0483
vn 0.3918 0.8907 -0.2306
vn -0.2743 0.9402 -0.2021
vn -0.0189 0.9657 -0.2588
vn 0.0112 0.9864 -0.1640
vn 0.2964 0.9339 -0.1998
vn -0.7997 0.5328 0.2767
vn -0.1477 0.7792 0.6091
vn -0.3585 0.3981 0.8444
vn -0.3743 0.7856 0.4928
vn -0.6262 0.7469 0.2238
vn -0.1531 0.6754 0.7213
vn 0.0215 0.4204 0.9071
vn 0.0079 -0.9410 0.3382
vn 0.0232 -0.9834 0.1798
vn 0.2748 -0.9323 0.2352
vn 0.2147 0.7135 0.6669
vn 0.9238 0.0723 0.3760
vn 0.4937 0.7381 0.4598
vn -0.0004 0.9160 0.4011
vn 0.1352 0.5226 -0.8418
vn 0.5857 0.3960 -0.7072
vn -0.1946 0.4705 -0.8607
vn -0.4928 0.5424 -0.6804
vn 0.2172 0.6781 -0.7022
vn 0.8088 -0.4831 -0.3354
vn 0.9172 0.0341 -0.3970
vn 0.9219 -0.3257 -0.2097
vn 0.3195 -0.6635 -0.6765
vn 0.7925 -0.0723 -0.6056
vn 0.6348 -0.7726 -0.0133
vn 0.3700 -0.8862 -0.2789
vn -0.5926 0.7620 -0.2609
vn -0.3175 0.8985 -0.3030
vn -0.2510 0.9302 -0.2677
vn -0.4932 0.8698 -0.0092
vn -0.5678 0.8126 -0.1316
vn -0.4385 0.8978 0.0398
vn -0.8271 0.3659 -0.4267
vn -0.9025 0.2451 -0.3542
vn -0.8307 0.1805 -0.5267
vn -0.6581 0.6631 -0.3568
vn -0.7267 0.5487 -0.4132
vn -0.8202 0.3826 -0.4253
vn -0.6923 0.7168 -0.0836
vn -0.2519 -0.9668 0.0437
vn -0.4342 -0.8917 -0.1282
vn -0.1753 -0.9837 0.0394
vn 0.0333 -0.8849 -0.4646
vn -0.3839 -0.5562 -0.7371
vn -0.0313 -0.6333 -0.7733
vn 0.1761 -0.9293 0.3247
vn 0.9804 0.1872 0.0609
vn 0.8912 0.4505 -0.0524
vn 0.9787 -0.0630 0.1954
vn 0.7589 0.4920 -0.4267
vn 0.7544 0.5768 -0.3133
vn 0.1743 -0.8940 0.4128
vn 0.5388 -0.6723 0.5076
vn -0.1283 -0.9277 0.3506
vn -0.0323 -0.9837 0.1769
vn -0.0770 -0.9141 0.3982
vn -0.0471 -0.9523 0.3015
vn -0.2130 0.8891 0.4052
vn -0.1805 0.9240 0.3370
vn -0.1670 0.8573 0.4870
vn -0.1358 0.8836 0.4481
vn 0.8399 0.1128 0.5309
vn 0.6869 0.5611 0.4619
vn 0.3806 0.7609 0.5256
vn -0.3434 -0.9028 0.2588
vn -0.0366 -0.9911 0.1279
vn -0.0963 -0.9575 0.2720
vn -0.7587 -0.6373 -0.1348
vn -0.3116 -0.9502 0.0041
vn -0.3374 -0.8512 0.4021
vn -0.5686 -0.7849 0.2463
vn -0.4460 0.8850 0.1339
vn -0.7070 0.7070 -0.0194
vn -0.5272 0.8308 0.1783
vn 0.9573 0.0599 0.2827
vn 0.6380 0.6230 0.4526
vn 0.5502 0.6704 0.4979
vn 0.9199 0.3194 0.2273
vn -0.4416 0.8832 0.1580
vn -0.4744 0.8761 0.0861
vn -0.8812 0.3605 -0.3057
vn -0.8387 -0.2677 -0.4743
vn -0.8450 -0.2989 -0.4434
vn -0.8459 0.4416 -0.2991
vn -0.8335 -0.2051 -0.5130
vn -0.7229 -0.5170 -0.4584
vn -0.7536 -0.4719 -0.4576
vn -0.8197 -0.4022 -0.4079
vn -0.3779 -0.8990 -0.2214
vn -0.0892 -0.9847 -0.1498
vn -0.2576 -0.9271 -0.2722
vn -0.5249 -0.8485 -0.0671
vn -0.2020 -0.9792 -0.0187
vn 0.2504 -0.9674 -0.0380
vn 0.2567 -0.9482 0.1871
vn 0.5371 -0.8428 -0.0348
vn 0.5917 -0.7684 0.2438
vn 0.7013 -0.7128 0.0075
vn 0.7148 -0.6154 0.3320
vn 0.5923 -0.5723 0.5671
vn 0.6579 -0.5170 0.5475
vn 0.7453 -0.4034 0.5309
vn 0.9470 0.0625 0.3150
vn 0.9500 -0.1569 0.2699
vn 0.9307 0.3461 0.1183
vn 0.9687 -0.1973 0.1504
vn 0.9874 0.0355 0.1540
vn 0.9777 -0.1995 0.0653
vn 0.9592 0.1550 0.2364
vn 0.9659 -0.1713 0.1942
vn 0.9198 0.1685 0.3543
vn 0.4963 0.7535 0.4311
vn 0.7214 0.6009 0.3442
vn 0.0206 0.8129 0.5820
vn 0.0270 0.9056 0.4232
vn -0.0852 0.9497 0.3014
vn -0.5122 0.8145 0.2724
vn -0.1044 0.9092 0.4031
vn -0.5989 0.7996 0.0452
vn -0.3917 0.8819 0.2623
vn -0.3451 0.9192 0.1898
vn -0.2343 0.9358 0.2634
vn -0.1673 0.9322 0.3210
vn -0.4067 0.8896 0.2079
vn -0.4737 0.7838 0.4015
vn -0.8292 0.2960 0.4741
vn -0.7399 0.2458 0.6262
vn -0.7579 0.3637 0.5416
vn -0.7517 -0.0883 0.6535
vn -0.8989 0.4371 -0.0294
vn -0.9091 0.1117 0.4014
vn -0.9039 -0.1678 -0.3934
vn -0.9265 -0.2274 -0.2997
vn -0.1582 -0.9844 -0.0768
vn -0.0977 -0.9542 -0.2827
vn -0.0007 -0.9961 -0.0880
vn -0.0226 -0.9739 -0.2259
vn -0.1838 -0.9532 -0.2401
vn 0.0033 -0.9874 -0.1584
vn 0.1290 -0.9812 -0.1434
vn 0.1403 -0.9840 -0.1100
vn 0.3060 -0.9474 -0.0936
vn 0.4072 -0.9093 -0.0857
vn 0.5296 -0.8482 -0.0115
vn 0.5833 -0.8068 -0.0934
vn 0.9429 -0.1842 0.2776
vn 0.9149 -0.0096 0.4035
vn 0.9091 -0.2369 0.3426
vn 0.5122 0.7616 0.3971
vn -0.0306 0.9372 0.3474
vn 0.0262 0.9458 0.3238
vn 0.2695 -0.9621 0.0418
vn 0.3830 -0.8924 0.2384
vn 0.7453 0.4324 0.5074
vn 0.9011 -0.1803 0.3943
vn 0.2147 -0.9302 0.2979
vn 0.8446 -0.1265 0.5202
vn 0.0330 -0.9979 0.0552
vn -0.1219 -0.9243 0.3617
vn -0.5386 -0.2252 0.8119
vn -0.4691 0.6555 0.5919
vn -0.7500 -0.3598 0.5551
vn -0.1934 -0.9289 0.3158
vn 0.4884 -0.8676 0.0938
vn -0.7689 -0.4249 -0.4777
vn 0.0194 0.1780 -0.9838
vn 0.2873 -0.0563 -0.9562
vn -0.2231 -0.1837 -0.9573
vn 0.3087 0.9257 -0.2186
vn -0.9431 -0.0676 -0.3257
vn -0.8943 -0.3273 -0.3050
vn -0.8900 -0.3764 -0.2573
vn -0.8604 0.3632 -0.3575
vn -0.9359 -0.0122 -0.3521
vn -0.8808 -0.0011 -0.4736
vn -0.4699 0.5976 -0.6497
vn -0.4270 -0.1484 -0.8920
vn 0.5919 0.2745 -0.7578
vn 0.3138 -0.9494 -0.0148
vn -0.6172 0.6526 -0.4395
vn 0.8816 0.2328 0.4106
vn -0.3351 0.5286 0.7799
vn 0.0594 -0.9133 0.4029
vn -0.1796 -0.8978 0.4022
vn -0.2516 -0.8895 0.3815
vn -0.2712 0.9142 0.3010
vn -0.4093 0.3992 -0.8204
vn -0.8042 0.5884 -0.0838
vn -0.7835 0.6139 -0.0962
vn -0.8153 0.5734 -0.0799
vn -0.9473 0.2666 -0.1776
vn -0.3662 0.8613 -0.3522
vn -0.0860 0.9380 -0.3357
vn -0.1361 0.8574 -0.4963
vn -0.0197 0.9990 -0.0402
vn 0.1217 0.9521 -0.2806
vn 0.1205 0.8769 -0.4653
vn 0.3283 0.1190 -0.9370
vn 0.1162 0.3149 -0.9420
vn 0.3631 0.3583 -0.8601
vn 0.4155 0.2880 -0.8628
vn 0.0910 -0.2127 -0.9729
vn -0.0339 0.0363 -0.9988
vn 0.9094 -0.3259 0.2586
vn 0.9627 0.0894 -0.2555
vn 0.9675 0.0909 0.2358
vn 0.7892 0.0131 -0.6139
vn 0.8972 0.2408 -0.3701
vn 0.9105 0.4118 0.0373
vn -0.0231 -0.9110 -0.4118
vn 0.1640 -0.5800 -0.7979
vn 0.1568 -0.9036 -0.3986
vn -0.3711 -0.8559 -0.3601
vn -0.1616 -0.6395 -0.7516
vn 0.4143 0.2712 -0.8688
vn 0.2425 0.4892 -0.8378
vn 0.4529 0.5271 -0.7190
vn 0.2510 0.1393 -0.9579
vn -0.0935 0.2959 -0.9506
vn 0.2740 -0.3211 -0.9065
vn -0.0653 -0.2488 -0.9663
vn 0.4044 -0.0523 -0.9131
vn 0.1216 -0.8060 0.5793
vn -0.0467 -0.3094 0.9498
vn -0.1741 -0.8003 0.5738
vn 0.6837 -0.6300 0.3683
vn 0.8913 -0.4509 0.0477
vn 0.7914 -0.4200 0.4441
vn -0.0356 -0.9608 0.2751
vn 0.1782 -0.9489 0.2604
vn -0.1582 -0.9746 -0.1584
vn -0.2644 -0.9536 -0.1439
vn -0.3072 -0.9250 -0.2234
vn -0.1624 -0.9668 -0.1975
vn -0.6952 -0.5050 -0.5116
vn -0.2323 -0.9236 -0.3051
vn -0.3569 -0.5848 -0.7284
vn -0.3115 -0.9087 -0.2778
vn -0.3025 -0.9468 -0.1098
vn -0.2332 0.9606 -0.1512
vn -0.0737 0.9969 -0.0276
vn 0.1685 0.9816 0.0901
vn -0.1313 0.9815 -0.1395
vn -0.0330 0.9775 0.2081
vn -0.1254 0.9918 -0.0250
vn -0.0885 0.9779 0.1896
vn 0.1404 0.9856 0.0944
vn -0.2504 0.2221 0.9423
vn -0.1284 0.1084 0.9858
vn -0.2503 0.3040 0.9192
vn -0.0745 0.4360 0.8969
vn 0.0590 0.4011 0.9141
vn 0.0803 0.1210 0.9894
vn -0.1294 -0.0109 0.9915
vn 0.0480 0.3472 0.9366
vn 0.0623 0.0166 0.9979
vn 0.0417 -0.1363 0.9898
vn -0.1166 -0.9930 0.0184
vn -0.1448 -0.9893 0.0154
vn -0.1371 -0.9538 0.2675
vn -0.1166 -0.9840 -0.1344
vn -0.0994 -0.9902 -0.0983
vn -0.0198 -0.8236 -0.5668
vn -0.1191 -0.9334 -0.3386
vn -0.0306 -0.9392 -0.3419
vn 0.0379 -0.9289 -0.3685
vn 0.1375 -0.6686 -0.7308
vn 0.1211 -0.2037 -0.9715
vn 0.4144 -0.6767 -0.6085
vn 0.2599 -0.7749 -0.5762
vn 0.4429 -0.8354 -0.3256
vn 0.2941 -0.9171 -0.2690
vn -0.3536 -0.8812 -0.3137
vn -0.3030 -0.7002 -0.6465
vn -0.5817 -0.7429 -0.3313
vn -0.5337 -0.4311 -0.7275
vn -0.4788 0.0334 -0.8773
vn -0.3517 0.3691 -0.8603
vn -0.0999 0.6508 -0.7526
vn 0.3130 0.8281 -0.4651
vn -0.7666 0.6317 -0.1152
vn -0.7449 0.6654 -0.0485
vn -0.7372 0.6694 -0.0920
vn -0.7331 0.6800 0.0089
vn 0.0988 0.8912 0.4427
vn 0.4497 0.8824 0.1385
vn 0.0949 0.9955 -0.0025
vn 0.0261 0.9140 -0.4049
vn -0.6798 0.7315 0.0527
vn -0.7350 0.6781 -0.0030
vn -0.6852 0.7025 0.1924
vn -0.8472 0.5196 0.1104
vn -0.9512 0.3006 0.0695
vn -0.9889 -0.1372 0.0567
vn -0.9833 -0.0057 0.1817
vn -0.9259 0.1950 0.3236
vn -0.8513 0.3189 0.4166
vn -0.7590 0.5119 0.4023
vn -0.4116 0.1694 0.8955
vn -0.1440 0.3549 0.9237
vn -0.2874 0.3989 0.8708
vn -0.1564 0.5471 0.8223
vn 0.2165 0.4182 0.8822
vn 0.3420 0.2001 0.9181
vn 0.2577 0.7651 0.5900
vn 0.0283 0.8149 0.5790
vn 0.4342 0.7719 0.4645
vn 0.5212 0.6859 0.5079
vn 0.6159 0.7320 0.2913
vn 0.6382 0.7540 -0.1557
vn 0.3472 0.8848 0.3108
vn 0.2793 0.9597 -0.0307
vn 0.3405 0.9174 -0.2060
vn 0.2192 0.5817 -0.7833
vn 0.3016 0.4823 -0.8225
vn 0.2087 0.1912 -0.9591
vn 0.2723 -0.0571 -0.9605
vn 0.2883 0.2442 -0.9259
vn 0.0339 0.1104 -0.9933
vn -0.0430 -0.3422 -0.9387
vn -0.1134 -0.7965 -0.5939
vn -0.2221 -0.4438 -0.8682
vn -0.2486 -0.9097 0.3326
vn -0.1388 -0.7354 0.6633
vn -0.0420 -0.4406 0.8967
vn 0.1023 -0.4530 0.8856
vn 0.0214 -0.1795 0.9835
vn 0.7984 -0.0375 0.6009
vn 0.9502 -0.2256 0.2151
vn 0.8901 0.0876 0.4473
vn 0.6943 0.1805 0.6967
vn -0.0789 -0.1116 0.9906
vn 0.8858 0.2726 0.3755
vn 0.9795 0.0513 0.1947
vn 0.8953 0.2966 0.3325
vn 0.5753 0.7861 0.2260
vn 0.2358 0.8986 0.3700
vn 0.4751 0.7028 0.5295
vn 0.1907 0.7014 0.6868
vn 0.3513 0.6353 0.6877
vn 0.8808 0.2582 0.3969
vn 0.4016 0.8756 0.2684
vn 0.2664 0.9573 0.1125
vn 0.3151 0.9474 -0.0563
vn 0.2382 0.9505 0.1995
vn 0.2236 0.9601 -0.1682
vn 0.3752 0.8657 -0.3313
vn 0.2343 0.8941 -0.3816
vn 0.3559 0.4039 -0.8427
vn 0.2413 0.4874 -0.8391
vn 0.8929 -0.2121 0.3971
vn 0.9511 -0.3031 0.0589
vn 0.8230 -0.4095 0.3938
vn 0.8071 -0.5414 0.2353
vn 0.8664 -0.4993 -0.0037
vn 0.6830 -0.7259 -0.0816
vn 0.8441 -0.5152 0.1489
vn 0.7696 -0.6294 0.1071
vn 0.0293 -0.9871 -0.1573
vn 0.1209 -0.9870 -0.1059
vn 0.7605 -0.6488 -0.0247
vn 0.7990 -0.6013 -0.0036
vn -0.0456 -0.9887 -0.1431
vn 0.7858 -0.2976 -0.5422
vn 0.9487 -0.1507 -0.2781
vn 0.5039 -0.3878 -0.7718
vn 0.5521 -0.1689 -0.8165
vn -0.3248 0.0045 -0.9458
vn -0.1168 0.0241 -0.9929
vn 0.1449 0.9891 -0.0276
vn -0.1093 0.5889 -0.8008
vn 0.0753 0.5926 -0.8019
vn 0.2383 0.9200 0.3111
vn 0.1236 0.9405 0.3164
vn 0.2421 0.8310 0.5007
vn 0.1229 0.2091 0.9701
vn 0.0512 0.6902 0.7218
vn 0.1820 0.4928 0.8509
vn 0.3024 0.3634 0.8812
vn 0.2498 0.1066 0.9624
vn 0.2348 -0.1229 0.9642
vn 0.0571 -0.1906 0.9800
vn 0.4873 0.0649 0.8708
vn 0.3549 -0.0378 0.9341
vn 0.5073 -0.1148 0.8541
vn 0.3675 -0.4325 0.8233
vn 0.5101 -0.7472 0.4260
vn -0.2771 -0.4066 0.8706
vn 0.3065 -0.8937 0.3276
vn -0.4174 -0.8246 0.3820
vn 0.2071 -0.9731 0.1010
vn -0.7249 -0.4677 0.5058
vn -0.7340 -0.6389 0.2304
vn -0.3936 -0.9018 0.1786
vn -0.6598 -0.7418 -0.1199
vn -0.2690 -0.9425 -0.1982
vn -0.9752 0.2146 -0.0551
vn -0.9582 -0.2249 -0.1768
vn -0.9262 -0.2200 -0.3061
vn -0.7540 -0.0264 -0.6563
vn 0.4618 -0.8647 -0.1975
vn 0.2819 -0.9354 -0.2133
vn 0.4710 -0.8817 0.0280
vn 0.0008 -0.9737 -0.2276
vn -0.0021 -0.9990 0.0445
vn -0.0770 -0.8893 0.4507
vn 0.1016 -0.7254 0.6808
vn -0.0775 -0.0617 0.9951
vn -0.0114 0.4752 0.8798
vn 0.0336 0.7359 0.6762
vn 0.0807 0.9054 0.4168
vn -0.1173 0.8954 0.4296
vn -0.0213 0.9543 0.2981
vn -0.1169 -0.7213 0.6827
vn -0.1999 0.0627 0.9778
vn -0.5829 -0.1140 0.8045
vn 0.4551 0.2958 0.8399
vn 0.0209 0.9972 -0.0720
vn -0.2370 0.6483 -0.7235
vn -0.4211 0.8486 -0.3202
vn -0.2924 0.9302 -0.2217
vn -0.7253 0.3023 -0.6186
vn -0.6360 0.2679 -0.7237
vn -0.7803 0.0599 -0.6226
vn -0.2400 0.4089 -0.8805
vn -0.2601 0.1751 -0.9496
vn -0.6574 -0.0496 -0.7519
vn -0.2806 -0.0437 -0.9588
vn -0.5204 -0.4879 -0.7008
vn -0.2144 -0.1991 -0.9562
vn 0.8037 0.5895 -0.0808
vn 0.8152 0.5740 -0.0780
vn 0.7834 0.6144 -0.0941
vn 0.9471 0.2675 -0.1772
vn 0.3661 0.8613 -0.3523
vn 0.0860 0.9380 -0.3358
vn 0.2923 0.9302 -0.2219
vn 0.0197 0.9990 -0.0402
vn -0.1206 0.8769 -0.4653
vn 0.1360 0.8574 -0.4964
vn -0.3283 0.1190 -0.9370
vn -0.1162 0.3149 -0.9420
vn 0.0339 0.0363 -0.9988
vn -0.4155 0.2880 -0.8628
vn -0.3631 0.3582 -0.8601
vn -0.0910 -0.2127 -0.9729
vn -0.3769 0.0560 -0.9246
vn -0.9627 0.0893 -0.2555
vn -0.9094 -0.3259 0.2585
vn -0.9675 0.0910 0.2359
vn -0.7893 0.0131 -0.6139
vn -0.9487 -0.1507 -0.2781
vn -0.9106 0.4117 0.0373
vn -0.8973 0.2407 -0.3700
vn -0.1640 -0.5800 -0.7979
vn 0.0231 -0.9110 -0.4118
vn -0.1567 -0.9037 -0.3985
vn 0.3710 -0.8560 -0.3600
vn 0.1625 -0.9667 -0.1975
vn -0.2432 0.4925 -0.8356
vn -0.4149 0.2735 -0.8678
vn -0.4532 0.5303 -0.7166
vn 0.0924 0.2998 -0.9495
vn -0.2524 0.1421 -0.9572
vn -0.2755 -0.3186 -0.9070
vn 0.0636 -0.2455 -0.9673
vn -0.4054 -0.0507 -0.9127
vn -0.1216 -0.8061 0.5792
vn 0.0467 -0.3095 0.9498
vn -0.1023 -0.4530 0.8856
vn -0.6837 -0.6300 0.3683
vn -0.8913 -0.4509 0.0477
vn -0.7605 -0.6488 -0.0248
vn 0.0355 -0.9608 0.2750
vn 0.1741 -0.8004 0.5737
vn 0.2643 -0.9536 -0.1440
vn 0.1581 -0.9746 -0.1585
vn 0.3072 -0.9250 -0.2235
vn 0.6951 -0.5052 -0.5115
vn 0.5204 -0.4879 -0.7008
vn 0.3571 -0.5850 -0.7282
vn 0.2322 -0.9228 -0.3074
vn 0.3116 -0.9087 -0.2779
vn 0.3019 -0.9467 -0.1120
vn 0.2331 0.9606 -0.1513
vn -0.1686 0.9816 0.0901
vn 0.0737 0.9969 -0.0277
vn 0.0327 0.9768 0.2117
vn 0.1307 0.9817 -0.1384
vn 0.1257 0.9918 -0.0248
vn -0.1404 0.9856 0.0945
vn 0.0887 0.9778 0.1898
vn 0.2504 0.2221 0.9423
vn 0.1284 0.1083 0.9858
vn 0.1294 -0.0110 0.9915
vn 0.0748 0.4359 0.8969
vn 0.2502 0.3039 0.9192
vn -0.0801 0.1199 0.9896
vn -0.0584 0.4002 0.9146
vn -0.0475 0.3437 0.9379
vn -0.0617 0.0131 0.9980
vn -0.0416 -0.1375 0.9896
vn 0.0423 -0.4441 0.8950
vn 0.1175 -0.9930 0.0128
vn 0.1448 -0.9894 0.0079
vn 0.1170 -0.9831 -0.1405
vn 0.1000 -0.9897 -0.1025
vn 0.1194 -0.9323 -0.3414
vn 0.0194 -0.8233 -0.5672
vn 0.0301 -0.9392 -0.3420
vn -0.0391 -0.9287 -0.3687
vn -0.1210 -0.2061 -0.9710
vn -0.1387 -0.6683 -0.7308
vn -0.4154 -0.6753 -0.6095
vn -0.2611 -0.7731 -0.5780
vn -0.4439 -0.8346 -0.3262
vn -0.2948 -0.9170 -0.2687
vn 0.3525 -0.8814 -0.3145
vn 0.3017 -0.6980 -0.6495
vn 0.5811 -0.7423 -0.3336
vn 0.5326 -0.4282 -0.7300
vn 0.4775 0.0370 -0.8779
vn 0.3503 0.3729 -0.8592
vn 0.0993 0.6544 -0.7496
vn -0.3131 0.8308 -0.4601
vn -0.0266 0.9165 -0.3991
vn 0.7453 0.6652 -0.0439
vn 0.7665 0.6323 -0.1125
vn 0.7374 0.6696 -0.0886
vn 0.7336 0.6794 0.0132
vn -0.4487 0.8817 0.1457
vn -0.0968 0.8876 0.4504
vn -0.0944 0.9955 0.0052
vn 0.6811 0.7299 0.0579
vn 0.6855 0.7010 0.1964
vn 0.7349 0.6782 0.0017
vn 0.8464 0.5204 0.1132
vn 0.9511 0.3009 0.0702
vn 0.9835 -0.0068 0.1806
vn 0.9889 -0.1382 0.0555
vn 0.9260 0.1940 0.3239
vn 0.8515 0.3172 0.4176
vn 0.7592 0.5099 0.4046
vn 0.1459 0.3496 0.9255
vn 0.4131 0.1648 0.8957
vn 0.2890 0.3933 0.8728
vn 0.1585 0.5411 0.8259
vn -0.2143 0.4123 0.8855
vn -0.3399 0.1956 0.9199
vn -0.2548 0.7605 0.5972
vn -0.4317 0.7690 0.4715
vn -0.5185 0.6828 0.5146
vn -0.6147 0.7305 0.2976
vn -0.6383 0.7549 -0.1506
vn -0.2778 0.9602 -0.0303
vn -0.3438 0.8846 0.3150
vn -0.3382 0.9191 -0.2022
vn -0.2180 0.5804 -0.7846
vn -0.3007 0.4838 -0.8219
vn -0.2081 0.1896 -0.9595
vn -0.2727 -0.0577 -0.9604
vn -0.0333 0.1072 -0.9937
vn 0.0435 -0.3438 -0.9380
vn 0.1134 -0.7955 -0.5952
vn 0.2223 -0.4445 -0.8678
vn 0.1365 -0.9553 0.2621
vn 0.2471 -0.9111 0.3299
vn 0.1371 -0.7366 0.6623
vn -0.0214 -0.1795 0.9835
vn -0.7984 -0.0376 0.6010
vn -0.9502 -0.2257 0.2151
vn -0.8342 -0.2292 0.5016
vn -0.6943 0.1804 0.6967
vn -0.8901 0.0875 0.4473
vn 0.0789 -0.1117 0.9906
vn -0.8858 0.2726 0.3755
vn -0.9795 0.0513 0.1946
vn -0.2357 0.8986 0.3700
vn -0.5753 0.7861 0.2261
vn -0.4750 0.7028 0.5296
vn -0.1907 0.7013 0.6869
vn -0.8808 0.2582 0.3969
vn -0.8952 0.2966 0.3325
vn -0.4017 0.8756 0.2684
vn -0.2666 0.9573 0.1122
vn -0.2383 0.9505 0.1995
vn -0.8929 -0.2121 0.3971
vn -0.3151 0.9474 -0.0563
vn -0.2235 0.9601 -0.1681
vn -0.3752 0.8657 -0.3313
vn -0.1217 0.9521 -0.2806
vn -0.2343 0.8941 -0.3816
vn -0.3559 0.4040 -0.8427
vn -0.4061 0.3842 -0.8291
vn -0.2413 0.4874 -0.8391
vn -0.8229 -0.4095 0.3938
vn -0.9511 -0.3031 0.0589
vn -0.8071 -0.5414 0.2353
vn -0.8664 -0.4993 -0.0036
vn -0.6830 -0.7258 -0.0817
vn -0.7697 -0.6294 0.1071
vn -0.8441 -0.5152 0.1489
vn -0.0294 -0.9871 -0.1573
vn -0.1210 -0.9870 -0.1059
vn -0.7990 -0.6013 -0.0035
vn 0.0455 -0.9887 -0.1431
vn -0.2230 -0.9724 -0.0681
vn -0.7858 -0.2975 -0.5422
vn -0.5521 -0.1689 -0.8165
vn -0.5039 -0.3878 -0.7718
vn -0.7915 -0.4199 0.4441
vn 0.3247 0.0033 -0.9458
vn 0.1172 0.0216 -0.9929
vn 0.1092 0.5876 -0.8018
vn -0.1451 0.9890 -0.0282
vn -0.0749 0.5902 -0.8038
vn -0.2372 0.9202 0.3115
vn -0.2402 0.8294 0.5044
vn -0.0516 0.6876 0.7242
vn -0.1219 0.2071 0.9707
vn -0.1810 0.4915 0.8518
vn -0.1239 0.9396 0.3190
vn -0.0813 0.9030 0.4220
vn -0.2999 0.3609 0.8831
vn -0.2335 -0.1247 0.9643
vn -0.2483 0.1033 0.9632
vn -0.3532 -0.0397 0.9347
vn -0.4858 0.0621 0.8719
vn -0.5058 -0.1159 0.8548
vn -0.3670 -0.4343 0.8226
vn -0.5094 -0.7491 0.4235
vn -0.3064 -0.8949 0.3243
vn 0.2780 -0.4095 0.8690
vn 0.4162 -0.8267 0.3786
vn -0.2076 -0.9732 0.0994
vn 0.3923 -0.9027 0.1767
vn 0.7248 -0.4709 0.5029
vn 0.7327 -0.6411 0.2281
vn 0.6584 -0.7430 -0.1201
vn 0.9752 0.2146 -0.0548
vn 0.9582 -0.2242 -0.1779
vn 0.7531 -0.0236 -0.6575
vn 0.6289 0.1207 -0.7680
vn -0.4622 -0.8647 -0.1967
vn -0.2823 -0.9357 -0.2117
vn -0.4701 -0.8822 0.0261
vn 0.2672 -0.9433 -0.1971
vn -0.0018 -0.9738 -0.2276
vn 0.0022 -0.9992 0.0411
vn 0.0777 -0.8903 0.4486
vn -0.1014 -0.7270 0.6792
vn -0.0566 -0.1914 0.9799
vn 0.0779 -0.0645 0.9949
vn 0.0114 0.4715 0.8818
vn -0.0333 0.7330 0.6794
vn 0.0216 0.9520 0.3053
vn 0.1180 0.8940 0.4324
vn 0.5839 -0.1170 0.8033
vn 0.2016 0.0594 0.9777
vn -0.4528 0.2909 0.8428
vn 0.2362 0.6479 -0.7242
vn -0.0217 0.9973 -0.0708
vn 0.4211 0.8485 -0.3204
vn 0.7252 0.3021 -0.6188
vn 0.6358 0.2678 -0.7239
vn 0.6000 0.3995 -0.6931
vn 0.2399 0.4089 -0.8805
vn 0.6574 -0.0498 -0.7519
vn 0.2601 0.1750 -0.9496
vn 0.7802 0.0596 -0.6227
vn 0.2806 -0.0438 -0.9588
vn 0.2144 -0.1991 -0.9562
vn 0.1616 -0.6395 -0.7516
vn 0.1180 -0.7237 0.6799
vn -0.9784 0.1986 0.0577
vn -0.4703 0.6698 -0.5746
vn -0.5941 0.7941 -0.1283
vn -0.0264 -0.5302 -0.8474
vn 0.1809 0.8252 -0.5351
vn 0.3635 -0.8921 0.2683
vn -0.7326 -0.6357 0.2435
vn -0.1809 0.8252 -0.5351
vn 0.2967 -0.3869 0.8731
vn -0.2541 0.6166 -0.7452
vn 0.3285 -0.9166 0.2280
vn 0.9211 -0.3852 -0.0558
vn 0.9545 -0.0845 0.2861
vn 0.4437 -0.7636 -0.4690
vn -0.0000 0.9603 0.2790
vn -0.0836 0.9964 0.0106
vn 0.3986 -0.8171 0.4165
vn 0.9936 -0.0809 -0.0794
vn 0.2199 0.4257 -0.8777
vn -0.8861 0.3357 0.3195
vn 0.1127 0.9810 0.1580
vn -0.3833 -0.4901 -0.7829
vn 0.1607 0.9682 0.1916
vn -0.6359 -0.7647 -0.1043
vn 0.4107 0.6049 -0.6823
vn 0.0895 -0.1148 0.9893
vn -0.9204 -0.2724 -0.2806
vn -0.8834 -0.3620 -0.2977
vn -0.0000 -0.4459 -0.8951
vn -0.8174 -0.4153 -0.3993
vn -0.8404 -0.4483 -0.3047
vn 0.0645 0.1339 0.9889
vn 0.5974 -0.0310 -0.8013
vn -0.5164 0.8554 -0.0416
vn 0.0418 -0.9937 0.1044
vn 0.9575 -0.2789 0.0736
vn -0.1069 -0.5741 -0.8118
vn 0.2424 -0.8133 -0.5290
vn -0.3959 0.9172 0.0440
vn 0.0478 0.3680 -0.9286
vn -0.3560 0.9033 -0.2395
vn -0.0000 0.6363 -0.7714
vn -0.0420 -0.8667 -0.4970
vn 0.9219 -0.1738 0.3463
vn 0.0590 0.9716 -0.2293
vn -0.6787 -0.0147 0.7343
vn -0.6022 0.1834 -0.7770
vn 0.5786 0.7830 0.2282
vn -0.2098 -0.1008 -0.9725
vn 0.5100 -0.7118 -0.4830
vn 0.9727 -0.2035 -0.1114
vn -0.3509 -0.7964 -0.4926
vn -0.4109 -0.8360 -0.3638
vn 0.3422 -0.3693 -0.8640
vn 0.2484 0.2265 -0.9418
vn -0.2922 0.7166 -0.6334
vn -0.1658 0.5221 -0.8366
vn -0.2212 0.8390 -0.4972
vn -0.2179 0.6481 -0.7297
vn -0.1928 0.5775 -0.7933
vn 0.7809 0.4351 -0.4481
vn -0.0107 0.2650 0.9642
vn 0.2086 -0.1757 0.9621
vn -0.2775 0.7659 -0.5799
vn -0.8280 -0.5172 0.2167
vn -0.3197 -0.9178 0.2356
vn 0.1760 0.2989 -0.9379
vn 0.2609 0.7554 0.6010
vn 0.3770 -0.8612 -0.3409
vn -0.7336 0.0499 0.6777
vn -0.0000 0.7133 -0.7008
vn -0.0000 -0.9306 -0.3661
vn -0.0000 -0.9536 -0.3012
vn -0.0000 -0.9879 -0.1551
vn 0.0001 -0.8448 -0.5351
vn -0.0000 -0.9513 -0.3083
vn -0.0000 -0.5924 -0.8056
vn -0.0000 -0.8022 -0.5971
vn -0.0000 0.7594 -0.6506
vn -0.0000 -0.9200 -0.3920
vn -0.5858 0.3415 -0.7350
vn -0.4928 0.3582 -0.7930
vn 0.1622 0.0831 -0.9832
vn -0.4438 -0.7636 -0.4690
vn -0.2519 0.3481 0.9030
vn 0.0836 0.9964 0.0106
vn -0.3986 -0.8171 0.4165
vn -0.9936 -0.0809 -0.0794
vn -0.6470 0.5926 -0.4798
vn -0.0740 -0.9792 0.1890
vn -0.4129 -0.7463 0.5220
vn -0.1127 0.9810 0.1580
vn -0.9425 -0.0345 0.3325
vn 0.3833 -0.4901 -0.7829
vn 0.6360 -0.7646 -0.1042
vn 0.9320 0.3563 0.0661
vn 0.9203 -0.2724 -0.2806
vn -0.5121 0.7738 0.3728
vn 0.8404 -0.4483 -0.3047
vn -0.0281 0.9769 -0.2119
vn -0.0509 -0.8348 -0.5482
vn 0.5165 0.8553 -0.0415
vn -0.9808 -0.0004 0.1952
vn -0.0260 -0.5858 -0.8100
vn -0.8100 0.2857 -0.5121
vn 0.0419 -0.8667 -0.4971
vn -0.9219 -0.1738 0.3463
vn -0.7968 -0.2088 0.5671
vn 0.2785 -0.6834 0.6749
vn 0.6022 0.1834 -0.7770
vn -0.7366 0.6653 -0.1221
vn -0.5786 0.7824 0.2303
vn 0.2098 -0.1008 -0.9725
vn -0.1363 0.5248 -0.8402
vn -0.9727 -0.2035 -0.1114
vn 0.6197 0.2060 -0.7573
vn -0.0929 0.2911 -0.9522
vn -0.8316 0.0269 -0.5547
vn -0.7100 0.1828 -0.6801
vn -0.9790 0.1980 0.0484
vn -0.7987 0.3659 -0.4777
vn -0.8271 0.3864 -0.4082
vn -0.7125 0.2904 -0.6387
vn 0.2212 0.8390 -0.4972
vn 0.5007 -0.1233 -0.8568
vn 0.2635 -0.2031 -0.9430
vn 0.3098 0.1091 -0.9445
vn 0.2179 0.6483 -0.7295
vn -0.0057 -0.9970 -0.0767
vn -0.2145 0.9708 0.1075
vn 0.0349 0.9977 -0.0578
vn -0.3183 0.8011 0.5069
vn 0.4557 0.3971 -0.7966
vn 0.2775 0.7659 -0.5800
vn 0.8280 -0.5172 0.2166
vn -0.2416 0.8588 0.4518
vn -0.6094 0.2289 0.7591
vn -0.1662 0.8946 0.4148
vn 0.7336 0.0500 0.6777
vn 0.9721 0.1349 0.1921
vn 0.5534 0.7974 0.2407
vn 0.1031 -0.8420 -0.5295
vn -0.6520 0.1814 -0.7362
vn -0.6739 -0.3538 -0.6487
vn -0.4678 -0.2903 -0.8348
vn 0.1877 0.2576 0.9478
vn -0.3282 0.2643 -0.9069
vn 0.6739 -0.3537 -0.6486
vn -0.9777 0.1256 -0.1685
vn -0.1877 0.2576 0.9478
vn -0.1368 -0.3929 -0.9094
vn 0.5573 0.2717 -0.7846
vn 0.7555 -0.0621 0.6522
vn -0.6288 -0.6273 0.4595
vn 0.9734 -0.2238 -0.0491
vn 0.3305 -0.2965 0.8960
vn 0.6224 -0.0301 -0.7821
vn -0.9402 0.3358 -0.0575
vn -0.9422 -0.2865 0.1738
vn 0.7584 0.6100 0.2297
vn 0.9424 -0.2905 -0.1661
vn -0.1319 -0.0535 -0.9898
vn -0.9876 0.0829 0.1336
vn -0.0047 0.9946 -0.1036
vn -0.7555 -0.0621 0.6522
vn -0.6645 -0.7149 0.2177
vn -0.6347 -0.0461 0.7714
vn -0.8310 0.0404 -0.5549
vn -0.6224 -0.0301 -0.7821
vn 0.1292 0.1037 -0.9862
vn 0.9402 0.3358 -0.0575
vn 0.5616 -0.7896 0.2473
vn 0.9566 0.2720 0.1048
vn 0.4436 0.4264 0.7883
vn 0.8883 0.4401 0.1318
vn -0.0000 0.8979 0.4402
vn 0.0577 -0.6656 0.7441
vn 0.5801 -0.1485 0.8009
vn 0.0627 -0.9068 -0.4169
vn 0.5688 -0.1766 0.8033
vn 0.8934 -0.3139 0.3213
vn 0.9347 0.1795 -0.3069
vn 0.8622 0.1263 -0.4906
vn -0.0000 -0.6550 -0.7556
vn -0.9968 -0.0504 0.0617
vn -0.9566 0.2721 0.1047
vn -0.0577 -0.6656 0.7441
vn -0.6491 -0.7267 -0.2249
vn -0.5801 -0.1484 0.8009
vn -0.3524 -0.8684 -0.3489
vn -0.8934 -0.3138 0.3214
vn -0.9347 0.1795 -0.3069
vn -0.8622 0.1263 -0.4906
vn 0.4652 0.5361 0.7044
vn 0.5392 0.7527 -0.3778
vn -0.6493 -0.7240 0.2329
vn 0.1819 -0.4063 -0.8955
vn -0.6326 -0.7742 0.0226
vn -0.3413 0.0672 0.9376
vn -0.6905 -0.6993 0.1851
vn -0.6614 0.1861 0.7266
vn 0.1791 -0.3026 0.9361
vn 0.4516 -0.1641 -0.8770
vn -0.2008 -0.0914 0.9754
vn 0.2717 0.1392 -0.9523
vn -0.6676 -0.5444 0.5078
vn -0.9465 -0.3226 0.0085
vn -0.5713 -0.8207 0.0071
vn 0.4622 -0.6705 0.5803
vn 0.5151 -0.4530 -0.7277
vn -0.5392 0.7527 -0.3778
vn -0.6092 -0.2024 -0.7667
vn -0.7198 0.4053 0.5636
vn -0.1818 -0.4063 -0.8955
vn 0.6842 -0.7293 -0.0022
vn -0.0276 -0.0624 0.9977
vn 0.3413 0.0672 0.9376
vn 0.6905 -0.6993 0.1851
vn -0.1791 -0.3026 0.9361
vn -0.7852 0.2580 0.5629
vn -0.4516 -0.1641 -0.8770
vn 0.4237 -0.7923 -0.4389
vn 0.3063 0.4087 0.8597
vn -0.8394 -0.3251 -0.4355
vn -0.4623 -0.6705 0.5803
vn 0.4385 0.8978 0.0398
vn 0.9359 -0.0122 -0.3521
vn 0.3765 0.3731 0.8480
vn -0.8626 -0.2606 -0.4336
vn 0.3769 0.0560 -0.9246
vn -0.1854 -0.9773 -0.1027
vn -0.6302 0.1174 -0.7675
vn 0.8342 -0.2292 0.5015
vn 0.4062 0.3842 -0.8291
vn 0.2230 -0.9724 -0.0681
vn 0.3581 -0.2541 -0.8985
vn 0.3469 0.7998 0.4899
vn -0.6003 0.3995 -0.6929
vn -0.1782 -0.9489 0.2603
vn 0.1849 -0.9768 -0.1079
vn -0.0258 0.8099 0.5861
vn -0.2883 0.2462 -0.9254
vn -0.3513 0.6353 0.6877
vn -0.3581 -0.2541 -0.8984
vn -0.3419 0.7978 0.4966
vn 0.9259 -0.2186 -0.3082
vt 0.678428 0.239631
vt 0.679212 0.245935
vt 0.683277 0.242241
vt 0.685223 0.237101
vt 0.678571 0.234587
vt 0.652828 0.251184
vt 0.657572 0.247195
vt 0.651322 0.245243
vt 0.624051 0.535456
vt 0.619408 0.549931
vt 0.623293 0.549711
vt 0.627397 0.549307
vt 0.689427 0.236821
vt 0.688394 0.233156
vt 0.342172 0.458952
vt 0.356715 0.464449
vt 0.356991 0.459644
vt 0.594285 0.027875
vt 0.601485 0.026702
vt 0.595670 0.024491
vt 0.586814 0.022802
vt 0.589789 0.037990
vt 0.597995 0.031388
vt 0.948027 0.510869
vt 0.943923 0.507247
vt 0.944941 0.511407
vt 0.944594 0.514659
vt 0.940444 0.512282
vt 0.948802 0.474574
vt 0.943457 0.482393
vt 0.949394 0.481082
vt 0.948826 0.489883
vt 0.934211 0.484565
vt 0.939225 0.490139
vt 0.936387 0.507895
vt 0.947315 0.500200
vt 0.950048 0.507435
vt 0.953175 0.500542
vt 0.938979 0.499351
vt 0.937832 0.504716
vt 0.233009 0.013614
vt 0.229641 0.021649
vt 0.234979 0.019337
vt 0.960029 0.508672
vt 0.957224 0.500823
vt 0.954362 0.507643
vt 0.952144 0.514917
vt 0.476090 0.455228
vt 0.488560 0.462122
vt 0.488487 0.450876
vt 0.961132 0.487782
vt 0.953451 0.481644
vt 0.954602 0.488932
vt 0.474776 0.449825
vt 0.475121 0.439027
vt 0.485825 0.445640
vt 0.955914 0.477054
vt 0.949980 0.513089
vt 0.595927 0.021351
vt 0.602103 0.018365
vt 0.596691 0.016830
vt 0.598439 0.009596
vt 0.610091 0.016009
vt 0.605043 0.012781
vt 0.601149 0.038154
vt 0.236599 0.025965
vt 0.226099 0.020824
vt 0.229410 0.026763
vt 0.230714 0.036103
vt 0.225716 0.032925
vt 0.228549 0.039634
vt 0.235827 0.038598
vt 0.934211 0.510220
vt 0.236599 0.033275
vt 0.229580 0.032399
vt 0.615076 0.682039
vt 0.606182 0.668701
vt 0.607638 0.683956
vt 0.620565 0.681012
vt 0.614160 0.667740
vt 0.621295 0.666572
vt 0.612073 0.640899
vt 0.626181 0.680493
vt 0.627534 0.665868
vt 0.618479 0.640393
vt 0.624336 0.639835
vt 0.632846 0.665206
vt 0.629539 0.639041
vt 0.619895 0.608099
vt 0.634971 0.637927
vt 0.624534 0.607241
vt 0.629249 0.606257
vt 0.640825 0.636572
vt 0.634391 0.605141
vt 0.625193 0.577586
vt 0.417690 0.493970
vt 0.387147 0.497768
vt 0.417517 0.499403
vt 0.387158 0.492716
vt 0.417644 0.489216
vt 0.387090 0.488171
vt 0.357041 0.490485
vt 0.386835 0.483726
vt 0.356378 0.485343
vt 0.386548 0.479349
vt 0.355742 0.479509
vt 0.342243 0.486071
vt 0.355981 0.473804
vt 0.341114 0.477843
vt 0.687738 0.246338
vt 0.681420 0.251220
vt 0.340218 0.470718
vt 0.356460 0.468668
vt 0.340480 0.465368
vt 0.689521 0.240752
vt 0.684743 0.231325
vt 0.678518 0.229827
vt 0.669985 0.233945
vt 0.661489 0.237781
vt 0.671221 0.241973
vt 0.665248 0.248444
vt 0.672175 0.248137
vt 0.665539 0.253612
vt 0.672961 0.253880
vt 0.658892 0.253880
vt 0.343347 0.492972
vt 0.357651 0.495581
vt 0.343041 0.499263
vt 0.358324 0.500191
vt 0.629856 0.577055
vt 0.620876 0.578096
vt 0.616531 0.578582
vt 0.614837 0.608750
vt 0.609683 0.609272
vt 0.604627 0.609658
vt 0.605404 0.641259
vt 0.599453 0.641563
vt 0.599108 0.669042
vt 0.593693 0.641888
vt 0.593055 0.669234
vt 0.601152 0.686718
vt 0.584735 0.642004
vt 0.582853 0.670127
vt 0.586933 0.685076
vt 0.595218 0.688583
vt 0.579047 0.682014
vt 0.446905 0.439319
vt 0.470397 0.444709
vt 0.587735 0.609819
vt 0.594542 0.610121
vt 0.599522 0.609897
vt 0.594285 0.580243
vt 0.598848 0.579856
vt 0.603331 0.579523
vt 0.607667 0.579283
vt 0.602151 0.550017
vt 0.611479 0.550025
vt 0.607140 0.549835
vt 0.612302 0.579002
vt 0.615689 0.550134
vt 0.612889 0.534843
vt 0.618567 0.534565
vt 0.652834 0.239288
vt 0.658119 0.232854
vt 0.605429 0.536355
vt 0.661591 0.242811
vt 0.594495 0.538548
vt 0.596427 0.550553
vt 0.588270 0.580504
vt 0.588959 0.551078
vt 0.583418 0.551503
vt 0.385370 0.450024
vt 0.415482 0.452136
vt 0.414479 0.444904
vt 0.448843 0.452509
vt 0.447850 0.446474
vt 0.416158 0.462332
vt 0.449635 0.458617
vt 0.477465 0.463375
vt 0.450361 0.465794
vt 0.478126 0.471363
vt 0.450929 0.479822
vt 0.478361 0.479293
vt 0.491105 0.476973
vt 0.489586 0.468825
vt 0.451095 0.486458
vt 0.478551 0.486608
vt 0.451358 0.491331
vt 0.478950 0.491903
vt 0.491861 0.485941
vt 0.451408 0.496637
vt 0.478953 0.497883
vt 0.493961 0.493504
vt 0.494909 0.500287
vt 0.479202 0.504036
vt 0.494769 0.505198
vt 0.610061 0.028984
vt 0.607057 0.033081
vt 0.644171 0.663312
vt 0.638444 0.664371
vt 0.645551 0.678875
vt 0.451473 0.502833
vt 0.639933 0.679529
vt 0.417547 0.484431
vt 0.417301 0.479049
vt 0.416837 0.473424
vt 0.386233 0.474782
vt 0.385916 0.469724
vt 0.385730 0.464852
vt 0.385627 0.460446
vt 0.385615 0.456097
vt 0.357061 0.455316
vt 0.341955 0.455224
vt 0.585034 0.537892
vt 0.579047 0.536396
vt 0.415792 0.457301
vt 0.416436 0.467839
vt 0.450733 0.472735
vt 0.668916 0.227894
vt 0.340847 0.461972
vt 0.633304 0.680344
vt 0.590678 0.008840
vt 0.587222 0.019090
vt 0.586814 0.015800
vt 0.224944 0.027510
vt 0.939382 0.515596
vt 0.945115 0.517188
vt 0.603519 0.022464
vt 0.964362 0.492419
vt 0.961442 0.500252
vt 0.961822 0.232001
vt 0.964432 0.227152
vt 0.968126 0.231217
vt 0.959292 0.225207
vt 0.973375 0.257602
vt 0.967434 0.259107
vt 0.969386 0.252858
vt 0.364888 0.441816
vt 0.350413 0.437173
vt 0.365779 0.436332
vt 0.351037 0.445162
vt 0.350633 0.441057
vt 0.955347 0.222035
vt 0.959012 0.221002
vt 0.580669 0.989719
vt 0.586166 0.975176
vt 0.583689 0.991044
vt 0.803499 0.885094
vt 0.796299 0.886266
vt 0.799788 0.881581
vt 0.810970 0.890166
vt 0.802114 0.888477
vt 0.807994 0.874979
vt 0.810665 0.884230
vt 0.943923 0.821842
vt 0.948028 0.825464
vt 0.944941 0.826002
vt 0.944595 0.829254
vt 0.949980 0.827684
vt 0.940444 0.826877
vt 0.943457 0.796988
vt 0.948802 0.789169
vt 0.949394 0.795677
vt 0.948827 0.804478
vt 0.934211 0.799160
vt 0.940008 0.790858
vt 0.936387 0.822490
vt 0.950048 0.822030
vt 0.947316 0.814795
vt 0.953176 0.815137
vt 0.938979 0.813946
vt 0.937833 0.819311
vt 0.144889 0.040964
vt 0.148256 0.032929
vt 0.151798 0.033754
vt 0.960029 0.823267
vt 0.957224 0.815418
vt 0.961442 0.814846
vt 0.952144 0.829511
vt 0.954362 0.822238
vt 0.583839 0.843331
vt 0.576945 0.855801
vt 0.572593 0.843404
vt 0.961132 0.802377
vt 0.953451 0.796238
vt 0.955915 0.791649
vt 0.571542 0.857116
vt 0.567357 0.846066
vt 0.560744 0.856770
vt 0.566426 0.861494
vt 0.795681 0.894604
vt 0.801856 0.891617
vt 0.801093 0.896138
vt 0.799345 0.903373
vt 0.792740 0.900187
vt 0.787692 0.896959
vt 0.794264 0.890504
vt 0.796634 0.874815
vt 0.803363 0.870129
vt 0.939225 0.804733
vt 0.141298 0.028613
vt 0.148488 0.027815
vt 0.152181 0.021652
vt 0.147183 0.018474
vt 0.149349 0.014944
vt 0.142070 0.015980
vt 0.143437 0.010699
vt 0.934211 0.824815
vt 0.939382 0.830191
vt 0.141298 0.021303
vt 0.218305 0.432841
vt 0.231643 0.423947
vt 0.232604 0.431925
vt 0.148317 0.022179
vt 0.219332 0.438330
vt 0.233772 0.439060
vt 0.259445 0.429838
vt 0.259951 0.436244
vt 0.219851 0.443946
vt 0.234475 0.445299
vt 0.260509 0.442100
vt 0.235138 0.450611
vt 0.261303 0.447304
vt 0.292245 0.437660
vt 0.293103 0.442299
vt 0.262416 0.452736
vt 0.294087 0.447014
vt 0.263772 0.458590
vt 0.295203 0.452156
vt 0.322757 0.442958
vt 0.323289 0.447621
vt 0.619485 0.944744
vt 0.615687 0.914201
vt 0.621119 0.914374
vt 0.614433 0.944733
vt 0.610933 0.914247
vt 0.612202 0.974851
vt 0.609888 0.944801
vt 0.605443 0.945056
vt 0.607060 0.975513
vt 0.601066 0.945343
vt 0.601226 0.976149
vt 0.607788 0.989649
vt 0.599560 0.990777
vt 0.595521 0.975910
vt 0.968529 0.222692
vt 0.592435 0.991673
vt 0.590385 0.975431
vt 0.962943 0.220908
vt 0.953517 0.225686
vt 0.956778 0.231858
vt 0.956136 0.240445
vt 0.952018 0.231911
vt 0.964165 0.239209
vt 0.959973 0.248940
vt 0.970635 0.245182
vt 0.965002 0.248838
vt 0.970328 0.238254
vt 0.975803 0.244890
vt 0.973411 0.229009
vt 0.976072 0.237469
vt 0.976072 0.251538
vt 0.614689 0.988544
vt 0.617298 0.974240
vt 0.620980 0.988850
vt 0.621908 0.973567
vt 0.321762 0.434296
vt 0.322248 0.438641
vt 0.291594 0.432602
vt 0.291072 0.427448
vt 0.290686 0.422392
vt 0.258781 0.417217
vt 0.259085 0.423169
vt 0.231302 0.416873
vt 0.258456 0.411458
vt 0.213626 0.418917
vt 0.231110 0.410820
vt 0.216388 0.425402
vt 0.258340 0.402500
vt 0.215268 0.404698
vt 0.230217 0.400618
vt 0.218330 0.396812
vt 0.561036 0.884986
vt 0.568191 0.884042
vt 0.290525 0.405500
vt 0.290223 0.412307
vt 0.290446 0.417287
vt 0.320100 0.412050
vt 0.320488 0.416613
vt 0.320821 0.421096
vt 0.321060 0.425432
vt 0.350327 0.419916
vt 0.350509 0.424905
vt 0.350318 0.429244
vt 0.321342 0.430067
vt 0.350210 0.433454
vt 0.365501 0.430654
vt 0.961479 0.257596
vt 0.363988 0.423193
vt 0.361796 0.412260
vt 0.349791 0.414192
vt 0.349266 0.406724
vt 0.319840 0.406035
vt 0.348841 0.401183
vt 0.573853 0.916409
vt 0.571741 0.946522
vt 0.566621 0.917412
vt 0.574226 0.883048
vt 0.579018 0.916099
vt 0.584049 0.915733
vt 0.580334 0.882256
vt 0.585092 0.854426
vt 0.587511 0.881530
vt 0.593081 0.853765
vt 0.594452 0.881158
vt 0.601539 0.880962
vt 0.598690 0.840787
vt 0.601010 0.853530
vt 0.590541 0.842305
vt 0.608175 0.880796
vt 0.608325 0.853340
vt 0.613048 0.880533
vt 0.607658 0.840030
vt 0.613620 0.852941
vt 0.618354 0.880483
vt 0.615221 0.837930
vt 0.619600 0.852938
vt 0.622004 0.836982
vt 0.625753 0.852689
vt 0.787723 0.883985
vt 0.790727 0.879888
vt 0.237032 0.461936
vt 0.221469 0.463316
vt 0.235973 0.456209
vt 0.624550 0.880418
vt 0.220815 0.457698
vt 0.606148 0.914344
vt 0.600766 0.914590
vt 0.595141 0.915054
vt 0.596499 0.945658
vt 0.591441 0.945975
vt 0.586569 0.946162
vt 0.582163 0.946264
vt 0.581361 0.974900
vt 0.577814 0.946276
vt 0.577033 0.974830
vt 0.576941 0.989937
vt 0.362452 0.402799
vt 0.589556 0.915455
vt 0.955046 0.252310
vt 0.587085 0.991411
vt 0.220000 0.451069
vt 0.807106 0.904129
vt 0.810970 0.897169
vt 0.810562 0.893878
vt 0.152953 0.027068
vt 0.945115 0.831783
vt 0.964362 0.807014
vt 0.954602 0.803527
vt 0.073390 0.888039
vt 0.068183 0.879254
vt 0.063720 0.892982
vt 0.767016 0.197469
vt 0.758968 0.193461
vt 0.759179 0.205488
vt 0.763131 0.174221
vt 0.754448 0.185122
vt 0.768323 0.173969
vt 0.941998 0.400227
vt 0.958283 0.401768
vt 0.955620 0.399449
vt 0.951366 0.381277
vt 0.241497 0.995788
vt 0.237741 0.986453
vt 0.236620 0.993848
vt 0.085007 0.373588
vt 0.074991 0.368494
vt 0.070846 0.377633
vt 0.054607 0.367965
vt 0.067772 0.379793
vt 0.892713 0.130216
vt 0.900163 0.144847
vt 0.905585 0.128720
vt 0.065504 0.934762
vt 0.060720 0.950038
vt 0.070669 0.949316
vt 0.075514 0.958916
vt 0.088589 0.969405
vt 0.087181 0.954774
vt 0.243527 0.737869
vt 0.236950 0.736569
vt 0.242955 0.744308
vt 0.244411 0.936426
vt 0.250119 0.932754
vt 0.246755 0.928639
vt 0.270498 0.722976
vt 0.259011 0.732823
vt 0.263209 0.735655
vt 0.424812 0.746648
vt 0.432548 0.756322
vt 0.431156 0.746693
vt 0.522003 0.495644
vt 0.527513 0.509356
vt 0.532417 0.506078
vt 0.536849 0.514024
vt 0.544531 0.502171
vt 0.039152 0.499658
vt 0.034063 0.477674
vt 0.026354 0.485041
vt 0.023794 0.477729
vt 0.019720 0.493939
vt 0.012690 0.479526
vt 0.111438 0.651560
vt 0.112223 0.639900
vt 0.107230 0.652207
vt 0.008855 0.482633
vt 0.104704 0.637258
vt 0.021676 0.512254
vt 0.016993 0.521414
vt 0.022179 0.532789
vt 0.010714 0.497035
vt 0.717540 0.868515
vt 0.709806 0.842376
vt 0.703571 0.847505
vt 0.680315 0.131540
vt 0.657009 0.133338
vt 0.658657 0.145358
vt 0.658302 0.123658
vt 0.644633 0.126619
vt 0.715592 0.840845
vt 0.117159 0.116702
vt 0.122183 0.104129
vt 0.107324 0.113989
vt 0.100747 0.103745
vt 0.059409 0.968260
vt 0.072425 0.975454
vt 0.064794 0.958979
vt 0.175627 0.681266
vt 0.180948 0.683798
vt 0.178772 0.680158
vt 0.080885 0.976546
vt 0.803833 0.327781
vt 0.816393 0.327107
vt 0.810103 0.320845
vt 0.815972 0.314642
vt 0.055281 0.826140
vt 0.052553 0.851587
vt 0.060392 0.823916
vt 0.553209 0.482163
vt 0.553411 0.500041
vt 0.567108 0.480124
vt 0.555703 0.466673
vt 0.569648 0.463498
vt 0.532709 0.519839
vt 0.528345 0.522722
vt 0.533459 0.530468
vt 0.539508 0.524677
vt 0.537080 0.530468
vt 0.960258 0.162429
vt 0.944007 0.165713
vt 0.957139 0.168480
vt 0.438694 0.240210
vt 0.464967 0.242467
vt 0.440165 0.234413
vt 0.943537 0.173417
vt 0.465347 0.234420
vt 0.297736 0.100679
vt 0.315338 0.088991
vt 0.299199 0.085012
vt 0.081363 0.896330
vt 0.082102 0.910518
vt 0.088005 0.902333
vt 0.072248 0.908478
vt 0.093720 0.108214
vt 0.092427 0.099481
vt 0.083944 0.107151
vt 0.072941 0.088065
vt 0.092004 0.091975
vt 0.183260 0.690414
vt 0.179870 0.693672
vt 0.186467 0.706209
vt 0.095384 0.115757
vt 0.176660 0.704896
vt 0.181491 0.719557
vt 0.176911 0.803051
vt 0.179130 0.780609
vt 0.170409 0.785183
vt 0.542284 0.486527
vt 0.051599 0.955808
vt 0.098547 0.128649
vt 0.162085 0.717818
vt 0.159083 0.703755
vt 0.136965 0.711517
vt 0.153363 0.732978
vt 0.651632 0.210744
vt 0.662481 0.211829
vt 0.665692 0.200570
vt 0.129525 0.118666
vt 0.119190 0.128664
vt 0.515781 0.481999
vt 0.527742 0.470617
vt 0.519782 0.465826
vt 0.038624 0.906656
vt 0.051285 0.930330
vt 0.059641 0.924314
vt 0.059192 0.911520
vt 0.074551 0.922911
vt 0.070523 0.928333
vt 0.384791 0.416770
vt 0.373008 0.407723
vt 0.372102 0.417087
vt 0.973779 0.204935
vt 0.981887 0.214723
vt 0.984635 0.206505
vt 0.170482 0.651086
vt 0.185191 0.649965
vt 0.176893 0.642075
vt 0.827378 0.437039
vt 0.849185 0.436203
vt 0.828042 0.429276
vt 0.766240 0.211414
vt 0.759475 0.210392
vt 0.765825 0.218868
vt 0.759423 0.219957
vt 0.722328 0.092740
vt 0.723870 0.076157
vt 0.714043 0.077763
vt 0.292115 0.848744
vt 0.299674 0.849152
vt 0.301347 0.832189
vt 0.075292 0.436968
vt 0.085283 0.447826
vt 0.087645 0.437155
vt 0.601364 0.759155
vt 0.616390 0.749669
vt 0.594770 0.754845
vt 0.728830 0.094544
vt 0.090124 0.447711
vt 0.757534 0.175430
vt 0.759490 0.160813
vt 0.755932 0.161321
vt 0.753987 0.170988
vt 0.751818 0.163479
vt 0.205020 0.136795
vt 0.205133 0.122998
vt 0.199528 0.138736
vt 0.763337 0.160313
vt 0.755664 0.149274
vt 0.753517 0.141631
vt 0.751818 0.145389
vt 0.735099 0.095044
vt 0.740294 0.072765
vt 0.734817 0.072695
vt 0.746652 0.095255
vt 0.740599 0.095141
vt 0.099141 0.437329
vt 0.096604 0.447338
vt 0.101101 0.450186
vt 0.072114 0.828430
vt 0.078174 0.822833
vt 0.072114 0.820730
vt 0.107861 0.437461
vt 0.108293 0.449485
vt 0.674736 0.667747
vt 0.669420 0.658090
vt 0.668875 0.668765
vt 0.664095 0.658329
vt 0.675640 0.657009
vt 0.681674 0.656733
vt 0.124210 0.437708
vt 0.114624 0.448146
vt 0.120843 0.449135
vt 0.034797 0.374212
vt 0.028850 0.376750
vt 0.028125 0.380798
vt 0.044918 0.360020
vt 0.046133 0.367264
vt 0.847439 0.384831
vt 0.828088 0.379877
vt 0.830075 0.390242
vt 0.812665 0.358808
vt 0.816492 0.373495
vt 0.826123 0.360829
vt 0.010027 0.855875
vt 0.017508 0.854483
vt 0.011439 0.851576
vt 0.972371 0.411898
vt 0.962256 0.399274
vt 0.680831 0.774201
vt 0.686822 0.761662
vt 0.681329 0.764092
vt 0.668981 0.764620
vt 0.671298 0.756699
vt 0.675360 0.752078
vt 0.872001 0.103385
vt 0.883416 0.089532
vt 0.868974 0.095873
vt 0.670247 0.775160
vt 0.656976 0.754706
vt 0.665543 0.777664
vt 0.144196 0.775715
vt 0.160956 0.784060
vt 0.145978 0.772613
vt 0.098041 0.669699
vt 0.106998 0.673051
vt 0.102641 0.665889
vt 0.213647 0.703099
vt 0.223017 0.683392
vt 0.209187 0.682889
vt 0.225228 0.705006
vt 0.234985 0.693717
vt 0.305679 0.070700
vt 0.726044 0.114796
vt 0.717351 0.112506
vt 0.718011 0.122541
vt 0.651504 0.759015
vt 0.660558 0.779198
vt 0.886543 0.443513
vt 0.875926 0.449414
vt 0.892660 0.456511
vt 0.866852 0.437695
vt 0.887797 0.436873
vt 0.071699 0.549812
vt 0.057113 0.564073
vt 0.071699 0.565394
vt 0.635124 0.772904
vt 0.649522 0.774039
vt 0.639643 0.767134
vt 0.647191 0.762639
vt 0.618969 0.768830
vt 0.632161 0.760737
vt 0.865689 0.442948
vt 0.864538 0.446913
vt 0.301347 0.888811
vt 0.295401 0.885804
vt 0.297968 0.899795
vt 0.657126 0.741665
vt 0.647104 0.746586
vt 0.736703 0.131480
vt 0.733199 0.116065
vt 0.728808 0.134364
vt 0.634219 0.792095
vt 0.650556 0.794438
vt 0.632701 0.786289
vt 0.118025 0.647801
vt 0.117075 0.652943
vt 0.851458 0.625539
vt 0.863050 0.607439
vt 0.854260 0.603364
vt 0.861690 0.597385
vt 0.720907 0.838539
vt 0.732602 0.856949
vt 0.725321 0.836950
vt 0.845560 0.603822
vt 0.849483 0.583598
vt 0.855001 0.584171
vt 0.155979 0.825483
vt 0.161538 0.838160
vt 0.163724 0.825835
vt 0.088796 0.369736
vt 0.093290 0.379308
vt 0.722742 0.737767
vt 0.725513 0.756797
vt 0.729153 0.739851
vt 0.761704 0.134204
vt 0.757124 0.140397
vt 0.761593 0.146421
vt 0.730894 0.753965
vt 0.439163 0.263925
vt 0.441515 0.268836
vt 0.465731 0.272904
vt 0.759248 0.134006
vt 0.760578 0.120068
vt 0.754791 0.122908
vt 0.468973 0.267225
vt 0.462615 0.257896
vt 0.439206 0.257889
vt 0.945030 0.148943
vt 0.955930 0.143668
vt 0.945597 0.139656
vt 0.235134 0.707831
vt 0.226236 0.725647
vt 0.235543 0.722741
vt 0.008475 0.157692
vt 0.014170 0.149614
vt 0.002930 0.145092
vt 0.322508 0.638375
vt 0.324094 0.626287
vt 0.319072 0.629676
vt 0.293308 0.622047
vt 0.294693 0.633292
vt 0.299263 0.628474
vt 0.723519 0.571882
vt 0.716410 0.584595
vt 0.728135 0.580181
vt 0.730796 0.571479
vt 0.739453 0.578615
vt 0.149180 0.406499
vt 0.158930 0.412664
vt 0.161789 0.401158
vt 0.247658 0.917787
vt 0.241619 0.907954
vt 0.237066 0.917362
vt 0.736554 0.570706
vt 0.228923 0.898218
vt 0.156374 0.393360
vt 0.146699 0.400485
vt 0.714995 0.573148
vt 0.712152 0.585696
vt 0.632275 0.245763
vt 0.637907 0.242120
vt 0.633928 0.240223
vt 0.626378 0.236224
vt 0.052753 0.492539
vt 0.050847 0.503062
vt 0.878406 0.325078
vt 0.886743 0.333708
vt 0.884540 0.323268
vt 0.133704 0.437852
vt 0.128217 0.449977
vt 0.134077 0.447553
vt 0.890863 0.330409
vt 0.890120 0.320875
vt 0.900233 0.320556
vt 0.154906 0.452864
vt 0.143932 0.438007
vt 0.144311 0.451002
vt 0.399470 0.171891
vt 0.422918 0.170529
vt 0.425622 0.168399
vt 0.425244 0.163678
vt 0.545452 0.452992
vt 0.541132 0.469631
vt 0.531074 0.453629
vt 0.287418 0.087867
vt 0.285096 0.070616
vt 0.276636 0.088945
vt 0.294244 0.071495
vt 0.030789 0.546282
vt 0.025707 0.546863
vt 0.014745 0.547842
vt 0.795881 0.578421
vt 0.803160 0.570931
vt 0.794429 0.565750
vt 0.700628 0.536953
vt 0.694515 0.550924
vt 0.701466 0.554136
vt 0.706882 0.539256
vt 0.710016 0.556918
vt 0.277314 0.706466
vt 0.278820 0.698019
vt 0.268944 0.715913
vt 0.279470 0.712225
vt 0.013867 0.596084
vt 0.007980 0.583096
vt 0.004482 0.598014
vt 0.006546 0.608004
vt 0.285203 0.699093
vt 0.279579 0.673283
vt 0.283368 0.694697
vt 0.286581 0.675366
vt 0.808759 0.580348
vt 0.813454 0.603271
vt 0.808933 0.604241
vt 0.814231 0.581212
vt 0.813490 0.564052
vt 0.197434 0.191679
vt 0.209032 0.204205
vt 0.203081 0.187296
vt 0.289569 0.885178
vt 0.285603 0.892981
vt 0.293215 0.898210
vt 0.298665 0.869576
vt 0.292244 0.869525
vt 0.867467 0.426523
vt 0.850547 0.432225
vt 0.866798 0.431169
vt 0.847540 0.446232
vt 0.832380 0.455857
vt 0.846136 0.453815
vt 0.618529 0.755419
vt 0.630276 0.746672
vt 0.055584 0.939119
vt 0.053752 0.951332
vt 0.664563 0.192797
vt 0.675415 0.207113
vt 0.674415 0.203208
vt 0.583992 0.190187
vt 0.585637 0.201067
vt 0.591601 0.193773
vt 0.597685 0.200873
vt 0.589899 0.209026
vt 0.580240 0.202407
vt 0.093900 0.630237
vt 0.096232 0.634611
vt 0.108459 0.626938
vt 0.022797 0.467531
vt 0.466196 0.141708
vt 0.478740 0.129550
vt 0.465424 0.133336
vt 0.392065 0.225283
vt 0.377691 0.221142
vt 0.365235 0.227169
vt 0.394656 0.219976
vt 0.379159 0.214334
vt 0.701244 0.514997
vt 0.710122 0.492750
vt 0.706081 0.491084
vt 0.693677 0.511004
vt 0.698235 0.483006
vt 0.820303 0.658616
vt 0.809375 0.633785
vt 0.814111 0.660994
vt 0.715973 0.503324
vt 0.717788 0.489203
vt 0.829483 0.629079
vt 0.827555 0.656153
vt 0.834336 0.655326
vt 0.839268 0.649906
vt 0.901554 0.367547
vt 0.905168 0.390353
vt 0.905414 0.365693
vt 0.037001 0.527717
vt 0.642949 0.117031
vt 0.633691 0.120132
vt 0.021917 0.564170
vt 0.019756 0.561634
vt 0.131984 0.736523
vt 0.125741 0.710947
vt 0.116291 0.733491
vt 0.139455 0.692756
vt 0.103013 0.714819
vt 0.118818 0.694458
vt 0.131110 0.096757
vt 0.119540 0.097478
vt 0.129426 0.085937
vt 0.117572 0.091726
vt 0.098201 0.740398
vt 0.115628 0.758651
vt 0.130046 0.765423
vt 0.129881 0.757896
vt 0.150134 0.749707
vt 0.147304 0.758896
vt 0.115489 0.775375
vt 0.130297 0.769932
vt 0.130369 0.772605
vt 0.004061 0.853434
vt 0.009839 0.847951
vt 0.108948 0.779891
vt 0.116407 0.781361
vt 0.025654 0.849885
vt 0.037894 0.842025
vt 0.025033 0.847080
vt 0.041199 0.844326
vt 0.026021 0.853410
vt 0.045704 0.847359
vt 0.044716 0.825495
vt 0.049323 0.825983
vt 0.043994 0.808730
vt 0.049623 0.807794
vt 0.055201 0.805813
vt 0.047364 0.795194
vt 0.054273 0.793706
vt 0.062354 0.803860
vt 0.046884 0.785133
vt 0.054334 0.785133
vt 0.062940 0.792354
vt 0.092535 0.362007
vt 0.090895 0.366095
vt 0.104290 0.368979
vt 0.104290 0.363377
vt 0.078886 0.359816
vt 0.080971 0.355563
vt 0.094323 0.357792
vt 0.066239 0.341623
vt 0.083392 0.351485
vt 0.513137 0.499126
vt 0.520104 0.515519
vt 0.523565 0.512487
vt 0.517846 0.497670
vt 0.505076 0.490776
vt 0.511408 0.489854
vt 0.515938 0.489380
vt 0.514164 0.462557
vt 0.502854 0.481869
vt 0.509865 0.481860
vt 0.517113 0.450626
vt 0.508066 0.459827
vt 0.521903 0.452148
vt 0.817955 0.332375
vt 0.806144 0.331891
vt 0.806392 0.336088
vt 0.819830 0.344529
vt 0.803201 0.344346
vt 0.912549 0.141019
vt 0.805348 0.368854
vt 0.059175 0.885485
vt 0.556178 0.453611
vt 0.046725 0.899106
vt 0.033787 0.881830
vt 0.053474 0.871147
vt 0.029573 0.866666
vt 0.021661 0.887675
vt 0.016515 0.871471
vt 0.016029 0.860242
vt 0.009252 0.872579
vt 0.002962 0.872683
vt 0.014490 0.891135
vt 0.097694 0.763642
vt 0.102399 0.762587
vt 0.111184 0.775072
vt 0.520286 0.489172
vt 0.053224 0.374167
vt 0.045883 0.373999
vt 0.026100 0.915506
vt 0.008958 0.895165
vt 0.092630 0.739874
vt 0.043025 0.934780
vt 0.031649 0.911909
vt 0.097604 0.711450
vt 0.831170 0.330037
vt 0.834537 0.341377
vt 0.828639 0.321512
vt 0.116704 0.083784
vt 0.092261 0.083508
vt 0.079492 0.080203
vt 0.059613 0.351222
vt 0.052977 0.338538
vt 0.046667 0.343569
vt 0.126259 0.078183
vt 0.114157 0.076970
vt 0.057411 0.355586
vt 0.044023 0.353792
vt 0.055733 0.360317
vt 0.077149 0.363888
vt 0.063099 0.346502
vt 0.104290 0.378120
vt 0.041952 0.785133
vt 0.042188 0.795370
vt 0.544722 0.516248
vt 0.038648 0.809074
vt 0.161761 0.809308
vt 0.168098 0.804947
vt 0.157148 0.789682
vt 0.171530 0.817290
vt 0.041163 0.825599
vt 0.026696 0.859336
vt 0.116527 0.689037
vt 0.155527 0.690286
vt 0.157129 0.694847
vt 0.167921 0.684802
vt 0.171430 0.691571
vt 0.600654 0.189259
vt 0.614672 0.182635
vt 0.593139 0.184645
vt 0.012490 0.569575
vt 0.616602 0.193468
vt 0.618915 0.202913
vt 0.605825 0.213199
vt 0.679018 0.186141
vt 0.690410 0.191738
vt 0.048021 0.482449
vt 0.040377 0.474835
vt 0.599149 0.220716
vt 0.617102 0.226274
vt 0.596373 0.226413
vt 0.611652 0.232704
vt 0.585178 0.214504
vt 0.622883 0.241656
vt 0.618471 0.245714
vt 0.608143 0.237412
vt 0.056530 0.502039
vt 0.627631 0.217047
vt 0.640415 0.202724
vt 0.636224 0.225386
vt 0.641387 0.230441
vt 0.644612 0.233945
vt 0.324925 0.103646
vt 0.300079 0.114365
vt 0.328620 0.111176
vt 0.337768 0.105923
vt 0.322465 0.084893
vt 0.332571 0.098739
vt 0.641087 0.190235
vt 0.666793 0.182635
vt 0.665298 0.185171
vt 0.826551 0.449692
vt 0.823509 0.442593
vt 0.375980 0.332875
vt 0.379621 0.314024
vt 0.375980 0.313534
vt 0.062443 0.542568
vt 0.069887 0.528753
vt 0.385777 0.299114
vt 0.379583 0.301459
vt 0.385415 0.310402
vt 0.386977 0.320164
vt 0.043263 0.526745
vt 0.639210 0.185619
vt 0.035329 0.546860
vt 0.616250 0.187206
vt 0.659340 0.107416
vt 0.658757 0.115534
vt 0.681097 0.106966
vt 0.684045 0.113014
vt 0.683656 0.121268
vt 0.797080 0.587081
vt 0.798699 0.603165
vt 0.802175 0.621549
vt 0.640608 0.106617
vt 0.899082 0.346394
vt 0.906319 0.342454
vt 0.710274 0.782210
vt 0.711779 0.760049
vt 0.703450 0.784320
vt 0.706846 0.805258
vt 0.694947 0.808281
vt 0.716225 0.780129
vt 0.713591 0.802745
vt 0.717986 0.819480
vt 0.712757 0.820159
vt 0.719236 0.800828
vt 0.719600 0.758158
vt 0.721917 0.777896
vt 0.726908 0.776060
vt 0.724735 0.798609
vt 0.722981 0.818340
vt 0.885989 0.373037
vt 0.883374 0.355652
vt 0.880666 0.374523
vt 0.883176 0.389935
vt 0.878406 0.390547
vt 0.845679 0.625738
vt 0.852311 0.643553
vt 0.857047 0.642842
vt 0.888285 0.389701
vt 0.893149 0.389953
vt 0.891577 0.371231
vt 0.887962 0.353222
vt 0.892919 0.350705
vt 0.896677 0.369225
vt 0.833786 0.627662
vt 0.842994 0.647095
vt 0.839188 0.626449
vt 0.847369 0.644907
vt 0.897699 0.390614
vt 0.832681 0.604174
vt 0.838212 0.603907
vt 0.838162 0.583570
vt 0.843466 0.583894
vt 0.838654 0.560895
vt 0.843595 0.560688
vt 0.831820 0.560121
vt 0.833256 0.583062
vt 0.826914 0.603592
vt 0.826734 0.582293
vt 0.820741 0.603127
vt 0.823206 0.629300
vt 0.818696 0.563131
vt 0.820769 0.582039
vt 0.825344 0.561995
vt 0.882447 0.335856
vt 0.705623 0.820992
vt 0.710704 0.737649
vt 0.905991 0.320699
vt 0.815848 0.630648
vt 0.446203 0.177289
vt 0.467727 0.171127
vt 0.445632 0.171553
vt 0.445767 0.164223
vt 0.467357 0.163489
vt 0.445801 0.157898
vt 0.466687 0.149225
vt 0.468526 0.156963
vt 0.425668 0.156717
vt 0.445506 0.151997
vt 0.403638 0.162056
vt 0.424877 0.150519
vt 0.443867 0.137599
vt 0.445050 0.145223
vt 0.423589 0.144542
vt 0.404243 0.150657
vt 0.421476 0.138512
vt 0.460363 0.118424
vt 0.442192 0.131384
vt 0.465056 0.125977
vt 0.418938 0.133432
vt 0.439433 0.123390
vt 0.402384 0.141963
vt 0.416525 0.129048
vt 0.458441 0.104263
vt 0.436460 0.116023
vt 0.458707 0.110616
vt 0.414338 0.125011
vt 0.434228 0.110553
vt 0.399014 0.135387
vt 0.450131 0.215684
vt 0.467053 0.227580
vt 0.452916 0.212526
vt 0.428625 0.198240
vt 0.400788 0.196315
vt 0.426476 0.203131
vt 0.447575 0.219571
vt 0.423751 0.208551
vt 0.049117 0.398381
vt 0.030547 0.392127
vt 0.029182 0.400274
vt 0.050298 0.404650
vt 0.028899 0.406860
vt 0.420315 0.215137
vt 0.398898 0.202862
vt 0.396289 0.211106
vt 0.417811 0.222758
vt 0.444971 0.223743
vt 0.442159 0.228649
vt 0.164680 0.438321
vt 0.174744 0.450042
vt 0.166426 0.452864
vt 0.181558 0.438576
vt 0.173353 0.438452
vt 0.955580 0.176214
vt 0.943049 0.181406
vt 0.953610 0.182709
vt 0.666798 0.743236
vt 0.676151 0.743666
vt 0.961320 0.153759
vt 0.944573 0.156441
vt 0.462720 0.248992
vt 0.438098 0.246928
vt 0.438847 0.251693
vt 0.414363 0.241858
vt 0.414150 0.247576
vt 0.390492 0.253774
vt 0.389258 0.247059
vt 0.390402 0.239500
vt 0.414090 0.254071
vt 0.361038 0.241991
vt 0.362813 0.234479
vt 0.391068 0.232347
vt 0.415120 0.235134
vt 0.416356 0.228500
vt 0.277136 0.648844
vt 0.275652 0.622551
vt 0.268129 0.622204
vt 0.269739 0.647757
vt 0.260607 0.621767
vt 0.273221 0.670658
vt 0.266132 0.668355
vt 0.261892 0.646438
vt 0.721245 0.524362
vt 0.730024 0.507942
vt 0.723457 0.506632
vt 0.726565 0.486671
vt 0.739453 0.474634
vt 0.713900 0.521297
vt 0.714417 0.540497
vt 0.706771 0.517795
vt 0.718078 0.557986
vt 0.721982 0.542011
vt 0.725510 0.558294
vt 0.731882 0.559100
vt 0.729418 0.542734
vt 0.258668 0.706614
vt 0.271043 0.692832
vt 0.265463 0.688540
vt 0.727580 0.527182
vt 0.253116 0.723854
vt 0.262809 0.711532
vt 0.250233 0.718601
vt 0.284562 0.650256
vt 0.360579 0.258338
vt 0.357810 0.252971
vt 0.370770 0.266099
vt 0.414348 0.261134
vt 0.389620 0.261705
vt 0.413711 0.268578
vt 0.064744 0.396739
vt 0.067460 0.402636
vt 0.051766 0.410708
vt 0.030548 0.412664
vt 0.302354 0.713654
vt 0.299079 0.697644
vt 0.295712 0.713690
vt 0.299476 0.732623
vt 0.293308 0.733884
vt 0.309853 0.712860
vt 0.305413 0.695942
vt 0.307289 0.731534
vt 0.317554 0.710635
vt 0.312024 0.693955
vt 0.315772 0.729344
vt 0.313251 0.676807
vt 0.319143 0.692219
vt 0.319577 0.674255
vt 0.324982 0.689944
vt 0.323702 0.707879
vt 0.083472 0.394519
vt 0.101831 0.388148
vt 0.080797 0.388890
vt 0.061680 0.390949
vt 0.086223 0.400486
vt 0.103728 0.394021
vt 0.088993 0.406026
vt 0.106375 0.399542
vt 0.070503 0.407599
vt 0.307228 0.679594
vt 0.301602 0.666718
vt 0.301019 0.681308
vt 0.306697 0.663909
vt 0.303983 0.647780
vt 0.312376 0.661035
vt 0.309469 0.645542
vt 0.318414 0.657766
vt 0.323816 0.654264
vt 0.317004 0.642301
vt 0.325989 0.672102
vt 0.125403 0.393563
vt 0.140918 0.388860
vt 0.122134 0.388517
vt 0.127410 0.399338
vt 0.144341 0.394489
vt 0.129086 0.405150
vt 0.109161 0.405503
vt 0.298729 0.650320
vt 0.306108 0.631470
vt 0.486739 0.144735
vt 0.490148 0.153659
vt 0.495570 0.164919
vt 0.495005 0.161495
vt 0.422610 0.176652
vt 0.698330 0.822924
vt 0.706037 0.127779
vt 0.705350 0.120632
vt 0.698352 0.110160
vt 0.694098 0.533305
vt 0.101122 0.653429
vt 0.098219 0.640387
vt 0.093900 0.658122
vt 0.290934 0.910115
vt 0.295434 0.914852
vt 0.299375 0.917760
vt 0.015984 0.571904
vt 0.059732 0.538888
vt 0.046574 0.556690
vt 0.050887 0.560821
vt 0.592430 0.745188
vt 0.807323 0.447236
vt 0.808516 0.456511
vt 0.848631 0.441357
vt 0.812084 0.431480
vt 0.814722 0.422222
vt 0.889682 0.431208
vt 0.889584 0.421401
vt 0.850340 0.426238
vt 0.867460 0.418300
vt 0.887168 0.412467
vt 0.830944 0.424255
vt 0.605047 0.785674
vt 0.604419 0.793285
vt 0.618776 0.790833
vt 0.610152 0.780426
vt 0.619472 0.783045
vt 0.620279 0.779311
vt 0.632317 0.779709
vt 0.619588 0.774627
vt 0.051860 0.436614
vt 0.057523 0.448544
vt 0.058116 0.436708
vt 0.064207 0.448838
vt 0.609050 0.775816
vt 0.071206 0.449754
vt 0.065191 0.436815
vt 0.618365 0.761360
vt 0.606942 0.770523
vt 0.077748 0.450078
vt 0.604513 0.764579
vt 0.046438 0.443269
vt 0.046014 0.436525
vt 0.040499 0.436442
vt 0.812281 0.436422
vt 0.286075 0.870118
vt 0.746141 0.117351
vt 0.284057 0.886838
vt 0.661664 0.716840
vt 0.666352 0.730767
vt 0.668957 0.714810
vt 0.673733 0.729645
vt 0.678852 0.728402
vt 0.678164 0.718876
vt 0.681657 0.742877
vt 0.191400 0.195993
vt 0.181376 0.185742
vt 0.186443 0.200193
vt 0.198203 0.214055
vt 0.194662 0.216469
vt 0.187539 0.182319
vt 0.203859 0.211046
vt 0.190493 0.157333
vt 0.193641 0.177654
vt 0.196882 0.155661
vt 0.201818 0.171337
vt 0.663765 0.700953
vt 0.660228 0.685650
vt 0.657093 0.702790
vt 0.655800 0.718761
vt 0.670540 0.698540
vt 0.666199 0.683798
vt 0.675695 0.700583
vt 0.672690 0.682114
vt 0.681865 0.701158
vt 0.678906 0.680568
vt 0.682453 0.717690
vt 0.186239 0.141394
vt 0.183302 0.166490
vt 0.188559 0.118804
vt 0.192424 0.139925
vt 0.193942 0.119618
vt 0.684915 0.679260
vt 0.688026 0.657237
vt 0.663462 0.669535
vt 0.202760 0.153509
vt 0.658580 0.732467
vt 0.008243 0.563545
vt 0.708540 0.570668
vt 0.837540 0.407296
vt 0.852852 0.403064
vt 0.213091 0.466779
vt 0.203135 0.481292
vt 0.213908 0.482097
vt 0.196790 0.858010
vt 0.182098 0.849779
vt 0.189267 0.866380
vt 0.170606 0.461187
vt 0.184128 0.479872
vt 0.185182 0.457983
vt 0.202078 0.822946
vt 0.191722 0.807076
vt 0.187972 0.821327
vt 0.149676 0.477298
vt 0.149656 0.462987
vt 0.213036 0.792916
vt 0.197534 0.787732
vt 0.125476 0.475490
vt 0.126420 0.461574
vt 0.203857 0.766176
vt 0.101408 0.473692
vt 0.101191 0.460079
vt 0.219339 0.768565
vt 0.210698 0.742841
vt 0.080489 0.472129
vt 0.081649 0.458760
vt 0.228337 0.745655
vt 0.061292 0.457983
vt 0.212977 0.723638
vt 0.491414 0.400652
vt 0.510807 0.413622
vt 0.511990 0.400994
vt 0.466012 0.400904
vt 0.490116 0.414139
vt 0.422870 0.400652
vt 0.444904 0.415268
vt 0.444198 0.400842
vt 0.466396 0.414731
vt 0.974670 0.198399
vt 0.984046 0.194115
vt 0.975416 0.192928
vt 0.984004 0.186792
vt 0.215988 0.073227
vt 0.220946 0.056868
vt 0.207122 0.060241
vt 0.016617 0.021538
vt 0.011209 0.010302
vt 0.015497 0.022136
vt 0.129177 0.024512
vt 0.128144 0.022078
vt 0.127806 0.023476
vt 0.117963 0.670226
vt 0.124234 0.662022
vt 0.116658 0.663240
vt 0.128381 0.658296
vt 0.133964 0.653558
vt 0.129576 0.651769
vt 0.984635 0.198999
vt 0.139560 0.630367
vt 0.155734 0.647364
vt 0.161100 0.635959
vt 0.422829 0.415820
vt 0.400522 0.402356
vt 0.400785 0.416370
vt 0.383857 0.404133
vt 0.195204 0.615594
vt 0.192154 0.638713
vt 0.202940 0.632517
vt 0.211301 0.655517
vt 0.201253 0.658630
vt 0.398817 0.177781
vt 0.628552 0.252499
vt 0.342452 0.101400
vt 0.341040 0.093710
vt 0.703778 0.574353
vt 0.153096 0.388754
vt 0.014056 0.159034
vt 0.771156 0.123046
vt 0.770489 0.135039
vt 0.769808 0.147275
vt 0.769072 0.160514
vt 0.848136 0.557745
vt 0.851611 0.558187
vt 0.728645 0.860296
vt 0.004482 0.484548
vt 0.633982 0.754865
vt 0.640132 0.750215
vt 0.739716 0.116793
vt 0.654300 0.773743
vt 0.205530 0.840137
vt 0.210725 0.816694
vt 0.288451 0.825005
vt 0.285468 0.848190
vt 0.728781 0.075481
vt 0.521194 0.483302
vt 0.133156 0.109732
vt 0.135317 0.115948
vt 0.131868 0.102841
vt 0.125907 0.111015
vt 0.958119 0.397744
vt 0.648612 0.788189
vt 0.648429 0.783377
vt 0.868188 0.957185
vt 0.855686 0.959199
vt 0.851814 0.966506
vt 0.387671 0.270252
vt 0.373226 0.272904
vt 0.710285 0.489233
vt 0.696108 0.104710
vt 0.735423 0.137599
vt 0.908311 0.127236
vt 0.011460 0.509048
vt 0.034797 0.381832
vt 0.897158 0.097762
vt 0.894151 0.086533
vt 0.649131 0.778472
vt 0.884600 0.109621
vt 0.899364 0.107830
vt 0.811308 0.557170
vt 0.698221 0.563606
vt 0.324502 0.720783
vt 0.294011 0.825251
vt 0.315061 0.078948
vt 0.312117 0.067811
vt 0.239738 0.064135
vt 0.253215 0.054978
vt 0.236515 0.059415
vt 0.252972 0.045501
vt 0.257313 0.050643
vt 0.255051 0.065911
vt 0.259349 0.055685
vt 0.296154 0.031225
vt 0.287327 0.037197
vt 0.296827 0.036946
vt 0.279461 0.042956
vt 0.289154 0.042642
vt 0.300390 0.046704
vt 0.300328 0.041048
vt 0.287330 0.051513
vt 0.659230 0.786777
vt 0.803035 0.556733
vt 0.004743 0.588613
vt 0.384945 0.289022
vt 0.686986 0.204927
vt 0.688823 0.200073
vt 0.061732 0.524472
vt 0.051187 0.535186
vt 0.279273 0.103179
vt 0.286549 0.112515
vt 0.973081 0.680820
vt 0.977423 0.667701
vt 0.970288 0.680348
vt 0.969747 0.667765
vt 0.986508 0.671961
vt 0.985134 0.679200
vt 0.986437 0.792417
vt 0.971927 0.801881
vt 0.980092 0.806043
vt 0.438200 0.027026
vt 0.438200 0.012107
vt 0.431788 0.016401
vt 0.971528 0.796757
vt 0.088199 0.038068
vt 0.095564 0.024662
vt 0.092059 0.026142
vt 0.090460 0.023774
vt 0.093124 0.022334
vt 0.076258 0.017708
vt 0.101434 0.010042
vt 0.092081 0.008382
vt 0.869526 0.966350
vt 0.861368 0.975407
vt 0.109245 0.011749
vt 0.430848 0.009105
vt 0.841327 0.965583
vt 0.860677 0.992575
vt 0.877051 0.977415
vt 0.197849 0.843889
vt 0.203302 0.465034
vt 0.192653 0.480509
vt 0.189453 0.829923
vt 0.185406 0.840447
vt 0.803201 0.357742
vt 0.158722 0.734966
vt 0.168995 0.724933
vt 0.162885 0.779394
vt 0.151157 0.768168
vt 0.170859 0.781014
vt 0.532437 0.476078
vt 0.618019 0.727281
vt 0.613575 0.733576
vt 0.625754 0.730153
vt 0.904479 0.482947
vt 0.914685 0.475732
vt 0.902510 0.475047
vt 0.638933 0.732671
vt 0.635931 0.723929
vt 0.628101 0.723391
vt 0.613575 0.710322
vt 0.626909 0.717212
vt 0.627378 0.710145
vt 0.619547 0.702705
vt 0.632409 0.703664
vt 0.624430 0.695027
vt 0.634928 0.716335
vt 0.906725 0.427043
vt 0.915329 0.435843
vt 0.921779 0.432574
vt 0.634206 0.698137
vt 0.930171 0.441108
vt 0.920976 0.439756
vt 0.923091 0.445171
vt 0.932770 0.451253
vt 0.923634 0.465755
vt 0.930654 0.468321
vt 0.923001 0.481298
vt 0.924922 0.451778
vt 0.915306 0.463570
vt 0.911560 0.467023
vt 0.916677 0.450003
vt 0.902510 0.435032
vt 0.912065 0.440110
vt 0.643217 0.704649
vt 0.644959 0.718562
vt 0.903618 0.459899
vt 0.904360 0.446062
vt 0.178554 0.685316
vt 0.063533 0.093225
vt 0.070287 0.100030
vt 0.070188 0.991816
vt 0.064213 0.991921
vt 0.065473 0.994939
vt 0.063696 0.983062
vt 0.067988 0.990011
vt 0.064252 0.088244
vt 0.070868 0.072377
vt 0.082732 0.935097
vt 0.049221 0.941326
vt 0.125416 0.682321
vt 0.140591 0.685815
vt 0.137868 0.681208
vt 0.682155 0.162435
vt 0.679284 0.163782
vt 0.681271 0.165444
vt 0.720507 0.049280
vt 0.723567 0.047421
vt 0.720697 0.046066
vt 0.178401 0.922190
vt 0.173694 0.922581
vt 0.176031 0.924493
vt 0.175128 0.919787
vt 0.163291 0.924796
vt 0.177398 0.943971
vt 0.188744 0.929034
vt 0.184596 0.938439
vt 0.177225 0.908774
vt 0.188744 0.915630
vt 0.251594 0.737626
vt 0.166635 0.911891
vt 0.181620 0.417653
vt 0.184531 0.405006
vt 0.171727 0.410544
vt 0.719590 0.032377
vt 0.738881 0.041132
vt 0.228330 0.784147
vt 0.240017 0.778246
vt 0.227248 0.774109
vt 0.251323 0.751544
vt 0.253712 0.741981
vt 0.103855 0.292250
vt 0.115746 0.295675
vt 0.106624 0.287982
vt 0.675917 0.175145
vt 0.664777 0.168261
vt 0.528456 0.320260
vt 0.513071 0.320199
vt 0.524460 0.332983
vt 0.067790 0.510934
vt 0.071755 0.518968
vt 0.073859 0.506089
vt 0.066010 0.248350
vt 0.076844 0.251508
vt 0.070775 0.240762
vt 0.067790 0.494021
vt 0.252505 0.486190
vt 0.256928 0.484864
vt 0.254715 0.483267
vt 0.254993 0.468590
vt 0.274313 0.483816
vt 0.270191 0.492193
vt 0.080615 0.498459
vt 0.255679 0.487370
vt 0.260085 0.501771
vt 0.246973 0.499972
vt 0.238084 0.473704
vt 0.236968 0.497694
vt 0.682266 0.178246
vt 0.223359 0.058076
vt 0.221439 0.055186
vt 0.068349 0.024938
vt 0.066106 0.026709
vt 0.067385 0.028410
vt 0.720181 0.956151
vt 0.718141 0.970323
vt 0.734111 0.965078
vt 0.049848 0.031576
vt 0.064180 0.040943
vt 0.125491 0.037218
vt 0.115193 0.026043
vt 0.247549 0.939459
vt 0.242429 0.945750
vt 0.246301 0.946289
vt 0.243070 0.954272
vt 0.248458 0.955880
vt 0.246841 0.962775
vt 0.241077 0.961872
vt 0.245341 0.969301
vt 0.240524 0.971161
vt 0.243043 0.977719
vt 0.244719 0.987445
vt 0.236973 0.966278
vt 0.236926 0.977226
vt 0.237445 0.949255
vt 0.235936 0.932830
vt 0.197363 0.736082
vt 0.187841 0.738461
vt 0.198972 0.743569
vt 0.201309 0.453491
vt 0.195601 0.441799
vt 0.193816 0.450434
vt 0.207190 0.452752
vt 0.206607 0.446776
vt 0.228923 0.991768
vt 0.231225 0.980080
vt 0.205917 0.434731
vt 0.196335 0.430496
vt 0.207190 0.442972
vt 0.204871 0.421647
vt 0.194886 0.419244
vt 0.206341 0.429477
vt 0.421967 0.742634
vt 0.422008 0.733034
vt 0.430163 0.727450
vt 0.420165 0.725306
vt 0.420144 0.757000
vt 0.425432 0.762322
vt 0.420144 0.748172
vt 0.159705 0.657675
vt 0.162245 0.662602
vt 0.163656 0.658400
vt 0.148977 0.654081
vt 0.158978 0.661985
vt 0.143024 0.653770
vt 0.147786 0.660439
vt 0.133545 0.658236
vt 0.169435 0.663533
vt 0.170938 0.660459
vt 0.178973 0.666342
vt 0.182248 0.658150
vt 0.175128 0.670631
vt 0.160198 0.668030
vt 0.149742 0.669215
vt 0.134346 0.643206
vt 0.129608 0.669994
vt 0.142042 0.660189
vt 0.111917 0.663067
vt 0.980308 0.995169
vt 0.976561 0.981690
vt 0.971319 0.993840
vt 0.970138 0.089055
vt 0.978698 0.076959
vt 0.972661 0.076103
vt 0.967271 0.076536
vt 0.961113 0.088961
vt 0.737411 0.463267
vt 0.746492 0.452080
vt 0.739298 0.452317
vt 0.731547 0.451268
vt 0.730008 0.464538
vt 0.986242 0.982440
vt 0.981820 0.982411
vt 0.049148 0.080726
vt 0.054573 0.089809
vt 0.058737 0.078320
vt 0.045019 0.090924
vt 0.050211 0.091065
vt 0.253288 0.098397
vt 0.246700 0.093064
vt 0.246320 0.102811
vt 0.256688 0.093658
vt 0.249221 0.092039
vt 0.259349 0.088871
vt 0.254608 0.088127
vt 0.740037 0.439805
vt 0.730008 0.437645
vt 0.971905 0.063477
vt 0.966555 0.062509
vt 0.980029 0.063263
vt 0.981619 0.966417
vt 0.974120 0.965932
vt 0.336603 0.087609
vt 0.013927 0.639623
vt 0.006763 0.647199
vt 0.016085 0.651632
vt 0.009189 0.654327
vt 0.012601 0.626657
vt 0.008900 0.639379
vt 0.008004 0.625737
vt 0.005845 0.634835
vt 0.012565 0.611466
vt 0.004652 0.615890
vt 0.714441 0.332515
vt 0.704915 0.342635
vt 0.713156 0.344183
vt 0.721023 0.333694
vt 0.718149 0.345789
vt 0.035899 0.458830
vt 0.041004 0.464904
vt 0.041004 0.457329
vt 0.035306 0.454036
vt 0.726805 0.337778
vt 0.725736 0.347672
vt 0.959815 0.031481
vt 0.968771 0.019404
vt 0.954378 0.017546
vt 0.968490 0.011752
vt 0.956270 0.007869
vt 0.235727 0.687258
vt 0.227536 0.674294
vt 0.962176 0.098518
vt 0.948992 0.105826
vt 0.963376 0.108173
vt 0.946886 0.114306
vt 0.960917 0.122004
vt 0.945905 0.122325
vt 0.956458 0.132516
vt 0.524362 0.020601
vt 0.512915 0.026656
vt 0.525796 0.026933
vt 0.514651 0.012928
vt 0.527617 0.010389
vt 0.513983 0.033754
vt 0.527071 0.037020
vt 0.224289 0.659710
vt 0.220832 0.650858
vt 0.498326 0.017814
vt 0.513859 0.019355
vt 0.969589 0.027732
vt 0.982228 0.021453
vt 0.934675 0.106322
vt 0.933060 0.099455
vt 0.985176 0.015188
vt 0.981089 0.007869
vt 0.707244 0.357854
vt 0.700272 0.354851
vt 0.715433 0.363080
vt 0.939204 0.093876
vt 0.949934 0.101441
vt 0.726805 0.360760
vt 0.722550 0.364842
vt 0.934845 0.123053
vt 0.934349 0.110996
vt 0.933060 0.115752
vt 0.502199 0.010389
vt 0.081299 0.223708
vt 0.076942 0.231066
vt 0.081299 0.231795
vt 0.005607 0.630334
vt 0.235727 0.661135
vt 0.225767 0.656110
vt 0.973418 0.842061
vt 0.974949 0.854915
vt 0.977773 0.842335
vt 0.978893 0.854681
vt 0.981424 0.843247
vt 0.979574 0.870736
vt 0.970338 0.854436
vt 0.974210 0.869784
vt 0.989694 0.870482
vt 0.985042 0.854868
vt 0.989694 0.843135
vt 0.959244 0.866854
vt 0.964930 0.853546
vt 0.963206 0.841717
vt 0.227356 0.642875
vt 0.216214 0.644615
vt 0.213701 0.640198
vt 0.502027 0.036304
vt 0.678750 0.789238
vt 0.674649 0.793412
vt 0.688026 0.786413
vt 0.051572 0.101398
vt 0.055540 0.102197
vt 0.054020 0.114084
vt 0.045492 0.102937
vt 0.045718 0.117806
vt 0.331715 0.087681
vt 0.243562 0.096966
vt 0.044560 0.079128
vt 0.042259 0.085151
vt 0.104247 0.185818
vt 0.095287 0.182621
vt 0.094270 0.186075
vt 0.102844 0.176383
vt 0.094302 0.178322
vt 0.093764 0.173208
vt 0.102950 0.168659
vt 0.102987 0.172933
vt 0.088232 0.167422
vt 0.085485 0.173005
vt 0.085581 0.177063
vt 0.084923 0.182099
vt 0.214483 0.635931
vt 0.222298 0.632685
vt 0.217612 0.632047
vt 0.212455 0.630600
vt 0.209695 0.627035
vt 0.205737 0.619849
vt 0.205167 0.616179
vt 0.203839 0.612601
vt 0.258229 0.085362
vt 0.260793 0.034737
vt 0.260667 0.040919
vt 0.264492 0.038520
vt 0.267968 0.034767
vt 0.239794 0.077361
vt 0.242868 0.076832
vt 0.245341 0.084603
vt 0.242813 0.085952
vt 0.251156 0.083118
vt 0.249803 0.074724
vt 0.248891 0.063489
vt 0.255498 0.080061
vt 0.254821 0.073406
vt 0.285741 0.032772
vt 0.278839 0.037352
vt 0.272524 0.036254
vt 0.268634 0.031225
vt 0.273750 0.032687
vt 0.270958 0.040661
vt 0.275992 0.048327
vt 0.268267 0.047065
vt 0.667759 0.792614
vt 0.663117 0.792349
vt 0.316940 0.074814
vt 0.317286 0.072316
vt 0.042346 0.114819
vt 0.113721 0.168542
vt 0.113820 0.170872
vt 0.113587 0.175217
vt 0.113592 0.181472
vt 0.007696 0.537419
vt 0.003749 0.531606
vt 0.005554 0.538046
vt 0.113573 0.186222
vt 0.103535 0.182680
vt 0.005065 0.547821
vt 0.003749 0.542712
vt 0.327813 0.084019
vt 0.723721 0.126249
vt 0.017492 0.033880
vt 0.008575 0.034835
vt 0.017215 0.036795
vt 0.023323 0.034297
vt 0.022844 0.038345
vt 0.171987 0.766461
vt 0.173914 0.760811
vt 0.172116 0.760541
vt 0.174055 0.757037
vt 0.170792 0.756946
vt 0.172087 0.748749
vt 0.174529 0.744378
vt 0.170200 0.743783
vt 0.032213 0.040496
vt 0.040033 0.038528
vt 0.033547 0.035028
vt 0.171864 0.735995
vt 0.173568 0.770047
vt 0.168161 0.770968
vt 0.736233 0.049280
vt 0.085053 0.556636
vt 0.083796 0.568590
vt 0.090503 0.556842
vt 0.104272 0.296622
vt 0.172124 0.405006
vt 0.187013 0.406666
vt 0.187324 0.405006
vt 0.076122 0.252663
vt 0.230640 0.771257
vt 0.240297 0.780578
vt 0.242053 0.779763
vt 0.665418 0.162435
vt 0.125081 0.621503
vt 0.122596 0.633596
vt 0.130657 0.623116
vt 0.971853 0.792417
vt 0.429502 0.018186
vt 0.197508 0.732911
vt 0.194432 0.734731
vt 0.189429 0.732911
vt 0.733419 0.971383
vt 0.095105 0.685948
vt 0.093566 0.697552
vt 0.101255 0.687222
vt 0.527403 0.317394
vt 0.526978 0.318415
vt 0.513071 0.315800
vt 0.029380 0.008298
vt 0.029295 0.020804
vt 0.033684 0.008895
vt 0.043261 0.996689
vt 0.046463 0.984590
vt 0.045163 0.984254
vt 0.902167 0.107255
vt 0.899041 0.097091
vt 0.972936 0.682106
vt 0.985258 0.682106
vt 0.151083 0.615935
vt 0.154942 0.622763
vt 0.154942 0.615199
vt 0.115323 0.022078
vt 0.051047 0.024938
vt 0.092856 0.992481
vt 0.087412 0.983225
vt 0.087412 0.996360
vt 0.868030 0.956050
vt 0.895629 0.085995
vt 0.207122 0.054406
vt 0.716245 0.971383
vt 0.716575 0.968983
vt 0.002968 0.032840
vt 0.003579 0.040496
vt 0.193378 0.459512
vt 0.844414 0.374641
vt 0.130957 0.880851
vt 0.137593 0.892266
vt 0.137593 0.875658
vt 0.706106 0.485192
vt 0.238633 0.899013
vt 0.002930 0.160201
vt 0.651348 0.737066
vt 0.236786 0.065627
vt 0.105778 0.620827
vt 0.073389 0.682227
vt 0.063720 0.677285
vt 0.068183 0.691013
vt 0.773914 0.206308
vt 0.775458 0.194379
vt 0.773455 0.174795
vt 0.780875 0.186592
vt 0.778883 0.176618
vt 0.944798 0.539538
vt 0.961083 0.537998
vt 0.959626 0.520703
vt 0.958421 0.540316
vt 0.954166 0.558488
vt 0.960919 0.542022
vt 0.015940 0.451805
vt 0.012185 0.461140
vt 0.017061 0.459201
vt 0.123574 0.373588
vt 0.137735 0.377633
vt 0.133590 0.368494
vt 0.153974 0.367965
vt 0.152847 0.360317
vt 0.140808 0.379793
vt 0.155357 0.374167
vt 0.922888 0.120938
vt 0.911399 0.126932
vt 0.924946 0.137227
vt 0.065503 0.635505
vt 0.060719 0.620228
vt 0.055583 0.631147
vt 0.075513 0.611351
vt 0.088589 0.600861
vt 0.080885 0.593720
vt 0.237157 0.865035
vt 0.237729 0.871474
vt 0.243734 0.863735
vt 0.009270 0.401778
vt 0.003563 0.398107
vt 0.006132 0.404812
vt 0.197545 0.876186
vt 0.209032 0.886034
vt 0.201743 0.873355
vt 0.591294 0.730233
vt 0.599030 0.720560
vt 0.592686 0.720605
vt 0.522003 0.565293
vt 0.527513 0.551581
vt 0.517846 0.563266
vt 0.536849 0.546912
vt 0.532417 0.554859
vt 0.544531 0.558766
vt 0.108336 0.856994
vt 0.103247 0.878977
vt 0.120031 0.853591
vt 0.095539 0.871611
vt 0.092979 0.878923
vt 0.088904 0.862714
vt 0.081875 0.877126
vt 0.028233 0.583014
vt 0.029018 0.594675
vt 0.033227 0.595321
vt 0.078040 0.874019
vt 0.079899 0.859617
vt 0.035752 0.580372
vt 0.039335 0.596543
vt 0.090860 0.844398
vt 0.086177 0.835239
vt 0.091364 0.823864
vt 0.710596 0.727310
vt 0.724565 0.706300
vt 0.718331 0.701172
vt 0.489223 0.563141
vt 0.503041 0.541482
vt 0.491021 0.539834
vt 0.481341 0.541128
vt 0.484302 0.527458
vt 0.478952 0.566481
vt 0.712544 0.699641
vt 0.915016 0.639387
vt 0.902443 0.644412
vt 0.909329 0.648135
vt 0.902060 0.622976
vt 0.895793 0.641769
vt 0.072424 0.594812
vt 0.059408 0.602007
vt 0.064793 0.611288
vt 0.175627 0.995053
vt 0.180948 0.992522
vt 0.178554 0.991005
vt 0.852846 0.313228
vt 0.841953 0.319518
vt 0.853153 0.317934
vt 0.843807 0.310837
vt 0.835504 0.308843
vt 0.052553 0.718680
vt 0.055281 0.744127
vt 0.060392 0.746351
vt 0.553208 0.578774
vt 0.553411 0.560896
vt 0.567108 0.580813
vt 0.555703 0.594264
vt 0.569648 0.597438
vt 0.532709 0.541097
vt 0.528345 0.538215
vt 0.539508 0.536259
vt 0.928275 0.160478
vt 0.216837 0.234940
vt 0.243110 0.232683
vt 0.241639 0.226886
vt 0.930636 0.166863
vt 0.216457 0.226893
vt 0.239645 0.221122
vt 0.402560 0.101575
vt 0.401097 0.085908
vt 0.384958 0.089887
vt 0.081363 0.673937
vt 0.082101 0.659748
vt 0.072247 0.661789
vt 0.088004 0.667934
vt 0.897796 0.614655
vt 0.906528 0.615948
vt 0.905465 0.606172
vt 0.886379 0.595169
vt 0.890289 0.614232
vt 0.183260 0.985906
vt 0.186467 0.970111
vt 0.179870 0.982649
vt 0.914072 0.617613
vt 0.912303 0.629553
vt 0.181491 0.956763
vt 0.176660 0.971425
vt 0.179130 0.895712
vt 0.176911 0.873269
vt 0.170409 0.891137
vt 0.542284 0.574409
vt 0.051598 0.614459
vt 0.053750 0.618934
vt 0.070668 0.620951
vt 0.926963 0.620776
vt 0.162085 0.958502
vt 0.159083 0.972566
vt 0.136965 0.964803
vt 0.139455 0.983565
vt 0.153363 0.943342
vt 0.131984 0.939798
vt 0.496265 0.213552
vt 0.482204 0.203377
vt 0.485416 0.214636
vt 0.916980 0.651754
vt 0.527742 0.590320
vt 0.515781 0.578938
vt 0.519782 0.595110
vt 0.038624 0.663611
vt 0.051285 0.639937
vt 0.031648 0.658358
vt 0.059191 0.658747
vt 0.046725 0.671161
vt 0.059640 0.645953
vt 0.074550 0.647356
vt 0.070522 0.641934
vt 0.373475 0.426393
vt 0.963345 0.212194
vt 0.962898 0.203541
vt 0.565867 0.130873
vt 0.551158 0.129752
vt 0.557569 0.138764
vt 0.613526 0.154620
vt 0.635332 0.155456
vt 0.634668 0.147692
vt 0.773076 0.211149
vt 0.772066 0.220660
vt 0.027254 0.091707
vt 0.035538 0.076731
vt 0.025711 0.075125
vt 0.226426 0.127764
vt 0.217194 0.111209
vt 0.218868 0.128172
vt 0.085607 0.426418
vt 0.657004 0.491104
vt 0.641979 0.481617
vt 0.639840 0.487367
vt 0.020752 0.093512
vt 0.090442 0.426679
vt 0.782041 0.162773
vt 0.778561 0.161874
vt 0.782901 0.172597
vt 0.785890 0.165375
vt 0.026759 0.827749
vt 0.026647 0.813952
vt 0.021155 0.812011
vt 0.783643 0.150830
vt 0.774793 0.160951
vt 0.786624 0.143473
vt 0.787896 0.147396
vt 0.009288 0.071733
vt 0.014482 0.094011
vt 0.014764 0.071662
vt 0.002930 0.094223
vt 0.008983 0.094109
vt 0.101489 0.424537
vt 0.096908 0.427248
vt 0.073849 0.123353
vt 0.067790 0.117756
vt 0.067790 0.125455
vt 0.108656 0.425456
vt 0.588948 0.390038
vt 0.583633 0.399696
vt 0.589494 0.400713
vt 0.594274 0.390277
vt 0.594907 0.401483
vt 0.582728 0.388957
vt 0.576694 0.388681
vt 0.114944 0.426986
vt 0.088136 0.343227
vt 0.081465 0.336641
vt 0.082189 0.340688
vt 0.163662 0.360020
vt 0.860951 0.370119
vt 0.864942 0.379889
vt 0.862377 0.344048
vt 0.852203 0.353086
vt 0.867185 0.358443
vt 0.017508 0.715784
vt 0.010027 0.714392
vt 0.011439 0.718691
vt 0.975172 0.527867
vt 0.965056 0.540491
vt 0.577537 0.506150
vt 0.571546 0.493611
vt 0.570343 0.518362
vt 0.577039 0.496040
vt 0.589388 0.496568
vt 0.587070 0.488647
vt 0.583008 0.484026
vt 0.924946 0.087105
vt 0.907721 0.082058
vt 0.918028 0.099342
vt 0.588121 0.507108
vt 0.601393 0.486655
vt 0.592825 0.509612
vt 0.160956 0.892260
vt 0.144196 0.900606
vt 0.145978 0.903708
vt 0.478717 0.111140
vt 0.487673 0.107787
vt 0.479083 0.105920
vt 0.257668 0.810557
vt 0.267037 0.830265
vt 0.271498 0.810054
vt 0.255457 0.832172
vt 0.245700 0.820882
vt 0.245550 0.834997
vt 0.394617 0.071596
vt 0.406052 0.072391
vt 0.023537 0.113764
vt 0.031570 0.121509
vt 0.032230 0.111474
vt 0.606865 0.490963
vt 0.597810 0.511146
vt 0.576168 0.161930
vt 0.570050 0.174928
vt 0.586784 0.167831
vt 0.595858 0.156111
vt 0.574914 0.155290
vt 0.521815 0.425340
vt 0.536401 0.439600
vt 0.531071 0.418095
vt 0.623245 0.504852
vt 0.608846 0.505987
vt 0.609237 0.510420
vt 0.611177 0.494587
vt 0.604069 0.505692
vt 0.639399 0.500779
vt 0.638780 0.506575
vt 0.626208 0.492685
vt 0.640003 0.493308
vt 0.597021 0.161365
vt 0.598172 0.165330
vt 0.217194 0.167831
vt 0.220574 0.178815
vt 0.223141 0.164824
vt 0.601242 0.473613
vt 0.611264 0.478535
vt 0.012879 0.130448
vt 0.016382 0.115033
vt 0.009865 0.115761
vt 0.624149 0.524043
vt 0.625668 0.518238
vt 0.607812 0.526387
vt 0.022432 0.590915
vt 0.025023 0.586876
vt 0.004257 0.218294
vt 0.015848 0.236394
vt 0.013047 0.214219
vt 0.005617 0.208240
vt 0.695534 0.715745
vt 0.707229 0.697334
vt 0.702815 0.695745
vt 0.021747 0.214677
vt 0.021628 0.236593
vt 0.017824 0.194453
vt 0.023841 0.194749
vt 0.012306 0.195026
vt 0.155979 0.850838
vt 0.154724 0.838160
vt 0.119785 0.369736
vt 0.115291 0.379308
vt 0.705394 0.596563
vt 0.702624 0.615593
vt 0.708536 0.616954
vt 0.783177 0.141846
vt 0.779312 0.135183
vt 0.778067 0.147338
vt 0.698983 0.598647
vt 0.697242 0.612761
vt 0.242641 0.256398
vt 0.216072 0.265377
vt 0.240289 0.261309
vt 0.781775 0.135259
vt 0.781999 0.121260
vt 0.212831 0.259697
vt 0.242598 0.250361
vt 0.219189 0.250369
vt 0.242957 0.244166
vt 0.934852 0.142382
vt 0.254448 0.852812
vt 0.025956 0.351594
vt 0.031501 0.338994
vt 0.020261 0.343516
vt 0.495813 0.288455
vt 0.487113 0.285018
vt 0.483725 0.290040
vt 0.479484 0.259255
vt 0.485911 0.265210
vt 0.490730 0.260639
vt 0.490687 0.324608
vt 0.503399 0.317499
vt 0.491953 0.316084
vt 0.498986 0.329225
vt 0.490284 0.331886
vt 0.497420 0.340542
vt 0.678733 0.635292
vt 0.673392 0.647902
vt 0.684899 0.645042
vt 0.012063 0.373306
vt 0.006024 0.383139
vt 0.016615 0.382714
vt 0.489511 0.337643
vt 0.024758 0.363571
vt 0.665595 0.642486
vt 0.672719 0.632811
vt 0.666723 0.630453
vt 0.504501 0.313241
vt 0.489473 0.309629
vt 0.515622 0.248570
vt 0.513969 0.243030
vt 0.509990 0.244927
vt 0.521519 0.239032
vt 0.525014 0.244464
vt 0.121938 0.864114
vt 0.117206 0.874203
vt 0.917273 0.158679
vt 0.908936 0.167308
vt 0.913232 0.169456
vt 0.128586 0.425566
vt 0.134370 0.428167
vt 0.911139 0.156869
vt 0.904816 0.164009
vt 0.905559 0.154476
vt 0.895446 0.154156
vt 0.155351 0.423489
vt 0.144704 0.425030
vt 0.871695 0.121744
vt 0.868204 0.147896
vt 0.870334 0.145192
vt 0.863483 0.147517
vt 0.545452 0.607945
vt 0.556178 0.607326
vt 0.541132 0.591305
vt 0.531074 0.607308
vt 0.412878 0.088763
vt 0.415200 0.071512
vt 0.423660 0.089841
vt 0.424437 0.068708
vt 0.099974 0.810371
vt 0.094892 0.809789
vt 0.083930 0.808810
vt 0.088941 0.795018
vt 0.071426 0.189276
vt 0.072877 0.176605
vt 0.064147 0.181786
vt 0.469729 0.295604
vt 0.455758 0.301718
vt 0.472941 0.302556
vt 0.458060 0.307971
vt 0.475723 0.311105
vt 0.215848 0.902544
vt 0.207477 0.893097
vt 0.217353 0.910991
vt 0.218004 0.896785
vt 0.077165 0.773556
vt 0.083052 0.760568
vt 0.073666 0.758639
vt 0.075731 0.748648
vt 0.081749 0.745186
vt 0.223736 0.909917
vt 0.221901 0.914313
vt 0.218113 0.935726
vt 0.225115 0.933644
vt 0.058548 0.191203
vt 0.053853 0.214126
vt 0.058374 0.215096
vt 0.053076 0.192067
vt 0.053817 0.174908
vt 0.048610 0.173986
vt 0.030659 0.746543
vt 0.019060 0.759068
vt 0.024707 0.763451
vt 0.232939 0.172001
vt 0.228972 0.164198
vt 0.225326 0.177230
vt 0.219876 0.148595
vt 0.226297 0.148545
vt 0.595243 0.144939
vt 0.595912 0.149586
vt 0.612164 0.150641
vt 0.615170 0.164649
vt 0.630330 0.174274
vt 0.636159 0.168109
vt 0.628092 0.478620
vt 0.049220 0.628940
vt 0.483334 0.195605
vt 0.507482 0.205532
vt 0.472481 0.209921
vt 0.482853 0.217005
vt 0.562259 0.203875
vt 0.563905 0.192995
vt 0.556296 0.196581
vt 0.550211 0.203681
vt 0.557997 0.211833
vt 0.567656 0.205215
vt 0.562718 0.217312
vt 0.046557 0.573351
vt 0.031998 0.570052
vt 0.044225 0.577725
vt 0.091981 0.889122
vt 0.829354 0.201014
vt 0.841513 0.188470
vt 0.833141 0.187698
vt 0.304113 0.213615
vt 0.289739 0.217756
vt 0.316569 0.219642
vt 0.287148 0.212449
vt 0.302645 0.206807
vt 0.285515 0.203579
vt 0.433802 0.302334
vt 0.411555 0.311212
vt 0.436600 0.307860
vt 0.409889 0.307170
vt 0.429809 0.294767
vt 0.401811 0.299324
vt 0.057932 0.244641
vt 0.047004 0.269472
vt 0.053196 0.271849
vt 0.408008 0.318877
vt 0.422129 0.317062
vt 0.037824 0.239934
vt 0.039751 0.267008
vt 0.044100 0.240155
vt 0.028039 0.260762
vt 0.033521 0.238517
vt 0.890511 0.223953
vt 0.894124 0.201148
vt 0.890265 0.199293
vt 0.106186 0.828936
vt 0.474715 0.525775
vt 0.473217 0.541582
vt 0.477815 0.516516
vt 0.091102 0.792482
vt 0.125742 0.965373
vt 0.116291 0.942830
vt 0.103013 0.961502
vt 0.118819 0.981863
vt 0.895071 0.653338
vt 0.884251 0.651655
vt 0.098201 0.935923
vt 0.115628 0.917669
vt 0.102399 0.913733
vt 0.129881 0.918424
vt 0.130046 0.910898
vt 0.115489 0.900945
vt 0.150134 0.926614
vt 0.147304 0.917425
vt 0.151157 0.908152
vt 0.130297 0.906388
vt 0.130369 0.903716
vt 0.116407 0.894960
vt 0.004061 0.716833
vt 0.108948 0.896430
vt 0.111184 0.901248
vt 0.009838 0.722316
vt 0.025653 0.720381
vt 0.037894 0.728242
vt 0.025032 0.723187
vt 0.034234 0.730647
vt 0.041199 0.725940
vt 0.026021 0.716857
vt 0.045704 0.722908
vt 0.026695 0.710931
vt 0.044716 0.744772
vt 0.049323 0.744284
vt 0.043994 0.761537
vt 0.049622 0.762473
vt 0.055201 0.764454
vt 0.047363 0.775072
vt 0.054273 0.776561
vt 0.062354 0.766407
vt 0.062940 0.777913
vt 0.062960 0.785133
vt 0.116046 0.362007
vt 0.117686 0.366095
vt 0.114257 0.357792
vt 0.129695 0.359816
vt 0.127610 0.355563
vt 0.125188 0.351485
vt 0.142342 0.341623
vt 0.145482 0.346502
vt 0.520104 0.545418
vt 0.513137 0.561811
vt 0.523565 0.548450
vt 0.505076 0.570161
vt 0.511408 0.571083
vt 0.515938 0.571556
vt 0.514164 0.598380
vt 0.502854 0.579067
vt 0.508066 0.601110
vt 0.509865 0.579077
vt 0.517113 0.610311
vt 0.512789 0.613656
vt 0.521903 0.608788
vt 0.843520 0.324785
vt 0.855236 0.321586
vt 0.848581 0.335992
vt 0.862416 0.326765
vt 0.869726 0.337990
vt 0.873991 0.348473
vt 0.059175 0.684782
vt 0.033787 0.688437
vt 0.053473 0.699120
vt 0.029573 0.703601
vt 0.021661 0.682592
vt 0.016514 0.698796
vt 0.016029 0.710025
vt 0.009252 0.697688
vt 0.014489 0.679132
vt 0.002962 0.697584
vt 0.008958 0.675102
vt 0.097694 0.912679
vt 0.520286 0.571764
vt 0.162447 0.367264
vt 0.026099 0.654761
vt 0.092630 0.936447
vt 0.043024 0.635487
vt 0.097604 0.964871
vt 0.881822 0.614489
vt 0.882098 0.638932
vt 0.878517 0.601720
vt 0.155603 0.338538
vt 0.148968 0.351222
vt 0.161914 0.343569
vt 0.890041 0.639801
vt 0.876497 0.648487
vt 0.875284 0.636386
vt 0.870691 0.645152
vt 0.151170 0.355586
vt 0.164557 0.353792
vt 0.131432 0.363888
vt 0.042188 0.774897
vt 0.544722 0.544689
vt 0.038648 0.761193
vt 0.041163 0.744668
vt 0.161762 0.867012
vt 0.163724 0.850486
vt 0.168098 0.871374
vt 0.157148 0.886638
vt 0.171530 0.859031
vt 0.116528 0.987283
vt 0.140591 0.990506
vt 0.155527 0.986034
vt 0.157129 0.981474
vt 0.167922 0.991518
vt 0.171430 0.984751
vt 0.547243 0.192067
vt 0.533224 0.185442
vt 0.531647 0.190014
vt 0.554757 0.187452
vt 0.081674 0.787078
vt 0.531294 0.196276
vt 0.528982 0.205720
vt 0.542072 0.216007
vt 0.468879 0.188949
vt 0.482598 0.187979
vt 0.109562 0.881817
vt 0.548747 0.223524
vt 0.530795 0.229082
vt 0.536244 0.235512
vt 0.551524 0.229220
vt 0.539753 0.240220
vt 0.529426 0.248522
vt 0.125714 0.854613
vt 0.520266 0.219854
vt 0.511673 0.228193
vt 0.506510 0.233249
vt 0.503285 0.236753
vt 0.375371 0.104542
vt 0.400217 0.115262
vt 0.362528 0.106819
vt 0.367725 0.099635
vt 0.377831 0.085789
vt 0.506809 0.193043
vt 0.616575 0.172232
vt 0.481103 0.185442
vt 0.639201 0.161010
vt 0.741878 0.210946
vt 0.741878 0.191605
vt 0.738237 0.192095
vt 0.523628 0.404280
vt 0.732081 0.177185
vt 0.732443 0.188474
vt 0.738275 0.179530
vt 0.730881 0.198236
vt 0.736211 0.214548
vt 0.112448 0.829907
vt 0.508687 0.188427
vt 0.104514 0.809792
vt 0.465099 0.542165
vt 0.464301 0.523433
vt 0.464649 0.563922
vt 0.470698 0.566871
vt 0.070227 0.197936
vt 0.065131 0.232405
vt 0.462393 0.513550
vt 0.896597 0.179995
vt 0.889360 0.176055
vt 0.717862 0.641006
vt 0.724686 0.643116
vt 0.716357 0.618845
vt 0.721290 0.664054
vt 0.733189 0.667076
vt 0.711911 0.638924
vt 0.714545 0.661541
vt 0.710150 0.678275
vt 0.715379 0.678954
vt 0.722513 0.679787
vt 0.708900 0.659624
vt 0.706219 0.636692
vt 0.701228 0.634856
vt 0.703401 0.657405
vt 0.705155 0.677136
vt 0.909689 0.206637
vt 0.912305 0.189252
vt 0.907717 0.186823
vt 0.915013 0.208124
vt 0.912502 0.223536
vt 0.917273 0.224147
vt 0.014995 0.254408
vt 0.010259 0.253697
vt 0.010374 0.237088
vt 0.907394 0.223302
vt 0.904102 0.204832
vt 0.902530 0.223554
vt 0.902760 0.184306
vt 0.899001 0.202826
vt 0.024312 0.257950
vt 0.028119 0.237304
vt 0.019937 0.255762
vt 0.897980 0.224214
vt 0.034626 0.215030
vt 0.029095 0.214762
vt 0.029145 0.194426
vt 0.034051 0.193917
vt 0.028653 0.171750
vt 0.023712 0.171543
vt 0.019171 0.168601
vt 0.035486 0.170976
vt 0.040393 0.214447
vt 0.040572 0.193148
vt 0.046566 0.213982
vt 0.046538 0.192894
vt 0.041963 0.172851
vt 0.051459 0.241503
vt 0.717432 0.596445
vt 0.889688 0.154299
vt 0.870932 0.190001
vt 0.877093 0.168477
vt 0.871357 0.167906
vt 0.864027 0.168041
vt 0.863293 0.189631
vt 0.857703 0.168075
vt 0.856768 0.190800
vt 0.849030 0.188961
vt 0.856521 0.147942
vt 0.851802 0.167780
vt 0.861860 0.125912
vt 0.850324 0.147151
vt 0.845027 0.167324
vt 0.837404 0.166141
vt 0.844347 0.145863
vt 0.850461 0.126517
vt 0.838316 0.143749
vt 0.831188 0.164466
vt 0.818229 0.182637
vt 0.825782 0.187330
vt 0.833237 0.141212
vt 0.823194 0.161707
vt 0.841767 0.124658
vt 0.828852 0.138799
vt 0.815828 0.158734
vt 0.804068 0.180715
vt 0.810420 0.180981
vt 0.824815 0.136612
vt 0.810358 0.156502
vt 0.835192 0.121288
vt 0.231673 0.208157
vt 0.228888 0.204999
vt 0.214750 0.220053
vt 0.253179 0.190712
vt 0.255328 0.195604
vt 0.281016 0.188788
vt 0.279178 0.183027
vt 0.234229 0.212043
vt 0.258053 0.201024
vt 0.282905 0.195335
vt 0.670616 0.535229
vt 0.664362 0.516659
vt 0.662620 0.533296
vt 0.672508 0.515294
vt 0.676885 0.536410
vt 0.679094 0.515011
vt 0.261489 0.207609
vt 0.263993 0.215231
vt 0.236833 0.216216
vt 0.175094 0.426910
vt 0.166865 0.423837
vt 0.182435 0.428236
vt 0.931243 0.174729
vt 0.932409 0.181416
vt 0.591571 0.475184
vt 0.582217 0.475614
vt 0.928275 0.151742
vt 0.219084 0.241464
vt 0.243705 0.239401
vt 0.267440 0.234330
vt 0.266683 0.227607
vt 0.267654 0.240049
vt 0.291312 0.246247
vt 0.292546 0.239531
vt 0.291402 0.231973
vt 0.267713 0.246544
vt 0.320766 0.234464
vt 0.323994 0.245444
vt 0.318991 0.226952
vt 0.290736 0.224820
vt 0.265448 0.220973
vt 0.215669 0.960166
vt 0.214185 0.986459
vt 0.223096 0.958754
vt 0.206663 0.986806
vt 0.208272 0.961253
vt 0.199140 0.987243
vt 0.211754 0.938352
vt 0.204665 0.940655
vt 0.200425 0.962572
vt 0.188766 0.995984
vt 0.426747 0.331113
vt 0.443167 0.322334
vt 0.425437 0.324546
vt 0.405476 0.327655
vt 0.393439 0.340542
vt 0.440102 0.314989
vt 0.459302 0.315506
vt 0.460816 0.323071
vt 0.476791 0.319168
vt 0.477099 0.326599
vt 0.477905 0.332971
vt 0.461539 0.330508
vt 0.197201 0.902396
vt 0.209577 0.916178
vt 0.201342 0.897478
vt 0.445987 0.328669
vt 0.203997 0.920470
vt 0.191649 0.885155
vt 0.188766 0.890408
vt 0.321225 0.250811
vt 0.311033 0.258571
vt 0.267455 0.253607
vt 0.292184 0.254178
vt 0.268092 0.261050
vt 0.294133 0.262725
vt 0.668974 0.550856
vt 0.674870 0.553572
vt 0.682942 0.537878
vt 0.679833 0.556615
vt 0.684899 0.516660
vt 0.571092 0.268300
vt 0.555082 0.265025
vt 0.553380 0.271360
vt 0.571128 0.261658
vt 0.590060 0.265422
vt 0.591322 0.259255
vt 0.570298 0.275800
vt 0.551393 0.277970
vt 0.588972 0.273235
vt 0.568073 0.283500
vt 0.549657 0.285089
vt 0.586782 0.281718
vt 0.534245 0.279198
vt 0.531693 0.285523
vt 0.547382 0.290929
vt 0.529540 0.291936
vt 0.565316 0.289648
vt 0.666754 0.569584
vt 0.660382 0.587943
vt 0.666255 0.589841
vt 0.661125 0.566909
vt 0.663183 0.547792
vt 0.672720 0.572335
vt 0.671776 0.592487
vt 0.678260 0.575105
vt 0.677738 0.595273
vt 0.537032 0.273174
vt 0.524156 0.267549
vt 0.521347 0.272644
vt 0.538745 0.266966
vt 0.518473 0.278322
vt 0.505217 0.269929
vt 0.502979 0.275415
vt 0.515203 0.284361
vt 0.499739 0.282950
vt 0.511701 0.289763
vt 0.665797 0.611515
vt 0.661094 0.627030
vt 0.660751 0.608246
vt 0.671572 0.613522
vt 0.677385 0.615198
vt 0.507757 0.264675
vt 0.488907 0.272054
vt 0.844539 0.209013
vt 0.853463 0.212422
vt 0.861299 0.217279
vt 0.864724 0.217844
vt 0.876457 0.144884
vt 0.729806 0.681719
vt 0.485463 0.588863
vt 0.467843 0.581177
vt 0.452110 0.295188
vt 0.042238 0.583502
vt 0.046557 0.601237
vt 0.227608 0.189135
vt 0.223107 0.193871
vt 0.219166 0.196779
vt 0.085168 0.784749
vt 0.546941 0.432217
vt 0.533782 0.414415
vt 0.542627 0.436348
vt 0.665938 0.477136
vt 0.663599 0.486793
vt 0.655388 0.165652
vt 0.654194 0.174928
vt 0.614079 0.159774
vt 0.650627 0.149897
vt 0.647988 0.140639
vt 0.573029 0.149625
vt 0.573127 0.139817
vt 0.575542 0.130883
vt 0.612370 0.144654
vt 0.595250 0.136717
vt 0.580404 0.120608
vt 0.631767 0.142671
vt 0.653322 0.517622
vt 0.639593 0.522781
vt 0.653949 0.525233
vt 0.638896 0.514994
vt 0.648216 0.512374
vt 0.638090 0.511259
vt 0.626051 0.511658
vt 0.649319 0.507764
vt 0.057881 0.424860
vt 0.064571 0.424769
vt 0.071595 0.424065
vt 0.651426 0.502472
vt 0.078143 0.423939
vt 0.046642 0.429797
vt 0.051991 0.424936
vt 0.038947 0.430210
vt 0.650430 0.154838
vt 0.232467 0.149138
vt 0.233073 0.127210
vt 0.003440 0.116319
vt 0.234485 0.165857
vt 0.592016 0.462715
vt 0.596704 0.448788
vt 0.589412 0.446758
vt 0.584636 0.461593
vt 0.580204 0.450824
vt 0.579516 0.460350
vt 0.575915 0.449638
vt 0.576712 0.474825
vt 0.013027 0.754754
vt 0.003003 0.765005
vt 0.009165 0.768428
vt 0.008070 0.750554
vt 0.019829 0.736692
vt 0.016289 0.734279
vt 0.015268 0.773093
vt 0.025485 0.739701
vt 0.012120 0.793414
vt 0.018509 0.795086
vt 0.023445 0.779410
vt 0.024386 0.797238
vt 0.594603 0.432902
vt 0.598141 0.417598
vt 0.592169 0.415746
vt 0.601275 0.434738
vt 0.602568 0.450709
vt 0.587828 0.430488
vt 0.585679 0.414062
vt 0.582674 0.432531
vt 0.579463 0.412516
vt 0.576504 0.433106
vt 0.573454 0.411207
vt 0.007866 0.809353
vt 0.014051 0.810822
vt 0.004928 0.784258
vt 0.010186 0.831944
vt 0.015568 0.831129
vt 0.570343 0.389185
vt 0.599788 0.464415
vt 0.607020 0.469014
vt 0.077428 0.793108
vt 0.867993 0.398254
vt 0.210824 0.497124
vt 0.298587 0.976944
vt 0.283894 0.985175
vt 0.291417 0.993545
vt 0.167980 0.496340
vt 0.171570 0.478934
vt 0.278606 0.950111
vt 0.288962 0.934242
vt 0.269959 0.943859
vt 0.147529 0.491448
vt 0.267649 0.920082
vt 0.283151 0.914897
vt 0.124341 0.489392
vt 0.276827 0.893342
vt 0.261345 0.895730
vt 0.099170 0.487122
vt 0.269986 0.870006
vt 0.252347 0.872821
vt 0.079649 0.485523
vt 0.059404 0.483267
vt 0.060246 0.470617
vt 0.267707 0.850804
vt 0.492086 0.427544
vt 0.512619 0.426175
vt 0.466703 0.428561
vt 0.423627 0.430966
vt 0.444919 0.429712
vt 0.966784 0.191761
vt 0.964908 0.196309
vt 0.968785 0.184716
vt 0.217979 0.036659
vt 0.221131 0.053460
vt 0.223661 0.052522
vt 0.014253 0.022394
vt 0.129177 0.019645
vt 0.129593 0.022078
vt 0.498639 0.110612
vt 0.504910 0.118816
vt 0.510284 0.110844
vt 0.514640 0.127280
vt 0.509057 0.122542
vt 0.510252 0.129069
vt 0.536410 0.133474
vt 0.520237 0.150471
vt 0.541776 0.144879
vt 0.401222 0.430380
vt 0.384489 0.429437
vt 0.288530 0.765879
vt 0.285480 0.742759
vt 0.277744 0.759683
vt 0.269383 0.782683
vt 0.279431 0.785796
vt 0.877585 0.121091
vt 0.519345 0.255306
vt 0.357844 0.102296
vt 0.359256 0.094606
vt 0.493158 0.304867
vt 0.505709 0.309252
vt 0.660988 0.639208
vt 0.020375 0.352937
vt 0.015696 0.169042
vt 0.004257 0.171435
vt 0.699491 0.719091
vt 0.073666 0.872104
vt 0.624386 0.486814
vt 0.618236 0.482163
vt 0.618725 0.499082
vt 0.275155 0.967303
vt 0.282835 0.971055
vt 0.230091 0.104025
vt 0.224530 0.104272
vt 0.020800 0.074448
vt 0.521194 0.577635
vt 0.908046 0.655385
vt 0.914262 0.657546
vt 0.901156 0.654096
vt 0.609939 0.515325
vt 0.609756 0.520137
vt 0.868188 0.954914
vt 0.851814 0.945593
vt 0.855686 0.952900
vt 0.408038 0.311375
vt 0.462393 0.578934
vt 0.014159 0.136566
vt 0.020773 0.133332
vt 0.080645 0.847605
vt 0.088136 0.335607
vt 0.897155 0.085610
vt 0.900976 0.096588
vt 0.245142 0.849906
vt 0.904808 0.106156
vt 0.482411 0.299310
vt 0.578221 0.290448
vt 0.121190 0.426185
vt 0.385235 0.079845
vt 0.388179 0.068708
vt 0.057006 0.053424
vt 0.047849 0.066901
vt 0.052569 0.070124
vt 0.066483 0.053667
vt 0.061341 0.049326
vt 0.046073 0.051588
vt 0.048495 0.057747
vt 0.056299 0.047289
vt 0.942367 0.462273
vt 0.948340 0.453447
vt 0.943915 0.451860
vt 0.954098 0.445581
vt 0.948494 0.444959
vt 0.957846 0.466509
vt 0.962656 0.453449
vt 0.952190 0.466448
vt 0.599138 0.518725
vt 0.064271 0.167588
vt 0.073928 0.768040
vt 0.732913 0.167094
vt 0.473482 0.206016
vt 0.460911 0.207735
vt 0.457486 0.194545
vt 0.542328 0.410714
vt 0.531782 0.399999
vt 0.421023 0.104076
vt 0.413747 0.113412
vt 0.977423 0.696512
vt 0.973081 0.683393
vt 0.970288 0.683864
vt 0.969747 0.696447
vt 0.986508 0.692252
vt 0.985134 0.685013
vt 0.980092 0.778791
vt 0.971927 0.782952
vt 0.427680 0.020443
vt 0.423284 0.026784
vt 0.971528 0.788077
vt 0.789906 0.030129
vt 0.803311 0.022764
vt 0.789906 0.010404
vt 0.804200 0.027869
vt 0.801831 0.026269
vt 0.810266 0.042070
vt 0.805640 0.025205
vt 0.817932 0.016894
vt 0.869526 0.945750
vt 0.861368 0.936692
vt 0.816225 0.009084
vt 0.420401 0.019385
vt 0.841327 0.946516
vt 0.877051 0.934684
vt 0.860677 0.919524
vt 0.200885 0.497394
vt 0.291231 0.957088
vt 0.292712 0.948492
vt 0.295278 0.967613
vt 0.158722 0.941354
vt 0.162885 0.896927
vt 0.170859 0.895307
vt 0.532437 0.584859
vt 0.665883 0.835430
vt 0.658149 0.838302
vt 0.670327 0.841725
vt 0.434354 0.044064
vt 0.444559 0.051279
vt 0.452875 0.045713
vt 0.644970 0.840819
vt 0.650660 0.845560
vt 0.655802 0.831540
vt 0.647971 0.832078
vt 0.670327 0.818471
vt 0.656994 0.825361
vt 0.664356 0.810853
vt 0.656524 0.818294
vt 0.651493 0.811813
vt 0.659472 0.803176
vt 0.648974 0.824484
vt 0.445203 0.091168
vt 0.436599 0.099968
vt 0.451653 0.094437
vt 0.649696 0.806286
vt 0.460045 0.085903
vt 0.450850 0.087255
vt 0.453508 0.061256
vt 0.462644 0.075759
vt 0.460529 0.058690
vt 0.454796 0.075233
vt 0.445180 0.063441
vt 0.441434 0.059988
vt 0.432385 0.051964
vt 0.446551 0.077009
vt 0.452966 0.081840
vt 0.441939 0.086901
vt 0.432385 0.091980
vt 0.640686 0.812797
vt 0.638943 0.826711
vt 0.433492 0.067112
vt 0.434234 0.080949
vt 0.891540 0.585761
vt 0.898344 0.592515
vt 0.895305 0.586583
vt 0.070187 0.578450
vt 0.064212 0.578346
vt 0.067987 0.580256
vt 0.063695 0.587205
vt 0.886558 0.586481
vt 0.870691 0.593097
vt 0.087180 0.615492
vt 0.082732 0.635170
vt 0.125416 0.993999
vt 0.679284 0.161088
vt 0.681271 0.159426
vt 0.723567 0.051139
vt 0.720697 0.052494
vt 0.554156 0.033703
vt 0.553765 0.038409
vt 0.556068 0.036039
vt 0.556371 0.023300
vt 0.551362 0.035136
vt 0.575546 0.037407
vt 0.560609 0.048753
vt 0.570014 0.044605
vt 0.540349 0.037234
vt 0.547204 0.048753
vt 0.229091 0.864792
vt 0.543466 0.026643
vt 0.181620 0.392360
vt 0.187013 0.403347
vt 0.719590 0.066184
vt 0.242332 0.765360
vt 0.242332 0.777847
vt 0.226972 0.869146
vt 0.229361 0.878709
vt 0.103855 0.300994
vt 0.106624 0.305262
vt 0.115746 0.297570
vt 0.675917 0.149725
vt 0.514037 0.311508
vt 0.529060 0.314830
vt 0.527958 0.301540
vt 0.022421 0.613012
vt 0.028489 0.617857
vt 0.026385 0.604978
vt 0.066010 0.256977
vt 0.070775 0.264564
vt 0.076844 0.253819
vt 0.022421 0.629925
vt 0.397591 0.044792
vt 0.402013 0.046118
vt 0.399803 0.043195
vt 0.399526 0.028517
vt 0.384327 0.052121
vt 0.398839 0.047298
vt 0.035245 0.625488
vt 0.394434 0.061699
vt 0.407545 0.059900
vt 0.416434 0.033632
vt 0.417551 0.057621
vt 0.414329 0.061699
vt 0.682266 0.146624
vt 0.223840 0.055317
vt 0.066106 0.023167
vt 0.067386 0.021467
vt 0.720181 0.986616
vt 0.718141 0.972444
vt 0.716575 0.973783
vt 0.049848 0.018301
vt 0.064180 0.008933
vt 0.125491 0.006938
vt 0.127806 0.020680
vt 0.006926 0.393991
vt 0.011252 0.411102
vt 0.007380 0.411641
vt 0.010612 0.419624
vt 0.006840 0.428127
vt 0.005223 0.421232
vt 0.008340 0.434653
vt 0.012604 0.427224
vt 0.010638 0.443072
vt 0.013157 0.436513
vt 0.016756 0.442578
vt 0.016708 0.431631
vt 0.016236 0.414607
vt 0.017745 0.398182
vt 0.187841 0.727362
vt 0.197363 0.729741
vt 0.198972 0.722254
vt 0.227093 0.844597
vt 0.221385 0.856288
vt 0.228877 0.853231
vt 0.216087 0.849574
vt 0.215504 0.855550
vt 0.024758 0.457120
vt 0.022456 0.445432
vt 0.216776 0.837528
vt 0.215504 0.845770
vt 0.226358 0.833293
vt 0.217823 0.824444
vt 0.216353 0.832274
vt 0.601875 0.716545
vt 0.601834 0.706946
vt 0.593679 0.701362
vt 0.603677 0.699218
vt 0.603698 0.730912
vt 0.603698 0.722083
vt 0.540381 0.123163
vt 0.542921 0.118236
vt 0.539654 0.118853
vt 0.529653 0.126757
vt 0.528462 0.120399
vt 0.523700 0.127068
vt 0.522718 0.120650
vt 0.514221 0.122602
vt 0.544332 0.122438
vt 0.550111 0.117305
vt 0.551614 0.120379
vt 0.559649 0.114496
vt 0.555804 0.110207
vt 0.548753 0.105920
vt 0.540874 0.112808
vt 0.530418 0.111623
vt 0.562924 0.122688
vt 0.515022 0.137632
vt 0.492593 0.117771
vt 0.497334 0.117598
vt 0.483317 0.114949
vt 0.965634 0.286392
vt 0.969381 0.272913
vt 0.960391 0.274243
vt 0.990303 0.572821
vt 0.978207 0.581381
vt 0.992289 0.582713
vt 0.977784 0.569955
vt 0.990209 0.563797
vt 0.975233 0.709554
vt 0.984314 0.720741
vt 0.981108 0.705880
vt 0.969370 0.721553
vt 0.967830 0.708284
vt 0.975314 0.285642
vt 0.970892 0.285671
vt 0.940024 0.851570
vt 0.945448 0.842488
vt 0.935860 0.840081
vt 0.949577 0.852685
vt 0.950036 0.840889
vt 0.018920 0.059939
vt 0.013588 0.053351
vt 0.009173 0.060319
vt 0.019945 0.057418
vt 0.018326 0.049951
vt 0.023857 0.052031
vt 0.023114 0.047289
vt 0.977860 0.733016
vt 0.977120 0.720504
vt 0.964725 0.574589
vt 0.977351 0.575345
vt 0.964511 0.582713
vt 0.970691 0.301665
vt 0.363693 0.088505
vt 0.083111 0.717029
vt 0.075948 0.709454
vt 0.078085 0.717274
vt 0.085270 0.705020
vt 0.078374 0.702325
vt 0.081786 0.729996
vt 0.077188 0.730915
vt 0.075030 0.721818
vt 0.073837 0.740763
vt 0.138706 0.327450
vt 0.129180 0.317330
vt 0.128911 0.330143
vt 0.145289 0.326271
vt 0.137422 0.315782
vt 0.064891 0.854869
vt 0.069997 0.848795
vt 0.063448 0.850918
vt 0.064298 0.859663
vt 0.069997 0.856371
vt 0.151071 0.322187
vt 0.142415 0.314176
vt 0.984431 0.376253
vt 0.975475 0.364176
vt 0.974658 0.372504
vt 0.989868 0.362318
vt 0.975756 0.356524
vt 0.244957 0.814423
vt 0.698634 0.047203
vt 0.705942 0.034020
vt 0.696287 0.032820
vt 0.690154 0.049309
vt 0.682456 0.035279
vt 0.682135 0.050291
vt 0.253148 0.801460
vt 0.350716 0.019614
vt 0.362162 0.025669
vt 0.361219 0.018368
vt 0.360427 0.011941
vt 0.347461 0.009401
vt 0.349282 0.025946
vt 0.361095 0.032767
vt 0.256395 0.786875
vt 0.259852 0.778024
vt 0.254917 0.783275
vt 0.376751 0.016827
vt 0.962018 0.366225
vt 0.961577 0.373587
vt 0.698138 0.061521
vt 0.705004 0.063135
vt 0.703018 0.046261
vt 0.959070 0.359960
vt 0.963157 0.352641
vt 0.131509 0.302111
vt 0.139699 0.296885
vt 0.710584 0.056991
vt 0.151071 0.299205
vt 0.146816 0.295123
vt 0.681406 0.061351
vt 0.688708 0.063135
vt 0.693464 0.061847
vt 0.372879 0.009401
vt 0.038025 0.955069
vt 0.042382 0.962428
vt 0.042382 0.954341
vt 0.074792 0.726318
vt 0.244958 0.788301
vt 0.842820 0.008557
vt 0.841288 0.021411
vt 0.845900 0.020932
vt 0.838464 0.008831
vt 0.837344 0.021177
vt 0.836663 0.037232
vt 0.842027 0.036280
vt 0.826543 0.036978
vt 0.826543 0.009631
vt 0.834813 0.009743
vt 0.856993 0.033350
vt 0.850400 0.041004
vt 0.853031 0.008213
vt 0.851307 0.020042
vt 0.264470 0.771781
vt 0.253329 0.770040
vt 0.266983 0.767364
vt 0.373051 0.035316
vt 0.379405 0.027700
vt 0.579618 0.521186
vt 0.943024 0.863159
vt 0.944385 0.852826
vt 0.940576 0.875845
vt 0.949104 0.864699
vt 0.939056 0.863959
vt 0.935860 0.873344
vt 0.368581 0.088577
vt 0.015018 0.063077
vt 0.952337 0.846912
vt 0.975305 0.935511
vt 0.972108 0.926552
vt 0.971851 0.936528
vt 0.981542 0.927954
vt 0.975245 0.927263
vt 0.984717 0.937035
vt 0.979603 0.936496
vt 0.989266 0.927849
vt 0.984993 0.927811
vt 0.990503 0.942567
vt 0.990071 0.937260
vt 0.980862 0.945217
vt 0.975827 0.945876
vt 0.971704 0.948087
vt 0.266201 0.763096
vt 0.263072 0.759212
vt 0.258386 0.759850
vt 0.268229 0.757765
vt 0.274947 0.747014
vt 0.270989 0.754200
vt 0.275517 0.743344
vt 0.276846 0.739767
vt 0.026623 0.048410
vt 0.945879 0.426913
vt 0.949663 0.430611
vt 0.952061 0.426786
vt 0.945909 0.434087
vt 0.034624 0.066845
vt 0.046357 0.069853
vt 0.027381 0.061298
vt 0.035153 0.063771
vt 0.026032 0.063826
vt 0.028867 0.055483
vt 0.037260 0.056835
vt 0.031923 0.051141
vt 0.942367 0.434754
vt 0.947396 0.438644
vt 0.943829 0.439869
vt 0.951803 0.437078
vt 0.953784 0.455273
vt 0.948088 0.462946
vt 0.959470 0.442111
vt 0.958207 0.434386
vt 0.590609 0.524562
vt 0.583719 0.525361
vt 0.383356 0.075710
vt 0.952250 0.876580
vt 0.948878 0.879568
vt 0.989383 0.917078
vt 0.982708 0.917212
vt 0.987053 0.916978
vt 0.976453 0.917207
vt 0.007696 0.358957
vt 0.005554 0.358331
vt 0.003749 0.364770
vt 0.971704 0.917225
vt 0.005065 0.348556
vt 0.003749 0.353665
vt 0.372483 0.084915
vt 0.025861 0.125217
vt 0.008802 0.031664
vt 0.017633 0.030954
vt 0.023426 0.030222
vt 0.175413 0.766589
vt 0.173697 0.766599
vt 0.175727 0.760676
vt 0.176638 0.748920
vt 0.177316 0.757191
vt 0.174359 0.748934
vt 0.033005 0.029426
vt 0.040465 0.032488
vt 0.040150 0.035501
vt 0.177814 0.736217
vt 0.178891 0.744109
vt 0.178891 0.771370
vt 0.723117 0.049280
vt 0.080218 0.567640
vt 0.080218 0.554113
vt 0.171727 0.399469
vt 0.065651 0.252663
vt 0.232403 0.767191
vt 0.679565 0.162435
vt 0.119679 0.632603
vt 0.119679 0.619382
vt 0.194433 0.731092
vt 0.194847 0.732911
vt 0.717955 0.971383
vt 0.089411 0.696175
vt 0.089411 0.683298
vt 0.529421 0.317619
vt 0.527213 0.316305
vt 0.025136 0.020062
vt 0.025136 0.007370
vt 0.047798 0.997034
vt 0.045514 0.997070
vt 0.970372 0.682106
vt 0.150026 0.623707
vt 0.147226 0.616680
vt 0.066749 0.024938
vt 0.090367 0.982036
vt 0.099469 0.991505
vt 0.008784 0.033256
vt 0.190250 0.501381
vt 0.181918 0.501675
vt 0.839249 0.357248
vt 0.134382 0.893603
vt 0.122597 0.881900
vt 0.403997 0.307195
vt 0.015049 0.364366
vt 0.031501 0.354104
vt 0.034679 0.563941
vt 0.168995 0.951387
vt 0.891451 0.807597
vt 0.880044 0.804117
vt 0.888645 0.814735
vt 0.922179 0.970130
vt 0.924824 0.955556
vt 0.920054 0.956948
vt 0.934753 0.993251
vt 0.950132 0.991137
vt 0.941884 0.978069
vt 0.909558 0.808630
vt 0.899095 0.797788
vt 0.900948 0.816747
vt 0.486615 0.610530
vt 0.495807 0.612842
vt 0.488175 0.602495
vt 0.952951 0.956772
vt 0.958795 0.965515
vt 0.965219 0.959175
vt 0.492479 0.782784
vt 0.484009 0.777528
vt 0.487287 0.784837
vt 0.475918 0.780151
vt 0.486612 0.762973
vt 0.490609 0.774227
vt 0.474764 0.765993
vt 0.501597 0.760006
vt 0.493400 0.760937
vt 0.497832 0.771135
vt 0.501089 0.974487
vt 0.503686 0.960755
vt 0.496066 0.976611
vt 0.490385 0.968004
vt 0.894249 0.753350
vt 0.893588 0.768945
vt 0.900290 0.760894
vt 0.886363 0.771625
vt 0.895808 0.779419
vt 0.884064 0.760296
vt 0.887666 0.755793
vt 0.495588 0.779913
vt 0.498811 0.788974
vt 0.502282 0.780820
vt 0.877254 0.764833
vt 0.489141 0.980503
vt 0.444780 0.778504
vt 0.459692 0.772051
vt 0.447331 0.771176
vt 0.913443 0.811873
vt 0.901111 0.826398
vt 0.521402 0.977310
vt 0.512793 0.960595
vt 0.512491 0.976744
vt 0.511414 0.983755
vt 0.518299 0.986874
vt 0.531761 0.976568
vt 0.524593 0.960975
vt 0.566040 0.964182
vt 0.555305 0.961856
vt 0.555544 0.979572
vt 0.883828 0.820259
vt 0.904654 0.756666
vt 0.908033 0.769099
vt 0.926992 0.984302
vt 0.500303 0.852443
vt 0.508825 0.811699
vt 0.495219 0.810186
vt 0.913243 0.779174
vt 0.923195 0.784509
vt 0.916205 0.775063
vt 0.908745 0.786762
vt 0.915887 0.785487
vt 0.906528 0.778057
vt 0.527071 0.984635
vt 0.526800 0.990195
vt 0.533781 0.984915
vt 0.541201 0.982832
vt 0.548514 0.977620
vt 0.541704 0.976436
vt 0.468600 0.789892
vt 0.477785 0.797548
vt 0.475962 0.789048
vt 0.465782 0.783614
vt 0.457560 0.787892
vt 0.466081 0.797574
vt 0.941212 0.944336
vt 0.941612 0.951168
vt 0.947357 0.946895
vt 0.945276 0.955671
vt 0.935164 0.965564
vt 0.949655 0.962082
vt 0.461410 0.603315
vt 0.470642 0.612112
vt 0.469421 0.601877
vt 0.479511 0.601794
vt 0.465263 0.624712
vt 0.476024 0.623795
vt 0.479334 0.611013
vt 0.486997 0.623032
vt 0.487033 0.659016
vt 0.497080 0.657173
vt 0.500207 0.620305
vt 0.484252 0.818351
vt 0.496834 0.693108
vt 0.505336 0.890042
vt 0.491539 0.855508
vt 0.496937 0.892043
vt 0.509825 0.925872
vt 0.515525 0.889237
vt 0.520155 0.925494
vt 0.526374 0.889175
vt 0.532874 0.925387
vt 0.542608 0.960245
vt 0.542682 0.925679
vt 0.544663 0.986118
vt 0.548525 0.991414
vt 0.917288 0.797260
vt 0.923578 0.797789
vt 0.918650 0.813517
vt 0.538725 0.996523
vt 0.534937 0.989559
vt 0.923578 0.767391
vt 0.912179 0.796914
vt 0.535568 0.889473
vt 0.522270 0.851356
vt 0.511797 0.851418
vt 0.502282 0.610261
vt 0.920899 0.985235
vt 0.496689 0.598810
vt 0.485006 0.597417
vt 0.931496 0.945334
vt 0.929768 0.954652
vt 0.927341 0.970016
vt 0.920435 0.949232
vt 0.955483 0.969841
vt 0.962366 0.971863
vt 0.530090 0.807152
vt 0.540106 0.814892
vt 0.541675 0.806227
vt 0.530784 0.851936
vt 0.458155 0.625290
vt 0.452450 0.661834
vt 0.460738 0.661816
vt 0.461982 0.698141
vt 0.470740 0.696763
vt 0.472844 0.731623
vt 0.482646 0.729636
vt 0.490065 0.728318
vt 0.479926 0.695428
vt 0.468509 0.661037
vt 0.477825 0.660055
vt 0.456794 0.616418
vt 0.449572 0.624670
vt 0.456303 0.604267
vt 0.452400 0.604268
vt 0.448662 0.616170
vt 0.463769 0.615171
vt 0.520029 0.809383
vt 0.488195 0.694320
vt 0.498072 0.727507
vt 0.501656 0.927250
vt 0.506529 0.976778
vt 0.462508 0.733777
vt 0.452777 0.736370
vt 0.563348 0.957146
vt 0.544974 0.889004
vt 0.552312 0.924457
vt 0.540554 0.852650
vt 0.959367 0.982821
vt 0.453233 0.699206
vt 0.950570 0.950763
vt 0.873973 0.809807
vt 0.868434 0.797972
vt 0.876339 0.795478
vt 0.867750 0.782555
vt 0.888032 0.799276
vt 0.886820 0.792396
vt 0.876209 0.783015
vt 0.898789 0.789045
vt 0.884806 0.781942
vt 0.868834 0.773174
vt 0.490876 0.793091
vt 0.870573 0.764579
vt 0.877810 0.772711
vt 0.484252 0.976741
vt 0.887127 0.286943
vt 0.875720 0.283463
vt 0.883708 0.278622
vt 0.916703 0.337040
vt 0.919348 0.322466
vt 0.921865 0.336926
vt 0.929277 0.360161
vt 0.936408 0.344979
vt 0.944656 0.358047
vt 0.894771 0.277134
vt 0.905234 0.287975
vt 0.896624 0.296092
vt 0.433464 0.983782
vt 0.431904 0.991817
vt 0.424272 0.981470
vt 0.947475 0.323682
vt 0.959743 0.326085
vt 0.953320 0.332425
vt 0.427600 0.811528
vt 0.436070 0.816784
vt 0.429470 0.820086
vt 0.432793 0.809475
vt 0.444161 0.814161
vt 0.433467 0.831339
vt 0.445316 0.828319
vt 0.418482 0.834306
vt 0.422247 0.823177
vt 0.426679 0.833375
vt 0.527250 0.783646
vt 0.522226 0.785771
vt 0.529846 0.769914
vt 0.516545 0.777163
vt 0.889264 0.248291
vt 0.889925 0.232695
vt 0.895966 0.240240
vt 0.891484 0.258764
vt 0.882039 0.250971
vt 0.879740 0.239641
vt 0.883342 0.235138
vt 0.424491 0.814399
vt 0.421269 0.805338
vt 0.872930 0.244179
vt 0.873486 0.252057
vt 0.515302 0.789662
vt 0.475299 0.815808
vt 0.472748 0.823136
vt 0.460387 0.822261
vt 0.909119 0.291218
vt 0.884321 0.294081
vt 0.547562 0.786469
vt 0.538953 0.769754
vt 0.550754 0.770134
vt 0.537574 0.792914
vt 0.538651 0.785903
vt 0.557922 0.785727
vt 0.592200 0.773342
vt 0.581704 0.788731
vt 0.581466 0.771015
vt 0.896787 0.305744
vt 0.879504 0.299604
vt 0.900330 0.236011
vt 0.903709 0.248445
vt 0.921516 0.351212
vt 0.526464 0.661602
vt 0.534985 0.620858
vt 0.537958 0.660577
vt 0.908919 0.258520
vt 0.918871 0.263855
vt 0.911563 0.264833
vt 0.904421 0.266108
vt 0.902204 0.257402
vt 0.911881 0.254409
vt 0.553232 0.793794
vt 0.544460 0.796033
vt 0.559941 0.794074
vt 0.552960 0.799354
vt 0.567362 0.791991
vt 0.574675 0.786779
vt 0.570823 0.795277
vt 0.451479 0.804420
vt 0.442294 0.796764
vt 0.453998 0.796738
vt 0.444117 0.805264
vt 0.462519 0.806420
vt 0.454297 0.810698
vt 0.935736 0.311246
vt 0.941881 0.313805
vt 0.936137 0.318078
vt 0.939801 0.322581
vt 0.944179 0.328992
vt 0.929688 0.332474
vt 0.458669 0.990997
vt 0.449437 0.982200
vt 0.456311 0.979141
vt 0.440568 0.992518
vt 0.440746 0.983299
vt 0.454816 0.969600
vt 0.444055 0.970517
vt 0.433082 0.971280
vt 0.433047 0.935296
vt 0.442254 0.934257
vt 0.422999 0.937139
vt 0.419872 0.974007
vt 0.510412 0.627510
vt 0.521380 0.619345
vt 0.423245 0.901204
vt 0.517699 0.664667
vt 0.531497 0.699201
vt 0.523097 0.701202
vt 0.535985 0.735031
vt 0.541685 0.698396
vt 0.546315 0.734653
vt 0.552535 0.698334
vt 0.559034 0.734547
vt 0.568768 0.769404
vt 0.568843 0.734838
vt 0.567864 0.785595
vt 0.912964 0.276606
vt 0.919254 0.277134
vt 0.914326 0.292863
vt 0.564886 0.805682
vt 0.574685 0.800574
vt 0.561098 0.798718
vt 0.919254 0.246737
vt 0.907855 0.276260
vt 0.561728 0.698632
vt 0.548430 0.660515
vt 0.417797 0.984051
vt 0.915424 0.352145
vt 0.423390 0.995502
vt 0.914578 0.362572
vt 0.435073 0.996895
vt 0.926020 0.312244
vt 0.924292 0.321562
vt 0.914578 0.323858
vt 0.914959 0.316142
vt 0.950007 0.336751
vt 0.956890 0.338773
vt 0.556251 0.616311
vt 0.567836 0.615386
vt 0.566267 0.624051
vt 0.556945 0.661095
vt 0.461924 0.969022
vt 0.467630 0.932478
vt 0.470508 0.969642
vt 0.458097 0.896171
vt 0.459341 0.932496
vt 0.449339 0.897549
vt 0.447235 0.862689
vt 0.437433 0.864676
vt 0.430015 0.865994
vt 0.440154 0.898884
vt 0.431884 0.899992
vt 0.451571 0.933275
vt 0.463285 0.977895
vt 0.467679 0.990044
vt 0.463777 0.990045
vt 0.471417 0.978141
vt 0.546189 0.618542
vt 0.422007 0.866805
vt 0.527817 0.736409
vt 0.532690 0.785938
vt 0.457571 0.860535
vt 0.467303 0.857942
vt 0.589509 0.766305
vt 0.571135 0.698163
vt 0.578472 0.733616
vt 0.566714 0.661809
vt 0.953891 0.349731
vt 0.466846 0.895106
vt 0.945095 0.317673
vt 0.869649 0.289153
vt 0.864110 0.277318
vt 0.872015 0.274824
vt 0.863426 0.261901
vt 0.871885 0.262360
vt 0.882496 0.271741
vt 0.880482 0.261287
vt 0.894465 0.268391
vt 0.864510 0.252520
vt 0.429203 0.801221
vt 0.510412 0.785900
vt 0.837924 0.550650
vt 0.830182 0.539403
vt 0.826078 0.550650
vt 0.339220 0.254026
vt 0.335683 0.259565
vt 0.340848 0.261470
vt 0.923997 0.519132
vt 0.933778 0.522181
vt 0.924615 0.515004
vt 0.375471 0.520732
vt 0.362967 0.523300
vt 0.369160 0.532989
vt 0.081493 0.057345
vt 0.088976 0.047666
vt 0.078171 0.044909
vt 0.352416 0.535880
vt 0.350477 0.527452
vt 0.340105 0.538268
vt 0.334353 0.526956
vt 0.870751 0.543605
vt 0.864381 0.551419
vt 0.881516 0.550280
vt 0.118409 0.046457
vt 0.118687 0.052826
vt 0.123406 0.046411
vt 0.820421 0.533159
vt 0.819941 0.543545
vt 0.366774 0.718218
vt 0.367557 0.723306
vt 0.375650 0.718604
vt 0.364053 0.722581
vt 0.360875 0.717412
vt 0.357284 0.730268
vt 0.366546 0.695951
vt 0.094833 0.518698
vt 0.102007 0.512863
vt 0.091622 0.514895
vt 0.096761 0.505090
vt 0.118101 0.512582
vt 0.116916 0.517509
vt 0.865569 0.542149
vt 0.860498 0.540139
vt 0.102183 0.529417
vt 0.096845 0.539125
vt 0.105867 0.537770
vt 0.086518 0.520310
vt 0.094740 0.531977
vt 0.089660 0.540964
vt 0.346997 0.717208
vt 0.918000 0.534579
vt 0.927932 0.541579
vt 0.934978 0.533897
vt 0.123474 0.606593
vt 0.134237 0.600104
vt 0.118428 0.596062
vt 0.133653 0.583379
vt 0.116995 0.582963
vt 0.106479 0.599603
vt 0.098095 0.598126
vt 0.101307 0.604869
vt 0.871001 0.473856
vt 0.864398 0.484452
vt 0.870052 0.483792
vt 0.840060 0.524830
vt 0.833891 0.524754
vt 0.841307 0.537310
vt 0.120454 0.062789
vt 0.111899 0.054854
vt 0.114804 0.065035
vt 0.126552 0.057582
vt 0.311119 0.588020
vt 0.308396 0.593698
vt 0.318138 0.594754
vt 0.619173 0.446462
vt 0.621016 0.452776
vt 0.624799 0.448880
vt 0.619033 0.441707
vt 0.615777 0.447986
vt 0.299480 0.610151
vt 0.292847 0.599753
vt 0.291343 0.607878
vt 0.122145 0.541903
vt 0.122105 0.534983
vt 0.285060 0.531288
vt 0.265063 0.533276
vt 0.281189 0.538289
vt 0.862615 0.502485
vt 0.875383 0.517638
vt 0.876555 0.495012
vt 0.862890 0.472499
vt 0.857525 0.484302
vt 0.856079 0.495376
vt 0.864602 0.494729
vt 0.297036 0.585986
vt 0.312055 0.576781
vt 0.609680 0.432836
vt 0.618119 0.422754
vt 0.610461 0.420827
vt 0.613105 0.442201
vt 0.618256 0.434011
vt 0.627434 0.417055
vt 0.625093 0.430610
vt 0.626211 0.409092
vt 0.620717 0.414866
vt 0.263987 0.526806
vt 0.234286 0.519371
vt 0.233721 0.525187
vt 0.272311 0.520762
vt 0.233567 0.531074
vt 0.882561 0.484343
vt 0.891404 0.496421
vt 0.897702 0.490658
vt 0.374705 0.551085
vt 0.380964 0.532205
vt 0.366916 0.550870
vt 0.286698 0.514628
vt 0.269896 0.509964
vt 0.847593 0.542518
vt 0.844349 0.549452
vt 0.332661 0.268759
vt 0.341266 0.267975
vt 0.849746 0.536330
vt 0.826824 0.527050
vt 0.846990 0.529428
vt 0.332661 0.234849
vt 0.341019 0.247770
vt 0.342833 0.236200
vt 0.132638 0.053499
vt 0.389979 0.550750
vt 0.386374 0.534740
vt 0.382111 0.550784
vt 0.382458 0.585078
vt 0.233217 0.512951
vt 0.192862 0.519852
vt 0.192991 0.529824
vt 0.192939 0.524792
vt 0.153901 0.529392
vt 0.192746 0.536963
vt 0.153036 0.542774
vt 0.153556 0.535731
vt 0.244736 0.603238
vt 0.205243 0.598139
vt 0.205411 0.602945
vt 0.192325 0.544546
vt 0.275871 0.598640
vt 0.244902 0.598448
vt 0.276067 0.592320
vt 0.245019 0.591634
vt 0.294788 0.593940
vt 0.303480 0.603261
vt 0.306404 0.598471
vt 0.310266 0.605468
vt 0.316362 0.600388
vt 0.322381 0.607825
vt 0.321950 0.600651
vt 0.306240 0.612597
vt 0.913214 0.569773
vt 0.899524 0.562417
vt 0.905098 0.573489
vt 0.907503 0.558841
vt 0.920588 0.564108
vt 0.918363 0.555803
vt 0.907679 0.554125
vt 0.898148 0.556676
vt 0.917060 0.544825
vt 0.900559 0.548093
vt 0.898936 0.536894
vt 0.627434 0.441654
vt 0.925575 0.549655
vt 0.929000 0.554202
vt 0.927258 0.559811
vt 0.917453 0.551470
vt 0.276077 0.584760
vt 0.244969 0.584337
vt 0.244943 0.577613
vt 0.276439 0.578674
vt 0.244886 0.570214
vt 0.277188 0.570447
vt 0.297233 0.577578
vt 0.296995 0.567639
vt 0.334353 0.712527
vt 0.348291 0.694367
vt 0.338436 0.692655
vt 0.311221 0.567914
vt 0.308019 0.557415
vt 0.612470 0.411340
vt 0.620032 0.402508
vt 0.355902 0.661333
vt 0.348918 0.661046
vt 0.354903 0.713125
vt 0.356273 0.694947
vt 0.343605 0.621334
vt 0.340378 0.660630
vt 0.205049 0.576931
vt 0.205293 0.569447
vt 0.204942 0.584099
vt 0.205090 0.591088
vt 0.165273 0.598583
vt 0.165681 0.603870
vt 0.232861 0.540602
vt 0.264956 0.550677
vt 0.266312 0.544363
vt 0.278208 0.545740
vt 0.263513 0.556615
vt 0.276817 0.553948
vt 0.232168 0.548618
vt 0.134213 0.606756
vt 0.136730 0.592746
vt 0.164762 0.590624
vt 0.164512 0.583369
vt 0.134400 0.573422
vt 0.164973 0.575450
vt 0.165936 0.567031
vt 0.136868 0.563297
vt 0.346027 0.582052
vt 0.352257 0.621933
vt 0.355774 0.582563
vt 0.359144 0.622476
vt 0.362381 0.661473
vt 0.365143 0.622952
vt 0.367384 0.661495
vt 0.362697 0.695681
vt 0.372342 0.661640
vt 0.153780 0.513802
vt 0.192675 0.514469
vt 0.370134 0.623333
vt 0.153039 0.518582
vt 0.120584 0.522459
vt 0.153806 0.523957
vt 0.121318 0.528321
vt 0.097581 0.522400
vt 0.375641 0.623811
vt 0.376067 0.584056
vt 0.370227 0.583427
vt 0.363901 0.582988
vt 0.355716 0.551558
vt 0.345387 0.553032
vt 0.122181 0.557827
vt 0.117748 0.568911
vt 0.109532 0.557415
vt 0.106195 0.567426
vt 0.105421 0.582801
vt 0.098693 0.582845
vt 0.858340 0.533339
vt 0.863852 0.517732
vt 0.856639 0.517641
vt 0.855526 0.502496
vt 0.863804 0.532573
vt 0.874033 0.534664
vt 0.888818 0.529279
vt 0.887268 0.515562
vt 0.103107 0.047829
vt 0.104773 0.058471
vt 0.888523 0.500530
vt 0.098757 0.059145
vt 0.107582 0.066222
vt 0.089629 0.060380
vt 0.099398 0.069176
vt 0.275719 0.603309
vt 0.914424 0.518128
vt 0.921923 0.521900
vt 0.914985 0.521469
vt 0.932653 0.525432
vt 0.890769 0.540372
vt 0.876961 0.478930
vt 0.080164 0.067604
vt 0.099467 0.560660
vt 0.098568 0.567078
vt 0.112236 0.608138
vt 0.087790 0.510629
vt 0.899508 0.517116
vt 0.913674 0.514995
vt 0.898148 0.523998
vt 0.335684 0.736175
vt 0.344918 0.728314
vt 0.335012 0.727537
vt 0.372059 0.696525
vt 0.082486 0.516755
vt 0.088477 0.525219
vt 0.088221 0.532449
vt 0.335371 0.253364
vt 0.985249 0.487350
vt 0.977507 0.476104
vt 0.988632 0.474010
vt 0.643399 0.563863
vt 0.646936 0.558323
vt 0.648564 0.565768
vt 0.634759 0.071900
vt 0.630631 0.071282
vt 0.637808 0.062119
vt 0.370576 0.937474
vt 0.376887 0.925217
vt 0.383080 0.934906
vt 0.914947 0.839333
vt 0.924626 0.846815
vt 0.911911 0.847469
vt 0.393631 0.922326
vt 0.395570 0.930754
vt 0.405942 0.919938
vt 0.870751 0.727796
vt 0.881516 0.734471
vt 0.864381 0.735611
vt 0.925834 0.876248
vt 0.925880 0.881245
vt 0.919466 0.876527
vt 0.967266 0.480245
vt 0.967745 0.469859
vt 0.379272 0.739988
vt 0.370397 0.739602
vt 0.378490 0.734900
vt 0.381994 0.735625
vt 0.388763 0.727938
vt 0.385172 0.740794
vt 0.379501 0.762255
vt 0.403555 0.691995
vt 0.409390 0.699169
vt 0.405587 0.702380
vt 0.395782 0.697241
vt 0.403274 0.675900
vt 0.408200 0.677085
vt 0.865569 0.726341
vt 0.860498 0.724331
vt 0.420109 0.691819
vt 0.429817 0.697157
vt 0.422669 0.699262
vt 0.411002 0.707483
vt 0.431656 0.704342
vt 0.399049 0.740998
vt 0.391144 0.745081
vt 0.657206 0.067965
vt 0.650206 0.077897
vt 0.649524 0.060919
vt 0.314753 0.780537
vt 0.308264 0.769774
vt 0.318795 0.764728
vt 0.331478 0.779952
vt 0.322111 0.783030
vt 0.315255 0.752779
vt 0.309988 0.747607
vt 0.316731 0.744394
vt 0.871001 0.658048
vt 0.864398 0.668644
vt 0.862890 0.656690
vt 0.987385 0.461530
vt 0.981215 0.461454
vt 0.909503 0.878293
vt 0.917437 0.869738
vt 0.914709 0.884391
vt 0.326837 0.957419
vt 0.320103 0.964438
vt 0.321159 0.954696
vt 0.923725 0.378156
vt 0.921882 0.371841
vt 0.927121 0.376632
vt 0.923865 0.382910
vt 0.918099 0.375738
vt 0.304706 0.945780
vt 0.315104 0.939147
vt 0.311596 0.949780
vt 0.428462 0.688135
vt 0.425675 0.671897
vt 0.432595 0.671857
vt 0.421980 0.508942
vt 0.428981 0.512813
vt 0.423968 0.528939
vt 0.862615 0.686677
vt 0.876555 0.679203
vt 0.875383 0.701830
vt 0.857525 0.668493
vt 0.855526 0.657234
vt 0.856079 0.679568
vt 0.864602 0.678921
vt 0.328871 0.943335
vt 0.338076 0.958355
vt 0.933218 0.391781
vt 0.924779 0.401864
vt 0.924642 0.390606
vt 0.929793 0.382417
vt 0.915464 0.407563
vt 0.922181 0.409752
vt 0.916687 0.415525
vt 0.417498 0.530014
vt 0.410063 0.559716
vt 0.411454 0.521691
vt 0.421766 0.560435
vt 0.415879 0.560280
vt 0.882561 0.668535
vt 0.897702 0.674849
vt 0.891404 0.680613
vt 0.371342 0.907122
vt 0.379130 0.907337
vt 0.400656 0.524106
vt 0.405320 0.507304
vt 0.994917 0.479219
vt 0.991674 0.486152
vt 0.640376 0.573057
vt 0.997070 0.473031
vt 0.974149 0.463751
vt 0.994315 0.466129
vt 0.648734 0.552067
vt 0.640376 0.539146
vt 0.650549 0.540497
vt 0.918792 0.890478
vt 0.927382 0.889741
vt 0.356068 0.907456
vt 0.359673 0.923467
vt 0.353735 0.921841
vt 0.363589 0.873128
vt 0.363936 0.907422
vt 0.403643 0.560785
vt 0.410544 0.601140
vt 0.420516 0.601010
vt 0.415484 0.601063
vt 0.420084 0.640101
vt 0.427655 0.601256
vt 0.433466 0.640965
vt 0.426423 0.640446
vt 0.311620 0.891036
vt 0.316718 0.851543
vt 0.316410 0.891202
vt 0.435238 0.601677
vt 0.316217 0.922171
vt 0.322537 0.922366
vt 0.320917 0.941088
vt 0.316386 0.952704
vt 0.309389 0.956565
vt 0.314469 0.962662
vt 0.307032 0.968681
vt 0.314206 0.968249
vt 0.302260 0.952540
vt 0.678044 0.096373
vt 0.685399 0.082683
vt 0.689116 0.090799
vt 0.674468 0.088394
vt 0.679734 0.075310
vt 0.669752 0.088219
vt 0.671430 0.077534
vt 0.672303 0.097749
vt 0.660452 0.078837
vt 0.667097 0.078445
vt 0.663720 0.095339
vt 0.652521 0.096961
vt 0.915464 0.382963
vt 0.917805 0.394007
vt 0.665282 0.070322
vt 0.669829 0.066897
vt 0.675438 0.068639
vt 0.323223 0.891318
vt 0.330097 0.922377
vt 0.337244 0.891243
vt 0.336183 0.922739
vt 0.344643 0.891186
vt 0.344410 0.923488
vt 0.337279 0.943533
vt 0.411694 0.745680
vt 0.397756 0.763839
vt 0.347218 0.943295
vt 0.357442 0.954318
vt 0.346943 0.957521
vt 0.930428 0.413278
vt 0.922866 0.422110
vt 0.932437 0.403790
vt 0.390145 0.796873
vt 0.389774 0.763259
vt 0.407611 0.765551
vt 0.397129 0.797160
vt 0.402442 0.836873
vt 0.405668 0.797576
vt 0.337926 0.851349
vt 0.345410 0.851593
vt 0.330758 0.851242
vt 0.330520 0.891269
vt 0.323770 0.851390
vt 0.316275 0.811572
vt 0.310987 0.811981
vt 0.431294 0.561141
vt 0.439310 0.561834
vt 0.435055 0.527690
vt 0.441369 0.529046
vt 0.436432 0.515794
vt 0.444640 0.517185
vt 0.447307 0.530489
vt 0.324233 0.811062
vt 0.331489 0.810811
vt 0.341435 0.780700
vt 0.339407 0.811272
vt 0.347827 0.812236
vt 0.351560 0.783168
vt 0.400019 0.876154
vt 0.393790 0.836273
vt 0.390272 0.875644
vt 0.386903 0.835731
vt 0.383666 0.796733
vt 0.380904 0.835255
vt 0.378663 0.796711
vt 0.383350 0.762526
vt 0.373705 0.796566
vt 0.404494 0.640221
vt 0.409274 0.640963
vt 0.375913 0.834873
vt 0.370406 0.834395
vt 0.413151 0.673418
vt 0.414649 0.640196
vt 0.419013 0.672684
vt 0.413092 0.696421
vt 0.369980 0.874150
vt 0.375820 0.874779
vt 0.382146 0.875218
vt 0.390331 0.906648
vt 0.400660 0.905174
vt 0.357030 0.768481
vt 0.345946 0.764048
vt 0.357442 0.755832
vt 0.332056 0.751721
vt 0.347431 0.752494
vt 0.331894 0.763295
vt 0.332012 0.744993
vt 0.863852 0.701924
vt 0.858340 0.717531
vt 0.856639 0.701833
vt 0.863803 0.716765
vt 0.874033 0.718856
vt 0.888818 0.713471
vt 0.924463 0.860947
vt 0.913821 0.862612
vt 0.888523 0.684722
vt 0.887268 0.699753
vt 0.906069 0.865421
vt 0.913146 0.856596
vt 0.907257 0.872643
vt 0.903115 0.857237
vt 0.311548 0.922019
vt 0.365083 0.926002
vt 0.633755 0.081474
vt 0.637526 0.073975
vt 0.641059 0.063245
vt 0.890769 0.724564
vt 0.876961 0.663122
vt 0.870052 0.667984
vt 0.973403 0.487350
vt 0.904687 0.838003
vt 0.354197 0.745767
vt 0.306719 0.758536
vt 0.401321 0.706211
vt 0.632742 0.096389
vt 0.639625 0.097749
vt 0.637096 0.080913
vt 0.410363 0.722032
vt 0.401129 0.729893
vt 0.396456 0.723013
vt 0.411035 0.730669
vt 0.373987 0.761681
vt 0.407447 0.711516
vt 0.415911 0.705525
vt 0.423140 0.705781
vt 0.643086 0.557662
vt 0.640564 0.551983
vt 0.766806 0.032192
vt 0.775720 0.040326
vt 0.778152 0.032192
vt 0.786478 0.047709
vt 0.785769 0.038028
vt 0.793503 0.046098
vt 0.789930 0.055815
vt 0.795845 0.060451
vt 0.789269 0.064286
vt 0.781510 0.057099
vt 0.780810 0.064360
vt 0.769991 0.062888
vt 0.773023 0.055306
vt 0.762469 0.059056
vt 0.768479 0.040973
vt 0.760515 0.041767
vt 0.764665 0.044702
vt 0.760313 0.049846
vt 0.754887 0.053991
vt 0.755927 0.048976
vt 0.751511 0.053075
vt 0.802259 0.851802
vt 0.811623 0.849523
vt 0.802538 0.848409
vt 0.796016 0.851890
vt 0.795022 0.845400
vt 0.792799 0.848925
vt 0.791746 0.845552
vt 0.784666 0.850409
vt 0.783438 0.854415
vt 0.754524 0.064278
vt 0.758076 0.061295
vt 0.761365 0.068770
vt 0.765977 0.065288
vt 0.768852 0.069905
vt 0.795568 0.067930
vt 0.626359 0.262052
vt 0.624779 0.268808
vt 0.628405 0.263732
vt 0.631849 0.273303
vt 0.635737 0.270931
vt 0.635737 0.275789
vt 0.621927 0.278492
vt 0.625255 0.283636
vt 0.618389 0.289815
vt 0.615440 0.274078
vt 0.611211 0.287285
vt 0.603330 0.282716
vt 0.601971 0.294911
vt 0.598047 0.287449
vt 0.593088 0.298257
vt 0.590345 0.301631
vt 0.596190 0.309773
vt 0.590519 0.311029
vt 0.595429 0.323132
vt 0.587228 0.323934
vt 0.593285 0.335644
vt 0.607326 0.307012
vt 0.612523 0.297720
vt 0.625055 0.290931
vt 0.623132 0.299359
vt 0.606565 0.323116
vt 0.621040 0.309417
vt 0.635737 0.321788
vt 0.635737 0.307560
vt 0.635737 0.299810
vt 0.635737 0.291147
vt 0.604844 0.338356
vt 0.618807 0.340824
vt 0.620002 0.323916
vt 0.635737 0.343582
vt 0.776748 0.049136
vt 0.456695 0.026151
vt 0.459851 0.035004
vt 0.459165 0.025188
vt 0.634648 0.262534
vt 0.635737 0.262539
vt 0.977177 0.594485
vt 0.978326 0.597380
vt 0.978321 0.594415
vt 0.982930 0.597057
vt 0.987326 0.604604
vt 0.980133 0.602508
vt 0.981601 0.607897
vt 0.983341 0.614852
vt 0.987514 0.616232
vt 0.982743 0.617771
vt 0.985804 0.620014
vt 0.980597 0.618950
vt 0.980706 0.624101
vt 0.977403 0.622458
vt 0.977323 0.612563
vt 0.977362 0.617364
vt 0.977277 0.606922
vt 0.809812 0.854486
vt 0.818138 0.862210
vt 0.818088 0.857193
vt 0.818046 0.851851
vt 0.799403 0.843627
vt 0.807640 0.840917
vt 0.805403 0.838785
vt 0.809784 0.835998
vt 0.807939 0.834590
vt 0.812959 0.843466
vt 0.815209 0.836950
vt 0.816841 0.846171
vt 0.819369 0.837161
vt 0.826779 0.850999
vt 0.825420 0.844184
vt 0.825686 0.836531
vt 0.824112 0.827929
vt 0.821112 0.827220
vt 0.826053 0.828146
vt 0.825502 0.822577
vt 0.812865 0.825871
vt 0.823928 0.819837
vt 0.791509 0.842072
vt 0.793045 0.829953
vt 0.790181 0.836707
vt 0.798888 0.822111
vt 0.813583 0.815929
vt 0.780421 0.842785
vt 0.777456 0.831116
vt 0.776965 0.822055
vt 0.800780 0.808665
vt 0.779797 0.811749
vt 0.584398 0.333234
vt 0.588953 0.347987
vt 0.193041 0.388391
vt 0.200356 0.372808
vt 0.187394 0.378421
vt 0.601703 0.352737
vt 0.193824 0.359873
vt 0.179808 0.366197
vt 0.616698 0.356606
vt 0.187245 0.346036
vt 0.172747 0.351357
vt 0.181638 0.329975
vt 0.167647 0.331767
vt 0.469248 0.028046
vt 0.471113 0.038833
vt 0.479443 0.028008
vt 0.480444 0.037700
vt 0.486043 0.037168
vt 0.487182 0.025188
vt 0.831347 0.878622
vt 0.829313 0.870960
vt 0.820786 0.872591
vt 0.415264 0.781383
vt 0.415264 0.787556
vt 0.418032 0.787568
vt 0.421268 0.780042
vt 0.419111 0.776321
vt 0.826980 0.859458
vt 0.826453 0.865768
vt 0.425009 0.773812
vt 0.782499 0.743160
vt 0.777688 0.743303
vt 0.781370 0.745782
vt 0.419392 0.792324
vt 0.420216 0.788957
vt 0.833137 0.855503
vt 0.830658 0.850461
vt 0.428575 0.780439
vt 0.828507 0.835899
vt 0.830853 0.845043
vt 0.828038 0.828202
vt 0.828843 0.823143
vt 0.830594 0.816916
vt 0.828116 0.813161
vt 0.817054 0.803719
vt 0.804584 0.795508
vt 0.785941 0.801175
vt 0.220797 0.379474
vt 0.205816 0.385882
vt 0.214685 0.366167
vt 0.208269 0.353462
vt 0.198101 0.327868
vt 0.771880 0.711011
vt 0.767742 0.707600
vt 0.767055 0.710753
vt 0.766792 0.715801
vt 0.774977 0.716643
vt 0.466195 0.042620
vt 0.472759 0.044077
vt 0.774268 0.724391
vt 0.766394 0.724622
vt 0.481887 0.042961
vt 0.772566 0.734646
vt 0.766408 0.733751
vt 0.778436 0.739300
vt 0.773089 0.743333
vt 0.767264 0.742307
vt 0.424284 0.783112
vt 0.426623 0.791634
vt 0.428761 0.786046
vt 0.381318 0.126358
vt 0.373233 0.122092
vt 0.369567 0.132696
vt 0.382326 0.131516
vt 0.369769 0.137636
vt 0.385696 0.140152
vt 0.370303 0.150413
vt 0.387514 0.152374
vt 0.387802 0.147464
vt 0.387299 0.158977
vt 0.367854 0.157083
vt 0.382888 0.164771
vt 0.366391 0.165042
vt 0.375407 0.171478
vt 0.364639 0.171795
vt 0.352227 0.158250
vt 0.353283 0.171062
vt 0.351438 0.145193
vt 0.351651 0.138938
vt 0.360624 0.130301
vt 0.355240 0.129144
vt 0.767500 0.748937
vt 0.773146 0.750333
vt 0.767963 0.758085
vt 0.773336 0.758222
vt 0.347833 0.126375
vt 0.352258 0.119814
vt 0.758801 0.755537
vt 0.759914 0.746597
vt 0.757542 0.751613
vt 0.753808 0.744984
vt 0.755681 0.749730
vt 0.758161 0.723430
vt 0.759753 0.741322
vt 0.753124 0.741116
vt 0.759307 0.733972
vt 0.884320 0.048286
vt 0.876373 0.053446
vt 0.884657 0.054120
vt 0.871003 0.047328
vt 0.866726 0.052662
vt 0.871284 0.053033
vt 0.877242 0.034150
vt 0.872844 0.032942
vt 0.874696 0.034623
vt 0.865369 0.050979
vt 0.861136 0.052208
vt 0.754120 0.737809
vt 0.751697 0.735757
vt 0.866967 0.037974
vt 0.873025 0.039778
vt 0.871099 0.036039
vt 0.865336 0.041370
vt 0.868951 0.041713
vt 0.875308 0.037977
vt 0.878724 0.038252
vt 0.880708 0.033349
vt 0.882003 0.036182
vt 0.884163 0.032628
vt 0.886880 0.037112
vt 0.887566 0.032066
vt 0.889093 0.035144
vt 0.892039 0.031930
vt 0.895241 0.036834
vt 0.895025 0.034132
vt 0.876201 0.047229
vt 0.866625 0.044988
vt 0.890573 0.046986
vt 0.896112 0.047632
vt 0.899738 0.038701
vt 0.904184 0.045850
vt 0.903083 0.037982
vt 0.752909 0.748360
vt 0.779091 0.749849
vt 0.781553 0.761785
vt 0.368292 0.119970
vt 0.898003 0.032912
vt 0.900523 0.034314
vt 0.756779 0.707600
vt 0.756732 0.712003
vt 0.749989 0.707600
vt 0.749630 0.712047
vt 0.749978 0.717144
vt 0.904184 0.055707
vt 0.861625 0.048625
vt 0.746665 0.707600
vt 0.746685 0.711952
vt 0.747678 0.723215
vt 0.751398 0.728387
vt 0.748063 0.719935
vt 0.752103 0.732305
vt 0.890968 0.054633
vt 0.339278 0.139624
vt 0.340192 0.149852
vt 0.338286 0.128533
vt 0.341111 0.160136
vt 0.895110 0.054969
vt 0.342076 0.170929
vt 0.342934 0.180527
vt 0.374925 0.183151
vt 0.366049 0.182386
vt 0.354396 0.183050
vt 0.383090 0.185394
vt 0.390519 0.162540
vt 0.389693 0.184312
vt 0.834087 0.794317
vt 0.824147 0.789745
vt 0.810156 0.782288
vt 0.216647 0.334095
vt 0.201958 0.340137
vt 0.221450 0.345505
vt 0.227047 0.359279
vt 0.235131 0.369849
vt 0.791770 0.787636
vt 0.756736 0.555097
vt 0.772149 0.537364
vt 0.755827 0.537699
vt 0.783055 0.556496
vt 0.771838 0.555142
vt 0.242575 0.349388
vt 0.250340 0.358914
vt 0.235165 0.338777
vt 0.233148 0.323381
vt 0.215145 0.325686
vt 0.344799 0.201384
vt 0.363259 0.198263
vt 0.375185 0.201564
vt 0.744684 0.539492
vt 0.738848 0.542550
vt 0.745025 0.557821
vt 0.246811 0.336654
vt 0.258543 0.337926
vt 0.247819 0.321503
vt 0.768246 0.577239
vt 0.783911 0.591769
vt 0.783690 0.576318
vt 0.751918 0.575526
vt 0.766924 0.591769
vt 0.362144 0.216717
vt 0.977200 0.597428
vt 0.454271 0.030989
vt 0.450435 0.028389
vt 0.784514 0.069890
vt 0.927761 0.057291
vt 0.919627 0.048377
vt 0.919627 0.059723
vt 0.925464 0.067340
vt 0.935144 0.068049
vt 0.933533 0.075074
vt 0.943250 0.071501
vt 0.951721 0.070840
vt 0.951795 0.062381
vt 0.944534 0.063082
vt 0.950323 0.051562
vt 0.946492 0.044041
vt 0.942742 0.054594
vt 0.928408 0.050050
vt 0.929202 0.042086
vt 0.937282 0.041885
vt 0.932138 0.046236
vt 0.941427 0.036458
vt 0.936412 0.037498
vt 0.802174 0.917297
vt 0.811538 0.919576
vt 0.809727 0.914612
vt 0.795931 0.917209
vt 0.792715 0.920174
vt 0.794937 0.923698
vt 0.791661 0.923547
vt 0.784582 0.918690
vt 0.783353 0.914684
vt 0.951714 0.036095
vt 0.948731 0.039648
vt 0.956205 0.042937
vt 0.952724 0.047548
vt 0.957341 0.050423
vt 0.947885 0.077417
vt 0.955365 0.077140
vt 0.645115 0.262052
vt 0.643069 0.263732
vt 0.646695 0.268807
vt 0.639624 0.273303
vt 0.649546 0.278492
vt 0.656034 0.274078
vt 0.646219 0.283636
vt 0.653084 0.289815
vt 0.660263 0.287285
vt 0.668144 0.282716
vt 0.669503 0.294911
vt 0.673427 0.287449
vt 0.678386 0.298257
vt 0.680185 0.290905
vt 0.675284 0.309772
vt 0.681129 0.301631
vt 0.676044 0.323132
vt 0.680954 0.311028
vt 0.678189 0.335644
vt 0.684246 0.323934
vt 0.658951 0.297720
vt 0.664147 0.307012
vt 0.646419 0.290931
vt 0.648342 0.299359
vt 0.664909 0.323116
vt 0.650434 0.309417
vt 0.651472 0.323916
vt 0.666630 0.338356
vt 0.652667 0.340824
vt 0.936571 0.058319
vt 0.566119 0.238803
vt 0.562963 0.247656
vt 0.565433 0.248619
vt 0.636826 0.262534
vt 0.976075 0.597399
vt 0.976032 0.594433
vt 0.971465 0.597150
vt 0.967192 0.604767
vt 0.974350 0.602555
vt 0.971342 0.614949
vt 0.972970 0.607967
vt 0.967192 0.616397
vt 0.971987 0.617858
vt 0.968964 0.620150
vt 0.974153 0.619002
vt 0.974126 0.624155
vt 0.818003 0.911905
vt 0.818053 0.906889
vt 0.817962 0.917248
vt 0.802453 0.920690
vt 0.799318 0.925471
vt 0.807555 0.928182
vt 0.805318 0.930313
vt 0.809699 0.933100
vt 0.812874 0.925633
vt 0.816756 0.922928
vt 0.819284 0.931938
vt 0.815124 0.932149
vt 0.826694 0.918100
vt 0.825335 0.924915
vt 0.824027 0.941170
vt 0.825601 0.932568
vt 0.821027 0.941878
vt 0.825418 0.946522
vt 0.825968 0.940953
vt 0.812780 0.943228
vt 0.823843 0.949261
vt 0.807854 0.934509
vt 0.791424 0.927027
vt 0.792960 0.939146
vt 0.798803 0.946988
vt 0.813498 0.953169
vt 0.780336 0.926313
vt 0.790097 0.932392
vt 0.777372 0.937982
vt 0.776880 0.947043
vt 0.779712 0.957350
vt 0.800695 0.960433
vt 0.687076 0.333234
vt 0.682521 0.347986
vt 0.692283 0.342817
vt 0.177957 0.270571
vt 0.188961 0.283809
vt 0.190952 0.269781
vt 0.669770 0.352737
vt 0.175003 0.281642
vt 0.185899 0.297972
vt 0.654776 0.356606
vt 0.170742 0.295383
vt 0.183018 0.313021
vt 0.167647 0.311524
vt 0.575516 0.245761
vt 0.577381 0.234974
vt 0.585711 0.245799
vt 0.592311 0.236639
vt 0.593450 0.248619
vt 0.829228 0.898138
vt 0.831263 0.890477
vt 0.820702 0.896508
vt 0.257522 0.015493
vt 0.254755 0.021678
vt 0.257522 0.021666
vt 0.251519 0.014152
vt 0.826895 0.909640
vt 0.826368 0.903331
vt 0.253675 0.010431
vt 0.247778 0.007922
vt 0.782499 0.672041
vt 0.777688 0.671897
vt 0.778436 0.675901
vt 0.253395 0.026434
vt 0.252570 0.023067
vt 0.833052 0.913595
vt 0.244212 0.014549
vt 0.248503 0.017222
vt 0.828422 0.933199
vt 0.830768 0.924055
vt 0.830573 0.918638
vt 0.828759 0.945955
vt 0.830509 0.952182
vt 0.828031 0.955937
vt 0.816969 0.965379
vt 0.785856 0.967923
vt 0.804499 0.973591
vt 0.207065 0.272209
vt 0.204502 0.286626
vt 0.201493 0.300538
vt 0.198743 0.315023
vt 0.771881 0.704190
vt 0.773692 0.707600
vt 0.766792 0.699400
vt 0.774977 0.698558
vt 0.579027 0.229730
vt 0.572463 0.231187
vt 0.774268 0.690810
vt 0.586712 0.236107
vt 0.772566 0.680554
vt 0.766394 0.690579
vt 0.588155 0.230846
vt 0.773089 0.671867
vt 0.767264 0.672894
vt 0.246164 0.025744
vt 0.244025 0.020156
vt 0.295551 0.134025
vt 0.302751 0.128393
vt 0.297615 0.128997
vt 0.295474 0.139280
vt 0.308240 0.138178
vt 0.293689 0.148376
vt 0.308918 0.143075
vt 0.310658 0.155744
vt 0.292913 0.155946
vt 0.294068 0.160727
vt 0.295450 0.167187
vt 0.300819 0.172107
vt 0.314251 0.161875
vt 0.317102 0.169448
vt 0.320025 0.175783
vt 0.309371 0.177381
vt 0.329837 0.160251
vt 0.331071 0.173047
vt 0.328298 0.147262
vt 0.316616 0.134235
vt 0.326979 0.141144
vt 0.321710 0.132141
vt 0.767500 0.666263
vt 0.773146 0.664867
vt 0.767963 0.657115
vt 0.773336 0.656979
vt 0.328508 0.128102
vt 0.322990 0.122430
vt 0.758801 0.659663
vt 0.759914 0.668604
vt 0.753808 0.670216
vt 0.755681 0.665471
vt 0.758161 0.691771
vt 0.759753 0.673879
vt 0.766408 0.681449
vt 0.753124 0.674085
vt 0.759307 0.681228
vt 0.883382 0.059823
vt 0.875199 0.059554
vt 0.870085 0.058617
vt 0.865115 0.054104
vt 0.874115 0.072630
vt 0.871679 0.071751
vt 0.869578 0.073111
vt 0.754120 0.677392
vt 0.751697 0.679443
vt 0.870862 0.066394
vt 0.864592 0.067197
vt 0.868357 0.069773
vt 0.863531 0.063582
vt 0.867154 0.063827
vt 0.865387 0.060220
vt 0.872824 0.068540
vt 0.877406 0.073979
vt 0.876239 0.068820
vt 0.880699 0.075249
vt 0.879141 0.071393
vt 0.883966 0.076353
vt 0.884104 0.071263
vt 0.888359 0.077210
vt 0.885971 0.073562
vt 0.891661 0.075519
vt 0.892311 0.072888
vt 0.889343 0.062115
vt 0.897050 0.071771
vt 0.894914 0.062372
vt 0.902592 0.065434
vt 0.900235 0.073021
vt 0.752909 0.666840
vt 0.779091 0.665351
vt 0.307237 0.125428
vt 0.781370 0.669418
vt 0.894403 0.077204
vt 0.897117 0.076227
vt 0.767055 0.704448
vt 0.756732 0.703198
vt 0.749978 0.698056
vt 0.757425 0.698534
vt 0.861040 0.055822
vt 0.859235 0.052053
vt 0.749630 0.703154
vt 0.746685 0.703248
vt 0.751398 0.686813
vt 0.747678 0.691986
vt 0.748063 0.695265
vt 0.757542 0.663587
vt 0.752103 0.682895
vt 0.332101 0.185043
vt 0.311916 0.188784
vt 0.320516 0.186456
vt 0.304279 0.192439
vt 0.292913 0.171265
vt 0.297588 0.192545
vt 0.834002 0.974781
vt 0.824062 0.979354
vt 0.810071 0.986811
vt 0.214480 0.317169
vt 0.216254 0.304917
vt 0.218200 0.290177
vt 0.223360 0.277912
vt 0.791685 0.981463
vt 0.772149 0.646174
vt 0.756736 0.628441
vt 0.755827 0.645839
vt 0.783055 0.627042
vt 0.771838 0.628396
vt 0.235719 0.295838
vt 0.240834 0.284662
vt 0.231222 0.307973
vt 0.326077 0.201586
vt 0.314926 0.206951
vt 0.744684 0.644046
vt 0.738848 0.640988
vt 0.745025 0.625717
vt 0.243027 0.307093
vt 0.254059 0.302907
vt 0.258707 0.320109
vt 0.768246 0.606299
vt 0.751918 0.608012
vt 0.751391 0.591769
vt 0.330447 0.219550
vt 0.783690 0.607220
vt 0.560539 0.242818
vt 0.556703 0.245418
vt 0.957325 0.066085
vt 0.909500 0.948507
vt 0.900568 0.960204
vt 0.912051 0.961890
vt 0.138362 0.170224
vt 0.150446 0.180693
vt 0.150834 0.171673
vt 0.144149 0.141459
vt 0.150434 0.130337
vt 0.146085 0.130040
vt 0.151456 0.142453
vt 0.155221 0.130219
vt 0.150725 0.114045
vt 0.147896 0.113830
vt 0.785933 0.273455
vt 0.774070 0.262072
vt 0.776604 0.275127
vt 0.781325 0.287001
vt 0.766991 0.288259
vt 0.759565 0.267117
vt 0.762321 0.277617
vt 0.770002 0.300141
vt 0.787539 0.298608
vt 0.770489 0.310405
vt 0.789633 0.310320
vt 0.752158 0.310312
vt 0.750775 0.299334
vt 0.747387 0.288340
vt 0.743686 0.281295
vt 0.296652 0.535002
vt 0.307050 0.545174
vt 0.303999 0.534612
vt 0.313635 0.530942
vt 0.318569 0.540543
vt 0.303145 0.523371
vt 0.311445 0.520289
vt 0.295553 0.501268
vt 0.301832 0.491315
vt 0.297267 0.490117
vt 0.301968 0.501853
vt 0.309250 0.508460
vt 0.308182 0.500556
vt 0.306489 0.473394
vt 0.306443 0.491004
vt 0.302711 0.472128
vt 0.318934 0.528250
vt 0.316572 0.517697
vt 0.143280 0.816941
vt 0.135902 0.807097
vt 0.136668 0.818059
vt 0.128331 0.818069
vt 0.119738 0.818113
vt 0.125708 0.806835
vt 0.115416 0.808803
vt 0.138646 0.837848
vt 0.144454 0.845338
vt 0.143015 0.836766
vt 0.135916 0.846020
vt 0.141038 0.846309
vt 0.127525 0.837877
vt 0.130563 0.830163
vt 0.122473 0.830440
vt 0.314230 0.505433
vt 0.310807 0.497790
vt 0.142598 0.861549
vt 0.146281 0.860264
vt 0.309594 0.488358
vt 0.309011 0.472969
vt 0.140848 0.862602
vt 0.131665 0.846995
vt 0.306302 0.467191
vt 0.145407 0.866213
vt 0.133233 0.837330
vt 0.137754 0.830052
vt 0.144601 0.828863
vt 0.294806 0.510369
vt 0.301846 0.510361
vt 0.296412 0.523417
vt 0.770629 0.238232
vt 0.770619 0.252727
vt 0.777391 0.248090
vt 0.781057 0.258370
vt 0.165006 0.096077
vt 0.157606 0.107927
vt 0.165640 0.105158
vt 0.168766 0.113883
vt 0.161555 0.118642
vt 0.175842 0.102375
vt 0.179066 0.110915
vt 0.196253 0.102551
vt 0.200630 0.092922
vt 0.192714 0.096273
vt 0.190343 0.090505
vt 0.185159 0.099270
vt 0.203434 0.097116
vt 0.211316 0.089316
vt 0.198964 0.089223
vt 0.210113 0.086703
vt 0.215141 0.085705
vt 0.171431 0.072677
vt 0.164774 0.064477
vt 0.164174 0.072584
vt 0.172852 0.059230
vt 0.171745 0.065773
vt 0.174128 0.094093
vt 0.166161 0.088259
vt 0.173937 0.052187
vt 0.166423 0.056014
vt 0.184952 0.067872
vt 0.180177 0.060844
vt 0.178217 0.067266
vt 0.184269 0.072420
vt 0.178439 0.073764
vt 0.184069 0.086494
vt 0.182735 0.092809
vt 0.187437 0.059367
vt 0.186256 0.063733
vt 0.191889 0.069076
vt 0.200180 0.073816
vt 0.200446 0.071154
vt 0.192882 0.066375
vt 0.202102 0.069070
vt 0.200136 0.084948
vt 0.205070 0.073271
vt 0.210320 0.084400
vt 0.193990 0.063139
vt 0.191944 0.085501
vt 0.190850 0.072630
vt 0.188370 0.106830
vt 0.181894 0.054746
vt 0.175013 0.086703
vt 0.158774 0.053377
vt 0.156304 0.064646
vt 0.156318 0.073816
vt 0.155871 0.094846
vt 0.157302 0.088179
vt 0.148061 0.091560
vt 0.146322 0.073798
vt 0.145901 0.053240
vt 0.145619 0.064416
vt 0.165543 0.048240
vt 0.157606 0.046383
vt 0.782411 0.350907
vt 0.767492 0.357984
vt 0.776276 0.362543
vt 0.761141 0.343731
vt 0.759461 0.355940
vt 0.901842 0.932070
vt 0.894326 0.939771
vt 0.901455 0.941293
vt 0.909737 0.941683
vt 0.896024 0.929880
vt 0.886775 0.935786
vt 0.140510 0.161730
vt 0.136676 0.150919
vt 0.133545 0.160712
vt 0.893239 0.948791
vt 0.889627 0.960942
vt 0.151053 0.162639
vt 0.750009 0.354362
vt 0.133593 0.180326
vt 0.132459 0.167669
vt 0.126366 0.180062
vt 0.887052 0.947064
vt 0.162680 0.171405
vt 0.158367 0.160159
vt 0.144064 0.152793
vt 0.151419 0.154703
vt 0.158117 0.151600
vt 0.901297 0.948613
vt 0.159662 0.180097
vt 0.162680 0.189727
vt 0.750169 0.339687
vt 0.739635 0.353793
vt 0.775160 0.316272
vt 0.135195 0.798783
vt 0.124958 0.795838
vt 0.146281 0.799109
vt 0.324541 0.535392
vt 0.116443 0.793039
vt 0.902757 0.920029
vt 0.901823 0.909708
vt 0.899038 0.919592
vt 0.907546 0.921019
vt 0.909718 0.931861
vt 0.895141 0.919643
vt 0.905229 0.910102
vt 0.906395 0.897392
vt 0.909103 0.911377
vt 0.909230 0.897462
vt 0.143575 0.128291
vt 0.905006 0.895981
vt 0.897513 0.910073
vt 0.148157 0.110712
vt 0.908560 0.894008
vt 0.146178 0.113867
vt 0.140492 0.139324
vt 0.880711 0.963379
vt 0.880711 0.953313
vt 0.704980 0.458192
vt 0.712680 0.467979
vt 0.715400 0.459863
vt 0.715157 0.452471
vt 0.705039 0.451146
vt 0.924914 0.204858
vt 0.933576 0.197749
vt 0.924560 0.196714
vt 0.940074 0.206391
vt 0.932991 0.205509
vt 0.949231 0.208601
vt 0.941866 0.197425
vt 0.702933 0.466329
vt 0.709870 0.473128
vt 0.951991 0.199648
vt 0.946266 0.193071
vt 0.721816 0.459570
vt 0.719867 0.450418
vt 0.719038 0.469310
vt 0.924194 0.189587
vt 0.939049 0.192021
vt 0.934140 0.190367
vt 0.688792 0.461465
vt 0.696359 0.457022
vt 0.688727 0.457248
vt 0.689189 0.452300
vt 0.696520 0.450418
vt 0.938399 0.220931
vt 0.947508 0.216358
vt 0.938952 0.213715
vt 0.931788 0.218162
vt 0.932170 0.211849
vt 0.925338 0.217235
vt 0.924194 0.211955
vt 0.692663 0.469244
vt 0.694941 0.464598
vt 0.684414 0.461787
vt 0.679345 0.458307
vt 0.679078 0.461892
vt 0.684421 0.457597
vt 0.678060 0.455522
vt 0.940926 0.224841
vt 0.936612 0.223852
vt 0.931215 0.221606
vt 0.927120 0.220560
vt 0.686584 0.467338
vt 0.930492 0.225494
vt 0.927471 0.224775
vt 0.926212 0.234486
vt 0.934859 0.227433
vt 0.666357 0.462264
vt 0.937591 0.228630
vt 0.675994 0.466093
vt 0.700602 0.471310
vt 0.681774 0.467168
vt 0.683879 0.453447
vt 0.804507 0.381941
vt 0.804834 0.400287
vt 0.814427 0.384783
vt 0.787737 0.410732
vt 0.795680 0.416331
vt 0.787019 0.432842
vt 0.777216 0.428693
vt 0.776535 0.445765
vt 0.743048 0.222654
vt 0.735541 0.239838
vt 0.750606 0.226326
vt 0.696158 0.257687
vt 0.683732 0.268966
vt 0.700728 0.263727
vt 0.712683 0.246904
vt 0.718410 0.252309
vt 0.729103 0.235266
vt 0.687153 0.277042
vt 0.708574 0.268882
vt 0.724028 0.256776
vt 0.739738 0.246155
vt 0.756936 0.233423
vt 0.688891 0.285775
vt 0.729225 0.260816
vt 0.744764 0.251834
vt 0.762562 0.240497
vt 0.752999 0.258807
vt 0.734387 0.267907
vt 0.738751 0.273824
vt 0.752600 0.317150
vt 0.738996 0.375585
vt 0.763660 0.381224
vt 0.770119 0.384267
vt 0.757255 0.380424
vt 0.749510 0.378122
vt 0.790784 0.393155
vt 0.797980 0.396381
vt 0.800084 0.377912
vt 0.784336 0.391276
vt 0.786410 0.367770
vt 0.795559 0.369844
vt 0.777336 0.386652
vt 0.780987 0.405972
vt 0.770833 0.400685
vt 0.757519 0.396185
vt 0.745736 0.393535
vt 0.733709 0.314542
vt 0.733858 0.307097
vt 0.733118 0.300001
vt 0.728892 0.290132
vt 0.720182 0.278745
vt 0.751843 0.419260
vt 0.764011 0.424031
vt 0.745103 0.406488
vt 0.738410 0.403151
vt 0.723781 0.318117
vt 0.715386 0.305099
vt 0.712213 0.313643
vt 0.715655 0.297122
vt 0.706072 0.285396
vt 0.697022 0.309987
vt 0.701571 0.315249
vt 0.927527 0.664598
vt 0.946288 0.668709
vt 0.932870 0.659928
vt 0.694823 0.304547
vt 0.690677 0.294680
vt 0.936398 0.706262
vt 0.947071 0.706638
vt 0.941746 0.699631
vt 0.931799 0.694631
vt 0.928256 0.701058
vt 0.923978 0.691813
vt 0.928517 0.684897
vt 0.923951 0.681646
vt 0.929234 0.671899
vt 0.923951 0.670400
vt 0.945222 0.672453
vt 0.953496 0.672022
vt 0.950862 0.678883
vt 0.960944 0.677164
vt 0.750419 0.429063
vt 0.756395 0.435331
vt 0.768647 0.441948
vt 0.949684 0.695560
vt 0.958647 0.686092
vt 0.955910 0.700468
vt 0.939563 0.683665
vt 0.796810 0.191210
vt 0.785582 0.206105
vt 0.793153 0.206727
vt 0.710598 0.138303
vt 0.723117 0.152405
vt 0.719293 0.137072
vt 0.704376 0.146417
vt 0.712865 0.156545
vt 0.706359 0.159242
vt 0.698815 0.160119
vt 0.810773 0.200449
vt 0.807781 0.212806
vt 0.818194 0.210091
vt 0.817321 0.218872
vt 0.824806 0.222562
vt 0.713959 0.176129
vt 0.721652 0.177496
vt 0.793695 0.232621
vt 0.801622 0.231779
vt 0.809719 0.232189
vt 0.817721 0.234094
vt 0.825103 0.236704
vt 0.832554 0.222760
vt 0.706410 0.175193
vt 0.698748 0.175361
vt 0.801856 0.248049
vt 0.794180 0.248374
vt 0.788082 0.249414
vt 0.785582 0.232834
vt 0.714749 0.192607
vt 0.706021 0.191562
vt 0.699483 0.189655
vt 0.807564 0.249187
vt 0.820785 0.251597
vt 0.814796 0.250781
vt 0.807412 0.260002
vt 0.802016 0.273718
vt 0.806843 0.274321
vt 0.801537 0.259138
vt 0.795649 0.260014
vt 0.791125 0.261816
vt 0.720829 0.203280
vt 0.713793 0.202991
vt 0.705568 0.201939
vt 0.699697 0.200923
vt 0.813946 0.261530
vt 0.818448 0.264045
vt 0.812149 0.275483
vt 0.814965 0.279327
vt 0.705014 0.215119
vt 0.700097 0.216194
vt 0.712783 0.216608
vt 0.718378 0.217676
vt 0.799145 0.274770
vt 0.796099 0.276721
vt 0.805795 0.294410
vt 0.808916 0.294823
vt 0.003317 0.912949
vt 0.005653 0.910236
vt 0.003617 0.909845
vt 0.707258 0.233139
vt 0.704348 0.232611
vt 0.803428 0.294753
vt 0.251629 0.114339
vt 0.242697 0.126036
vt 0.240147 0.112652
vt 0.846716 0.297080
vt 0.834632 0.286611
vt 0.847104 0.288060
vt 0.840418 0.257847
vt 0.846704 0.246724
vt 0.847725 0.258840
vt 0.851491 0.246606
vt 0.853750 0.257400
vt 0.846995 0.230433
vt 0.842355 0.246427
vt 0.844165 0.230217
vt 0.089674 0.240038
vt 0.101537 0.251421
vt 0.094550 0.255123
vt 0.094282 0.226492
vt 0.099003 0.238366
vt 0.108616 0.225234
vt 0.116043 0.246376
vt 0.105605 0.213352
vt 0.088068 0.214885
vt 0.105118 0.203087
vt 0.123450 0.203182
vt 0.124832 0.214159
vt 0.128220 0.225153
vt 0.113287 0.235876
vt 0.131921 0.232198
vt 0.553062 0.321577
vt 0.563460 0.331750
vt 0.556113 0.332139
vt 0.546477 0.335809
vt 0.556966 0.343380
vt 0.563699 0.343335
vt 0.548667 0.346463
vt 0.564559 0.365484
vt 0.558279 0.375437
vt 0.558144 0.364898
vt 0.550861 0.358291
vt 0.551930 0.366195
vt 0.553622 0.393358
vt 0.557400 0.394624
vt 0.562844 0.376635
vt 0.541178 0.338502
vt 0.007612 0.971670
vt 0.014990 0.981514
vt 0.007432 0.981435
vt 0.022561 0.970543
vt 0.014224 0.970553
vt 0.031153 0.970499
vt 0.025183 0.981777
vt 0.006438 0.943274
vt 0.012245 0.950764
vt 0.007877 0.951846
vt 0.014975 0.942592
vt 0.017659 0.951282
vt 0.023366 0.950735
vt 0.020328 0.958449
vt 0.545882 0.361319
vt 0.549305 0.368962
vt 0.009854 0.942303
vt 0.008293 0.927063
vt 0.004611 0.928347
vt 0.550518 0.378394
vt 0.551101 0.393782
vt 0.010044 0.926009
vt 0.553809 0.399560
vt 0.005485 0.922399
vt 0.553668 0.375747
vt 0.019227 0.941617
vt 0.013138 0.958560
vt 0.006291 0.959749
vt 0.565305 0.356382
vt 0.558265 0.356391
vt 0.028418 0.958172
vt 0.543540 0.349055
vt 0.104988 0.260766
vt 0.104978 0.275261
vt 0.098216 0.265403
vt 0.789904 0.080488
vt 0.801754 0.087888
vt 0.792673 0.088522
vt 0.783948 0.091648
vt 0.795455 0.098724
vt 0.803738 0.097010
vt 0.786916 0.101948
vt 0.804909 0.123512
vt 0.795280 0.119135
vt 0.801558 0.115596
vt 0.798561 0.108042
vt 0.807325 0.113225
vt 0.808515 0.134198
vt 0.800715 0.126316
vt 0.808607 0.121846
vt 0.811128 0.132995
vt 0.812126 0.138023
vt 0.824035 0.074096
vt 0.832234 0.067440
vt 0.830938 0.074410
vt 0.837481 0.075517
vt 0.809572 0.089044
vt 0.811128 0.097896
vt 0.840697 0.069088
vt 0.844524 0.076602
vt 0.828840 0.087617
vt 0.835867 0.082842
vt 0.832979 0.088921
vt 0.824291 0.086934
vt 0.829446 0.080882
vt 0.811337 0.106951
vt 0.812330 0.114826
vt 0.837344 0.090102
vt 0.827635 0.094555
vt 0.822896 0.102846
vt 0.824081 0.093515
vt 0.830336 0.095547
vt 0.825557 0.103112
vt 0.827641 0.104767
vt 0.812883 0.123018
vt 0.813430 0.133202
vt 0.823440 0.107735
vt 0.833572 0.096655
vt 0.791000 0.111252
vt 0.841966 0.084559
vt 0.805022 0.105617
vt 0.822948 0.081104
vt 0.843335 0.061439
vt 0.824127 0.066839
vt 0.832065 0.058969
vt 0.802984 0.078753
vt 0.806270 0.070943
vt 0.809652 0.080185
vt 0.822913 0.048987
vt 0.822896 0.058984
vt 0.843471 0.048566
vt 0.848472 0.068208
vt 0.757129 0.500068
vt 0.750052 0.485148
vt 0.761689 0.491284
vt 0.742877 0.506418
vt 0.744597 0.495486
vt 0.257872 0.134771
vt 0.250355 0.142473
vt 0.250742 0.133250
vt 0.242461 0.132859
vt 0.242480 0.142681
vt 0.265422 0.138757
vt 0.256174 0.144663
vt 0.832945 0.267306
vt 0.836780 0.278117
vt 0.829814 0.277099
vt 0.258958 0.125751
vt 0.250900 0.125930
vt 0.847322 0.279027
vt 0.753508 0.517551
vt 0.755085 0.508098
vt 0.828728 0.284056
vt 0.829862 0.296713
vt 0.822636 0.296449
vt 0.262571 0.113601
vt 0.265146 0.127479
vt 0.858949 0.287792
vt 0.854636 0.276546
vt 0.840334 0.269180
vt 0.847689 0.271090
vt 0.854387 0.267987
vt 0.855931 0.296484
vt 0.858949 0.306114
vt 0.752938 0.527925
vt 0.738832 0.517390
vt 0.100448 0.197221
vt 0.085974 0.203173
vt 0.085433 0.195376
vt 0.015697 0.989829
vt 0.004611 0.989503
vt 0.535571 0.331359
vt 0.541543 0.326209
vt 0.034449 0.995572
vt 0.025933 0.992774
vt 0.250374 0.164835
vt 0.249440 0.154513
vt 0.253160 0.154951
vt 0.244652 0.153524
vt 0.836761 0.255711
vt 0.257056 0.154900
vt 0.245803 0.177151
vt 0.246969 0.164440
vt 0.242967 0.177081
vt 0.243095 0.163165
vt 0.839845 0.244678
vt 0.842447 0.230254
vt 0.247191 0.178561
vt 0.844427 0.227099
vt 0.243638 0.180534
vt 0.254684 0.164470
vt 0.271487 0.111163
vt 0.271487 0.121230
vt 0.354165 0.055221
vt 0.361866 0.065008
vt 0.352118 0.063357
vt 0.364342 0.049499
vt 0.354224 0.048174
vt 0.952508 0.290048
vt 0.943846 0.297157
vt 0.944431 0.289397
vt 0.937348 0.288515
vt 0.935556 0.297481
vt 0.928191 0.286305
vt 0.359055 0.070156
vt 0.349788 0.068338
vt 0.931156 0.301835
vt 0.925431 0.295257
vt 0.371001 0.056599
vt 0.364585 0.056892
vt 0.368224 0.066338
vt 0.953228 0.305319
vt 0.952862 0.298192
vt 0.938374 0.302885
vt 0.345544 0.054050
vt 0.337978 0.058493
vt 0.337912 0.054276
vt 0.338375 0.049328
vt 0.939024 0.273975
vt 0.929915 0.278548
vt 0.933103 0.272824
vt 0.945634 0.276744
vt 0.938470 0.281191
vt 0.952084 0.277671
vt 0.945252 0.283057
vt 0.341848 0.066272
vt 0.335769 0.064366
vt 0.333599 0.058816
vt 0.328531 0.055335
vt 0.333606 0.054625
vt 0.327245 0.052550
vt 0.333064 0.050475
vt 0.936496 0.270065
vt 0.940810 0.271054
vt 0.946207 0.273300
vt 0.950302 0.274346
vt 0.330959 0.064196
vt 0.946931 0.269412
vt 0.951210 0.260420
vt 0.949951 0.270131
vt 0.942563 0.267473
vt 0.328264 0.058920
vt 0.315542 0.059292
vt 0.939831 0.266276
vt 0.325179 0.063122
vt 0.344126 0.061626
vt 0.953228 0.282950
vt 0.345705 0.047447
vt 0.799432 0.462725
vt 0.781087 0.463052
vt 0.783928 0.453133
vt 0.809877 0.479823
vt 0.795526 0.469579
vt 0.831987 0.480541
vt 0.815477 0.471880
vt 0.844910 0.491025
vt 0.827838 0.490344
vt 0.132559 0.290839
vt 0.140067 0.273655
vt 0.146504 0.278227
vt 0.179449 0.255806
vt 0.191875 0.244527
vt 0.195976 0.252218
vt 0.174879 0.249766
vt 0.162924 0.266589
vt 0.157197 0.261184
vt 0.188454 0.236451
vt 0.167033 0.244610
vt 0.151579 0.256717
vt 0.135869 0.267338
vt 0.118671 0.280070
vt 0.125001 0.287167
vt 0.186716 0.227718
vt 0.146382 0.252677
vt 0.130843 0.261659
vt 0.113045 0.272996
vt 0.122609 0.254686
vt 0.141221 0.245586
vt 0.136857 0.239669
vt 0.123007 0.196343
vt 0.774730 0.528564
vt 0.780369 0.503900
vt 0.779570 0.510305
vt 0.777268 0.518050
vt 0.792300 0.476775
vt 0.777057 0.467475
vt 0.790421 0.483224
vt 0.768989 0.472000
vt 0.766915 0.481150
vt 0.785797 0.490224
vt 0.805117 0.486572
vt 0.799830 0.496727
vt 0.783412 0.497440
vt 0.795330 0.510041
vt 0.792680 0.521823
vt 0.141898 0.198951
vt 0.141749 0.206396
vt 0.142489 0.213492
vt 0.146716 0.223361
vt 0.155425 0.234748
vt 0.818405 0.515717
vt 0.823176 0.503549
vt 0.805633 0.522457
vt 0.802296 0.529149
vt 0.792204 0.528823
vt 0.151826 0.195376
vt 0.160221 0.208394
vt 0.159952 0.216371
vt 0.169535 0.228097
vt 0.163394 0.199850
vt 0.178585 0.203506
vt 0.685357 0.987221
vt 0.704118 0.991332
vt 0.698775 0.996002
vt 0.180784 0.208946
vt 0.184930 0.218812
vt 0.695248 0.949668
vt 0.689899 0.956300
vt 0.684574 0.949292
vt 0.699846 0.961299
vt 0.703390 0.954872
vt 0.707667 0.964117
vt 0.707694 0.974285
vt 0.703128 0.971034
vt 0.702411 0.984031
vt 0.707694 0.985530
vt 0.678149 0.983908
vt 0.686423 0.983477
vt 0.670701 0.978766
vt 0.680783 0.977047
vt 0.828209 0.517141
vt 0.841093 0.498913
vt 0.834476 0.511165
vt 0.681961 0.960370
vt 0.675736 0.955463
vt 0.672998 0.969838
vt 0.692082 0.972265
vt 0.805458 0.668397
vt 0.794230 0.683291
vt 0.798813 0.666388
vt 0.044699 0.134609
vt 0.030597 0.147129
vt 0.029367 0.138433
vt 0.048839 0.144862
vt 0.038711 0.153350
vt 0.051537 0.151367
vt 0.052413 0.158911
vt 0.819421 0.677636
vt 0.801801 0.683914
vt 0.826843 0.687278
vt 0.816429 0.689993
vt 0.833454 0.699749
vt 0.825969 0.696058
vt 0.068424 0.143768
vt 0.069790 0.136074
vt 0.802343 0.709808
vt 0.794230 0.710021
vt 0.810271 0.708966
vt 0.818367 0.709376
vt 0.826370 0.711281
vt 0.833751 0.713890
vt 0.841202 0.699947
vt 0.067488 0.151317
vt 0.810504 0.725236
vt 0.802828 0.725560
vt 0.796731 0.726601
vt 0.084902 0.142977
vt 0.084948 0.134609
vt 0.083857 0.151706
vt 0.081949 0.158244
vt 0.816213 0.726373
vt 0.823444 0.727967
vt 0.829433 0.728784
vt 0.816060 0.737188
vt 0.810664 0.750904
vt 0.810185 0.736324
vt 0.804297 0.737201
vt 0.095574 0.136897
vt 0.094234 0.152159
vt 0.095285 0.143934
vt 0.093217 0.158030
vt 0.822594 0.738717
vt 0.827096 0.741231
vt 0.815491 0.751508
vt 0.820798 0.752669
vt 0.823614 0.756513
vt 0.107413 0.152712
vt 0.108902 0.144943
vt 0.109970 0.139348
vt 0.807794 0.751957
vt 0.799773 0.739003
vt 0.814443 0.771597
vt 0.027274 0.157740
vt 0.024937 0.160453
vt 0.025237 0.157349
vt 0.125433 0.150468
vt 0.124906 0.153379
vt 0.108488 0.157629
vt 0.124850 0.155450
vt 0.817564 0.772009
vt 0.812076 0.771939
vt 0.804747 0.753907
vt 0.595622 0.102144
vt 0.588787 0.094418
vt 0.590727 0.100027
vt 0.599641 0.084513
vt 0.606129 0.072718
vt 0.600933 0.070791
vt 0.595212 0.072857
vt 0.725094 0.404038
vt 0.730675 0.408322
vt 0.727223 0.403808
vt 0.725068 0.408832
vt 0.730153 0.412308
vt 0.726469 0.396317
vt 0.728385 0.396638
vt 0.421853 0.381103
vt 0.415989 0.386033
vt 0.422680 0.389538
vt 0.730240 0.415876
vt 0.728585 0.420738
vt 0.732084 0.416345
vt 0.725986 0.413299
vt 0.726918 0.417523
vt 0.600824 0.058297
vt 0.589282 0.052588
vt 0.587980 0.060463
vt 0.612500 0.066940
vt 0.600773 0.065634
vt 0.609498 0.069946
vt 0.606932 0.052945
vt 0.950384 0.627069
vt 0.939220 0.624636
vt 0.945361 0.632054
vt 0.951062 0.634644
vt 0.956949 0.629267
vt 0.954870 0.622108
vt 0.946827 0.621194
vt 0.602584 0.097782
vt 0.613706 0.090577
vt 0.609216 0.085136
vt 0.604130 0.106634
vt 0.620531 0.104898
vt 0.624720 0.391996
vt 0.623543 0.387378
vt 0.611152 0.386240
vt 0.620895 0.095681
vt 0.620825 0.080041
vt 0.633619 0.387174
vt 0.534186 0.347459
vt 0.523317 0.360085
vt 0.537376 0.362330
vt 0.963555 0.636111
vt 0.955350 0.643746
vt 0.963555 0.653118
vt 0.523745 0.368297
vt 0.534678 0.370124
vt 0.581250 0.069960
vt 0.584290 0.081727
vt 0.589631 0.069253
vt 0.525147 0.374549
vt 0.415469 0.379670
vt 0.421801 0.371639
vt 0.417404 0.370753
vt 0.409993 0.374538
vt 0.715208 0.406172
vt 0.720309 0.397378
vt 0.712957 0.399699
vt 0.719259 0.412582
vt 0.713331 0.423965
vt 0.699016 0.422967
vt 0.701835 0.430520
vt 0.421007 0.349405
vt 0.424267 0.355842
vt 0.424323 0.348301
vt 0.423586 0.344964
vt 0.418963 0.348376
vt 0.418021 0.352700
vt 0.420180 0.355832
vt 0.688622 0.383490
vt 0.710218 0.375384
vt 0.687210 0.377857
vt 0.572527 0.098904
vt 0.587010 0.104090
vt 0.582856 0.095004
vt 0.578524 0.081812
vt 0.672392 0.396695
vt 0.690402 0.393331
vt 0.669447 0.386332
vt 0.667984 0.379886
vt 0.650567 0.375450
vt 0.647245 0.384893
vt 0.635877 0.376986
vt 0.668310 0.373001
vt 0.650998 0.366158
vt 0.636485 0.367471
vt 0.624071 0.367865
vt 0.509578 0.351332
vt 0.497078 0.359690
vt 0.510545 0.359983
vt 0.521603 0.349370
vt 0.498047 0.368812
vt 0.511663 0.368288
vt 0.499975 0.377972
vt 0.513603 0.376312
vt 0.503562 0.387614
vt 0.516887 0.385830
vt 0.538128 0.377203
vt 0.528597 0.383642
vt 0.539260 0.383849
vt 0.567364 0.067878
vt 0.577154 0.057396
vt 0.634247 0.459961
vt 0.647187 0.453666
vt 0.639002 0.442911
vt 0.656985 0.439682
vt 0.664081 0.450042
vt 0.678364 0.434537
vt 0.655722 0.428721
vt 0.642086 0.429971
vt 0.644205 0.419921
vt 0.583621 0.111506
vt 0.595358 0.108047
vt 0.654067 0.418389
vt 0.641820 0.408666
vt 0.594866 0.117656
vt 0.648149 0.392888
vt 0.651651 0.405598
vt 0.633752 0.395492
vt 0.675161 0.409287
vt 0.707715 0.385418
vt 0.714499 0.381930
vt 0.720253 0.380097
vt 0.716734 0.377222
vt 0.713554 0.374359
vt 0.717534 0.374725
vt 0.714134 0.371771
vt 0.708351 0.372258
vt 0.708553 0.369606
vt 0.686910 0.373281
vt 0.446395 0.345916
vt 0.465107 0.348297
vt 0.446294 0.356665
vt 0.464587 0.358484
vt 0.482223 0.349900
vt 0.464639 0.369842
vt 0.481786 0.359307
vt 0.482381 0.369385
vt 0.465578 0.381269
vt 0.484047 0.379825
vt 0.466962 0.392020
vt 0.486994 0.390883
vt 0.683494 0.444709
vt 0.677804 0.426752
vt 0.697072 0.417206
vt 0.676772 0.419426
vt 0.692163 0.406974
vt 0.446146 0.383223
vt 0.430388 0.391685
vt 0.444776 0.392323
vt 0.721745 0.419811
vt 0.723504 0.426122
vt 0.716701 0.430199
vt 0.415222 0.392323
vt 0.704834 0.438477
vt 0.445224 0.370444
vt 0.412455 0.364500
vt 0.725484 0.386417
vt 0.723587 0.387278
vt 0.414877 0.356941
vt 0.721534 0.378820
vt 0.497027 0.350318
vt 0.667968 0.363452
vt 0.686934 0.361280
vt 0.942199 0.653789
vt 0.944108 0.638945
vt 0.937035 0.637805
vt 0.590530 0.082898
vt 0.600495 0.361280
vt 0.610770 0.375522
vt 0.612543 0.364949
vt 0.595597 0.380709
vt 0.623466 0.377190
vt 0.616221 0.061376
vt 0.954055 0.662255
vt 0.949756 0.649512
vt 0.962869 0.626578
vt 0.569646 0.056927
vt 0.732133 0.412427
vt 0.410207 0.390384
vt 0.410128 0.382481
vt 0.409456 0.386784
vt 0.713261 0.419341
vt 0.712086 0.413097
vt 0.620895 0.055299
vt 0.565195 0.081035
vt 0.489957 0.073789
vt 0.492074 0.068895
vt 0.497683 0.066954
vt 0.519384 0.084297
vt 0.507588 0.077808
vt 0.521310 0.079101
vt 0.519243 0.073379
vt 0.682279 0.850510
vt 0.677995 0.856091
vt 0.677765 0.853962
vt 0.686265 0.851032
vt 0.682789 0.856116
vt 0.670274 0.854715
vt 0.670595 0.852800
vt 0.264604 0.387885
vt 0.270468 0.382956
vt 0.271295 0.391390
vt 0.689833 0.850945
vt 0.694695 0.852599
vt 0.691480 0.854267
vt 0.687256 0.855199
vt 0.533804 0.078991
vt 0.539513 0.067449
vt 0.539156 0.085099
vt 0.525161 0.090668
vt 0.526466 0.078940
vt 0.950384 0.745922
vt 0.939220 0.743489
vt 0.946827 0.740047
vt 0.951062 0.753497
vt 0.945361 0.750907
vt 0.954869 0.740961
vt 0.956949 0.748120
vt 0.501524 0.091873
vt 0.494319 0.080751
vt 0.506965 0.087384
vt 0.485467 0.082297
vt 0.487203 0.098699
vt 0.476782 0.086295
vt 0.665953 0.956464
vt 0.660197 0.970033
vt 0.661335 0.957642
vt 0.496420 0.099062
vt 0.512060 0.098992
vt 0.661131 0.947565
vt 0.669449 0.947433
vt 0.371932 0.361938
vt 0.382801 0.349312
vt 0.385991 0.364182
vt 0.963555 0.754964
vt 0.963555 0.771971
vt 0.955350 0.762599
vt 0.372360 0.370149
vt 0.522141 0.059417
vt 0.510374 0.062457
vt 0.510289 0.056691
vt 0.531638 0.066148
vt 0.522848 0.067798
vt 0.383293 0.371976
vt 0.373762 0.376402
vt 0.264084 0.381523
vt 0.270416 0.373492
vt 0.258608 0.376391
vt 0.266019 0.372606
vt 0.680129 0.865977
vt 0.673656 0.868228
vt 0.671335 0.860876
vt 0.686538 0.861925
vt 0.697921 0.867853
vt 0.696924 0.882169
vt 0.693298 0.867923
vt 0.269622 0.351258
vt 0.272882 0.357695
vt 0.268795 0.357685
vt 0.272200 0.346817
vt 0.272938 0.350154
vt 0.266636 0.354552
vt 0.267578 0.350229
vt 0.657447 0.892562
vt 0.651814 0.893975
vt 0.649341 0.870966
vt 0.493197 0.050694
vt 0.488011 0.065177
vt 0.480595 0.061788
vt 0.497097 0.061023
vt 0.670652 0.908792
vt 0.660289 0.911738
vt 0.653843 0.913200
vt 0.649407 0.930618
vt 0.646958 0.912874
vt 0.658850 0.933940
vt 0.650943 0.945307
vt 0.640115 0.930186
vt 0.641428 0.944699
vt 0.641822 0.957114
vt 0.358193 0.353184
vt 0.345693 0.361543
vt 0.345642 0.352171
vt 0.370218 0.351222
vt 0.359160 0.361835
vt 0.346662 0.370665
vt 0.360278 0.370140
vt 0.348590 0.379824
vt 0.362218 0.378164
vt 0.352177 0.389467
vt 0.365502 0.387683
vt 0.386743 0.379056
vt 0.377212 0.385495
vt 0.387875 0.385701
vt 0.524223 0.045531
vt 0.511065 0.043362
vt 0.534705 0.055321
vt 0.733918 0.946937
vt 0.716868 0.942183
vt 0.727623 0.933997
vt 0.713639 0.924200
vt 0.723999 0.917103
vt 0.708493 0.902821
vt 0.702678 0.925463
vt 0.703928 0.939098
vt 0.693878 0.936980
vt 0.484054 0.073525
vt 0.474445 0.073033
vt 0.682623 0.939365
vt 0.692346 0.927118
vt 0.666845 0.933035
vt 0.679555 0.929533
vt 0.667288 0.890782
vt 0.683245 0.906024
vt 0.680931 0.889021
vt 0.659375 0.873470
vt 0.655887 0.866686
vt 0.651179 0.864450
vt 0.654054 0.860932
vt 0.648317 0.867630
vt 0.648682 0.863651
vt 0.646215 0.872834
vt 0.645728 0.867051
vt 0.647238 0.894275
vt 0.643563 0.872631
vt 0.295010 0.347769
vt 0.313721 0.350150
vt 0.294909 0.358518
vt 0.313201 0.360337
vt 0.330838 0.351752
vt 0.330401 0.361159
vt 0.313254 0.371695
vt 0.330996 0.371237
vt 0.314193 0.383122
vt 0.332661 0.381678
vt 0.315577 0.393873
vt 0.335609 0.392736
vt 0.718666 0.897691
vt 0.704477 0.879350
vt 0.712434 0.876351
vt 0.700709 0.903381
vt 0.691163 0.884112
vt 0.693383 0.904412
vt 0.294761 0.385076
vt 0.279003 0.393538
vt 0.693768 0.859439
vt 0.700079 0.857681
vt 0.263837 0.394176
vt 0.704156 0.864483
vt 0.293839 0.372297
vt 0.261069 0.366353
vt 0.660373 0.855700
vt 0.661235 0.857597
vt 0.652777 0.859650
vt 0.263492 0.358794
vt 0.293391 0.394176
vt 0.637410 0.913216
vt 0.942199 0.772642
vt 0.944107 0.757798
vt 0.949756 0.768365
vt 0.509203 0.068697
vt 0.649479 0.970414
vt 0.635237 0.980689
vt 0.638906 0.968642
vt 0.654666 0.985588
vt 0.647004 0.984911
vt 0.651147 0.957719
vt 0.530725 0.094388
vt 0.954055 0.781108
vt 0.937035 0.756658
vt 0.962869 0.745431
vt 0.522155 0.087666
vt 0.535174 0.047814
vt 0.686384 0.849052
vt 0.258822 0.392236
vt 0.258071 0.388636
vt 0.258742 0.384334
vt 0.687054 0.869098
vt 0.536802 0.099062
vt 0.328781 0.029751
vt 0.337705 0.029952
vt 0.337438 0.022455
vt 0.334482 0.017936
vt 0.908361 0.030087
vt 0.907313 0.022753
vt 0.903342 0.024707
vt 0.914569 0.018929
vt 0.907452 0.018185
vt 0.902379 0.018764
vt 0.925582 0.743616
vt 0.920904 0.747795
vt 0.924875 0.749634
vt 0.928540 0.750425
vt 0.925563 0.738001
vt 0.923324 0.741418
vt 0.944842 0.600220
vt 0.950841 0.604866
vt 0.951311 0.599639
vt 0.946883 0.610783
vt 0.953400 0.607449
vt 0.956298 0.600961
vt 0.923637 0.729462
vt 0.927928 0.734092
vt 0.928540 0.728566
vt 0.915604 0.726714
vt 0.922463 0.732812
vt 0.867113 0.868236
vt 0.876368 0.861407
vt 0.867389 0.860618
vt 0.874427 0.870031
vt 0.880775 0.869694
vt 0.873363 0.878125
vt 0.879540 0.879238
vt 0.865819 0.874380
vt 0.748660 0.993703
vt 0.753957 0.987740
vt 0.747523 0.988318
vt 0.930816 0.571510
vt 0.934697 0.577667
vt 0.934730 0.570225
vt 0.741667 0.989027
vt 0.743616 0.995675
vt 0.913101 0.711760
vt 0.900557 0.706136
vt 0.903900 0.717420
vt 0.919527 0.722911
vt 0.901113 0.725281
vt 0.297592 0.320259
vt 0.277986 0.319027
vt 0.276266 0.326604
vt 0.281050 0.337095
vt 0.921918 0.031670
vt 0.926873 0.025186
vt 0.926875 0.013786
vt 0.274866 0.299155
vt 0.294662 0.289671
vt 0.271051 0.292234
vt 0.273117 0.284606
vt 0.260600 0.287609
vt 0.768977 0.983945
vt 0.768487 0.991587
vt 0.772373 0.986320
vt 0.773003 0.978332
vt 0.768943 0.978294
vt 0.761813 0.979372
vt 0.763040 0.986335
vt 0.765537 0.958612
vt 0.760117 0.959217
vt 0.754761 0.979747
vt 0.747908 0.928827
vt 0.744003 0.957757
vt 0.751332 0.958765
vt 0.741767 0.928423
vt 0.741667 0.903649
vt 0.349603 0.312827
vt 0.325558 0.321400
vt 0.349479 0.321558
vt 0.366782 0.319995
vt 0.367504 0.312257
vt 0.349394 0.309165
vt 0.865071 0.878858
vt 0.874246 0.885298
vt 0.863631 0.887900
vt 0.873116 0.893516
vt 0.879841 0.894253
vt 0.880536 0.885635
vt 0.887138 0.894707
vt 0.887003 0.884782
vt 0.884666 0.877616
vt 0.885494 0.868179
vt 0.881310 0.859086
vt 0.874393 0.853812
vt 0.333669 0.038504
vt 0.324795 0.037953
vt 0.328762 0.042285
vt 0.321823 0.043375
vt 0.875606 0.835426
vt 0.872737 0.846180
vt 0.877535 0.845751
vt 0.879146 0.852970
vt 0.312241 0.039523
vt 0.313451 0.032513
vt 0.306260 0.032915
vt 0.310229 0.024151
vt 0.316871 0.016915
vt 0.318341 0.006407
vt 0.309975 0.009293
vt 0.305749 0.013880
vt 0.304021 0.019854
vt 0.304245 0.026786
vt 0.597276 0.827236
vt 0.591396 0.819915
vt 0.589952 0.825438
vt 0.583817 0.822837
vt 0.584737 0.816033
vt 0.591739 0.814831
vt 0.869015 0.827045
vt 0.875493 0.826625
vt 0.870807 0.836009
vt 0.860152 0.832934
vt 0.864467 0.842912
vt 0.866847 0.854151
vt 0.364643 0.280929
vt 0.347768 0.293976
vt 0.366996 0.291225
vt 0.348302 0.297844
vt 0.368218 0.296799
vt 0.348953 0.303407
vt 0.367737 0.308713
vt 0.368625 0.303497
vt 0.323966 0.305347
vt 0.324449 0.311054
vt 0.324709 0.315108
vt 0.296906 0.315664
vt 0.743384 0.978322
vt 0.750757 0.978927
vt 0.754748 0.959096
vt 0.752496 0.994722
vt 0.757009 0.995100
vt 0.945013 0.568348
vt 0.940899 0.577479
vt 0.947244 0.575961
vt 0.951892 0.567802
vt 0.762404 0.994444
vt 0.953839 0.574416
vt 0.950034 0.584646
vt 0.955170 0.583268
vt 0.254617 0.284989
vt 0.264066 0.280160
vt 0.257168 0.276384
vt 0.267027 0.275630
vt 0.261803 0.271281
vt 0.956598 0.592443
vt 0.926056 0.007348
vt 0.916006 0.012123
vt 0.908691 0.007099
vt 0.916764 0.006941
vt 0.908253 0.012141
vt 0.902379 0.008919
vt 0.902447 0.013416
vt 0.923500 0.755757
vt 0.918604 0.753491
vt 0.951088 0.592587
vt 0.942227 0.586478
vt 0.943192 0.593594
vt 0.934346 0.595032
vt 0.933762 0.586944
vt 0.930529 0.605673
vt 0.936745 0.602815
vt 0.928275 0.596507
vt 0.923623 0.719546
vt 0.918990 0.710118
vt 0.929557 0.577071
vt 0.928275 0.586210
vt 0.911159 0.703526
vt 0.938203 0.608196
vt 0.946221 0.605959
vt 0.932553 0.610387
vt 0.938620 0.612611
vt 0.278040 0.311037
vt 0.296137 0.308594
vt 0.323077 0.296504
vt 0.295502 0.302030
vt 0.323458 0.300123
vt 0.346553 0.287017
vt 0.322496 0.289679
vt 0.344877 0.280034
vt 0.763075 0.903697
vt 0.766852 0.929255
vt 0.767039 0.903992
vt 0.769706 0.886269
vt 0.764700 0.885746
vt 0.756500 0.886367
vt 0.756730 0.903412
vt 0.591228 0.805276
vt 0.598864 0.814421
vt 0.600297 0.803682
vt 0.605545 0.812778
vt 0.606066 0.801679
vt 0.606151 0.819528
vt 0.612394 0.812159
vt 0.613757 0.819477
vt 0.621536 0.810785
vt 0.611528 0.828455
vt 0.621178 0.828455
vt 0.622687 0.819383
vt 0.885801 0.906508
vt 0.877291 0.906478
vt 0.327290 0.015602
vt 0.329872 0.008175
vt 0.337705 0.012867
vt 0.891979 0.880543
vt 0.860152 0.899710
vt 0.870030 0.904403
vt 0.615600 0.800950
vt 0.363425 0.331379
vt 0.743331 0.886975
vt 0.751269 0.904667
vt 0.751977 0.888174
vt 0.758097 0.930484
vt 0.764088 0.930245
vt 0.769139 0.957749
vt 0.321004 0.282446
vt 0.274534 0.280350
vt 0.294459 0.281467
vt 0.752545 0.930486
vt 0.599009 0.820579
vt 0.604415 0.828291
vt 0.586054 0.805052
vt 0.295044 0.297686
vt 0.276978 0.303928
vt 0.918645 0.036223
vt 0.911809 0.025309
vt 0.894871 0.741513
vt 0.908375 0.742419
vt 0.898214 0.734051
vt 0.912998 0.750922
vt 0.915486 0.745233
vt 0.910924 0.736831
vt 0.918353 0.739645
vt 0.913181 0.731772
vt 0.920689 0.735772
vt 0.178075 0.022561
vt 0.169417 0.029856
vt 0.169150 0.022359
vt 0.172373 0.034375
vt 0.739724 0.031250
vt 0.738676 0.023916
vt 0.743171 0.026473
vt 0.745932 0.020092
vt 0.733742 0.019927
vt 0.734704 0.025871
vt 0.376416 0.965177
vt 0.380595 0.969855
vt 0.374218 0.967435
vt 0.383226 0.962219
vt 0.382435 0.965884
vt 0.370801 0.965196
vt 0.375189 0.962440
vt 0.938495 0.898668
vt 0.944495 0.903314
vt 0.938025 0.903895
vt 0.942453 0.892752
vt 0.943115 0.897575
vt 0.933038 0.902574
vt 0.935936 0.896085
vt 0.366892 0.962831
vt 0.362263 0.967122
vt 0.361366 0.962219
vt 0.359515 0.975155
vt 0.355712 0.971231
vt 0.846651 0.783787
vt 0.855907 0.776957
vt 0.855631 0.784576
vt 0.842244 0.775499
vt 0.848593 0.775162
vt 0.849657 0.767068
vt 0.843479 0.765955
vt 0.857200 0.770814
vt 0.760248 0.769981
vt 0.754952 0.775944
vt 0.756412 0.768962
vt 0.958520 0.932025
vt 0.954639 0.925867
vt 0.959779 0.926463
vt 0.767241 0.774657
vt 0.761385 0.775366
vt 0.338936 0.990202
vt 0.344560 0.977658
vt 0.350220 0.986859
vt 0.358081 0.989646
vt 0.364573 0.977578
vt 0.093590 0.287215
vt 0.073984 0.285983
vt 0.095310 0.279637
vt 0.090526 0.269147
vt 0.753280 0.032833
vt 0.758237 0.014949
vt 0.758235 0.026350
vt 0.076914 0.316571
vt 0.096710 0.307087
vt 0.100525 0.314008
vt 0.110976 0.318633
vt 0.098459 0.321636
vt 0.739931 0.779739
vt 0.740421 0.772097
vt 0.745869 0.777349
vt 0.735905 0.785352
vt 0.736536 0.777363
vt 0.747096 0.784312
vt 0.739965 0.785389
vt 0.743372 0.805072
vt 0.748792 0.804467
vt 0.754148 0.783937
vt 0.754161 0.804588
vt 0.761001 0.834856
vt 0.764906 0.805927
vt 0.767142 0.835261
vt 0.767241 0.860035
vt 0.046019 0.284841
vt 0.021973 0.293415
vt 0.022097 0.284683
vt 0.004794 0.286247
vt 0.022182 0.297077
vt 0.004072 0.293985
vt 0.857948 0.766336
vt 0.848774 0.759896
vt 0.859388 0.757294
vt 0.849903 0.751677
vt 0.843178 0.750941
vt 0.842483 0.759559
vt 0.835881 0.750486
vt 0.836017 0.760412
vt 0.838354 0.767577
vt 0.837525 0.777014
vt 0.841710 0.786108
vt 0.848627 0.791382
vt 0.843874 0.792223
vt 0.182061 0.014358
vt 0.173186 0.013807
vt 0.178093 0.010027
vt 0.185033 0.008936
vt 0.850282 0.799014
vt 0.847414 0.809768
vt 0.845485 0.799443
vt 0.194615 0.012789
vt 0.200595 0.019396
vt 0.193404 0.019798
vt 0.196626 0.028160
vt 0.189984 0.035396
vt 0.196880 0.043018
vt 0.188514 0.045905
vt 0.201106 0.038432
vt 0.202835 0.032457
vt 0.202610 0.025525
vt 0.629245 0.042173
vt 0.635124 0.049495
vt 0.627800 0.047696
vt 0.621666 0.045095
vt 0.622586 0.038291
vt 0.629588 0.037089
vt 0.854005 0.818148
vt 0.852212 0.809185
vt 0.862868 0.812260
vt 0.858553 0.802281
vt 0.856173 0.791042
vt 0.023808 0.312266
vt 0.006933 0.325313
vt 0.004580 0.315017
vt 0.023274 0.308398
vt 0.003358 0.309443
vt 0.022624 0.302835
vt 0.003839 0.297529
vt 0.047610 0.300894
vt 0.047127 0.295187
vt 0.046867 0.291134
vt 0.074670 0.290578
vt 0.757577 0.804919
vt 0.765524 0.785362
vt 0.758151 0.784757
vt 0.751899 0.768584
vt 0.944324 0.935187
vt 0.948436 0.926055
vt 0.949972 0.934240
vt 0.937444 0.935733
vt 0.942092 0.927574
vt 0.746504 0.769240
vt 0.935497 0.929118
vt 0.939302 0.918888
vt 0.107510 0.326081
vt 0.116959 0.321253
vt 0.114408 0.329858
vt 0.104549 0.330612
vt 0.932738 0.911091
vt 0.934166 0.920267
vt 0.757418 0.008512
vt 0.747369 0.013286
vt 0.748126 0.008105
vt 0.938248 0.910948
vt 0.740053 0.008263
vt 0.739615 0.013305
vt 0.733742 0.010083
vt 0.738814 0.019348
vt 0.733809 0.014579
vt 0.388557 0.967259
vt 0.389740 0.962968
vt 0.386292 0.972155
vt 0.946144 0.909940
vt 0.947109 0.917057
vt 0.954990 0.908502
vt 0.955574 0.916590
vt 0.958807 0.897861
vt 0.961061 0.907027
vt 0.952591 0.900720
vt 0.352347 0.967136
vt 0.342919 0.971769
vt 0.961061 0.917325
vt 0.336326 0.979600
vt 0.333978 0.973202
vt 0.951133 0.895338
vt 0.950716 0.890923
vt 0.956783 0.893147
vt 0.954606 0.933309
vt 0.093536 0.295204
vt 0.075439 0.297648
vt 0.076075 0.304211
vt 0.048499 0.309738
vt 0.048118 0.306119
vt 0.025023 0.319225
vt 0.026699 0.326208
vt 0.742056 0.834429
vt 0.745834 0.859987
vt 0.741869 0.859692
vt 0.049080 0.316562
vt 0.050572 0.323796
vt 0.739202 0.877414
vt 0.752408 0.877317
vt 0.744209 0.877938
vt 0.636713 0.036679
vt 0.629077 0.027534
vt 0.638146 0.025941
vt 0.643393 0.035037
vt 0.643915 0.023937
vt 0.650243 0.034417
vt 0.643999 0.041787
vt 0.651606 0.041735
vt 0.659384 0.033043
vt 0.660535 0.041642
vt 0.649376 0.050713
vt 0.659027 0.050713
vt 0.837218 0.738685
vt 0.179565 0.036709
vt 0.176983 0.044136
vt 0.831041 0.764650
vt 0.833881 0.769745
vt 0.862868 0.745484
vt 0.852990 0.740791
vt 0.653449 0.023208
vt 0.845729 0.738715
vt 0.008151 0.274863
vt 0.765578 0.876709
vt 0.757640 0.859017
vt 0.756931 0.875509
vt 0.752178 0.860272
vt 0.750811 0.833200
vt 0.744820 0.833438
vt 0.739770 0.805934
vt 0.077117 0.324775
vt 0.097043 0.325892
vt 0.642264 0.050549
vt 0.636858 0.042838
vt 0.623903 0.027311
vt 0.094598 0.302314
vt 0.076532 0.308555
vt 0.750008 0.037386
vt 0.374314 0.995888
vt 0.375219 0.982384
vt 0.380653 0.985086
vt 0.383723 0.977760
vt 0.369631 0.979834
vt 0.378034 0.975273
vt 0.366851 0.992545
vt 0.372446 0.972406
vt 0.368573 0.970070
vt 0.365612 0.968296
vt 0.756364 0.833198
vt 0.587119 0.028739
vt 0.940008 0.476263
vt 0.594420 0.042840
vt 0.234460 0.043879
vt 0.344526 0.505198
vt 0.142918 0.035241
vt 0.950085 0.241514
vt 0.626915 0.987365
vt 0.211761 0.412983
vt 0.626915 0.837122
vt 0.363948 0.396812
vt 0.956826 0.419062
vt 0.115434 0.643762
vt 0.180656 0.803565
vt 0.972482 0.214443
vt 0.209032 0.125594
vt 0.746652 0.071889
vt 0.077454 0.830236
vt 0.098407 0.674918
vt 0.856932 0.626233
vt 0.732602 0.741588
vt 0.249723 0.912121
vt 0.275859 0.067811
vt 0.013475 0.583703
vt 0.665043 0.214197
vt 0.034234 0.839620
vt 0.507389 0.501438
vt 0.512789 0.447281
vt 0.825856 0.312139
vt 0.122924 0.072377
vt 0.058109 0.334068
vt 0.381647 0.336477
vt 0.630725 0.104710
vt 0.469530 0.177781
vt 0.402625 0.190554
vt 0.047184 0.390386
vt 0.182122 0.448938
vt 0.250233 0.613026
vt 0.882307 0.402192
vt 0.051638 0.448290
vt 0.038760 0.442624
vt 0.976631 0.184021
vt 0.016617 0.008366
vt 0.182098 0.619992
vt 0.708163 0.586904
vt 0.863050 0.560579
vt 0.477148 0.123085
vt 0.057631 0.521177
vt 0.972371 0.386235
vt 0.107924 0.038068
vt 0.879668 0.996076
vt 0.633243 0.737411
vt 0.064354 0.096991
vt 0.240189 0.501771
vt 0.168076 0.674918
vt 0.980029 0.091041
vt 0.743285 0.466941
vt 0.986295 0.996242
vt 0.986295 0.965320
vt 0.704645 0.329822
vt 0.034455 0.462781
vt 0.495673 0.028688
vt 0.982670 0.028815
vt 0.745201 0.440008
vt 0.078114 0.222209
vt 0.965837 0.874508
vt 0.058737 0.111582
vt 0.093538 0.167855
vt 0.082712 0.186222
vt 0.279106 0.033572
vt 0.174839 0.736115
vt 0.081807 0.568869
vt 0.115502 0.296622
vt 0.121134 0.633109
vt 0.091186 0.697774
vt 0.027109 0.021032
vt 0.152580 0.623738
vt 0.088812 0.982438
vt 0.855482 0.956050
vt 0.136098 0.893201
vt 0.008963 0.452798
vt 0.598410 0.736234
vt 0.178772 0.996161
vt 0.180656 0.872756
vt 0.926979 0.641419
vt 0.030659 0.825153
vt 0.002930 0.070856
vt 0.073130 0.115950
vt 0.923230 0.079189
vt 0.521815 0.440921
vt 0.023382 0.596058
vt 0.695534 0.600384
vt 0.787435 0.124724
vt 0.003958 0.377473
vt 0.082660 0.772949
vt 0.032971 0.266181
vt 0.507389 0.559498
vt 0.162698 0.373999
vt 0.150472 0.334068
vt 0.371676 0.112072
vt 0.068608 0.214020
vt 0.877585 0.191804
vt 0.478315 0.588176
vt 0.653856 0.496527
vt 0.207756 0.048605
vt 0.005816 0.012279
vt 0.298587 0.747158
vt 0.308578 0.265377
vt 0.055999 0.168025
vt 0.822889 0.199422
vt 0.459074 0.202881
vt 0.535884 0.396704
vt 0.975172 0.553530
vt 0.819591 0.026247
vt 0.879668 0.916024
vt 0.065472 0.575328
vt 0.137869 0.995113
vt 0.738881 0.057429
vt 0.664777 0.156609
vt 0.380206 0.043744
vt 0.734111 0.977688
vt 0.115193 0.018114
vt 0.227808 0.822042
vt 0.975367 0.271841
vt 0.967830 0.735176
vt 0.963757 0.569239
vt 0.963192 0.302151
vt 0.975367 0.302762
vt 0.150001 0.312293
vt 0.987976 0.352641
vt 0.671944 0.039738
vt 0.348006 0.036033
vt 0.124537 0.305114
vt 0.983024 0.732813
vt 0.039197 0.963927
vt 0.831195 0.021364
vt 0.984921 0.945313
vt 0.038579 0.051818
vt 0.944714 0.445226
vt 0.595251 0.524297
vt 0.383011 0.073212
vt 0.047798 0.984454
vt 0.004663 0.025349
vt 0.913553 0.760566
vt 0.920054 0.995662
vt 0.447252 0.605655
vt 0.417797 0.813492
vt 0.909229 0.239912
vt 0.450659 0.992435
vt 0.472828 0.988657
vt 0.866249 0.243924
vt 0.855526 0.473042
vt 0.284504 0.505090
vt 0.332848 0.247686
vt 0.131901 0.044909
vt 0.392312 0.536365
vt 0.273742 0.560712
vt 0.089148 0.069921
vt 0.349591 0.735194
vt 0.927382 0.836010
vt 0.411694 0.931251
vt 0.308101 0.780513
vt 0.306979 0.937643
vt 0.855526 0.686688
vt 0.395782 0.509497
vt 0.648981 0.572273
vt 0.405161 0.601327
vt 0.311912 0.851711
vt 0.451404 0.520260
vt 0.347779 0.744868
vt 0.902371 0.846987
vt 0.630622 0.082223
vt 0.788342 0.860325
vt 0.591288 0.290906
vt 0.579191 0.342817
vt 0.635737 0.358930
vt 0.834087 0.873014
vt 0.465998 0.046024
vt 0.378395 0.121776
vt 0.757425 0.716667
vt 0.748585 0.727269
vt 0.798000 0.774096
vt 0.786811 0.540434
vt 0.346478 0.220172
vt 0.940510 0.033082
vt 0.788257 0.908774
vt 0.834002 0.896084
vt 0.827953 0.940897
vt 0.572266 0.227783
vt 0.781553 0.653416
vt 0.748585 0.687931
vt 0.797916 0.995003
vt 0.786811 0.643104
vt 0.157480 0.141013
vt 0.294806 0.551787
vt 0.143460 0.807176
vt 0.148016 0.084400
vt 0.772073 0.345452
vt 0.889757 0.928175
vt 0.738410 0.338635
vt 0.790174 0.318117
vt 0.952847 0.194967
vt 0.716007 0.477338
vt 0.944319 0.222082
vt 0.679631 0.261275
vt 0.738737 0.393058
vt 0.790164 0.189202
vt 0.723117 0.192653
vt 0.005653 0.913193
vt 0.702277 0.232555
vt 0.565305 0.314964
vt 0.035475 0.979809
vt 0.779189 0.084437
vt 0.813430 0.070899
vt 0.832295 0.048284
vt 0.850328 0.060271
vt 0.262441 0.146368
vt 0.737780 0.529149
vt 0.924575 0.299940
vt 0.369053 0.047447
vt 0.365192 0.074366
vt 0.943282 0.304539
vt 0.174036 0.198244
vt 0.067656 0.158979
vt 0.027274 0.160697
vt 0.608128 0.115319
vt 0.596273 0.373047
vt 0.690302 0.849101
vt 0.635237 0.894250
vt 0.928319 0.742389
vt 0.298891 0.328410
vt 0.889139 0.875448
vt 0.939364 0.569294
vt 0.927791 0.756940
vt 0.917557 0.701178
vt 0.934084 0.614192
vt 0.360553 0.271281
vt 0.905673 0.747853
vt 0.765293 0.768009
vt 0.072686 0.277832
vt 0.847526 0.818569
vt 0.002952 0.302745
vt 0.109773 0.334961
vt 0.955252 0.889342
vt 0.011023 0.334961
vt 0.169150 0.039444
s 1
usemtl Skeleton_Normal
f 1/1/1 2/2/2 3/3/3
f 1/1/1 4/4/4 5/5/5
f 6/6/6 7/7/7 8/8/8
f 9/9/9 10/10/10 11/11/11
f 9/9/9 11/11/11 12/12/12
f 4/4/4 13/13/13 14/14/14
f 15/15/15 16/16/16 17/17/17
f 18/18/18 19/19/19 20/20/20
f 21/21/21 18/18/18 20/20/20
f 18/18/18 22/22/22 23/23/23
f 24/24/24 25/25/25 26/26/26
f 27/27/27 24/24/24 26/26/26
f 26/26/26 28/28/28 27/27/27
f 29/29/29 30/30/30 31/31/31
f 30/30/30 32/32/32 31/31/31
f 30/30/30 33/33/33 34/34/34
f 25/25/25 35/35/35 28/28/28
f 36/36/36 37/37/37 38/38/38
f 25/25/25 39/39/39 40/40/40
f 41/41/41 42/42/42 43/43/43
f 44/44/44 45/45/45 46/46/46
f 46/46/46 47/47/47 44/44/44
f 48/48/48 49/49/49 50/50/50
f 51/51/51 52/52/52 53/53/53
f 50/50/50 54/54/54 48/48/48
f 55/55/55 54/54/54 56/56/56
f 57/57/57 31/31/31 52/52/52
f 52/52/52 32/32/32 53/53/53
f 58/58/58 37/37/37 24/24/24
f 59/59/59 60/60/60 61/61/61
f 60/60/60 62/62/62 61/61/61
f 60/60/60 63/63/63 64/64/64
f 22/22/22 65/65/65 23/23/23
f 34/34/34 36/36/36 32/32/32
f 42/42/42 66/66/66 43/43/43
f 67/67/67 68/68/68 42/42/42
f 69/69/69 70/70/70 71/71/71
f 71/71/71 72/72/72 69/69/69
f 73/73/73 28/28/28 35/35/35
f 69/69/69 74/74/74 75/75/75
f 76/76/76 77/77/77 78/78/78
f 66/66/66 75/75/75 74/74/74
f 79/79/79 80/80/80 76/76/76
f 81/81/81 82/82/82 80/80/80
f 81/81/81 83/83/83 84/84/84
f 84/84/84 85/85/85 81/81/81
f 86/86/86 87/87/87 88/88/88
f 88/88/88 89/89/89 86/86/86
f 90/90/90 91/91/91 88/88/88
f 92/92/92 93/93/93 94/94/94
f 94/94/94 95/95/95 92/92/92
f 96/96/96 97/97/97 98/98/98
f 99/99/99 100/100/100 101/101/101
f 102/102/102 99/99/99 101/101/101
f 103/103/103 102/102/102 101/101/101
f 104/104/104 105/105/105 106/106/106
f 106/106/106 107/107/107 104/104/104
f 108/108/108 109/109/109 106/106/106
f 110/110/110 2/2/2 111/111/111
f 112/112/112 113/113/113 114/114/114
f 115/115/115 3/3/3 110/110/110
f 4/4/4 115/115/115 13/13/13
f 4/4/4 14/14/14 116/116/116
f 116/116/116 5/5/5 4/4/4
f 117/117/117 118/118/118 5/5/5
f 118/118/118 1/1/1 5/5/5
f 119/119/119 120/120/120 118/118/118
f 120/120/120 121/121/121 122/122/122
f 120/120/120 2/2/2 1/1/1
f 122/122/122 123/123/123 124/124/124
f 122/122/122 111/111/111 2/2/2
f 121/121/121 125/125/125 123/123/123
f 126/126/126 127/127/127 102/102/102
f 126/126/126 104/104/104 107/107/107
f 128/128/128 129/129/129 127/127/127
f 12/12/12 95/95/95 130/130/130
f 97/97/97 127/127/127 129/129/129
f 95/95/95 10/10/10 131/131/131
f 132/132/132 91/91/91 131/131/131
f 131/131/131 92/92/92 95/95/95
f 132/132/132 133/133/133 89/89/89
f 134/134/134 85/85/85 133/133/133
f 133/133/133 86/86/86 89/89/89
f 82/82/82 135/135/135 136/136/136
f 137/137/137 77/77/77 136/136/136
f 136/136/136 80/80/80 82/82/82
f 138/138/138 139/139/139 140/140/140
f 140/140/140 141/141/141 138/138/138
f 138/138/138 78/78/78 77/77/77
f 140/140/140 142/142/142 143/143/143
f 140/140/140 144/144/144 145/145/145
f 143/143/143 146/146/146 144/144/144
f 147/147/147 148/148/148 55/55/55
f 139/139/139 149/149/149 142/142/142
f 150/150/150 137/137/137 151/151/151
f 151/151/151 152/152/152 150/150/150
f 135/135/135 153/153/153 151/151/151
f 154/154/154 134/134/134 155/155/155
f 155/155/155 156/156/156 154/154/154
f 155/155/155 157/157/157 158/158/158
f 159/159/159 160/160/160 157/157/157
f 160/160/160 161/161/161 157/157/157
f 160/160/160 10/10/10 162/162/162
f 163/163/163 119/119/119 164/164/164
f 165/165/165 157/157/157 161/161/161
f 163/163/163 7/7/7 166/166/166
f 7/7/7 121/121/121 166/166/166
f 165/165/165 156/156/156 158/158/158
f 156/156/156 167/167/167 168/168/168
f 168/168/168 152/152/152 153/153/153
f 168/168/168 154/154/154 156/156/156
f 169/169/169 170/170/170 171/171/171
f 169/169/169 150/150/150 152/152/152
f 172/172/172 173/173/173 174/174/174
f 173/173/173 175/175/175 176/176/176
f 176/176/176 174/174/174 173/173/173
f 175/175/175 177/177/177 178/178/178
f 178/178/178 54/54/54 175/175/175
f 175/175/175 148/148/148 176/176/176
f 178/178/178 179/179/179 48/48/48
f 180/180/180 181/181/181 179/179/179
f 181/181/181 182/182/182 183/183/183
f 181/181/181 184/184/184 185/185/185
f 185/185/185 179/179/179 181/181/181
f 183/183/183 186/186/186 187/187/187
f 187/187/187 184/184/184 183/183/183
f 187/187/187 188/188/188 189/189/189
f 189/189/189 190/190/190 187/187/187
f 189/189/189 191/191/191 192/192/192
f 192/192/192 193/193/193 189/189/189
f 194/194/194 195/195/195 196/196/196
f 197/197/197 19/19/19 198/198/198
f 198/198/198 23/23/23 65/65/65
f 199/199/199 90/90/90 200/200/200
f 200/200/200 201/201/201 199/199/199
f 192/192/192 202/202/202 195/195/195
f 200/200/200 88/88/88 87/87/87
f 87/87/87 203/203/203 200/200/200
f 191/191/191 98/98/98 202/202/202
f 188/188/188 96/96/96 191/191/191
f 100/100/100 186/186/186 204/204/204
f 204/204/204 101/101/101 100/100/100
f 205/205/205 103/103/103 204/204/204
f 105/105/105 206/206/206 207/207/207
f 207/207/207 106/106/106 105/105/105
f 208/208/208 108/108/108 207/207/207
f 113/113/113 209/209/209 16/16/16
f 16/16/16 210/210/210 17/17/17
f 17/17/17 210/210/210 211/211/211
f 211/211/211 212/212/212 17/17/17
f 213/213/213 17/17/17 212/212/212
f 171/171/171 214/214/214 215/215/215
f 210/210/210 177/177/177 216/216/216
f 216/216/216 211/211/211 210/210/210
f 209/209/209 217/217/217 177/177/177
f 206/206/206 180/180/180 217/217/217
f 217/217/217 178/178/178 177/177/177
f 205/205/205 218/218/218 206/206/206
f 182/182/182 204/204/204 186/186/186
f 208/208/208 206/206/206 217/217/217
f 170/170/170 167/167/167 214/214/214
f 164/164/164 118/118/118 219/219/219
f 160/160/160 131/131/131 10/10/10
f 155/155/155 133/133/133 159/159/159
f 151/151/151 136/136/136 135/135/135
f 125/125/125 7/7/7 6/6/6
f 114/114/114 16/16/16 220/220/220
f 84/84/84 221/221/221 87/87/87
f 222/222/222 61/61/61 62/62/62
f 223/223/223 61/61/61 224/224/224
f 75/75/75 225/225/225 70/70/70
f 226/226/226 27/27/27 28/28/28
f 227/227/227 58/58/58 27/27/27
f 228/228/228 20/20/20 19/19/19
f 59/59/59 21/21/21 20/20/20
f 229/229/229 45/45/45 230/230/230
f 53/53/53 45/45/45 51/51/51
f 32/32/32 38/38/38 53/53/53
f 46/46/46 38/38/38 37/37/37
f 231/231/231 232/232/232 233/233/233
f 231/231/231 234/234/234 232/232/232
f 235/235/235 236/236/236 237/237/237
f 238/238/238 239/239/239 240/240/240
f 238/238/238 241/241/241 242/242/242
f 234/234/234 243/243/243 244/244/244
f 245/245/245 246/246/246 247/247/247
f 248/248/248 249/249/249 250/250/250
f 248/248/248 251/251/251 252/252/252
f 248/248/248 253/253/253 254/254/254
f 255/255/255 256/256/256 257/257/257
f 258/258/258 256/256/256 259/259/259
f 257/257/257 260/260/260 255/255/255
f 261/261/261 262/262/262 263/263/263
f 264/264/264 261/261/261 263/263/263
f 261/261/261 265/265/265 266/266/266
f 267/267/267 255/255/255 260/260/260
f 268/268/268 269/269/269 270/270/270
f 271/271/271 255/255/255 272/272/272
f 273/273/273 274/274/274 275/275/275
f 276/276/276 277/277/277 278/278/278
f 279/279/279 280/280/280 276/276/276
f 281/281/281 282/282/282 283/283/283
f 284/284/284 285/285/285 286/286/286
f 283/283/283 287/287/287 288/288/288
f 289/289/289 287/287/287 290/290/290
f 286/286/286 263/263/263 262/262/262
f 285/285/285 264/264/264 263/263/263
f 268/268/268 259/259/259 256/256/256
f 291/291/291 292/292/292 293/293/293
f 291/291/291 294/294/294 295/295/295
f 291/291/291 296/296/296 297/297/297
f 253/253/253 298/298/298 299/299/299
f 300/300/300 269/269/269 271/271/271
f 274/274/274 301/301/301 302/302/302
f 302/302/302 275/275/275 274/274/274
f 303/303/303 304/304/304 305/305/305
f 305/305/305 306/306/306 307/307/307
f 308/308/308 260/260/260 309/309/309
f 304/304/304 310/310/310 306/306/306
f 311/311/311 312/312/312 313/313/313
f 314/314/314 301/301/301 310/310/310
f 313/313/313 315/315/315 311/311/311
f 316/316/316 317/317/317 318/318/318
f 316/316/316 319/319/319 315/315/315
f 318/318/318 320/320/320 316/316/316
f 321/321/321 322/322/322 320/320/320
f 323/323/323 324/324/324 325/325/325
f 325/325/325 326/326/326 323/323/323
f 327/327/327 328/328/328 326/326/326
f 329/329/329 330/330/330 331/331/331
f 332/332/332 333/333/333 334/334/334
f 335/335/335 336/336/336 333/333/333
f 335/335/335 337/337/337 338/338/338
f 337/337/337 339/339/339 338/338/338
f 340/340/340 341/341/341 339/339/339
f 342/342/342 343/343/343 344/344/344
f 344/344/344 345/345/345 342/342/342
f 346/346/346 233/233/233 232/232/232
f 347/347/347 348/348/348 345/345/345
f 232/232/232 349/349/349 346/346/346
f 234/234/234 244/244/244 349/349/349
f 234/234/234 350/350/350 243/243/243
f 351/351/351 350/350/350 234/234/234
f 352/352/352 353/353/353 351/351/351
f 352/352/352 231/231/231 354/354/354
f 354/354/354 355/355/355 352/352/352
f 354/354/354 356/356/356 357/357/357
f 354/354/354 233/233/233 358/358/358
f 358/358/358 359/359/359 356/356/356
f 358/358/358 360/360/360 361/361/361
f 362/362/362 356/356/356 359/359/359
f 363/363/363 364/364/364 365/365/365
f 363/363/363 340/340/340 337/337/337
f 366/366/366 365/365/365 364/364/364
f 241/241/241 330/330/330 242/242/242
f 364/364/364 332/332/332 366/366/366
f 330/330/330 239/239/239 242/242/242
f 325/325/325 367/367/367 368/368/368
f 368/368/368 327/327/327 325/325/325
f 369/369/369 367/367/367 324/324/324
f 318/318/318 370/370/370 369/369/369
f 369/369/369 321/321/321 318/318/318
f 317/317/317 371/371/371 370/370/370
f 312/312/312 372/372/372 373/373/373
f 373/373/373 313/313/313 312/312/312
f 374/374/374 375/375/375 372/372/372
f 376/376/376 377/377/377 374/374/374
f 374/374/374 378/378/378 376/376/376
f 377/377/377 379/379/379 375/375/375
f 377/377/377 380/380/380 381/381/381
f 381/381/381 380/380/380 382/382/382
f 383/383/383 290/290/290 384/384/384
f 385/385/385 375/375/375 379/379/379
f 386/386/386 372/372/372 375/375/375
f 387/387/387 388/388/388 389/389/389
f 389/389/389 371/371/371 387/387/387
f 390/390/390 370/370/370 371/371/371
f 391/391/391 392/392/392 393/393/393
f 391/391/391 394/394/394 395/395/395
f 396/396/396 395/395/395 394/394/394
f 396/396/396 397/397/397 240/240/240
f 396/396/396 240/240/240 239/239/239
f 398/398/398 355/355/355 357/357/357
f 394/394/394 399/399/399 397/397/397
f 398/398/398 237/237/237 236/236/236
f 237/237/237 357/357/357 356/356/356
f 399/399/399 393/393/393 392/392/392
f 392/392/392 400/400/400 399/399/399
f 401/401/401 388/388/388 402/402/402
f 401/401/401 390/390/390 389/389/389
f 402/402/402 403/403/403 404/404/404
f 403/403/403 386/386/386 385/385/385
f 405/405/405 406/406/406 407/407/407
f 405/405/405 408/408/408 409/409/409
f 407/407/407 384/384/384 405/405/405
f 408/408/408 410/410/410 409/409/409
f 287/287/287 411/411/411 408/408/408
f 408/408/408 290/290/290 287/287/287
f 411/411/411 412/412/412 413/413/413
f 413/413/413 414/414/414 415/415/415
f 414/414/414 416/416/416 415/415/415
f 414/414/414 417/417/417 418/418/418
f 412/412/412 419/419/419 414/414/414
f 418/418/418 420/420/420 416/416/416
f 417/417/417 421/421/421 418/418/418
f 421/421/421 422/422/422 420/420/420
f 423/423/423 424/424/424 421/421/421
f 424/424/424 425/425/425 422/422/422
f 426/426/426 427/427/427 424/424/424
f 428/428/428 429/429/429 427/427/427
f 249/249/249 430/430/430 431/431/431
f 431/431/431 250/250/250 249/249/249
f 432/432/432 326/326/326 328/328/328
f 433/433/433 434/434/434 432/432/432
f 435/435/435 427/427/427 429/429/429
f 434/434/434 323/323/323 326/326/326
f 436/436/436 322/322/322 434/434/434
f 425/425/425 334/334/334 333/333/333
f 333/333/333 422/422/422 425/425/425
f 336/336/336 420/420/420 422/422/422
f 437/437/437 338/338/338 339/339/339
f 339/339/339 438/438/438 437/437/437
f 341/341/341 439/439/439 438/438/438
f 440/440/440 342/342/342 345/345/345
f 345/345/345 441/441/441 440/440/440
f 348/348/348 442/442/442 441/441/441
f 246/246/246 443/443/443 442/442/442
f 444/444/444 445/445/445 443/443/443
f 446/446/446 445/445/445 444/444/444
f 444/444/444 447/447/447 446/446/446
f 404/404/404 448/448/448 402/402/402
f 443/443/443 410/410/410 442/442/442
f 445/445/445 409/409/409 443/443/443
f 449/449/449 442/442/442 410/410/410
f 413/413/413 439/439/439 449/449/449
f 449/449/449 411/411/411 413/413/413
f 415/415/415 438/438/438 439/439/439
f 416/416/416 437/437/437 438/438/438
f 439/439/439 441/441/441 449/449/449
f 402/402/402 400/400/400 401/401/401
f 450/450/450 352/352/352 355/355/355
f 396/396/396 368/368/368 367/367/367
f 391/391/391 369/369/369 370/370/370
f 387/387/387 373/373/373 372/372/372
f 362/362/362 235/235/235 237/237/237
f 451/451/451 246/246/246 348/348/348
f 452/452/452 320/320/320 322/322/322
f 453/453/453 293/293/293 454/454/454
f 293/293/293 455/455/455 454/454/454
f 456/456/456 314/314/314 303/303/303
f 309/309/309 258/258/258 457/457/457
f 457/457/457 259/259/259 279/279/279
f 297/297/297 252/252/252 292/292/292
f 292/292/292 251/251/251 455/455/455
f 458/458/458 277/277/277 284/284/284
f 277/277/277 459/459/459 284/284/284
f 270/270/270 264/264/264 459/459/459
f 280/280/280 270/270/270 277/277/277
f 460/460/460 461/461/461 462/462/462
f 463/463/463 464/464/464 465/465/465
f 466/466/466 467/467/467 464/464/464
f 464/464/464 468/468/468 466/466/466
f 469/469/469 470/470/470 471/471/471
f 471/471/471 472/472/472 469/469/469
f 473/473/473 474/474/474 475/475/475
f 476/476/476 477/477/477 478/478/478
f 477/477/477 479/479/479 478/478/478
f 479/479/479 480/480/480 478/478/478
f 481/481/481 482/482/482 483/483/483
f 484/484/484 485/485/485 486/486/486
f 487/487/487 488/488/488 489/489/489
f 490/490/490 491/491/491 492/492/492
f 493/493/493 494/494/494 495/495/495
f 496/496/496 497/497/497 498/498/498
f 499/499/499 500/500/500 501/501/501
f 502/502/502 503/503/503 504/504/504
f 505/505/505 506/506/506 504/504/504
f 507/507/507 508/508/508 509/509/509
f 508/508/508 510/510/510 509/509/509
f 509/509/509 511/511/511 507/507/507
f 512/512/512 509/509/509 510/510/510
f 513/513/513 514/514/514 515/515/515
f 516/516/516 511/511/511 512/512/512
f 517/517/517 515/515/515 514/514/514
f 507/507/507 511/511/511 518/518/518
f 519/519/519 520/520/520 518/518/518
f 521/521/521 518/518/518 511/511/511
f 522/522/522 523/523/523 524/524/524
f 525/525/525 526/526/526 527/527/527
f 528/528/528 529/529/529 526/526/526
f 525/525/525 528/528/528 526/526/526
f 522/522/522 530/530/530 523/523/523
f 531/531/531 532/532/532 533/533/533
f 532/532/532 534/534/534 533/533/533
f 535/535/535 536/536/536 537/537/537
f 538/538/538 539/539/539 540/540/540
f 487/487/487 536/536/536 541/541/541
f 542/542/542 543/543/543 544/544/544
f 543/543/543 545/545/545 544/544/544
f 546/546/546 547/547/547 548/548/548
f 549/549/549 550/550/550 551/551/551
f 552/552/552 551/551/551 553/553/553
f 554/554/554 555/555/555 556/556/556
f 557/557/557 556/556/556 558/558/558
f 559/559/559 560/560/560 561/561/561
f 562/562/562 563/563/563 564/564/564
f 565/565/565 561/561/561 560/560/560
f 566/566/566 564/564/564 563/563/563
f 567/567/567 568/568/568 569/569/569
f 460/460/460 462/462/462 570/570/570
f 571/571/571 572/572/572 573/573/573
f 574/574/574 575/575/575 576/576/576
f 577/577/577 575/575/575 578/578/578
f 579/579/579 580/580/580 581/581/581
f 582/582/582 534/534/534 574/574/574
f 581/581/581 583/583/583 584/584/584
f 585/585/585 586/586/586 587/587/587
f 506/506/506 549/549/549 588/588/588
f 485/485/485 589/589/589 537/537/537
f 537/537/537 589/589/589 535/535/535
f 486/486/486 537/537/537 487/487/487
f 590/590/590 533/533/533 582/582/582
f 583/583/583 591/591/591 584/584/584
f 592/592/592 593/593/593 591/591/591
f 593/593/593 594/594/594 591/591/591
f 595/595/595 596/596/596 597/597/597
f 598/598/598 531/531/531 599/599/599
f 600/600/600 601/601/601 602/602/602
f 603/603/603 604/604/604 605/605/605
f 606/606/606 603/603/603 605/605/605
f 607/607/607 605/605/605 608/608/608
f 609/609/609 610/610/610 611/611/611
f 612/612/612 613/613/613 614/614/614
f 615/615/615 616/616/616 617/617/617
f 618/618/618 619/619/619 620/620/620
f 621/621/621 465/465/465 622/622/622
f 623/623/623 622/622/622 624/624/624
f 625/625/625 626/626/626 627/627/627
f 628/628/628 629/629/629 630/630/630
f 631/631/631 632/632/632 633/633/633
f 634/634/634 635/635/635 636/636/636
f 637/637/637 626/626/626 625/625/625
f 638/638/638 633/633/633 632/632/632
f 639/639/639 640/640/640 641/641/641
f 642/642/642 641/641/641 643/643/643
f 644/644/644 645/645/645 646/646/646
f 647/647/647 648/648/648 640/640/640
f 649/649/649 650/650/650 648/648/648
f 648/648/648 641/641/641 640/640/640
f 651/651/651 652/652/652 653/653/653
f 654/654/654 652/652/652 655/655/655
f 656/656/656 657/657/657 658/658/658
f 659/659/659 660/660/660 661/661/661
f 662/662/662 658/658/658 663/663/663
f 664/664/664 665/665/665 666/666/666
f 667/667/667 666/666/666 665/665/665
f 668/668/668 664/664/664 669/669/669
f 670/670/670 671/671/671 672/672/672
f 673/673/673 674/674/674 675/675/673
f 479/479/479 676/676/675 677/677/676
f 678/678/677 679/679/678 680/680/679
f 681/681/680 682/682/681 683/683/682
f 684/684/683 685/685/684 686/686/685
f 470/470/470 687/687/686 688/688/687
f 689/689/688 690/690/689 691/691/690
f 692/692/691 691/691/690 693/693/692
f 694/694/693 691/691/690 690/690/689
f 573/573/573 462/462/462 606/606/606
f 571/571/571 573/573/573 607/607/607
f 695/695/694 696/696/695 697/697/696
f 698/698/697 689/689/688 692/692/691
f 699/699/698 700/700/699 698/698/697
f 692/692/691 699/699/698 698/698/697
f 701/701/700 702/702/701 703/703/702
f 704/704/703 705/705/704 706/706/705
f 707/707/706 708/708/707 709/709/708
f 710/710/709 711/711/710 708/708/707
f 712/712/711 569/569/569 568/568/568
f 693/693/692 699/699/698 692/692/691
f 713/713/712 714/714/713 715/715/714
f 716/716/715 717/717/716 700/700/699
f 718/718/717 719/719/718 720/720/719
f 721/721/720 718/718/717 722/722/721
f 723/723/722 724/724/723 725/725/724
f 726/726/725 727/727/726 728/728/727
f 727/727/726 729/729/728 728/728/727
f 730/730/729 726/726/725 728/728/727
f 731/731/730 730/730/729 728/728/727
f 732/732/731 733/733/732 718/718/717
f 734/734/733 735/735/734 736/736/735
f 737/737/736 738/738/737 699/699/698
f 739/739/738 740/740/739 741/741/740
f 742/742/741 743/743/742 744/744/743
f 745/745/744 513/513/513 746/746/745
f 747/747/746 748/748/747 749/749/748
f 750/750/749 749/749/748 748/748/747
f 751/751/750 752/752/751 753/753/752
f 754/754/753 747/747/746 749/749/748
f 755/755/754 754/754/753 749/749/748
f 756/756/755 749/749/748 750/750/749
f 757/757/756 758/758/757 759/759/758
f 760/760/759 476/476/476 761/761/760
f 762/762/761 763/763/762 764/764/763
f 765/765/764 766/766/765 767/767/766
f 768/768/767 764/764/763 763/763/762
f 769/769/768 770/770/769 771/771/770
f 772/772/771 773/773/772 774/774/773
f 775/775/774 769/769/768 771/771/770
f 776/776/775 777/777/776 775/775/774
f 778/778/777 779/779/778 780/780/779
f 781/781/780 782/782/781 783/783/782
f 784/784/783 785/785/784 786/786/785
f 787/787/786 788/788/787 789/789/788
f 790/790/789 791/791/790 792/792/791
f 793/793/792 794/794/793 795/795/794
f 796/796/795 795/795/794 797/797/796
f 798/798/797 799/799/798 800/800/799
f 801/801/800 802/802/801 803/803/802
f 797/797/796 804/804/803 796/796/795
f 802/802/801 805/805/804 803/803/802
f 806/806/805 807/807/806 800/800/799
f 808/808/807 809/809/808 794/794/793
f 810/810/809 811/811/810 812/812/811
f 813/813/812 810/810/809 812/812/811
f 814/814/813 508/508/508 815/815/814
f 816/816/815 817/817/816 818/818/817
f 819/819/818 820/820/819 821/821/820
f 822/822/821 818/818/817 817/817/816
f 823/823/822 822/822/821 824/824/823
f 825/825/824 826/826/825 827/827/826
f 826/826/825 821/821/820 827/827/826
f 828/828/827 829/829/828 830/830/829
f 830/830/829 831/831/830 828/828/827
f 552/552/552 832/832/831 833/833/832
f 549/549/549 833/833/832 588/588/588
f 834/834/833 833/833/832 832/832/831
f 567/567/567 569/569/569 835/835/834
f 836/836/835 837/837/836 835/835/834
f 838/838/837 835/835/834 569/569/569
f 520/520/520 507/507/507 518/518/518
f 839/839/838 520/520/520 840/840/839
f 841/841/840 840/840/839 520/520/520
f 842/842/841 843/843/842 844/844/843
f 845/845/844 846/846/845 847/847/846
f 848/848/847 847/847/846 849/849/848
f 850/850/849 851/851/850 852/852/851
f 852/852/851 853/853/852 850/850/849
f 854/854/853 855/855/854 856/856/855
f 857/857/856 854/854/853 856/856/855
f 851/851/850 850/850/849 858/858/857
f 859/859/858 860/860/859 861/861/860
f 842/842/841 862/862/861 843/843/842
f 863/863/862 862/862/861 864/864/863
f 865/865/864 866/866/865 862/862/861
f 867/867/866 868/868/867 869/869/868
f 870/870/869 871/871/870 872/872/871
f 735/735/734 873/873/872 874/874/873
f 875/875/874 876/876/875 877/877/876
f 878/878/877 879/879/878 880/880/879
f 628/628/628 873/873/872 629/629/629
f 881/881/880 882/882/881 635/635/635
f 637/637/637 714/714/713 713/713/712
f 883/883/882 884/884/883 485/485/485
f 885/885/884 595/595/595 597/597/597
f 596/596/596 886/886/885 887/887/886
f 888/888/887 889/889/888 890/890/889
f 891/891/890 889/889/888 892/892/891
f 893/893/892 892/892/891 889/889/888
f 894/894/893 895/895/894 896/896/895
f 512/512/512 510/510/510 897/897/896
f 898/898/897 899/899/898 900/900/899
f 901/901/900 902/902/901 903/903/902
f 904/904/903 905/905/904 902/902/901
f 906/906/905 907/907/906 908/908/907
f 909/909/908 908/908/907 910/910/909
f 911/911/910 912/912/911 913/913/912
f 907/907/906 914/914/913 915/915/914
f 916/916/915 917/917/916 918/918/917
f 919/919/918 916/916/915 918/918/917
f 920/920/919 921/921/920 922/922/921
f 923/923/922 507/507/507 520/520/520
f 528/528/528 924/924/923 529/529/529
f 924/924/923 925/925/924 529/529/529
f 926/926/925 840/840/839 927/927/926
f 928/928/927 929/929/928 930/930/929
f 931/931/930 929/929/928 593/593/593
f 932/932/931 929/929/928 933/933/932
f 532/532/532 934/934/933 935/935/934
f 935/935/934 936/936/935 937/937/936
f 938/938/937 930/930/929 932/932/931
f 938/938/937 939/939/938 930/930/929
f 939/939/938 928/928/927 930/930/929
f 939/939/938 940/940/939 941/941/940
f 942/942/941 941/941/940 943/943/942
f 940/940/939 943/943/942 941/941/940
f 594/594/594 928/928/927 942/942/941
f 944/944/943 945/945/944 940/940/939
f 703/703/702 940/940/939 945/945/944
f 944/944/943 946/946/945 945/945/944
f 701/701/700 945/945/944 946/946/945
f 947/947/946 686/686/685 948/948/947
f 944/944/943 949/949/948 950/950/949
f 951/951/950 948/948/947 686/686/685
f 685/685/684 951/951/950 686/686/685
f 952/952/951 953/953/952 951/951/950
f 954/954/953 951/951/950 955/955/954
f 955/955/954 956/956/955 954/954/953
f 957/957/956 954/954/953 958/958/957
f 956/956/955 958/958/957 954/954/953
f 959/959/958 958/958/957 960/960/959
f 546/546/546 960/960/959 958/958/957
f 548/548/548 961/961/960 546/546/546
f 962/962/961 961/961/960 963/963/962
f 964/964/963 963/963/962 961/961/960
f 965/965/964 963/963/962 966/966/965
f 967/967/966 966/966/965 963/963/962
f 968/968/967 969/969/968 970/970/969
f 971/971/970 968/968/967 970/970/969
f 972/972/971 968/968/967 973/973/972
f 974/974/973 973/973/972 968/968/967
f 975/975/974 973/973/972 976/976/975
f 977/977/976 978/978/977 979/979/978
f 555/555/555 979/979/978 978/978/977
f 980/980/979 979/979/978 503/503/503
f 554/554/554 503/503/503 979/979/978
f 981/981/980 977/977/976 982/982/981
f 600/600/600 982/982/981 983/983/982
f 984/984/983 985/985/984 986/986/985
f 602/602/602 986/986/985 600/600/600
f 987/987/986 988/988/987 984/984/983
f 989/989/988 984/984/983 602/602/602
f 990/990/989 991/991/990 992/992/991
f 993/993/992 992/992/991 994/994/993
f 602/602/602 834/834/833 989/989/988
f 482/482/482 995/995/994 483/483/483
f 681/681/680 683/683/682 993/993/992
f 994/994/993 681/681/680 993/993/992
f 682/682/681 679/679/678 683/683/682
f 996/996/995 682/682/681 681/681/680
f 462/462/462 573/573/573 570/570/570
f 461/461/461 997/997/996 462/462/462
f 998/998/997 552/552/552 553/553/553
f 999/999/998 462/462/462 997/997/996
f 1000/1000/999 997/997/996 1001/1001/1000
f 1001/1001/1000 1002/1002/1001 1000/1000/999
f 603/603/603 1000/1000/999 1003/1003/1002
f 1004/1004/1003 1000/1000/999 1002/1002/1001
f 1002/1002/1001 1005/1005/1004 1004/1004/1003
f 1006/1006/1005 1003/1003/1002 1004/1004/1003
f 1005/1005/1004 1006/1006/1005 1004/1004/1003
f 1007/1007/1006 1008/1008/1007 1006/1006/1005
f 684/684/683 1007/1007/1006 1006/1006/1005
f 938/938/937 1009/1009/1008 1010/1010/1009
f 1011/1011/1010 1009/1009/1008 949/949/948
f 980/980/979 1012/1012/1011 983/983/982
f 1013/1013/1012 677/677/676 1014/1014/1013
f 1015/1015/1014 1008/1008/1007 1016/1016/1015
f 932/932/931 1017/1017/1016 938/938/937
f 1018/1018/1017 1019/1019/1018 1015/1015/1014
f 933/933/932 1020/1020/1019 932/932/931
f 1019/1019/1018 1003/1003/1002 1008/1008/1007
f 956/956/955 1002/1002/1001 547/547/547
f 1021/1021/1020 993/993/992 1022/1022/1021
f 543/543/543 1021/1021/1020 1023/1023/1022
f 1023/1023/1022 545/545/545 543/543/543
f 1024/1024/1023 1025/1025/1024 578/578/578
f 1026/1026/1025 578/578/578 1025/1025/1024
f 1027/1027/1026 1028/1028/1027 1029/1029/1028
f 578/578/578 937/937/936 1024/1024/1023
f 1030/1030/1029 1031/1031/1030 1024/1024/1023
f 1032/1032/1031 1029/1029/1028 1033/1033/1032
f 534/534/534 937/937/936 575/575/575
f 1034/1034/1033 1035/1035/1034 1032/1032/1031
f 1033/1033/1032 1034/1034/1033 1032/1032/1031
f 1035/1035/1034 1027/1027/1026 1032/1032/1031
f 476/476/476 1035/1035/1034 477/477/477
f 969/969/968 1035/1035/1034 760/760/759
f 972/972/971 1036/1036/1035 1027/1027/1026
f 760/760/759 970/970/969 969/969/968
f 1037/1037/1036 760/760/759 761/761/760
f 1038/1038/1037 962/962/961 965/965/964
f 959/959/958 962/962/961 1039/1039/1038
f 506/506/506 1040/1040/1039 550/550/550
f 505/505/505 557/557/557 1040/1040/1039
f 1041/1041/1040 957/957/956 959/959/958
f 757/757/756 759/759/758 1042/1042/1041
f 1043/1043/1042 1044/1044/1043 1042/1042/1041
f 1045/1045/1044 1042/1042/1041 759/759/758
f 1046/1046/1045 952/952/951 957/957/956
f 685/685/684 1047/1047/1046 955/955/954
f 1011/1011/1010 939/939/938 1010/1010/1009
f 931/931/930 1048/1048/1047 933/933/932
f 975/975/974 1028/1028/1027 1036/1036/1035
f 1049/1049/1048 931/931/930 1050/1050/1049
f 931/931/930 592/592/592 1050/1050/1049
f 1051/1051/1050 1050/1050/1049 1052/1052/1051
f 592/592/592 1052/1052/1051 1050/1050/1049
f 1053/1053/1052 1054/1054/1053 1055/1055/1054
f 890/890/889 1055/1055/1054 888/888/887
f 1056/1056/1055 926/926/925 927/927/926
f 1057/1057/1056 1053/1053/1052 891/891/890
f 890/890/889 891/891/890 1053/1053/1052
f 1058/1058/1057 891/891/890 1059/1059/1058
f 1060/1060/1059 885/885/884 1061/1061/1060
f 508/508/508 1062/1062/1061 1063/1063/1062
f 1064/1064/1063 1065/1065/1064 1059/1059/1058
f 892/892/891 1059/1059/1058 891/891/890
f 1066/1066/1065 1067/1067/1066 1064/1064/1063
f 1068/1068/1067 1064/1064/1063 892/892/891
f 813/813/812 1067/1067/1066 1069/1069/1068
f 1070/1070/1069 1067/1067/1066 1071/1071/1070
f 815/815/814 1072/1072/1071 814/814/813
f 1073/1073/1072 1059/1059/1058 1065/1065/1064
f 813/813/812 1073/1073/1072 1065/1065/1064
f 1074/1074/1073 1075/1075/1074 595/595/595
f 1076/1076/1075 595/595/595 1075/1075/1074
f 812/812/811 1075/1075/1074 813/813/812
f 1077/1077/1076 596/596/596 1076/1076/1075
f 811/811/810 1076/1076/1075 812/812/811
f 1078/1078/1077 1079/1079/1078 1080/1080/1079
f 1081/1081/1080 1078/1078/1077 1080/1080/1079
f 568/568/568 567/567/567 1078/1078/1077
f 1082/1082/1081 1078/1078/1077 1083/1083/1082
f 1074/1074/1073 1058/1058/1057 1073/1073/1072
f 1084/1084/1083 1058/1058/1057 1074/1074/1073
f 885/885/884 1084/1084/1083 1074/1074/1073
f 880/880/879 733/733/732 878/878/877
f 1085/1085/1084 1086/1086/1085 1060/1060/1059
f 1087/1087/1086 878/878/877 1088/1088/1087
f 1089/1089/1088 1090/1090/1089 1091/1091/1090
f 1092/1092/1091 723/723/722 1093/1093/1092
f 1094/1094/1093 1095/1095/1094 1096/1096/1095
f 1089/1089/1088 1097/1097/1096 1090/1090/1089
f 1096/1096/1095 1090/1090/1089 1097/1097/1096
f 897/897/896 508/508/508 1063/1063/1062
f 815/815/814 1098/1098/1097 1072/1072/1071
f 1099/1099/1098 1086/1086/1085 1085/1085/1084
f 923/923/922 1100/1100/1099 1098/1098/1097
f 1057/1057/1056 1099/1099/1098 1101/1101/1100
f 1102/1102/1101 924/924/923 1103/1103/1102
f 1104/1104/1103 1103/1103/1102 1105/1105/1104
f 1106/1106/1105 1103/1103/1102 528/528/528
f 864/864/863 1107/1107/1106 1108/1108/1107
f 1109/1109/1108 864/864/863 1108/1108/1107
f 1110/1110/1109 925/925/924 924/924/923
f 1111/1111/1110 922/922/921 1112/1112/1111
f 1113/1113/1112 1114/1114/1113 1115/1115/1114
f 1116/1116/1115 1115/1115/1114 1117/1117/1116
f 1118/1118/1117 1114/1114/1113 1113/1113/1112
f 1119/1119/1118 1113/1113/1112 1116/1116/1115
f 1120/1120/1119 1119/1119/1118 1121/1121/1120
f 1116/1116/1115 1121/1121/1120 1119/1119/1118
f 1122/1122/1121 1118/1118/1117 1119/1119/1118
f 1123/1123/1122 1124/1124/1123 763/763/762
f 1125/1125/1124 763/763/762 1124/1124/1123
f 1126/1126/1125 1124/1124/1123 1122/1122/1121
f 1122/1122/1121 1127/1127/1126 1126/1126/1125
f 1128/1128/1127 1129/1129/1128 1130/1130/1129
f 1131/1131/1130 1130/1130/1129 1132/1132/1131
f 1133/1133/1132 1134/1134/1133 747/747/746
f 1135/1135/1134 747/747/746 1134/1134/1133
f 1136/1136/1135 1128/1128/1127 1131/1131/1130
f 1137/1137/1136 1138/1138/1137 1136/1136/1135
f 1139/1139/1138 1138/1138/1137 1140/1140/1139
f 1141/1141/1140 1140/1140/1139 1138/1138/1137
f 822/822/821 1111/1111/1110 824/824/823
f 1141/1141/1140 920/920/919 1111/1111/1110
f 817/817/816 1140/1140/1139 822/822/821
f 1142/1142/1141 1143/1143/1142 1144/1144/1143
f 1145/1145/1144 1144/1144/1143 1143/1143/1142
f 1146/1146/1145 1141/1141/1140 1137/1137/1136
f 1147/1147/1146 1144/1144/1143 1148/1148/1147
f 1133/1133/1132 1148/1148/1147 1144/1144/1143
f 1149/1149/1148 1147/1147/1146 1148/1148/1147
f 1150/1150/1149 1148/1148/1147 754/754/753
f 1151/1151/1150 1149/1149/1148 1152/1152/1151
f 1150/1150/1149 1152/1152/1151 1149/1149/1148
f 1153/1153/1152 1154/1154/1153 1151/1151/1150
f 1155/1155/1154 1154/1154/1153 1156/1156/1155
f 1156/1156/1155 1157/1157/1156 1155/1155/1154
f 1142/1142/1141 1155/1155/1154 916/916/915
f 1158/1158/1157 1155/1155/1154 1157/1157/1156
f 1159/1159/1158 1160/1160/1159 1161/1161/1160
f 1156/1156/1155 1161/1161/1160 1160/1160/1159
f 863/863/862 1160/1160/1159 865/865/864
f 863/863/862 1158/1158/1157 1157/1157/1156
f 1162/1162/1161 1139/1139/1138 817/817/816
f 1120/1120/1119 753/753/752 1127/1127/1126
f 751/751/750 1121/1121/1120 530/530/530
f 1163/1163/1162 530/530/530 1121/1121/1120
f 1123/1123/1122 1164/1164/1163 1114/1114/1113
f 824/824/823 1112/1112/1111 1165/1165/1164
f 1166/1166/1165 917/917/916 1158/1158/1157
f 1167/1167/1166 1168/1168/1167 1169/1169/1168
f 1170/1170/1169 1168/1168/1167 1171/1171/1170
f 1171/1171/1170 1172/1172/1171 1170/1170/1169
f 830/830/829 1169/1169/1168 1170/1170/1169
f 831/831/830 1170/1170/1169 1172/1172/1171
f 1173/1173/1172 1172/1172/1171 1174/1174/1173
f 1175/1175/1174 1172/1172/1171 1176/1176/1175
f 1177/1177/1176 831/831/830 1175/1175/1174
f 1178/1178/1177 1177/1177/1176 1175/1175/1174
f 1176/1176/1175 1178/1178/1177 1175/1175/1174
f 898/898/897 1179/1179/1178 1180/1180/1179
f 1173/1173/1172 1180/1180/1179 1176/1176/1175
f 1181/1181/1180 1180/1180/1179 1179/1179/1178
f 1182/1182/1181 1178/1178/1177 1181/1181/1180
f 1183/1183/1182 1182/1182/1181 1181/1181/1180
f 1179/1179/1178 1183/1183/1182 1181/1181/1180
f 1184/1184/1183 1185/1185/1184 1186/1186/1185
f 900/900/899 1185/1185/1184 1179/1179/1178
f 1187/1187/1186 1185/1185/1184 1188/1188/1187
f 1189/1189/1188 1183/1183/1182 1187/1187/1186
f 1190/1190/1189 1189/1189/1188 1187/1187/1186
f 1188/1188/1187 1190/1190/1189 1187/1187/1186
f 1191/1191/1190 1192/1192/1191 1193/1193/1192
f 1188/1188/1187 1193/1193/1192 1192/1192/1191
f 1194/1194/1193 1192/1192/1191 1195/1195/1194
f 1196/1196/1195 1190/1190/1189 1194/1194/1193
f 1197/1197/1196 1198/1198/1197 1199/1199/1198
f 1200/1200/1199 1197/1197/1196 1199/1199/1198
f 1200/1200/1199 1201/1201/1200 1202/1202/1201
f 1203/1203/1202 1202/1202/1201 1204/1204/1203
f 1201/1201/1200 1204/1204/1203 1202/1202/1201
f 1205/1205/1204 1206/1206/1205 1207/1207/1206
f 1208/1208/1207 1207/1207/1206 1209/1209/1208
f 1210/1210/1209 1211/1211/1210 1212/1212/1211
f 1212/1212/1211 1213/1213/1212 1210/1210/1209
f 1214/1214/1213 1204/1204/1203 1210/1210/1209
f 1215/1215/1214 1210/1210/1209 1213/1213/1212
f 566/566/566 1203/1203/1202 1214/1214/1213
f 1215/1215/1214 566/566/566 1214/1214/1213
f 825/825/824 1216/1216/1215 826/826/825
f 1217/1217/1216 1216/1216/1215 1218/1218/1217
f 1217/1217/1216 1219/1219/1218 1220/1220/1219
f 1221/1221/1220 1222/1222/1221 1223/1223/1222
f 1224/1224/1223 694/694/693 1225/1225/1224
f 1226/1226/1225 1227/1227/1226 559/559/559
f 1228/1228/1227 562/562/562 1229/1229/1228
f 1230/1230/1229 1228/1228/1227 1229/1229/1228
f 562/562/562 1231/1231/1230 1229/1229/1228
f 1232/1232/1231 1229/1229/1228 1231/1231/1230
f 1233/1233/1232 1232/1232/1231 1234/1234/1233
f 1235/1235/1234 1232/1232/1231 1231/1231/1230
f 1236/1236/1235 1230/1230/1229 1232/1232/1231
f 1237/1237/1236 1234/1234/1233 1235/1235/1234
f 1238/1238/1237 1235/1235/1234 1239/1239/1238
f 1231/1231/1230 1239/1239/1238 1235/1235/1234
f 903/903/902 1239/1239/1238 901/901/900
f 1240/1240/1239 901/901/900 1239/1239/1238
f 904/904/903 1241/1241/1240 1213/1213/1212
f 564/564/564 1213/1213/1212 1241/1241/1240
f 562/562/562 1241/1241/1240 1240/1240/1239
f 1242/1242/1241 1243/1243/1242 1244/1244/1243
f 1245/1245/1244 1244/1244/1243 1246/1246/1245
f 1247/1247/1246 1242/1242/1241 1245/1245/1244
f 1248/1248/1247 1245/1245/1244 1249/1249/1248
f 1246/1246/1245 1249/1249/1248 1245/1245/1244
f 1250/1250/1249 1251/1251/1250 1252/1252/1251
f 1253/1253/1252 1251/1251/1250 1254/1254/1253
f 1255/1255/1254 1252/1252/1251 914/914/913
f 915/915/914 1252/1252/1251 1253/1253/1252
f 1256/1256/1255 1250/1250/1249 1255/1255/1254
f 848/848/847 1255/1255/1254 1257/1257/1256
f 914/914/913 1257/1257/1256 1255/1255/1254
f 1258/1258/1257 1259/1259/1258 1256/1256/1255
f 849/849/848 1256/1256/1255 848/848/847
f 793/793/792 1260/1260/1259 1258/1258/1257
f 808/808/807 1258/1258/1257 849/849/848
f 796/796/795 1261/1261/1260 1260/1260/1259
f 1262/1262/1261 1260/1260/1259 1261/1261/1260
f 1263/1263/1262 1264/1264/1263 1265/1265/1264
f 1266/1266/1265 1259/1259/1258 1262/1262/1261
f 1247/1247/1246 1265/1265/1264 1264/1264/1263
f 1267/1267/1266 852/852/851 1268/1268/1267
f 1269/1269/1268 1268/1268/1267 1263/1263/1262
f 851/851/850 1268/1268/1267 852/852/851
f 859/859/858 1264/1264/1263 851/851/850
f 859/859/858 1270/1270/1269 1242/1242/1241
f 1271/1271/1270 1234/1234/1233 1272/1272/1271
f 1273/1273/1272 1233/1233/1232 1271/1271/1270
f 1274/1274/1273 1233/1233/1232 1275/1275/1274
f 1275/1275/1274 1276/1276/1275 1274/1274/1273
f 777/777/776 1274/1274/1273 769/769/768
f 1276/1276/1275 769/769/768 1274/1274/1273
f 1198/1198/1197 1203/1203/1202 566/566/566
f 1277/1277/1276 1208/1208/1207 1278/1278/1277
f 1279/1279/1278 1278/1278/1277 1208/1208/1207
f 1280/1280/1279 1208/1208/1207 1209/1209/1208
f 1281/1281/1280 1282/1282/1281 1283/1283/1282
f 1284/1284/1283 1283/1283/1282 1285/1285/1284
f 1286/1286/1285 1287/1287/1286 1281/1281/1280
f 1288/1288/1287 1281/1281/1280 1284/1284/1283
f 1289/1289/1288 1290/1290/1289 1286/1286/1285
f 1291/1291/1290 1286/1286/1285 1288/1288/1287
f 1292/1292/1291 1293/1293/1292 1294/1294/1293
f 1295/1295/1294 1294/1294/1293 1293/1293/1292
f 1296/1296/1295 1293/1293/1292 1289/1289/1288
f 1297/1297/1296 1298/1298/1297 1299/1299/1298
f 1277/1277/1276 1299/1299/1298 1300/1300/1299
f 1301/1301/1300 1302/1302/1301 1297/1297/1296
f 1278/1278/1277 1297/1297/1296 1277/1277/1276
f 1303/1303/1302 1304/1304/1303 1301/1301/1300
f 1305/1305/1304 1301/1301/1300 1278/1278/1277
f 1306/1306/1305 1307/1307/1306 1308/1308/1307
f 1287/1287/1286 1308/1308/1307 1282/1282/1281
f 1292/1292/1291 1309/1309/1308 1306/1306/1305
f 1290/1290/1289 1306/1306/1305 1287/1287/1286
f 1310/1310/1309 1311/1311/1310 1312/1312/1311
f 1313/1313/1312 1312/1312/1311 1311/1311/1310
f 1294/1294/1293 1311/1311/1310 1292/1292/1291
f 1314/1314/1313 1315/1315/1314 1313/1313/1312
f 1316/1316/1315 1313/1313/1312 1294/1294/1293
f 1317/1317/1316 1318/1318/1317 1319/1319/1318
f 1302/1302/1301 1319/1319/1318 1298/1298/1297
f 1320/1320/1319 1321/1321/1320 1317/1317/1316
f 1304/1304/1303 1317/1317/1316 1302/1302/1301
f 1322/1322/1321 807/807/806 1320/1320/1319
f 1323/1323/1322 1320/1320/1319 1304/1304/1303
f 1310/1310/1309 791/791/790 1324/1324/1323
f 1309/1309/1308 1324/1324/1323 1307/1307/1306
f 1325/1325/1324 1310/1310/1309 1312/1312/1311
f 1315/1315/1314 1325/1325/1324 1312/1312/1311
f 1300/1300/1299 1205/1205/1204 1277/1277/1276
f 1326/1326/1325 1173/1173/1172 1327/1327/1326
f 1174/1174/1173 1328/1328/1327 1329/1329/1328
f 1330/1330/1329 1169/1169/1168 829/829/828
f 1331/1331/1330 523/523/523 1163/1163/1162
f 1106/1106/1105 1332/1332/1331 1333/1333/1332
f 1334/1334/1333 1106/1106/1105 1333/1333/1332
f 864/864/863 1166/1166/1165 863/863/862
f 1335/1335/1334 906/906/905 909/909/908
f 845/845/844 1257/1257/1256 906/906/905
f 1336/1336/1335 1337/1337/1336 1338/1338/1337
f 872/872/871 1339/1339/1338 1340/1340/1339
f 517/517/517 895/895/894 1337/1337/1336
f 736/736/735 1340/1340/1339 1341/1341/1340
f 855/855/854 1342/1342/1341 1056/1056/1055
f 1343/1343/1342 1344/1344/1343 1345/1345/1344
f 1346/1346/1345 636/636/636 635/635/635
f 1347/1347/1346 1348/1348/1347 1087/1087/1086
f 1349/1349/1348 733/733/732 732/732/731
f 1350/1350/1349 620/620/620 1351/1351/1350
f 876/876/875 721/721/720 877/877/876
f 1352/1352/1351 1353/1353/1352 877/877/876
f 1353/1353/1352 875/875/874 877/877/876
f 1354/1354/1353 875/875/874 1355/1355/1354
f 1356/1356/1355 1355/1355/1354 875/875/874
f 1357/1357/1356 876/876/875 1354/1354/1353
f 1358/1358/1357 1359/1359/1358 1360/1360/1359
f 744/744/743 1360/1360/1359 742/742/741
f 1361/1361/1360 1362/1362/1361 1363/1363/1362
f 1364/1364/1363 1362/1362/1361 744/744/743
f 1365/1365/1364 1361/1361/1360 1363/1363/1362
f 1364/1364/1363 1365/1365/1364 1363/1363/1362
f 1366/1366/1365 1367/1367/1366 1368/1368/1367
f 1369/1369/1368 1368/1368/1367 1367/1367/1366
f 730/730/729 1370/1370/1369 1365/1365/1364
f 1371/1371/1370 1372/1372/1371 1369/1369/1368
f 1373/1373/1372 1374/1374/1373 730/730/729
f 1375/1375/1374 631/631/631 1371/1371/1370
f 1373/1373/1372 634/634/634 1376/1376/1375
f 1377/1377/1376 1366/1366/1365 1378/1378/1377
f 1379/1379/1378 1377/1377/1376 1378/1378/1377
f 1380/1380/1379 1347/1347/1346 1088/1088/1087
f 628/628/628 1381/1381/1380 874/874/873
f 870/870/869 874/874/873 1381/1381/1380
f 655/655/655 1382/1382/1381 654/654/654
f 1383/1383/1382 870/870/869 1381/1381/1380
f 1384/1384/1383 1385/1385/1384 1386/1386/1385
f 1387/1387/1386 1386/1386/1385 1385/1385/1384
f 1224/1224/1223 1387/1387/1386 1385/1385/1384
f 1388/1388/1387 1389/1389/1388 1387/1387/1386
f 1390/1390/1389 1387/1387/1386 1225/1225/1224
f 1391/1391/1390 1392/1392/1391 1393/1393/1392
f 1394/1394/1393 1393/1393/1392 1395/1395/1394
f 867/867/866 1396/1396/1395 1391/1391/1390
f 1397/1397/1396 1391/1391/1390 1394/1394/1393
f 1398/1398/1397 1399/1399/1398 1400/1400/1399
f 1401/1401/1400 1400/1400/1399 1399/1399/1398
f 869/869/868 1399/1399/1398 867/867/866
f 1402/1402/1401 1403/1403/1402 1404/1404/1403
f 1384/1384/1383 1404/1404/1403 1405/1405/1404
f 1406/1406/1405 1407/1407/1406 1402/1402/1401
f 1386/1386/1385 1402/1402/1401 1384/1384/1383
f 1408/1408/1407 1409/1409/1408 1406/1406/1405
f 1386/1386/1385 1408/1408/1407 1406/1406/1405
f 1410/1410/1409 1411/1411/1410 1408/1408/1407
f 1412/1412/1411 1408/1408/1407 1389/1389/1388
f 1398/1398/1397 1413/1413/1412 1414/1414/1413
f 1396/1396/1395 1414/1414/1413 1392/1392/1391
f 1415/1415/1414 1416/1416/1415 1417/1417/1416
f 646/646/646 1417/1417/1416 1416/1416/1415
f 1400/1400/1399 1416/1416/1415 1398/1398/1397
f 669/669/669 1418/1418/1417 1419/1419/1418
f 664/664/664 1411/1411/1410 669/669/669
f 666/666/666 1409/1409/1408 664/664/664
f 1420/1420/1419 1407/1407/1406 666/666/666
f 646/646/646 1421/1421/1420 644/644/644
f 1405/1405/1404 1422/1422/1421 1384/1384/1383
f 735/735/734 872/872/871 736/736/735
f 927/927/926 1423/1423/1422 1056/1056/1055
f 1424/1424/1423 849/849/848 847/847/846
f 678/678/677 1425/1425/1424 1426/1426/1425
f 1427/1427/1426 1428/1428/1427 1429/1429/1428
f 1430/1430/1429 1431/1431/1430 1432/1432/1431
f 1433/1433/1432 1434/1434/1433 1435/1435/1434
f 1436/1436/1435 1437/1437/1436 1438/1438/1437
f 1439/1439/1438 1433/1433/1432 1440/1440/1439
f 1441/1441/1440 1442/1442/1441 1437/1437/1436
f 1443/1443/1442 1440/1440/1439 1444/1444/1443
f 1441/1441/1440 1445/1445/1444 1442/1442/1441
f 1446/1446/1445 1444/1444/1443 1447/1447/1446
f 1448/1448/1447 1449/1449/1448 1445/1445/1444
f 1450/1450/1449 1447/1447/1446 1451/1451/1450
f 782/782/781 1449/1449/1448 1452/1452/1451
f 1453/1453/1452 1450/1450/1449 1451/1451/1450
f 710/710/709 1454/1454/1453 782/782/781
f 1455/1455/1454 1456/1456/1455 1457/1457/1456
f 1458/1458/1457 1459/1459/1458 1455/1455/1454
f 1460/1460/1459 1461/1461/1460 1462/1462/1461
f 1458/1458/1457 1461/1461/1460 1463/1463/1462
f 1464/1464/1463 1465/1465/1464 1466/1466/1465
f 1467/1467/1466 1466/1466/1465 1465/1465/1464
f 1468/1468/1467 1469/1469/1468 1470/1470/1469
f 1471/1471/1470 1472/1472/1471 1473/1473/1472
f 1474/1474/1473 1475/1475/1474 1476/1476/1475
f 1477/1477/1476 1478/1478/1477 1479/1479/1478
f 1480/1480/1479 1481/1481/1480 1482/1482/1481
f 612/612/612 1483/1483/1482 1464/1464/1463
f 1484/1484/1483 1485/1485/1484 1486/1486/1485
f 615/615/615 1486/1486/1485 1485/1485/1484
f 1487/1487/1486 1488/1488/1487 1489/1489/1488
f 1490/1490/1489 1489/1489/1488 1488/1488/1487
f 1491/1491/1490 1492/1492/1491 1493/1493/1492
f 1494/1494/1493 1492/1492/1491 1495/1495/1494
f 709/709/708 1494/1494/1493 1495/1495/1494
f 1330/1330/1329 828/828/827 1496/1496/1495
f 1497/1497/1496 1069/1069/1068 1070/1070/1069
f 1083/1083/1082 1498/1498/1497 1499/1499/1498
f 1500/1500/1499 809/809/808 1424/1424/1423
f 1501/1501/1500 1321/1321/1320 806/806/805
f 785/785/784 784/784/783 1502/1502/1501
f 765/765/764 1503/1503/1502 773/773/772
f 767/767/766 1504/1504/1503 765/765/764
f 647/647/647 1505/1505/1504 767/767/766
f 647/647/647 468/468/468 1506/1506/1505
f 1507/1507/1506 755/755/754 1508/1508/1507
f 756/756/755 1508/1508/1507 755/755/754
f 530/530/530 1509/1509/1508 751/751/750
f 693/693/692 1224/1224/1223 737/737/736
f 521/521/521 516/516/516 1510/1510/1509
f 881/881/880 731/731/730 1511/1511/1510
f 1511/1511/1510 1512/1512/1511 882/882/881
f 651/651/651 1513/1513/1512 655/655/655
f 651/651/651 713/713/712 740/740/739
f 1514/1514/1513 716/716/715 729/729/728
f 728/728/727 1511/1511/1510 731/731/730
f 1043/1043/1042 587/587/587 702/702/701
f 699/699/698 716/716/715 700/700/699
f 572/572/572 570/570/570 573/573/573
f 1436/1436/1435 1515/1515/1514 1516/1516/1515
f 662/662/662 663/663/663 671/671/671
f 628/628/628 1517/1517/1516 1518/1518/1517
f 633/633/633 657/657/657 656/656/656
f 1519/1519/1518 651/651/651 653/653/653
f 640/640/640 466/466/466 647/647/647
f 983/983/982 1520/1520/1519 600/600/600
f 1521/1521/1520 598/598/598 1522/1522/1521
f 583/583/583 580/580/580 1052/1052/1051
f 607/607/607 573/573/573 606/606/606
f 1523/1523/1522 1524/1524/1523 1521/1521/1520
f 470/470/470 1525/1525/1524 471/471/471
f 744/744/743 1526/1526/1525 1527/1527/1526
f 1528/1528/1527 1529/1529/1528 1530/1530/1529
f 1531/1531/1530 1273/1273/1272 1532/1532/1531
f 1163/1163/1162 1117/1117/1116 1331/1331/1330
f 908/908/907 907/907/906 1533/1533/1532
f 1105/1105/1104 1534/1534/1533 1104/1104/1103
f 737/737/736 1385/1385/1384 1422/1422/1421
f 1535/1535/1534 739/739/738 741/741/740
f 483/483/483 995/995/994 1536/1536/1535
f 1537/1537/1536 519/519/519 518/518/518
f 648/648/648 766/766/765 649/649/649
f 673/673/673 675/675/673 1538/1538/1537
f 696/696/695 1539/1539/1538 1540/1540/1539
f 1364/1364/1363 1541/1541/1540 726/726/725
f 782/782/781 491/491/491 783/783/782
f 1452/1452/1451 492/492/492 491/491/491
f 1542/1542/1541 1539/1539/1538 696/696/695
f 481/481/481 1543/1543/1542 1542/1542/1541
f 843/843/842 866/866/865 1544/1544/1543
f 847/847/846 1545/1545/1544 1424/1424/1423
f 1424/1424/1423 1545/1545/1544 1500/1500/1499
f 899/899/898 1186/1186/1185 900/900/899
f 1546/1546/1545 1289/1289/1288 1291/1291/1290
f 670/670/670 672/672/672 820/820/819
f 1547/1547/1546 628/628/628 630/630/630
f 1087/1087/1086 1348/1348/1347 879/879/878
f 1088/1088/1087 1347/1347/1346 1087/1087/1086
f 618/618/618 1380/1380/1379 1088/1088/1087
f 1380/1380/1379 618/618/618 1350/1350/1349
f 1357/1357/1356 1351/1351/1350 620/620/620
f 1362/1362/1361 1358/1358/1357 1360/1360/1359
f 568/568/568 1082/1082/1081 1548/1548/1547
f 744/744/743 743/743/742 1526/1526/1525
f 712/712/711 1548/1548/1547 1549/1549/1548
f 1550/1550/1549 1551/1551/1550 1552/1552/1551
f 1553/1553/1552 1552/1552/1551 1551/1551/1550
f 1554/1554/1553 1553/1553/1552 1551/1551/1550
f 1551/1551/1550 1555/1555/1554 1556/1556/1555
f 1556/1556/1555 1554/1554/1553 1551/1551/1550
f 1557/1557/1556 1558/1558/1557 1559/1559/1558
f 1558/1558/1557 1560/1560/1559 1561/1561/1560
f 1562/1562/1561 1563/1563/1562 1564/1564/1563
f 717/717/716 1514/1514/1513 1565/1565/1564
f 712/712/711 568/568/568 1548/1548/1547
f 876/876/875 620/620/620 619/619/619
f 1345/1345/1344 1092/1092/1091 1343/1343/1342
f 722/722/721 877/877/876 721/721/720
f 732/732/731 619/619/619 1349/1349/1348
f 618/618/618 878/878/877 1349/1349/1348
f 1566/1566/1565 843/843/842 1544/1544/1543
f 855/855/854 1567/1567/1566 856/856/855
f 860/860/859 851/851/850 858/858/857
f 1094/1094/1093 1568/1568/1567 1095/1095/1094
f 1095/1095/1094 1091/1091/1090 1090/1090/1089
f 887/887/886 1569/1569/1568 1570/1570/1569
f 1093/1093/1092 1343/1343/1342 1092/1092/1091
f 1061/1061/1060 887/887/886 1570/1570/1569
f 1571/1571/1570 1572/1572/1571 1343/1343/1342
f 885/885/884 597/597/597 1061/1061/1060
f 887/887/886 597/597/597 596/596/596
f 1573/1573/1572 567/567/567 835/835/834
f 1574/1574/1573 1079/1079/1078 567/567/567
f 837/837/836 1573/1573/1572 835/835/834
f 1575/1575/1574 1576/1576/1575 1577/1577/1576
f 1578/1578/1577 1577/1577/1576 1576/1576/1575
f 1579/1579/1578 1575/1575/1574 1580/1580/1579
f 1581/1581/1580 1582/1582/1581 1583/1583/1582
f 1584/1584/1583 1585/1585/1584 1586/1586/1585
f 1581/1581/1580 1587/1587/1586 1582/1582/1581
f 688/688/687 472/472/472 1525/1525/1524
f 1588/1588/1587 1589/1589/1588 1590/1590/1589
f 1589/1589/1588 1591/1591/1590 1590/1590/1589
f 1592/1592/1591 1593/1593/1592 1591/1591/1590
f 1592/1592/1591 1594/1594/1593 1595/1595/1594
f 1596/1596/1595 1530/1530/1529 1597/1597/1596
f 1598/1598/1597 1594/1594/1593 1589/1589/1588
f 1585/1585/1584 1599/1599/1598 1586/1586/1585
f 1597/1597/1596 1530/1530/1529 1600/1600/1599
f 1601/1601/1600 1602/1602/1601 1597/1597/1596
f 1602/1602/1601 1596/1596/1595 1597/1597/1596
f 1430/1430/1429 1515/1515/1514 1603/1603/1602
f 1604/1604/1603 1605/1605/1604 1428/1428/1427
f 1436/1436/1435 1438/1438/1437 1606/1606/1605
f 1606/1606/1605 1603/1603/1602 1436/1436/1435
f 1431/1431/1430 1603/1603/1602 1607/1607/1606
f 1608/1608/1607 996/996/995 681/681/680
f 936/936/935 1024/1024/1023 937/937/936
f 983/983/982 977/977/976 980/980/979
f 986/986/985 981/981/980 982/982/981
f 591/591/591 1609/1609/1608 1610/1610/1609
f 594/594/594 942/942/941 1609/1609/1608
f 703/703/702 1611/1611/1610 1612/1612/1611
f 587/587/587 586/586/586 1613/1613/1612
f 1611/1611/1610 587/587/587 1613/1613/1612
f 588/588/588 833/833/832 1614/1614/1613
f 833/833/832 601/601/601 1614/1614/1613
f 1615/1615/1614 1616/1616/1615 1617/1617/1616
f 1618/1618/1617 1619/1619/1618 1620/1620/1619
f 1617/1617/1616 1621/1621/1620 1622/1622/1621
f 1622/1622/1621 1623/1623/1622 1617/1617/1616
f 1624/1624/1623 1625/1625/1624 1626/1626/1625
f 1627/1627/1626 1624/1624/1623 1626/1626/1625
f 1627/1627/1626 1628/1628/1627 1629/1629/1628
f 1626/1626/1625 1630/1630/1629 1628/1628/1627
f 1625/1625/1624 1615/1615/1614 1623/1623/1622
f 1630/1630/1629 1625/1625/1624 1623/1623/1622
f 1615/1615/1614 1617/1617/1616 1623/1623/1622
f 1631/1631/1630 1632/1632/1631 1633/1633/1632
f 1634/1634/1633 1629/1629/1628 1628/1628/1627
f 1635/1635/1634 1636/1636/1635 1637/1637/1636
f 1636/1636/1635 1633/1633/1632 1632/1632/1631
f 1638/1638/1637 1639/1639/1638 1640/1640/1639
f 1641/1641/1640 1639/1639/1638 1619/1619/1618
f 1635/1635/1634 1642/1642/1641 1638/1638/1637
f 1642/1642/1641 1643/1643/1642 1639/1639/1638
f 1639/1639/1638 1644/1644/1643 1619/1619/1618
f 1619/1619/1618 1644/1644/1643 1620/1620/1619
f 1636/1636/1635 1645/1645/1644 1637/1637/1636
f 1642/1642/1641 1637/1637/1636 1645/1645/1644
f 1632/1632/1631 1646/1646/1645 1647/1647/1646
f 1636/1636/1635 1632/1632/1631 1647/1647/1646
f 1648/1648/1647 1630/1630/1629 1649/1649/1648
f 1645/1645/1644 1650/1650/1649 1643/1643/1642
f 1649/1649/1648 1622/1622/1621 1621/1621/1620
f 1644/1644/1643 1643/1643/1642 1650/1650/1649
f 1651/1651/1650 1647/1647/1646 1646/1646/1645
f 1645/1645/1644 1647/1647/1646 1651/1651/1650
f 1628/1628/1627 1648/1648/1647 1634/1634/1633
f 1620/1620/1619 1644/1644/1643 1650/1650/1649
f 1652/1652/1651 579/579/579 539/539/539
f 1653/1653/1652 1654/1654/1653 577/577/577
f 1655/1655/1654 1656/1656/1655 1657/1657/1656
f 1052/1052/1051 538/538/538 1051/1051/1050
f 1658/1658/1657 1659/1659/1658 536/536/536
f 1052/1052/1051 580/580/580 1652/1652/1651
f 1660/1660/1659 577/577/577 1026/1026/1025
f 541/541/541 536/536/536 1659/1659/1658
f 1661/1661/1660 1660/1660/1659 1026/1026/1025
f 1655/1655/1654 541/541/541 1659/1659/1658
f 486/486/486 489/489/489 1662/1662/1661
f 484/484/484 1662/1662/1661 608/608/608
f 605/605/605 883/883/882 484/484/484
f 608/608/608 605/605/605 484/484/484
f 604/604/604 1663/1663/1662 883/883/882
f 1664/1664/1663 1665/1665/1664 1666/1666/1665
f 1667/1667/1666 1668/1668/1667 1669/1669/1668
f 1670/1670/1669 1671/1671/1670 1672/1672/1671
f 1673/1673/1672 1674/1674/1673 1675/1675/1674
f 1676/1676/1675 1677/1677/1676 1674/1674/1673
f 1675/1675/1674 1677/1677/1676 1678/1678/1677
f 1679/1679/1678 1675/1675/1674 1680/1680/1679
f 1681/1681/1680 1673/1673/1672 1682/1682/1681
f 1683/1683/1682 490/490/490 492/492/492
f 1676/1676/1675 1681/1681/1680 1684/1684/1683
f 1685/1685/1684 1686/1686/1685 1687/1687/1686
f 1688/1688/1687 1671/1671/1670 1689/1689/1688
f 807/807/806 798/798/797 800/800/799
f 1690/1690/1689 1691/1691/1690 1692/1692/1691
f 492/492/492 1693/1693/1692 1694/1694/1693
f 1695/1695/1694 1696/1696/1695 1697/1697/1696
f 1683/1683/1682 492/492/492 1694/1694/1693
f 1698/1698/1697 1668/1668/1667 1699/1699/1698
f 1700/1700/1699 1701/1701/1700 1702/1702/1701
f 1703/1703/1702 1704/1704/1703 1705/1705/1704
f 1706/1706/1705 1707/1707/1706 1708/1708/1707
f 1709/1709/1708 1703/1703/1702 1705/1705/1704
f 1710/1710/1709 1711/1711/1710 1712/1712/1711
f 1713/1713/1712 1711/1711/1710 1714/1714/1713
f 1711/1711/1710 1715/1715/1714 1714/1714/1713
f 1678/1678/1677 1680/1680/1679 1675/1675/1674
f 1709/1709/1708 1705/1705/1704 1716/1716/1715
f 1717/1717/1716 1718/1718/1717 1715/1715/1714
f 1719/1719/1718 1717/1717/1716 1710/1710/1709
f 1712/1712/1711 1720/1720/1719 1710/1710/1709
f 1721/1721/1720 1719/1719/1718 1710/1710/1709
f 1722/1722/1721 1669/1669/1668 1698/1698/1697
f 1588/1588/1587 1591/1591/1590 1593/1593/1592
f 1437/1437/1436 1516/1516/1515 1441/1441/1440
f 1723/1723/1722 1724/1724/1723 1469/1469/1468
f 1725/1725/1724 1726/1726/1725 1727/1727/1726
f 1728/1728/1727 1729/1729/1728 1730/1730/1729
f 1727/1727/1726 1731/1731/1730 1732/1732/1731
f 1733/1733/1732 1476/1476/1475 1734/1734/1733
f 803/803/802 495/495/495 801/801/800
f 1735/1735/1734 1736/1736/1735 1737/1737/1736
f 1737/1737/1736 1738/1738/1737 1739/1739/1738
f 1738/1738/1737 1740/1740/1739 1739/1739/1738
f 1741/1741/1740 1742/1742/1741 1740/1740/1739
f 1743/1743/1742 1744/1744/1743 1742/1742/1741
f 1744/1744/1743 474/474/474 1745/1745/1744
f 1746/1746/1745 1747/1747/1746 1743/1743/1742
f 1748/1748/1747 1741/1741/1740 1738/1738/1737
f 1749/1749/1748 1736/1736/1735 493/493/493
f 1736/1736/1735 1748/1748/1747 1738/1738/1737
f 495/495/495 1749/1749/1748 493/493/493
f 1741/1741/1740 1746/1746/1745 1743/1743/1742
f 1750/1750/1749 1751/1751/1750 1752/1752/1751
f 1753/1753/1752 1754/1754/1753 1755/1755/1754
f 1753/1753/1752 1756/1756/1755 1757/1757/1756
f 474/474/474 1758/1758/1757 475/475/475
f 1747/1747/1746 1759/1759/1758 474/474/474
f 1754/1754/1753 1760/1760/1759 1761/1761/1760
f 1754/1754/1753 1757/1757/1756 1762/1762/1761
f 1761/1761/1760 1763/1763/1762 1764/1764/1763
f 1761/1761/1760 1760/1760/1759 1765/1765/1764
f 1766/1766/1765 501/501/501 1767/1767/1766
f 1768/1768/1767 1769/1769/1768 1767/1767/1766
f 501/501/501 1768/1768/1767 1767/1767/1766
f 499/499/499 1770/1770/1769 1771/1771/1770
f 1766/1766/1765 1772/1772/1771 499/499/499
f 1773/1773/1772 1774/1774/1773 1775/1775/1774
f 1776/1776/1775 1777/1777/1776 1773/1773/1772
f 1778/1778/1777 1779/1779/1778 1776/1776/1775
f 1780/1780/1779 1778/1778/1777 1481/1481/1480
f 1775/1775/1774 1781/1781/1780 1782/1782/1781
f 1782/1782/1781 1783/1783/1782 1784/1784/1783
f 1781/1781/1780 1785/1785/1784 1783/1783/1782
f 1786/1786/1785 1781/1781/1780 1774/1774/1773
f 1787/1787/1786 1777/1777/1776 1779/1779/1778
f 1777/1777/1776 1786/1786/1785 1774/1774/1773
f 1773/1773/1772 615/615/615 1485/1485/1484
f 1775/1775/1774 1782/1782/1781 1784/1784/1783
f 615/615/615 1775/1775/1774 1784/1784/1783
f 1778/1778/1777 1485/1485/1484 1788/1788/1787
f 1485/1485/1484 1776/1776/1775 1773/1773/1772
f 1480/1480/1479 1789/1789/1788 1780/1780/1779
f 1789/1789/1788 1790/1790/1789 1780/1780/1779
f 1790/1790/1789 1787/1787/1786 1779/1779/1778
f 1788/1788/1787 1481/1481/1480 1778/1778/1777
f 1477/1477/1476 1479/1479/1478 1791/1791/1790
f 705/705/704 1791/1791/1790 706/706/705
f 1792/1792/1791 1793/1793/1792 1794/1794/1793
f 1795/1795/1794 1796/1796/1795 1797/1797/1796
f 1795/1795/1794 1798/1798/1797 1799/1799/1798
f 1800/1800/1799 1801/1801/1800 1802/1802/1801
f 1800/1800/1799 1803/1803/1802 1804/1804/1803
f 1792/1792/1791 1805/1805/1804 1806/1806/1805
f 1807/1807/1806 1808/1808/1807 1809/1809/1808
f 1807/1807/1806 1810/1810/1809 1811/1811/1810
f 1812/1812/1811 1813/1813/1812 1814/1814/1813
f 1815/1815/1814 1816/1816/1815 1812/1812/1811
f 1815/1815/1814 1817/1817/1816 1818/1818/1817
f 1803/1803/1802 1819/1819/1818 1820/1820/1819
f 1798/1798/1797 1821/1821/1820 1822/1822/1821
f 1797/1797/1796 1823/1823/1822 1821/1821/1820
f 1793/1793/1792 1824/1824/1823 1825/1825/1824
f 1805/1805/1804 1824/1824/1823 1806/1806/1805
f 1826/1826/1825 1083/1083/1082 1499/1499/1498
f 1827/1827/1826 1828/1828/1827 1829/1829/1828
f 1829/1829/1828 1828/1828/1827 1830/1830/1829
f 1831/1831/1830 1832/1832/1831 1827/1827/1826
f 1833/1833/1832 1834/1834/1833 1832/1832/1831
f 1835/1835/1834 1836/1836/1835 1833/1833/1832
f 1835/1835/1834 1833/1833/1832 1831/1831/1830
f 1837/1837/1836 1838/1838/1837 1839/1839/1838
f 1840/1840/1839 1839/1839/1838 1841/1841/1840
f 1842/1842/1841 1843/1843/1842 1844/1844/1843
f 1845/1845/1844 1842/1842/1841 1844/1844/1843
f 1846/1846/1845 1841/1841/1840 1847/1847/1846
f 1848/1848/1847 1849/1849/1848 1850/1850/1849
f 1850/1850/1849 1851/1851/1850 1852/1852/1851
f 708/708/707 1853/1853/1852 1854/1854/1853
f 1855/1855/1854 1856/1856/1855 1857/1857/1856
f 1857/1857/1856 1858/1858/1857 1859/1859/1858
f 1859/1859/1858 1860/1860/1859 1861/1861/1860
f 1854/1854/1853 1494/1494/1493 708/708/707
f 1862/1862/1861 1863/1863/1862 1864/1864/1863
f 1865/1865/1864 1862/1862/1861 1866/1866/1865
f 1864/1864/1863 1867/1867/1866 1868/1868/1867
f 1869/1869/1868 1870/1870/1869 1494/1494/1493
f 1871/1871/1870 1863/1863/1862 1872/1872/1871
f 1873/1873/1872 1874/1874/1873 1849/1849/1848
f 1875/1875/1874 1858/1858/1857 1856/1856/1855
f 1856/1856/1855 1876/1876/1875 1875/1875/1874
f 1849/1849/1848 1877/1877/1876 1851/1851/1850
f 1851/1851/1850 1877/1877/1876 1878/1878/1877
f 1879/1879/1878 1838/1838/1837 1880/1880/1879
f 1841/1841/1840 1879/1879/1878 1881/1881/1880
f 1882/1882/1881 1876/1876/1875 1883/1883/1882
f 1841/1841/1840 1884/1884/1883 1847/1847/1846
f 1881/1881/1880 1885/1885/1884 1841/1841/1840
f 1801/1801/1800 1819/1819/1818 1802/1802/1801
f 1858/1858/1857 1886/1886/1885 1860/1860/1859
f 1858/1858/1857 1887/1887/1886 1888/1888/1887
f 1889/1889/1888 1872/1872/1871 1865/1865/1864
f 1890/1890/1889 1891/1891/1890 1892/1892/1891
f 1833/1833/1832 1893/1893/1892 1834/1834/1833
f 1869/1869/1868 1894/1894/1893 1895/1895/1894
f 1896/1896/1895 1897/1897/1896 1898/1898/1897
f 1898/1898/1897 1899/1899/1898 1900/1900/1899
f 1897/1897/1896 1901/1901/1900 1899/1899/1898
f 1902/1902/1901 1903/1903/1902 1897/1897/1896
f 1899/1899/1898 1904/1904/1903 1905/1905/1904
f 1899/1899/1898 1906/1906/1905 1900/1900/1899
f 1907/1907/1906 1902/1902/1901 1908/1908/1907
f 1909/1909/1908 1902/1902/1901 1896/1896/1895
f 1870/1870/1869 1910/1910/1909 1911/1911/1910
f 1912/1912/1911 1494/1494/1493 1911/1911/1910
f 1494/1494/1493 1870/1870/1869 1911/1911/1910
f 1863/1863/1862 1913/1913/1912 1867/1867/1866
f 1914/1914/1913 700/700/699 1915/1915/1914
f 689/689/688 1914/1914/1913 1916/1916/1915
f 1808/1808/1807 1917/1917/1916 1918/1918/1917
f 1810/1810/1809 1917/1917/1916 1811/1811/1810
f 1919/1919/1918 1920/1920/1919 1921/1921/1920
f 1919/1919/1918 1918/1918/1917 1917/1917/1916
f 1083/1083/1082 1922/1922/1921 1082/1082/1081
f 1814/1814/1813 1813/1813/1812 1923/1923/1922
f 1810/1810/1809 1924/1924/1923 1925/1925/1924
f 1926/1926/1925 1927/1927/1926 1928/1928/1927
f 1927/1927/1926 1929/1929/1928 1930/1930/1929
f 1929/1929/1928 1931/1931/1930 1930/1930/1929
f 1932/1932/1931 1931/1931/1930 1933/1933/1932
f 1931/1931/1930 1934/1934/1933 1935/1935/1934
f 1931/1931/1930 1936/1936/1935 1930/1930/1929
f 1930/1930/1929 1937/1937/1936 1927/1927/1926
f 1937/1937/1936 1928/1928/1927 1927/1927/1926
f 1938/1938/1937 1939/1939/1938 1940/1940/1939
f 1941/1941/1940 1938/1938/1937 1940/1940/1939
f 1941/1941/1940 1493/1493/1492 1938/1938/1937
f 1912/1912/1911 1938/1938/1937 1493/1493/1492
f 1493/1493/1492 1942/1942/1941 1943/1943/1942
f 1493/1493/1492 1943/1943/1942 1491/1491/1490
f 1491/1491/1490 1943/1943/1942 1944/1944/1943
f 1945/1945/1944 1491/1491/1490 1944/1944/1943
f 1818/1818/1817 1817/1817/1816 1946/1946/1945
f 1947/1947/1946 1948/1948/1947 1949/1949/1948
f 1947/1947/1946 1949/1949/1948 1950/1950/1949
f 1550/1550/1549 1951/1951/1950 1952/1952/1951
f 1951/1951/1950 1953/1953/1952 1952/1952/1951
f 1954/1954/1953 1816/1816/1815 1953/1953/1952
f 1952/1952/1951 1955/1955/1954 1956/1956/1955
f 1955/1955/1954 1816/1816/1815 1818/1818/1817
f 1550/1550/1549 1956/1956/1955 1957/1957/1956
f 1956/1956/1955 1958/1958/1957 1959/1959/1958
f 1555/1555/1554 1956/1956/1955 1959/1959/1958
f 1958/1958/1957 1818/1818/1817 1946/1946/1945
f 1960/1960/1959 1961/1961/1960 1558/1558/1557
f 1962/1962/1961 1963/1963/1962 1950/1950/1949
f 1961/1961/1960 1964/1964/1963 1962/1962/1961
f 1965/1965/1964 1950/1950/1949 1949/1949/1948
f 1965/1965/1964 1961/1961/1960 1962/1962/1961
f 1561/1561/1560 1559/1559/1558 1558/1558/1557
f 1560/1560/1559 1564/1564/1563 1561/1561/1560
f 1966/1966/1965 1965/1965/1964 1967/1967/1966
f 1949/1949/1948 1967/1967/1966 1965/1965/1964
f 1923/1923/1922 1813/1813/1812 1954/1954/1953
f 1564/1564/1563 1563/1563/1562 1561/1561/1560
f 700/700/699 1968/1968/1967 1915/1915/1914
f 1968/1968/1967 1565/1565/1564 1969/1969/1968
f 1549/1549/1548 1970/1970/1969 1971/1971/1970
f 1972/1972/1971 1921/1921/1920 1920/1920/1919
f 1973/1973/1972 1933/1933/1932 1974/1974/1973
f 1933/1933/1932 1975/1975/1974 1974/1974/1973
f 1929/1929/1928 1976/1976/1975 1975/1975/1974
f 1977/1977/1976 1978/1978/1977 1979/1979/1978
f 1980/1980/1979 1981/1981/1980 1926/1926/1925
f 1982/1982/1981 1977/1977/1976 1979/1979/1978
f 1982/1982/1981 1979/1979/1978 1983/1983/1982
f 1082/1082/1081 1922/1922/1921 1984/1984/1983
f 729/729/728 1512/1512/1511 1511/1511/1510
f 1985/1985/1984 713/713/712 715/715/714
f 740/740/739 1985/1985/1984 741/741/740
f 738/738/737 716/716/715 699/699/698
f 1364/1364/1363 744/744/743 1527/1527/1526
f 1986/1986/1985 1987/1987/1986 1988/1988/1987
f 1989/1989/1988 1988/1988/1987 1990/1990/1989
f 1991/1991/1990 1992/1992/1991 1993/1993/1992
f 1993/1993/1992 1994/1994/1993 1995/1995/1994
f 1994/1994/1993 1996/1996/1995 1995/1995/1994
f 1996/1996/1995 1997/1997/1996 1998/1998/1997
f 1999/1999/1998 1989/1989/1988 1990/1990/1989
f 2000/2000/1999 2001/2001/2000 1999/1999/1998
f 1997/1997/1996 2002/2002/2001 1998/1998/1997
f 2003/2003/2002 1991/1991/1990 2004/2004/2003
f 1671/1671/1670 2005/2005/2004 1689/1689/1688
f 2006/2006/2005 2007/2007/2006 2008/2008/2007
f 2009/2009/2008 1696/1696/1695 1695/1695/1694
f 1687/1687/1686 1686/1686/1685 2010/2010/2009
f 2011/2011/2010 2012/2012/2011 1686/1686/1685
f 1706/1706/1705 2013/2013/2012 1707/1707/1706
f 1692/1692/1691 1691/1691/1690 2014/2014/2013
f 2015/2015/2014 2016/2016/2015 1691/1691/1690
f 1668/1668/1667 2017/2017/2016 1699/1699/1698
f 2018/2018/2017 2019/2019/2018 2020/2020/2019
f 1581/1581/1580 2021/2021/2020 1587/1587/1586
f 1586/1586/1585 2022/2022/2021 1584/1584/1583
f 2023/2023/2022 2024/2024/2023 1750/1750/1749
f 2024/2024/2023 2025/2025/2024 1751/1751/1750
f 1729/1729/1728 2026/2026/2025 1730/1730/1729
f 2027/2027/2026 2028/2028/2027 2029/2029/2028
f 1700/1700/1699 2030/2030/2029 2031/2031/2030
f 2031/2031/2030 2032/2032/2031 1701/1701/1700
f 2033/2033/2032 2034/2034/2033 2035/2035/2034
f 2036/2036/2035 2037/2037/2036 2038/2038/2037
f 1543/1543/1542 1536/1536/1535 2039/2039/2038
f 1543/1543/1542 2040/2040/2039 1539/1539/1538
f 1577/1577/1576 2041/2041/2040 1575/1575/1574
f 1575/1575/1574 2042/2042/2041 1580/1580/1579
f 2043/2043/2042 2044/2044/2043 2045/2045/2044
f 1476/1476/1475 2046/2046/2045 1734/1734/1733
f 1726/1726/1725 2047/2047/2046 1731/1731/1730
f 2048/2048/2047 2049/2049/2048 2050/2050/2049
f 2051/2051/2050 1529/1529/1528 1528/1528/1527
f 1540/1540/1539 2040/2040/2039 2052/2052/2051
f 1469/1469/1468 2053/2053/2052 1470/1470/1469
f 2054/2054/2053 1729/1729/1728 2055/2055/2054
f 1987/1987/1986 2056/2056/2055 2057/2057/2056
f 1434/1434/1433 2058/2058/2057 1435/1435/1434
f 683/683/682 1022/1022/1021 993/993/992
f 2059/2059/2058 683/683/682 679/679/678
f 2060/2060/2059 2061/2061/2060 2062/2062/2061
f 1513/1513/1512 739/739/738 1382/1382/1381
f 2063/2063/2062 908/908/907 1533/1533/1532
f 1174/1174/1173 1327/1327/1326 1173/1173/1172
f 1315/1315/1314 787/787/786 789/789/788
f 805/805/804 802/802/801 2064/2064/2063
f 2065/2065/2064 784/784/783 786/786/785
f 1422/1422/1421 2066/2066/2065 737/737/736
f 1550/1550/1549 1552/1552/1551 2067/2067/2066
f 718/718/717 733/733/732 719/719/718
f 2068/2068/2067 894/894/893 896/896/895
f 517/517/517 514/514/514 896/896/895
f 1530/1530/1529 1596/1596/1595 1528/1528/1527
f 575/575/575 1654/1654/1653 576/576/576
f 574/574/574 576/576/576 582/582/582
f 591/591/591 1610/1610/1609 584/584/584
f 959/959/958 1039/1039/1038 1041/1041/1040
f 503/503/503 505/505/505 504/504/504
f 504/504/504 506/506/506 588/588/588
f 997/997/996 461/461/461 1001/1001/1000
f 1043/1043/1042 1045/1045/1044 585/585/585
f 2069/2069/2068 2070/2070/2069 2071/2071/2070
f 463/463/463 2072/2072/2071 2073/2073/2072
f 2074/2074/2073 2075/2075/2074 2076/2076/2075
f 2073/2073/2072 468/468/468 463/463/463
f 2077/2077/2076 2078/2078/2077 2079/2079/2078
f 2080/2080/2079 2081/2081/2080 2082/2082/2081
f 2083/2083/2082 2084/2084/2083 2085/2085/2084
f 2086/2086/2085 2087/2087/2086 2088/2088/2087
f 2088/2088/2087 2089/2089/2088 2090/2090/2089
f 2089/2089/2088 2091/2091/2090 2092/2092/2091
f 2093/2093/2092 2094/2094/2093 2095/2095/2094
f 2096/2096/2095 2097/2097/2096 2098/2098/2097
f 2099/2099/2098 2100/2100/2099 2101/2101/2100
f 2102/2102/2101 2103/2103/2102 2104/2104/2103
f 2105/2105/2104 2106/2106/2105 2107/2107/2106
f 2108/2108/2107 2109/2109/2108 2110/2110/2109
f 2111/2111/2110 2112/2112/2111 2113/2113/2112
f 2114/2114/2113 2115/2115/2114 2116/2116/2115
f 2117/2117/2116 2118/2118/2117 2119/2119/2118
f 2120/2120/2119 2121/2121/2120 2122/2122/2121
f 2121/2121/2120 2123/2123/2122 2124/2124/2123
f 2123/2123/2122 2120/2120/2119 2125/2125/2124
f 2123/2123/2122 2126/2126/2125 2124/2124/2123
f 2127/2127/2126 2128/2128/2127 2129/2129/2128
f 2130/2130/2129 2125/2125/2124 2131/2131/2130
f 2132/2132/2131 2129/2129/2128 2133/2133/2132
f 2120/2120/2119 2134/2134/2133 2125/2125/2124
f 2135/2135/2134 2134/2134/2133 2136/2136/2135
f 2134/2134/2133 2131/2131/2130 2125/2125/2124
f 2137/2137/2136 2138/2138/2137 2139/2139/2138
f 2140/2140/2139 2141/2141/2140 2142/2142/2141
f 2143/2143/2142 2142/2142/2141 2144/2144/2143
f 2140/2140/2139 2143/2143/2142 2145/2145/2144
f 2137/2137/2136 2139/2139/2138 2146/2146/2145
f 2147/2147/2146 2148/2148/2147 2149/2149/2148
f 2148/2148/2147 2150/2150/2149 2151/2151/2150
f 2152/2152/2151 2153/2153/2152 2154/2154/2153
f 2155/2155/2154 2156/2156/2155 2157/2157/2156
f 2152/2152/2151 2099/2099/2098 2101/2101/2100
f 2158/2158/2157 2159/2159/2158 2160/2160/2159
f 2159/2159/2158 2161/2161/2160 2162/2162/2161
f 2163/2163/2162 2164/2164/2163 2165/2165/2164
f 2166/2166/2165 2167/2167/2166 2119/2119/2118
f 2168/2168/2167 2169/2169/2168 2170/2170/2169
f 2171/2171/2170 556/556/556 2172/2172/2171
f 556/556/556 2173/2173/2172 558/558/558
f 2174/2174/2173 560/560/560 1227/1227/1226
f 2175/2175/2174 2176/2176/2175 2177/2177/2176
f 2178/2178/2177 565/565/565 560/560/560
f 2179/2179/2178 2177/2177/2176 2180/2180/2179
f 2181/2181/2180 2182/2182/2181 2183/2183/2182
f 2069/2069/2068 2184/2184/2183 2070/2070/2069
f 2185/2185/2184 2186/2186/2185 2187/2187/2186
f 2188/2188/2187 2189/2189/2188 2190/2190/2189
f 2188/2188/2187 2191/2191/2190 2192/2192/2191
f 2193/2193/2192 2194/2194/2193 2195/2195/2194
f 2196/2196/2195 2150/2150/2149 2197/2197/2196
f 2194/2194/2193 2198/2198/2197 2199/2199/2198
f 2200/2200/2199 2201/2201/2200 2202/2202/2201
f 2119/2119/2118 2203/2203/2202 2166/2166/2165
f 2097/2097/2096 2204/2204/2203 2205/2205/2204
f 2154/2154/2153 2153/2153/2152 2204/2204/2203
f 2206/2206/2205 2154/2154/2153 2097/2097/2096
f 2207/2207/2206 2196/2196/2195 2197/2197/2196
f 2208/2208/2207 2199/2199/2198 2198/2198/2197
f 2209/2209/2208 2210/2210/2209 2211/2211/2210
f 2210/2210/2209 2212/2212/2211 2213/2213/2212
f 2214/2214/2213 2215/2215/2214 2216/2216/2215
f 2217/2217/2216 2147/2147/2146 2149/2149/2148
f 2218/2218/2217 2219/2219/2218 2220/2220/2219
f 2221/2221/2220 2222/2222/2221 2223/2223/2222
f 2224/2224/2223 2221/2221/2220 2225/2225/2224
f 2226/2226/2225 2227/2227/2226 2228/2228/2227
f 2229/2229/2228 609/609/609 611/611/611
f 2230/2230/2229 612/612/612 2231/2231/2230
f 2232/2232/2231 2233/2233/2232 2234/2234/2233
f 2235/2235/2234 2236/2236/2235 2237/2237/2236
f 621/621/621 2072/2072/2071 463/463/463
f 2238/2238/2237 623/623/623 2239/2239/2238
f 2240/2240/2239 2241/2241/2240 2242/2242/2241
f 2243/2243/2242 2244/2244/2243 2245/2245/2244
f 2246/2246/2245 631/631/631 633/633/633
f 2247/2247/2246 2248/2248/2247 2249/2249/2248
f 2242/2242/2241 2250/2250/2249 2240/2240/2239
f 2251/2251/2250 2246/2246/2245 633/633/633
f 2076/2076/2075 2252/2252/2251 2253/2253/2252
f 2252/2252/2251 2254/2254/2253 2255/2255/2254
f 2256/2256/2255 2257/2257/2256 2258/2258/2257
f 2259/2259/2258 2260/2260/2259 2253/2253/2252
f 2261/2261/2260 2259/2259/2258 2262/2262/2261
f 2259/2259/2258 2253/2253/2252 2252/2252/2251
f 2263/2263/2262 2264/2264/2263 2265/2265/2264
f 2263/2263/2262 2266/2266/2265 2267/2267/2266
f 656/656/656 2268/2268/2267 2269/2269/2268
f 2270/2270/2269 2271/2271/2269 2272/2272/2270
f 2268/2268/2267 662/662/662 2273/2273/2271
f 2274/2274/2272 2275/2275/2273 2276/2276/2274
f 2277/2277/2275 2276/2276/2274 2278/2278/2276
f 2279/2279/2277 2280/2280/2278 2275/2275/2273
f 670/670/670 2281/2281/2279 662/662/662
f 2282/2282/2280 2283/2283/2281 2284/2284/2282
f 2089/2089/2088 2285/2285/2283 2090/2090/2089
f 2286/2286/2284 678/678/677 2287/2287/2285
f 2288/2288/2286 2289/2289/2287 2290/2290/2288
f 2291/2291/2289 2292/2292/2290 2293/2293/2291
f 2294/2294/2292 2078/2078/2077 2295/2295/2293
f 2296/2296/2294 2297/2297/2295 2298/2298/2296
f 2299/2299/2297 2300/2300/2298 2301/2301/2299
f 2299/2299/2297 2302/2302/2300 2297/2297/2295
f 2186/2186/2185 2224/2224/2223 2070/2070/2069
f 2185/2185/2184 2227/2227/2226 2186/2186/2185
f 2303/2303/2301 2304/2304/2302 2305/2305/2303
f 2306/2306/2304 2300/2300/2298 2296/2296/2294
f 2307/2307/2305 2306/2306/2304 2308/2308/2306
f 2300/2300/2298 2306/2306/2304 2307/2307/2305
f 2309/2309/2307 2310/2310/2308 2311/2311/2309
f 2312/2312/2310 2313/2313/2311 2314/2314/2312
f 2315/2315/2313 2316/2316/2314 2317/2317/2315
f 2318/2318/2316 2319/2319/2317 2320/2320/2318
f 2321/2321/2319 2182/2182/2181 2322/2322/2320
f 2307/2307/2305 2301/2301/2299 2300/2300/2298
f 2323/2323/2321 2324/2324/2322 2325/2325/2323
f 2326/2326/2324 2308/2308/2306 2327/2327/2325
f 2328/2328/2326 2329/2329/2327 2330/2330/2328
f 2328/2328/2326 2331/2331/2329 2332/2332/2330
f 2333/2333/2331 2334/2334/2332 2335/2335/2333
f 2336/2336/2334 2337/2337/2335 2338/2338/2336
f 2337/2337/2335 2339/2339/2337 2340/2340/2338
f 2341/2341/2339 2336/2336/2334 2342/2342/2340
f 2343/2343/2341 2341/2341/2339 2344/2344/2342
f 2345/2345/2343 2328/2328/2326 2346/2346/2344
f 2347/2347/2345 2348/2348/2346 2349/2349/2347
f 2350/2350/2348 2307/2307/2305 2351/2351/2349
f 2352/2352/2350 2353/2353/2351 2354/2354/2352
f 2355/2355/2353 2356/2356/2354 2357/2357/2355
f 2358/2358/2356 2128/2128/2127 2359/2359/2357
f 2360/2360/2358 2361/2361/2359 2362/2362/2360
f 2363/2363/2361 2360/2360/2358 2362/2362/2360
f 2364/2364/2362 2365/2365/2363 2366/2366/2364
f 2367/2367/2365 2361/2361/2359 2368/2368/2366
f 2369/2369/2367 2367/2367/2365 2370/2370/2368
f 2362/2362/2360 2371/2371/2369 2363/2363/2361
f 2372/2372/2370 758/758/757 2373/2373/2371
f 2374/2374/2372 2375/2375/2373 2086/2086/2085
f 2376/2376/2374 2377/2377/2375 2378/2378/2376
f 2379/2379/2377 2380/2380/2378 2381/2381/2379
f 2382/2382/2380 2383/2383/2381 2377/2377/2375
f 2384/2384/2382 2385/2385/2383 2386/2386/2384
f 2387/2387/2385 2388/2388/2386 2380/2380/2378
f 2389/2389/2387 2384/2384/2382 2390/2390/2388
f 2391/2391/2389 2390/2390/2388 2392/2392/2390
f 2393/2393/2391 778/778/777 780/780/779
f 2320/2320/2318 2394/2394/2392 2318/2318/2316
f 2395/2395/2393 2396/2396/2394 2397/2397/2395
f 2398/2398/2396 2399/2399/2397 2400/2400/2398
f 2401/2401/2399 2402/2402/2400 2403/2403/2401
f 2404/2404/2402 2405/2405/2403 2406/2406/2404
f 2407/2407/2405 2408/2408/2406 2409/2409/2407
f 2410/2410/2408 2411/2411/2409 2412/2412/2410
f 2413/2413/2411 2414/2414/2412 2415/2415/2413
f 2409/2409/2407 2408/2408/2406 2416/2416/2414
f 2413/2413/2411 2415/2415/2413 2417/2417/2415
f 2418/2418/2416 2419/2419/2417 2420/2420/2418
f 2406/2406/2404 2421/2421/2419 2422/2422/2420
f 2423/2423/2421 2424/2424/2422 2425/2425/2423
f 2426/2426/2424 2423/2423/2421 2427/2427/2425
f 2428/2428/2426 2121/2121/2120 2429/2429/2427
f 2430/2430/2428 2431/2431/2429 2432/2432/2430
f 2433/2433/2431 819/819/818 2434/2434/2432
f 2435/2435/2433 2436/2436/2434 2431/2431/2429
f 2437/2437/2435 2438/2438/2436 2436/2436/2434
f 2439/2439/2437 2440/2440/2438 826/826/825
f 826/826/825 2434/2434/2432 819/819/818
f 2441/2441/2439 2442/2442/2440 2443/2443/2441
f 2442/2442/2440 2441/2441/2439 2444/2444/2442
f 2169/2169/2168 2445/2445/2443 2446/2446/2444
f 2447/2447/2445 2166/2166/2165 2203/2203/2202
f 2447/2447/2445 2448/2448/2446 2445/2445/2443
f 2181/2181/2180 2449/2449/2447 2182/2182/2181
f 2450/2450/2448 2451/2451/2449 2452/2452/2450
f 2449/2449/2447 2322/2322/2320 2182/2182/2181
f 2136/2136/2135 2134/2134/2133 2120/2120/2119
f 2136/2136/2135 2453/2453/2451 2454/2454/2452
f 2455/2455/2453 2454/2454/2452 2456/2456/2454
f 2457/2457/2455 2458/2458/2456 2459/2459/2457
f 2460/2460/2458 2461/2461/2459 2462/2462/2460
f 2462/2462/2460 2463/2463/2461 2464/2464/2462
f 2465/2465/2463 2466/2466/2464 2467/2467/2465
f 2468/2468/2466 2466/2466/2464 2465/2465/2463
f 2469/2469/2467 2470/2470/2468 2471/2471/2469
f 2472/2472/2470 2470/2470/2468 2473/2473/2471
f 2467/2467/2465 2474/2474/2472 2465/2465/2463
f 2475/2475/2473 2476/2476/2474 2477/2477/2475
f 2478/2478/2476 2457/2457/2455 2459/2459/2457
f 2478/2478/2476 2479/2479/2477 2480/2480/2478
f 2481/2481/2479 2482/2482/2480 2483/2483/2481
f 2484/2484/2482 2485/2485/2483 2486/2486/2484
f 2487/2487/2485 2488/2488/2486 2489/2489/2487
f 2490/2490/2488 2349/2349/2347 2491/2491/2489
f 2492/2492/2490 2493/2493/2491 2494/2494/2492
f 2495/2495/2493 2496/2496/2494 2497/2497/2495
f 2490/2490/2488 2243/2243/2242 2245/2245/2244
f 2498/2498/2496 2249/2249/2248 2248/2248/2247
f 2325/2325/2323 2250/2250/2249 2323/2323/2321
f 2098/2098/2097 2205/2205/2204 2499/2499/2497
f 2500/2500/2498 2214/2214/2213 2501/2501/2499
f 2216/2216/2215 2502/2502/2500 2503/2503/2501
f 2504/2504/2502 2505/2505/2503 2506/2506/2504
f 2504/2504/2502 2507/2507/2505 2508/2508/2506
f 2509/2509/2507 2508/2508/2506 2510/2510/2508
f 2511/2511/2509 2512/2512/2510 2513/2513/2511
f 2126/2126/2125 2514/2514/2512 2124/2124/2123
f 2515/2515/2513 2516/2516/2514 2517/2517/2515
f 2518/2518/2516 2519/2519/2517 2520/2520/2518
f 2521/2521/2519 2522/2522/2520 2523/2523/2521
f 2524/2524/2522 2525/2525/2523 2526/2526/2524
f 2527/2527/2525 2528/2528/2526 2529/2529/2527
f 2530/2530/2528 2531/2531/2529 2532/2532/2530
f 2525/2525/2523 2533/2533/2531 2534/2534/2532
f 2535/2535/2533 2536/2536/2534 2537/2537/2535
f 2538/2538/2536 2535/2535/2533 2539/2539/2537
f 2540/2540/2538 2541/2541/2539 2542/2542/2540
f 2543/2543/2541 2120/2120/2119 2122/2122/2121
f 2143/2143/2142 2544/2544/2542 2545/2545/2543
f 2544/2544/2542 2144/2144/2143 2546/2546/2544
f 2454/2454/2452 2547/2547/2545 2456/2456/2454
f 2548/2548/2546 2213/2213/2212 2549/2549/2547
f 2548/2548/2546 2211/2211/2210 2210/2210/2209
f 2548/2548/2546 2550/2550/2548 2551/2551/2549
f 2552/2552/2550 2148/2148/2147 2151/2151/2150
f 2151/2151/2150 2553/2553/2551 2552/2552/2550
f 2554/2554/2552 2550/2550/2548 2549/2549/2547
f 2554/2554/2552 2555/2555/2553 2556/2556/2554
f 2555/2555/2553 2213/2213/2212 2557/2557/2555
f 2555/2555/2553 2558/2558/2556 2559/2559/2557
f 2557/2557/2555 2560/2560/2558 2561/2561/2559
f 2558/2558/2556 2561/2561/2559 2562/2562/2560
f 2212/2212/2211 2560/2560/2558 2213/2213/2212
f 2559/2559/2557 2558/2558/2556 2563/2563/2561
f 2558/2558/2556 2311/2311/2309 2563/2563/2561
f 2559/2559/2557 2564/2564/2562 2565/2565/2563
f 2563/2563/2561 2310/2310/2308 2564/2564/2562
f 2566/2566/2564 2293/2293/2291 2292/2292/2290
f 2559/2559/2557 2567/2567/2565 2568/2568/2566
f 2569/2569/2567 2570/2570/2568 2293/2293/2291
f 2570/2570/2568 2291/2291/2289 2293/2293/2291
f 2571/2571/2569 2572/2572/2570 2573/2573/2571
f 2570/2570/2568 2574/2574/2572 2575/2575/2573
f 2575/2575/2573 2576/2576/2574 2577/2577/2575
f 2574/2574/2572 2578/2578/2576 2579/2579/2577
f 2576/2576/2574 2579/2579/2577 2164/2164/2163
f 2579/2579/2577 2580/2580/2578 2581/2581/2579
f 2164/2164/2163 2581/2581/2579 2582/2582/2580
f 2582/2582/2580 2165/2165/2164 2164/2164/2163
f 2582/2582/2580 2583/2583/2581 2584/2584/2582
f 2585/2585/2583 2584/2584/2582 2586/2586/2584
f 2584/2584/2582 965/965/964 966/966/965
f 2586/2586/2584 966/966/965 2587/2587/2585
f 2588/2588/2586 970/970/969 2589/2589/2587
f 971/971/970 2588/2588/2586 2590/2590/2588
f 2588/2588/2586 2591/2591/2589 2592/2592/2590
f 2590/2590/2588 2592/2592/2590 2593/2593/2591
f 2594/2594/2592 2592/2592/2590 2595/2595/2593
f 2596/2596/2594 2597/2597/2595 2598/2598/2596
f 2172/2172/2171 2598/2598/2596 2171/2171/2170
f 2598/2598/2596 2116/2116/2115 2115/2115/2114
f 2171/2171/2170 2115/2115/2114 2117/2117/2116
f 2597/2597/2595 2599/2599/2597 2600/2600/2598
f 2600/2600/2598 2219/2219/2218 2601/2601/2599
f 2602/2602/2600 2603/2603/2601 2604/2604/2602
f 2605/2605/2603 2220/2220/2219 2219/2219/2218
f 2606/2606/2604 2604/2604/2602 2607/2607/2605
f 2602/2602/2600 2608/2608/2606 2220/2220/2219
f 2609/2609/2607 2160/2160/2159 2159/2159/2158
f 2610/2610/2608 2611/2611/2609 2612/2612/2610
f 2220/2220/2219 2448/2448/2446 2218/2218/2217
f 2095/2095/2094 2094/2094/2093 995/995/994
f 2288/2288/2286 2611/2611/2609 2289/2289/2287
f 2612/2612/2610 2288/2288/2286 2613/2613/2611
f 2290/2290/2288 2289/2289/2287 2286/2286/2284
f 2614/2614/2612 2288/2288/2286 2290/2290/2288
f 2070/2070/2069 2184/2184/2183 2186/2186/2185
f 2071/2071/2070 2070/2070/2069 2615/2615/2613
f 2446/2446/2444 2170/2170/2169 2169/2169/2168
f 2225/2225/2224 2070/2070/2069 2224/2224/2223
f 2615/2615/2613 2616/2616/2614 2617/2617/2615
f 2617/2617/2615 2618/2618/2616 2163/2163/2162
f 2616/2616/2614 2221/2221/2220 2619/2619/2617
f 2616/2616/2614 2620/2620/2618 2618/2618/2616
f 2618/2618/2616 2621/2621/2619 2577/2577/2575
f 2622/2622/2620 2619/2619/2617 2623/2623/2621
f 2621/2621/2619 2622/2622/2620 2292/2292/2290
f 2624/2624/2622 2623/2623/2621 2625/2625/2623
f 2292/2292/2290 2624/2624/2622 2566/2566/2564
f 2626/2626/2624 2554/2554/2552 2556/2556/2554
f 2626/2626/2624 2568/2568/2566 2567/2567/2565
f 2116/2116/2115 2627/2627/2625 2114/2114/2113
f 2092/2092/2091 2628/2628/2626 2089/2089/2088
f 2629/2629/2627 2623/2623/2621 2223/2223/2222
f 2630/2630/2628 2550/2550/2548 2554/2554/2552
f 2631/2631/2629 2223/2223/2222 2222/2222/2221
f 2632/2632/2630 2551/2551/2549 2550/2550/2548
f 2223/2223/2222 2619/2619/2617 2221/2221/2220
f 2618/2618/2616 2576/2576/2574 2163/2163/2162
f 2611/2611/2609 1021/1021/1020 1022/1022/1021
f 1021/1021/1020 2159/2159/2158 1023/1023/1022
f 2162/2162/2161 1023/1023/1022 2159/2159/2158
f 2633/2633/2631 2634/2634/2632 2192/2192/2191
f 2635/2635/2633 2192/2192/2191 2191/2191/2190
f 2636/2636/2634 2637/2637/2635 2638/2638/2636
f 2192/2192/2191 2639/2639/2637 2188/2188/2187
f 2640/2640/2638 2641/2641/2639 2642/2642/2640
f 2638/2638/2636 2643/2643/2641 2644/2644/2642
f 2639/2639/2637 2150/2150/2149 2188/2188/2187
f 2090/2090/2089 2645/2645/2643 2088/2088/2087
f 2644/2644/2642 2090/2090/2089 2285/2285/2283
f 2645/2645/2643 2637/2637/2635 2591/2591/2589
f 2645/2645/2643 2086/2086/2085 2088/2088/2087
f 2645/2645/2643 2589/2589/2587 2374/2374/2372
f 2591/2591/2589 2595/2595/2593 2592/2592/2590
f 2374/2374/2372 970/970/969 1037/1037/1036
f 1037/1037/1036 2375/2375/2373 2374/2374/2372
f 1038/1038/1037 2583/2583/2581 2646/2646/2644
f 2583/2583/2581 2580/2580/2578 2646/2646/2644
f 2647/2647/2645 2119/2119/2118 2167/2167/2166
f 2117/2117/2116 2173/2173/2172 2171/2171/2170
f 2648/2648/2646 2578/2578/2576 2649/2649/2647
f 2372/2372/2370 2650/2650/2648 2651/2651/2649
f 2652/2652/2650 2653/2653/2651 2309/2309/2307
f 2650/2650/2648 2654/2654/2652 2651/2651/2649
f 2649/2649/2647 2571/2571/2569 2573/2573/2571
f 2577/2577/2575 2291/2291/2289 2575/2575/2573
f 2568/2568/2566 2555/2555/2553 2559/2559/2557
f 2211/2211/2210 2655/2655/2653 2656/2656/2654
f 2636/2636/2634 2594/2594/2592 2595/2595/2593
f 2211/2211/2210 2657/2657/2655 2658/2658/2656
f 2211/2211/2210 2658/2658/2656 2209/2209/2208
f 2658/2658/2656 2659/2659/2657 2660/2660/2658
f 2209/2209/2208 2660/2660/2658 2199/2199/2198
f 2661/2661/2659 2662/2662/2660 2663/2663/2661
f 2664/2664/2662 2506/2506/2504 2505/2505/2503
f 2547/2547/2545 2665/2665/2663 2456/2456/2454
f 2661/2661/2659 2666/2666/2664 2507/2507/2505
f 2506/2506/2504 2661/2661/2659 2507/2507/2505
f 2507/2507/2505 2667/2667/2665 2668/2668/2666
f 2669/2669/2667 2500/2500/2498 2670/2670/2668
f 2121/2121/2120 2671/2671/2669 2429/2429/2427
f 2672/2672/2670 2673/2673/2671 2674/2674/2672
f 2668/2668/2666 2508/2508/2506 2507/2507/2505
f 2675/2675/2673 2674/2674/2672 2676/2676/2674
f 2672/2672/2670 2510/2510/2508 2508/2508/2506
f 2674/2674/2672 2426/2426/2424 2427/2427/2425
f 2674/2674/2672 2677/2677/2675 2676/2676/2674
f 2122/2122/2121 2428/2428/2426 2678/2678/2676
f 2679/2679/2677 2668/2668/2666 2667/2667/2665
f 2426/2426/2424 2679/2679/2677 2680/2680/2678
f 2680/2680/2678 2501/2501/2499 2214/2214/2213
f 2681/2681/2679 2214/2214/2213 2216/2216/2215
f 2680/2680/2678 2424/2424/2422 2426/2426/2424
f 2682/2682/2680 2216/2216/2215 2503/2503/2501
f 2681/2681/2679 2425/2425/2423 2424/2424/2422
f 2683/2683/2681 2684/2684/2682 2181/2181/2180
f 2685/2685/2683 2683/2683/2681 2686/2686/2684
f 2183/2183/2182 2683/2683/2681 2181/2181/2180
f 2683/2683/2681 2687/2687/2685 2686/2686/2684
f 2501/2501/2499 2679/2679/2677 2667/2667/2665
f 2688/2688/2686 2667/2667/2665 2666/2666/2664
f 2500/2500/2498 2688/2688/2686 2670/2670/2668
f 2689/2689/2687 2495/2495/2493 2346/2346/2344
f 2690/2690/2688 2669/2669/2667 2670/2670/2668
f 2497/2497/2495 2691/2691/2689 2495/2495/2493
f 2692/2692/2690 2693/2693/2691 2694/2694/2692
f 2335/2335/2333 2695/2695/2693 2333/2333/2331
f 2696/2696/2694 2697/2697/2695 2698/2698/2696
f 2692/2692/2690 2699/2699/2697 2700/2700/2698
f 2697/2697/2695 2694/2694/2692 2698/2698/2696
f 2514/2514/2512 2121/2121/2120 2124/2124/2123
f 2122/2122/2121 2701/2701/2699 2543/2543/2541
f 2702/2702/2700 2670/2670/2668 2688/2688/2686
f 2543/2543/2541 2703/2703/2701 2453/2453/2451
f 2702/2702/2700 2666/2666/2664 2663/2663/2661
f 2704/2704/2702 2544/2544/2542 2705/2705/2703
f 2545/2545/2543 2706/2706/2704 2707/2707/2705
f 2545/2545/2543 2145/2145/2144 2143/2143/2142
f 2480/2480/2478 2708/2708/2706 2478/2478/2476
f 2709/2709/2707 2480/2480/2478 2530/2530/2528
f 2705/2705/2703 2546/2546/2544 2710/2710/2708
f 2542/2542/2540 2711/2711/2709 2712/2712/2710
f 2713/2713/2711 2714/2714/2712 2715/2715/2713
f 2714/2714/2712 2716/2716/2714 2717/2717/2715
f 2718/2718/2716 2715/2715/2713 2378/2378/2376
f 2713/2713/2711 2719/2719/2717 2716/2716/2714
f 2719/2719/2717 2720/2720/2718 2721/2721/2719
f 2716/2716/2714 2721/2721/2719 2722/2722/2720
f 2723/2723/2721 2718/2718/2716 2724/2724/2722
f 2724/2724/2722 2378/2378/2376 2377/2377/2375
f 2725/2725/2723 2377/2377/2375 2383/2383/2381
f 2724/2724/2722 2726/2726/2724 2723/2723/2721
f 2723/2723/2721 2727/2727/2725 2720/2720/2718
f 2728/2728/2726 2729/2729/2727 2730/2730/2728
f 2731/2731/2729 2732/2732/2730 2733/2733/2731
f 2734/2734/2732 2368/2368/2366 2361/2361/2359
f 2735/2735/2733 2361/2361/2359 2736/2736/2734
f 2737/2737/2735 2728/2728/2726 2738/2738/2736
f 2738/2738/2736 2739/2739/2737 2737/2737/2735
f 2738/2738/2736 2730/2730/2728 2740/2740/2738
f 2741/2741/2739 2740/2740/2738 2711/2711/2709
f 2711/2711/2709 2436/2436/2434 2438/2438/2436
f 2741/2741/2739 2711/2711/2709 2541/2541/2539
f 2740/2740/2738 2431/2431/2429 2436/2436/2434
f 2742/2742/2740 2539/2539/2537 2743/2743/2741
f 2744/2744/2742 2743/2743/2741 2368/2368/2366
f 2745/2745/2743 2741/2741/2739 2541/2541/2539
f 2743/2743/2741 2746/2746/2744 2747/2747/2745
f 2368/2368/2366 2747/2747/2745 2367/2367/2365
f 2748/2748/2746 2746/2746/2744 2749/2749/2747
f 2747/2747/2745 2370/2370/2368 2367/2367/2365
f 2748/2748/2746 2750/2750/2748 2751/2751/2749
f 2370/2370/2368 2751/2751/2749 2752/2752/2750
f 2749/2749/2747 2753/2753/2751 2750/2750/2748
f 2749/2749/2747 2754/2754/2752 2755/2755/2753
f 2755/2755/2753 2756/2756/2754 2757/2757/2755
f 2754/2754/2752 2539/2539/2537 2535/2535/2533
f 2754/2754/2752 2537/2537/2535 2756/2756/2754
f 2757/2757/2755 2483/2483/2481 2758/2758/2756
f 2755/2755/2753 2758/2758/2756 2753/2753/2751
f 2757/2757/2755 2479/2479/2477 2481/2481/2479
f 2479/2479/2477 2537/2537/2535 2759/2759/2757
f 2730/2730/2728 2432/2432/2430 2431/2431/2429
f 2720/2720/2718 2366/2366/2364 2365/2365/2363
f 2721/2721/2719 2365/2365/2363 2146/2146/2145
f 2722/2722/2720 2146/2146/2145 2139/2139/2138
f 2378/2378/2376 2760/2760/2758 2376/2376/2374
f 2712/2712/2710 2438/2438/2436 2761/2761/2759
f 2759/2759/2757 2536/2536/2534 2531/2531/2529
f 2762/2762/2760 2763/2763/2761 2764/2764/2762
f 2762/2762/2760 2765/2765/2763 2766/2766/2764
f 2766/2766/2764 2767/2767/2765 2768/2768/2766
f 2442/2442/2440 2764/2764/2762 2443/2443/2441
f 2765/2765/2763 2444/2444/2442 2767/2767/2765
f 2767/2767/2765 2769/2769/2767 2768/2768/2766
f 2767/2767/2765 2770/2770/2768 2771/2771/2769
f 2772/2772/2770 2444/2444/2442 2441/2441/2439
f 2773/2773/2771 2770/2770/2768 2772/2772/2770
f 2771/2771/2769 2773/2773/2771 2774/2774/2772
f 2516/2516/2514 2775/2775/2773 2517/2517/2515
f 2774/2774/2772 2769/2769/2767 2771/2771/2769
f 2774/2774/2772 2776/2776/2774 2775/2775/2773
f 2777/2777/2775 2773/2773/2771 2772/2772/2770
f 2778/2778/2776 2776/2776/2774 2777/2777/2775
f 2775/2775/2773 2778/2778/2776 2779/2779/2777
f 2779/2779/2777 2780/2780/2778 2781/2781/2779
f 2779/2779/2777 2517/2517/2515 2775/2775/2773
f 2779/2779/2777 2782/2782/2780 2783/2783/2781
f 2784/2784/2782 2778/2778/2776 2777/2777/2775
f 2785/2785/2783 2782/2782/2780 2784/2784/2782
f 2783/2783/2781 2785/2785/2783 2786/2786/2784
f 2786/2786/2784 2787/2787/2785 2788/2788/2786
f 2783/2783/2781 2788/2788/2786 2780/2780/2778
f 2786/2786/2784 2789/2789/2787 2790/2790/2788
f 2791/2791/2789 2785/2785/2783 2784/2784/2782
f 2792/2792/2790 2793/2793/2791 2794/2794/2792
f 2795/2795/2793 2792/2792/2790 2796/2796/2794
f 2795/2795/2793 2797/2797/2795 2798/2798/2796
f 2796/2796/2794 2799/2799/2797 2800/2800/2798
f 2797/2797/2795 2800/2800/2798 2801/2801/2799
f 2802/2802/2800 2803/2803/2801 2804/2804/2802
f 2805/2805/2803 2806/2806/2804 2807/2807/2805
f 2801/2801/2799 2808/2808/2806 2523/2523/2521
f 2523/2523/2521 2809/2809/2807 2521/2521/2519
f 2810/2810/2808 2800/2800/2798 2799/2799/2797
f 2808/2808/2806 2180/2180/2179 2809/2809/2807
f 2179/2179/2178 2810/2810/2808 2799/2799/2797
f 2180/2180/2179 2810/2810/2808 2179/2179/2178
f 1216/1216/1215 2439/2439/2437 826/826/825
f 1216/1216/1215 2811/2811/2809 2812/2812/2810
f 2811/2811/2809 1219/1219/1218 2813/2813/2811
f 1222/1222/1221 2814/2814/2812 2815/2815/2813
f 2816/2816/2814 2817/2817/2815 2302/2302/2300
f 1227/1227/1226 2818/2818/2816 2174/2174/2173
f 2819/2819/2817 2820/2820/2818 2176/2176/2175
f 2819/2819/2817 2392/2392/2390 2820/2820/2818
f 2176/2176/2175 2821/2821/2819 2822/2822/2820
f 2820/2820/2818 2823/2823/2821 2821/2821/2819
f 2823/2823/2821 2824/2824/2822 2825/2825/2823
f 2823/2823/2821 2826/2826/2824 2821/2821/2819
f 2827/2827/2825 2392/2392/2390 2390/2390/2388
f 2828/2828/2826 2825/2825/2823 2829/2829/2827
f 2826/2826/2824 2830/2830/2828 2831/2831/2829
f 2821/2821/2819 2831/2831/2829 2822/2822/2820
f 2831/2831/2829 2520/2520/2518 2519/2519/2517
f 2822/2822/2820 2519/2519/2517 2832/2832/2830
f 2832/2832/2830 2521/2521/2519 2809/2809/2807
f 2177/2177/2176 2809/2809/2807 2180/2180/2179
f 2832/2832/2830 2176/2176/2175 2822/2822/2820
f 2833/2833/2831 2834/2834/2832 2835/2835/2833
f 2836/2836/2834 2837/2837/2835 2838/2838/2836
f 2839/2839/2837 2833/2833/2831 2476/2476/2474
f 2837/2837/2835 2840/2840/2838 2841/2841/2839
f 2838/2838/2836 2841/2841/2839 2842/2842/2840
f 2843/2843/2841 2844/2844/2842 2845/2845/2843
f 2843/2843/2841 2846/2846/2844 2847/2847/2845
f 2845/2845/2843 2848/2848/2846 2534/2534/2532
f 2845/2845/2843 2533/2533/2531 2846/2846/2844
f 2849/2849/2847 2844/2844/2842 2850/2850/2848
f 2848/2848/2846 2463/2463/2461 2526/2526/2524
f 2534/2534/2532 2526/2526/2524 2525/2525/2523
f 2851/2851/2849 2850/2850/2848 2852/2852/2850
f 2849/2849/2847 2464/2464/2462 2463/2463/2461
f 2404/2404/2402 2852/2852/2850 2408/2408/2406
f 2851/2851/2849 2406/2406/2404 2464/2464/2462
f 2408/2408/2406 2853/2853/2851 2416/2416/2414
f 2852/2852/2850 2854/2854/2852 2853/2853/2851
f 2855/2855/2853 2856/2856/2854 2857/2857/2855
f 2858/2858/2856 2850/2850/2848 2844/2844/2842
f 2859/2859/2857 2839/2839/2837 2856/2856/2854
f 2860/2860/2858 2466/2466/2464 2108/2108/2107
f 2857/2857/2855 2861/2861/2859 2855/2855/2853
f 2857/2857/2855 2467/2467/2465 2466/2466/2464
f 2856/2856/2854 2476/2476/2474 2467/2467/2465
f 2476/2476/2474 2835/2835/2833 2477/2477/2475
f 2825/2825/2823 2862/2862/2860 2829/2829/2827
f 2824/2824/2822 2863/2863/2861 2862/2862/2860
f 2824/2824/2822 2864/2864/2862 2865/2865/2863
f 2865/2865/2863 2866/2866/2864 2867/2867/2865
f 2864/2864/2862 2390/2390/2388 2384/2384/2382
f 2866/2866/2864 2384/2384/2382 2386/2386/2384
f 2794/2794/2792 2799/2799/2797 2792/2792/2790
f 2806/2806/2804 2868/2868/2866 2869/2869/2867
f 2870/2870/2868 2869/2869/2867 2871/2871/2869
f 2806/2806/2804 2872/2872/2870 2807/2807/2805
f 2873/2873/2871 2874/2874/2872 2875/2875/2873
f 2876/2876/2874 2877/2877/2875 2878/2878/2876
f 2879/2879/2877 2875/2875/2873 2880/2880/2878
f 2873/2873/2871 2881/2881/2879 2877/2877/2875
f 2882/2882/2880 2880/2880/2878 2883/2883/2881
f 2879/2879/2877 2884/2884/2882 2881/2881/2879
f 2883/2883/2881 2885/2885/2883 2886/2886/2884
f 2887/2887/2885 2886/2886/2884 2888/2888/2886
f 2883/2883/2881 2889/2889/2887 2882/2882/2880
f 2890/2890/2888 2891/2891/2889 2892/2892/2890
f 2893/2893/2891 2868/2868/2866 2894/2894/2892
f 2895/2895/2893 2892/2892/2890 2896/2896/2894
f 2890/2890/2888 2869/2869/2867 2868/2868/2866
f 2897/2897/2895 2896/2896/2894 2898/2898/2896
f 2895/2895/2893 2871/2871/2869 2869/2869/2867
f 2899/2899/2897 2900/2900/2898 2901/2901/2899
f 2902/2902/2900 2875/2875/2873 2874/2874/2872
f 2885/2885/2883 2901/2901/2899 2903/2903/2901
f 2899/2899/2897 2880/2880/2878 2875/2875/2873
f 2903/2903/2901 2904/2904/2902 2905/2905/2903
f 2906/2906/2904 2905/2905/2903 2907/2907/2905
f 2903/2903/2901 2886/2886/2884 2885/2885/2883
f 2908/2908/2906 2907/2907/2905 2398/2398/2396
f 2906/2906/2904 2888/2888/2886 2886/2886/2884
f 2909/2909/2907 2910/2910/2908 2420/2420/2418
f 2911/2911/2909 2892/2892/2890 2891/2891/2889
f 2912/2912/2910 2420/2420/2418 2419/2419/2417
f 2909/2909/2907 2896/2896/2894 2892/2892/2890
f 2913/2913/2911 2419/2419/2417 2410/2410/2408
f 2912/2912/2910 2898/2898/2896 2896/2896/2894
f 2904/2904/2902 2403/2403/2401 2402/2402/2400
f 2914/2914/2912 2901/2901/2899 2900/2900/2898
f 2915/2915/2913 2904/2904/2902 2402/2402/2400
f 2907/2907/2905 2915/2915/2913 2399/2399/2397
f 2894/2894/2892 2802/2802/2800 2804/2804/2802
f 2769/2769/2767 2916/2916/2914 2917/2917/2915
f 2768/2768/2766 2918/2918/2916 2919/2919/2917
f 2764/2764/2762 2920/2920/2918 2443/2443/2441
f 2921/2921/2919 2139/2139/2138 2138/2138/2137
f 2145/2145/2144 2922/2922/2920 2140/2140/2139
f 2923/2923/2921 2145/2145/2144 2707/2707/2705
f 2759/2759/2757 2480/2480/2478 2479/2479/2477
f 2924/2924/2922 2524/2524/2522 2461/2461/2459
f 2461/2461/2459 2526/2526/2524 2463/2463/2461
f 2925/2925/2923 2133/2133/2132 2926/2926/2924
f 2927/2927/2925 2489/2489/2487 2928/2928/2926
f 2132/2132/2131 2513/2513/2511 2512/2512/2510
f 2928/2928/2926 2348/2348/2346 2929/2929/2927
f 2930/2930/2928 2469/2469/2467 2665/2665/2663
f 2931/2931/2929 2932/2932/2930 2933/2933/2931
f 2934/2934/2932 2248/2248/2247 2935/2935/2933
f 2936/2936/2934 2497/2497/2495 2937/2937/2935
f 2346/2346/2344 2938/2938/2936 2345/2345/2343
f 2237/2237/2236 2939/2939/2937 2940/2940/2938
f 2494/2494/2492 2331/2331/2329 2235/2235/2234
f 2941/2941/2939 2493/2493/2491 2942/2942/2940
f 2942/2942/2940 2492/2492/2490 2943/2943/2941
f 2492/2492/2490 2944/2944/2942 2945/2945/2943
f 2943/2943/2941 2945/2945/2943 2946/2946/2944
f 2494/2494/2492 2947/2947/2945 2944/2944/2942
f 2948/2948/2946 2949/2949/2947 2950/2950/2948
f 2949/2949/2947 2356/2356/2354 2355/2355/2353
f 2951/2951/2949 2952/2952/2950 2953/2953/2951
f 2951/2951/2949 2954/2954/2952 2356/2356/2354
f 2342/2342/2340 2952/2952/2950 2955/2955/2953
f 2954/2954/2952 2342/2342/2340 2336/2336/2334
f 2956/2956/2954 1366/1366/1365 1368/1368/1367
f 2957/2957/2955 1368/1368/1367 1372/1372/1371
f 2955/2955/2953 2341/2341/2339 2342/2342/2340
f 2958/2958/2956 1372/1372/1371 631/631/631
f 2959/2959/2957 2344/2344/2342 2341/2341/2339
f 2960/2960/2958 2958/2958/2956 631/631/631
f 2344/2344/2342 2247/2247/2246 2249/2249/2248
f 2961/2961/2959 1366/1366/1365 2962/2962/2960
f 1379/1379/1378 2961/2961/2959 2963/2963/2961
f 2964/2964/2962 2691/2691/2689 2936/2936/2934
f 2243/2243/2242 2965/2965/2963 2966/2966/2964
f 2491/2491/2489 2488/2488/2486 2965/2965/2963
f 2967/2967/2965 2267/2267/2266 2266/2266/2265
f 2968/2968/2966 2965/2965/2963 2488/2488/2486
f 2969/2969/2967 2970/2970/2968 2971/2971/2969
f 2972/2972/2970 2971/2971/2969 2973/2973/2971
f 2816/2816/2814 2972/2972/2970 2817/2817/2815
f 2974/2974/2972 2973/2973/2971 2975/2975/2973
f 2972/2972/2970 2976/2976/2974 2817/2817/2815
f 2977/2977/2975 2978/2978/2976 2979/2979/2977
f 2980/2980/2978 2981/2981/2979 2982/2982/2980
f 2485/2485/2483 2979/2979/2977 2983/2983/2981
f 2977/2977/2975 2984/2984/2982 2981/2981/2979
f 2983/2983/2981 2985/2985/2983 2986/2986/2984
f 2987/2987/2985 2986/2986/2984 2988/2988/2986
f 2983/2983/2981 2486/2486/2484 2485/2485/2483
f 2989/2989/2987 2990/2990/2988 2991/2991/2989
f 2992/2992/2990 2970/2970/2968 2993/2993/2991
f 2994/2994/2992 2991/2991/2989 2995/2995/2993
f 2989/2989/2987 2971/2971/2969 2970/2970/2968
f 2996/2996/2994 2995/2995/2993 2997/2997/2995
f 2971/2971/2969 2996/2996/2994 2973/2973/2971
f 2998/2998/2996 2997/2997/2995 2999/2999/2997
f 2996/2996/2994 2975/2975/2973 2973/2973/2971
f 2985/2985/2983 3000/3000/2998 3001/3001/2999
f 3002/3002/3000 2979/2979/2977 2978/2978/2976
f 3001/3001/2999 3003/3003/3001 3004/3004/3002
f 2258/2258/2257 3004/3004/3002 2256/2256/2255
f 3001/3001/2999 2986/2986/2984 2985/2985/2983
f 2999/2999/2997 2280/2280/2278 3005/3005/3003
f 2997/2997/2995 2275/2275/2273 2280/2280/2278
f 2995/2995/2993 2276/2276/2274 2275/2275/2273
f 2991/2991/2989 2278/2278/2276 2276/2276/2274
f 2988/2988/2986 2258/2258/2257 2257/2257/2256
f 2993/2993/2991 3006/3006/3004 3007/3007/3005
f 2489/2489/2487 2349/2349/2347 2348/2348/2346
f 2456/2456/2454 3008/3008/3006 2455/2455/2453
f 2422/2422/2420 2464/2464/2462 2406/2406/2404
f 678/678/677 3009/3009/3007 2287/2287/2285
f 1428/1428/1427 3010/3010/3008 1429/1429/1428
f 3011/3011/3009 3012/3012/3010 3013/3013/3011
f 3014/3014/3012 1434/1434/1433 3015/3015/3013
f 3016/3016/3014 3017/3017/3015 3018/3018/3016
f 3014/3014/3012 1439/1439/1438 3019/3019/3017
f 3020/3020/3018 3017/3017/3015 3021/3021/3019
f 3019/3019/3017 1443/1443/1442 3022/3022/3020
f 3020/3020/3018 3023/3023/3021 3024/3024/3022
f 3022/3022/3020 1446/1446/1445 3025/3025/3023
f 3024/3024/3022 3026/3026/3024 3027/3027/3025
f 3025/3025/3023 1450/1450/1449 3028/3028/3026
f 3026/3026/3024 2394/2394/2392 3027/3027/3025
f 3029/3029/3027 1450/1450/1449 3030/3030/3028
f 3031/3031/3029 2318/2318/2316 2394/2394/2392
f 1456/1456/1455 3032/3032/3030 3033/3033/3031
f 1459/1459/1458 3034/3034/3032 3032/3032/3030
f 1461/1461/1460 3035/3035/3033 3036/3036/3034
f 1461/1461/1460 3034/3034/3032 1463/1463/1462
f 1464/1464/1463 3037/3037/3035 3038/3038/3036
f 1466/1466/1465 3039/3039/3037 3037/3037/3035
f 3040/3040/3038 3041/3041/3039 3042/3042/3040
f 1472/1472/1471 3043/3043/3041 1473/1473/1472
f 3044/3044/3042 1475/1475/1474 3045/3045/3043
f 3046/3046/3044 3047/3047/3045 3048/3048/3046
f 3049/3049/3047 3050/3050/3048 3051/3051/3049
f 3038/3038/3036 612/612/612 1464/1464/1463
f 3052/3052/3050 3053/3053/3051 3054/3054/3052
f 2233/2233/2232 3054/3054/3052 2234/2234/2233
f 3055/3055/3053 1487/1487/1486 1489/1489/1488
f 3056/3056/3054 1489/1489/1488 609/609/609
f 3057/3057/3055 3058/3058/3056 3059/3059/3057
f 3057/3057/3055 3060/3060/3058 3061/3061/3059
f 3060/3060/3058 2317/2317/2315 3061/3061/3059
f 2441/2441/2439 2920/2920/2918 3062/3062/3060
f 2427/2427/2425 3063/3063/3061 2677/2677/2675
f 3064/3064/3062 2686/2686/2684 3065/3065/3063
f 3066/3066/3064 2421/2421/2419 3067/3067/3065
f 2420/2420/2418 3068/3068/3066 2418/2418/2416
f 2397/2397/2395 3069/3069/3067 2395/2395/2393
f 1503/1503/1502 2380/2380/2378 2388/2388/2386
f 1504/1504/1503 2381/2381/2379 2380/2380/2378
f 1505/1505/1504 2260/2260/2259 2381/2381/2379
f 2260/2260/2259 468/468/468 2074/2074/2073
f 2369/2369/2367 2752/2752/2750 3070/3070/3068
f 2371/2371/2369 3070/3070/3068 3071/3071/3069
f 2146/2146/2145 3072/3072/3070 2137/2137/2136
f 2816/2816/2814 2301/2301/2299 2350/2350/2348
f 2131/2131/2130 3073/3073/3071 2130/2130/2129
f 2249/2249/2248 2343/2343/2341 2344/2344/2342
f 3074/3074/3072 2498/2498/2496 3075/3075/3073
f 2354/2354/2352 2264/2264/2263 2267/2267/2266
f 2264/2264/2263 2323/2323/2321 2250/2250/2249
f 2340/2340/2338 2326/2326/2324 2327/2327/2325
f 3076/3076/3074 3074/3074/3072 2339/2339/2337
f 2652/2652/2650 2202/2202/2201 2201/2201/2200
f 2307/2307/2305 2308/2308/2306 2326/2326/2324
f 2187/2187/2186 2186/2186/2185 2184/2184/2183
f 3016/3016/3014 3077/3077/3075 3078/3078/3076
f 662/662/662 2281/2281/2279 2273/2273/2271
f 2243/2243/2242 3079/3079/3077 3080/3080/3078
f 2269/2269/2268 633/633/633 656/656/656
f 3081/3081/3079 2264/2264/2263 2250/2250/2249
f 2253/2253/2252 2074/2074/2073 2076/2076/2075
f 2601/2601/2599 3082/3082/3080 2627/2627/2625
f 2217/2217/2216 3083/3083/3081 3084/3084/3082
f 2199/2199/2198 2195/2195/2194 2194/2194/2193
f 2227/2227/2226 2224/2224/2223 2186/2186/2185
f 2149/2149/2148 3085/3085/3083 3083/3083/3081
f 2082/2082/2081 2078/2078/2077 2080/2080/2079
f 2356/2356/2354 3086/3086/3084 3087/3087/3085
f 3088/3088/3086 3089/3089/3087 3090/3090/3088
f 2867/2867/2865 2863/2863/2861 2865/2865/2863
f 2722/2722/2720 2717/2717/2715 2716/2716/2714
f 2527/2527/2525 3091/3091/3089 2525/2525/2523
f 2707/2707/2705 3092/3092/3090 2923/2923/2921
f 2350/2350/2348 2969/2969/2967 2816/2816/2814
f 3093/3093/3091 3094/3094/3092 2352/2352/2350
f 2094/2094/2093 1536/1536/1535 995/995/994
f 3095/3095/3093 2134/2134/2133 2135/2135/2134
f 2379/2379/2377 2259/2259/2258 2261/2261/2260
f 2282/2282/2280 3096/3096/3094 2283/2283/2281
f 2304/2304/2302 3097/3097/3095 3098/3098/3096
f 2338/2338/2336 2954/2954/2952 2336/2336/2334
f 2104/2104/2103 2394/2394/2392 3099/3099/3097
f 3027/3027/3025 2104/2104/2103 2103/2103/2102
f 3098/3098/3096 2305/2305/2303 2304/2304/2302
f 2093/2093/2092 3100/3100/3098 2094/2094/2093
f 2459/2459/2457 2482/2482/2480 2478/2478/2476
f 3101/3101/3099 2462/2462/2460 2422/2422/2420
f 2422/2422/2420 3066/3066/3064 3101/3101/3099
f 2781/2781/2779 2515/2515/2513 2517/2517/2515
f 3102/3102/3100 2882/2882/2880 2889/2889/2887
f 670/670/670 2433/2433/2431 3103/3103/3101
f 3080/3080/3078 2244/2244/2243 2243/2243/2242
f 2497/2497/2495 2496/2496/2494 2937/2937/2935
f 2691/2691/2689 2497/2497/2495 2936/2936/2934
f 2236/2236/2235 2691/2691/2689 2964/2964/2962
f 2964/2964/2962 2939/2939/2937 2236/2236/2235
f 2947/2947/2945 2237/2237/2236 2940/2940/2938
f 2951/2951/2949 2949/2949/2947 2948/2948/2946
f 2183/2183/2182 3104/3104/3102 2687/2687/2685
f 2356/2356/2354 3087/3087/3085 2357/2357/2355
f 2321/2321/2319 3105/3105/3103 3104/3104/3102
f 3106/3106/3104 3107/3107/3105 3108/3108/3106
f 3109/3109/3107 3106/3106/3104 3108/3108/3106
f 3110/3110/3108 3106/3106/3104 3109/3109/3107
f 3106/3106/3104 3111/3111/3109 3112/3112/3110
f 3113/3113/3111 3106/3106/3104 3110/3110/3108
f 3114/3114/3112 3115/3115/3113 3116/3116/3114
f 3115/3115/3113 3117/3117/3115 3118/3118/3116
f 3119/3119/3117 3120/3120/3118 3121/3121/3119
f 2327/2327/2325 3122/3122/3120 2340/2340/2338
f 2321/2321/2319 3104/3104/3102 2183/2183/2182
f 2494/2494/2492 2235/2235/2234 2237/2237/2236
f 2933/2933/2931 2335/2335/2333 2334/2334/2332
f 2332/2332/2330 2493/2493/2491 2941/2941/2939
f 2345/2345/2343 2235/2235/2234 2331/2331/2329
f 2236/2236/2235 2495/2495/2493 2691/2691/2689
f 3123/3123/3121 2459/2459/2457 2458/2458/2456
f 2469/2469/2467 2471/2471/2469 3124/3124/3122
f 2475/2475/2473 2474/2474/2472 2467/2467/2465
f 2696/2696/2694 2698/2698/2696 3125/3125/3123
f 2698/2698/2696 2694/2694/2692 2693/2693/2691
f 3126/3126/3124 3127/3127/3125 2502/2502/2500
f 2932/2932/2930 2695/2695/2693 2335/2335/2333
f 3128/3128/3126 3126/3126/3124 2215/2215/2214
f 3129/3129/3127 3130/3130/3128 2932/2932/2930
f 2500/2500/2498 3128/3128/3126 2215/2215/2214
f 3126/3126/3124 2216/2216/2215 2215/2215/2214
f 3131/3131/3129 2181/2181/2180 3132/3132/3130
f 3132/3132/3130 2181/2181/2180 2684/2684/2682
f 2451/2451/2449 2449/2449/2447 3131/3131/3129
f 3133/3133/3131 3134/3134/3132 3135/3135/3133
f 3136/3136/3134 3133/3133/3131 3135/3135/3133
f 3137/3137/3135 3138/3138/3136 3134/3134/3132
f 1581/1581/1580 3139/3139/3137 3140/3140/3138
f 1584/1584/1583 3141/3141/3139 3142/3142/3140
f 1581/1581/1580 3140/3140/3138 3143/3143/3141
f 2081/2081/2080 2295/2295/2293 2082/2082/2081
f 3144/3144/3142 3145/3145/3143 3146/3146/3144
f 3147/3147/3145 3145/3145/3143 3148/3148/3146
f 3149/3149/3147 3150/3150/3148 3147/3147/3145
f 3150/3150/3148 3151/3151/3149 3145/3145/3143
f 3152/3152/3150 3153/3153/3151 3089/3089/3087
f 3154/3154/3152 3145/3145/3143 3151/3151/3149
f 3142/3142/3140 3141/3141/3139 3155/3155/3153
f 3153/3153/3151 3156/3156/3154 3089/3089/3087
f 3157/3157/3155 3158/3158/3156 3153/3153/3151
f 3157/3157/3155 3153/3153/3151 3152/3152/3150
f 3012/3012/3010 3078/3078/3076 3077/3077/3075
f 1605/1605/1604 3159/3159/3157 1428/1428/1427
f 3016/3016/3014 3160/3160/3158 3161/3161/3159
f 3160/3160/3158 3078/3078/3076 3162/3162/3160
f 3011/3011/3009 3162/3162/3160 3078/3078/3076
f 2613/2613/2611 2288/2288/2286 2614/2614/2612
f 2634/2634/2632 2553/2553/2551 2639/2639/2637
f 2597/2597/2595 2601/2601/2599 2116/2116/2115
f 2605/2605/2603 2599/2599/2597 2603/2603/2601
f 2208/2208/2207 3163/3163/3161 2212/2212/2211
f 2212/2212/2211 3163/3163/3161 2560/2560/2558
f 2311/2311/2309 3164/3164/3162 2309/2309/2307
f 2202/2202/2201 3165/3165/3163 2200/2200/2199
f 3164/3164/3162 2202/2202/2201 2309/2309/2307
f 2203/2203/2202 3166/3166/3164 2447/2447/2445
f 2447/2447/2445 3166/3166/3164 2218/2218/2217
f 3167/3167/3165 3168/3168/3166 3169/3169/3167
f 3170/3170/3168 3171/3171/3169 3172/3172/3170
f 3168/3168/3166 3173/3173/3171 3174/3174/3172
f 3175/3175/3173 3176/3176/3174 3168/3168/3166
f 3177/3177/3175 3178/3178/3176 3167/3167/3165
f 3179/3179/3177 3180/3180/3178 3177/3177/3175
f 3181/3181/3179 3179/3179/3177 3182/3182/3180
f 3183/3183/3181 3180/3180/3178 3181/3181/3179
f 3178/3178/3176 3175/3175/3173 3167/3167/3165
f 3183/3183/3181 3175/3175/3173 3178/3178/3176
f 3167/3167/3165 3175/3175/3173 3168/3168/3166
f 3184/3184/3182 3185/3185/3183 3186/3186/3184
f 3187/3187/3185 3181/3181/3179 3182/3182/3180
f 3188/3188/3186 3189/3189/3187 3186/3186/3184
f 3189/3189/3187 3184/3184/3182 3186/3186/3184
f 3190/3190/3188 3191/3191/3189 3192/3192/3190
f 3172/3172/3170 3190/3190/3188 3192/3192/3190
f 3193/3193/3191 3188/3188/3186 3191/3191/3189
f 3194/3194/3192 3193/3193/3191 3190/3190/3188
f 3195/3195/3193 3190/3190/3188 3171/3171/3169
f 3171/3171/3169 3196/3196/3194 3195/3195/3193
f 3197/3197/3195 3189/3189/3187 3198/3198/3196
f 3193/3193/3191 3197/3197/3195 3198/3198/3196
f 3184/3184/3182 3199/3199/3197 3200/3200/3198
f 3189/3189/3187 3199/3199/3197 3184/3184/3182
f 3183/3183/3181 3201/3201/3199 3202/3202/3200
f 3203/3203/3201 3197/3197/3195 3194/3194/3192
f 3202/3202/3200 3176/3176/3174 3183/3183/3181
f 3195/3195/3193 3203/3203/3201 3194/3194/3192
f 3204/3204/3202 3200/3200/3198 3199/3199/3197
f 3197/3197/3195 3204/3204/3202 3199/3199/3197
f 3181/3181/3179 3187/3187/3185 3201/3201/3199
f 3196/3196/3194 3203/3203/3201 3195/3195/3193
f 2193/2193/2192 2157/2157/2156 2156/2156/2155
f 3205/3205/3203 3206/3206/3204 3207/3207/3205
f 3208/3208/3206 3209/3209/3207 3210/3210/3208
f 2155/2155/2154 2660/2660/2658 2659/2659/2657
f 3210/3210/3208 3211/3211/3209 2152/2152/2151
f 2660/2660/2658 2157/2157/2156 2195/2195/2194
f 3212/3212/3210 2191/2191/2190 3205/3205/3203
f 2101/2101/2100 3210/3210/3208 2152/2152/2151
f 3213/3213/3211 2635/2635/2633 3212/3212/3210
f 3208/3208/3206 3210/3210/3208 2101/2101/2100
f 3214/3214/3212 2206/2206/2205 3215/3215/3213
f 3215/3215/3213 2096/2096/2095 2228/2228/2227
f 2226/2226/2225 2098/2098/2097 2222/2222/2221
f 2228/2228/2227 2096/2096/2095 2226/2226/2225
f 2222/2222/2221 2499/2499/2497 2631/2631/2629
f 3216/3216/3214 2656/2656/2654 2655/2655/2653
f 3217/3217/3215 1667/1667/1666 3218/3218/3216
f 3219/3219/3217 1670/1670/1669 3220/3220/3218
f 3221/3221/3219 3222/3222/3220 3223/3223/3221
f 3224/3224/3222 3225/3225/3223 3221/3221/3219
f 3224/3224/3222 3223/3223/3221 3226/3226/3224
f 3223/3223/3221 3227/3227/3225 3228/3228/3226
f 3222/3222/3220 3229/3229/3227 3230/3230/3228
f 3231/3231/3229 2103/2103/2102 2102/2102/2101
f 3225/3225/3223 3232/3232/3230 3229/3229/3227
f 3233/3233/3231 1686/1686/1685 3234/3234/3232
f 3235/3235/3233 3219/3219/3217 3220/3220/3218
f 2419/2419/2417 2411/2411/2409 2410/2410/2408
f 3236/3236/3234 1691/1691/1690 3237/3237/3235
f 2103/2103/2102 3238/3238/3236 3239/3239/3237
f 3240/3240/3238 3241/3241/3239 3242/3242/3240
f 3231/3231/3229 3238/3238/3236 2103/2103/2102
f 3243/3243/3241 3217/3217/3215 3218/3218/3216
f 3244/3244/3242 3245/3245/3243 3246/3246/3244
f 3247/3247/3245 3248/3248/3246 3249/3249/3247
f 3250/3250/3248 3251/3251/3249 3252/3252/3250
f 3253/3253/3251 3248/3248/3246 3247/3247/3245
f 3254/3254/3252 3255/3255/3253 3256/3256/3254
f 3257/3257/3255 3254/3254/3252 3256/3256/3254
f 3254/3254/3252 3258/3258/3256 3259/3259/3257
f 3226/3226/3224 3223/3223/3221 3228/3228/3226
f 3253/3253/3251 3260/3260/3258 3248/3248/3246
f 3259/3259/3257 3258/3258/3256 3261/3261/3259
f 3262/3262/3260 3259/3259/3257 3261/3261/3259
f 3263/3263/3261 3256/3256/3254 3255/3255/3253
f 3264/3264/3262 3262/3262/3260 3265/3265/3263
f 3266/3266/3264 3243/3243/3241 3218/3218/3216
f 3144/3144/3142 3147/3147/3145 3148/3148/3146
f 3017/3017/3015 3020/3020/3018 3018/3018/3016
f 3042/3042/3040 1724/1724/1723 3267/3267/3265
f 3268/3268/3266 1725/1725/1724 3269/3269/3267
f 3270/3270/3268 3271/3271/3269 3272/3272/3270
f 3273/3273/3271 3269/3269/3267 3274/3274/3272
f 3275/3275/3273 3276/3276/3274 3044/3044/3042
f 3277/3277/3275 2415/2415/2413 2414/2414/2412
f 2107/2107/2106 3278/3278/3276 2105/2105/2104
f 3279/3279/3277 3280/3280/3278 3278/3278/3276
f 3281/3281/3279 3280/3280/3278 3282/3282/3280
f 3283/3283/3281 3284/3284/3282 3281/3281/3279
f 3285/3285/3283 3286/3286/3284 3283/3283/3281
f 3285/3285/3283 2083/2083/2082 3287/3287/3285
f 3287/3287/3285 3288/3288/3286 3286/3286/3284
f 3284/3284/3282 3289/3289/3287 3280/3280/3278
f 3278/3278/3276 3290/3290/3288 2105/2105/2104
f 3278/3278/3276 3280/3280/3278 3289/3289/3287
f 3277/3277/3275 2105/2105/2104 3290/3290/3288
f 3284/3284/3282 3286/3286/3284 3288/3288/3286
f 3291/3291/3289 3292/3292/3290 3293/3293/3291
f 3294/3294/3292 3295/3295/3293 3296/3296/3294
f 3295/3295/3293 3297/3297/3295 3298/3298/3296
f 2083/2083/2082 3299/3299/3297 3300/3300/3298
f 3287/3287/3285 2083/2083/2082 3300/3300/3298
f 3294/3294/3292 3301/3301/3299 3302/3302/3300
f 3294/3294/3292 3302/3302/3300 3297/3297/3295
f 3303/3303/3301 3304/3304/3302 3305/3305/3303
f 3303/3303/3301 3305/3305/3303 3301/3301/3299
f 2113/2113/2112 3306/3306/3304 3307/3307/3305
f 3308/3308/3306 3307/3307/3305 3309/3309/3307
f 2113/2113/2112 3307/3307/3305 3308/3308/3306
f 2112/2112/2111 3310/3310/3308 3311/3311/3309
f 3306/3306/3304 2112/2112/2111 3311/3311/3309
f 3312/3312/3310 3313/3313/3311 3314/3314/3312
f 3315/3315/3313 3314/3314/3312 3316/3316/3314
f 3317/3317/3315 3316/3316/3314 3318/3318/3316
f 3317/3317/3315 3319/3319/3317 3049/3049/3047
f 3320/3320/3318 3321/3321/3319 3313/3313/3311
f 3322/3322/3320 3323/3323/3321 3321/3321/3319
f 3321/3321/3319 3324/3324/3322 3325/3325/3323
f 3321/3321/3319 3326/3326/3324 3313/3313/3311
f 3314/3314/3312 3327/3327/3325 3316/3316/3314
f 3314/3314/3312 3313/3313/3311 3326/3326/3324
f 2233/2233/2232 3312/3312/3310 3052/3052/3050
f 3320/3320/3318 3328/3328/3326 3322/3322/3320
f 2233/2233/2232 3328/3328/3326 3320/3320/3318
f 3052/3052/3050 3317/3317/3315 3329/3329/3327
f 3052/3052/3050 3312/3312/3310 3315/3315/3313
f 3050/3050/3048 3048/3048/3046 3047/3047/3045
f 3318/3318/3316 3048/3048/3046 3319/3319/3317
f 3318/3318/3316 3316/3316/3314 3327/3327/3325
f 3329/3329/3327 3049/3049/3047 3051/3051/3049
f 3046/3046/3044 3330/3330/3328 3331/3331/3329
f 3330/3330/3328 2313/2313/2311 3332/3332/3330
f 3333/3333/3331 3334/3334/3332 3335/3335/3333
f 3336/3336/3334 3337/3337/3335 3338/3338/3336
f 3339/3339/3337 3336/3336/3334 3340/3340/3338
f 3341/3341/3339 3342/3342/3340 3343/3343/3341
f 3344/3344/3342 3341/3341/3339 3345/3345/3343
f 3346/3346/3344 3334/3334/3332 3347/3347/3345
f 3348/3348/3346 3349/3349/3347 3350/3350/3348
f 3349/3349/3347 3351/3351/3349 3352/3352/3350
f 3353/3353/3351 3354/3354/3352 3355/3355/3353
f 3356/3356/3354 3357/3357/3355 3354/3354/3352
f 3357/3357/3355 3358/3358/3356 3359/3359/3357
f 3344/3344/3342 3360/3360/3358 3361/3361/3359
f 3339/3339/3337 3362/3362/3360 3363/3363/3361
f 3363/3363/3361 3364/3364/3362 3337/3337/3335
f 3333/3333/3331 3365/3365/3363 3347/3347/3345
f 3365/3365/3363 3346/3346/3344 3347/3347/3345
f 2686/2686/2684 3366/3366/3364 3065/3065/3063
f 3367/3367/3365 3368/3368/3366 3369/3369/3367
f 3370/3370/3368 3371/3371/3369 3368/3368/3366
f 3372/3372/3370 3369/3369/3367 3373/3373/3371
f 3373/3373/3371 3369/3369/3367 3374/3374/3372
f 2473/2473/2471 3375/3375/3373 2472/2472/2470
f 2473/2473/2471 3372/3372/3370 3373/3373/3371
f 3376/3376/3374 3377/3377/3375 3378/3378/3376
f 3379/3379/3377 3380/3380/3378 3376/3376/3374
f 3381/3381/3379 3382/3382/3380 3383/3383/3381
f 3384/3384/3382 3385/3385/3383 3381/3381/3379
f 3386/3386/3384 3387/3387/3385 3379/3379/3377
f 3388/3388/3386 3389/3389/3387 3390/3390/3388
f 3391/3391/3389 3392/3392/3390 3389/3389/3387
f 2315/2315/2313 3393/3393/3391 2319/2319/2317
f 3394/3394/3392 3395/3395/3393 3396/3396/3394
f 3396/3396/3394 3397/3397/3395 3394/3394/3392
f 3398/3398/3396 3399/3399/3397 3397/3397/3395
f 3060/3060/3058 3400/3400/3398 2315/2315/2313
f 3401/3401/3399 3402/3402/3400 3403/3403/3401
f 3401/3401/3399 3404/3404/3402 3405/3405/3403
f 3406/3406/3404 3407/3407/3405 3402/3402/3400
f 3408/3408/3406 3409/3409/3407 3410/3410/3408
f 3402/3402/3400 3411/3411/3409 3403/3403/3401
f 3390/3390/3388 3412/3412/3410 3413/3413/3411
f 3397/3397/3395 3414/3414/3412 3394/3394/3392
f 3394/3394/3392 3415/3415/3413 3416/3416/3414
f 3389/3389/3387 3417/3417/3415 3412/3412/3410
f 3392/3392/3390 3418/3418/3416 3417/3417/3415
f 3419/3419/3417 3377/3377/3375 3380/3380/3378
f 3419/3419/3417 3387/3387/3385 3420/3420/3418
f 3421/3421/3419 3416/3416/3414 3415/3415/3413
f 3387/3387/3385 3422/3422/3420 3423/3423/3421
f 3420/3420/3418 3387/3387/3385 3423/3423/3421
f 3360/3360/3358 3342/3342/3340 3361/3361/3359
f 3397/3397/3395 3424/3424/3422 3425/3425/3423
f 3397/3397/3395 3425/3425/3423 3426/3426/3424
f 3427/3427/3425 3403/3403/3401 3411/3411/3409
f 3428/3428/3426 3429/3429/3427 3430/3430/3428
f 3373/3373/3371 3374/3374/3372 3431/3431/3429
f 3408/3408/3406 3410/3410/3408 3432/3432/3430
f 3433/3433/3431 3434/3434/3432 3435/3435/3433
f 3436/3436/3434 3437/3437/3435 3434/3434/3432
f 3438/3438/3436 3434/3434/3432 3437/3437/3435
f 3439/3439/3437 3435/3435/3433 3434/3434/3432
f 3437/3437/3435 3440/3440/3438 3438/3438/3436
f 3441/3441/3439 3437/3437/3435 3442/3442/3440
f 3443/3443/3441 3435/3435/3433 3444/3444/3442
f 3445/3445/3443 3435/3435/3433 3446/3446/3444
f 3409/3409/3407 3447/3447/3445 3448/3448/3446
f 3060/3060/3058 3449/3449/3447 3447/3447/3445
f 3060/3060/3058 3447/3447/3445 3409/3409/3407
f 3402/3402/3400 3450/3450/3448 3451/3451/3449
f 3452/3452/3450 2308/2308/2306 2306/2306/2304
f 3452/3452/3450 2296/2296/2294 2298/2298/2296
f 3348/3348/3346 3453/3453/3451 3454/3454/3452
f 3453/3453/3451 3351/3351/3349 3454/3454/3452
f 3455/3455/3453 3456/3456/3454 3453/3453/3451
f 3455/3455/3453 3457/3457/3455 3458/3458/3456
f 2686/2686/2684 2687/2687/2685 3459/3459/3457
f 3355/3355/3353 3460/3460/3458 3353/3353/3351
f 3351/3351/3349 3461/3461/3459 3352/3352/3350
f 3462/3462/3460 3463/3463/3461 3464/3464/3462
f 3462/3462/3460 3465/3465/3463 3466/3466/3464
f 3467/3467/3465 3465/3465/3463 3468/3468/3466
f 3467/3467/3465 3469/3469/3467 3470/3470/3468
f 3467/3467/3465 3471/3471/3469 3472/3472/3470
f 3473/3473/3471 3467/3467/3465 3468/3468/3466
f 3474/3474/3472 3468/3468/3466 3462/3462/3460
f 3474/3474/3472 3464/3464/3462 3475/3475/3473
f 3476/3476/3474 3477/3477/3475 3478/3478/3476
f 3479/3479/3477 3477/3477/3475 3476/3476/3474
f 3059/3059/3057 3479/3479/3477 3476/3476/3474
f 3449/3449/3447 3059/3059/3057 3476/3476/3474
f 3059/3059/3057 3480/3480/3478 3481/3481/3479
f 3059/3059/3057 3058/3058/3056 3480/3480/3478
f 3058/3058/3056 3482/3482/3480 3480/3480/3478
f 3483/3483/3481 3482/3482/3480 3058/3058/3056
f 3358/3358/3356 3484/3484/3482 3359/3359/3357
f 3485/3485/3483 3486/3486/3484 3487/3487/3485
f 3485/3485/3483 3488/3488/3486 3486/3486/3484
f 3107/3107/3105 3489/3489/3487 3490/3490/3488
f 3491/3491/3489 3489/3489/3487 3492/3492/3490
f 3356/3356/3354 3493/3493/3491 3491/3491/3489
f 3494/3494/3492 3492/3492/3490 3495/3495/3493
f 3494/3494/3492 3356/3356/3354 3491/3491/3489
f 3495/3495/3493 3107/3107/3105 3112/3112/3110
f 3495/3495/3493 3496/3496/3494 3494/3494/3492
f 3111/3111/3109 3495/3495/3493 3112/3112/3110
f 3358/3358/3356 3496/3496/3494 3484/3484/3482
f 3118/3118/3116 3116/3116/3114 3115/3115/3113
f 3497/3497/3495 3498/3498/3496 3488/3488/3486
f 3499/3499/3497 3118/3118/3116 3498/3498/3496
f 3488/3488/3486 3500/3500/3498 3486/3486/3484
f 3500/3500/3498 3118/3118/3116 3117/3117/3115
f 3501/3501/3499 3502/3502/3500 3121/3121/3119
f 3120/3120/3118 3117/3117/3115 3501/3501/3499
f 3503/3503/3501 3500/3500/3498 3117/3117/3115
f 3504/3504/3502 3486/3486/3484 3500/3500/3498
f 3460/3460/3458 3493/3493/3491 3353/3353/3351
f 3120/3120/3118 3501/3501/3499 3121/3121/3119
f 3505/3505/3503 2308/2308/2306 3506/3506/3504
f 3505/3505/3503 3122/3122/3120 2327/2327/2325
f 3105/3105/3103 3507/3507/3505 3104/3104/3102
f 3508/3508/3506 3456/3456/3454 3509/3509/3507
f 3510/3510/3508 3470/3470/3468 3469/3469/3467
f 3511/3511/3509 3470/3470/3468 3512/3512/3510
f 3513/3513/3511 3465/3465/3463 3511/3511/3509
f 3514/3514/3512 3515/3515/3513 3516/3516/3514
f 3517/3517/3515 3466/3466/3464 3513/3513/3511
f 3518/3518/3516 3515/3515/3513 3514/3514/3512
f 3518/3518/3516 3519/3519/3517 3515/3515/3513
f 2687/2687/2685 3520/3520/3518 3459/3459/3457
f 2339/2339/2337 3075/3075/3073 2326/2326/2324
f 3521/3521/3519 2324/2324/2322 2323/2323/2321
f 2353/2353/2351 3521/3521/3519 2323/2323/2321
f 2326/2326/2324 2351/2351/2349 2307/2307/2305
f 2954/2954/2952 3086/3086/3084 2356/2356/2354
f 3522/3522/3520 1986/1986/1985 3523/3523/3521
f 3523/3523/3521 1989/1989/1988 3524/3524/3522
f 3525/3525/3523 1992/1992/1991 3526/3526/3524
f 3527/3527/3525 1994/1994/1993 1992/1992/1991
f 3528/3528/3526 1994/1994/1993 3529/3529/3527
f 3528/3528/3526 1997/1997/1996 3530/3530/3528
f 3531/3531/3529 1989/1989/1988 2001/2001/2000
f 3532/3532/3530 2001/2001/2000 3533/3533/3531
f 3534/3534/3532 1997/1997/1996 3535/3535/3533
f 3525/3525/3523 2003/2003/2002 3536/3536/3534
f 3219/3219/3217 2005/2005/2004 3537/3537/3535
f 3538/3538/3536 2006/2006/2005 3539/3539/3537
f 3242/3242/3240 2009/2009/2008 3240/3240/3238
f 3540/3540/3538 2010/2010/2009 1686/1686/1685
f 3234/3234/3232 1686/1686/1685 2012/2012/2011
f 3250/3250/3248 2013/2013/2012 3541/3541/3539
f 3542/3542/3540 2014/2014/2013 1691/1691/1690
f 3237/3237/3235 1691/1691/1690 2016/2016/2015
f 3217/3217/3215 2017/2017/2016 3543/3543/3541
f 3544/3544/3542 2018/2018/2017 3545/3545/3543
f 1581/1581/1580 3143/3143/3141 2021/2021/2020
f 3141/3141/3139 1584/1584/1583 2022/2022/2021
f 3546/3546/3544 2023/2023/2022 3292/3292/3290
f 3546/3546/3544 2025/2025/2024 3547/3547/3545
f 3271/3271/3269 2026/2026/2025 3548/3548/3546
f 3549/3549/3547 2027/2027/2026 3550/3550/3548
f 3245/3245/3243 2030/2030/2029 3551/3551/3549
f 3552/3552/3550 2032/2032/2031 2030/2030/2029
f 3553/3553/3551 2033/2033/2032 3554/3554/3552
f 3555/3555/3553 2037/2037/2036 3556/3556/3554
f 3100/3100/3098 1536/1536/1535 2094/2094/2093
f 2040/2040/2039 3100/3100/3098 3098/3098/3096
f 3135/3135/3133 2041/2041/2040 3557/3557/3555
f 3134/3134/3132 2042/2042/2041 2041/2041/2040
f 3558/3558/3556 2043/2043/2042 3559/3559/3557
f 3276/3276/3274 2046/2046/2045 1475/1475/1474
f 3268/3268/3266 2047/2047/2046 3560/3560/3558
f 3561/3561/3559 2048/2048/2047 3562/3562/3560
f 3090/3090/3088 2051/2051/2050 3088/3088/3086
f 3097/3097/3095 2040/2040/2039 3098/3098/3096
f 3041/3041/3039 2053/2053/2052 1724/1724/1723
f 3271/3271/3269 2054/2054/2053 3272/3272/3270
f 3522/3522/3520 2056/2056/2055 3563/3563/3561
f 3564/3564/3562 1434/1434/1433 3565/3565/3563
f 2289/2289/2287 1022/1022/1021 3566/3566/3564
f 2289/2289/2287 2059/2059/2058 2286/2286/2284
f 3567/3567/3565 2060/2060/2059 3568/3568/3566
f 2354/2354/2352 2967/2967/2965 2352/2352/2350
f 3569/3569/3567 3091/3091/3089 2527/2527/2525
f 2917/2917/2915 2768/2768/2766 2769/2769/2767
f 2907/2907/2905 2399/2399/2397 2398/2398/2396
f 2417/2417/2415 3570/3570/3568 2413/2413/2411
f 3571/3571/3569 2396/2396/2394 2395/2395/2393
f 3006/3006/3004 2350/2350/2348 3007/3007/3005
f 3107/3107/3105 3490/3490/3488 3108/3108/3106
f 2328/2328/2326 2330/2330/2328 2346/2346/2344
f 3572/3572/3570 2512/2512/2510 2511/2511/2509
f 2132/2132/2131 2512/2512/2510 2127/2127/2126
f 3089/3089/3087 3088/3088/3086 3152/3152/3150
f 2188/2188/2187 2190/2190/2189 3206/3206/3204
f 2189/2189/2188 2196/2196/2195 2190/2190/2189
f 2208/2208/2207 2198/2198/2197 3573/3573/3571
f 2580/2580/2578 2648/2648/2646 2646/2646/2644
f 2115/2115/2114 2118/2118/2117 2117/2117/2116
f 2118/2118/2117 2203/2203/2202 2119/2119/2118
f 2615/2615/2613 2617/2617/2615 2071/2071/2070
f 2652/2652/2650 2201/2201/2200 2654/2654/2652
f 3574/3574/3572 3575/3575/3573 3576/3576/3574
f 3577/3577/3575 3578/3578/3576 3579/3579/3577
f 3580/3580/3578 3581/3581/3579 3582/3582/3580
f 3583/3583/3581 3584/3584/3582 3585/3585/3583
f 3586/3586/3584 3587/3587/3585 3588/3588/3586
f 3589/3589/3587 3590/3590/3588 3591/3591/3589
f 3592/3592/3590 3593/3593/3591 3594/3594/3592
f 3595/3595/3593 3594/3594/3592 3593/3593/3591
f 3596/3596/3594 3593/3593/3591 3597/3597/3595
f 3593/3593/3591 3598/3598/3596 3595/3595/3593
f 3599/3599/3597 3600/3600/3598 3601/3601/3599
f 3602/3602/3600 3603/3603/3601 3604/3604/3602
f 3603/3603/3601 3605/3605/3603 3604/3604/3602
f 3606/3606/3604 3607/3607/3605 3608/3608/3606
f 3609/3609/3607 3610/3610/3608 3607/3607/3605
f 3611/3611/3609 3607/3607/3605 3612/3612/3610
f 3613/3613/3611 3614/3614/3612 3615/3615/3613
f 3616/3616/3614 3609/3609/3607 3611/3611/3609
f 3617/3617/3615 3604/3604/3602 3605/3605/3603
f 3618/3618/3616 3619/3619/3617 3620/3620/3618
f 3585/3585/3583 3621/3621/3619 3583/3583/3581
f 3585/3585/3583 3576/3576/3574 3622/3622/3620
f 3623/3623/3621 3624/3624/3622 3625/3625/3623
f 3623/3623/3621 3626/3626/3624 3627/3627/3625
f 3623/3623/3621 3628/3628/3626 3629/3629/3627
f 3630/3630/3628 3631/3631/3629 3632/3632/3630
f 3622/3622/3620 3576/3576/3574 3633/3633/3631
f 3606/3606/3604 3608/3608/3606 3634/3634/3632
f 3635/3635/3633 3634/3634/3632 3608/3608/3606
f 3580/3580/3578 3582/3582/3580 3636/3636/3634
f 3637/3637/3635 3638/3638/3636 3639/3639/3637
f 3640/3640/3638 3641/3641/3639 3642/3642/3640
f 3640/3640/3638 3643/3643/3641 3644/3644/3642
f 3640/3640/3638 3635/3635/3633 3645/3645/3643
f 3646/3646/3644 3623/3623/3621 3627/3627/3625
f 3647/3647/3645 3648/3648/3646 3646/3646/3644
f 3646/3646/3644 3628/3628/3626 3623/3623/3621
f 3649/3649/3647 3650/3650/3648 3651/3651/3649
f 3652/3652/3650 3653/3653/3651 3654/3654/3652
f 3652/3652/3650 3595/3595/3593 3655/3655/3653
f 3652/3652/3650 3656/3656/3654 3657/3657/3655
f 3658/3658/3656 3659/3659/3657 3660/3660/3658
f 3661/3661/3659 3662/3662/3660 3663/3663/3661
f 3664/3664/3662 3665/3665/3663 3666/3666/3664
f 3665/3665/3663 3667/3667/3665 3666/3666/3664
f 3665/3665/3663 3668/3668/3666 3669/3669/3667
f 3665/3665/3663 3669/3669/3667 3670/3670/3668
f 3671/3671/3669 3670/3670/3668 3669/3669/3667
f 3669/3669/3667 3672/3672/3670 3671/3671/3669
f 3671/3671/3669 3673/3673/3671 3674/3674/3672
f 3675/3675/3673 3637/3637/3635 3639/3639/3637
f 3672/3672/3670 3676/3676/3674 3673/3673/3671
f 3677/3677/3675 3678/3678/3676 3679/3679/3677
f 3679/3679/3677 3680/3680/3678 3677/3677/3675
f 3680/3680/3678 3681/3681/3679 3677/3677/3675
f 3682/3682/3680 3624/3624/3622 3629/3629/3627
f 3682/3682/3680 3683/3683/3681 3681/3681/3679
f 3684/3684/3682 3629/3629/3627 3685/3685/3683
f 3685/3685/3683 3686/3686/3684 3684/3684/3682
f 3685/3685/3683 3651/3651/3649 3650/3650/3648
f 3650/3650/3648 3631/3631/3629 3685/3685/3683
f 3632/3632/3630 3687/3687/3685 3688/3688/3686
f 3641/3641/3639 3689/3689/3687 3690/3690/3688
f 3689/3689/3687 3691/3691/3689 3690/3690/3688
f 3692/3692/3690 3687/3687/3685 3693/3693/3691
f 3692/3692/3690 3693/3693/3691 3647/3647/3645
f 3694/3694/3692 3635/3635/3633 3642/3642/3640
f 3644/3644/3642 3695/3695/3693 3689/3689/3687
f 3689/3689/3687 3583/3583/3581 3621/3621/3619
f 3696/3696/3694 3684/3684/3682 3686/3686/3684
f 3697/3697/3695 3681/3681/3679 3683/3683/3681
f 3698/3698/3696 3677/3677/3675 3681/3681/3679
f 3674/3674/3672 3699/3699/3697 3587/3587/3585
f 3587/3587/3585 3671/3671/3669 3674/3674/3672
f 3636/3636/3634 3577/3577/3575 3700/3700/3698
f 3701/3701/3699 3587/3587/3585 3699/3699/3697
f 3700/3700/3698 3580/3580/3578 3636/3636/3634
f 3667/3667/3665 3588/3588/3586 3702/3702/3700
f 3659/3659/3657 3703/3703/3701 3704/3704/3702
f 3662/3662/3660 3659/3659/3657 3704/3704/3702
f 3705/3705/3703 3704/3704/3702 3578/3578/3576
f 3662/3662/3660 3582/3582/3580 3663/3663/3661
f 3578/3578/3576 3706/3706/3704 3579/3579/3577
f 3589/3589/3587 3661/3661/3659 3663/3663/3661
f 3588/3588/3586 3701/3701/3699 3702/3702/3700
f 3663/3663/3661 3590/3590/3588 3589/3589/3587
f 3707/3707/3705 3708/3708/3706 3590/3590/3588
f 3709/3709/3707 3710/3710/3708 3711/3711/3709
f 3712/3712/3710 3710/3710/3708 3709/3709/3707
f 3713/3713/3711 3714/3714/3712 3715/3715/3713
f 3714/3714/3712 3716/3716/3714 3715/3715/3713
f 3717/3717/3715 3715/3715/3713 3716/3716/3714
f 3716/3716/3714 3718/3718/3716 3717/3717/3715
f 3719/3719/3717 3717/3717/3715 3718/3718/3716
f 3718/3718/3716 3596/3596/3594 3719/3719/3717
f 3600/3600/3598 3719/3719/3717 3596/3596/3594
f 3596/3596/3594 3601/3601/3599 3600/3600/3598
f 3601/3601/3599 3613/3613/3611 3615/3615/3613
f 3597/3597/3595 3592/3592/3590 3613/3613/3611
f 3720/3720/3718 3721/3721/3719 3719/3719/3717
f 3721/3721/3719 3722/3722/3720 3717/3717/3715
f 3713/3713/3711 3722/3722/3720 3668/3668/3666
f 3668/3668/3666 3723/3723/3721 3669/3669/3667
f 3724/3724/3722 3725/3725/3723 3713/3713/3711
f 3724/3724/3722 3726/3726/3724 3727/3727/3725
f 3727/3727/3725 3728/3728/3726 3724/3724/3722
f 3729/3729/3727 3726/3726/3724 3724/3724/3722
f 3724/3724/3722 3668/3668/3666 3729/3729/3727
f 3730/3730/3728 3712/3712/3710 3709/3709/3707
f 3723/3723/3721 3731/3731/3729 3672/3672/3670
f 3731/3731/3729 3732/3732/3730 3676/3676/3674
f 3733/3733/3731 3624/3624/3622 3680/3680/3678
f 3603/3603/3601 3734/3734/3732 3624/3624/3622
f 3624/3624/3622 3734/3734/3732 3625/3625/3623
f 3732/3732/3730 3600/3600/3598 3599/3599/3597
f 3735/3735/3733 3598/3598/3596 3718/3718/3716
f 3619/3619/3617 3656/3656/3654 3655/3655/3653
f 3619/3619/3617 3595/3595/3593 3598/3598/3596
f 3619/3619/3617 3736/3736/3734 3620/3620/3618
f 3619/3619/3617 3618/3618/3616 3656/3656/3654
f 3737/3737/3735 3631/3631/3629 3630/3630/3628
f 3738/3738/3736 3686/3686/3684 3739/3739/3737
f 3696/3696/3694 3740/3740/3738 3712/3712/3710
f 3712/3712/3710 3683/3683/3681 3696/3696/3694
f 3638/3638/3636 3697/3697/3695 3730/3730/3728
f 3741/3741/3739 3582/3582/3580 3581/3581/3579
f 3582/3582/3580 3707/3707/3705 3663/3663/3661
f 3742/3742/3740 3735/3735/3733 3716/3716/3714
f 3743/3743/3741 3659/3659/3657 3661/3661/3659
f 3578/3578/3576 3703/3703/3701 3706/3706/3704
f 3705/3705/3703 3636/3636/3634 3582/3582/3580
f 3685/3685/3683 3628/3628/3626 3651/3651/3649
f 3667/3667/3665 3586/3586/3584 3588/3588/3586
f 3686/3686/3684 3737/3737/3735 3739/3739/3737
f 3744/3744/3742 3576/3576/3574 3575/3575/3573
f 3575/3575/3573 3745/3745/3743 3744/3744/3742
f 3746/3746/3744 3747/3747/3745 3745/3745/3743
f 3746/3746/3744 3748/3748/3746 3749/3749/3747
f 3749/3749/3747 3750/3750/3748 3746/3746/3744
f 3749/3749/3747 3584/3584/3582 3751/3751/3749
f 3751/3751/3749 3752/3752/3750 3749/3749/3747
f 3584/3584/3582 3643/3643/3641 3751/3751/3749
f 3751/3751/3749 3645/3645/3643 3610/3610/3608
f 3750/3750/3748 3753/3753/3751 3747/3747/3745
f 3754/3754/3752 3592/3592/3590 3594/3594/3592
f 3594/3594/3592 3653/3653/3651 3754/3754/3752
f 3753/3753/3751 3616/3616/3614 3755/3755/3753
f 3752/3752/3750 3756/3756/3754 3750/3750/3748
f 3628/3628/3626 3649/3649/3647 3651/3651/3649
f 3649/3649/3647 3693/3693/3691 3687/3687/3685
f 3635/3635/3633 3608/3608/3606 3607/3607/3605
f 3607/3607/3605 3645/3645/3643 3635/3635/3633
f 3584/3584/3582 3574/3574/3572 3585/3585/3583
f 3590/3590/3588 3708/3708/3706 3591/3591/3589
f 3704/3704/3702 3705/3705/3703 3662/3662/3660
f 3662/3662/3660 3705/3705/3703 3582/3582/3580
f 3647/3647/3645 3646/3646/3644 3627/3627/3625
f 3757/3757/3755 3617/3617/3615 3605/3605/3603
f 3642/3642/3640 3641/3641/3639 3694/3694/3692
f 3621/3621/3619 3622/3622/3620 3691/3691/3689
f 3625/3625/3623 3734/3734/3732 3626/3626/3624
f 3758/3758/3756 3759/3759/3757 3760/3760/3758
f 3761/3761/3759 3762/3762/3760 3763/3763/3761
f 3764/3764/3762 3765/3765/3763 3766/3766/3764
f 3767/3767/3765 3768/3768/3766 3769/3769/3767
f 3770/3770/3768 3771/3771/3769 3772/3772/3770
f 3773/3773/3771 3774/3774/3772 3775/3775/3773
f 3776/3776/3774 3777/3777/3775 3778/3778/3776
f 3779/3779/3777 3780/3780/3778 3777/3777/3775
f 3781/3781/3779 3777/3777/3775 3782/3782/3780
f 3777/3777/3775 3780/3780/3778 3782/3782/3780
f 3783/3783/3781 3784/3784/3782 3785/3785/3783
f 3786/3786/3784 3787/3787/3785 3788/3788/3786
f 3788/3788/3786 3787/3787/3785 3789/3789/3787
f 3790/3790/3788 3791/3791/3789 3792/3792/3790
f 3793/3793/3791 3794/3794/3792 3790/3790/3788
f 3790/3790/3788 3795/3795/3793 3796/3796/3794
f 3797/3797/3795 3798/3798/3796 3776/3776/3774
f 3799/3799/3797 3794/3794/3792 3800/3800/3798
f 3801/3801/3799 3789/3789/3787 3787/3787/3785
f 3802/3802/3800 3803/3803/3801 3804/3804/3802
f 3805/3805/3803 3769/3769/3767 3768/3768/3766
f 3769/3769/3767 3806/3806/3804 3758/3758/3756
f 3807/3807/3805 3808/3808/3806 3809/3809/3807
f 3807/3807/3805 3810/3810/3808 3811/3811/3809
f 3807/3807/3805 3809/3809/3807 3812/3812/3810
f 3813/3813/3811 3814/3814/3812 3815/3815/3813
f 3816/3816/3814 3817/3817/3815 3806/3806/3804
f 3791/3791/3789 3818/3818/3816 3792/3792/3790
f 3818/3818/3816 3819/3819/3817 3792/3792/3790
f 3764/3764/3762 3820/3820/3818 3765/3765/3763
f 3821/3821/3819 3822/3822/3820 3823/3823/3821
f 3824/3824/3822 3825/3825/3823 3826/3826/3824
f 3824/3824/3822 3827/3827/3825 3828/3828/3826
f 3824/3824/3822 3819/3819/3817 3829/3829/3827
f 3830/3830/3828 3831/3831/3829 3807/3807/3805
f 3832/3832/3830 3833/3833/3831 3830/3830/3828
f 3830/3830/3828 3812/3812/3810 3832/3832/3830
f 3834/3834/3832 3835/3835/3833 3836/3836/3834
f 3837/3837/3835 3838/3838/3836 3839/3839/3837
f 3837/3837/3835 3780/3780/3778 3840/3840/3838
f 3837/3837/3835 3841/3841/3839 3842/3842/3840
f 3843/3843/3841 3844/3844/3842 3845/3845/3843
f 3846/3846/3844 3847/3847/3845 3848/3848/3846
f 3849/3849/3847 3850/3850/3848 3851/3851/3849
f 3850/3850/3848 3852/3852/3850 3853/3853/3851
f 3850/3850/3848 3854/3854/3852 3851/3851/3849
f 3850/3850/3848 3853/3853/3851 3855/3855/3853
f 3853/3853/3851 3856/3856/3854 3855/3855/3853
f 3855/3855/3853 3857/3857/3855 3858/3858/3856
f 3859/3859/3857 3856/3856/3854 3860/3860/3858
f 3821/3821/3819 3861/3861/3859 3862/3862/3860
f 3863/3863/3861 3857/3857/3855 3859/3859/3857
f 3864/3864/3862 3865/3865/3863 3866/3866/3864
f 3867/3867/3865 3866/3866/3864 3865/3865/3863
f 3867/3867/3865 3868/3868/3866 3869/3869/3867
f 3869/3869/3867 3808/3808/3806 3867/3867/3865
f 3869/3869/3867 3870/3870/3868 3871/3871/3869
f 3871/3871/3869 3809/3809/3807 3869/3869/3867
f 3872/3872/3870 3873/3873/3871 3815/3815/3813
f 3872/3872/3870 3835/3835/3833 3874/3874/3872
f 3815/3815/3813 3835/3835/3833 3872/3872/3870
f 3814/3814/3812 3836/3836/3834 3835/3835/3833
f 3875/3875/3873 3825/3825/3823 3876/3876/3874
f 3877/3877/3875 3875/3875/3873 3876/3876/3874
f 3878/3878/3876 3836/3836/3834 3879/3879/3877
f 3878/3878/3876 3833/3833/3831 3880/3880/3878
f 3819/3819/3817 3881/3881/3879 3829/3829/3827
f 3882/3882/3880 3826/3826/3824 3875/3875/3873
f 3875/3875/3873 3768/3768/3766 3882/3882/3880
f 3871/3871/3869 3883/3883/3881 3873/3873/3871
f 3868/3868/3866 3884/3884/3882 3870/3870/3868
f 3865/3865/3863 3823/3823/3821 3868/3868/3866
f 3860/3860/3858 3772/3772/3770 3885/3885/3883
f 3856/3856/3854 3772/3772/3770 3860/3860/3858
f 3761/3761/3759 3820/3820/3818 3886/3886/3884
f 3772/3772/3770 3887/3887/3885 3885/3885/3883
f 3886/3886/3884 3764/3764/3762 3888/3888/3886
f 3852/3852/3850 3889/3889/3887 3771/3771/3769
f 3845/3845/3843 3890/3890/3888 3843/3843/3841
f 3845/3845/3843 3848/3848/3846 3891/3891/3889
f 3763/3763/3761 3762/3762/3760 3891/3891/3889
f 3848/3848/3846 3847/3847/3845 3765/3765/3763
f 3762/3762/3760 3892/3892/3890 3893/3893/3891
f 3846/3846/3844 3773/3773/3771 3847/3847/3845
f 3771/3771/3769 3889/3889/3887 3887/3887/3885
f 3847/3847/3845 3775/3775/3773 3894/3894/3892
f 3895/3895/3893 3894/3894/3892 3775/3775/3773
f 3896/3896/3894 3897/3897/3895 3898/3898/3896
f 3898/3898/3896 3899/3899/3897 3896/3896/3894
f 3900/3900/3898 3901/3901/3899 3902/3902/3900
f 3903/3903/3901 3901/3901/3899 3904/3904/3902
f 3904/3904/3902 3905/3905/3903 3903/3903/3901
f 3906/3906/3904 3903/3903/3901 3905/3905/3903
f 3905/3905/3903 3907/3907/3905 3906/3906/3904
f 3781/3781/3779 3906/3906/3904 3907/3907/3905
f 3907/3907/3905 3785/3785/3783 3781/3781/3779
f 3781/3781/3779 3784/3784/3782 3778/3778/3776
f 3784/3784/3782 3797/3797/3795 3778/3778/3776
f 3778/3778/3776 3797/3797/3795 3776/3776/3774
f 3908/3908/3906 3909/3909/3907 3910/3910/3908
f 3909/3909/3907 3911/3911/3909 3858/3858/3856
f 3911/3911/3909 3900/3900/3898 3854/3854/3852
f 3854/3854/3852 3858/3858/3856 3911/3911/3909
f 3902/3902/3900 3912/3912/3910 3900/3900/3898
f 3912/3912/3910 3913/3913/3911 3914/3914/3912
f 3915/3915/3913 3913/3913/3911 3912/3912/3910
f 3914/3914/3912 3851/3851/3849 3912/3912/3910
f 3912/3912/3910 3854/3854/3852 3900/3900/3898
f 3899/3899/3897 3916/3916/3914 3896/3896/3894
f 3858/3858/3856 3910/3910/3908 3909/3909/3907
f 3910/3910/3908 3917/3917/3915 3908/3908/3906
f 3918/3918/3916 3808/3808/3806 3788/3788/3786
f 3919/3919/3917 3788/3788/3786 3808/3808/3806
f 3808/3808/3806 3811/3811/3809 3919/3919/3917
f 3917/3917/3915 3785/3785/3783 3908/3908/3906
f 3782/3782/3780 3920/3920/3918 3906/3906/3904
f 3804/3804/3802 3842/3842/3840 3841/3841/3839
f 3804/3804/3802 3780/3780/3778 3842/3842/3840
f 3804/3804/3802 3921/3921/3919 3920/3920/3918
f 3804/3804/3802 3841/3841/3839 3802/3802/3800
f 3922/3922/3920 3813/3813/3811 3815/3815/3813
f 3873/3873/3871 3923/3923/3921 3924/3924/3922
f 3883/3883/3881 3925/3925/3923 3923/3923/3921
f 3899/3899/3897 3870/3870/3868 3884/3884/3882
f 3884/3884/3882 3822/3822/3820 3916/3916/3914
f 3765/3765/3763 3926/3926/3924 3766/3766/3764
f 3765/3765/3763 3847/3847/3845 3894/3894/3892
f 3927/3927/3925 3920/3920/3918 3921/3921/3919
f 3928/3928/3926 3845/3845/3843 3844/3844/3842
f 3762/3762/3760 3890/3890/3888 3891/3891/3889
f 3763/3763/3761 3765/3765/3763 3820/3820/3818
f 3872/3872/3870 3812/3812/3810 3809/3809/3807
f 3852/3852/3850 3770/3770/3768 3853/3853/3851
f 3922/3922/3920 3873/3873/3871 3924/3924/3922
f 3929/3929/3927 3806/3806/3804 3817/3817/3815
f 3930/3930/3928 3759/3759/3757 3929/3929/3927
f 3931/3931/3929 3932/3932/3930 3933/3933/3931
f 3931/3931/3929 3760/3760/3758 3759/3759/3757
f 3933/3933/3931 3934/3934/3932 3931/3931/3929
f 3934/3934/3932 3767/3767/3765 3760/3760/3758
f 3935/3935/3933 3936/3936/3934 3934/3934/3932
f 3827/3827/3825 3767/3767/3765 3936/3936/3934
f 3936/3936/3934 3828/3828/3826 3827/3827/3825
f 3937/3937/3935 3933/3933/3931 3932/3932/3930
f 3938/3938/3936 3776/3776/3774 3798/3798/3796
f 3838/3838/3836 3779/3779/3777 3938/3938/3936
f 3937/3937/3935 3799/3799/3797 3800/3800/3798
f 3800/3800/3798 3935/3935/3933 3933/3933/3931
f 3834/3834/3832 3812/3812/3810 3874/3874/3872
f 3880/3880/3878 3834/3834/3832 3836/3836/3834
f 3819/3819/3817 3790/3790/3788 3792/3792/3790
f 3828/3828/3826 3790/3790/3788 3819/3819/3817
f 3767/3767/3765 3758/3758/3756 3760/3760/3758
f 3775/3775/3773 3774/3774/3772 3895/3895/3893
f 3891/3891/3889 3848/3848/3846 3763/3763/3761
f 3848/3848/3846 3765/3765/3763 3763/3763/3761
f 3833/3833/3831 3831/3831/3829 3830/3830/3828
f 3939/3939/3937 3789/3789/3787 3801/3801/3799
f 3829/3829/3827 3881/3881/3879 3825/3825/3823
f 3805/3805/3803 3877/3877/3875 3816/3816/3814
f 3811/3811/3809 3810/3810/3808 3919/3919/3917
f 3940/3940/3938 3941/3941/3939 3942/3942/3940
f 3943/3943/3941 3944/3944/3942 3945/3945/3943
f 3946/3946/3944 3947/3947/3945 3948/3948/3946
f 3949/3949/3947 3950/3950/3948 3951/3951/3949
f 3952/3952/3950 3953/3953/3951 3954/3954/3952
f 3955/3955/3953 3950/3950/3948 3956/3956/3954
f 3957/3957/3955 3956/3956/3954 3958/3958/3956
f 3959/3959/3957 3960/3960/3958 3961/3961/3959
f 3962/3962/3960 3963/3963/3961 3964/3964/3962
f 3941/3941/3939 3965/3965/3963 3966/3966/3964
f 3967/3967/3965 3968/3968/3966 3969/3969/3967
f 3970/3970/3968 3971/3971/3969 3972/3972/3970
f 3973/3973/3971 3971/3971/3969 3967/3967/3965
f 3974/3974/3972 3975/3975/3973 3976/3976/3974
f 3975/3975/3973 3977/3977/3975 3976/3976/3974
f 3978/3978/3976 3975/3975/3973 3979/3979/3977
f 3967/3967/3965 3970/3970/3968 3968/3968/3966
f 3980/3980/3978 3981/3981/3979 3960/3960/3958
f 3982/3982/3980 3983/3983/3981 3984/3984/3982
f 3976/3976/3974 3985/3985/3983 3974/3974/3972
f 3986/3986/3984 3987/3987/3985 3983/3983/3981
f 3971/3971/3969 3988/3988/3986 3972/3972/3970
f 3989/3989/3987 3990/3990/3988 3991/3991/3989
f 3992/3992/3990 3993/3993/3991 3994/3994/3992
f 3994/3994/3992 3995/3995/3993 3996/3996/3994
f 3997/3997/3995 3998/3998/3996 3999/3999/3997
f 3997/3997/3995 3992/3992/3990 3994/3994/3992
f 4000/4000/3998 4001/4001/3999 4002/4002/4000
f 4003/4003/4001 4004/4004/4002 4005/4005/4003
f 4006/4006/4004 4007/4007/4005 4008/4008/4006
f 4009/4009/4007 3963/3963/3961 4006/4006/4004
f 4010/4010/4008 4011/4011/4009 4012/4012/4010
f 4013/4013/4011 4014/4014/4012 4015/4015/4013
f 4016/4016/4014 4017/4017/4015 4013/4013/4011
f 4015/4015/4013 4016/4016/4014 4013/4013/4011
f 4018/4018/4016 4019/4019/4017 4020/4020/4018
f 3984/3984/3982 4021/4021/4019 4022/4022/4020
f 4023/4023/4021 4024/4024/4022 4025/4025/4023
f 4026/4026/4024 4027/4027/4025 4028/4028/4026
f 4029/4029/4027 4030/4030/4028 4001/4001/3999
f 4031/4031/4029 4026/4026/4024 4032/4032/4030
f 4033/4033/4031 4011/4011/4009 4010/4010/4008
f 4034/4034/4032 4033/4033/4031 4010/4010/4008
f 4035/4035/4033 4036/4036/4034 4037/4037/4035
f 4038/4038/4036 4039/4039/4037 4035/4035/4033
f 4040/4040/4038 4036/4036/4034 4041/4041/4039
f 4040/4040/4038 4042/4042/4040 4043/4043/4041
f 4044/4044/4042 4045/4045/4043 4046/4046/4044
f 4024/4024/4022 4047/4047/4045 4044/4044/4042
f 4044/4044/4042 4048/4048/4046 4024/4024/4022
f 4049/4049/4047 4050/4050/4048 4051/4051/4049
f 4028/4028/4026 4050/4050/4048 4049/4049/4047
f 3951/3951/3949 4052/4052/4050 4053/4053/4051
f 3955/3955/3953 4054/4054/4052 3951/3951/3949
f 4055/4055/4053 4056/4056/4054 4047/4047/4045
f 4057/4057/4055 4005/4005/4003 4058/4058/4056
f 3945/3945/3943 4059/4059/4057 4060/4060/4058
f 4057/4057/4055 4061/4061/4059 4005/4005/4003
f 3965/3965/3963 3941/3941/3939 4062/4062/4060
f 4005/4005/4003 4061/4061/4059 4063/4063/4061
f 4064/4064/4062 4065/4065/4063 4066/4066/4064
f 4005/4005/4003 4063/4063/4061 4003/4003/4001
f 4067/4067/4065 3964/3964/3962 4009/4009/4007
f 4068/4068/4066 4069/4069/4067 4070/4070/4068
f 4070/4070/4068 4071/4071/4069 4068/4068/4066
f 4056/4056/4054 4045/4045/4043 4047/4047/4045
f 4072/4072/4070 4073/4073/4071 4045/4045/4043
f 4073/4073/4071 4046/4046/4044 4045/4045/4043
f 4074/4074/4072 4046/4046/4044 4075/4075/4073
f 4075/4075/4073 4076/4076/4074 4074/4074/4072
f 4076/4076/4074 4077/4077/4075 4074/4074/4072
f 4022/4022/4020 4078/4078/4076 4079/4079/4077
f 4080/4080/4078 4081/4081/4079 4082/4082/4080
f 4083/4083/4081 4079/4079/4077 4078/4078/4076
f 4080/4080/4078 4084/4084/4082 4085/4085/4083
f 4085/4085/4083 4086/4086/4084 4087/4087/4085
f 4086/4086/4084 4019/4019/4017 4088/4088/4086
f 4088/4088/4086 4089/4089/4087 4090/4090/4088
f 4088/4088/4086 4090/4090/4088 4011/4011/4009
f 4090/4090/4088 4091/4091/4089 4092/4092/4090
f 4092/4092/4090 4011/4011/4009 4090/4090/4088
f 4092/4092/4090 4093/4093/4091 4094/4094/4092
f 4092/4092/4090 4094/4094/4092 4012/4012/4010
f 4089/4089/4087 4095/4095/4093 4091/4091/4089
f 4096/4096/4094 4097/4097/4095 4098/4098/4096
f 4099/4099/4097 4100/4100/4098 4101/4101/4099
f 4101/4101/4099 4102/4102/4100 4099/4099/4097
f 4099/4099/4097 4103/4103/4101 4097/4097/4095
f 4102/4102/4100 4104/4104/4102 4105/4105/4103
f 4102/4102/4100 4105/4105/4103 4103/4103/4101
f 4104/4104/4102 4106/4106/4104 4105/4105/4103
f 4039/4039/4037 4107/4107/4105 4041/4041/4039
f 4041/4041/4039 4036/4036/4034 4039/4039/4037
f 4108/4108/4106 4101/4101/4099 4109/4109/4107
f 4110/4110/4108 4101/4101/4099 4100/4100/4098
f 4108/4108/4106 4104/4104/4102 4111/4111/4109
f 4087/4087/4085 4112/4112/4110 4113/4113/4111
f 4112/4112/4110 4114/4114/4112 4113/4113/4111
f 4112/4112/4110 4088/4088/4086 4033/4033/4031
f 4033/4033/4031 4115/4115/4113 4112/4112/4110
f 4115/4115/4113 4116/4116/4114 4114/4114/4112
f 4117/4117/4115 4118/4118/4116 4119/4119/4117
f 4120/4120/4118 4121/4121/4119 4122/4122/4120
f 4119/4119/4117 4123/4123/4121 4124/4124/4122
f 4125/4125/4123 4042/4042/4040 4126/4126/4124
f 4123/4123/4121 4118/4118/4116 4034/4034/4032
f 4037/4037/4035 4043/4043/4041 4125/4125/4123
f 4121/4121/4119 4127/4127/4125 4128/4128/4126
f 4128/4128/4126 4122/4122/4120 4121/4121/4119
f 4121/4121/4119 4129/4129/4127 4130/4130/4128
f 4128/4128/4126 4131/4131/4129 4132/4132/4130
f 4133/4133/4131 4116/4116/4114 4134/4134/4132
f 4135/4135/4133 4114/4114/4112 4133/4133/4131
f 4136/4136/4134 4113/4113/4111 4135/4135/4133
f 4081/4081/4079 4087/4087/4085 4136/4136/4134
f 4136/4136/4134 4137/4137/4135 4081/4081/4079
f 4081/4081/4079 4138/4138/4136 4082/4082/4080
f 4083/4083/4081 4139/4139/4137 4077/4077/4075
f 4139/4139/4137 4074/4074/4072 4077/4077/4075
f 4139/4139/4137 4140/4140/4138 4141/4141/4139
f 4139/4139/4137 4024/4024/4022 4048/4048/4046
f 4140/4140/4138 4142/4142/4140 4141/4141/4139
f 4141/4141/4139 4025/4025/4023 4024/4024/4022
f 4143/4143/4141 4144/4144/4142 4140/4140/4138
f 4140/4140/4138 4145/4145/4143 4143/4143/4141
f 4138/4138/4136 3993/3993/3991 4146/4146/4144
f 4137/4137/4135 4147/4147/4145 3993/3993/3991
f 4148/4148/4146 4135/4135/4133 4149/4149/4147
f 4149/4149/4147 4150/4150/4148 3995/3995/3993
f 4149/4149/4147 4147/4147/4145 4148/4148/4146
f 4151/4151/4149 4135/4135/4133 4133/4133/4131
f 4133/4133/4131 4152/4152/4150 4151/4151/4149
f 4153/4153/4151 4151/4151/4149 4152/4152/4150
f 4154/4154/4152 4155/4155/4153 4156/4156/4154
f 4157/4157/4155 4156/4156/4154 4155/4155/4153
f 4155/4155/4153 4127/4127/4125 4157/4157/4155
f 4157/4157/4155 4158/4158/4156 4159/4159/4157
f 4160/4160/4158 4159/4159/4157 4158/4158/4156
f 4160/4160/4158 4161/4161/4159 3973/3973/3971
f 3973/3973/3971 4162/4162/4160 4160/4160/4158
f 4163/4163/4161 4073/4073/4071 4164/4164/4162
f 4162/4162/4160 4165/4165/4163 4160/4160/4158
f 4166/4166/4164 3978/3978/3976 3979/3979/3977
f 4166/4166/4164 4167/4167/4165 4168/4168/4166
f 4169/4169/4167 4168/4168/4166 4167/4167/4165
f 3979/3979/3977 4170/4170/4168 4167/4167/4165
f 4167/4167/4165 3982/3982/3980 4169/4169/4167
f 4022/4022/4020 4076/4076/4074 4169/4169/4167
f 4169/4169/4167 3984/3984/3982 4022/4022/4020
f 4171/4171/4169 4172/4172/4170 4165/4165/4163
f 4165/4165/4163 4173/4173/4171 4159/4159/4157
f 4174/4174/4172 4159/4159/4157 4173/4173/4171
f 4173/4173/4171 4054/4054/4052 4174/4174/4172
f 4174/4174/4172 4175/4175/4173 4156/4156/4154
f 4172/4172/4170 4052/4052/4050 4173/4173/4171
f 4168/4168/4166 4073/4073/4071 4166/4166/4164
f 4158/4158/4156 4130/4130/4128 4161/4161/4159
f 4156/4156/4154 4176/4176/4174 4154/4154/4152
f 4177/4177/4175 4150/4150/4148 4153/4153/4151
f 4178/4178/4176 4179/4179/4177 4180/4180/4178
f 4178/4178/4176 4181/4181/4179 3996/3996/3994
f 3996/3996/3994 4150/4150/4148 4178/4178/4176
f 4180/4180/4178 4182/4182/4180 4181/4181/4179
f 4181/4181/4179 3998/3998/3996 3997/3997/3995
f 4181/4181/4179 3994/3994/3992 3996/3996/3994
f 4183/4183/4181 4184/4184/4182 4185/4185/4183
f 4185/4185/4183 4026/4026/4024 4186/4186/4184
f 4187/4187/4185 4188/4188/4186 4027/4027/4025
f 4184/4184/4182 4027/4027/4025 4026/4026/4024
f 4027/4027/4025 4189/4189/4187 4190/4190/4188
f 4191/4191/4189 4192/4192/4190 4007/4007/4005
f 4007/4007/4005 3962/3962/3960 4191/4191/4189
f 4193/4193/4191 4027/4027/4025 4190/4190/4188
f 4194/4194/4192 4195/4195/4193 4192/4192/4190
f 4192/4192/4190 4008/4008/4006 4007/4007/4005
f 4191/4191/4189 4194/4194/4192 4192/4192/4190
f 4196/4196/4194 4197/4197/4195 4194/4194/4192
f 4194/4194/4192 3953/3953/3951 4196/4196/4194
f 3993/3993/3991 4147/4147/4145 3994/3994/3992
f 4176/4176/4174 3955/3955/3953 3957/3957/3955
f 4129/4129/4127 4161/4161/4159 4130/4130/4128
f 4198/4198/4196 4019/4019/4017 4084/4084/4082
f 4070/4070/4068 4053/4053/4051 4052/4052/4050
f 3963/3963/3961 4009/4009/4007 3964/3964/3962
f 3948/3948/3946 4199/4199/4197 3946/3946/3944
f 4200/4200/4198 4199/4199/4197 4201/4201/4199
f 4004/4004/4002 3941/3941/3939 4005/4005/4003
f 3946/3946/3944 4202/4202/4200 3947/3947/3945
f 4188/4188/4186 4203/4203/4201 4189/4189/4187
f 4005/4005/4003 3940/3940/3938 4058/4058/4056
f 4000/4000/3998 4002/4002/4000 4204/4204/4202
f 3951/3951/3949 4053/4053/4051 3949/3949/3947
f 3941/3941/3939 3966/3966/3964 3942/3942/3940
f 4205/4205/4203 4196/4196/4194 3952/3952/3950
f 4187/4187/4185 3981/3981/3979 3980/3980/3978
f 4180/4180/4178 4206/4206/4204 4207/4207/4205
f 4183/4183/4181 3981/3981/3979 4187/4187/4185
f 3959/3959/3957 4188/4188/4186 3980/3980/3978
f 3960/3960/3958 3959/3959/3957 3980/3980/3978
f 4203/4203/4201 3959/3959/3957 3961/3961/3959
f 4049/4049/4047 4204/4204/4202 4002/4002/4000
f 4028/4028/4026 4049/4049/4047 4002/4002/4000
f 4002/4002/4000 4032/4032/4030 4028/4028/4026
f 4030/4030/4028 4032/4032/4030 4001/4001/3999
f 3997/3997/3995 3999/3999/3997 4208/4208/4206
f 3992/3992/3990 3997/3997/3995 4208/4208/4206
f 3977/3977/3975 4209/4209/4207 3976/3976/3974
f 4202/4202/4200 3989/3989/3987 3991/3991/3989
f 4210/4210/4208 4199/4199/4197 4211/4211/4209
f 4201/4201/4199 4199/4199/4197 4212/4212/4210
f 3989/3989/3987 4212/4212/4210 4106/4106/4104
f 4200/4200/4198 4201/4201/4199 3989/3989/3987
f 4213/4213/4211 4214/4214/4212 4215/4215/4213
f 3988/3988/3986 4215/4215/4213 4214/4214/4212
f 4214/4214/4212 3972/3972/3970 3988/3988/3986
f 3967/3967/3965 4216/4216/4214 3973/3973/3971
f 3976/3976/3974 4209/4209/4207 4217/4217/4215
f 3974/3974/3972 4218/4218/4216 4170/4170/4168
f 4170/4170/4168 3986/3986/3984 3982/3982/3980
f 3986/3986/3984 4218/4218/4216 4219/4219/4217
f 4047/4047/4045 4023/4023/4021 4055/4055/4053
f 4065/4065/4063 4220/4220/4218 3943/3943/3941
f 4032/4032/4030 4026/4026/4024 4028/4028/4026
f 4184/4184/4182 4187/4187/4185 4027/4027/4025
f 4188/4188/4186 4187/4187/4185 3980/3980/3978
f 4221/4221/4219 4222/4222/4220 4223/4223/4221
f 4224/4224/4222 4225/4225/4223 4226/4226/4224
f 4227/4227/4225 4228/4228/4226 4229/4229/4227
f 4230/4230/4228 4231/4231/4229 4232/4232/4230
f 4233/4233/4231 4234/4234/4232 4235/4235/4233
f 4232/4232/4230 4236/4236/4234 4237/4237/4235
f 4238/4238/4236 4237/4237/4235 4236/4236/4234
f 4239/4239/4237 4240/4240/4238 4241/4241/4239
f 4242/4242/4240 4243/4243/4241 4244/4244/4242
f 4222/4222/4220 4245/4245/4243 4246/4246/4244
f 4247/4247/4245 4248/4248/4246 4249/4249/4247
f 4250/4250/4248 4251/4251/4249 4252/4252/4250
f 4252/4252/4250 4253/4253/4251 4247/4247/4245
f 4254/4254/4252 4255/4255/4253 4256/4256/4254
f 4254/4254/4252 4256/4256/4254 4257/4257/4255
f 4254/4254/4252 4258/4258/4256 4259/4259/4257
f 4247/4247/4245 4250/4250/4248 4252/4252/4250
f 4260/4260/4258 4241/4241/4239 4261/4261/4259
f 4262/4262/4260 4263/4263/4261 4264/4264/4262
f 4265/4265/4263 4256/4256/4254 4255/4255/4253
f 4266/4266/4264 4264/4264/4262 4263/4263/4261
f 4252/4252/4250 4267/4267/4265 4268/4268/4266
f 4269/4269/4267 4270/4270/4268 4271/4271/4269
f 4272/4272/4270 4273/4273/4271 4274/4274/4272
f 4274/4274/4272 4275/4275/4273 4276/4276/4274
f 4277/4277/4275 4278/4278/4276 4279/4279/4277
f 4277/4277/4275 4274/4274/4272 4273/4273/4271
f 4280/4280/4278 4281/4281/4279 4282/4282/4280
f 4283/4283/4281 4223/4223/4221 4284/4284/4282
f 4285/4285/4283 4286/4286/4284 4244/4244/4242
f 4287/4287/4285 4285/4285/4283 4244/4244/4242
f 4288/4288/4286 4289/4289/4287 4290/4290/4288
f 4291/4291/4289 4292/4292/4290 4293/4293/4291
f 4293/4293/4291 4294/4294/4292 4291/4291/4289
f 4294/4294/4292 4295/4295/4293 4291/4291/4289
f 4296/4296/4294 4297/4297/4295 4298/4298/4296
f 4299/4299/4297 4300/4300/4298 4301/4301/4299
f 4302/4302/4300 4303/4303/4301 4304/4304/4302
f 4305/4305/4303 4306/4306/4304 4307/4307/4305
f 4282/4282/4280 4308/4308/4306 4309/4309/4307
f 4305/4305/4303 4310/4310/4308 4311/4311/4309
f 4290/4290/4288 4312/4312/4310 4288/4288/4286
f 4312/4312/4310 4313/4313/4311 4288/4288/4286
f 4314/4314/4312 4315/4315/4313 4316/4316/4314
f 4316/4316/4314 4317/4317/4315 4314/4314/4312
f 4318/4318/4316 4315/4315/4313 4319/4319/4317
f 4318/4318/4316 4319/4319/4317 4320/4320/4318
f 4321/4321/4319 4322/4322/4320 4323/4323/4321
f 4323/4323/4321 4304/4304/4302 4321/4321/4319
f 4321/4321/4319 4324/4324/4322 4325/4325/4323
f 4326/4326/4324 4327/4327/4325 4328/4328/4326
f 4328/4328/4326 4306/4306/4304 4326/4326/4324
f 4231/4231/4229 4329/4329/4327 4330/4330/4328
f 4330/4330/4328 4236/4236/4234 4231/4231/4229
f 4331/4331/4329 4332/4332/4330 4323/4323/4321
f 4333/4333/4331 4334/4334/4332 4223/4223/4221
f 4226/4226/4224 4335/4335/4333 4224/4224/4222
f 4333/4333/4331 4223/4223/4221 4336/4336/4334
f 4246/4246/4244 4337/4337/4335 4222/4222/4220
f 4223/4223/4221 4338/4338/4336 4336/4336/4334
f 4339/4339/4337 4340/4340/4338 4341/4341/4339
f 4223/4223/4221 4283/4283/4281 4338/4338/4336
f 4342/4342/4340 4243/4243/4241 4343/4343/4341
f 4344/4344/4342 4345/4345/4343 4346/4346/4344
f 4347/4347/4345 4348/4348/4346 4344/4344/4342
f 4331/4331/4329 4322/4322/4320 4349/4349/4347
f 4350/4350/4348 4349/4349/4347 4322/4322/4320
f 4325/4325/4323 4350/4350/4348 4322/4322/4320
f 4325/4325/4323 4351/4351/4349 4352/4352/4350
f 4353/4353/4351 4352/4352/4350 4351/4351/4349
f 4354/4354/4352 4353/4353/4351 4351/4351/4349
f 4355/4355/4353 4300/4300/4298 4356/4356/4354
f 4357/4357/4355 4358/4358/4356 4359/4359/4357
f 4356/4356/4354 4360/4360/4358 4355/4355/4353
f 4361/4361/4359 4357/4357/4355 4359/4359/4357
f 4359/4359/4357 4362/4362/4360 4361/4361/4359
f 4362/4362/4360 4297/4297/4295 4361/4361/4359
f 4363/4363/4361 4298/4298/4296 4297/4297/4295
f 4363/4363/4361 4290/4290/4288 4364/4364/4362
f 4364/4364/4362 4365/4365/4363 4298/4298/4296
f 4290/4290/4288 4366/4366/4364 4364/4364/4362
f 4366/4366/4364 4367/4367/4365 4365/4365/4363
f 4366/4366/4364 4289/4289/4287 4368/4368/4366
f 4369/4369/4367 4298/4298/4296 4365/4365/4363
f 4370/4370/4368 4371/4371/4369 4372/4372/4370
f 4373/4373/4371 4374/4374/4372 4371/4371/4369
f 4375/4375/4373 4376/4376/4374 4373/4373/4371
f 4373/4373/4371 4377/4377/4375 4375/4375/4373
f 4375/4375/4373 4378/4378/4376 4379/4379/4377
f 4375/4375/4373 4377/4377/4375 4380/4380/4378
f 4381/4381/4379 4378/4378/4376 4380/4380/4378
f 4382/4382/4380 4316/4316/4314 4383/4383/4381
f 4383/4383/4381 4316/4316/4314 4315/4315/4313
f 4376/4376/4374 4384/4384/4382 4385/4385/4383
f 4376/4376/4374 4386/4386/4384 4374/4374/4372
f 4384/4384/4382 4378/4378/4376 4269/4269/4267
f 4387/4387/4385 4388/4388/4386 4362/4362/4360
f 4388/4388/4386 4389/4389/4387 4390/4390/4388
f 4388/4388/4386 4363/4363/4361 4362/4362/4360
f 4390/4390/4388 4312/4312/4310 4388/4388/4386
f 4391/4391/4389 4390/4390/4388 4389/4389/4387
f 4392/4392/4390 4393/4393/4391 4390/4390/4388
f 4394/4394/4392 4395/4395/4393 4267/4267/4265
f 4396/4396/4394 4397/4397/4395 4398/4398/4396
f 4320/4320/4318 4399/4399/4397 4400/4400/4398
f 4398/4398/4396 4393/4393/4391 4396/4396/4394
f 4319/4319/4317 4401/4401/4399 4399/4399/4397
f 4395/4395/4393 4402/4402/4400 4403/4403/4401
f 4404/4404/4402 4405/4405/4403 4395/4395/4393
f 4395/4395/4393 4268/4268/4266 4267/4267/4265
f 4406/4406/4404 4405/4405/4403 4407/4407/4405
f 4391/4391/4389 4408/4408/4406 4409/4409/4407
f 4389/4389/4387 4410/4410/4408 4408/4408/4406
f 4411/4411/4409 4412/4412/4410 4410/4410/4408
f 4387/4387/4385 4358/4358/4356 4412/4412/4410
f 4413/4413/4411 4412/4412/4410 4358/4358/4356
f 4358/4358/4356 4414/4414/4412 4413/4413/4411
f 4360/4360/4358 4415/4415/4413 4416/4416/4414
f 4415/4415/4413 4351/4351/4349 4324/4324/4322
f 4415/4415/4413 4417/4417/4415 4418/4418/4416
f 4415/4415/4413 4304/4304/4302 4417/4417/4415
f 4419/4419/4417 4418/4418/4416 4417/4417/4415
f 4417/4417/4415 4303/4303/4301 4419/4419/4417
f 4420/4420/4418 4421/4421/4419 4418/4418/4416
f 4418/4418/4416 4416/4416/4414 4415/4415/4413
f 4414/4414/4412 4272/4272/4270 4413/4413/4411
f 4413/4413/4411 4276/4276/4274 4422/4422/4420
f 4422/4422/4420 4410/4410/4408 4412/4412/4410
f 4423/4423/4421 4424/4424/4422 4425/4425/4423
f 4423/4423/4421 4276/4276/4274 4275/4275/4273
f 4425/4425/4423 4410/4410/4408 4423/4423/4421
f 4426/4426/4424 4408/4408/4406 4425/4425/4423
f 4425/4425/4423 4427/4427/4425 4426/4426/4424
f 4428/4428/4426 4429/4429/4427 4406/4406/4404
f 4430/4430/4428 4431/4431/4429 4429/4429/4427
f 4402/4402/4400 4429/4429/4427 4431/4431/4429
f 4431/4431/4429 4432/4432/4430 4402/4402/4400
f 4433/4433/4431 4434/4434/4432 4432/4432/4430
f 4434/4434/4432 4435/4435/4433 4432/4432/4430
f 4436/4436/4434 4253/4253/4251 4434/4434/4432
f 4437/4437/4435 4350/4350/4348 4438/4438/4436
f 4436/4436/4434 4439/4439/4437 4440/4440/4438
f 4438/4438/4436 4258/4258/4256 4437/4437/4435
f 4438/4438/4436 4441/4441/4439 4259/4259/4257
f 4442/4442/4440 4443/4443/4441 4441/4441/4439
f 4444/4444/4442 4259/4259/4257 4441/4441/4439
f 4441/4441/4439 4262/4262/4260 4444/4444/4442
f 4353/4353/4351 4300/4300/4298 4443/4443/4441
f 4443/4443/4441 4299/4299/4297 4262/4262/4260
f 4445/4445/4443 4440/4440/4438 4439/4439/4437
f 4439/4439/4437 4446/4446/4444 4445/4445/4443
f 4433/4433/4431 4447/4447/4445 4446/4446/4444
f 4330/4330/4328 4446/4446/4444 4447/4447/4445
f 4447/4447/4445 4448/4448/4446 4330/4330/4328
f 4329/4329/4327 4445/4445/4443 4446/4446/4444
f 4350/4350/4348 4442/4442/4440 4438/4438/4436
f 4432/4432/4430 4403/4403/4401 4402/4402/4400
f 4430/4430/4428 4449/4449/4447 4448/4448/4446
f 4424/4424/4422 4450/4450/4448 4427/4427/4425
f 4451/4451/4449 4452/4452/4450 4450/4450/4448
f 4451/4451/4449 4453/4453/4451 4454/4454/4452
f 4424/4424/4422 4455/4455/4453 4451/4451/4449
f 4456/4456/4454 4454/4454/4452 4453/4453/4451
f 4453/4453/4451 4279/4279/4277 4456/4456/4454
f 4453/4453/4451 4274/4274/4272 4277/4277/4275
f 4457/4457/4455 4458/4458/4456 4459/4459/4457
f 4459/4459/4457 4305/4305/4303 4457/4457/4455
f 4460/4460/4458 4307/4307/4305 4461/4461/4459
f 4457/4457/4455 4305/4305/4303 4307/4307/4305
f 4307/4307/4305 4462/4462/4460 4461/4461/4459
f 4463/4463/4461 4286/4286/4284 4464/4464/4462
f 4242/4242/4240 4286/4286/4284 4463/4463/4461
f 4307/4307/4305 4465/4465/4463 4466/4466/4464
f 4467/4467/4465 4468/4468/4466 4464/4464/4462
f 4464/4464/4462 4469/4469/4467 4467/4467/4465
f 4468/4468/4466 4463/4463/4461 4464/4464/4462
f 4470/4470/4468 4235/4235/4233 4468/4468/4466
f 4468/4468/4466 4235/4235/4233 4234/4234/4232
f 4272/4272/4270 4274/4274/4272 4276/4276/4274
f 4449/4449/4447 4236/4236/4234 4448/4448/4446
f 4435/4435/4433 4268/4268/4266 4403/4403/4401
f 4297/4297/4295 4471/4471/4469 4361/4361/4359
f 4348/4348/4346 4472/4472/4470 4345/4345/4343
f 4244/4244/4242 4243/4243/4241 4287/4287/4285
f 4473/4473/4471 4228/4228/4226 4227/4227/4225
f 4474/4474/4472 4473/4473/4471 4227/4227/4225
f 4222/4222/4220 4284/4284/4282 4223/4223/4221
f 4227/4227/4225 4475/4475/4473 4474/4474/4472
f 4461/4461/4459 4476/4476/4474 4239/4239/4237
f 4223/4223/4221 4334/4334/4332 4221/4221/4219
f 4280/4280/4278 4477/4477/4475 4478/4478/4476
f 4231/4231/4229 4230/4230/4228 4472/4472/4470
f 4222/4222/4220 4479/4479/4477 4245/4245/4243
f 4235/4235/4233 4480/4480/4478 4233/4233/4231
f 4460/4460/4458 4260/4260/4258 4261/4261/4259
f 4454/4454/4452 4481/4481/4479 4452/4452/4450
f 4458/4458/4456 4460/4460/4458 4261/4261/4259
f 4239/4239/4237 4260/4260/4258 4461/4461/4459
f 4241/4241/4239 4260/4260/4258 4239/4239/4237
f 4476/4476/4474 4240/4240/4238 4239/4239/4237
f 4326/4326/4324 4478/4478/4476 4477/4477/4475
f 4306/4306/4304 4478/4478/4476 4326/4326/4324
f 4478/4478/4476 4311/4311/4309 4281/4281/4279
f 4311/4311/4309 4308/4308/4306 4281/4281/4279
f 4277/4277/4275 4482/4482/4480 4278/4278/4276
f 4273/4273/4271 4482/4482/4480 4277/4277/4275
f 4257/4257/4255 4256/4256/4254 4483/4483/4481
f 4475/4475/4473 4270/4270/4268 4474/4474/4472
f 4484/4484/4482 4473/4473/4471 4485/4485/4483
f 4486/4486/4484 4485/4485/4483 4473/4473/4471
f 4270/4270/4268 4485/4485/4483 4486/4486/4484
f 4474/4474/4472 4270/4270/4268 4486/4486/4484
f 4487/4487/4485 4488/4488/4486 4489/4489/4487
f 4267/4267/4265 4490/4490/4488 4394/4394/4392
f 4251/4251/4249 4488/4488/4486 4267/4267/4265
f 4247/4247/4245 4491/4491/4489 4248/4248/4246
f 4256/4256/4254 4492/4492/4490 4483/4483/4481
f 4493/4493/4491 4255/4255/4253 4444/4444/4442
f 4264/4264/4262 4444/4444/4442 4262/4262/4260
f 4264/4264/4262 4494/4494/4492 4493/4493/4491
f 4323/4323/4321 4332/4332/4330 4302/4302/4300
f 4339/4339/4337 4495/4495/4493 4496/4496/4494
f 4311/4311/4309 4306/4306/4304 4305/4305/4303
f 4457/4457/4455 4307/4307/4305 4460/4460/4458
f 4461/4461/4459 4260/4260/4258 4460/4460/4458
f 4497/4497/4495 4498/4498/4496 4499/4499/4497
f 4500/4500/4498 4501/4501/4499 4498/4498/4496
f 4502/4502/4500 4503/4503/4501 4504/4504/4502
f 4505/4505/4503 4506/4506/4504 4507/4507/4505
f 4506/4506/4504 4508/4508/4506 4507/4507/4505
f 4509/4509/4507 4510/4510/4508 4508/4508/4506
f 4511/4511/4509 4512/4512/4510 4513/4513/4511
f 4512/4512/4510 4514/4514/4512 4513/4513/4511
f 4510/4510/4508 4514/4514/4512 4515/4515/4513
f 4515/4515/4513 4516/4516/4514 4517/4517/4515
f 4518/4518/4516 4519/4519/4517 4520/4520/4518
f 4521/4521/4519 4522/4522/4520 4523/4523/4521
f 4523/4523/4521 4522/4522/4520 4524/4524/4522
f 4523/4523/4521 4525/4525/4523 4526/4526/4524
f 4526/4526/4524 4521/4521/4519 4523/4523/4521
f 4515/4515/4513 4527/4527/4525 4528/4528/4526
f 4528/4528/4526 4529/4529/4527 4530/4530/4528
f 4530/4530/4528 4529/4529/4527 4531/4531/4529
f 4510/4510/4508 4530/4530/4528 4508/4508/4506
f 4531/4531/4529 4507/4507/4505 4508/4508/4506
f 4505/4505/4503 4532/4532/4530 4504/4504/4502
f 4533/4533/4531 4534/4534/4532 4535/4535/4533
f 4535/4535/4533 4536/4536/4534 4537/4537/4535
f 4537/4537/4535 4536/4536/4534 4538/4538/4536
f 4534/4534/4532 4539/4539/4537 4536/4536/4534
f 4536/4536/4534 4540/4540/4538 4538/4538/4536
f 4539/4539/4537 4541/4541/4539 4540/4540/4538
f 4542/4542/4540 4543/4543/4541 4539/4539/4537
f 4544/4544/4542 4545/4545/4543 4543/4543/4541
f 4546/4546/4544 4547/4547/4545 4545/4545/4543
f 4548/4548/4546 4549/4549/4547 4547/4547/4545
f 4550/4550/4548 4551/4551/4549 4549/4549/4547
f 4552/4552/4550 4553/4553/4551 4551/4551/4549
f 4545/4545/4543 4549/4549/4547 4554/4554/4552
f 4543/4543/4541 4555/4555/4553 4541/4541/4539
f 4545/4545/4543 4554/4554/4552 4555/4555/4553
f 4540/4540/4538 4541/4541/4539 4556/4556/4554
f 4541/4541/4539 4557/4557/4555 4556/4556/4554
f 4549/4549/4547 4558/4558/4556 4554/4554/4552
f 4558/4558/4556 4559/4559/4557 4554/4554/4552
f 4559/4559/4557 4560/4560/4558 4561/4561/4559
f 4555/4555/4553 4559/4559/4557 4557/4557/4555
f 4561/4561/4559 4557/4557/4555 4559/4559/4557
f 4556/4556/4554 4562/4562/4560 4563/4563/4561
f 4540/4540/4538 4563/4563/4561 4538/4538/4536
f 4551/4551/4549 4564/4564/4562 4558/4558/4556
f 4558/4558/4556 4565/4565/4563 4566/4566/4564
f 4566/4566/4564 4567/4567/4565 4560/4560/4558
f 4509/4509/4507 4513/4513/4511 4514/4514/4512
f 4568/4568/4566 4509/4509/4507 4506/4506/4504
f 4503/4503/4501 4500/4500/4498 4506/4506/4504
f 4498/4498/4496 4568/4568/4566 4500/4500/4498
f 4511/4511/4509 4513/4513/4511 4568/4568/4566
f 4500/4500/4498 4568/4568/4566 4506/4506/4504
f 4569/4569/4567 4570/4570/4568 4571/4571/4569
f 4535/4535/4533 4537/4537/4535 4572/4572/4570
f 4572/4572/4570 4537/4537/4535 4573/4573/4571
f 4574/4574/4572 4575/4575/4573 4576/4576/4574
f 4575/4575/4573 4577/4577/4575 4576/4576/4574
f 4578/4578/4576 4579/4579/4577 4580/4580/4578
f 4578/4578/4576 4581/4581/4579 4582/4582/4580
f 4582/4582/4580 4583/4583/4581 4584/4584/4582
f 4584/4584/4582 4585/4585/4583 4586/4586/4584
f 4585/4585/4583 4587/4587/4585 4586/4586/4584
f 4580/4580/4578 4588/4588/4586 4581/4581/4579
f 4589/4589/4587 4583/4583/4581 4588/4588/4586
f 4583/4583/4581 4581/4581/4579 4588/4588/4586
f 4590/4590/4588 4580/4580/4578 4579/4579/4577
f 4498/4498/4496 4501/4501/4499 4499/4499/4497
f 4591/4591/4589 4592/4592/4590 4593/4593/4591
f 4591/4591/4589 4594/4594/4592 4519/4519/4517
f 4518/4518/4516 4520/4520/4518 4521/4521/4519
f 4520/4520/4518 4522/4522/4520 4521/4521/4519
f 4595/4595/4593 4596/4596/4594 4597/4597/4595
f 4597/4597/4595 4598/4598/4596 4599/4599/4597
f 4596/4596/4594 4519/4519/4517 4600/4600/4598
f 4598/4598/4596 4600/4600/4598 4601/4601/4599
f 4519/4519/4517 4602/4602/4600 4600/4600/4598
f 4600/4600/4598 4603/4603/4601 4601/4601/4599
f 4593/4593/4591 4604/4604/4602 4594/4594/4592
f 4602/4602/4600 4604/4604/4602 4605/4605/4603
f 4603/4603/4601 4605/4605/4603 4606/4606/4604
f 4606/4606/4604 4607/4607/4605 4603/4603/4601
f 4603/4603/4601 4608/4608/4606 4601/4601/4599
f 4607/4607/4605 4609/4609/4607 4610/4610/4608
f 4610/4610/4608 4608/4608/4606 4607/4607/4605
f 4601/4601/4599 4611/4611/4609 4598/4598/4596
f 4612/4612/4610 4611/4611/4609 4608/4608/4606
f 4598/4598/4596 4611/4611/4609 4599/4599/4597
f 4595/4595/4593 4613/4613/4611 4522/4522/4520
f 4595/4595/4593 4614/4614/4612 4615/4615/4613
f 4599/4599/4597 4614/4614/4612 4597/4597/4595
f 4599/4599/4597 4611/4611/4609 4616/4616/4614
f 4617/4617/4615 4616/4616/4614 4611/4611/4609
f 4522/4522/4520 4613/4613/4611 4524/4524/4522
f 4524/4524/4522 4618/4618/4616 4525/4525/4523
f 4615/4615/4613 4618/4618/4616 4613/4613/4611
f 4614/4614/4612 4619/4619/4617 4615/4615/4613
f 4616/4616/4614 4620/4620/4618 4614/4614/4612
f 4621/4621/4619 4622/4622/4620 4616/4616/4614
f 4623/4623/4621 4624/4624/4622 4553/4553/4551
f 4625/4625/4623 4626/4626/4624 4627/4627/4625
f 4553/4553/4551 4628/4628/4626 4564/4564/4562
f 4627/4627/4625 4629/4629/4627 4630/4630/4628
f 4564/4564/4562 4631/4631/4629 4565/4565/4563
f 4630/4630/4628 4632/4632/4630 4633/4633/4631
f 4631/4631/4629 4567/4567/4565 4565/4565/4563
f 4633/4633/4631 4634/4634/4632 4635/4635/4633
f 4636/4636/4634 4571/4571/4569 4570/4570/4568
f 4570/4570/4568 4637/4637/4635 4636/4636/4634
f 4638/4638/4636 4637/4637/4635 4639/4639/4637
f 4638/4638/4636 4640/4640/4638 4641/4641/4639
f 4642/4642/4640 4643/4643/4641 4644/4644/4642
f 4645/4645/4643 4646/4646/4644 4647/4647/4645
f 4645/4645/4643 4648/4648/4646 4649/4649/4647
f 4650/4650/4648 4592/4592/4590 4651/4651/4649
f 4651/4651/4649 4644/4644/4642 4643/4643/4641
f 4649/4649/4647 4648/4648/4646 4652/4652/4650
f 4653/4653/4651 4654/4654/4652 4655/4655/4653
f 4647/4647/4645 4656/4656/4654 4657/4657/4655
f 4648/4648/4646 4647/4647/4645 4657/4657/4655
f 4604/4604/4602 4658/4658/4656 4659/4659/4657
f 4648/4648/4646 4660/4660/4658 4652/4652/4650
f 4605/4605/4603 4661/4661/4659 4606/4606/4604
f 4662/4662/4660 4604/4604/4602 4659/4659/4657
f 4609/4609/4607 4661/4661/4659 4663/4663/4661
f 4609/4609/4607 4664/4664/4662 4610/4610/4608
f 4610/4610/4608 4664/4664/4662 4665/4665/4663
f 4665/4665/4663 4612/4612/4610 4610/4610/4608
f 4666/4666/4664 4617/4617/4615 4612/4612/4610
f 4667/4667/4665 4621/4621/4619 4617/4617/4615
f 4668/4668/4666 4669/4669/4667 4621/4621/4619
f 4670/4670/4668 4626/4626/4624 4671/4671/4669
f 4672/4672/4670 4629/4629/4627 4626/4626/4624
f 4673/4673/4671 4632/4632/4630 4629/4629/4627
f 4632/4632/4630 4674/4674/4672 4634/4634/4632
f 4675/4675/4673 4676/4676/4674 4677/4677/4675
f 4675/4675/4673 4678/4678/4676 4679/4679/4677
f 4680/4680/4678 4681/4681/4679 4637/4637/4635
f 4682/4682/4680 4678/4678/4676 4683/4683/4681
f 4639/4639/4637 4681/4681/4679 4684/4684/4682
f 4685/4685/4683 4683/4683/4681 4686/4686/4684
f 4640/4640/4638 4639/4639/4637 4684/4684/4682
f 4687/4687/4685 4688/4688/4686 4654/4654/4652
f 4685/4685/4683 4689/4689/4687 4688/4688/4686
f 4690/4690/4688 4691/4691/4689 4692/4692/4690
f 4660/4660/4658 4690/4690/4688 4692/4692/4690
f 4693/4693/4691 4694/4694/4692 4695/4695/4693
f 4696/4696/4694 4695/4695/4693 4697/4697/4695
f 4698/4698/4696 4697/4697/4695 4699/4699/4697
f 4699/4699/4697 4700/4700/4698 4701/4701/4699
f 4702/4702/4700 4699/4699/4697 4703/4703/4701
f 4698/4698/4696 4699/4699/4697 4701/4701/4699
f 4702/4702/4700 4703/4703/4701 4704/4704/4702
f 4704/4704/4702 4705/4705/4703 4706/4706/4704
f 4707/4707/4705 4706/4706/4704 4705/4705/4703
f 4705/4705/4703 4708/4708/4706 4709/4709/4707
f 4703/4703/4701 4710/4710/4708 4708/4708/4706
f 4710/4710/4708 4697/4697/4695 4711/4711/4709
f 4697/4697/4695 4712/4712/4710 4711/4711/4709
f 4711/4711/4709 4712/4712/4710 4713/4713/4711
f 4688/4688/4686 4714/4714/4712 4715/4715/4713
f 4715/4715/4713 4716/4716/4714 4717/4717/4715
f 4711/4711/4709 4713/4713/4711 4718/4718/4716
f 4718/4718/4716 4713/4713/4711 4719/4719/4717
f 4714/4714/4712 4720/4720/4718 4716/4716/4714
f 4714/4714/4712 4721/4721/4719 4722/4722/4720
f 4721/4721/4719 4723/4723/4721 4724/4724/4722
f 4678/4678/4676 4725/4725/4723 4683/4683/4681
f 4686/4686/4684 4726/4726/4724 4689/4689/4687
f 4723/4723/4721 4726/4726/4724 4727/4727/4725
f 4683/4683/4681 4728/4728/4726 4686/4686/4684
f 4729/4729/4727 4730/4730/4728 4731/4731/4729
f 4732/4732/4730 4733/4733/4731 4734/4734/4732
f 4735/4735/4733 4736/4736/4734 4737/4737/4735
f 4733/4733/4731 4738/4738/4736 4739/4739/4737
f 4740/4740/4738 4728/4728/4726 4741/4741/4739
f 4742/4742/4740 4743/4743/4741 4744/4744/4742
f 4745/4745/4743 4746/4746/4744 4742/4742/4740
f 4736/4736/4734 4747/4747/4745 4737/4737/4735
f 4735/4735/4733 4747/4747/4745 4748/4748/4746
f 4749/4749/4747 4748/4748/4746 4750/4750/4748
f 4744/4744/4742 4743/4743/4741 4747/4747/4745
f 4751/4751/4749 4750/4750/4748 4752/4752/4750
f 4753/4753/4751 4752/4752/4750 4754/4754/4752
f 4755/4755/4753 4754/4754/4752 4756/4756/4754
f 4755/4755/4753 4756/4756/4754 4757/4757/4755
f 4743/4743/4741 4732/4732/4730 4758/4758/4756
f 4732/4732/4730 4746/4746/4744 4759/4759/4757
f 4747/4747/4745 4758/4758/4756 4729/4729/4727
f 4752/4752/4750 4748/4748/4746 4729/4729/4727
f 4729/4729/4727 4748/4748/4746 4747/4747/4745
f 4756/4756/4754 4760/4760/4758 4761/4761/4759
f 4760/4760/4758 4752/4752/4750 4729/4729/4727
f 4761/4761/4759 4762/4762/4760 4756/4756/4754
f 4763/4763/4761 4764/4764/4762 4762/4762/4760
f 4724/4724/4722 4723/4723/4721 4765/4765/4763
f 4766/4766/4764 4717/4717/4715 4767/4767/4765
f 4694/4694/4692 4768/4768/4766 4695/4695/4693
f 4766/4766/4764 4654/4654/4652 4715/4715/4713
f 4654/4654/4652 4688/4688/4686 4715/4715/4713
f 4657/4657/4655 4656/4656/4654 4691/4691/4689
f 4769/4769/4767 4756/4756/4754 4762/4762/4760
f 4757/4757/4755 4756/4756/4754 4769/4769/4767
f 4770/4770/4768 4769/4769/4767 4762/4762/4760
f 4770/4770/4768 4762/4762/4760 4764/4764/4762
f 4677/4677/4675 4771/4771/4769 4772/4772/4770
f 4772/4772/4770 4773/4773/4771 4774/4774/4772
f 4775/4775/4773 4772/4772/4770 4774/4774/4772
f 4761/4761/4759 4776/4776/4774 4763/4763/4761
f 4759/4759/4757 4738/4738/4736 4732/4732/4730
f 4777/4777/4775 4739/4739/4737 4738/4738/4736
f 4774/4774/4772 4778/4778/4776 4779/4779/4777
f 4775/4775/4773 4774/4774/4772 4779/4779/4777
f 4780/4780/4778 4781/4781/4779 4725/4725/4723
f 4725/4725/4723 4782/4782/4780 4780/4780/4778
f 4722/4722/4720 4721/4721/4719 4724/4724/4722
f 4728/4728/4726 4783/4783/4781 4741/4741/4739
f 4726/4726/4724 4721/4721/4719 4689/4689/4687
f 4758/4758/4756 4734/4734/4732 4730/4730/4728
f 4725/4725/4723 4775/4775/4773 4782/4782/4780
f 4726/4726/4724 4740/4740/4738 4727/4727/4725
f 4729/4729/4727 4784/4784/4782 4760/4760/4758
f 4728/4728/4726 4781/4781/4779 4783/4783/4781
f 4710/4710/4708 4785/4785/4783 4786/4786/4784
f 4785/4785/4783 4718/4718/4716 4787/4787/4785
f 4708/4708/4706 4786/4786/4784 4788/4788/4786
f 4761/4761/4759 4784/4784/4782 4789/4789/4787
f 4790/4790/4788 4708/4708/4706 4788/4788/4786
f 4709/4709/4707 4707/4707/4705 4705/4705/4703
f 4791/4791/4789 4709/4709/4707 4790/4790/4788
f 4792/4792/4790 4707/4707/4705 4793/4793/4791
f 4794/4794/4792 4707/4707/4705 4709/4709/4707
f 4795/4795/4793 4706/4706/4704 4792/4792/4790
f 4796/4796/4794 4704/4704/4702 4797/4797/4795
f 4704/4704/4702 4795/4795/4793 4797/4797/4795
f 4667/4667/4665 4798/4798/4796 4799/4799/4797
f 4668/4668/4666 4799/4799/4797 4800/4800/4798
f 4801/4801/4799 4674/4674/4672 4802/4802/4800
f 4803/4803/4801 4802/4802/4800 4673/4673/4671
f 4804/4804/4802 4673/4673/4671 4672/4672/4670
f 4805/4805/4803 4672/4672/4670 4670/4670/4668
f 4800/4800/4798 4806/4806/4804 4668/4668/4666
f 4807/4807/4805 4808/4808/4806 4809/4809/4807
f 4810/4810/4808 4808/4808/4806 4811/4811/4809
f 4812/4812/4810 4805/4805/4803 4813/4813/4811
f 4814/4814/4812 4804/4804/4802 4812/4812/4810
f 4814/4814/4812 4801/4801/4799 4803/4803/4801
f 4801/4801/4799 4815/4815/4813 4816/4816/4814
f 4794/4794/4792 4817/4817/4815 4818/4818/4816
f 4793/4793/4791 4818/4818/4816 4792/4792/4790
f 4792/4792/4790 4819/4819/4817 4795/4795/4793
f 4820/4820/4818 4807/4807/4805 4809/4809/4807
f 4821/4821/4819 4822/4822/4820 4807/4807/4805
f 4823/4823/4821 4815/4815/4813 4814/4814/4812
f 4824/4824/4822 4825/4825/4823 4823/4823/4821
f 4826/4826/4824 4827/4827/4825 4828/4828/4826
f 4829/4829/4827 4830/4830/4828 4826/4826/4824
f 4817/4817/4815 4831/4831/4829 4818/4818/4816
f 4829/4829/4827 4807/4807/4805 4822/4822/4820
f 4824/4824/4822 4812/4812/4810 4813/4813/4811
f 4811/4811/4809 4828/4828/4826 4810/4810/4808
f 4807/4807/4805 4826/4826/4824 4811/4811/4809
f 4812/4812/4810 4823/4823/4821 4814/4814/4812
f 4819/4819/4817 4818/4818/4816 4831/4831/4829
f 4579/4579/4577 4832/4832/4830 4590/4590/4588
f 4508/4508/4506 4530/4530/4528 4531/4531/4529
f 4833/4833/4831 4569/4569/4567 4834/4834/4832
f 4690/4690/4688 4648/4648/4646 4657/4657/4655
f 4772/4772/4770 4678/4678/4676 4677/4677/4675
f 4835/4835/4833 4505/4505/4503 4507/4507/4505
f 4503/4503/4501 4505/4505/4503 4504/4504/4502
f 4528/4528/4526 4510/4510/4508 4515/4515/4513
f 4836/4836/4834 4837/4837/4835 4838/4838/4836
f 4839/4839/4837 4840/4840/4838 4836/4836/4834
f 4841/4841/4839 4842/4842/4840 4840/4840/4838
f 4843/4843/4841 4844/4844/4842 4845/4845/4843
f 4846/4846/4844 4845/4845/4843 4844/4844/4842
f 4847/4847/4845 4848/4848/4846 4846/4846/4844
f 4849/4849/4847 4850/4850/4848 4837/4837/4835
f 4851/4851/4849 4850/4850/4848 4852/4852/4850
f 4847/4847/4845 4853/4853/4851 4851/4851/4849
f 4853/4853/4851 4854/4854/4852 4851/4851/4849
f 4855/4855/4853 4856/4856/4854 4857/4857/4855
f 4858/4858/4856 4859/4859/4857 4860/4860/4858
f 4859/4859/4857 4861/4861/4859 4860/4860/4858
f 4859/4859/4857 4862/4862/4860 4861/4861/4859
f 4858/4858/4856 4863/4863/4861 4859/4859/4857
f 4864/4864/4862 4853/4853/4851 4865/4865/4863
f 4865/4865/4863 4866/4866/4864 4864/4864/4862
f 4867/4867/4865 4868/4868/4866 4866/4866/4864
f 4867/4867/4865 4847/4847/4845 4846/4846/4844
f 4844/4844/4842 4868/4868/4866 4846/4846/4844
f 4843/4843/4841 4869/4869/4867 4870/4870/4868
f 4871/4871/4869 4872/4872/4870 4873/4873/4871
f 4872/4872/4870 4874/4874/4872 4873/4873/4871
f 4537/4537/4535 4538/4538/4536 4874/4874/4872
f 4873/4873/4871 4875/4875/4873 4876/4876/4874
f 4874/4874/4872 4877/4877/4875 4875/4875/4873
f 4878/4878/4876 4875/4875/4873 4877/4877/4875
f 4879/4879/4877 4876/4876/4874 4875/4875/4873
f 4880/4880/4878 4881/4881/4879 4882/4882/4880
f 4882/4882/4880 4883/4883/4881 4884/4884/4882
f 4885/4885/4883 4886/4886/4884 4883/4883/4881
f 4887/4887/4885 4888/4888/4886 4885/4885/4883
f 4889/4889/4887 4890/4890/4888 4887/4887/4885
f 4881/4881/4879 4885/4885/4883 4883/4883/4881
f 4879/4879/4877 4891/4891/4889 4881/4881/4879
f 4881/4881/4879 4891/4891/4889 4892/4892/4890
f 4877/4877/4875 4893/4893/4891 4878/4878/4876
f 4878/4878/4876 4894/4894/4892 4891/4891/4889
f 4885/4885/4883 4895/4895/4893 4887/4887/4885
f 4896/4896/4894 4895/4895/4893 4892/4892/4890
f 4896/4896/4894 4560/4560/4558 4897/4897/4895
f 4896/4896/4894 4891/4891/4889 4894/4894/4892
f 4894/4894/4892 4561/4561/4559 4896/4896/4894
f 4893/4893/4891 4562/4562/4560 4894/4894/4892
f 4563/4563/4561 4877/4877/4875 4538/4538/4536
f 4887/4887/4885 4898/4898/4896 4889/4889/4887
f 4895/4895/4893 4899/4899/4897 4898/4898/4896
f 4897/4897/4895 4567/4567/4565 4899/4899/4897
f 4852/4852/4850 4848/4848/4846 4851/4851/4849
f 4900/4900/4898 4845/4845/4843 4848/4848/4846
f 4842/4842/4840 4845/4845/4843 4840/4840/4838
f 4900/4900/4898 4836/4836/4834 4840/4840/4838
f 4849/4849/4847 4900/4900/4898 4852/4852/4850
f 4840/4840/4838 4845/4845/4843 4900/4900/4898
f 4901/4901/4899 4902/4902/4900 4903/4903/4901
f 4872/4872/4870 4904/4904/4902 4537/4537/4535
f 4904/4904/4902 4573/4573/4571 4537/4537/4535
f 4905/4905/4903 4574/4574/4572 4906/4906/4904
f 4907/4907/4905 4905/4905/4903 4906/4906/4904
f 4908/4908/4906 4909/4909/4907 4907/4907/4905
f 4908/4908/4906 4910/4910/4908 4911/4911/4909
f 4912/4912/4910 4913/4913/4911 4910/4910/4908
f 4914/4914/4912 4915/4915/4913 4913/4913/4911
f 4587/4587/4585 4915/4915/4913 4916/4916/4914
f 4588/4588/4586 4911/4911/4909 4910/4910/4908
f 4589/4589/4587 4913/4913/4911 4915/4915/4913
f 4913/4913/4911 4588/4588/4586 4910/4910/4908
f 4590/4590/4588 4909/4909/4907 4911/4911/4909
f 4836/4836/4834 4838/4838/4836 4839/4839/4837
f 4857/4857/4855 4917/4917/4915 4918/4918/4916
f 4857/4857/4855 4919/4919/4917 4917/4917/4915
f 4855/4855/4853 4858/4858/4856 4920/4920/4918
f 4860/4860/4858 4920/4920/4918 4858/4858/4856
f 4921/4921/4919 4922/4922/4920 4920/4920/4918
f 4923/4923/4921 4924/4924/4922 4922/4922/4920
f 4922/4922/4920 4856/4856/4854 4920/4920/4918
f 4924/4924/4922 4925/4925/4923 4922/4922/4920
f 4926/4926/4924 4856/4856/4854 4925/4925/4923
f 4927/4927/4925 4925/4925/4923 4928/4928/4926
f 4929/4929/4927 4917/4917/4915 4919/4919/4917
f 4926/4926/4924 4929/4929/4927 4919/4919/4917
f 4927/4927/4925 4930/4930/4928 4926/4926/4924
f 4931/4931/4929 4932/4932/4930 4927/4927/4925
f 4927/4927/4925 4933/4933/4931 4931/4931/4929
f 4931/4931/4929 4934/4934/4932 4935/4935/4933
f 4933/4933/4931 4934/4934/4932 4931/4931/4929
f 4928/4928/4926 4936/4936/4934 4933/4933/4931
f 4936/4936/4934 4937/4937/4935 4933/4933/4931
f 4924/4924/4922 4938/4938/4936 4936/4936/4934
f 4939/4939/4937 4921/4921/4919 4860/4860/4858
f 4921/4921/4919 4940/4940/4938 4923/4923/4921
f 4940/4940/4938 4938/4938/4936 4923/4923/4921
f 4938/4938/4936 4941/4941/4939 4936/4936/4934
f 4941/4941/4939 4942/4942/4940 4936/4936/4934
f 4860/4860/4858 4861/4861/4859 4939/4939/4937
f 4943/4943/4941 4861/4861/4859 4862/4862/4860
f 4943/4943/4941 4944/4944/4942 4939/4939/4937
f 4945/4945/4943 4940/4940/4938 4944/4944/4942
f 4946/4946/4944 4941/4941/4939 4940/4940/4938
f 4947/4947/4945 4948/4948/4946 4941/4941/4939
f 4949/4949/4947 4950/4950/4948 4951/4951/4949
f 4952/4952/4950 4953/4953/4951 4954/4954/4952
f 4889/4889/4887 4955/4955/4953 4950/4950/4948
f 4956/4956/4954 4957/4957/4955 4953/4953/4951
f 4898/4898/4896 4958/4958/4956 4955/4955/4953
f 4959/4959/4957 4960/4960/4958 4957/4957/4955
f 4567/4567/4565 4958/4958/4956 4899/4899/4897
f 4961/4961/4959 4634/4634/4632 4960/4960/4958
f 4962/4962/4960 4901/4901/4899 4903/4903/4901
f 4963/4963/4961 4901/4901/4899 4962/4962/4960
f 4964/4964/4962 4963/4963/4961 4962/4962/4960
f 4965/4965/4963 4964/4964/4962 4966/4966/4964
f 4967/4967/4965 4968/4968/4966 4969/4969/4967
f 4970/4970/4968 4971/4971/4969 4972/4972/4970
f 4970/4970/4968 4973/4973/4971 4971/4971/4969
f 4918/4918/4916 4974/4974/4972 4975/4975/4973
f 4969/4969/4967 4975/4975/4973 4967/4967/4965
f 4976/4976/4974 4977/4977/4975 4973/4973/4971
f 4978/4978/4976 4979/4979/4977 4980/4980/4978
f 4971/4971/4969 4981/4981/4979 4972/4972/4970
f 4973/4973/4971 4982/4982/4980 4971/4971/4969
f 4929/4929/4927 4983/4983/4981 4974/4974/4972
f 4973/4973/4971 4984/4984/4982 4985/4985/4983
f 4986/4986/4984 4930/4930/4928 4932/4932/4930
f 4929/4929/4927 4987/4987/4985 4988/4988/4986
f 4935/4935/4933 4986/4986/4984 4932/4932/4930
f 4989/4989/4987 4935/4935/4933 4934/4934/4932
f 4934/4934/4932 4990/4990/4988 4989/4989/4987
f 4937/4937/4935 4990/4990/4988 4934/4934/4932
f 4942/4942/4940 4991/4991/4989 4937/4937/4935
f 4948/4948/4946 4992/4992/4990 4942/4942/4940
f 4993/4993/4991 4994/4994/4992 4948/4948/4946
f 4953/4953/4951 4995/4995/4993 4954/4954/4952
f 4957/4957/4955 4996/4996/4994 4953/4953/4951
f 4960/4960/4958 4997/4997/4995 4957/4957/4955
f 4960/4960/4958 4674/4674/4672 4998/4998/4996
f 4999/4999/4997 4676/4676/4674 5000/5000/4998
f 5001/5001/4999 4999/4999/4997 5002/5002/5000
f 5003/5003/5001 5004/5004/5002 4963/4963/4961
f 5005/5005/5003 5001/5001/4999 5002/5002/5000
f 5006/5006/5004 5003/5003/5001 4963/4963/4961
f 5007/5007/5005 5008/5008/5006 5005/5005/5003
f 4965/4965/4963 5009/5009/5007 5006/5006/5004
f 5010/5010/5008 4980/4980/4978 4979/4979/4977
f 5011/5011/5009 5007/5007/5005 5010/5010/5008
f 4985/4985/4983 5012/5012/5010 4982/4982/4980
f 4984/4984/4982 5013/5013/5011 4985/4985/4983
f 5014/5014/5012 5015/5015/5013 5016/5016/5014
f 5017/5017/5015 5018/5018/5016 5014/5014/5012
f 5019/5019/5017 5020/5020/5018 5017/5017/5015
f 5021/5021/5019 5022/5022/5020 5023/5023/5021
f 5024/5024/5022 5021/5021/5019 5023/5023/5021
f 5019/5019/5017 5022/5022/5020 5021/5021/5019
f 5024/5024/5022 5025/5025/5023 5026/5026/5024
f 5025/5025/5023 5027/5027/5025 5026/5026/5024
f 5028/5028/5026 5027/5027/5025 5029/5029/5027
f 5030/5030/5028 5027/5027/5025 5031/5031/5029
f 5032/5032/5030 5026/5026/5024 5030/5030/5028
f 5032/5032/5030 5020/5020/5018 5021/5021/5019
f 5033/5033/5031 5020/5020/5018 5034/5034/5032
f 5034/5034/5032 5035/5035/5033 5033/5033/5031
f 5036/5036/5034 5010/5010/5008 5037/5037/5035
f 5038/5038/5036 5037/5037/5035 5039/5039/5037
f 5034/5034/5032 5040/5040/5038 5035/5035/5033
f 5040/5040/5038 5041/5041/5039 5035/5035/5033
f 5042/5042/5040 5036/5036/5034 5038/5038/5036
f 5036/5036/5034 5043/5043/5041 5011/5011/5009
f 5044/5044/5042 5043/5043/5041 5045/5045/5043
f 5046/5046/5044 5001/5001/4999 5008/5008/5006
f 5047/5047/5045 5048/5048/5046 5011/5011/5009
f 5044/5044/5042 5049/5049/5047 5047/5047/5045
f 5050/5050/5048 5008/5008/5006 5048/5048/5046
f 5051/5051/5049 4730/4730/4728 5052/5052/5050
f 5053/5053/5051 4733/4733/4731 5054/5054/5052
f 5055/5055/5053 5056/5056/5054 5057/5057/5055
f 4733/4733/4731 4739/4739/4737 5054/5054/5052
f 5058/5058/5056 5059/5059/5057 5050/5050/5048
f 5060/5060/5058 5061/5061/5059 5062/5062/5060
f 5063/5063/5061 5064/5064/5062 5065/5065/5063
f 5066/5066/5064 5057/5057/5055 5056/5056/5054
f 5055/5055/5053 5066/5066/5064 5056/5056/5054
f 5067/5067/5065 5068/5068/5066 5055/5055/5053
f 5062/5062/5060 5066/5066/5064 5060/5060/5058
f 5069/5069/5067 5070/5070/5068 5067/5067/5065
f 5071/5071/5069 5072/5072/5070 5069/5069/5067
f 5073/5073/5071 5074/5074/5072 5071/5071/5069
f 5073/5073/5071 5075/5075/5073 5076/5076/5074
f 5060/5060/5058 5053/5053/5051 5064/5064/5062
f 5053/5053/5051 5065/5065/5063 5064/5064/5062
f 5066/5066/5064 5052/5052/5050 5060/5060/5058
f 5068/5068/5066 5072/5072/5070 5051/5051/5049
f 5051/5051/5049 5066/5066/5064 5068/5068/5066
f 5076/5076/5074 5077/5077/5075 5074/5074/5072
f 5077/5077/5075 5072/5072/5070 5074/5074/5072
f 5078/5078/5076 5079/5079/5077 5076/5076/5074
f 5080/5080/5078 5078/5078/5076 5081/5081/5079
f 5045/5045/5043 5082/5082/5080 5044/5044/5042
f 5083/5083/5081 5039/5039/5037 5037/5037/5035
f 5015/5015/5013 5018/5018/5016 5084/5084/5082
f 5083/5083/5081 4979/4979/4977 5085/5085/5083
f 4979/4979/4977 5037/5037/5035 5010/5010/5008
f 4982/4982/4980 5012/5012/5010 4981/4981/4979
f 5086/5086/5084 5078/5078/5076 5076/5076/5074
f 5075/5075/5073 5086/5086/5084 5076/5076/5074
f 5087/5087/5085 5078/5078/5076 5086/5086/5084
f 5087/5087/5085 5081/5081/5079 5078/5078/5076
f 5088/5088/5086 4771/4771/4769 4676/4676/4674
f 5089/5089/5087 4773/4773/4771 4771/4771/4769
f 5090/5090/5088 5089/5089/5087 5091/5091/5089
f 4776/4776/4774 5079/5079/5077 5080/5080/5078
f 5065/5065/5063 5054/5054/5052 5092/5092/5090
f 5092/5092/5090 4739/4739/4737 5093/5093/5091
f 5094/5094/5092 4778/4778/4776 4773/4773/4771
f 5090/5090/5088 5095/5095/5093 5094/5094/5092
f 5096/5096/5094 5097/5097/5095 5046/5046/5044
f 5046/5046/5044 5097/5097/5095 5098/5098/5096
f 5099/5099/5097 5045/5045/5043 5043/5043/5041
f 5050/5050/5048 5059/5059/5057 5100/5100/5098
f 5047/5047/5045 5011/5011/5009 5043/5043/5041
f 4734/4734/4732 5052/5052/5050 4730/4730/4728
f 5046/5046/5044 5090/5090/5088 5091/5091/5089
f 5047/5047/5045 5058/5058/5056 5050/5050/5048
f 4784/4784/4782 5051/5051/5049 5077/5077/5075
f 5050/5050/5048 5096/5096/5094 5046/5046/5044
f 4785/4785/4783 5032/5032/5030 4786/4786/4784
f 4785/4785/4783 5040/5040/5038 5034/5034/5032
f 4786/4786/4784 5030/5030/5028 4788/4788/4786
f 4784/4784/4782 5079/5079/5077 4789/4789/4787
f 4790/4790/4788 5030/5030/5028 5031/5031/5029
f 5031/5031/5029 5027/5027/5025 5028/5028/5026
f 4791/4791/4789 5031/5031/5029 5101/5101/5099
f 5028/5028/5026 5102/5102/5100 5103/5103/5101
f 5101/5101/5099 5028/5028/5026 5103/5103/5101
f 5104/5104/5102 5029/5029/5027 5025/5025/5023
f 5025/5025/5023 5105/5105/5103 5106/5106/5104
f 5025/5025/5023 5106/5106/5104 5104/5104/5102
f 5107/5107/5105 4992/4992/4990 5108/5108/5106
f 5108/5108/5106 4994/4994/4992 5109/5109/5107
f 4674/4674/4672 5110/5110/5108 4998/4998/4996
f 4998/4998/4996 5111/5111/5109 4997/4997/4995
f 4997/4997/4995 5112/5112/5110 4996/4996/4994
f 4996/4996/4994 5113/5113/5111 4995/4995/4993
f 5114/5114/5112 5109/5109/5107 4994/4994/4992
f 5115/5115/5113 5116/5116/5114 5117/5117/5115
f 5115/5115/5113 5118/5118/5116 5119/5119/5117
f 5113/5113/5111 5120/5120/5118 5121/5121/5119
f 5112/5112/5110 5122/5122/5120 5120/5120/5118
f 5122/5122/5120 5110/5110/5108 4815/4815/4813
f 5110/5110/5108 4816/4816/4814 4815/4815/4813
f 5101/5101/5099 4817/4817/4815 4791/4791/4789
f 5123/5123/5121 5103/5103/5101 5102/5102/5100
f 5124/5124/5122 5102/5102/5100 5104/5104/5102
f 5125/5125/5123 5116/5116/5114 5126/5126/5124
f 5126/5126/5124 5116/5116/5114 5127/5127/5125
f 5128/5128/5126 4815/4815/4813 4825/4825/4823
f 5129/5129/5127 4825/4825/4823 5130/5130/5128
f 5131/5131/5129 4827/4827/4825 4830/4830/4828
f 5132/5132/5130 4830/4830/4828 5133/5133/5131
f 5134/5134/5132 4817/4817/4815 5123/5123/5121
f 5116/5116/5114 5132/5132/5130 5127/5127/5125
f 5120/5120/5118 5129/5129/5127 5121/5121/5119
f 5119/5119/5117 5135/5135/5133 5131/5131/5129
f 5116/5116/5114 5119/5119/5117 5131/5131/5129
f 5120/5120/5118 5122/5122/5120 5128/5128/5126
f 5124/5124/5122 5134/5134/5132 5123/5123/5121
f 4832/4832/4830 4909/4909/4907 4590/4590/4588
f 4846/4846/4844 4868/4868/4866 4867/4867/4865
f 5136/5136/5134 5137/5137/5135 4902/4902/4900
f 4985/4985/4983 4982/4982/4980 4973/4973/4971
f 5089/5089/5087 5001/5001/4999 5091/5091/5089
f 4843/4843/4841 5138/5138/5136 4844/4844/4842
f 4843/4843/4841 4842/4842/4840 4869/4869/4867
f 4865/4865/4863 4853/4853/4851 4847/4847/4845
f 5139/5139/5137 5140/5140/5138 5141/5141/5139
f 5142/5142/5140 5143/5143/5141 5144/5144/5142
f 5145/5145/5143 5146/5146/5144 5147/5147/5145
f 5148/5148/5146 5149/5149/5147 5146/5146/5144
f 5146/5146/5144 5150/5150/5148 5151/5151/5149
f 5147/5147/5145 5146/5146/5144 5151/5151/5149
f 5152/5152/5150 5153/5153/5151 5154/5154/5152
f 5155/5155/5153 5152/5152/5150 5154/5154/5152
f 5154/5154/5152 5156/5156/5154 5155/5155/5153
f 5154/5154/5152 5157/5157/5155 5158/5158/5156
f 5155/5155/5153 5159/5159/5157 5160/5160/5158
f 5160/5160/5158 5161/5161/5159 5162/5162/5160
f 5159/5159/5157 5163/5163/5161 5161/5161/5159
f 5156/5156/5154 5164/5164/5162 5159/5159/5157
f 5158/5158/5156 5165/5165/5163 5156/5156/5154
f 5157/5157/5155 5166/5166/5164 5158/5158/5156
f 5167/5167/5165 5168/5168/5166 5169/5169/5167
f 5170/5170/5168 5168/5168/5166 5171/5171/5169
f 5172/5172/5170 5167/5167/5165 5169/5169/5167
f 5172/5172/5170 5170/5170/5168 5173/5173/5171
f 5174/5174/5172 5175/5175/5173 5176/5176/5174
f 5177/5177/5175 5178/5178/5176 5179/5179/5177
f 5180/5180/5178 5175/5175/5173 5181/5181/5179
f 5176/5176/5174 5175/5175/5173 5182/5182/5180
f 5173/5173/5171 5183/5183/5181 5184/5184/5182
f 5185/5185/5183 5186/5186/5184 5187/5187/5185
f 5186/5186/5184 5188/5188/5186 5187/5187/5185
f 5189/5189/5187 5190/5190/5188 5191/5191/5189
f 5192/5192/5190 5193/5193/5191 5194/5194/5192
f 5192/5192/5190 5195/5195/5193 5196/5196/5194
f 5197/5197/5195 5198/5198/5196 5199/5199/5197
f 5179/5179/5177 5200/5200/5198 5201/5201/5199
f 5196/5196/5194 5202/5202/5200 5203/5203/5201
f 5193/5193/5191 5196/5196/5194 5203/5203/5201
f 5180/5180/5178 5204/5204/5202 5205/5205/5203
f 5206/5206/5204 5195/5195/5193 5207/5207/5205
f 5182/5182/5180 5180/5180/5178 5208/5208/5206
f 5202/5202/5200 5206/5206/5204 5209/5209/5207
f 5203/5203/5201 5202/5202/5200 5209/5209/5207
f 5208/5208/5206 5180/5180/5178 5205/5205/5203
f 5181/5181/5179 5201/5201/5199 5204/5204/5202
f 5207/5207/5205 5210/5210/5208 5197/5197/5195
f 5211/5211/5209 5210/5210/5208 5192/5192/5190
f 5211/5211/5209 5194/5194/5192 5212/5212/5210
f 5175/5175/5173 5179/5179/5177 5181/5181/5179
f 5213/5213/5211 5177/5177/5175 5174/5174/5172
f 5199/5199/5197 5188/5188/5186 5189/5189/5187
f 5187/5187/5185 5198/5198/5196 5211/5211/5209
f 5212/5212/5210 5187/5187/5185 5211/5211/5209
f 5178/5178/5176 5184/5184/5182 5200/5200/5198
f 5214/5214/5212 5173/5173/5171 5178/5178/5176
f 5214/5214/5212 5215/5215/5213 5172/5172/5170
f 5216/5216/5214 5217/5217/5215 5218/5218/5216
f 5219/5219/5217 5217/5217/5215 5153/5153/5151
f 5220/5220/5218 5221/5221/5219 5222/5222/5220
f 5223/5223/5221 5221/5221/5219 5224/5224/5222
f 5225/5225/5223 5220/5220/5218 5222/5222/5220
f 5225/5225/5223 5223/5223/5221 5226/5226/5224
f 5227/5227/5225 5228/5228/5226 5229/5229/5227
f 5230/5230/5228 5231/5231/5229 5229/5229/5227
f 5228/5228/5226 5232/5232/5230 5233/5233/5231
f 5234/5234/5232 5228/5228/5226 5235/5235/5233
f 5235/5235/5233 5228/5228/5226 5233/5233/5231
f 5235/5235/5233 5233/5233/5231 5236/5236/5234
f 5237/5237/5235 5238/5238/5236 5239/5239/5237
f 5240/5240/5238 5238/5238/5236 5241/5241/5239
f 5242/5242/5240 5243/5243/5241 5220/5220/5218
f 5244/5244/5242 5245/5245/5243 5240/5240/5238
f 5246/5246/5244 5247/5247/5245 5248/5248/5246
f 5249/5249/5247 5248/5248/5246 5250/5250/5248
f 5230/5230/5228 5251/5251/5249 5252/5252/5250
f 5253/5253/5251 5247/5247/5245 5254/5254/5252
f 5255/5255/5253 5256/5256/5254 5257/5257/5255
f 5258/5258/5256 5255/5255/5253 5257/5257/5255
f 5259/5259/5257 5258/5258/5256 5257/5257/5255
f 5235/5235/5233 5260/5260/5258 5234/5234/5232
f 5257/5257/5255 5256/5256/5254 5261/5261/5259
f 5235/5235/5233 5236/5236/5234 5262/5262/5260
f 5261/5261/5259 5259/5259/5257 5257/5257/5255
f 5263/5263/5261 5254/5254/5252 5258/5258/5256
f 5234/5234/5232 5264/5264/5262 5230/5230/5228
f 5265/5265/5263 5246/5246/5244 5249/5249/5247
f 5255/5255/5253 5254/5254/5252 5246/5246/5244
f 5234/5234/5232 5229/5229/5227 5228/5228/5226
f 5266/5266/5264 5229/5229/5227 5231/5231/5229
f 5267/5267/5265 5240/5240/5238 5247/5247/5245
f 5252/5252/5250 5268/5268/5266 5242/5242/5240
f 5247/5247/5245 5241/5241/5239 5248/5248/5246
f 5248/5248/5246 5237/5237/5235 5250/5250/5248
f 5266/5266/5264 5225/5225/5223 5226/5226/5224
f 5252/5252/5250 5225/5225/5223 5231/5231/5229
f 5238/5238/5236 5269/5269/5267 5270/5270/5268
f 5239/5239/5237 5270/5270/5268 5271/5271/5269
f 5243/5243/5241 5272/5272/5270 5220/5220/5218
f 5273/5273/5271 5274/5274/5272 5272/5272/5270
f 5270/5270/5268 5275/5275/5273 5271/5271/5269
f 5270/5270/5268 5276/5276/5274 5277/5277/5275
f 5269/5269/5267 5278/5278/5276 5279/5279/5277
f 5280/5280/5278 5281/5281/5279 5282/5282/5280
f 5281/5281/5279 5283/5283/5281 5284/5284/5282
f 5285/5285/5283 5286/5286/5284 5287/5287/5285
f 5288/5288/5286 5285/5285/5283 5287/5287/5285
f 5289/5289/5287 5290/5290/5288 5286/5286/5284
f 5291/5291/5289 5292/5292/5290 5293/5293/5291
f 5140/5140/5138 5294/5294/5292 5295/5295/5293
f 5296/5296/5294 5142/5142/5140 5144/5144/5142
f 5283/5283/5281 5297/5297/5295 5284/5284/5282
f 5298/5298/5296 5299/5299/5297 5300/5300/5298
f 5295/5295/5293 5294/5294/5292 5301/5301/5299
f 5296/5296/5294 5302/5302/5300 5303/5303/5301
f 5304/5304/5302 5296/5296/5294 5305/5305/5303
f 5305/5305/5303 5303/5303/5301 5306/5306/5304
f 5307/5307/5305 5286/5286/5284 5294/5294/5292
f 5299/5299/5297 5291/5291/5289 5293/5293/5291
f 5286/5286/5284 5301/5301/5299 5294/5294/5292
f 5308/5308/5306 5143/5143/5141 5309/5309/5307
f 5288/5288/5286 5307/5307/5305 5139/5139/5137
f 5310/5310/5308 5311/5311/5309 5297/5297/5295
f 5312/5312/5310 5162/5162/5160 5161/5161/5159
f 5190/5190/5188 5313/5313/5311 5314/5314/5312
f 5186/5186/5184 5315/5315/5313 5313/5313/5311
f 5170/5170/5168 5316/5316/5314 5183/5183/5181
f 5190/5190/5188 5317/5317/5315 5191/5191/5189
f 5318/5318/5316 5319/5319/5317 5320/5320/5318
f 5321/5321/5319 5285/5285/5283 5322/5322/5320
f 5145/5145/5143 5292/5292/5290 5304/5304/5302
f 5323/5323/5321 5289/5289/5287 5320/5320/5318
f 5324/5324/5322 5325/5325/5323 5319/5319/5317
f 5324/5324/5322 5326/5326/5324 5327/5327/5325
f 5151/5151/5149 5328/5328/5326 5147/5147/5145
f 5319/5319/5317 5329/5329/5327 5330/5330/5328
f 5151/5151/5149 5150/5150/5148 5331/5331/5329
f 5332/5332/5330 5329/5329/5327 5325/5325/5323
f 5327/5327/5325 5332/5332/5330 5325/5325/5323
f 5331/5331/5329 5333/5333/5331 5151/5151/5149
f 5330/5330/5328 5320/5320/5318 5319/5319/5317
f 5147/5147/5145 5334/5334/5332 5145/5145/5143
f 5326/5326/5324 5318/5318/5316 5321/5321/5319
f 5289/5289/5287 5318/5318/5316 5320/5320/5318
f 5306/5306/5304 5148/5148/5146 5305/5305/5303
f 5304/5304/5302 5148/5148/5146 5145/5145/5143
f 5335/5335/5333 5295/5295/5293 5336/5336/5334
f 5144/5144/5142 5308/5308/5306 5302/5302/5300
f 5336/5336/5334 5295/5295/5293 5301/5301/5299
f 5337/5337/5335 5338/5338/5336 5339/5339/5337
f 5337/5337/5335 5340/5340/5338 5341/5341/5339
f 5342/5342/5340 5343/5343/5341 5344/5344/5342
f 5345/5345/5343 5343/5343/5341 5346/5346/5344
f 5347/5347/5345 5348/5348/5346 5345/5345/5343
f 5349/5349/5347 5350/5350/5348 5338/5338/5336
f 5351/5351/5349 5352/5352/5350 5348/5348/5346
f 5340/5340/5338 5353/5353/5351 5354/5354/5352
f 5339/5339/5337 5355/5355/5353 5353/5353/5351
f 5350/5350/5348 5355/5355/5353 5338/5338/5336
f 5343/5343/5341 5356/5356/5354 5344/5344/5342
f 5343/5343/5341 5357/5357/5355 5358/5358/5356
f 5357/5357/5355 5348/5348/5346 5352/5352/5350
f 5359/5359/5357 5360/5360/5358 5361/5361/5359
f 5362/5362/5360 5360/5360/5358 5363/5363/5361
f 5364/5364/5362 5365/5365/5363 5366/5366/5364
f 5367/5367/5365 5366/5366/5364 5368/5368/5366
f 5369/5369/5367 5368/5368/5366 5370/5370/5368
f 5359/5359/5357 5371/5371/5369 5372/5372/5370
f 5373/5373/5371 5374/5374/5372 5375/5375/5373
f 5376/5376/5374 5377/5377/5375 5374/5374/5372
f 5378/5378/5376 5364/5364/5362 5379/5379/5377
f 5380/5380/5378 5364/5364/5362 5367/5367/5365
f 5381/5381/5379 5367/5367/5365 5369/5369/5367
f 5373/5373/5371 5382/5382/5380 5359/5359/5357
f 5383/5383/5381 5384/5384/5382 5385/5385/5383
f 5386/5386/5384 5383/5383/5381 5385/5385/5383
f 5375/5375/5373 5374/5374/5372 5387/5387/5385
f 5387/5387/5385 5374/5374/5372 5377/5377/5375
f 5386/5386/5384 5385/5385/5383 5388/5388/5386
f 5387/5387/5385 5389/5389/5387 5375/5375/5373
f 5372/5372/5370 5390/5390/5388 5349/5349/5347
f 5366/5366/5364 5347/5347/5345 5345/5345/5343
f 5368/5368/5366 5345/5345/5343 5346/5346/5344
f 5368/5368/5366 5342/5342/5340 5370/5370/5368
f 5360/5360/5358 5341/5341/5339 5363/5363/5361
f 5360/5360/5358 5349/5349/5347 5337/5337/5335
f 5375/5375/5373 5391/5391/5389 5373/5373/5371
f 5384/5384/5382 5380/5380/5378 5381/5381/5379
f 5383/5383/5381 5379/5379/5377 5380/5380/5378
f 5388/5388/5386 5379/5379/5377 5386/5386/5384
f 5361/5361/5359 5392/5392/5390 5376/5376/5374
f 5359/5359/5357 5376/5376/5374 5373/5373/5371
f 5393/5393/5391 5394/5394/5392 5395/5395/5393
f 5394/5394/5392 5396/5396/5394 5397/5397/5395
f 5396/5396/5394 5398/5398/5396 5397/5397/5395
f 5399/5399/5397 5400/5400/5398 5398/5398/5396
f 5401/5401/5399 5402/5402/5400 5403/5403/5401
f 5404/5404/5402 5405/5405/5403 5406/5406/5404
f 5407/5407/5405 5406/5406/5404 5408/5408/5406
f 5409/5409/5407 5408/5408/5406 5402/5402/5400
f 5406/5406/5404 5410/5410/5408 5411/5411/5409
f 5408/5408/5406 5411/5411/5409 5412/5412/5410
f 5402/5402/5400 5412/5412/5410 5413/5413/5411
f 5414/5414/5412 5402/5402/5400 5413/5413/5411
f 5411/5411/5409 5410/5410/5408 5415/5415/5413
f 5416/5416/5414 5412/5412/5410 5411/5411/5409
f 5413/5413/5411 5416/5416/5414 5417/5417/5415
f 5414/5414/5412 5417/5417/5415 5418/5418/5416
f 5418/5418/5416 5419/5419/5417 5217/5217/5215
f 5217/5217/5215 5157/5157/5155 5153/5153/5151
f 5417/5417/5415 5420/5420/5418 5419/5419/5417
f 5419/5419/5417 5421/5421/5419 5157/5157/5155
f 5161/5161/5159 5422/5422/5420 5312/5312/5310
f 5423/5423/5421 5297/5297/5295 5311/5311/5309
f 5282/5282/5280 5424/5424/5422 5425/5425/5423
f 5281/5281/5279 5426/5426/5424 5424/5424/5422
f 5284/5284/5282 5427/5427/5425 5426/5426/5424
f 5393/5393/5391 5428/5428/5426 5429/5429/5427
f 5430/5430/5428 5431/5431/5429 5428/5428/5426
f 5432/5432/5430 5431/5431/5429 5433/5433/5431
f 5282/5282/5280 5434/5434/5432 5432/5432/5430
f 5428/5428/5426 5435/5435/5433 5396/5396/5394
f 5429/5429/5427 5428/5428/5426 5396/5396/5394
f 5431/5431/5429 5436/5436/5434 5435/5435/5433
f 5425/5425/5423 5437/5437/5435 5436/5436/5434
f 5434/5434/5432 5425/5425/5423 5436/5436/5434
f 5426/5426/5424 5438/5438/5436 5437/5437/5435
f 5424/5424/5422 5426/5426/5424 5437/5437/5435
f 5439/5439/5437 5163/5163/5161 5440/5440/5438
f 5423/5423/5421 5438/5438/5436 5427/5427/5425
f 5164/5164/5162 5440/5440/5438 5163/5163/5161
f 5165/5165/5163 5441/5441/5439 5164/5164/5162
f 5421/5421/5419 5442/5442/5440 5166/5166/5164
f 5165/5165/5163 5166/5166/5164 5442/5442/5440
f 5416/5416/5414 5443/5443/5441 5420/5420/5418
f 5421/5421/5419 5420/5420/5418 5443/5443/5441
f 5435/5435/5433 5399/5399/5397 5396/5396/5394
f 5436/5436/5434 5444/5444/5442 5445/5445/5443
f 5436/5436/5434 5445/5445/5443 5435/5435/5433
f 5437/5437/5435 5446/5446/5444 5444/5444/5442
f 5438/5438/5436 5447/5447/5445 5446/5446/5444
f 5440/5440/5438 5448/5448/5446 5439/5439/5437
f 5440/5440/5438 5449/5449/5447 5450/5450/5448
f 5441/5441/5439 5451/5451/5449 5449/5449/5447
f 5443/5443/5441 5451/5451/5449 5442/5442/5440
f 5411/5411/5409 5452/5452/5450 5443/5443/5441
f 5450/5450/5448 5453/5453/5451 5454/5454/5452
f 5455/5455/5453 5456/5456/5454 5457/5457/5455
f 5452/5452/5450 5458/5458/5456 5451/5451/5449
f 5458/5458/5456 5449/5449/5447 5451/5451/5449
f 5452/5452/5450 5415/5415/5413 5459/5459/5457
f 5460/5460/5458 5461/5461/5459 5462/5462/5460
f 5460/5460/5458 5463/5463/5461 5464/5464/5462
f 5465/5465/5463 5463/5463/5461 5466/5466/5464
f 5467/5467/5465 5465/5465/5463 5466/5466/5464
f 5467/5467/5465 5468/5468/5466 5469/5469/5467
f 5455/5455/5453 5469/5469/5467 5468/5468/5466
f 5470/5470/5468 5471/5471/5469 5456/5456/5454
f 5472/5472/5470 5473/5473/5471 5471/5471/5469
f 5445/5445/5443 5474/5474/5472 5475/5475/5473
f 5445/5445/5443 5476/5476/5474 5399/5399/5397
f 5461/5461/5459 5477/5477/5475 5462/5462/5460
f 5478/5478/5476 5477/5477/5475 5479/5479/5477
f 5480/5480/5478 5466/5466/5464 5463/5463/5461
f 5462/5462/5460 5480/5480/5478 5463/5463/5461
f 5477/5477/5475 5480/5480/5478 5462/5462/5460
f 5470/5470/5468 5468/5468/5466 5480/5480/5478
f 5480/5480/5478 5468/5468/5466 5466/5466/5464
f 5472/5472/5470 5470/5470/5468 5480/5480/5478
f 5481/5481/5479 5482/5482/5480 5483/5483/5481
f 5484/5484/5482 5485/5485/5483 5486/5486/5484
f 5487/5487/5485 5488/5488/5486 5484/5484/5482
f 5489/5489/5487 5487/5487/5485 5490/5490/5488
f 5483/5483/5481 5491/5491/5489 5481/5481/5479
f 5492/5492/5490 5493/5493/5491 5491/5491/5489
f 5493/5493/5491 5494/5494/5492 5495/5495/5493
f 5489/5489/5487 5496/5496/5494 5488/5488/5486
f 5488/5488/5486 5497/5497/5495 5485/5485/5483
f 5482/5482/5480 5498/5498/5496 5483/5483/5481
f 5483/5483/5481 5499/5499/5497 5492/5492/5490
f 5492/5492/5490 5500/5500/5498 5494/5494/5492
f 5494/5494/5492 5501/5501/5499 5495/5495/5493
f 5495/5495/5493 5502/5502/5500 5503/5503/5501
f 5504/5504/5502 5490/5490/5488 5505/5505/5503
f 5506/5506/5504 5498/5498/5496 5507/5507/5505
f 5508/5508/5506 5498/5498/5496 5509/5509/5507
f 5510/5510/5508 5497/5497/5495 5496/5496/5494
f 5511/5511/5509 5496/5496/5494 5504/5504/5502
f 5512/5512/5510 5504/5504/5502 5505/5505/5503
f 5513/5513/5511 5501/5501/5499 5500/5500/5498
f 5514/5514/5512 5501/5501/5499 5515/5515/5513
f 5506/5506/5504 5500/5500/5498 5499/5499/5497
f 5516/5516/5514 5517/5517/5515 5518/5518/5516
f 5519/5519/5517 5507/5507/5505 5520/5520/5518
f 5520/5520/5518 5508/5508/5506 5521/5521/5519
f 5522/5522/5520 5510/5510/5508 5523/5523/5521
f 5510/5510/5508 5524/5524/5522 5523/5523/5521
f 5511/5511/5509 5525/5525/5523 5524/5524/5522
f 5514/5514/5512 5526/5526/5524 5527/5527/5525
f 5516/5516/5514 5515/5515/5513 5513/5513/5511
f 5518/5518/5516 5526/5526/5524 5516/5516/5514
f 5527/5527/5525 5528/5528/5526 5529/5529/5527
f 5530/5530/5528 5525/5525/5523 5531/5531/5529
f 5523/5523/5521 5530/5530/5528 5532/5532/5530
f 5533/5533/5531 5523/5523/5521 5532/5532/5530
f 5534/5534/5532 5521/5521/5519 5535/5535/5533
f 5517/5517/5515 5520/5520/5518 5534/5534/5532
f 5513/5513/5511 5519/5519/5517 5516/5516/5514
f 5528/5528/5526 5536/5536/5534 5537/5537/5535
f 5538/5538/5536 5539/5539/5537 5540/5540/5538
f 5541/5541/5539 5533/5533/5531 5532/5532/5530
f 5542/5542/5540 5532/5532/5530 5530/5530/5528
f 5531/5531/5529 5542/5542/5540 5530/5530/5528
f 5529/5529/5527 5528/5528/5526 5537/5537/5535
f 5534/5534/5532 5536/5536/5534 5517/5517/5515
f 5534/5534/5532 5535/5535/5533 5543/5543/5541
f 5518/5518/5516 5517/5517/5515 5536/5536/5534
f 5542/5542/5540 5541/5541/5539 5532/5532/5530
f 5544/5544/5542 5545/5545/5543 5546/5546/5544
f 5547/5547/5545 5548/5548/5546 5549/5549/5547
f 5550/5550/5548 5551/5551/5549 5552/5552/5550
f 5552/5552/5550 5553/5553/5551 5554/5554/5552
f 5551/5551/5549 5555/5555/5553 5553/5553/5551
f 5556/5556/5554 5557/5557/5555 5551/5551/5549
f 5558/5558/5556 5559/5559/5557 5560/5560/5558
f 5561/5561/5559 5562/5562/5560 5558/5558/5556
f 5563/5563/5561 5562/5562/5560 5561/5561/5559
f 5562/5562/5560 5564/5564/5562 5559/5559/5557
f 5561/5561/5559 5565/5565/5563 5563/5563/5561
f 5566/5566/5564 5567/5567/5565 5565/5565/5563
f 5568/5568/5566 5565/5565/5563 5567/5567/5565
f 5569/5569/5567 5563/5563/5561 5565/5565/5563
f 5570/5570/5568 5571/5571/5569 5563/5563/5561
f 5572/5572/5570 5564/5564/5562 5571/5571/5569
f 5573/5573/5571 5574/5574/5572 5575/5575/5573
f 5576/5576/5574 5573/5573/5571 5575/5575/5573
f 5577/5577/5575 5574/5574/5572 5578/5578/5576
f 5576/5576/5574 5577/5577/5575 5579/5579/5577
f 5580/5580/5578 5581/5581/5579 5582/5582/5580
f 5583/5583/5581 5582/5582/5580 5584/5584/5582
f 5585/5585/5583 5581/5581/5579 5586/5586/5584
f 5587/5587/5585 5586/5586/5584 5581/5581/5579
f 5579/5579/5577 5588/5588/5586 5576/5576/5574
f 5589/5589/5587 5590/5590/5588 5591/5591/5589
f 5592/5592/5590 5590/5590/5588 5593/5593/5591
f 5594/5594/5592 5595/5595/5593 5592/5592/5590
f 5596/5596/5594 5597/5597/5595 5598/5598/5596
f 5597/5597/5595 5599/5599/5597 5600/5600/5598
f 5601/5601/5599 5602/5602/5600 5600/5600/5598
f 5603/5603/5601 5584/5584/5582 5604/5604/5602
f 5605/5605/5603 5606/5606/5604 5599/5599/5597
f 5596/5596/5594 5607/5607/5605 5605/5605/5603
f 5608/5608/5606 5585/5585/5583 5609/5609/5607
f 5610/5610/5608 5599/5599/5597 5606/5606/5604
f 5586/5586/5584 5611/5611/5609 5585/5585/5583
f 5606/5606/5604 5612/5612/5610 5610/5610/5608
f 5607/5607/5605 5612/5612/5610 5606/5606/5604
f 5611/5611/5609 5609/5609/5607 5585/5585/5583
f 5604/5604/5602 5613/5613/5611 5608/5608/5606
f 5614/5614/5612 5600/5600/5598 5599/5599/5597
f 5615/5615/5613 5600/5600/5598 5602/5602/5600
f 5598/5598/5596 5615/5615/5613 5616/5616/5614
f 5584/5584/5582 5581/5581/5579 5613/5613/5611
f 5617/5617/5615 5582/5582/5580 5618/5618/5616
f 5619/5619/5617 5592/5592/5590 5602/5602/5600
f 5602/5602/5600 5593/5593/5591 5615/5615/5613
f 5616/5616/5614 5593/5593/5591 5589/5589/5587
f 5583/5583/5581 5620/5620/5618 5579/5579/5577
f 5579/5579/5577 5618/5618/5616 5583/5583/5581
f 5618/5618/5616 5578/5578/5576 5617/5617/5615
f 5621/5621/5619 5622/5622/5620 5623/5623/5621
f 5560/5560/5558 5621/5621/5619 5623/5623/5621
f 5624/5624/5622 5625/5625/5623 5626/5626/5624
f 5627/5627/5625 5624/5624/5622 5626/5626/5624
f 5628/5628/5626 5625/5625/5623 5629/5629/5627
f 5627/5627/5625 5628/5628/5626 5630/5630/5628
f 5631/5631/5629 5632/5632/5630 5633/5633/5631
f 5634/5634/5632 5635/5635/5633 5633/5633/5631
f 5631/5631/5629 5636/5636/5634 5637/5637/5635
f 5638/5638/5636 5639/5639/5637 5631/5631/5629
f 5639/5639/5637 5636/5636/5634 5631/5631/5629
f 5639/5639/5637 5640/5640/5638 5636/5636/5634
f 5641/5641/5639 5642/5642/5640 5643/5643/5641
f 5642/5642/5640 5644/5644/5642 5643/5643/5641
f 5629/5629/5627 5645/5645/5643 5646/5646/5644
f 5647/5647/5645 5648/5648/5646 5644/5644/5642
f 5649/5649/5647 5650/5650/5648 5651/5651/5649
f 5652/5652/5650 5653/5653/5651 5649/5649/5647
f 5635/5635/5633 5654/5654/5652 5655/5655/5653
f 5650/5650/5648 5656/5656/5654 5651/5651/5649
f 5657/5657/5655 5658/5658/5656 5659/5659/5657
f 5660/5660/5658 5661/5661/5659 5657/5657/5655
f 5660/5660/5658 5662/5662/5660 5661/5661/5659
f 5639/5639/5637 5663/5663/5661 5664/5664/5662
f 5661/5661/5659 5665/5665/5663 5658/5658/5656
f 5639/5639/5637 5664/5664/5662 5640/5640/5638
f 5665/5665/5663 5661/5661/5659 5662/5662/5660
f 5651/5651/5649 5666/5666/5664 5660/5660/5658
f 5638/5638/5636 5655/5655/5653 5663/5663/5661
f 5659/5659/5657 5649/5649/5647 5657/5657/5655
f 5657/5657/5655 5651/5651/5649 5660/5660/5658
f 5633/5633/5631 5638/5638/5636 5631/5631/5629
f 5633/5633/5631 5667/5667/5665 5634/5634/5632
f 5644/5644/5642 5668/5668/5666 5650/5650/5648
f 5669/5669/5667 5646/5646/5644 5654/5654/5652
f 5643/5643/5641 5650/5650/5648 5653/5653/5651
f 5641/5641/5639 5653/5653/5651 5670/5670/5668
f 5667/5667/5665 5628/5628/5626 5634/5634/5632
f 5628/5628/5626 5669/5669/5667 5634/5634/5632
f 5642/5642/5640 5671/5671/5669 5647/5647/5645
f 5672/5672/5670 5673/5673/5671 5642/5642/5640
f 5674/5674/5672 5645/5645/5643 5625/5625/5623
f 5675/5675/5673 5676/5676/5674 5674/5674/5672
f 5677/5677/5675 5673/5673/5671 5678/5678/5676
f 5673/5673/5671 5679/5679/5677 5671/5671/5669
f 5671/5671/5669 5680/5680/5678 5647/5647/5645
f 5681/5681/5679 5682/5682/5680 5683/5683/5681
f 5681/5681/5679 5684/5684/5682 5685/5685/5683
f 5686/5686/5684 5687/5687/5685 5688/5688/5686
f 5689/5689/5687 5687/5687/5685 5690/5690/5688
f 5691/5691/5689 5692/5692/5690 5686/5686/5684
f 5693/5693/5691 5694/5694/5692 5695/5695/5693
f 5544/5544/5542 5696/5696/5694 5697/5697/5695
f 5698/5698/5696 5548/5548/5546 5694/5694/5692
f 5699/5699/5697 5684/5684/5682 5700/5700/5698
f 5701/5701/5699 5702/5702/5700 5703/5703/5701
f 5704/5704/5702 5705/5705/5703 5696/5696/5694
f 5706/5706/5704 5698/5698/5696 5707/5707/5705
f 5698/5698/5696 5708/5708/5706 5709/5709/5707
f 5707/5707/5705 5709/5709/5707 5710/5710/5708
f 5697/5697/5695 5686/5686/5684 5688/5688/5686
f 5701/5701/5699 5694/5694/5692 5548/5548/5546
f 5705/5705/5703 5686/5686/5684 5696/5696/5694
f 5711/5711/5709 5712/5712/5710 5547/5547/5545
f 5697/5697/5695 5689/5689/5687 5545/5545/5543
f 5713/5713/5711 5714/5714/5712 5699/5699/5697
f 5715/5715/5713 5716/5716/5714 5717/5717/5715
f 5595/5595/5593 5718/5718/5716 5590/5590/5588
f 5590/5590/5588 5719/5719/5717 5591/5591/5589
f 5576/5576/5574 5720/5720/5718 5721/5721/5719
f 5595/5595/5593 5722/5722/5720 5723/5723/5721
f 5724/5724/5722 5725/5725/5723 5726/5726/5724
f 5727/5727/5725 5687/5687/5685 5725/5725/5723
f 5550/5550/5548 5693/5693/5691 5728/5728/5726
f 5692/5692/5690 5729/5729/5727 5726/5726/5724
f 5730/5730/5728 5731/5731/5729 5724/5724/5722
f 5731/5731/5729 5732/5732/5730 5733/5733/5731
f 5557/5557/5555 5734/5734/5732 5735/5735/5733
f 5724/5724/5722 5736/5736/5734 5730/5730/5728
f 5557/5557/5555 5737/5737/5735 5555/5555/5553
f 5738/5738/5736 5730/5730/5728 5736/5736/5734
f 5732/5732/5730 5730/5730/5728 5738/5738/5736
f 5737/5737/5735 5557/5557/5555 5735/5735/5733
f 5726/5726/5724 5739/5739/5737 5724/5724/5722
f 5556/5556/5554 5728/5728/5726 5734/5734/5732
f 5733/5733/5731 5725/5725/5723 5731/5731/5729
f 5692/5692/5690 5725/5725/5723 5687/5687/5685
f 5552/5552/5550 5710/5710/5708 5709/5709/5707
f 5708/5708/5706 5552/5552/5550 5709/5709/5707
f 5740/5740/5738 5741/5741/5739 5704/5704/5702
f 5711/5711/5709 5549/5549/5547 5706/5706/5704
f 5741/5741/5739 5705/5705/5703 5704/5704/5702
f 5742/5742/5740 5743/5743/5741 5744/5744/5742
f 5745/5745/5743 5742/5742/5740 5746/5746/5744
f 5747/5747/5745 5748/5748/5746 5749/5749/5747
f 5748/5748/5746 5750/5750/5748 5749/5749/5747
f 5751/5751/5749 5752/5752/5750 5750/5750/5748
f 5744/5744/5742 5753/5753/5751 5754/5754/5752
f 5755/5755/5753 5756/5756/5754 5751/5751/5749
f 5745/5745/5743 5757/5757/5755 5758/5758/5756
f 5758/5758/5756 5759/5759/5757 5743/5743/5741
f 5759/5759/5757 5753/5753/5751 5743/5743/5741
f 5760/5760/5758 5748/5748/5746 5761/5761/5759
f 5748/5748/5746 5762/5762/5760 5751/5751/5749
f 5762/5762/5760 5755/5755/5753 5751/5751/5749
f 5763/5763/5761 5764/5764/5762 5765/5765/5763
f 5766/5766/5764 5763/5763/5761 5765/5765/5763
f 5767/5767/5765 5768/5768/5766 5769/5769/5767
f 5770/5770/5768 5771/5771/5769 5767/5767/5765
f 5772/5772/5770 5773/5773/5771 5770/5770/5768
f 5764/5764/5762 5774/5774/5772 5775/5775/5773
f 5776/5776/5774 5777/5777/5775 5778/5778/5776
f 5778/5778/5776 5779/5779/5777 5780/5780/5778
f 5767/5767/5765 5781/5781/5779 5782/5782/5780
f 5783/5783/5781 5767/5767/5765 5782/5782/5780
f 5784/5784/5782 5770/5770/5768 5783/5783/5781
f 5776/5776/5774 5775/5775/5773 5785/5785/5783
f 5786/5786/5784 5787/5787/5785 5788/5788/5786
f 5789/5789/5787 5787/5787/5785 5786/5786/5784
f 5790/5790/5788 5791/5791/5789 5777/5777/5775
f 5791/5791/5789 5779/5779/5777 5777/5777/5775
f 5789/5789/5787 5792/5792/5790 5787/5787/5785
f 5791/5791/5789 5790/5790/5788 5793/5793/5791
f 5794/5794/5792 5754/5754/5752 5774/5774/5772
f 5771/5771/5769 5752/5752/5750 5768/5768/5766
f 5773/5773/5771 5750/5750/5748 5771/5771/5769
f 5747/5747/5745 5773/5773/5771 5795/5795/5793
f 5746/5746/5744 5763/5763/5761 5796/5796/5794
f 5763/5763/5761 5744/5744/5742 5794/5794/5792
f 5790/5790/5788 5785/5785/5783 5793/5793/5791
f 5788/5788/5786 5783/5783/5781 5786/5786/5784
f 5786/5786/5784 5782/5782/5780 5789/5789/5787
f 5782/5782/5780 5792/5792/5790 5789/5789/5787
f 5765/5765/5763 5780/5780/5778 5766/5766/5764
f 5764/5764/5762 5778/5778/5776 5765/5765/5763
f 5797/5797/5795 5798/5798/5796 5799/5799/5797
f 5797/5797/5795 5800/5800/5798 5801/5801/5799
f 5802/5802/5800 5800/5800/5798 5803/5803/5801
f 5804/5804/5802 5805/5805/5803 5802/5802/5800
f 5806/5806/5804 5807/5807/5805 5808/5808/5806
f 5809/5809/5807 5810/5810/5808 5811/5811/5809
f 5812/5812/5810 5813/5813/5811 5814/5814/5812
f 5814/5814/5812 5808/5808/5806 5807/5807/5805
f 5815/5815/5813 5812/5812/5810 5816/5816/5814
f 5816/5816/5814 5814/5814/5812 5817/5817/5815
f 5817/5817/5815 5807/5807/5805 5818/5818/5816
f 5819/5819/5817 5807/5807/5805 5820/5820/5818
f 5816/5816/5814 5821/5821/5819 5815/5815/5813
f 5822/5822/5820 5816/5816/5814 5817/5817/5815
f 5822/5822/5820 5818/5818/5816 5823/5823/5821
f 5823/5823/5821 5819/5819/5817 5824/5824/5822
f 5825/5825/5823 5824/5824/5822 5621/5621/5619
f 5564/5564/5562 5621/5621/5619 5559/5559/5557
f 5826/5826/5824 5823/5823/5821 5825/5825/5823
f 5827/5827/5825 5825/5825/5823 5564/5564/5562
f 5567/5567/5565 5828/5828/5826 5568/5568/5566
f 5699/5699/5697 5829/5829/5827 5713/5713/5711
f 5683/5683/5681 5830/5830/5828 5681/5681/5679
f 5831/5831/5829 5681/5681/5679 5830/5830/5828
f 5832/5832/5830 5700/5700/5698 5831/5831/5829
f 5798/5798/5796 5833/5833/5831 5834/5834/5832
f 5834/5834/5832 5835/5835/5833 5836/5836/5834
f 5835/5835/5833 5837/5837/5835 5836/5836/5834
f 5838/5838/5836 5683/5683/5681 5837/5837/5835
f 5833/5833/5831 5839/5839/5837 5835/5835/5833
f 5801/5801/5799 5800/5800/5798 5833/5833/5831
f 5835/5835/5833 5840/5840/5838 5838/5838/5836
f 5841/5841/5839 5842/5842/5840 5830/5830/5828
f 5838/5838/5836 5840/5840/5838 5841/5841/5839
f 5831/5831/5829 5843/5843/5841 5832/5832/5830
f 5830/5830/5828 5842/5842/5840 5831/5831/5829
f 5844/5844/5842 5568/5568/5566 5828/5828/5826
f 5843/5843/5841 5829/5829/5827 5832/5832/5830
f 5845/5845/5843 5569/5569/5567 5568/5568/5566
f 5846/5846/5844 5570/5570/5568 5569/5569/5567
f 5847/5847/5845 5827/5827/5825 5572/5572/5570
f 5570/5570/5568 5847/5847/5845 5572/5572/5570
f 5848/5848/5846 5822/5822/5820 5826/5826/5824
f 5827/5827/5825 5848/5848/5846 5826/5826/5824
f 5805/5805/5803 5839/5839/5837 5800/5800/5798
f 5840/5840/5838 5849/5849/5847 5842/5842/5840
f 5840/5840/5838 5839/5839/5837 5850/5850/5848
f 5842/5842/5840 5851/5851/5849 5843/5843/5841
f 5843/5843/5841 5852/5852/5850 5853/5853/5851
f 5854/5854/5852 5845/5845/5843 5844/5844/5842
f 5845/5845/5843 5855/5855/5853 5846/5846/5844
f 5846/5846/5844 5856/5856/5854 5847/5847/5845
f 5856/5856/5854 5848/5848/5846 5847/5847/5845
f 5857/5857/5855 5816/5816/5814 5848/5848/5846
f 5858/5858/5856 5859/5859/5857 5855/5855/5853
f 5860/5860/5858 5861/5861/5859 5862/5862/5860
f 5863/5863/5861 5857/5857/5855 5856/5856/5854
f 5863/5863/5861 5855/5855/5853 5859/5859/5857
f 5857/5857/5855 5864/5864/5862 5821/5821/5819
f 5865/5865/5863 5866/5866/5864 5867/5867/5865
f 5868/5868/5866 5865/5865/5863 5869/5869/5867
f 5870/5870/5868 5868/5868/5866 5869/5869/5867
f 5871/5871/5869 5872/5872/5870 5870/5870/5868
f 5873/5873/5871 5871/5871/5869 5874/5874/5872
f 5861/5861/5859 5873/5873/5871 5874/5874/5872
f 5875/5875/5873 5876/5876/5874 5860/5860/5858
f 5877/5877/5875 5878/5878/5876 5875/5875/5873
f 5850/5850/5848 5879/5879/5877 5849/5849/5847
f 5850/5850/5848 5880/5880/5878 5881/5881/5879
f 5867/5867/5865 5882/5882/5880 5883/5883/5881
f 5882/5882/5880 5884/5884/5882 5883/5883/5881
f 5885/5885/5883 5868/5868/5866 5872/5872/5870
f 5866/5866/5864 5868/5868/5866 5885/5885/5883
f 5885/5885/5883 5882/5882/5880 5866/5866/5864
f 5873/5873/5871 5876/5876/5874 5885/5885/5883
f 5885/5885/5883 5872/5872/5870 5873/5873/5871
f 5878/5878/5876 5885/5885/5883 5876/5876/5874
f 5886/5886/5884 5887/5887/5885 5888/5888/5886
f 5889/5889/5887 5890/5890/5888 5891/5891/5889
f 5892/5892/5890 5893/5893/5891 5890/5890/5888
f 5894/5894/5892 5895/5895/5893 5893/5893/5891
f 5896/5896/5894 5897/5897/5895 5886/5886/5884
f 5898/5898/5896 5899/5899/5897 5896/5896/5894
f 5898/5898/5896 5900/5900/5898 5901/5901/5899
f 5902/5902/5900 5894/5894/5892 5892/5892/5890
f 5892/5892/5890 5903/5903/5901 5902/5902/5900
f 5887/5887/5885 5904/5904/5902 5905/5905/5903
f 5897/5897/5895 5906/5906/5904 5904/5904/5902
f 5907/5907/5905 5899/5899/5897 5901/5901/5899
f 5908/5908/5906 5901/5901/5899 5900/5900/5898
f 5909/5909/5907 5900/5900/5898 5910/5910/5908
f 5911/5911/5909 5895/5895/5893 5894/5894/5892
f 5904/5904/5902 5912/5912/5910 5913/5913/5911
f 5914/5914/5912 5904/5904/5902 5913/5913/5911
f 5915/5915/5913 5903/5903/5901 5916/5916/5914
f 5917/5917/5915 5902/5902/5900 5915/5915/5913
f 5918/5918/5916 5911/5911/5909 5917/5917/5915
f 5919/5919/5917 5908/5908/5906 5920/5920/5918
f 5908/5908/5906 5921/5921/5919 5920/5920/5918
f 5912/5912/5910 5907/5907/5905 5919/5919/5917
f 5922/5922/5920 5923/5923/5921 5924/5924/5922
f 5913/5913/5911 5924/5924/5922 5925/5925/5923
f 5925/5925/5923 5914/5914/5912 5913/5913/5911
f 5926/5926/5924 5915/5915/5913 5916/5916/5914
f 5927/5927/5925 5915/5915/5913 5928/5928/5926
f 5929/5929/5927 5917/5917/5915 5927/5927/5925
f 5930/5930/5928 5921/5921/5919 5931/5931/5929
f 5922/5922/5920 5920/5920/5918 5930/5930/5928
f 5932/5932/5930 5930/5930/5928 5933/5933/5931
f 5933/5933/5931 5931/5931/5929 5934/5934/5932
f 5935/5935/5933 5929/5929/5927 5927/5927/5925
f 5935/5935/5933 5928/5928/5926 5936/5936/5934
f 5937/5937/5935 5928/5928/5926 5926/5926/5924
f 5938/5938/5936 5939/5939/5937 5925/5925/5923
f 5925/5925/5923 5923/5923/5921 5938/5938/5936
f 5919/5919/5917 5924/5924/5922 5912/5912/5910
f 5933/5933/5931 5940/5940/5938 5932/5932/5930
f 5941/5941/5939 5942/5942/5939 5943/5943/5940
f 5944/5944/5941 5936/5936/5934 5937/5937/5935
f 5945/5945/5942 5935/5935/5933 5936/5936/5934
f 5946/5946/5943 5945/5945/5942 5947/5947/5944
f 5934/5934/5932 5948/5948/5945 5933/5933/5931
f 5940/5940/5938 5938/5938/5936 5923/5923/5921
f 5938/5938/5936 5949/5949/5946 5950/5950/5947
f 5932/5932/5930 5940/5940/5938 5923/5923/5921
f 5945/5945/5942 5936/5936/5934 5944/5944/5941
f 5951/5951/5948 5952/5952/5949 5953/5953/5950
f 5954/5954/5951 5955/5955/5952 5956/5956/5953
f 5957/5957/5954 5954/5954/5951 5956/5956/5953
f 5958/5958/5955 5959/5959/5956 5960/5960/5957
f 5961/5961/5958 5962/5962/5959 5959/5959/5956
f 5963/5963/5960 5958/5958/5955 5964/5964/5961
f 5965/5965/5962 5966/5966/5963 5967/5967/5964
f 5968/5968/5965 5969/5969/5966 5970/5970/5967
f 5968/5968/5965 5971/5971/5968 5972/5972/5969
f 5973/5973/5970 5974/5974/5971 5975/5975/5972
f 5976/5976/5973 5977/5977/5974 5978/5978/5975
f 5976/5976/5973 5979/5979/5976 5973/5973/5970
f 5980/5980/5977 5981/5981/5978 5982/5982/5979
f 5980/5980/5977 5983/5983/5980 5984/5984/5981
f 5980/5980/5977 5985/5985/5982 5986/5986/5983
f 5987/5987/5984 5988/5988/5985 5989/5989/5986
f 5990/5990/5987 5991/5991/5988 5988/5988/5985
f 5992/5992/5989 5993/5993/5990 5994/5994/5991
f 5995/5995/5992 5996/5996/5993 5988/5988/5985
f 5992/5992/5989 5997/5997/5994 5993/5993/5990
f 5998/5998/5995 5999/5999/5996 6000/6000/5997
f 6001/6001/5998 6002/6002/5999 6003/6003/6000
f 6000/6000/5997 6004/6004/6001 6005/6005/6002
f 6006/6006/6003 6007/6007/6004 6008/6008/6005
f 6006/6006/6003 6008/6008/6005 5975/5975/5972
f 6004/6004/6001 6009/6009/6006 6005/6005/6002
f 6010/6010/6007 6011/6011/6008 6012/6012/6009
f 6010/6010/6007 6012/6012/6009 6013/6013/6010
f 6014/6014/6011 6015/6015/6012 6016/6016/6013
f 6014/6014/6011 5961/5961/5958 5958/5958/5955
f 6017/6017/6014 5971/5971/5968 5961/5961/5958
f 6018/6018/6015 6019/6019/6016 6020/6020/6017
f 6021/6021/6018 6022/6022/6019 6023/6023/6020
f 6021/6021/6018 6024/6024/6021 6025/6025/6022
f 6021/6021/6018 6026/6026/6023 6027/6027/6024
f 6028/6028/6025 6029/6029/6026 6030/6030/6027
f 6031/6031/6028 6032/6032/6029 6033/6033/6030
f 6033/6033/6030 6034/6034/6031 6031/6031/6028
f 6028/6028/6025 6035/6035/6032 6036/6036/6033
f 6037/6037/6034 6030/6030/6027 6038/6038/6035
f 6038/6038/6035 6039/6039/6036 6040/6040/6037
f 6041/6041/6038 6040/6040/6037 6039/6039/6036
f 6042/6042/6039 6043/6043/6040 6039/6039/6036
f 6039/6039/6036 6044/6044/6041 6041/6041/6038
f 6045/6045/6042 6041/6041/6038 6044/6044/6041
f 6046/6046/6043 6047/6047/6044 6048/6048/6045
f 6048/6048/6045 6049/6049/6046 6046/6046/6043
f 6048/6048/6045 6050/6050/6047 6051/6051/6048
f 6051/6051/6048 5999/5999/5996 6048/6048/6045
f 6051/6051/6048 6052/6052/6049 6053/6053/6050
f 6053/6053/6050 6004/6004/6001 6051/6051/6048
f 6053/6053/6050 6054/6054/6051 6055/6055/6052
f 6055/6055/6052 6009/6009/6006 6053/6053/6050
f 6056/6056/6053 6009/6009/6006 6057/6057/6054
f 6057/6057/6054 6058/6058/6055 6056/6056/6053
f 6059/6059/6056 6034/6034/6031 6006/6006/6003
f 6059/6059/6056 6006/6006/6003 6060/6060/6057
f 6061/6061/6058 6062/6062/6059 6063/6063/6060
f 6062/6062/6059 6064/6064/6061 6063/6063/6060
f 6065/6065/6062 6066/6066/6063 6064/6064/6061
f 6066/6066/6063 6067/6067/6064 6064/6064/6061
f 6064/6064/6061 6068/6068/6065 6063/6063/6060
f 6067/6067/6064 6069/6069/6066 6068/6068/6065
f 6070/6070/6067 6071/6071/6068 6032/6032/6029
f 5951/5951/5948 6032/6032/6029 6071/6071/6068
f 6072/6072/6069 6073/6073/6070 6069/6069/6066
f 6074/6074/6071 5990/5990/5987 6071/6071/6068
f 6035/6035/6032 6075/6075/6072 6076/6076/6073
f 6037/6037/6034 6040/6040/6037 6075/6075/6072
f 6075/6075/6072 6073/6073/6070 6076/6076/6073
f 6075/6075/6072 5997/5997/5994 6077/6077/6074
f 6078/6078/6075 6036/6036/6033 6035/6035/6032
f 6036/6036/6033 6016/6016/6013 6079/6079/6076
f 6079/6079/6076 6080/6080/6077 6029/6029/6026
f 6079/6079/6076 6028/6028/6025 6036/6036/6033
f 6080/6080/6077 6081/6081/6078 6082/6082/6079
f 6082/6082/6079 6029/6029/6026 6080/6080/6077
f 6083/6083/6080 6084/6084/6081 6085/6085/6082
f 6085/6085/6082 6086/6086/6083 6083/6083/6080
f 6083/6083/6080 6086/6086/6083 6029/6029/6026
f 6086/6086/6083 6030/6030/6027 6029/6029/6026
f 6087/6087/6084 6088/6088/6085 6086/6086/6083
f 6089/6089/6086 6024/6024/6021 6023/6023/6020
f 6090/6090/6087 6091/6091/6088 6092/6092/6089
f 6092/6092/6089 6093/6093/6090 6090/6090/6087
f 6094/6094/6091 6095/6095/6092 6092/6092/6089
f 6096/6096/6093 6047/6047/6044 6095/6095/6092
f 6096/6096/6093 6097/6097/6094 6098/6098/6095
f 6098/6098/6095 6050/6050/6047 6096/6096/6093
f 6098/6098/6095 6099/6099/6096 6100/6100/6097
f 6100/6100/6097 6052/6052/6049 6098/6098/6095
f 6101/6101/6098 6020/6020/6017 6066/6066/6063
f 6066/6066/6063 6019/6019/6016 6102/6102/6099
f 6102/6102/6099 6103/6103/6100 6104/6104/6101
f 6104/6104/6101 6067/6067/6064 6102/6102/6099
f 6104/6104/6101 6078/6078/6075 6072/6072/6069
f 6104/6104/6101 6105/6105/6102 6078/6078/6075
f 6105/6105/6102 6014/6014/6011 6016/6016/6013
f 6106/6106/6103 6107/6107/6104 6108/6108/6105
f 6109/6109/6106 5969/5969/5966 5972/5972/5969
f 6106/6106/6103 5965/5965/5962 5967/5967/5964
f 6110/6110/6107 6018/6018/6015 6111/6111/6108
f 5967/5967/5964 5966/5966/5963 6112/6112/6109
f 6111/6111/6108 6020/6020/6017 6113/6113/6110
f 6114/6114/6111 5965/5965/5962 6106/6106/6103
f 6114/6114/6111 6022/6022/6019 6011/6011/6008
f 6011/6011/6008 6027/6027/6024 6012/6012/6009
f 6027/6027/6024 6115/6115/6112 6012/6012/6009
f 6012/6012/6009 6115/6115/6112 6013/6013/6010
f 6116/6116/6113 5963/5963/5960 5964/5964/5961
f 6116/6116/6113 6081/6081/6078 6117/6117/6114
f 6117/6117/6114 6015/6015/6012 5963/5963/5960
f 6117/6117/6114 6080/6080/6077 6015/6015/6012
f 6015/6015/6012 6079/6079/6076 6016/6016/6013
f 6118/6118/6115 6027/6027/6024 6026/6026/6023
f 6119/6119/6116 6082/6082/6079 6081/6081/6078
f 6022/6022/6019 6091/6091/6088 6089/6089/6086
f 6094/6094/6091 6091/6091/6088 6114/6114/6111
f 6094/6094/6091 6106/6106/6103 6097/6097/6094
f 6106/6106/6103 6099/6099/6096 6097/6097/6094
f 6093/6093/6090 6047/6047/6044 6120/6120/6117
f 6089/6089/6086 6023/6023/6020 6022/6022/6019
f 6121/6121/6118 6088/6088/6085 6122/6122/6119
f 6042/6042/6039 6030/6030/6027 6088/6088/6085
f 6078/6078/6075 6076/6076/6073 6072/6072/6069
f 5952/5952/5949 6032/6032/6029 5953/5953/5950
f 6123/6123/6120 6124/6124/6121 6125/6125/6122
f 5952/5952/5949 6007/6007/6004 6033/6033/6030
f 5983/5983/5980 5982/5982/5979 6124/6124/6121
f 6126/6126/6123 6008/6008/6005 6007/6007/6004
f 6127/6127/6124 6128/6128/6125 6129/6129/6126
f 6128/6128/6125 6045/6045/6042 6129/6129/6126
f 6128/6128/6125 6130/6130/6127 5994/5994/5991
f 5994/5994/5991 6131/6131/6128 6128/6128/6125
f 5997/5997/5994 6131/6131/6128 5993/5993/5990
f 5996/5996/5993 6132/6132/6129 5976/5976/5973
f 6133/6133/6130 6134/6134/6131 6123/6123/6120
f 6003/6003/6000 6134/6134/6131 6133/6133/6130
f 6015/6015/6012 5958/5958/5955 5963/5963/5960
f 6125/6125/6122 5982/5982/5979 5981/5981/5978
f 5975/5975/5972 6008/6008/6005 5977/5977/5974
f 5957/5957/5954 5977/5977/5974 6008/6008/6005
f 5990/5990/5987 5987/5987/5984 5951/5951/5948
f 5990/5990/5987 5951/5951/5948 6071/6071/6068
f 6135/6135/6132 5985/5985/5982 5984/5984/5981
f 6001/6001/5998 5983/5983/5980 6002/6002/5999
f 5996/5996/5993 5978/5978/5975 5988/5988/5985
f 5989/5989/5986 5978/5978/5975 5955/5955/5952
f 6002/6002/5999 5983/5983/5980 6124/6124/6121
f 6134/6134/6131 6002/6002/5999 6124/6124/6121
f 5977/5977/5974 5955/5955/5952 5978/5978/5975
f 5952/5952/5949 5954/5954/5951 6126/6126/6123
f 5954/5954/5951 5987/5987/5984 5989/5989/5986
f 6136/6136/6133 6059/6059/6056 6060/6060/6057
f 6060/6060/6057 6006/6006/6003 5975/5975/5972
f 5991/5991/5988 5995/5995/5992 5988/5988/5985
f 5974/5974/5971 6060/6060/6057 5975/5975/5972
f 5973/5973/5970 5975/5975/5972 5977/5977/5974
f 6001/6001/5998 6135/6135/6132 5984/5984/5981
f 6109/6109/6106 6110/6110/6107 5969/5969/5966
f 5958/5958/5955 5960/5960/5957 5964/5964/5961
f 5968/5968/5965 6137/6137/6134 5962/5962/5959
f 5962/5962/5959 6137/6137/6134 5959/5959/5956
f 5966/5966/5963 6138/6138/6135 6112/6112/6109
f 5966/5966/5963 6139/6139/6136 6140/6140/6137
f 5966/5966/5963 6010/6010/6007 6139/6139/6136
f 6018/6018/6015 6109/6109/6106 6141/6141/6138
f 6141/6141/6138 6103/6103/6100 6019/6019/6016
f 6141/6141/6138 6017/6017/6014 6142/6142/6139
f 6109/6109/6106 5971/5971/5968 6017/6017/6014
f 6014/6014/6011 6103/6103/6100 6142/6142/6139
f 6017/6017/6014 6014/6014/6011 6142/6142/6139
f 6028/6028/6025 6079/6079/6076 6029/6029/6026
f 6132/6132/6129 6143/6143/6140 5979/5979/5976
f 6034/6034/6031 6144/6144/6141 6031/6031/6028
f 6145/6145/6142 6146/6146/6143 6147/6147/6144
f 6148/6148/6145 6149/6149/6146 6150/6150/6147
f 6149/6149/6146 6151/6151/6148 6150/6150/6147
f 6152/6152/6149 6153/6153/6150 6154/6154/6151
f 6155/6155/6152 6156/6156/6153 6152/6152/6149
f 6157/6157/6154 6158/6158/6155 6153/6153/6150
f 6159/6159/6156 6160/6160/6157 6161/6161/6158
f 6162/6162/6159 6163/6163/6160 6164/6164/6161
f 6162/6162/6159 6165/6165/6162 6155/6155/6152
f 6166/6166/6163 6167/6167/6164 6168/6168/6165
f 6169/6169/6166 6170/6170/6167 6166/6166/6163
f 6168/6168/6165 6169/6169/6166 6166/6166/6163
f 6171/6171/6168 6172/6172/6169 6173/6173/6170
f 6171/6171/6168 6174/6174/6171 6175/6175/6172
f 6171/6171/6168 6176/6176/6173 6177/6177/6174
f 6178/6178/6175 6179/6179/6176 6180/6180/6177
f 6181/6181/6178 6182/6182/6179 6183/6183/6180
f 6184/6184/6181 6185/6185/6182 6186/6186/6183
f 6187/6187/6184 6178/6178/6175 6188/6188/6185
f 6184/6184/6181 6189/6189/6186 6190/6190/6187
f 6191/6191/6188 6192/6192/6189 6193/6193/6190
f 6194/6194/6191 6195/6195/6192 6196/6196/6193
f 6193/6193/6190 6197/6197/6194 6191/6191/6188
f 6198/6198/6195 6199/6199/6196 6200/6200/6197
f 6198/6198/6195 6201/6201/6198 6202/6202/6199
f 6197/6197/6194 6203/6203/6200 6204/6204/6201
f 6205/6205/6202 6206/6206/6203 6160/6160/6157
f 6205/6205/6202 6207/6207/6204 6208/6208/6205
f 6209/6209/6206 6210/6210/6207 6211/6211/6208
f 6156/6156/6153 6209/6209/6206 6153/6153/6150
f 6212/6212/6209 6156/6156/6153 6165/6165/6162
f 6213/6213/6210 6214/6214/6211 6215/6215/6212
f 6216/6216/6213 6217/6217/6214 6218/6218/6215
f 6216/6216/6213 6219/6219/6216 6220/6220/6217
f 6216/6216/6213 6221/6221/6218 6222/6222/6219
f 6223/6223/6220 6224/6224/6221 6225/6225/6222
f 6226/6226/6223 6227/6227/6224 6228/6228/6225
f 6200/6200/6197 6229/6229/6226 6226/6226/6223
f 6223/6223/6220 6230/6230/6227 6231/6231/6228
f 6231/6231/6228 6224/6224/6221 6223/6223/6220
f 6232/6232/6229 6233/6233/6230 6234/6234/6231
f 6235/6235/6232 6236/6236/6233 6233/6233/6230
f 6237/6237/6234 6234/6234/6231 6233/6233/6230
f 6233/6233/6230 6238/6238/6235 6237/6237/6234
f 6236/6236/6233 6239/6239/6236 6238/6238/6235
f 6240/6240/6237 6241/6241/6238 6242/6242/6239
f 6243/6243/6240 6244/6244/6241 6240/6240/6237
f 6244/6244/6241 6245/6245/6242 6241/6241/6238
f 6191/6191/6188 6246/6246/6243 6244/6244/6241
f 6246/6246/6243 6247/6247/6244 6245/6245/6242
f 6197/6197/6194 6248/6248/6245 6246/6246/6243
f 6248/6248/6245 6249/6249/6246 6247/6247/6244
f 6204/6204/6201 6250/6250/6247 6248/6248/6245
f 6204/6204/6201 6251/6251/6248 6252/6252/6249
f 6252/6252/6249 6251/6251/6248 6253/6253/6250
f 6254/6254/6251 6200/6200/6197 6255/6255/6252
f 6254/6254/6251 6256/6256/6253 6198/6198/6195
f 6257/6257/6254 6258/6258/6255 6259/6259/6256
f 6259/6259/6256 6260/6260/6257 6261/6261/6258
f 6262/6262/6259 6261/6261/6258 6260/6260/6257
f 6263/6263/6260 6262/6262/6259 6260/6260/6257
f 6260/6260/6257 6264/6264/6261 6263/6263/6260
f 6265/6265/6262 6263/6263/6260 6264/6264/6261
f 6228/6228/6225 6266/6266/6263 6267/6267/6264
f 6227/6227/6224 6145/6145/6142 6266/6266/6263
f 6268/6268/6265 6269/6269/6266 6265/6265/6262
f 6267/6267/6264 6181/6181/6178 6183/6183/6180
f 6230/6230/6227 6270/6270/6267 6231/6231/6228
f 6235/6235/6232 6231/6231/6228 6270/6270/6267
f 6268/6268/6265 6270/6270/6267 6271/6271/6268
f 6270/6270/6267 6189/6189/6186 6235/6235/6232
f 6272/6272/6269 6273/6273/6270 6230/6230/6227
f 6272/6272/6269 6210/6210/6207 6274/6274/6271
f 6275/6275/6272 6225/6225/6222 6276/6276/6273
f 6275/6275/6272 6272/6272/6269 6223/6223/6220
f 6276/6276/6273 6277/6277/6274 6278/6278/6275
f 6225/6225/6222 6277/6277/6274 6276/6276/6273
f 6279/6279/6276 6280/6280/6277 6277/6277/6274
f 6281/6281/6278 6282/6282/6279 6279/6279/6276
f 6279/6279/6276 6225/6225/6222 6281/6281/6278
f 6281/6281/6278 6224/6224/6221 6283/6283/6280
f 6283/6283/6280 6284/6284/6281 6281/6281/6278
f 6285/6285/6282 6220/6220/6217 6219/6219/6216
f 6286/6286/6283 6287/6287/6284 6285/6285/6282
f 6288/6288/6285 6289/6289/6286 6290/6290/6287
f 6290/6290/6287 6291/6291/6288 6288/6288/6285
f 6292/6292/6289 6241/6241/6238 6245/6245/6242
f 6292/6292/6289 6293/6293/6290 6291/6291/6288
f 6245/6245/6242 6294/6294/6291 6292/6292/6289
f 6294/6294/6291 6295/6295/6292 6293/6293/6290
f 6247/6247/6244 6296/6296/6293 6294/6294/6291
f 6297/6297/6294 6298/6298/6295 6299/6299/6296
f 6262/6262/6259 6214/6214/6211 6298/6298/6295
f 6300/6300/6297 6301/6301/6298 6214/6214/6211
f 6302/6302/6299 6263/6263/6260 6269/6269/6266
f 6302/6302/6299 6269/6269/6266 6273/6273/6270
f 6274/6274/6271 6302/6302/6299 6273/6273/6270
f 6274/6274/6271 6209/6209/6206 6301/6301/6298
f 6303/6303/6300 6304/6304/6301 6161/6161/6158
f 6305/6305/6302 6164/6164/6161 6163/6163/6160
f 6303/6303/6300 6161/6161/6158 6160/6160/6157
f 6306/6306/6303 6213/6213/6210 6305/6305/6302
f 6161/6161/6158 6307/6307/6304 6159/6159/6156
f 6298/6298/6295 6308/6308/6305 6299/6299/6296
f 6160/6160/6157 6309/6309/6306 6303/6303/6300
f 6217/6217/6214 6309/6309/6306 6206/6206/6203
f 6206/6206/6203 6218/6218/6215 6217/6217/6214
f 6310/6310/6307 6218/6218/6215 6208/6208/6205
f 6208/6208/6205 6207/6207/6204 6310/6310/6307
f 6311/6311/6308 6157/6157/6154 6312/6312/6309
f 6311/6311/6308 6278/6278/6275 6313/6313/6310
f 6312/6312/6309 6157/6157/6154 6211/6211/6208
f 6312/6312/6309 6276/6276/6273 6278/6278/6275
f 6211/6211/6208 6275/6275/6272 6276/6276/6273
f 6314/6314/6311 6221/6221/6218 6218/6218/6215
f 6313/6313/6310 6277/6277/6274 6280/6280/6277
f 6217/6217/6214 6285/6285/6282 6287/6287/6284
f 6287/6287/6284 6291/6291/6288 6309/6309/6306
f 6291/6291/6288 6303/6303/6300 6309/6309/6306
f 6303/6303/6300 6295/6295/6292 6315/6315/6312
f 6289/6289/6286 6241/6241/6238 6290/6290/6287
f 6285/6285/6282 6217/6217/6214 6220/6220/6217
f 6316/6316/6313 6283/6283/6280 6234/6234/6231
f 6224/6224/6221 6234/6234/6231 6283/6283/6280
f 6273/6273/6270 6271/6271/6268 6230/6230/6227
f 6227/6227/6224 6147/6147/6144 6146/6146/6143
f 6317/6317/6314 6318/6318/6315 6319/6319/6316
f 6147/6147/6144 6199/6199/6196 6320/6320/6317
f 6174/6174/6171 6318/6318/6315 6175/6175/6172
f 6320/6320/6317 6202/6202/6199 6151/6151/6148
f 6321/6321/6318 6322/6322/6319 6323/6323/6320
f 6239/6239/6236 6321/6321/6318 6323/6323/6320
f 6321/6321/6318 6324/6324/6321 6325/6325/6322
f 6326/6326/6323 6185/6185/6182 6321/6321/6318
f 6326/6326/6323 6189/6189/6186 6186/6186/6183
f 6188/6188/6185 6169/6169/6166 6327/6327/6324
f 6328/6328/6325 6317/6317/6314 6319/6319/6316
f 6319/6319/6316 6195/6195/6192 6328/6328/6325
f 6211/6211/6208 6153/6153/6150 6209/6209/6206
f 6329/6329/6326 6175/6175/6172 6318/6318/6315
f 6201/6201/6198 6170/6170/6167 6202/6202/6199
f 6170/6170/6167 6151/6151/6148 6202/6202/6199
f 6181/6181/6178 6145/6145/6142 6179/6179/6176
f 6181/6181/6178 6266/6266/6263 6145/6145/6142
f 6330/6330/6327 6177/6177/6174 6176/6176/6173
f 6194/6194/6191 6174/6174/6171 6177/6177/6174
f 6188/6188/6185 6331/6331/6328 6169/6169/6166
f 6180/6180/6177 6331/6331/6328 6178/6178/6175
f 6196/6196/6193 6318/6318/6315 6174/6174/6171
f 6319/6319/6316 6318/6318/6315 6196/6196/6193
f 6148/6148/6145 6170/6170/6167 6331/6331/6328
f 6149/6149/6146 6147/6147/6144 6320/6320/6317
f 6179/6179/6176 6149/6149/6146 6180/6180/6177
f 6332/6332/6329 6256/6256/6253 6254/6254/6251
f 6256/6256/6253 6201/6201/6198 6198/6198/6195
f 6182/6182/6179 6178/6178/6175 6187/6187/6184
f 6167/6167/6164 6201/6201/6198 6256/6256/6253
f 6166/6166/6163 6170/6170/6167 6201/6201/6198
f 6194/6194/6191 6177/6177/6174 6330/6330/6327
f 6305/6305/6302 6163/6163/6160 6306/6306/6303
f 6153/6153/6150 6158/6158/6155 6154/6154/6151
f 6333/6333/6330 6162/6162/6159 6155/6155/6152
f 6155/6155/6152 6152/6152/6149 6333/6333/6330
f 6334/6334/6331 6159/6159/6156 6307/6307/6304
f 6159/6159/6156 6335/6335/6332 6336/6336/6333
f 6159/6159/6156 6336/6336/6333 6205/6205/6202
f 6213/6213/6210 6215/6215/6212 6305/6305/6302
f 6301/6301/6298 6215/6215/6212 6214/6214/6211
f 6215/6215/6212 6212/6212/6209 6305/6305/6302
f 6305/6305/6302 6165/6165/6162 6164/6164/6161
f 6209/6209/6206 6337/6337/6334 6301/6301/6298
f 6212/6212/6209 6337/6337/6334 6209/6209/6206
f 6223/6223/6220 6225/6225/6222 6275/6275/6272
f 6327/6327/6324 6168/6168/6165 6338/6338/6335
f 6200/6200/6197 6226/6226/6223 6255/6255/6252
f 6339/6339/6336 6340/6340/6337 6341/6341/6338
f 6339/6339/6336 6341/6341/6338 6342/6342/6339
f 6343/6343/6340 6344/6344/6341 6345/6345/6342
f 6344/6344/6341 6346/6346/6343 6347/6347/6344
f 6348/6348/6345 6344/6344/6341 6347/6347/6344
f 6349/6349/6346 6350/6350/6347 6351/6351/6348
f 6352/6352/6349 6349/6349/6346 6351/6351/6348
f 6349/6349/6346 6353/6353/6350 6354/6354/6351
f 6355/6355/6352 6356/6356/6353 6357/6357/6354
f 6356/6356/6353 6358/6358/6355 6359/6359/6356
f 6360/6360/6357 6356/6356/6353 6359/6359/6356
f 6361/6361/6358 6362/6362/6359 6363/6363/6360
f 6361/6361/6358 6364/6364/6361 6365/6365/6362
f 6366/6366/6363 6367/6367/6364 6368/6368/6365
f 6367/6367/6364 6369/6369/6366 6370/6370/6367
f 6371/6371/6368 6372/6372/6369 6369/6369/6366
f 6369/6369/6366 6373/6373/6370 6371/6371/6368
f 6374/6374/6371 6375/6375/6372 6376/6376/6373
f 6377/6377/6374 6378/6378/6375 6379/6379/6376
f 6374/6374/6371 6380/6380/6377 6381/6381/6378
f 6382/6382/6379 6383/6383/6380 6384/6384/6381
f 6385/6385/6382 6384/6384/6381 6364/6364/6361
f 6386/6386/6383 6364/6364/6361 6384/6384/6381
f 6387/6387/6384 6388/6388/6385 6389/6389/6386
f 6390/6390/6387 6387/6387/6384 6389/6389/6386
f 6346/6346/6343 6391/6391/6388 6392/6392/6389
f 6393/6393/6390 6346/6346/6343 6392/6392/6389
f 6394/6394/6391 6395/6395/6392 6396/6396/6393
f 6397/6397/6394 6398/6398/6395 6396/6396/6393
f 6396/6396/6393 6395/6395/6392 6397/6397/6394
f 6399/6399/6396 6400/6400/6397 6401/6401/6398
f 6399/6399/6396 6402/6402/6399 6403/6403/6400
f 6399/6399/6396 6404/6404/6401 6405/6405/6402
f 6404/6404/6401 6406/6406/6403 6407/6407/6404
f 6407/6407/6404 6408/6408/6405 6404/6404/6401
f 6409/6409/6406 6410/6410/6407 6411/6411/6408
f 6412/6412/6409 6409/6409/6406 6413/6413/6410
f 6414/6414/6411 6415/6415/6412 6416/6416/6413
f 6414/6414/6411 6417/6417/6414 6418/6418/6415
f 6418/6418/6415 6419/6419/6416 6414/6414/6411
f 6420/6420/6417 6421/6421/6418 6371/6371/6368
f 6420/6420/6417 6371/6371/6368 6373/6373/6370
f 6421/6421/6418 6422/6422/6419 6423/6423/6420
f 6421/6421/6418 6424/6424/6421 6425/6425/6422
f 6421/6421/6418 6372/6372/6369 6371/6371/6368
f 6425/6425/6422 6426/6426/6423 6427/6427/6424
f 6427/6427/6424 6372/6372/6369 6425/6425/6422
f 6370/6370/6367 6372/6372/6369 6428/6428/6425
f 6428/6428/6425 6429/6429/6426 6370/6370/6367
f 6370/6370/6367 6430/6430/6427 6367/6367/6364
f 6430/6430/6427 6431/6431/6428 6367/6367/6364
f 6432/6432/6429 6433/6433/6430 6434/6434/6431
f 6434/6434/6431 6433/6433/6430 6435/6435/6432
f 6436/6436/6433 6437/6437/6434 6438/6438/6435
f 6438/6438/6435 6431/6431/6428 6439/6439/6436
f 6440/6440/6437 6433/6433/6430 6441/6441/6438
f 6440/6440/6437 6441/6441/6438 6442/6442/6439
f 6443/6443/6440 6442/6442/6439 6441/6441/6438
f 6444/6444/6441 6445/6445/6442 6446/6446/6443
f 6444/6444/6441 6447/6447/6444 6443/6443/6440
f 6447/6447/6444 6448/6448/6445 6443/6443/6440
f 6448/6448/6445 6449/6449/6446 6443/6443/6440
f 6450/6450/6447 6451/6451/6448 6452/6452/6449
f 6451/6451/6448 6453/6453/6450 6452/6452/6449
f 6454/6454/6451 6451/6451/6448 6455/6455/6452
f 6456/6456/6453 6436/6436/6433 6457/6457/6454
f 6458/6458/6455 6459/6459/6456 6460/6460/6457
f 6458/6458/6455 6460/6460/6457 6437/6437/6434
f 6437/6437/6434 6461/6461/6458 6431/6431/6428
f 6431/6431/6428 6368/6368/6365 6367/6367/6364
f 6462/6462/6459 6463/6463/6460 6464/6464/6461
f 6464/6464/6461 6465/6465/6462 6466/6466/6463
f 6467/6467/6464 6466/6466/6463 6465/6465/6462
f 6467/6467/6464 6468/6468/6465 6469/6469/6466
f 6470/6470/6467 6419/6419/6416 6467/6467/6464
f 6471/6471/6468 6414/6414/6411 6419/6419/6416
f 6472/6472/6469 6473/6473/6470 6387/6387/6384
f 6387/6387/6384 6415/6415/6412 6472/6472/6469
f 6474/6474/6471 6411/6411/6408 6410/6410/6407
f 6475/6475/6472 6376/6376/6373 6375/6375/6372
f 6475/6475/6472 6375/6375/6372 6408/6408/6405
f 6475/6475/6472 6476/6476/6473 6411/6411/6408
f 6375/6375/6372 6477/6477/6474 6478/6478/6475
f 6478/6478/6475 6405/6405/6402 6375/6375/6372
f 6405/6405/6402 6408/6408/6405 6375/6375/6372
f 6479/6479/6476 6480/6480/6477 6481/6481/6478
f 6481/6481/6478 6482/6482/6479 6479/6479/6476
f 6483/6483/6480 6400/6400/6397 6405/6405/6402
f 6484/6484/6481 6485/6485/6482 6486/6486/6483
f 6487/6487/6484 6488/6488/6485 6489/6489/6486
f 6489/6489/6486 6490/6490/6487 6491/6491/6488
f 6485/6485/6482 6492/6492/6489 6486/6486/6483
f 6493/6493/6490 6494/6494/6491 6393/6393/6390
f 6492/6492/6489 6357/6357/6354 6360/6360/6357
f 6495/6495/6492 6494/6494/6491 6496/6496/6493
f 6497/6497/6494 6498/6498/6495 6499/6499/6496
f 6499/6499/6496 6347/6347/6344 6497/6497/6494
f 6497/6497/6494 6346/6346/6343 6494/6494/6491
f 6500/6500/6497 6352/6352/6349 6351/6351/6348
f 6351/6351/6348 6501/6501/6498 6500/6500/6497
f 6502/6502/6499 6355/6355/6352 6357/6357/6354
f 6502/6502/6499 6503/6503/6500 6504/6504/6501
f 6503/6503/6500 6505/6505/6502 6504/6504/6501
f 6485/6485/6482 6480/6480/6477 6503/6503/6500
f 6503/6503/6500 6378/6378/6375 6506/6506/6503
f 6505/6505/6502 6507/6507/6504 6508/6508/6505
f 6508/6508/6505 6504/6504/6501 6505/6505/6502
f 6506/6506/6503 6509/6509/6506 6505/6505/6502
f 6382/6382/6379 6510/6510/6507 6511/6511/6508
f 6506/6506/6503 6512/6512/6509 6513/6513/6510
f 6511/6511/6508 6514/6514/6511 6382/6382/6379
f 6507/6507/6504 6515/6515/6512 6508/6508/6505
f 6508/6508/6505 6516/6516/6513 6355/6355/6352
f 6517/6517/6514 6518/6518/6515 6515/6515/6512
f 6515/6515/6512 6358/6358/6355 6516/6516/6513
f 6510/6510/6507 6361/6361/6358 6363/6363/6360
f 6480/6480/6477 6379/6379/6376 6378/6378/6375
f 6474/6474/6471 6380/6380/6377 6376/6376/6373
f 6519/6519/6516 6473/6473/6470 6520/6520/6517
f 6521/6521/6518 6522/6522/6519 6523/6523/6520
f 6523/6523/6520 6463/6463/6460 6521/6521/6518
f 6521/6521/6518 6524/6524/6521 6525/6525/6522
f 6462/6462/6459 6526/6526/6523 6524/6524/6521
f 6527/6527/6524 6528/6528/6525 6529/6529/6526
f 6526/6526/6523 6525/6525/6522 6524/6524/6521
f 6527/6527/6524 6530/6530/6527 6531/6531/6528
f 6527/6527/6524 6532/6532/6529 6533/6533/6530
f 6534/6534/6531 6535/6535/6532 6536/6536/6533
f 6536/6536/6533 6535/6535/6532 6537/6537/6534
f 6537/6537/6534 6538/6538/6535 6536/6536/6533
f 6535/6535/6532 6539/6539/6536 6537/6537/6534
f 6539/6539/6536 6540/6540/6537 6537/6537/6534
f 6541/6541/6538 6542/6542/6539 6540/6540/6537
f 6539/6539/6536 6543/6543/6540 6541/6541/6538
f 6541/6541/6538 6544/6544/6541 6545/6545/6542
f 6546/6546/6543 6424/6424/6421 6547/6547/6544
f 6445/6445/6442 6548/6548/6545 6549/6549/6546
f 6549/6549/6546 6342/6342/6339 6550/6550/6547
f 6551/6551/6548 6428/6428/6425 6427/6427/6424
f 6444/6444/6441 6339/6339/6336 6548/6548/6545
f 6548/6548/6545 6339/6339/6336 6342/6342/6339
f 6423/6423/6420 6552/6552/6549 6553/6553/6550
f 6554/6554/6551 6540/6540/6537 6542/6542/6539
f 6547/6547/6544 6423/6423/6420 6553/6553/6550
f 6555/6555/6552 6417/6417/6414 6416/6416/6413
f 6556/6556/6553 6557/6557/6554 6558/6558/6555
f 6533/6533/6530 6558/6558/6555 6557/6557/6554
f 6557/6557/6554 6559/6559/6556 6533/6533/6530
f 6559/6559/6556 6527/6527/6524 6533/6533/6530
f 6559/6559/6556 6406/6406/6403 6560/6560/6557
f 6560/6560/6557 6561/6561/6558 6528/6528/6525
f 6562/6562/6559 6395/6395/6392 6525/6525/6522
f 6561/6561/6558 6403/6403/6400 6402/6402/6399
f 6563/6563/6560 6395/6395/6392 6564/6564/6561
f 6557/6557/6554 6409/6409/6406 6565/6565/6562
f 6566/6566/6563 6567/6567/6564 6539/6539/6536
f 6455/6455/6452 6566/6566/6563 6535/6535/6532
f 6568/6568/6565 6455/6455/6452 6534/6534/6531
f 6470/6470/6467 6465/6465/6462 6523/6523/6520
f 6569/6569/6566 6570/6570/6567 6522/6522/6519
f 6522/6522/6519 6519/6519/6516 6520/6520/6517
f 6571/6571/6568 6572/6572/6569 6343/6343/6340
f 6573/6573/6570 6574/6574/6571 6575/6575/6572
f 6574/6574/6571 6576/6576/6573 6577/6577/6574
f 6577/6577/6574 6578/6578/6575 6574/6574/6571
f 6574/6574/6571 6578/6578/6575 6575/6575/6572
f 6579/6579/6576 6580/6580/6577 6578/6578/6575
f 6578/6578/6575 6386/6386/6383 6575/6575/6572
f 6581/6581/6578 6354/6354/6351 6353/6353/6350
f 6353/6353/6350 6365/6365/6362 6581/6581/6578
f 6365/6365/6362 6580/6580/6577 6581/6581/6578
f 6577/6577/6574 6354/6354/6351 6579/6579/6576
f 6576/6576/6573 6350/6350/6347 6577/6577/6574
f 6441/6441/6438 6339/6339/6336 6443/6443/6440
f 6432/6432/6429 6340/6340/6337 6339/6339/6336
f 6563/6563/6560 6488/6488/6485 6397/6397/6394
f 6569/6569/6566 6525/6525/6522 6395/6395/6392
f 6520/6520/6517 6523/6523/6520 6522/6522/6519
f 6471/6471/6468 6520/6520/6517 6473/6473/6470
f 6565/6565/6562 6411/6411/6408 6476/6476/6473
f 6476/6476/6473 6559/6559/6556 6565/6565/6562
f 6582/6582/6579 6583/6583/6580 6584/6584/6581
f 6582/6582/6579 6585/6585/6582 6583/6583/6580
f 6586/6586/6583 6587/6587/6584 6588/6588/6585
f 6587/6587/6584 6589/6589/6586 6588/6588/6585
f 6590/6590/6587 6587/6587/6584 6591/6591/6588
f 6592/6592/6589 6593/6593/6590 6594/6594/6591
f 6592/6592/6589 6595/6595/6592 6596/6596/6593
f 6592/6592/6589 6597/6597/6594 6598/6598/6595
f 6599/6599/6596 6600/6600/6597 6601/6601/6598
f 6599/6599/6596 6602/6602/6599 6603/6603/6600
f 6599/6599/6596 6604/6604/6601 6605/6605/6602
f 6606/6606/6603 6607/6607/6604 6608/6608/6605
f 6607/6607/6604 6609/6609/6606 6610/6610/6607
f 6611/6611/6608 6612/6612/6609 6613/6613/6610
f 6611/6611/6608 6614/6614/6611 6615/6615/6612
f 6616/6616/6613 6615/6615/6612 6617/6617/6614
f 6618/6618/6615 6615/6615/6612 6616/6616/6613
f 6619/6619/6616 6620/6620/6617 6621/6621/6618
f 6622/6622/6619 6623/6623/6620 6624/6624/6621
f 6619/6619/6616 6625/6625/6622 6626/6626/6623
f 6627/6627/6624 6628/6628/6625 6629/6629/6626
f 6629/6629/6626 6610/6610/6607 6609/6609/6606
f 6630/6630/6627 6609/6609/6606 6631/6631/6628
f 6632/6632/6629 6633/6633/6630 6634/6634/6631
f 6633/6633/6630 6635/6635/6632 6634/6634/6631
f 6589/6589/6586 6636/6636/6633 6588/6588/6585
f 6589/6589/6586 6637/6637/6634 6638/6638/6635
f 6639/6639/6636 6640/6640/6637 6641/6641/6638
f 6642/6642/6639 6643/6643/6640 6641/6641/6638
f 6641/6641/6638 6643/6643/6640 6639/6639/6636
f 6644/6644/6641 6645/6645/6642 6646/6646/6643
f 6644/6644/6641 6647/6647/6644 6648/6648/6645
f 6644/6644/6641 6649/6649/6646 6650/6650/6647
f 6649/6649/6646 6651/6651/6648 6650/6650/6647
f 6652/6652/6649 6653/6653/6650 6654/6654/6651
f 6655/6655/6652 6656/6656/6653 6657/6657/6654
f 6657/6657/6654 6658/6658/6655 6655/6655/6652
f 6659/6659/6656 6660/6660/6657 6661/6661/6658
f 6660/6660/6657 6662/6662/6659 6661/6661/6658
f 6663/6663/6660 6664/6664/6661 6660/6660/6657
f 6665/6665/6662 6666/6666/6663 6667/6667/6664
f 6665/6665/6662 6618/6618/6615 6616/6616/6613
f 6666/6666/6663 6668/6668/6665 6667/6667/6664
f 6666/6666/6663 6669/6669/6666 6668/6668/6665
f 6666/6666/6663 6617/6617/6614 6670/6670/6667
f 6670/6670/6667 6671/6671/6668 6669/6669/6666
f 6617/6617/6614 6672/6672/6669 6670/6670/6667
f 6617/6617/6614 6614/6614/6611 6673/6673/6670
f 6674/6674/6671 6673/6673/6670 6614/6614/6611
f 6614/6614/6611 6675/6675/6672 6674/6674/6671
f 6675/6675/6672 6676/6676/6673 6677/6677/6674
f 6678/6678/6675 6679/6679/6676 6680/6680/6677
f 6680/6680/6677 6681/6681/6678 6678/6678/6675
f 6682/6682/6679 6683/6683/6680 6684/6684/6681
f 6684/6684/6681 6676/6676/6673 6682/6682/6679
f 6685/6685/6682 6678/6678/6675 6681/6681/6678
f 6685/6685/6682 6686/6686/6683 6687/6687/6684
f 6686/6686/6683 6688/6688/6685 6687/6687/6684
f 6689/6689/6686 6690/6690/6687 6691/6691/6688
f 6689/6689/6686 6692/6692/6689 6690/6690/6687
f 6692/6692/6689 6688/6688/6685 6693/6693/6690
f 6693/6693/6690 6688/6688/6685 6694/6694/6691
f 6695/6695/6692 6696/6696/6693 6697/6697/6694
f 6698/6698/6695 6695/6695/6692 6697/6697/6694
f 6699/6699/6696 6700/6700/6697 6695/6695/6692
f 6701/6701/6698 6683/6683/6680 6702/6702/6699
f 6702/6702/6699 6703/6703/6700 6701/6701/6698
f 6702/6702/6699 6682/6682/6679 6704/6704/6701
f 6682/6682/6679 6705/6705/6702 6704/6704/6701
f 6676/6676/6673 6613/6613/6610 6705/6705/6702
f 6706/6706/6703 6707/6707/6704 6708/6708/6705
f 6708/6708/6705 6709/6709/6706 6706/6706/6703
f 6710/6710/6707 6711/6711/6708 6709/6709/6706
f 6711/6711/6708 6712/6712/6709 6663/6663/6660
f 6663/6663/6660 6713/6713/6710 6711/6711/6708
f 6714/6714/6711 6660/6660/6657 6715/6715/6712
f 6715/6715/6712 6716/6716/6713 6714/6714/6711
f 6659/6659/6656 6633/6633/6630 6715/6715/6712
f 6717/6717/6714 6718/6718/6715 6656/6656/6653
f 6719/6719/6716 6626/6626/6623 6718/6718/6715
f 6719/6719/6716 6653/6653/6650 6620/6620/6617
f 6719/6719/6716 6654/6654/6651 6653/6653/6650
f 6620/6620/6617 6720/6720/6717 6621/6621/6618
f 6646/6646/6643 6720/6720/6717 6620/6620/6617
f 6653/6653/6650 6646/6646/6643 6620/6620/6617
f 6721/6721/6718 6722/6722/6719 6723/6723/6720
f 6724/6724/6721 6725/6725/6722 6721/6721/6718
f 6726/6726/6723 6646/6646/6643 6645/6645/6642
f 6727/6727/6724 6728/6728/6725 6725/6725/6722
f 6729/6729/6726 6730/6730/6727 6731/6731/6728
f 6731/6731/6728 6732/6732/6729 6729/6729/6726
f 6733/6733/6730 6728/6728/6725 6734/6734/6731
f 6735/6735/6732 6736/6736/6733 6737/6737/6734
f 6733/6733/6730 6601/6601/6598 6738/6738/6735
f 6736/6736/6733 6739/6739/6736 6737/6737/6734
f 6740/6740/6737 6741/6741/6738 6739/6739/6736
f 6742/6742/6739 6743/6743/6740 6740/6740/6737
f 6740/6740/6737 6589/6589/6586 6742/6742/6739
f 6744/6744/6741 6595/6595/6592 6745/6745/6742
f 6746/6746/6743 6596/6596/6593 6744/6744/6741
f 6738/6738/6735 6600/6600/6597 6747/6747/6744
f 6738/6738/6735 6748/6748/6745 6728/6728/6725
f 6748/6748/6745 6749/6749/6746 6750/6750/6747
f 6722/6722/6719 6728/6728/6725 6748/6748/6745
f 6748/6748/6745 6623/6623/6620 6722/6722/6719
f 6749/6749/6746 6751/6751/6748 6752/6752/6749
f 6747/6747/6744 6753/6753/6750 6749/6749/6746
f 6752/6752/6749 6750/6750/6747 6749/6749/6746
f 6754/6754/6751 6628/6628/6625 6755/6755/6752
f 6624/6624/6621 6750/6750/6747 6756/6756/6753
f 6755/6755/6752 6757/6757/6754 6758/6758/6755
f 6759/6759/6756 6751/6751/6748 6753/6753/6750
f 6753/6753/6750 6603/6603/6600 6759/6759/6756
f 6760/6760/6757 6761/6761/6758 6759/6759/6756
f 6759/6759/6756 6602/6602/6599 6760/6760/6757
f 6754/6754/6751 6607/6607/6604 6610/6610/6607
f 6722/6722/6719 6762/6762/6759 6723/6723/6720
f 6718/6718/6715 6626/6626/6623 6625/6625/6622
f 6716/6716/6713 6763/6763/6760 6764/6764/6761
f 6765/6765/6762 6766/6766/6763 6767/6767/6764
f 6706/6706/6703 6767/6767/6764 6766/6766/6763
f 6766/6766/6763 6768/6768/6765 6706/6706/6703
f 6769/6769/6766 6707/6707/6704 6768/6768/6765
f 6770/6770/6767 6771/6771/6768 6772/6772/6769
f 6769/6769/6766 6773/6773/6770 6774/6774/6771
f 6771/6771/6768 6775/6775/6772 6772/6772/6769
f 6771/6771/6768 6776/6776/6773 6777/6777/6774
f 6778/6778/6775 6779/6779/6776 6780/6780/6777
f 6780/6780/6777 6781/6781/6778 6778/6778/6775
f 6781/6781/6778 6782/6782/6779 6783/6783/6780
f 6784/6784/6781 6778/6778/6775 6781/6781/6778
f 6783/6783/6780 6784/6784/6781 6781/6781/6778
f 6785/6785/6782 6786/6786/6783 6787/6787/6784
f 6788/6788/6785 6784/6784/6781 6785/6785/6782
f 6785/6785/6782 6789/6789/6786 6788/6788/6785
f 6790/6790/6787 6669/6669/6666 6671/6671/6668
f 6791/6791/6788 6691/6691/6688 6792/6792/6789
f 6792/6792/6789 6585/6585/6582 6791/6791/6788
f 6793/6793/6790 6673/6673/6670 6794/6794/6791
f 6582/6582/6579 6689/6689/6686 6791/6791/6788
f 6791/6791/6788 6585/6585/6582 6582/6582/6579
f 6795/6795/6792 6668/6668/6665 6796/6796/6793
f 6783/6783/6780 6797/6797/6794 6786/6786/6783
f 6668/6668/6665 6798/6798/6795 6796/6796/6793
f 6799/6799/6796 6661/6661/6658 6662/6662/6659
f 6800/6800/6797 6801/6801/6798 6658/6658/6655
f 6802/6802/6799 6803/6803/6800 6801/6801/6798
f 6804/6804/6801 6801/6801/6798 6803/6803/6800
f 6804/6804/6801 6771/6771/6768 6805/6805/6802
f 6651/6651/6648 6804/6804/6801 6805/6805/6802
f 6805/6805/6802 6806/6806/6803 6651/6651/6648
f 6774/6774/6771 6639/6639/6636 6807/6807/6804
f 6806/6806/6803 6650/6650/6647 6651/6651/6648
f 6639/6639/6636 6808/6808/6805 6807/6807/6804
f 6801/6801/6798 6655/6655/6652 6658/6658/6655
f 6809/6809/6806 6810/6810/6807 6784/6784/6781
f 6810/6810/6807 6700/6700/6697 6778/6778/6775
f 6700/6700/6697 6811/6811/6808 6779/6779/6776
f 6709/6709/6706 6713/6713/6710 6767/6767/6764
f 6812/6812/6809 6813/6813/6810 6765/6765/6762
f 6765/6765/6762 6763/6763/6760 6812/6812/6809
f 6814/6814/6811 6588/6588/6585 6636/6636/6633
f 6815/6815/6812 6816/6816/6813 6817/6817/6814
f 6816/6816/6813 6818/6818/6815 6817/6817/6814
f 6819/6819/6816 6820/6820/6817 6816/6816/6813
f 6816/6816/6813 6821/6821/6818 6819/6819/6816
f 6631/6631/6628 6822/6822/6819 6819/6819/6816
f 6819/6819/6816 6630/6630/6627 6631/6631/6628
f 6823/6823/6820 6594/6594/6591 6822/6822/6819
f 6824/6824/6821 6597/6597/6594 6823/6823/6820
f 6631/6631/6628 6824/6824/6821 6823/6823/6820
f 6594/6594/6591 6820/6820/6817 6822/6822/6819
f 6593/6593/6590 6818/6818/6815 6820/6820/6817
f 6687/6687/6684 6582/6582/6579 6678/6678/6675
f 6679/6679/6676 6582/6582/6579 6584/6584/6581
f 6808/6808/6805 6729/6729/6726 6732/6732/6729
f 6773/6773/6770 6813/6813/6810 6639/6639/6636
f 6764/6764/6761 6767/6767/6764 6713/6713/6710
f 6764/6764/6761 6714/6714/6711 6716/6716/6713
f 6717/6717/6714 6825/6825/6822 6654/6654/6651
f 6654/6654/6651 6804/6804/6801 6652/6652/6649
f 1/1/1 3/3/3 4/4/4
f 9/9/9 162/162/162 10/10/10
f 15/15/15 220/220/220 16/16/16
f 18/18/18 23/23/23 19/19/19
f 21/21/21 6826/6826/6823 18/18/18
f 18/18/18 6826/6826/6823 22/22/22
f 24/24/24 37/37/37 25/25/25
f 27/27/27 58/58/58 24/24/24
f 26/26/26 25/25/25 28/28/28
f 29/29/29 6827/6827/6824 30/30/30
f 30/30/30 34/34/34 32/32/32
f 30/30/30 6827/6827/6824 33/33/33
f 25/25/25 40/40/40 35/35/35
f 36/36/36 25/25/25 37/37/37
f 25/25/25 36/36/36 39/39/39
f 41/41/41 67/67/67 42/42/42
f 44/44/44 230/230/230 45/45/45
f 46/46/46 58/58/58 47/47/47
f 48/48/48 179/179/179 49/49/49
f 51/51/51 57/57/57 52/52/52
f 50/50/50 56/56/56 54/54/54
f 55/55/55 148/148/148 54/54/54
f 57/57/57 29/29/29 31/31/31
f 52/52/52 31/31/31 32/32/32
f 58/58/58 46/46/46 37/37/37
f 59/59/59 228/228/228 60/60/60
f 60/60/60 64/64/64 62/62/62
f 60/60/60 228/228/228 63/63/63
f 22/22/22 6828/6828/6825 65/65/65
f 34/34/34 39/39/39 36/36/36
f 42/42/42 68/68/68 66/66/66
f 67/67/67 225/225/225 68/68/68
f 69/69/69 75/75/75 70/70/70
f 71/71/71 6829/6829/6826 72/72/72
f 73/73/73 226/226/226 28/28/28
f 69/69/69 72/72/72 74/74/74
f 76/76/76 80/80/80 77/77/77
f 66/66/66 68/68/68 75/75/75
f 79/79/79 81/81/81 80/80/80
f 81/81/81 85/85/85 82/82/82
f 81/81/81 79/79/79 83/83/83
f 84/84/84 86/86/86 85/85/85
f 86/86/86 84/84/84 87/87/87
f 88/88/88 91/91/91 89/89/89
f 90/90/90 92/92/92 91/91/91
f 92/92/92 90/90/90 93/93/93
f 94/94/94 130/130/130 95/95/95
f 96/96/96 99/99/99 97/97/97
f 99/99/99 96/96/96 100/100/100
f 102/102/102 127/127/127 99/99/99
f 103/103/103 104/104/104 102/102/102
f 104/104/104 103/103/103 105/105/105
f 106/106/106 109/109/109 107/107/107
f 108/108/108 112/112/112 109/109/109
f 110/110/110 3/3/3 2/2/2
f 112/112/112 108/108/108 113/113/113
f 115/115/115 4/4/4 3/3/3
f 116/116/116 117/117/117 5/5/5
f 117/117/117 219/219/219 118/118/118
f 118/118/118 120/120/120 1/1/1
f 119/119/119 166/166/166 120/120/120
f 120/120/120 166/166/166 121/121/121
f 120/120/120 122/122/122 2/2/2
f 122/122/122 121/121/121 123/123/123
f 122/122/122 124/124/124 111/111/111
f 121/121/121 7/7/7 125/125/125
f 126/126/126 128/128/128 127/127/127
f 126/126/126 102/102/102 104/104/104
f 128/128/128 6830/6830/6827 129/129/129
f 12/12/12 11/11/11 95/95/95
f 97/97/97 99/99/99 127/127/127
f 95/95/95 11/11/11 10/10/10
f 132/132/132 89/89/89 91/91/91
f 131/131/131 91/91/91 92/92/92
f 132/132/132 159/159/159 133/133/133
f 134/134/134 82/82/82 85/85/85
f 133/133/133 85/85/85 86/86/86
f 82/82/82 134/134/134 135/135/135
f 137/137/137 138/138/138 77/77/77
f 136/136/136 77/77/77 80/80/80
f 138/138/138 137/137/137 139/139/139
f 140/140/140 145/145/145 141/141/141
f 138/138/138 141/141/141 78/78/78
f 140/140/140 139/139/139 142/142/142
f 140/140/140 143/143/143 144/144/144
f 147/147/147 176/176/176 148/148/148
f 139/139/139 150/150/150 149/149/149
f 150/150/150 139/139/139 137/137/137
f 151/151/151 153/153/153 152/152/152
f 135/135/135 154/154/154 153/153/153
f 154/154/154 135/135/135 134/134/134
f 155/155/155 158/158/158 156/156/156
f 155/155/155 159/159/159 157/157/157
f 159/159/159 132/132/132 160/160/160
f 160/160/160 162/162/162 161/161/161
f 163/163/163 166/166/166 119/119/119
f 165/165/165 158/158/158 157/157/157
f 163/163/163 8/8/8 7/7/7
f 156/156/156 165/165/165 167/167/167
f 168/168/168 170/170/170 152/152/152
f 168/168/168 153/153/153 154/154/154
f 169/169/169 152/152/152 170/170/170
f 169/169/169 149/149/149 150/150/150
f 172/172/172 211/211/211 173/173/173
f 173/173/173 216/216/216 175/175/175
f 176/176/176 147/147/147 174/174/174
f 175/175/175 216/216/216 177/177/177
f 178/178/178 48/48/48 54/54/54
f 175/175/175 54/54/54 148/148/148
f 178/178/178 180/180/180 179/179/179
f 180/180/180 218/218/218 181/181/181
f 181/181/181 218/218/218 182/182/182
f 181/181/181 183/183/183 184/184/184
f 185/185/185 49/49/49 179/179/179
f 183/183/183 182/182/182 186/186/186
f 187/187/187 190/190/190 184/184/184
f 187/187/187 186/186/186 188/188/188
f 189/189/189 193/193/193 190/190/190
f 189/189/189 188/188/188 191/191/191
f 192/192/192 194/194/194 193/193/193
f 194/194/194 192/192/192 195/195/195
f 197/197/197 228/228/228 19/19/19
f 198/198/198 19/19/19 23/23/23
f 199/199/199 93/93/93 90/90/90
f 200/200/200 203/203/203 201/201/201
f 192/192/192 191/191/191 202/202/202
f 200/200/200 90/90/90 88/88/88
f 87/87/87 221/221/221 203/203/203
f 191/191/191 96/96/96 98/98/98
f 188/188/188 100/100/100 96/96/96
f 100/100/100 188/188/188 186/186/186
f 204/204/204 103/103/103 101/101/101
f 205/205/205 105/105/105 103/103/103
f 105/105/105 205/205/205 206/206/206
f 207/207/207 108/108/108 106/106/106
f 208/208/208 113/113/113 108/108/108
f 113/113/113 208/208/208 209/209/209
f 16/16/16 209/209/209 210/210/210
f 211/211/211 172/172/172 212/212/212
f 213/213/213 15/15/15 17/17/17
f 171/171/171 170/170/170 214/214/214
f 210/210/210 209/209/209 177/177/177
f 216/216/216 173/173/173 211/211/211
f 209/209/209 208/208/208 217/217/217
f 206/206/206 218/218/218 180/180/180
f 217/217/217 180/180/180 178/178/178
f 205/205/205 182/182/182 218/218/218
f 182/182/182 205/205/205 204/204/204
f 208/208/208 207/207/207 206/206/206
f 170/170/170 168/168/168 167/167/167
f 164/164/164 119/119/119 118/118/118
f 160/160/160 132/132/132 131/131/131
f 155/155/155 134/134/134 133/133/133
f 151/151/151 137/137/137 136/136/136
f 114/114/114 113/113/113 16/16/16
f 84/84/84 83/83/83 221/221/221
f 222/222/222 224/224/224 61/61/61
f 223/223/223 59/59/59 61/61/61
f 75/75/75 68/68/68 225/225/225
f 226/226/226 227/227/227 27/27/27
f 227/227/227 47/47/47 58/58/58
f 228/228/228 59/59/59 20/20/20
f 59/59/59 223/223/223 21/21/21
f 229/229/229 51/51/51 45/45/45
f 53/53/53 38/38/38 45/45/45
f 32/32/32 36/36/36 38/38/38
f 46/46/46 45/45/45 38/38/38
f 231/231/231 351/351/351 234/234/234
f 238/238/238 242/242/242 239/239/239
f 245/245/245 444/444/444 246/246/246
f 248/248/248 252/252/252 249/249/249
f 248/248/248 254/254/254 251/251/251
f 248/248/248 250/250/250 253/253/253
f 255/255/255 268/268/268 256/256/256
f 258/258/258 257/257/257 256/256/256
f 257/257/257 258/258/258 260/260/260
f 261/261/261 266/266/266 262/262/262
f 264/264/264 300/300/300 261/261/261
f 261/261/261 300/300/300 265/265/265
f 267/267/267 272/272/272 255/255/255
f 268/268/268 255/255/255 269/269/269
f 271/271/271 269/269/269 255/255/255
f 273/273/273 6831/6831/6828 274/274/274
f 276/276/276 280/280/280 277/277/277
f 279/279/279 259/259/259 280/280/280
f 281/281/281 412/412/412 282/282/282
f 284/284/284 459/459/459 285/285/285
f 283/283/283 282/282/282 287/287/287
f 289/289/289 288/288/288 287/287/287
f 286/286/286 285/285/285 263/263/263
f 285/285/285 459/459/459 264/264/264
f 268/268/268 280/280/280 259/259/259
f 291/291/291 297/297/297 292/292/292
f 291/291/291 293/293/293 294/294/294
f 291/291/291 295/295/295 296/296/296
f 253/253/253 250/250/250 298/298/298
f 300/300/300 264/264/264 269/269/269
f 274/274/274 6831/6831/6828 301/301/301
f 302/302/302 456/456/456 275/275/275
f 303/303/303 314/314/314 304/304/304
f 305/305/305 304/304/304 306/306/306
f 308/308/308 267/267/267 260/260/260
f 304/304/304 314/314/314 310/310/310
f 311/311/311 378/378/378 312/312/312
f 314/314/314 302/302/302 301/301/301
f 313/313/313 316/316/316 315/315/315
f 316/316/316 313/313/313 317/317/317
f 316/316/316 320/320/320 319/319/319
f 318/318/318 321/321/321 320/320/320
f 321/321/321 323/323/323 322/322/322
f 323/323/323 321/321/321 324/324/324
f 325/325/325 327/327/327 326/326/326
f 327/327/327 329/329/329 328/328/328
f 329/329/329 327/327/327 330/330/330
f 332/332/332 335/335/335 333/333/333
f 335/335/335 338/338/338 336/336/336
f 335/335/335 364/364/364 337/337/337
f 337/337/337 340/340/340 339/339/339
f 340/340/340 342/342/342 341/341/341
f 342/342/342 340/340/340 343/343/343
f 344/344/344 347/347/347 345/345/345
f 346/346/346 360/360/360 233/233/233
f 347/347/347 451/451/451 348/348/348
f 232/232/232 234/234/234 349/349/349
f 351/351/351 353/353/353 350/350/350
f 352/352/352 6832/6832/6829 353/353/353
f 352/352/352 351/351/351 231/231/231
f 354/354/354 357/357/357 355/355/355
f 354/354/354 358/358/358 356/356/356
f 354/354/354 231/231/231 233/233/233
f 358/358/358 361/361/361 359/359/359
f 358/358/358 233/233/233 360/360/360
f 362/362/362 237/237/237 356/356/356
f 363/363/363 337/337/337 364/364/364
f 363/363/363 343/343/343 340/340/340
f 366/366/366 6833/6833/6830 365/365/365
f 241/241/241 331/331/331 330/330/330
f 364/364/364 335/335/335 332/332/332
f 330/330/330 368/368/368 239/239/239
f 325/325/325 324/324/324 367/367/367
f 368/368/368 330/330/330 327/327/327
f 369/369/369 395/395/395 367/367/367
f 318/318/318 317/317/317 370/370/370
f 369/369/369 324/324/324 321/321/321
f 317/317/317 373/373/373 371/371/371
f 312/312/312 374/374/374 372/372/372
f 373/373/373 317/317/317 313/313/313
f 374/374/374 377/377/377 375/375/375
f 376/376/376 6834/6834/6831 377/377/377
f 374/374/374 312/312/312 378/378/378
f 377/377/377 381/381/381 379/379/379
f 377/377/377 6834/6834/6831 380/380/380
f 383/383/383 289/289/289 290/290/290
f 385/385/385 386/386/386 375/375/375
f 386/386/386 387/387/387 372/372/372
f 387/387/387 386/386/386 388/388/388
f 389/389/389 390/390/390 371/371/371
f 390/390/390 391/391/391 370/370/370
f 391/391/391 390/390/390 392/392/392
f 391/391/391 393/393/393 394/394/394
f 396/396/396 367/367/367 395/395/395
f 396/396/396 394/394/394 397/397/397
f 398/398/398 450/450/450 355/355/355
f 394/394/394 393/393/393 399/399/399
f 398/398/398 357/357/357 237/237/237
f 392/392/392 401/401/401 400/400/400
f 401/401/401 389/389/389 388/388/388
f 401/401/401 392/392/392 390/390/390
f 402/402/402 388/388/388 403/403/403
f 403/403/403 388/388/388 386/386/386
f 405/405/405 445/445/445 406/406/406
f 405/405/405 384/384/384 408/408/408
f 407/407/407 383/383/383 384/384/384
f 408/408/408 411/411/411 410/410/410
f 287/287/287 282/282/282 411/411/411
f 408/408/408 384/384/384 290/290/290
f 411/411/411 282/282/282 412/412/412
f 413/413/413 412/412/412 414/414/414
f 414/414/414 418/418/418 416/416/416
f 414/414/414 419/419/419 417/417/417
f 412/412/412 281/281/281 419/419/419
f 418/418/418 421/421/421 420/420/420
f 417/417/417 423/423/423 421/421/421
f 421/421/421 424/424/424 422/422/422
f 423/423/423 426/426/426 424/424/424
f 424/424/424 427/427/427 425/425/425
f 426/426/426 428/428/428 427/427/427
f 428/428/428 6835/6835/6832 429/429/429
f 249/249/249 297/297/297 430/430/430
f 431/431/431 298/298/298 250/250/250
f 432/432/432 434/434/434 326/326/326
f 433/433/433 436/436/436 434/434/434
f 435/435/435 425/425/425 427/427/427
f 434/434/434 322/322/322 323/323/323
f 436/436/436 452/452/452 322/322/322
f 425/425/425 435/435/435 334/334/334
f 333/333/333 336/336/336 422/422/422
f 336/336/336 437/437/437 420/420/420
f 437/437/437 336/336/336 338/338/338
f 339/339/339 341/341/341 438/438/438
f 341/341/341 440/440/440 439/439/439
f 440/440/440 341/341/341 342/342/342
f 345/345/345 348/348/348 441/441/441
f 348/348/348 246/246/246 442/442/442
f 246/246/246 444/444/444 443/443/443
f 446/446/446 406/406/406 445/445/445
f 444/444/444 245/245/245 447/447/447
f 404/404/404 6836/6836/6833 448/448/448
f 443/443/443 409/409/409 410/410/410
f 445/445/445 405/405/405 409/409/409
f 449/449/449 441/441/441 442/442/442
f 413/413/413 415/415/415 439/439/439
f 449/449/449 410/410/410 411/411/411
f 415/415/415 416/416/416 438/438/438
f 416/416/416 420/420/420 437/437/437
f 439/439/439 440/440/440 441/441/441
f 402/402/402 448/448/448 400/400/400
f 450/450/450 6832/6832/6829 352/352/352
f 396/396/396 239/239/239 368/368/368
f 391/391/391 395/395/395 369/369/369
f 387/387/387 371/371/371 373/373/373
f 451/451/451 247/247/247 246/246/246
f 452/452/452 319/319/319 320/320/320
f 453/453/453 294/294/294 293/293/293
f 293/293/293 292/292/292 455/455/455
f 456/456/456 302/302/302 314/314/314
f 309/309/309 260/260/260 258/258/258
f 457/457/457 258/258/258 259/259/259
f 297/297/297 249/249/249 252/252/252
f 292/292/292 252/252/252 251/251/251
f 458/458/458 278/278/278 277/277/277
f 277/277/277 270/270/270 459/459/459
f 270/270/270 269/269/269 264/264/264
f 280/280/280 268/268/268 270/270/270
f 466/466/466 639/639/639 467/467/467
f 464/464/464 463/463/463 468/468/468
f 469/469/469 6837/6837/6834 470/470/470
f 471/471/471 1525/1525/1524 472/472/472
f 473/473/473 1745/1745/1744 474/474/474
f 477/477/477 1034/1034/1033 479/479/479
f 479/479/479 1013/1013/1012 480/480/480
f 484/484/484 883/883/882 485/485/485
f 487/487/487 541/541/541 488/488/488
f 493/493/493 1735/1735/1734 494/494/494
f 496/496/496 852/852/851 497/497/497
f 499/499/499 1771/1771/1770 500/500/500
f 502/502/502 980/980/979 503/503/503
f 507/507/507 815/815/814 508/508/508
f 512/512/512 511/511/511 509/509/509
f 513/513/513 6838/6838/6835 514/514/514
f 516/516/516 521/521/521 511/511/511
f 517/517/517 1336/1336/1335 515/515/515
f 521/521/521 1537/1537/1536 518/518/518
f 525/525/525 1106/1106/1105 528/528/528
f 531/531/531 1524/1524/1523 532/532/532
f 532/532/532 935/935/934 534/534/534
f 535/535/535 1658/1658/1657 536/536/536
f 538/538/538 1652/1652/1651 539/539/539
f 487/487/487 537/537/537 536/536/536
f 542/542/542 991/991/990 543/543/543
f 546/546/546 956/956/955 547/547/547
f 549/549/549 506/506/506 550/550/550
f 552/552/552 549/549/549 551/551/551
f 557/557/557 554/554/554 556/556/556
f 559/559/559 1227/1227/1226 560/560/560
f 562/562/562 1228/1228/1227 563/563/563
f 565/565/565 1221/1221/1220 561/561/561
f 566/566/566 1215/1215/1214 564/564/564
f 574/574/574 534/534/534 575/575/575
f 577/577/577 1654/1654/1653 575/575/575
f 582/582/582 533/533/533 534/534/534
f 585/585/585 6839/6839/6836 586/586/586
f 485/485/485 884/884/883 589/589/589
f 486/486/486 485/485/485 537/537/537
f 583/583/583 592/592/592 591/591/591
f 592/592/592 931/931/930 593/593/593
f 593/593/593 928/928/927 594/594/594
f 598/598/598 1524/1524/1523 531/531/531
f 600/600/600 1520/1520/1519 601/601/601
f 603/603/603 1019/1019/1018 604/604/604
f 606/606/606 999/999/998 603/603/603
f 607/607/607 606/606/606 605/605/605
f 609/609/609 1490/1490/1489 610/610/610
f 612/612/612 6840/6840/6837 613/613/613
f 615/615/615 1784/1784/1783 616/616/616
f 618/618/618 1349/1349/1348 619/619/619
f 621/621/621 463/463/463 465/465/465
f 623/623/623 621/621/621 622/622/622
f 631/631/631 1375/1375/1374 632/632/632
f 634/634/634 881/881/880 635/635/635
f 637/637/637 1519/1519/1518 626/626/626
f 642/642/642 639/639/639 641/641/641
f 644/644/644 6841/6841/6838 645/645/645
f 647/647/647 767/767/766 648/648/648
f 651/651/651 655/655/655 652/652/652
f 654/654/654 6842/6842/6839 652/652/652
f 659/659/659 6843/6843/6840 660/660/660
f 662/662/662 656/656/656 658/658/658
f 664/664/664 668/668/668 665/665/665
f 667/667/667 1420/1420/1419 666/666/666
f 670/670/670 662/662/662 671/671/671
f 479/479/479 1034/1034/1033 676/676/675
f 678/678/677 2059/2059/2058 679/679/678
f 684/684/683 1005/1005/1004 685/685/684
f 470/470/470 6837/6837/6834 687/687/686
f 689/689/688 1916/1916/1915 690/690/689
f 692/692/691 689/689/688 691/691/690
f 694/694/693 693/693/692 691/691/690
f 695/695/694 1542/1542/1541 696/696/695
f 701/701/700 1044/1044/1043 702/702/701
f 704/704/703 6844/6844/6841 705/705/704
f 707/707/706 710/710/709 708/708/707
f 710/710/709 781/781/780 711/711/710
f 712/712/711 838/838/837 569/569/569
f 693/693/692 737/737/736 699/699/698
f 721/721/720 732/732/731 718/718/717
f 723/723/722 1092/1092/1091 724/724/723
f 726/726/725 1541/1541/1540 727/727/726
f 727/727/726 1514/1514/1513 729/729/728
f 730/730/729 1365/1365/1364 726/726/725
f 731/731/730 1373/1373/1372 730/730/729
f 739/739/738 1513/1513/1512 740/740/739
f 745/745/744 6838/6838/6835 513/513/513
f 747/747/746 6845/6845/6842 748/748/747
f 751/751/750 1509/1509/1508 752/752/751
f 754/754/753 1133/1133/1132 747/747/746
f 755/755/754 1150/1150/1149 754/754/753
f 756/756/755 755/755/754 749/749/748
f 757/757/756 2373/2373/2371 758/758/757
f 762/762/761 1123/1123/1122 763/763/762
f 765/765/764 772/772/771 766/766/765
f 768/768/767 6846/6846/6843 764/764/763
f 772/772/771 765/765/764 773/773/772
f 775/775/774 777/777/776 769/769/768
f 776/776/775 1230/1230/1229 777/777/776
f 778/778/777 1226/1226/1225 779/779/778
f 781/781/780 710/710/709 782/782/781
f 793/793/792 808/808/807 794/794/793
f 796/796/795 793/793/792 795/795/794
f 801/801/800 6847/6847/6844 802/802/801
f 806/806/805 1321/1321/1320 807/807/806
f 808/808/807 1424/1424/1423 809/809/808
f 813/813/812 1069/1069/1068 810/810/809
f 814/814/813 1062/1062/1061 508/508/508
f 816/816/815 1162/1162/1161 817/817/816
f 819/819/818 670/670/670 820/820/819
f 822/822/821 823/823/822 818/818/817
f 826/826/825 819/819/818 821/821/820
f 552/552/552 998/998/997 832/832/831
f 549/549/549 552/552/552 833/833/832
f 834/834/833 601/601/601 833/833/832
f 836/836/835 6848/6848/6845 837/837/836
f 838/838/837 836/836/835 835/835/834
f 839/839/838 923/923/922 520/520/520
f 841/841/840 927/927/926 840/840/839
f 845/845/844 1335/1335/1334 846/846/845
f 848/848/847 845/845/844 847/847/846
f 852/852/851 496/496/496 853/853/852
f 854/854/853 6849/6849/6846 855/855/854
f 857/857/856 1835/1835/1834 854/854/853
f 859/859/858 851/851/850 860/860/859
f 842/842/841 1107/1107/1106 862/862/861
f 863/863/862 865/865/864 862/862/861
f 865/865/864 1159/1159/1158 866/866/865
f 867/867/866 1397/1397/1396 868/868/867
f 870/870/869 1383/1383/1382 871/871/870
f 735/735/734 734/734/733 873/873/872
f 878/878/877 1087/1087/1086 879/879/878
f 628/628/628 874/874/873 873/873/872
f 881/881/880 1511/1511/1510 882/882/881
f 637/637/637 625/625/625 714/714/713
f 883/883/882 1663/1663/1662 884/884/883
f 885/885/884 1074/1074/1073 595/595/595
f 596/596/596 6850/6850/6847 886/886/885
f 888/888/887 893/893/892 889/889/888
f 891/891/890 890/890/889 889/889/888
f 893/893/892 1068/1068/1067 892/892/891
f 898/898/897 1326/1326/1325 899/899/898
f 901/901/900 904/904/903 902/902/901
f 904/904/903 1212/1212/1211 905/905/904
f 906/906/905 1257/1257/1256 907/907/906
f 909/909/908 906/906/905 908/908/907
f 911/911/910 1166/1166/1165 912/912/911
f 916/916/915 1158/1158/1157 917/917/916
f 919/919/918 1142/1142/1141 916/916/915
f 920/920/919 1146/1146/1145 921/921/920
f 923/923/922 815/815/814 507/507/507
f 528/528/528 1103/1103/1102 924/924/923
f 926/926/925 839/839/838 840/840/839
f 928/928/927 593/593/593 929/929/928
f 931/931/930 933/933/932 929/929/928
f 932/932/931 930/930/929 929/929/928
f 532/532/532 1523/1523/1522 934/934/933
f 935/935/934 934/934/933 936/936/935
f 938/938/937 1010/1010/1009 939/939/938
f 939/939/938 941/941/940 928/928/927
f 939/939/938 944/944/943 940/940/939
f 942/942/941 928/928/927 941/941/940
f 940/940/939 1612/1612/1611 943/943/942
f 703/703/702 1612/1612/1611 940/940/939
f 944/944/943 950/950/949 946/946/945
f 701/701/700 703/703/702 945/945/944
f 947/947/946 684/684/683 686/686/685
f 944/944/943 1011/1011/1010 949/949/948
f 951/951/950 953/953/952 948/948/947
f 685/685/684 955/955/954 951/951/950
f 952/952/951 6851/6851/6848 953/953/952
f 954/954/953 952/952/951 951/951/950
f 955/955/954 1047/1047/1046 956/956/955
f 957/957/956 952/952/951 954/954/953
f 956/956/955 546/546/546 958/958/957
f 959/959/958 957/957/956 958/958/957
f 546/546/546 961/961/960 960/960/959
f 548/548/548 964/964/963 961/961/960
f 962/962/961 960/960/959 961/961/960
f 964/964/963 967/967/966 963/963/962
f 965/965/964 962/962/961 963/963/962
f 967/967/966 2587/2587/2585 966/966/965
f 971/971/970 974/974/973 968/968/967
f 972/972/971 969/969/968 968/968/967
f 974/974/973 976/976/975 973/973/972
f 975/975/974 1036/1036/1035 973/973/972
f 977/977/976 6852/6852/6849 978/978/977
f 555/555/555 554/554/554 979/979/978
f 980/980/979 977/977/976 979/979/978
f 554/554/554 505/505/505 503/503/503
f 981/981/980 6852/6852/6849 977/977/976
f 600/600/600 986/986/985 982/982/981
f 984/984/983 988/988/987 985/985/984
f 602/602/602 984/984/983 986/986/985
f 987/987/986 6853/6853/6850 988/988/987
f 989/989/988 987/987/986 984/984/983
f 990/990/989 543/543/543 991/991/990
f 993/993/992 990/990/989 992/992/991
f 602/602/602 601/601/601 834/834/833
f 994/994/993 1608/1608/1607 681/681/680
f 999/999/998 606/606/606 462/462/462
f 1000/1000/999 999/999/998 997/997/996
f 1001/1001/1000 547/547/547 1002/1002/1001
f 603/603/603 999/999/998 1000/1000/999
f 1004/1004/1003 1003/1003/1002 1000/1000/999
f 1002/1002/1001 1047/1047/1046 1005/1005/1004
f 1006/1006/1005 1008/1008/1007 1003/1003/1002
f 1005/1005/1004 684/684/683 1006/1006/1005
f 1007/1007/1006 1016/1016/1015 1008/1008/1007
f 684/684/683 947/947/946 1007/1007/1006
f 938/938/937 1017/1017/1016 1009/1009/1008
f 1011/1011/1010 1010/1010/1009 1009/1009/1008
f 980/980/979 502/502/502 1012/1012/1011
f 1013/1013/1012 479/479/479 677/677/676
f 1015/1015/1014 1019/1019/1018 1008/1008/1007
f 932/932/931 1020/1020/1019 1017/1017/1016
f 1018/1018/1017 604/604/604 1019/1019/1018
f 933/933/932 1048/1048/1047 1020/1020/1019
f 1019/1019/1018 603/603/603 1003/1003/1002
f 956/956/955 1047/1047/1046 1002/1002/1001
f 1021/1021/1020 990/990/989 993/993/992
f 543/543/543 990/990/989 1021/1021/1020
f 1023/1023/1022 6854/6854/6851 545/545/545
f 1024/1024/1023 1031/1031/1030 1025/1025/1024
f 1026/1026/1025 577/577/577 578/578/578
f 1027/1027/1026 1036/1036/1035 1028/1028/1027
f 578/578/578 575/575/575 937/937/936
f 1030/1030/1029 6855/6855/6852 1031/1031/1030
f 1032/1032/1031 1027/1027/1026 1029/1029/1028
f 534/534/534 935/935/934 937/937/936
f 1034/1034/1033 477/477/477 1035/1035/1034
f 1033/1033/1032 676/676/675 1034/1034/1033
f 1035/1035/1034 972/972/971 1027/1027/1026
f 476/476/476 760/760/759 1035/1035/1034
f 969/969/968 972/972/971 1035/1035/1034
f 972/972/971 973/973/972 1036/1036/1035
f 760/760/759 1037/1037/1036 970/970/969
f 1038/1038/1037 1039/1039/1038 962/962/961
f 959/959/958 960/960/959 962/962/961
f 506/506/506 505/505/505 1040/1040/1039
f 505/505/505 554/554/554 557/557/557
f 1041/1041/1040 1046/1046/1045 957/957/956
f 1043/1043/1042 702/702/701 1044/1044/1043
f 1045/1045/1044 1043/1043/1042 1042/1042/1041
f 1046/1046/1045 6851/6851/6848 952/952/951
f 685/685/684 1005/1005/1004 1047/1047/1046
f 1011/1011/1010 944/944/943 939/939/938
f 931/931/930 1665/1665/1664 1048/1048/1047
f 975/975/974 6856/6856/6853 1028/1028/1027
f 1049/1049/1048 1665/1665/1664 931/931/930
f 1051/1051/1050 1049/1049/1048 1050/1050/1049
f 592/592/592 583/583/583 1052/1052/1051
f 1053/1053/1052 1101/1101/1100 1054/1054/1053
f 890/890/889 1053/1053/1052 1055/1055/1054
f 1056/1056/1055 1342/1342/1341 926/926/925
f 1057/1057/1056 1101/1101/1100 1053/1053/1052
f 1058/1058/1057 1057/1057/1056 891/891/890
f 1060/1060/1059 1086/1086/1085 885/885/884
f 1064/1064/1063 1067/1067/1066 1065/1065/1064
f 892/892/891 1064/1064/1063 1059/1059/1058
f 1066/1066/1065 1071/1071/1070 1067/1067/1066
f 1068/1068/1067 1066/1066/1065 1064/1064/1063
f 813/813/812 1065/1065/1064 1067/1067/1066
f 1070/1070/1069 1069/1069/1068 1067/1067/1066
f 1073/1073/1072 1058/1058/1057 1059/1059/1058
f 813/813/812 1075/1075/1074 1073/1073/1072
f 1074/1074/1073 1073/1073/1072 1075/1075/1074
f 1076/1076/1075 596/596/596 595/595/595
f 812/812/811 1076/1076/1075 1075/1075/1074
f 1077/1077/1076 6850/6850/6847 596/596/596
f 811/811/810 1077/1077/1076 1076/1076/1075
f 1078/1078/1077 567/567/567 1079/1079/1078
f 1081/1081/1080 1083/1083/1082 1078/1078/1077
f 1082/1082/1081 568/568/568 1078/1078/1077
f 1084/1084/1083 1057/1057/1056 1058/1058/1057
f 885/885/884 1086/1086/1085 1084/1084/1083
f 1089/1089/1088 6857/6857/6854 1097/1097/1096
f 1096/1096/1095 1095/1095/1094 1090/1090/1089
f 897/897/896 510/510/510 508/508/508
f 815/815/814 923/923/922 1098/1098/1097
f 1099/1099/1098 1084/1084/1083 1086/1086/1085
f 923/923/922 839/839/838 1100/1100/1099
f 1057/1057/1056 1084/1084/1083 1099/1099/1098
f 1102/1102/1101 1110/1110/1109 924/924/923
f 1104/1104/1103 1102/1102/1101 1103/1103/1102
f 1106/1106/1105 1105/1105/1104 1103/1103/1102
f 864/864/863 862/862/861 1107/1107/1106
f 1109/1109/1108 912/912/911 864/864/863
f 1110/1110/1109 6858/6858/6855 925/925/924
f 1111/1111/1110 920/920/919 922/922/921
f 1116/1116/1115 1113/1113/1112 1115/1115/1114
f 1118/1118/1117 1123/1123/1122 1114/1114/1113
f 1119/1119/1118 1118/1118/1117 1113/1113/1112
f 1120/1120/1119 1122/1122/1121 1119/1119/1118
f 1116/1116/1115 1163/1163/1162 1121/1121/1120
f 1122/1122/1121 1124/1124/1123 1118/1118/1117
f 1123/1123/1122 1118/1118/1117 1124/1124/1123
f 1125/1125/1124 768/768/767 763/763/762
f 1126/1126/1125 1125/1125/1124 1124/1124/1123
f 1122/1122/1121 1120/1120/1119 1127/1127/1126
f 1128/1128/1127 1139/1139/1138 1129/1129/1128
f 1131/1131/1130 1128/1128/1127 1130/1130/1129
f 1133/1133/1132 1145/1145/1144 1134/1134/1133
f 1135/1135/1134 6845/6845/6842 747/747/746
f 1136/1136/1135 1138/1138/1137 1128/1128/1127
f 1137/1137/1136 1141/1141/1140 1138/1138/1137
f 1139/1139/1138 1128/1128/1127 1138/1138/1137
f 1141/1141/1140 1111/1111/1110 1140/1140/1139
f 822/822/821 1140/1140/1139 1111/1111/1110
f 817/817/816 1139/1139/1138 1140/1140/1139
f 1142/1142/1141 919/919/918 1143/1143/1142
f 1145/1145/1144 1133/1133/1132 1144/1144/1143
f 1146/1146/1145 920/920/919 1141/1141/1140
f 1147/1147/1146 1142/1142/1141 1144/1144/1143
f 1133/1133/1132 754/754/753 1148/1148/1147
f 1149/1149/1148 1154/1154/1153 1147/1147/1146
f 1150/1150/1149 1149/1149/1148 1148/1148/1147
f 1151/1151/1150 1154/1154/1153 1149/1149/1148
f 1150/1150/1149 1507/1507/1506 1152/1152/1151
f 1153/1153/1152 1156/1156/1155 1154/1154/1153
f 1155/1155/1154 1147/1147/1146 1154/1154/1153
f 1156/1156/1155 1160/1160/1159 1157/1157/1156
f 1142/1142/1141 1147/1147/1146 1155/1155/1154
f 1158/1158/1157 916/916/915 1155/1155/1154
f 1159/1159/1158 865/865/864 1160/1160/1159
f 1156/1156/1155 1153/1153/1152 1161/1161/1160
f 863/863/862 1157/1157/1156 1160/1160/1159
f 863/863/862 1166/1166/1165 1158/1158/1157
f 1162/1162/1161 1129/1129/1128 1139/1139/1138
f 1120/1120/1119 751/751/750 753/753/752
f 751/751/750 1120/1120/1119 1121/1121/1120
f 1163/1163/1162 523/523/523 530/530/530
f 1123/1123/1122 762/762/761 1164/1164/1163
f 824/824/823 1111/1111/1110 1112/1112/1111
f 1166/1166/1165 911/911/910 917/917/916
f 1167/1167/1166 6859/6859/6856 1168/1168/1167
f 1170/1170/1169 1169/1169/1168 1168/1168/1167
f 1171/1171/1170 1174/1174/1173 1172/1172/1171
f 830/830/829 829/829/828 1169/1169/1168
f 831/831/830 830/830/829 1170/1170/1169
f 1173/1173/1172 1176/1176/1175 1172/1172/1171
f 1175/1175/1174 831/831/830 1172/1172/1171
f 1177/1177/1176 828/828/827 831/831/830
f 1176/1176/1175 1180/1180/1179 1178/1178/1177
f 898/898/897 900/900/899 1179/1179/1178
f 1173/1173/1172 898/898/897 1180/1180/1179
f 1181/1181/1180 1178/1178/1177 1180/1180/1179
f 1182/1182/1181 1177/1177/1176 1178/1178/1177
f 1179/1179/1178 1185/1185/1184 1183/1183/1182
f 1184/1184/1183 1188/1188/1187 1185/1185/1184
f 900/900/899 1186/1186/1185 1185/1185/1184
f 1187/1187/1186 1183/1183/1182 1185/1185/1184
f 1189/1189/1188 1182/1182/1181 1183/1183/1182
f 1188/1188/1187 1192/1192/1191 1190/1190/1189
f 1191/1191/1190 1195/1195/1194 1192/1192/1191
f 1188/1188/1187 1184/1184/1183 1193/1193/1192
f 1194/1194/1193 1190/1190/1189 1192/1192/1191
f 1196/1196/1195 1189/1189/1188 1190/1190/1189
f 1200/1200/1199 1202/1202/1201 1197/1197/1196
f 1200/1200/1199 6860/6860/6857 1201/1201/1200
f 1203/1203/1202 1197/1197/1196 1202/1202/1201
f 1201/1201/1200 1211/1211/1210 1204/1204/1203
f 1205/1205/1204 6861/6861/6858 1206/1206/1205
f 1208/1208/1207 1205/1205/1204 1207/1207/1206
f 1210/1210/1209 1204/1204/1203 1211/1211/1210
f 1212/1212/1211 904/904/903 1213/1213/1212
f 1214/1214/1213 1203/1203/1202 1204/1204/1203
f 1215/1215/1214 1214/1214/1213 1210/1210/1209
f 825/825/824 1218/1218/1217 1216/1216/1215
f 1217/1217/1216 1220/1220/1219 1216/1216/1215
f 1217/1217/1216 6862/6862/6859 1219/1219/1218
f 1221/1221/1220 565/565/565 1222/1222/1221
f 1226/1226/1225 778/778/777 1227/1227/1226
f 1230/1230/1229 776/776/775 1228/1228/1227
f 562/562/562 1240/1240/1239 1231/1231/1230
f 1232/1232/1231 1230/1230/1229 1229/1229/1228
f 1233/1233/1232 1236/1236/1235 1232/1232/1231
f 1235/1235/1234 1234/1234/1233 1232/1232/1231
f 1236/1236/1235 777/777/776 1230/1230/1229
f 1237/1237/1236 1272/1272/1271 1234/1234/1233
f 1238/1238/1237 1237/1237/1236 1235/1235/1234
f 1231/1231/1230 1240/1240/1239 1239/1239/1238
f 903/903/902 1238/1238/1237 1239/1239/1238
f 1240/1240/1239 1241/1241/1240 901/901/900
f 904/904/903 901/901/900 1241/1241/1240
f 564/564/564 1215/1215/1214 1213/1213/1212
f 562/562/562 564/564/564 1241/1241/1240
f 1242/1242/1241 1270/1270/1269 1243/1243/1242
f 1245/1245/1244 1242/1242/1241 1244/1244/1243
f 1247/1247/1246 859/859/858 1242/1242/1241
f 1248/1248/1247 1247/1247/1246 1245/1245/1244
f 1246/1246/1245 6863/6863/6860 1249/1249/1248
f 1250/1250/1249 1266/1266/1265 1251/1251/1250
f 1253/1253/1252 1252/1252/1251 1251/1251/1250
f 1255/1255/1254 1250/1250/1249 1252/1252/1251
f 915/915/914 914/914/913 1252/1252/1251
f 1256/1256/1255 1259/1259/1258 1250/1250/1249
f 848/848/847 1256/1256/1255 1255/1255/1254
f 914/914/913 907/907/906 1257/1257/1256
f 1258/1258/1257 1260/1260/1259 1259/1259/1258
f 849/849/848 1258/1258/1257 1256/1256/1255
f 793/793/792 796/796/795 1260/1260/1259
f 808/808/807 793/793/792 1258/1258/1257
f 796/796/795 804/804/803 1261/1261/1260
f 1262/1262/1261 1259/1259/1258 1260/1260/1259
f 1263/1263/1262 1268/1268/1267 1264/1264/1263
f 1266/1266/1265 1250/1250/1249 1259/1259/1258
f 1247/1247/1246 1248/1248/1247 1265/1265/1264
f 1267/1267/1266 497/497/497 852/852/851
f 1269/1269/1268 1267/1267/1266 1268/1268/1267
f 851/851/850 1264/1264/1263 1268/1268/1267
f 859/859/858 1247/1247/1246 1264/1264/1263
f 859/859/858 861/861/860 1270/1270/1269
f 1271/1271/1270 1233/1233/1232 1234/1234/1233
f 1273/1273/1272 1275/1275/1274 1233/1233/1232
f 1274/1274/1273 1236/1236/1235 1233/1233/1232
f 1275/1275/1274 1531/1531/1530 1276/1276/1275
f 777/777/776 1236/1236/1235 1274/1274/1273
f 1276/1276/1275 770/770/769 769/769/768
f 1198/1198/1197 1197/1197/1196 1203/1203/1202
f 1277/1277/1276 1205/1205/1204 1208/1208/1207
f 1279/1279/1278 1305/1305/1304 1278/1278/1277
f 1280/1280/1279 1279/1279/1278 1208/1208/1207
f 1281/1281/1280 1287/1287/1286 1282/1282/1281
f 1284/1284/1283 1281/1281/1280 1283/1283/1282
f 1286/1286/1285 1290/1290/1289 1287/1287/1286
f 1288/1288/1287 1286/1286/1285 1281/1281/1280
f 1289/1289/1288 1293/1293/1292 1290/1290/1289
f 1291/1291/1290 1289/1289/1288 1286/1286/1285
f 1292/1292/1291 1290/1290/1289 1293/1293/1292
f 1295/1295/1294 1316/1316/1315 1294/1294/1293
f 1296/1296/1295 1295/1295/1294 1293/1293/1292
f 1297/1297/1296 1302/1302/1301 1298/1298/1297
f 1277/1277/1276 1297/1297/1296 1299/1299/1298
f 1301/1301/1300 1304/1304/1303 1302/1302/1301
f 1278/1278/1277 1301/1301/1300 1297/1297/1296
f 1303/1303/1302 1323/1323/1322 1304/1304/1303
f 1305/1305/1304 1303/1303/1302 1301/1301/1300
f 1306/1306/1305 1309/1309/1308 1307/1307/1306
f 1287/1287/1286 1306/1306/1305 1308/1308/1307
f 1292/1292/1291 1311/1311/1310 1309/1309/1308
f 1290/1290/1289 1292/1292/1291 1306/1306/1305
f 1310/1310/1309 1309/1309/1308 1311/1311/1310
f 1313/1313/1312 1315/1315/1314 1312/1312/1311
f 1294/1294/1293 1313/1313/1312 1311/1311/1310
f 1314/1314/1313 787/787/786 1315/1315/1314
f 1316/1316/1315 1314/1314/1313 1313/1313/1312
f 1317/1317/1316 1321/1321/1320 1318/1318/1317
f 1302/1302/1301 1317/1317/1316 1319/1319/1318
f 1320/1320/1319 807/807/806 1321/1321/1320
f 1304/1304/1303 1320/1320/1319 1317/1317/1316
f 1322/1322/1321 798/798/797 807/807/806
f 1323/1323/1322 1322/1322/1321 1320/1320/1319
f 1310/1310/1309 792/792/791 791/791/790
f 1309/1309/1308 1310/1310/1309 1324/1324/1323
f 1325/1325/1324 792/792/791 1310/1310/1309
f 1315/1315/1314 789/789/788 1325/1325/1324
f 1300/1300/1299 6861/6861/6858 1205/1205/1204
f 1326/1326/1325 898/898/897 1173/1173/1172
f 1330/1330/1329 1167/1167/1166 1169/1169/1168
f 1331/1331/1330 524/524/524 523/523/523
f 1106/1106/1105 525/525/525 1332/1332/1331
f 1334/1334/1333 1105/1105/1104 1106/1106/1105
f 864/864/863 912/912/911 1166/1166/1165
f 1335/1335/1334 845/845/844 906/906/905
f 845/845/844 848/848/847 1257/1257/1256
f 1336/1336/1335 517/517/517 1337/1337/1336
f 872/872/871 871/871/870 1339/1339/1338
f 517/517/517 896/896/895 895/895/894
f 736/736/735 872/872/871 1340/1340/1339
f 855/855/854 6849/6849/6846 1342/1342/1341
f 1343/1343/1342 1572/1572/1571 1344/1344/1343
f 1349/1349/1348 878/878/877 733/733/732
f 1350/1350/1349 618/618/618 620/620/620
f 876/876/875 619/619/619 721/721/720
f 1353/1353/1352 1356/1356/1355 875/875/874
f 1354/1354/1353 876/876/875 875/875/874
f 1356/1356/1355 6864/6864/6861 1355/1355/1354
f 1357/1357/1356 620/620/620 876/876/875
f 744/744/743 1362/1362/1361 1360/1360/1359
f 1361/1361/1360 1358/1358/1357 1362/1362/1361
f 1364/1364/1363 1363/1363/1362 1362/1362/1361
f 1365/1365/1364 1370/1370/1369 1361/1361/1360
f 1364/1364/1363 726/726/725 1365/1365/1364
f 1366/1366/1365 6865/6865/6862 1367/1367/1366
f 1369/1369/1368 1372/1372/1371 1368/1368/1367
f 730/730/729 1374/1374/1373 1370/1370/1369
f 1371/1371/1370 631/631/631 1372/1372/1371
f 1373/1373/1372 1376/1376/1375 1374/1374/1373
f 1373/1373/1372 881/881/880 634/634/634
f 1377/1377/1376 6865/6865/6862 1366/1366/1365
f 1379/1379/1378 6866/6866/6863 1377/1377/1376
f 628/628/628 1518/1518/1517 1381/1381/1380
f 870/870/869 735/735/734 874/874/873
f 655/655/655 1513/1513/1512 1382/1382/1381
f 1384/1384/1383 1422/1422/1421 1385/1385/1384
f 1387/1387/1386 1389/1389/1388 1386/1386/1385
f 1224/1224/1223 1225/1225/1224 1387/1387/1386
f 1388/1388/1387 1412/1412/1411 1389/1389/1388
f 1390/1390/1389 1388/1388/1387 1387/1387/1386
f 1391/1391/1390 1396/1396/1395 1392/1392/1391
f 1394/1394/1393 1391/1391/1390 1393/1393/1392
f 867/867/866 1399/1399/1398 1396/1396/1395
f 1397/1397/1396 867/867/866 1391/1391/1390
f 1398/1398/1397 1396/1396/1395 1399/1399/1398
f 1401/1401/1400 1421/1421/1420 1400/1400/1399
f 869/869/868 1401/1401/1400 1399/1399/1398
f 1402/1402/1401 1407/1407/1406 1403/1403/1402
f 1384/1384/1383 1402/1402/1401 1404/1404/1403
f 1406/1406/1405 1409/1409/1408 1407/1407/1406
f 1386/1386/1385 1406/1406/1405 1402/1402/1401
f 1408/1408/1407 1411/1411/1410 1409/1409/1408
f 1386/1386/1385 1389/1389/1388 1408/1408/1407
f 1410/1410/1409 1418/1418/1417 1411/1411/1410
f 1412/1412/1411 1410/1410/1409 1408/1408/1407
f 1398/1398/1397 1416/1416/1415 1413/1413/1412
f 1396/1396/1395 1398/1398/1397 1414/1414/1413
f 1415/1415/1414 1413/1413/1412 1416/1416/1415
f 646/646/646 645/645/645 1417/1417/1416
f 1400/1400/1399 646/646/646 1416/1416/1415
f 669/669/669 1411/1411/1410 1418/1418/1417
f 664/664/664 1409/1409/1408 1411/1411/1410
f 666/666/666 1407/1407/1406 1409/1409/1408
f 1420/1420/1419 1403/1403/1402 1407/1407/1406
f 646/646/646 1400/1400/1399 1421/1421/1420
f 1405/1405/1404 2066/2066/2065 1422/1422/1421
f 735/735/734 870/870/869 872/872/871
f 927/927/926 841/841/840 1423/1423/1422
f 1424/1424/1423 808/808/807 849/849/848
f 678/678/677 680/680/679 1425/1425/1424
f 1427/1427/1426 1604/1604/1603 1428/1428/1427
f 1430/1430/1429 1603/1603/1602 1431/1431/1430
f 1433/1433/1432 3015/3015/3013 1434/1434/1433
f 1436/1436/1435 1516/1516/1515 1437/1437/1436
f 1439/1439/1438 3015/3015/3013 1433/1433/1432
f 1443/1443/1442 1439/1439/1438 1440/1440/1439
f 1441/1441/1440 1448/1448/1447 1445/1445/1444
f 1446/1446/1445 1443/1443/1442 1444/1444/1443
f 1448/1448/1447 1452/1452/1451 1449/1449/1448
f 1450/1450/1449 1446/1446/1445 1447/1447/1446
f 782/782/781 1454/1454/1453 1449/1449/1448
f 1453/1453/1452 3030/3030/3028 1450/1450/1449
f 710/710/709 707/707/706 1454/1454/1453
f 1455/1455/1454 1459/1459/1458 1456/1456/1455
f 1458/1458/1457 1463/1463/1462 1459/1459/1458
f 1460/1460/1459 1487/1487/1486 1461/1461/1460
f 1458/1458/1457 1462/1462/1461 1461/1461/1460
f 1464/1464/1463 1483/1483/1482 1465/1465/1464
f 1467/1467/1466 6867/6867/6864 1466/1466/1465
f 1468/1468/1467 1723/1723/1722 1469/1469/1468
f 1471/1471/1470 6868/6868/6865 1472/1472/1471
f 1474/1474/1473 3045/3045/3043 1475/1475/1474
f 1477/1477/1476 1789/1789/1788 1478/1478/1477
f 1480/1480/1479 1780/1780/1779 1481/1481/1480
f 612/612/612 614/614/614 1483/1483/1482
f 1484/1484/1483 1788/1788/1787 1485/1485/1484
f 615/615/615 617/617/617 1486/1486/1485
f 1487/1487/1486 1460/1460/1459 1488/1488/1487
f 1490/1490/1489 609/609/609 1489/1489/1488
f 1491/1491/1490 6869/6869/6866 1492/1492/1491
f 1494/1494/1493 1493/1493/1492 1492/1492/1491
f 709/709/708 708/708/707 1494/1494/1493
f 1330/1330/1329 829/829/828 828/828/827
f 1497/1497/1496 810/810/809 1069/1069/1068
f 1083/1083/1082 1081/1081/1080 1498/1498/1497
f 1500/1500/1499 6870/6870/6867 809/809/808
f 1501/1501/1500 1318/1318/1317 1321/1321/1320
f 765/765/764 1504/1504/1503 1503/1503/1502
f 767/767/766 1505/1505/1504 1504/1504/1503
f 647/647/647 1506/1506/1505 1505/1505/1504
f 647/647/647 466/466/466 468/468/468
f 1507/1507/1506 1150/1150/1149 755/755/754
f 756/756/755 6871/6871/6868 1508/1508/1507
f 530/530/530 522/522/522 1509/1509/1508
f 693/693/692 694/694/693 1224/1224/1223
f 881/881/880 1373/1373/1372 731/731/730
f 651/651/651 740/740/739 1513/1513/1512
f 651/651/651 637/637/637 713/713/712
f 1514/1514/1513 717/717/716 716/716/715
f 728/728/727 729/729/728 1511/1511/1510
f 1043/1043/1042 585/585/585 587/587/587
f 1436/1436/1435 1603/1603/1602 1515/1515/1514
f 628/628/628 1547/1547/1546 1517/1517/1516
f 633/633/633 638/638/638 657/657/657
f 1519/1519/1518 637/637/637 651/651/651
f 640/640/640 639/639/639 466/466/466
f 983/983/982 1012/1012/1011 1520/1520/1519
f 1521/1521/1520 1524/1524/1523 598/598/598
f 583/583/583 581/581/581 580/580/580
f 1523/1523/1522 532/532/532 1524/1524/1523
f 470/470/470 688/688/687 1525/1525/1524
f 1531/1531/1530 1275/1275/1274 1273/1273/1272
f 1163/1163/1162 1116/1116/1115 1117/1117/1116
f 1105/1105/1104 1334/1334/1333 1534/1534/1533
f 737/737/736 1224/1224/1223 1385/1385/1384
f 648/648/648 767/767/766 766/766/765
f 1364/1364/1363 1527/1527/1526 1541/1541/1540
f 782/782/781 1452/1452/1451 491/491/491
f 1542/1542/1541 1543/1543/1542 1539/1539/1538
f 481/481/481 483/483/483 1543/1543/1542
f 843/843/842 862/862/861 866/866/865
f 847/847/846 846/846/845 1545/1545/1544
f 899/899/898 6872/6872/6869 1186/1186/1185
f 1546/1546/1545 1296/1296/1295 1289/1289/1288
f 1550/1550/1549 1957/1957/1956 1551/1551/1550
f 1551/1551/1550 1957/1957/1956 1555/1555/1554
f 1557/1557/1556 1960/1960/1959 1558/1558/1557
f 1558/1558/1557 1961/1961/1960 1560/1560/1559
f 1345/1345/1344 724/724/723 1092/1092/1091
f 722/722/721 1352/1352/1351 877/877/876
f 732/732/731 721/721/720 619/619/619
f 618/618/618 1088/1088/1087 878/878/877
f 1566/1566/1565 844/844/843 843/843/842
f 887/887/886 886/886/885 1569/1569/1568
f 1093/1093/1092 1571/1571/1570 1343/1343/1342
f 1061/1061/1060 597/597/597 887/887/886
f 1571/1571/1570 6873/6873/6870 1572/1572/1571
f 1573/1573/1572 1574/1574/1573 567/567/567
f 1575/1575/1574 1579/1579/1578 1576/1576/1575
f 688/688/687 6874/6874/6871 472/472/472
f 1588/1588/1587 6875/6875/6872 1589/1589/1588
f 1589/1589/1588 1592/1592/1591 1591/1591/1590
f 1592/1592/1591 1595/1595/1594 1593/1593/1592
f 1592/1592/1591 1589/1589/1588 1594/1594/1593
f 1601/1601/1600 6876/6876/6873 1602/1602/1601
f 1604/1604/1603 2058/2058/2057 1605/1605/1604
f 1606/1606/1605 1607/1607/1606 1603/1603/1602
f 936/936/935 1030/1030/1029 1024/1024/1023
f 983/983/982 982/982/981 977/977/976
f 986/986/985 985/985/984 981/981/980
f 591/591/591 594/594/594 1609/1609/1608
f 703/703/702 702/702/701 1611/1611/1610
f 1611/1611/1610 702/702/701 587/587/587
f 1618/1618/1617 1641/1641/1640 1619/1619/1618
f 1617/1617/1616 6877/6877/6874 1621/1621/1620
f 1622/1622/1621 1630/1630/1629 1623/1623/1622
f 1624/1624/1623 1615/1615/1614 1625/1625/1624
f 1627/1627/1626 1626/1626/1625 1628/1628/1627
f 1626/1626/1625 1625/1625/1624 1630/1630/1629
f 1631/1631/1630 1646/1646/1645 1632/1632/1631
f 1635/1635/1634 1633/1633/1632 1636/1636/1635
f 1638/1638/1637 1642/1642/1641 1639/1639/1638
f 1641/1641/1640 1640/1640/1639 1639/1639/1638
f 1635/1635/1634 1637/1637/1636 1642/1642/1641
f 1642/1642/1641 1645/1645/1644 1643/1643/1642
f 1639/1639/1638 1643/1643/1642 1644/1644/1643
f 1636/1636/1635 1647/1647/1646 1645/1645/1644
f 1648/1648/1647 1628/1628/1627 1630/1630/1629
f 1645/1645/1644 1651/1651/1650 1650/1650/1649
f 1649/1649/1648 1630/1630/1629 1622/1622/1621
f 1652/1652/1651 580/580/580 579/579/579
f 1653/1653/1652 6878/6878/6875 1654/1654/1653
f 1655/1655/1654 1659/1659/1658 1656/1656/1655
f 1052/1052/1051 1652/1652/1651 538/538/538
f 1658/1658/1657 1656/1656/1655 1659/1659/1658
f 1660/1660/1659 1653/1653/1652 577/577/577
f 486/486/486 487/487/487 489/489/489
f 484/484/484 486/486/486 1662/1662/1661
f 605/605/605 604/604/604 883/883/882
f 604/604/604 1018/1018/1017 1663/1663/1662
f 1664/1664/1663 1048/1048/1047 1665/1665/1664
f 1667/1667/1666 3543/3543/3541 1668/1668/1667
f 1670/1670/1669 3537/3537/3535 1671/1671/1670
f 1673/1673/1672 1676/1676/1675 1674/1674/1673
f 1676/1676/1675 1684/1684/1683 1677/1677/1676
f 1675/1675/1674 1674/1674/1673 1677/1677/1676
f 1679/1679/1678 1673/1673/1672 1675/1675/1674
f 1681/1681/1680 1676/1676/1675 1673/1673/1672
f 1685/1685/1684 2011/2011/2010 1686/1686/1685
f 1688/1688/1687 1672/1672/1671 1671/1671/1670
f 1690/1690/1689 2015/2015/2014 1691/1691/1690
f 1698/1698/1697 1669/1669/1668 1668/1668/1667
f 1700/1700/1699 2031/2031/2030 1701/1701/1700
f 1710/1710/1709 1717/1717/1716 1711/1711/1710
f 1713/1713/1712 1712/1712/1711 1711/1711/1710
f 1711/1711/1710 1717/1717/1716 1715/1715/1714
f 1719/1719/1718 1718/1718/1717 1717/1717/1716
f 1712/1712/1711 1713/1713/1712 1720/1720/1719
f 1721/1721/1720 6879/6879/6876 1719/1719/1718
f 1588/1588/1587 1590/1590/1589 1591/1591/1590
f 1723/1723/1722 3267/3267/3265 1724/1724/1723
f 1725/1725/1724 3560/3560/3558 1726/1726/1725
f 1728/1728/1727 2055/2055/2054 1729/1729/1728
f 1727/1727/1726 1726/1726/1725 1731/1731/1730
f 1733/1733/1732 1474/1474/1473 1476/1476/1475
f 803/803/802 1749/1749/1748 495/495/495
f 1735/1735/1734 493/493/493 1736/1736/1735
f 1737/1737/1736 1736/1736/1735 1738/1738/1737
f 1738/1738/1737 1741/1741/1740 1740/1740/1739
f 1741/1741/1740 1743/1743/1742 1742/1742/1741
f 1743/1743/1742 1747/1747/1746 1744/1744/1743
f 1744/1744/1743 1747/1747/1746 474/474/474
f 1746/1746/1745 1759/1759/1758 1747/1747/1746
f 1748/1748/1747 1746/1746/1745 1741/1741/1740
f 1749/1749/1748 1748/1748/1747 1736/1736/1735
f 1750/1750/1749 2024/2024/2023 1751/1751/1750
f 1753/1753/1752 1757/1757/1756 1754/1754/1753
f 474/474/474 1759/1759/1758 1758/1758/1757
f 1754/1754/1753 1762/1762/1761 1760/1760/1759
f 1761/1761/1760 1765/1765/1764 1763/1763/1762
f 1766/1766/1765 499/499/499 501/501/501
f 499/499/499 1772/1772/1771 1770/1770/1769
f 1773/1773/1772 1777/1777/1776 1774/1774/1773
f 1776/1776/1775 1779/1779/1778 1777/1777/1776
f 1778/1778/1777 1790/1790/1789 1779/1779/1778
f 1780/1780/1779 1790/1790/1789 1778/1778/1777
f 1775/1775/1774 1774/1774/1773 1781/1781/1780
f 1782/1782/1781 1781/1781/1780 1783/1783/1782
f 1781/1781/1780 6880/6880/6877 1785/1785/1784
f 1786/1786/1785 6880/6880/6877 1781/1781/1780
f 1787/1787/1786 1786/1786/1785 1777/1777/1776
f 1773/1773/1772 1775/1775/1774 615/615/615
f 1778/1778/1777 1776/1776/1775 1485/1485/1484
f 1480/1480/1479 1478/1478/1477 1789/1789/1788
f 1789/1789/1788 1787/1787/1786 1790/1790/1789
f 1788/1788/1787 1482/1482/1481 1481/1481/1480
f 705/705/704 1477/1477/1476 1791/1791/1790
f 1792/1792/1791 1806/1806/1805 1793/1793/1792
f 1795/1795/1794 6881/6881/6878 1796/1796/1795
f 1795/1795/1794 1797/1797/1796 1798/1798/1797
f 1800/1800/1799 6882/6882/6879 1801/1801/1800
f 1800/1800/1799 1802/1802/1801 1803/1803/1802
f 1792/1792/1791 6883/6883/6880 1805/1805/1804
f 1807/1807/1806 1811/1811/1810 1808/1808/1807
f 1807/1807/1806 1924/1924/1923 1810/1810/1809
f 1812/1812/1811 1816/1816/1815 1813/1813/1812
f 1815/1815/1814 1818/1818/1817 1816/1816/1815
f 1803/1803/1802 1802/1802/1801 1819/1819/1818
f 1798/1798/1797 1797/1797/1796 1821/1821/1820
f 1797/1797/1796 1796/1796/1795 1823/1823/1822
f 1793/1793/1792 1806/1806/1805 1824/1824/1823
f 1805/1805/1804 6884/6884/6881 1824/1824/1823
f 1826/1826/1825 1922/1922/1921 1083/1083/1082
f 1827/1827/1826 1832/1832/1831 1828/1828/1827
f 1831/1831/1830 1833/1833/1832 1832/1832/1831
f 1835/1835/1834 857/857/856 1836/1836/1835
f 1837/1837/1836 6885/6885/6882 1838/1838/1837
f 1840/1840/1839 1837/1837/1836 1839/1839/1838
f 1842/1842/1841 6886/6886/6883 1843/1843/1842
f 1846/1846/1845 1840/1840/1839 1841/1841/1840
f 1848/1848/1847 1873/1873/1872 1849/1849/1848
f 1850/1850/1849 1849/1849/1848 1851/1851/1850
f 708/708/707 711/711/710 1853/1853/1852
f 1855/1855/1854 1883/1883/1882 1856/1856/1855
f 1857/1857/1856 1856/1856/1855 1858/1858/1857
f 1859/1859/1858 1858/1858/1857 1860/1860/1859
f 1854/1854/1853 1869/1869/1868 1494/1494/1493
f 1862/1862/1861 1872/1872/1871 1863/1863/1862
f 1865/1865/1864 1872/1872/1871 1862/1862/1861
f 1864/1864/1863 1863/1863/1862 1867/1867/1866
f 1869/1869/1868 1895/1895/1894 1870/1870/1869
f 1871/1871/1870 6887/6887/6884 1863/1863/1862
f 1873/1873/1872 6888/6888/6885 1874/1874/1873
f 1875/1875/1874 1887/1887/1886 1858/1858/1857
f 1856/1856/1855 1883/1883/1882 1876/1876/1875
f 1849/1849/1848 1874/1874/1873 1877/1877/1876
f 1879/1879/1878 1839/1839/1838 1838/1838/1837
f 1841/1841/1840 1839/1839/1838 1879/1879/1878
f 1841/1841/1840 1885/1885/1884 1884/1884/1883
f 1801/1801/1800 6889/6889/6886 1819/1819/1818
f 1858/1858/1857 1888/1888/1887 1886/1886/1885
f 1889/1889/1888 1871/1871/1870 1872/1872/1871
f 1890/1890/1889 6890/6890/6887 1891/1891/1890
f 1896/1896/1895 1902/1902/1901 1897/1897/1896
f 1898/1898/1897 1897/1897/1896 1899/1899/1898
f 1897/1897/1896 1903/1903/1902 1901/1901/1900
f 1902/1902/1901 6891/6891/6888 1903/1903/1902
f 1899/1899/1898 1901/1901/1900 1904/1904/1903
f 1899/1899/1898 1905/1905/1904 1906/1906/1905
f 1907/1907/1906 6891/6891/6888 1902/1902/1901
f 1909/1909/1908 1908/1908/1907 1902/1902/1901
f 1912/1912/1911 1493/1493/1492 1494/1494/1493
f 1863/1863/1862 6887/6887/6884 1913/1913/1912
f 1914/1914/1913 698/698/697 700/700/699
f 689/689/688 698/698/697 1914/1914/1913
f 1808/1808/1807 1811/1811/1810 1917/1917/1916
f 1810/1810/1809 1920/1920/1919 1917/1917/1916
f 1919/1919/1918 1917/1917/1916 1920/1920/1919
f 1919/1919/1918 6892/6892/6889 1918/1918/1917
f 1926/1926/1925 1981/1981/1980 1927/1927/1926
f 1927/1927/1926 1981/1981/1980 1929/1929/1928
f 1929/1929/1928 1933/1933/1932 1931/1931/1930
f 1932/1932/1931 6893/6893/6890 1931/1931/1930
f 1931/1931/1930 6893/6893/6890 1934/1934/1933
f 1931/1931/1930 1935/1935/1934 1936/1936/1935
f 1930/1930/1929 1936/1936/1935 1937/1937/1936
f 1937/1937/1936 6894/6894/6891 1928/1928/1927
f 1941/1941/1940 1942/1942/1941 1493/1493/1492
f 1550/1550/1549 2067/2067/2066 1951/1951/1950
f 1951/1951/1950 1954/1954/1953 1953/1953/1952
f 1954/1954/1953 1813/1813/1812 1816/1816/1815
f 1952/1952/1951 1953/1953/1952 1955/1955/1954
f 1955/1955/1954 1953/1953/1952 1816/1816/1815
f 1550/1550/1549 1952/1952/1951 1956/1956/1955
f 1956/1956/1955 1955/1955/1954 1958/1958/1957
f 1555/1555/1554 1957/1957/1956 1956/1956/1955
f 1958/1958/1957 1955/1955/1954 1818/1818/1817
f 1960/1960/1959 6895/6895/6892 1961/1961/1960
f 1962/1962/1961 1964/1964/1963 1963/1963/1962
f 1961/1961/1960 6895/6895/6892 1964/1964/1963
f 1965/1965/1964 1962/1962/1961 1950/1950/1949
f 1965/1965/1964 1560/1560/1559 1961/1961/1960
f 1561/1561/1560 1563/1563/1562 1559/1559/1558
f 1560/1560/1559 1966/1966/1965 1564/1564/1563
f 1966/1966/1965 1560/1560/1559 1965/1965/1964
f 1949/1949/1948 1948/1948/1947 1967/1967/1966
f 700/700/699 717/717/716 1968/1968/1967
f 1968/1968/1967 717/717/716 1565/1565/1564
f 1549/1549/1548 1548/1548/1547 1970/1970/1969
f 1973/1973/1972 1932/1932/1931 1933/1933/1932
f 1933/1933/1932 1929/1929/1928 1975/1975/1974
f 1929/1929/1928 1981/1981/1980 1976/1976/1975
f 1980/1980/1979 1976/1976/1975 1981/1981/1980
f 729/729/728 716/716/715 1512/1512/1511
f 740/740/739 713/713/712 1985/1985/1984
f 738/738/737 1512/1512/1511 716/716/715
f 1986/1986/1985 3563/3563/3561 1987/1987/1986
f 1989/1989/1988 1986/1986/1985 1988/1988/1987
f 1991/1991/1990 3526/3526/3524 1992/1992/1991
f 1993/1993/1992 1992/1992/1991 1994/1994/1993
f 1994/1994/1993 3530/3530/3528 1996/1996/1995
f 1996/1996/1995 3530/3530/3528 1997/1997/1996
f 1999/1999/1998 2001/2001/2000 1989/1989/1988
f 2000/2000/1999 3533/3533/3531 2001/2001/2000
f 1997/1997/1996 6896/6896/6893 2002/2002/2001
f 2003/2003/2002 3526/3526/3524 1991/1991/1990
f 1671/1671/1670 3537/3537/3535 2005/2005/2004
f 2006/2006/2005 6897/6897/6894 2007/2007/2006
f 2009/2009/2008 6898/6898/6895 1696/1696/1695
f 1706/1706/1705 3541/3541/3539 2013/2013/2012
f 1668/1668/1667 3543/3543/3541 2017/2017/2016
f 2018/2018/2017 6899/6899/6896 2019/2019/2018
f 2023/2023/2022 3547/3547/3545 2024/2024/2023
f 2024/2024/2023 3547/3547/3545 2025/2025/2024
f 1729/1729/1728 3548/3548/3546 2026/2026/2025
f 2027/2027/2026 6900/6900/6897 2028/2028/2027
f 1700/1700/1699 3551/3551/3549 2030/2030/2029
f 2031/2031/2030 2030/2030/2029 2032/2032/2031
f 2033/2033/2032 6901/6901/6898 2034/2034/2033
f 2036/2036/2035 3556/3556/3554 2037/2037/2036
f 1543/1543/1542 483/483/483 1536/1536/1535
f 1543/1543/1542 2039/2039/2038 2040/2040/2039
f 1577/1577/1576 3557/3557/3555 2041/2041/2040
f 1575/1575/1574 2041/2041/2040 2042/2042/2041
f 2043/2043/2042 6902/6902/6899 2044/2044/2043
f 1476/1476/1475 1475/1475/1474 2046/2046/2045
f 1726/1726/1725 3560/3560/3558 2047/2047/2046
f 2048/2048/2047 6903/6903/6900 2049/2049/2048
f 2051/2051/2050 6904/6904/6901 1529/1529/1528
f 1540/1540/1539 1539/1539/1538 2040/2040/2039
f 1469/1469/1468 1724/1724/1723 2053/2053/2052
f 2054/2054/2053 3548/3548/3546 1729/1729/1728
f 1987/1987/1986 3563/3563/3561 2056/2056/2055
f 1434/1434/1433 1605/1605/1604 2058/2058/2057
f 683/683/682 3566/3566/3564 1022/1022/1021
f 2059/2059/2058 3566/3566/3564 683/683/682
f 2060/2060/2059 6905/6905/6902 2061/2061/2060
f 1174/1174/1173 1329/1329/1328 1327/1327/1326
f 2074/2074/2073 2073/2073/2072 2075/2075/2074
f 2073/2073/2072 2074/2074/2073 468/468/468
f 2077/2077/2076 2080/2080/2079 2078/2078/2077
f 2080/2080/2079 2077/2077/2076 2081/2081/2080
f 2083/2083/2082 6906/6906/6903 2084/2084/2083
f 2088/2088/2087 2087/2087/2086 2089/2089/2088
f 2089/2089/2088 2087/2087/2086 2091/2091/2090
f 2096/2096/2095 2206/2206/2205 2097/2097/2096
f 2099/2099/2098 3214/3214/3212 2100/2100/2099
f 2105/2105/2104 3277/3277/3275 2106/2106/2105
f 2108/2108/2107 2466/2466/2464 2109/2109/2108
f 2111/2111/2110 6907/6907/6904 2112/2112/2111
f 2114/2114/2113 2118/2118/2117 2115/2115/2114
f 2120/2120/2119 2123/2123/2122 2121/2121/2120
f 2123/2123/2122 2125/2125/2124 2126/2126/2125
f 2127/2127/2126 2359/2359/2357 2128/2128/2127
f 2130/2130/2129 2126/2126/2125 2125/2125/2124
f 2132/2132/2131 2127/2127/2126 2129/2129/2128
f 2134/2134/2133 3095/3095/3093 2131/2131/2130
f 2140/2140/2139 2142/2142/2141 2143/2143/2142
f 2147/2147/2146 2197/2197/2196 2148/2148/2147
f 2148/2148/2147 2197/2197/2196 2150/2150/2149
f 2152/2152/2151 3211/3211/3209 2153/2153/2152
f 2155/2155/2154 6908/6908/6905 2156/2156/2155
f 2152/2152/2151 2154/2154/2153 2099/2099/2098
f 2158/2158/2157 2161/2161/2160 2159/2159/2158
f 2163/2163/2162 2576/2576/2574 2164/2164/2163
f 2166/2166/2165 2168/2168/2167 2167/2167/2166
f 2168/2168/2167 2166/2166/2165 2169/2169/2168
f 556/556/556 2171/2171/2170 2173/2173/2172
f 2174/2174/2173 2178/2178/2177 560/560/560
f 2175/2175/2174 2819/2819/2817 2176/2176/2175
f 2178/2178/2177 2814/2814/2812 565/565/565
f 2179/2179/2178 2175/2175/2174 2177/2177/2176
f 2188/2188/2187 2150/2150/2149 2189/2189/2188
f 2188/2188/2187 3206/3206/3204 2191/2191/2190
f 2196/2196/2195 2189/2189/2188 2150/2150/2149
f 2200/2200/2199 6909/6909/6906 2201/2201/2200
f 2097/2097/2096 2154/2154/2153 2204/2204/2203
f 2206/2206/2205 2099/2099/2098 2154/2154/2153
f 2208/2208/2207 2209/2209/2208 2199/2199/2198
f 2209/2209/2208 2208/2208/2207 2210/2210/2209
f 2210/2210/2209 2208/2208/2207 2212/2212/2211
f 2217/2217/2216 6910/6910/6907 2147/2147/2146
f 2218/2218/2217 3082/3082/3080 2219/2219/2218
f 2221/2221/2220 2226/2226/2225 2222/2222/2221
f 2224/2224/2223 2226/2226/2225 2221/2221/2220
f 2226/2226/2225 2224/2224/2223 2227/2227/2226
f 2229/2229/2228 3056/3056/3054 609/609/609
f 2230/2230/2229 6840/6840/6837 612/612/612
f 2232/2232/2231 3328/3328/3326 2233/2233/2232
f 2235/2235/2234 2938/2938/2936 2236/2236/2235
f 621/621/621 2238/2238/2237 2072/2072/2071
f 2238/2238/2237 621/621/621 623/623/623
f 2246/2246/2245 2960/2960/2958 631/631/631
f 2247/2247/2246 2935/2935/2933 2248/2248/2247
f 2242/2242/2241 3081/3081/3079 2250/2250/2249
f 2252/2252/2251 2076/2076/2075 2254/2254/2253
f 2256/2256/2255 6911/6911/6908 2257/2257/2256
f 2259/2259/2258 2381/2381/2379 2260/2260/2259
f 2263/2263/2262 2267/2267/2266 2264/2264/2263
f 2263/2263/2262 6912/6912/6909 2266/2266/2265
f 2270/2270/2269 6913/6913/6910 2271/2271/2269
f 2268/2268/2267 656/656/656 662/662/662
f 2274/2274/2272 2279/2279/2277 2275/2275/2273
f 2277/2277/2275 2274/2274/2272 2276/2276/2274
f 670/670/670 3103/3103/3101 2281/2281/2279
f 2089/2089/2088 2628/2628/2626 2285/2285/2283
f 2286/2286/2284 2059/2059/2058 678/678/677
f 2291/2291/2289 2621/2621/2619 2292/2292/2290
f 2294/2294/2292 2079/2079/2078 2078/2078/2077
f 2296/2296/2294 2299/2299/2297 2297/2297/2295
f 2299/2299/2297 2296/2296/2294 2300/2300/2298
f 2299/2299/2297 2301/2301/2299 2302/2302/2300
f 2303/2303/2301 6914/6914/6911 2304/2304/2302
f 2309/2309/2307 2653/2653/2651 2310/2310/2308
f 2312/2312/2310 3332/3332/3330 2313/2313/2311
f 2315/2315/2313 2318/2318/2316 2316/2316/2314
f 2318/2318/2316 2315/2315/2313 2319/2319/2317
f 2321/2321/2319 2183/2183/2182 2182/2182/2181
f 2307/2307/2305 2350/2350/2348 2301/2301/2299
f 2328/2328/2326 2345/2345/2343 2331/2331/2329
f 2333/2333/2331 6915/6915/6912 2334/2334/2332
f 2336/2336/2334 3076/3076/3074 2337/2337/2335
f 2337/2337/2335 3076/3076/3074 2339/2339/2337
f 2341/2341/2339 3076/3076/3074 2336/2336/2334
f 2343/2343/2341 3076/3076/3074 2341/2341/2339
f 2352/2352/2350 3094/3094/3092 2353/2353/2351
f 2358/2358/2356 6916/6916/6913 2128/2128/2127
f 2360/2360/2358 2736/2736/2734 2361/2361/2359
f 2364/2364/2362 3072/3072/3070 2365/2365/2363
f 2367/2367/2365 2362/2362/2360 2361/2361/2359
f 2369/2369/2367 2362/2362/2360 2367/2367/2365
f 2362/2362/2360 2369/2369/2367 2371/2371/2369
f 2372/2372/2370 2651/2651/2649 758/758/757
f 2376/2376/2374 2382/2382/2380 2377/2377/2375
f 2379/2379/2377 2387/2387/2385 2380/2380/2378
f 2382/2382/2380 6917/6917/6914 2383/2383/2381
f 2387/2387/2385 6918/6918/6915 2388/2388/2386
f 2389/2389/2387 2385/2385/2383 2384/2384/2382
f 2391/2391/2389 2389/2389/2387 2390/2390/2388
f 2393/2393/2391 2818/2818/2816 778/778/777
f 2320/2320/2318 3099/3099/3097 2394/2394/2392
f 2404/2404/2402 2407/2407/2405 2405/2405/2403
f 2407/2407/2405 2404/2404/2402 2408/2408/2406
f 2413/2413/2411 6919/6919/6916 2414/2414/2412
f 2418/2418/2416 2411/2411/2409 2419/2419/2417
f 2406/2406/2404 2405/2405/2403 2421/2421/2419
f 2426/2426/2424 2424/2424/2422 2423/2423/2421
f 2428/2428/2426 2122/2122/2121 2121/2121/2120
f 2430/2430/2428 2435/2435/2433 2431/2431/2429
f 2433/2433/2431 670/670/670 819/819/818
f 2435/2435/2433 2437/2437/2435 2436/2436/2434
f 826/826/825 2440/2440/2438 2434/2434/2432
f 2169/2169/2168 2447/2447/2445 2445/2445/2443
f 2447/2447/2445 2169/2169/2168 2166/2166/2165
f 2447/2447/2445 2218/2218/2217 2448/2448/2446
f 2450/2450/2448 2449/2449/2447 2451/2451/2449
f 2449/2449/2447 2450/2450/2448 2322/2322/2320
f 2136/2136/2135 2543/2543/2541 2453/2453/2451
f 2455/2455/2453 2136/2136/2135 2454/2454/2452
f 2460/2460/2458 2924/2924/2922 2461/2461/2459
f 2462/2462/2460 2461/2461/2459 2463/2463/2461
f 2468/2468/2466 2109/2109/2108 2466/2466/2464
f 2469/2469/2467 6920/6920/6917 2470/2470/2468
f 2472/2472/2470 2471/2471/2469 2470/2470/2468
f 2475/2475/2473 2467/2467/2465 2476/2476/2474
f 2478/2478/2476 2708/2708/2706 2457/2457/2455
f 2478/2478/2476 2481/2481/2479 2479/2479/2477
f 2481/2481/2479 2478/2478/2476 2482/2482/2480
f 2484/2484/2482 2984/2984/2982 2485/2485/2483
f 2487/2487/2485 2968/2968/2966 2488/2488/2486
f 2490/2490/2488 2347/2347/2345 2349/2349/2347
f 2495/2495/2493 2689/2689/2687 2496/2496/2494
f 2490/2490/2488 2491/2491/2489 2243/2243/2242
f 2498/2498/2496 3074/3074/3072 2249/2249/2248
f 2325/2325/2323 2240/2240/2239 2250/2250/2249
f 2098/2098/2097 2097/2097/2096 2205/2205/2204
f 2500/2500/2498 2215/2215/2214 2214/2214/2213
f 2216/2216/2215 3126/3126/3124 2502/2502/2500
f 2504/2504/2502 2509/2509/2507 2505/2505/2503
f 2504/2504/2502 2506/2506/2504 2507/2507/2505
f 2509/2509/2507 2504/2504/2502 2508/2508/2506
f 2515/2515/2513 2916/2916/2914 2516/2516/2514
f 2518/2518/2516 2521/2521/2519 2519/2519/2517
f 2521/2521/2519 2518/2518/2516 2522/2522/2520
f 2524/2524/2522 2527/2527/2525 2525/2525/2523
f 2527/2527/2525 2524/2524/2522 2528/2528/2526
f 2530/2530/2528 2759/2759/2757 2531/2531/2529
f 2535/2535/2533 6921/6921/6918 2536/2536/2534
f 2538/2538/2536 6921/6921/6918 2535/2535/2533
f 2540/2540/2538 2745/2745/2743 2541/2541/2539
f 2543/2543/2541 2136/2136/2135 2120/2120/2119
f 2143/2143/2142 2144/2144/2143 2544/2544/2542
f 2454/2454/2452 2453/2453/2451 2547/2547/2545
f 2548/2548/2546 2210/2210/2209 2213/2213/2212
f 2548/2548/2546 2551/2551/2549 2211/2211/2210
f 2548/2548/2546 2549/2549/2547 2550/2550/2548
f 2552/2552/2550 3085/3085/3083 2148/2148/2147
f 2151/2151/2150 2639/2639/2637 2553/2553/2551
f 2554/2554/2552 2549/2549/2547 2555/2555/2553
f 2555/2555/2553 2549/2549/2547 2213/2213/2212
f 2555/2555/2553 2557/2557/2555 2558/2558/2556
f 2557/2557/2555 2213/2213/2212 2560/2560/2558
f 2558/2558/2556 2557/2557/2555 2561/2561/2559
f 2558/2558/2556 2562/2562/2560 2311/2311/2309
f 2559/2559/2557 2563/2563/2561 2564/2564/2562
f 2563/2563/2561 2311/2311/2309 2310/2310/2308
f 2566/2566/2564 2569/2569/2567 2293/2293/2291
f 2559/2559/2557 2565/2565/2563 2567/2567/2565
f 2569/2569/2567 2572/2572/2570 2570/2570/2568
f 2570/2570/2568 2575/2575/2573 2291/2291/2289
f 2571/2571/2569 2570/2570/2568 2572/2572/2570
f 2570/2570/2568 2571/2571/2569 2574/2574/2572
f 2575/2575/2573 2574/2574/2572 2576/2576/2574
f 2574/2574/2572 2571/2571/2569 2578/2578/2576
f 2576/2576/2574 2574/2574/2572 2579/2579/2577
f 2579/2579/2577 2578/2578/2576 2580/2580/2578
f 2164/2164/2163 2579/2579/2577 2581/2581/2579
f 2582/2582/2580 2585/2585/2583 2165/2165/2164
f 2582/2582/2580 2581/2581/2579 2583/2583/2581
f 2585/2585/2583 2582/2582/2580 2584/2584/2582
f 2584/2584/2582 2583/2583/2581 965/965/964
f 2586/2586/2584 2584/2584/2582 966/966/965
f 971/971/970 970/970/969 2588/2588/2586
f 2588/2588/2586 2589/2589/2587 2591/2591/2589
f 2590/2590/2588 2588/2588/2586 2592/2592/2590
f 2594/2594/2592 2593/2593/2591 2592/2592/2590
f 2596/2596/2594 6922/6922/6919 2597/2597/2595
f 2172/2172/2171 2596/2596/2594 2598/2598/2596
f 2598/2598/2596 2597/2597/2595 2116/2116/2115
f 2171/2171/2170 2598/2598/2596 2115/2115/2114
f 2597/2597/2595 6922/6922/6919 2599/2599/2597
f 2600/2600/2598 2605/2605/2603 2219/2219/2218
f 2602/2602/2600 2605/2605/2603 2603/2603/2601
f 2605/2605/2603 2602/2602/2600 2220/2220/2219
f 2606/2606/2604 2602/2602/2600 2604/2604/2602
f 2602/2602/2600 2606/2606/2604 2608/2608/2606
f 2609/2609/2607 2610/2610/2608 2160/2160/2159
f 2610/2610/2608 2609/2609/2607 2611/2611/2609
f 2220/2220/2219 2608/2608/2606 2448/2448/2446
f 2612/2612/2610 2611/2611/2609 2288/2288/2286
f 2225/2225/2224 2615/2615/2613 2070/2070/2069
f 2615/2615/2613 2225/2225/2224 2616/2616/2614
f 2617/2617/2615 2616/2616/2614 2618/2618/2616
f 2616/2616/2614 2225/2225/2224 2221/2221/2220
f 2616/2616/2614 2619/2619/2617 2620/2620/2618
f 2618/2618/2616 2620/2620/2618 2621/2621/2619
f 2622/2622/2620 2620/2620/2618 2619/2619/2617
f 2621/2621/2619 2620/2620/2618 2622/2622/2620
f 2624/2624/2622 2622/2622/2620 2623/2623/2621
f 2292/2292/2290 2622/2622/2620 2624/2624/2622
f 2626/2626/2624 2630/2630/2628 2554/2554/2552
f 2626/2626/2624 2556/2556/2554 2568/2568/2566
f 2116/2116/2115 2601/2601/2599 2627/2627/2625
f 2092/2092/2091 6923/6923/6920 2628/2628/2626
f 2629/2629/2627 2625/2625/2623 2623/2623/2621
f 2630/2630/2628 2632/2632/2630 2550/2550/2548
f 2631/2631/2629 2629/2629/2627 2223/2223/2222
f 2632/2632/2630 2655/2655/2653 2551/2551/2549
f 2223/2223/2222 2623/2623/2621 2619/2619/2617
f 2618/2618/2616 2577/2577/2575 2576/2576/2574
f 2611/2611/2609 2609/2609/2607 1021/1021/1020
f 1021/1021/1020 2609/2609/2607 2159/2159/2158
f 2162/2162/2161 6854/6854/6851 1023/1023/1022
f 2633/2633/2631 2641/2641/2639 2634/2634/2632
f 2635/2635/2633 2633/2633/2631 2192/2192/2191
f 2636/2636/2634 2595/2595/2593 2637/2637/2635
f 2192/2192/2191 2634/2634/2632 2639/2639/2637
f 2640/2640/2638 2634/2634/2632 2641/2641/2639
f 2638/2638/2636 2637/2637/2635 2643/2643/2641
f 2639/2639/2637 2151/2151/2150 2150/2150/2149
f 2090/2090/2089 2643/2643/2641 2645/2645/2643
f 2644/2644/2642 2643/2643/2641 2090/2090/2089
f 2645/2645/2643 2643/2643/2641 2637/2637/2635
f 2645/2645/2643 2374/2374/2372 2086/2086/2085
f 2645/2645/2643 2591/2591/2589 2589/2589/2587
f 2591/2591/2589 2637/2637/2635 2595/2595/2593
f 2374/2374/2372 2589/2589/2587 970/970/969
f 1038/1038/1037 965/965/964 2583/2583/2581
f 2583/2583/2581 2581/2581/2579 2580/2580/2578
f 2647/2647/2645 2117/2117/2116 2119/2119/2118
f 2117/2117/2116 2647/2647/2645 2173/2173/2172
f 2648/2648/2646 2580/2580/2578 2578/2578/2576
f 2652/2652/2650 2650/2650/2648 2653/2653/2651
f 2650/2650/2648 2652/2652/2650 2654/2654/2652
f 2649/2649/2647 2578/2578/2576 2571/2571/2569
f 2577/2577/2575 2621/2621/2619 2291/2291/2289
f 2568/2568/2566 2556/2556/2554 2555/2555/2553
f 2211/2211/2210 2551/2551/2549 2655/2655/2653
f 2636/2636/2634 6924/6924/6921 2594/2594/2592
f 2211/2211/2210 2656/2656/2654 2657/2657/2655
f 2658/2658/2656 2657/2657/2655 2659/2659/2657
f 2209/2209/2208 2658/2658/2656 2660/2660/2658
f 2661/2661/2659 2664/2664/2662 2662/2662/2660
f 2664/2664/2662 2661/2661/2659 2506/2506/2504
f 2547/2547/2545 2930/2930/2928 2665/2665/2663
f 2661/2661/2659 2663/2663/2661 2666/2666/2664
f 2507/2507/2505 2666/2666/2664 2667/2667/2665
f 2669/2669/2667 3128/3128/3126 2500/2500/2498
f 2672/2672/2670 2668/2668/2666 2673/2673/2671
f 2668/2668/2666 2672/2672/2670 2508/2508/2506
f 2675/2675/2673 2672/2672/2670 2674/2674/2672
f 2672/2672/2670 2675/2675/2673 2510/2510/2508
f 2674/2674/2672 2673/2673/2671 2426/2426/2424
f 2674/2674/2672 2427/2427/2425 2677/2677/2675
f 2679/2679/2677 2673/2673/2671 2668/2668/2666
f 2426/2426/2424 2673/2673/2671 2679/2679/2677
f 2680/2680/2678 2679/2679/2677 2501/2501/2499
f 2681/2681/2679 2680/2680/2678 2214/2214/2213
f 2680/2680/2678 2681/2681/2679 2424/2424/2422
f 2682/2682/2680 2681/2681/2679 2216/2216/2215
f 2681/2681/2679 2682/2682/2680 2425/2425/2423
f 2683/2683/2681 6925/6925/6922 2684/2684/2682
f 2685/2685/2683 6925/6925/6922 2683/2683/2681
f 2683/2683/2681 2183/2183/2182 2687/2687/2685
f 2688/2688/2686 2501/2501/2499 2667/2667/2665
f 2500/2500/2498 2501/2501/2499 2688/2688/2686
f 2692/2692/2690 2694/2694/2692 2699/2699/2697
f 2697/2697/2695 2699/2699/2697 2694/2694/2692
f 2514/2514/2512 2671/2671/2669 2121/2121/2120
f 2122/2122/2121 2678/2678/2676 2701/2701/2699
f 2702/2702/2700 2690/2690/2688 2670/2670/2668
f 2543/2543/2541 2701/2701/2699 2703/2703/2701
f 2702/2702/2700 2688/2688/2686 2666/2666/2664
f 2704/2704/2702 2545/2545/2543 2544/2544/2542
f 2545/2545/2543 2704/2704/2702 2706/2706/2704
f 2545/2545/2543 2707/2707/2705 2145/2145/2144
f 2480/2480/2478 6926/6926/6923 2708/2708/2706
f 2709/2709/2707 6926/6926/6923 2480/2480/2478
f 2705/2705/2703 2544/2544/2542 2546/2546/2544
f 2542/2542/2540 2541/2541/2539 2711/2711/2709
f 2714/2714/2712 2713/2713/2711 2716/2716/2714
f 2718/2718/2716 2713/2713/2711 2715/2715/2713
f 2713/2713/2711 2718/2718/2716 2719/2719/2717
f 2719/2719/2717 2723/2723/2721 2720/2720/2718
f 2716/2716/2714 2719/2719/2717 2721/2721/2719
f 2723/2723/2721 2719/2719/2717 2718/2718/2716
f 2724/2724/2722 2718/2718/2716 2378/2378/2376
f 2725/2725/2723 2724/2724/2722 2377/2377/2375
f 2724/2724/2722 2725/2725/2723 2726/2726/2724
f 2723/2723/2721 2726/2726/2724 2727/2727/2725
f 2728/2728/2726 2731/2731/2729 2729/2729/2727
f 2731/2731/2729 2728/2728/2726 2732/2732/2730
f 2734/2734/2732 2744/2744/2742 2368/2368/2366
f 2735/2735/2733 2734/2734/2732 2361/2361/2359
f 2737/2737/2735 2732/2732/2730 2728/2728/2726
f 2738/2738/2736 2741/2741/2739 2739/2739/2737
f 2738/2738/2736 2728/2728/2726 2730/2730/2728
f 2741/2741/2739 2738/2738/2736 2740/2740/2738
f 2711/2711/2709 2740/2740/2738 2436/2436/2434
f 2740/2740/2738 2730/2730/2728 2431/2431/2429
f 2742/2742/2740 2538/2538/2536 2539/2539/2537
f 2744/2744/2742 2742/2742/2740 2743/2743/2741
f 2745/2745/2743 2739/2739/2737 2741/2741/2739
f 2743/2743/2741 2539/2539/2537 2746/2746/2744
f 2368/2368/2366 2743/2743/2741 2747/2747/2745
f 2748/2748/2746 2747/2747/2745 2746/2746/2744
f 2747/2747/2745 2748/2748/2746 2370/2370/2368
f 2748/2748/2746 2749/2749/2747 2750/2750/2748
f 2370/2370/2368 2748/2748/2746 2751/2751/2749
f 2749/2749/2747 2755/2755/2753 2753/2753/2751
f 2749/2749/2747 2746/2746/2744 2754/2754/2752
f 2755/2755/2753 2754/2754/2752 2756/2756/2754
f 2754/2754/2752 2746/2746/2744 2539/2539/2537
f 2754/2754/2752 2535/2535/2533 2537/2537/2535
f 2757/2757/2755 2481/2481/2479 2483/2483/2481
f 2755/2755/2753 2757/2757/2755 2758/2758/2756
f 2757/2757/2755 2756/2756/2754 2479/2479/2477
f 2479/2479/2477 2756/2756/2754 2537/2537/2535
f 2730/2730/2728 2729/2729/2727 2432/2432/2430
f 2720/2720/2718 2727/2727/2725 2366/2366/2364
f 2721/2721/2719 2720/2720/2718 2365/2365/2363
f 2722/2722/2720 2721/2721/2719 2146/2146/2145
f 2378/2378/2376 2715/2715/2713 2760/2760/2758
f 2712/2712/2710 2711/2711/2709 2438/2438/2436
f 2759/2759/2757 2537/2537/2535 2536/2536/2534
f 2762/2762/2760 6927/6927/6924 2763/2763/2761
f 2762/2762/2760 2764/2764/2762 2765/2765/2763
f 2766/2766/2764 2765/2765/2763 2767/2767/2765
f 2442/2442/2440 2765/2765/2763 2764/2764/2762
f 2765/2765/2763 2442/2442/2440 2444/2444/2442
f 2767/2767/2765 2771/2771/2769 2769/2769/2767
f 2767/2767/2765 2444/2444/2442 2770/2770/2768
f 2772/2772/2770 2770/2770/2768 2444/2444/2442
f 2771/2771/2769 2770/2770/2768 2773/2773/2771
f 2516/2516/2514 2774/2774/2772 2775/2775/2773
f 2774/2774/2772 2516/2516/2514 2769/2769/2767
f 2774/2774/2772 2773/2773/2771 2776/2776/2774
f 2777/2777/2775 2776/2776/2774 2773/2773/2771
f 2775/2775/2773 2776/2776/2774 2778/2778/2776
f 2779/2779/2777 2783/2783/2781 2780/2780/2778
f 2779/2779/2777 2781/2781/2779 2517/2517/2515
f 2779/2779/2777 2778/2778/2776 2782/2782/2780
f 2784/2784/2782 2782/2782/2780 2778/2778/2776
f 2783/2783/2781 2782/2782/2780 2785/2785/2783
f 2786/2786/2784 2790/2790/2788 2787/2787/2785
f 2783/2783/2781 2786/2786/2784 2788/2788/2786
f 2786/2786/2784 2785/2785/2783 2789/2789/2787
f 2791/2791/2789 2789/2789/2787 2785/2785/2783
f 2795/2795/2793 2793/2793/2791 2792/2792/2790
f 2795/2795/2793 2796/2796/2794 2797/2797/2795
f 2796/2796/2794 2792/2792/2790 2799/2799/2797
f 2797/2797/2795 2796/2796/2794 2800/2800/2798
f 2802/2802/2800 2805/2805/2803 2803/2803/2801
f 2805/2805/2803 2802/2802/2800 2806/2806/2804
f 2801/2801/2799 2800/2800/2798 2808/2808/2806
f 2523/2523/2521 2808/2808/2806 2809/2809/2807
f 2810/2810/2808 2808/2808/2806 2800/2800/2798
f 2808/2808/2806 2810/2810/2808 2180/2180/2179
f 1216/1216/1215 2812/2812/2810 2439/2439/2437
f 1216/1216/1215 1220/1220/1219 2811/2811/2809
f 2811/2811/2809 1220/1220/1219 1219/1219/1218
f 1222/1222/1221 565/565/565 2814/2814/2812
f 1227/1227/1226 778/778/777 2818/2818/2816
f 2819/2819/2817 2391/2391/2389 2392/2392/2390
f 2176/2176/2175 2820/2820/2818 2821/2821/2819
f 2820/2820/2818 2392/2392/2390 2823/2823/2821
f 2823/2823/2821 2827/2827/2825 2824/2824/2822
f 2823/2823/2821 2825/2825/2823 2826/2826/2824
f 2827/2827/2825 2823/2823/2821 2392/2392/2390
f 2828/2828/2826 2826/2826/2824 2825/2825/2823
f 2826/2826/2824 2828/2828/2826 2830/2830/2828
f 2821/2821/2819 2826/2826/2824 2831/2831/2829
f 2831/2831/2829 2830/2830/2828 2520/2520/2518
f 2822/2822/2820 2831/2831/2829 2519/2519/2517
f 2832/2832/2830 2519/2519/2517 2521/2521/2519
f 2177/2177/2176 2832/2832/2830 2809/2809/2807
f 2832/2832/2830 2177/2177/2176 2176/2176/2175
f 2833/2833/2831 2836/2836/2834 2834/2834/2832
f 2836/2836/2834 2833/2833/2831 2837/2837/2835
f 2839/2839/2837 2837/2837/2835 2833/2833/2831
f 2837/2837/2835 2839/2839/2837 2840/2840/2838
f 2838/2838/2836 2837/2837/2835 2841/2841/2839
f 2843/2843/2841 2858/2858/2856 2844/2844/2842
f 2843/2843/2841 2845/2845/2843 2846/2846/2844
f 2845/2845/2843 2844/2844/2842 2848/2848/2846
f 2845/2845/2843 2534/2534/2532 2533/2533/2531
f 2849/2849/2847 2848/2848/2846 2844/2844/2842
f 2848/2848/2846 2849/2849/2847 2463/2463/2461
f 2534/2534/2532 2848/2848/2846 2526/2526/2524
f 2851/2851/2849 2849/2849/2847 2850/2850/2848
f 2849/2849/2847 2851/2851/2849 2464/2464/2462
f 2404/2404/2402 2851/2851/2849 2852/2852/2850
f 2851/2851/2849 2404/2404/2402 2406/2406/2404
f 2408/2408/2406 2852/2852/2850 2853/2853/2851
f 2852/2852/2850 2850/2850/2848 2854/2854/2852
f 2855/2855/2853 2859/2859/2857 2856/2856/2854
f 2858/2858/2856 2854/2854/2852 2850/2850/2848
f 2859/2859/2857 2840/2840/2838 2839/2839/2837
f 2860/2860/2858 2857/2857/2855 2466/2466/2464
f 2857/2857/2855 2860/2860/2858 2861/2861/2859
f 2857/2857/2855 2856/2856/2854 2467/2467/2465
f 2856/2856/2854 2839/2839/2837 2476/2476/2474
f 2476/2476/2474 2833/2833/2831 2835/2835/2833
f 2825/2825/2823 2824/2824/2822 2862/2862/2860
f 2824/2824/2822 2865/2865/2863 2863/2863/2861
f 2824/2824/2822 2827/2827/2825 2864/2864/2862
f 2865/2865/2863 2864/2864/2862 2866/2866/2864
f 2864/2864/2862 2827/2827/2825 2390/2390/2388
f 2866/2866/2864 2864/2864/2862 2384/2384/2382
f 2794/2794/2792 2179/2179/2178 2799/2799/2797
f 2806/2806/2804 2802/2802/2800 2868/2868/2866
f 2870/2870/2868 2806/2806/2804 2869/2869/2867
f 2806/2806/2804 2870/2870/2868 2872/2872/2870
f 2873/2873/2871 2876/2876/2874 2874/2874/2872
f 2876/2876/2874 2873/2873/2871 2877/2877/2875
f 2879/2879/2877 2873/2873/2871 2875/2875/2873
f 2873/2873/2871 2879/2879/2877 2881/2881/2879
f 2882/2882/2880 2879/2879/2877 2880/2880/2878
f 2879/2879/2877 2882/2882/2880 2884/2884/2882
f 2883/2883/2881 2880/2880/2878 2885/2885/2883
f 2887/2887/2885 2883/2883/2881 2886/2886/2884
f 2883/2883/2881 2887/2887/2885 2889/2889/2887
f 2890/2890/2888 2893/2893/2891 2891/2891/2889
f 2893/2893/2891 2890/2890/2888 2868/2868/2866
f 2895/2895/2893 2890/2890/2888 2892/2892/2890
f 2890/2890/2888 2895/2895/2893 2869/2869/2867
f 2897/2897/2895 2895/2895/2893 2896/2896/2894
f 2895/2895/2893 2897/2897/2895 2871/2871/2869
f 2899/2899/2897 2902/2902/2900 2900/2900/2898
f 2902/2902/2900 2899/2899/2897 2875/2875/2873
f 2885/2885/2883 2899/2899/2897 2901/2901/2899
f 2899/2899/2897 2885/2885/2883 2880/2880/2878
f 2903/2903/2901 2901/2901/2899 2904/2904/2902
f 2906/2906/2904 2903/2903/2901 2905/2905/2903
f 2903/2903/2901 2906/2906/2904 2886/2886/2884
f 2908/2908/2906 2906/2906/2904 2907/2907/2905
f 2906/2906/2904 2908/2908/2906 2888/2888/2886
f 2909/2909/2907 2911/2911/2909 2910/2910/2908
f 2911/2911/2909 2909/2909/2907 2892/2892/2890
f 2912/2912/2910 2909/2909/2907 2420/2420/2418
f 2909/2909/2907 2912/2912/2910 2896/2896/2894
f 2913/2913/2911 2912/2912/2910 2419/2419/2417
f 2912/2912/2910 2913/2913/2911 2898/2898/2896
f 2904/2904/2902 2914/2914/2912 2403/2403/2401
f 2914/2914/2912 2904/2904/2902 2901/2901/2899
f 2915/2915/2913 2905/2905/2903 2904/2904/2902
f 2907/2907/2905 2905/2905/2903 2915/2915/2913
f 2894/2894/2892 2868/2868/2866 2802/2802/2800
f 2769/2769/2767 2516/2516/2514 2916/2916/2914
f 2764/2764/2762 2763/2763/2761 2920/2920/2918
f 2921/2921/2919 2722/2722/2720 2139/2139/2138
f 2145/2145/2144 6928/6928/6925 2922/2922/2920
f 2923/2923/2921 6928/6928/6925 2145/2145/2144
f 2759/2759/2757 2530/2530/2528 2480/2480/2478
f 2924/2924/2922 2528/2528/2526 2524/2524/2522
f 2461/2461/2459 2524/2524/2522 2526/2526/2524
f 2925/2925/2923 2132/2132/2131 2133/2133/2132
f 2927/2927/2925 2487/2487/2485 2489/2489/2487
f 2132/2132/2131 2925/2925/2923 2513/2513/2511
f 2928/2928/2926 2489/2489/2487 2348/2348/2346
f 2930/2930/2928 6920/6920/6917 2469/2469/2467
f 2931/2931/2929 3129/3129/3127 2932/2932/2930
f 2346/2346/2344 2495/2495/2493 2938/2938/2936
f 2237/2237/2236 2236/2236/2235 2939/2939/2937
f 2494/2494/2492 2493/2493/2491 2331/2331/2329
f 2942/2942/2940 2493/2493/2491 2492/2492/2490
f 2492/2492/2490 2494/2494/2492 2944/2944/2942
f 2943/2943/2941 2492/2492/2490 2945/2945/2943
f 2494/2494/2492 2237/2237/2236 2947/2947/2945
f 2949/2949/2947 2951/2951/2949 2356/2356/2354
f 2951/2951/2949 2948/2948/2946 2952/2952/2950
f 2951/2951/2949 2953/2953/2951 2954/2954/2952
f 2342/2342/2340 2953/2953/2951 2952/2952/2950
f 2954/2954/2952 2953/2953/2951 2342/2342/2340
f 2956/2956/2954 2962/2962/2960 1366/1366/1365
f 2957/2957/2955 2956/2956/2954 1368/1368/1367
f 2955/2955/2953 2959/2959/2957 2341/2341/2339
f 2958/2958/2956 2957/2957/2955 1372/1372/1371
f 2959/2959/2957 6929/6929/6926 2344/2344/2342
f 2344/2344/2342 6929/6929/6926 2247/2247/2246
f 2961/2961/2959 1378/1378/1377 1366/1366/1365
f 1379/1379/1378 1378/1378/1377 2961/2961/2959
f 2243/2243/2242 2491/2491/2489 2965/2965/2963
f 2491/2491/2489 2349/2349/2347 2488/2488/2486
f 2967/2967/2965 2354/2354/2352 2267/2267/2266
f 2969/2969/2967 3006/3006/3004 2970/2970/2968
f 2972/2972/2970 2969/2969/2967 2971/2971/2969
f 2816/2816/2814 2969/2969/2967 2972/2972/2970
f 2974/2974/2972 2972/2972/2970 2973/2973/2971
f 2972/2972/2970 2974/2974/2972 2976/2976/2974
f 2977/2977/2975 2980/2980/2978 2978/2978/2976
f 2980/2980/2978 2977/2977/2975 2981/2981/2979
f 2485/2485/2483 2977/2977/2975 2979/2979/2977
f 2977/2977/2975 2485/2485/2483 2984/2984/2982
f 2983/2983/2981 2979/2979/2977 2985/2985/2983
f 2987/2987/2985 2983/2983/2981 2986/2986/2984
f 2983/2983/2981 2987/2987/2985 2486/2486/2484
f 2989/2989/2987 2992/2992/2990 2990/2990/2988
f 2992/2992/2990 2989/2989/2987 2970/2970/2968
f 2994/2994/2992 2989/2989/2987 2991/2991/2989
f 2989/2989/2987 2994/2994/2992 2971/2971/2969
f 2996/2996/2994 2994/2994/2992 2995/2995/2993
f 2971/2971/2969 2994/2994/2992 2996/2996/2994
f 2998/2998/2996 2996/2996/2994 2997/2997/2995
f 2996/2996/2994 2998/2998/2996 2975/2975/2973
f 2985/2985/2983 3002/3002/3000 3000/3000/2998
f 3002/3002/3000 2985/2985/2983 2979/2979/2977
f 3001/3001/2999 3000/3000/2998 3003/3003/3001
f 2258/2258/2257 3001/3001/2999 3004/3004/3002
f 3001/3001/2999 2258/2258/2257 2986/2986/2984
f 2999/2999/2997 2997/2997/2995 2280/2280/2278
f 2997/2997/2995 2995/2995/2993 2275/2275/2273
f 2995/2995/2993 2991/2991/2989 2276/2276/2274
f 2991/2991/2989 2990/2990/2988 2278/2278/2276
f 2988/2988/2986 2986/2986/2984 2258/2258/2257
f 2993/2993/2991 2970/2970/2968 3006/3006/3004
f 2489/2489/2487 2488/2488/2486 2349/2349/2347
f 2456/2456/2454 2665/2665/2663 3008/3008/3006
f 2422/2422/2420 2462/2462/2460 2464/2464/2462
f 678/678/677 1426/1426/1425 3009/3009/3007
f 1428/1428/1427 3159/3159/3157 3010/3010/3008
f 3011/3011/3009 3078/3078/3076 3012/3012/3010
f 3014/3014/3012 3565/3565/3563 1434/1434/1433
f 3016/3016/3014 3161/3161/3159 3017/3017/3015
f 3014/3014/3012 3015/3015/3013 1439/1439/1438
f 3019/3019/3017 1439/1439/1438 1443/1443/1442
f 3020/3020/3018 3021/3021/3019 3023/3023/3021
f 3022/3022/3020 1443/1443/1442 1446/1446/1445
f 3024/3024/3022 3023/3023/3021 3026/3026/3024
f 3025/3025/3023 1446/1446/1445 1450/1450/1449
f 3026/3026/3024 3031/3031/3029 2394/2394/2392
f 3029/3029/3027 3028/3028/3026 1450/1450/1449
f 3031/3031/3029 2316/2316/2314 2318/2318/2316
f 1456/1456/1455 1459/1459/1458 3032/3032/3030
f 1459/1459/1458 1463/1463/1462 3034/3034/3032
f 1461/1461/1460 1487/1487/1486 3035/3035/3033
f 1461/1461/1460 3036/3036/3034 3034/3034/3032
f 1464/1464/1463 1466/1466/1465 3037/3037/3035
f 1466/1466/1465 6867/6867/6864 3039/3039/3037
f 3040/3040/3038 6930/6930/6927 3041/3041/3039
f 1472/1472/1471 6931/6931/6928 3043/3043/3041
f 3044/3044/3042 3276/3276/3274 1475/1475/1474
f 3046/3046/3044 3331/3331/3329 3047/3047/3045
f 3049/3049/3047 3319/3319/3317 3050/3050/3048
f 3038/3038/3036 2231/2231/2230 612/612/612
f 3052/3052/3050 3329/3329/3327 3053/3053/3051
f 2233/2233/2232 3052/3052/3050 3054/3054/3052
f 3055/3055/3053 3035/3035/3033 1487/1487/1486
f 3056/3056/3054 3055/3055/3053 1489/1489/1488
f 3057/3057/3055 6932/6932/6929 3058/3058/3056
f 3057/3057/3055 3059/3059/3057 3060/3060/3058
f 3060/3060/3058 2315/2315/2313 2317/2317/2315
f 2441/2441/2439 2443/2443/2441 2920/2920/2918
f 2427/2427/2425 2423/2423/2421 3063/3063/3061
f 3064/3064/3062 2685/2685/2683 2686/2686/2684
f 3066/3066/3064 2422/2422/2420 2421/2421/2419
f 2420/2420/2418 2910/2910/2908 3068/3068/3066
f 1503/1503/1502 1504/1504/1503 2380/2380/2378
f 1504/1504/1503 1505/1505/1504 2381/2381/2379
f 1505/1505/1504 1506/1506/1505 2260/2260/2259
f 2260/2260/2259 1506/1506/1505 468/468/468
f 2369/2369/2367 2370/2370/2368 2752/2752/2750
f 2371/2371/2369 2369/2369/2367 3070/3070/3068
f 2146/2146/2145 2365/2365/2363 3072/3072/3070
f 2816/2816/2814 2302/2302/2300 2301/2301/2299
f 2249/2249/2248 3074/3074/3072 2343/2343/2341
f 2354/2354/2352 2353/2353/2351 2264/2264/2263
f 2264/2264/2263 2353/2353/2351 2323/2323/2321
f 2340/2340/2338 2339/2339/2337 2326/2326/2324
f 3076/3076/3074 2343/2343/2341 3074/3074/3072
f 2652/2652/2650 2309/2309/2307 2202/2202/2201
f 3016/3016/3014 3018/3018/3016 3077/3077/3075
f 2243/2243/2242 2966/2966/2964 3079/3079/3077
f 2269/2269/2268 2251/2251/2250 633/633/633
f 3081/3081/3079 2265/2265/2264 2264/2264/2263
f 2253/2253/2252 2260/2260/2259 2074/2074/2073
f 2601/2601/2599 2219/2219/2218 3082/3082/3080
f 2217/2217/2216 2149/2149/2148 3083/3083/3081
f 2199/2199/2198 2660/2660/2658 2195/2195/2194
f 2149/2149/2148 2148/2148/2147 3085/3085/3083
f 2082/2082/2081 2295/2295/2293 2078/2078/2077
f 2867/2867/2865 6933/6933/6930 2863/2863/2861
f 2722/2722/2720 2921/2921/2919 2717/2717/2715
f 2707/2707/2705 2706/2706/2704 3092/3092/3090
f 2350/2350/2348 3006/3006/3004 2969/2969/2967
f 2379/2379/2377 2381/2381/2379 2259/2259/2258
f 2338/2338/2336 3086/3086/3084 2954/2954/2952
f 2104/2104/2103 3027/3027/3025 2394/2394/2392
f 3098/3098/3096 3100/3100/3098 2305/2305/2303
f 2093/2093/2092 2305/2305/2303 3100/3100/3098
f 2459/2459/2457 6934/6934/6931 2482/2482/2480
f 3101/3101/3099 2460/2460/2458 2462/2462/2460
f 2781/2781/2779 6935/6935/6932 2515/2515/2513
f 3102/3102/3100 2884/2884/2882 2882/2882/2880
f 3106/3106/3104 3112/3112/3110 3107/3107/3105
f 3106/3106/3104 3113/3113/3111 3111/3111/3109
f 3114/3114/3112 3502/3502/3500 3115/3115/3113
f 3115/3115/3113 3501/3501/3499 3117/3117/3115
f 2933/2933/2931 2932/2932/2930 2335/2335/2333
f 2332/2332/2330 2331/2331/2329 2493/2493/2491
f 2345/2345/2343 2938/2938/2936 2235/2235/2234
f 2236/2236/2235 2938/2938/2936 2495/2495/2493
f 3123/3123/3121 6934/6934/6931 2459/2459/2457
f 3126/3126/3124 6936/6936/6933 3127/3127/3125
f 2932/2932/2930 3130/3130/3128 2695/2695/2693
f 3128/3128/3126 6936/6936/6933 3126/3126/3124
f 3129/3129/3127 6937/6937/6934 3130/3130/3128
f 3131/3131/3129 2449/2449/2447 2181/2181/2180
f 3133/3133/3131 3137/3137/3135 3134/3134/3132
f 2081/2081/2080 6938/6938/6935 2295/2295/2293
f 3144/3144/3142 3148/3148/3146 3145/3145/3143
f 3147/3147/3145 3150/3150/3148 3145/3145/3143
f 3149/3149/3147 6939/6939/6936 3150/3150/3148
f 3150/3150/3148 6939/6939/6936 3151/3151/3149
f 3157/3157/3155 6940/6940/6937 3158/3158/3156
f 1605/1605/1604 3564/3564/3562 3159/3159/3157
f 3160/3160/3158 3016/3016/3014 3078/3078/3076
f 2634/2634/2632 2640/2640/2638 2553/2553/2551
f 2597/2597/2595 2600/2600/2598 2601/2601/2599
f 2605/2605/2603 2600/2600/2598 2599/2599/2597
f 2208/2208/2207 3573/3573/3571 3163/3163/3161
f 2311/2311/2309 2562/2562/2560 3164/3164/3162
f 3164/3164/3162 3165/3165/3163 2202/2202/2201
f 3170/3170/3168 3196/3196/3194 3171/3171/3169
f 3168/3168/3166 3176/3176/3174 3173/3173/3171
f 3175/3175/3173 3183/3183/3181 3176/3176/3174
f 3177/3177/3175 3180/3180/3178 3178/3178/3176
f 3181/3181/3179 3180/3180/3178 3179/3179/3177
f 3183/3183/3181 3178/3178/3176 3180/3180/3178
f 3184/3184/3182 3200/3200/3198 3185/3185/3183
f 3188/3188/3186 3198/3198/3196 3189/3189/3187
f 3190/3190/3188 3193/3193/3191 3191/3191/3189
f 3172/3172/3170 3171/3171/3169 3190/3190/3188
f 3193/3193/3191 3198/3198/3196 3188/3188/3186
f 3194/3194/3192 3197/3197/3195 3193/3193/3191
f 3195/3195/3193 3194/3194/3192 3190/3190/3188
f 3197/3197/3195 3199/3199/3197 3189/3189/3187
f 3183/3183/3181 3181/3181/3179 3201/3201/3199
f 3203/3203/3201 3204/3204/3202 3197/3197/3195
f 3202/3202/3200 3173/3173/3171 3176/3176/3174
f 2193/2193/2192 2195/2195/2194 2157/2157/2156
f 3205/3205/3203 2191/2191/2190 3206/3206/3204
f 3208/3208/3206 6941/6941/6938 3209/3209/3207
f 2155/2155/2154 2157/2157/2156 2660/2660/2658
f 3210/3210/3208 3209/3209/3207 3211/3211/3209
f 3212/3212/3210 2635/2635/2633 2191/2191/2190
f 3214/3214/3212 2099/2099/2098 2206/2206/2205
f 3215/3215/3213 2206/2206/2205 2096/2096/2095
f 2226/2226/2225 2096/2096/2095 2098/2098/2097
f 2222/2222/2221 2098/2098/2097 2499/2499/2497
f 3216/3216/3214 6942/6942/6939 2656/2656/2654
f 3217/3217/3215 3543/3543/3541 1667/1667/1666
f 3219/3219/3217 3537/3537/3535 1670/1670/1669
f 3221/3221/3219 3225/3225/3223 3222/3222/3220
f 3224/3224/3222 3232/3232/3230 3225/3225/3223
f 3224/3224/3222 3221/3221/3219 3223/3223/3221
f 3223/3223/3221 3222/3222/3220 3227/3227/3225
f 3222/3222/3220 3225/3225/3223 3229/3229/3227
f 3233/3233/3231 3540/3540/3538 1686/1686/1685
f 3235/3235/3233 6943/6943/6940 3219/3219/3217
f 3236/3236/3234 3542/3542/3540 1691/1691/1690
f 3243/3243/3241 6944/6944/6941 3217/3217/3215
f 3244/3244/3242 3552/3552/3550 3245/3245/3243
f 3254/3254/3252 3259/3259/3257 3255/3255/3253
f 3257/3257/3255 6945/6945/6942 3254/3254/3252
f 3254/3254/3252 6945/6945/6942 3258/3258/3256
f 3262/3262/3260 3255/3255/3253 3259/3259/3257
f 3263/3263/3261 3257/3257/3255 3256/3256/3254
f 3264/3264/3262 3255/3255/3253 3262/3262/3260
f 3144/3144/3142 3149/3149/3147 3147/3147/3145
f 3042/3042/3040 3041/3041/3039 1724/1724/1723
f 3268/3268/3266 3560/3560/3558 1725/1725/1724
f 3270/3270/3268 6946/6946/6943 3271/3271/3269
f 3273/3273/3271 3268/3268/3266 3269/3269/3267
f 3275/3275/3273 6947/6947/6944 3276/3276/3274
f 3277/3277/3275 3290/3290/3288 2415/2415/2413
f 2107/2107/2106 3279/3279/3277 3278/3278/3276
f 3279/3279/3277 3282/3282/3280 3280/3280/3278
f 3281/3281/3279 3284/3284/3282 3280/3280/3278
f 3283/3283/3281 3286/3286/3284 3284/3284/3282
f 3285/3285/3283 3287/3287/3285 3286/3286/3284
f 3285/3285/3283 6906/6906/6903 2083/2083/2082
f 3287/3287/3285 3300/3300/3298 3288/3288/3286
f 3284/3284/3282 3288/3288/3286 3289/3289/3287
f 3278/3278/3276 3289/3289/3287 3290/3290/3288
f 3291/3291/3289 3546/3546/3544 3292/3292/3290
f 3294/3294/3292 3297/3297/3295 3295/3295/3293
f 2083/2083/2082 2085/2085/2084 3299/3299/3297
f 3294/3294/3292 3303/3303/3301 3301/3301/3299
f 3303/3303/3301 6948/6948/6945 3304/3304/3302
f 2113/2113/2112 2112/2112/2111 3306/3306/3304
f 2112/2112/2111 6907/6907/6904 3310/3310/3308
f 3312/3312/3310 3320/3320/3318 3313/3313/3311
f 3315/3315/3313 3312/3312/3310 3314/3314/3312
f 3317/3317/3315 3315/3315/3313 3316/3316/3314
f 3317/3317/3315 3318/3318/3316 3319/3319/3317
f 3320/3320/3318 3322/3322/3320 3321/3321/3319
f 3322/3322/3320 3328/3328/3326 3323/3323/3321
f 3321/3321/3319 3323/3323/3321 3324/3324/3322
f 3321/3321/3319 3325/3325/3323 3326/3326/3324
f 3314/3314/3312 3326/3326/3324 3327/3327/3325
f 2233/2233/2232 3320/3320/3318 3312/3312/3310
f 3052/3052/3050 3315/3315/3313 3317/3317/3315
f 3050/3050/3048 3319/3319/3317 3048/3048/3046
f 3318/3318/3316 3327/3327/3325 3048/3048/3046
f 3329/3329/3327 3317/3317/3315 3049/3049/3047
f 3330/3330/3328 3046/3046/3044 2313/2313/2311
f 3333/3333/3331 3347/3347/3345 3334/3334/3332
f 3336/3336/3334 3363/3363/3361 3337/3337/3335
f 3339/3339/3337 3363/3363/3361 3336/3336/3334
f 3341/3341/3339 3361/3361/3359 3342/3342/3340
f 3344/3344/3342 3361/3361/3359 3341/3341/3339
f 3346/3346/3344 6949/6949/6946 3334/3334/3332
f 3348/3348/3346 3454/3454/3452 3349/3349/3347
f 3349/3349/3347 3454/3454/3452 3351/3351/3349
f 3353/3353/3351 3356/3356/3354 3354/3354/3352
f 3356/3356/3354 3358/3358/3356 3357/3357/3355
f 3344/3344/3342 6950/6950/6947 3360/3360/3358
f 3339/3339/3337 6951/6951/6948 3362/3362/3360
f 3363/3363/3361 3362/3362/3360 3364/3364/3362
f 3333/3333/3331 6952/6952/6949 3365/3365/3363
f 3365/3365/3363 6953/6953/6950 3346/3346/3344
f 2686/2686/2684 3459/3459/3457 3366/3366/3364
f 3367/3367/3365 3370/3370/3368 3368/3368/3366
f 3372/3372/3370 3367/3367/3365 3369/3369/3367
f 2473/2473/2471 3373/3373/3371 3375/3375/3373
f 3376/3376/3374 3380/3380/3378 3377/3377/3375
f 3379/3379/3377 3387/3387/3385 3380/3380/3378
f 3381/3381/3379 3385/3385/3383 3382/3382/3380
f 3386/3386/3384 6954/6954/6951 3387/3387/3385
f 3388/3388/3386 3391/3391/3389 3389/3389/3387
f 3391/3391/3389 6955/6955/6952 3392/3392/3390
f 2315/2315/2313 3400/3400/3398 3393/3393/3391
f 3394/3394/3392 3416/3416/3414 3395/3395/3393
f 3396/3396/3394 3398/3398/3396 3397/3397/3395
f 3398/3398/3396 6956/6956/6953 3399/3399/3397
f 3060/3060/3058 3408/3408/3406 3400/3400/3398
f 3401/3401/3399 3406/3406/3404 3402/3402/3400
f 3401/3401/3399 3403/3403/3401 3404/3404/3402
f 3406/3406/3404 6957/6957/6954 3407/3407/3405
f 3408/3408/3406 3060/3060/3058 3409/3409/3407
f 3402/3402/3400 3451/3451/3449 3411/3411/3409
f 3390/3390/3388 3389/3389/3387 3412/3412/3410
f 3397/3397/3395 3426/3426/3424 3414/3414/3412
f 3394/3394/3392 3414/3414/3412 3415/3415/3413
f 3389/3389/3387 3392/3392/3390 3417/3417/3415
f 3419/3419/3417 6958/6958/6955 3377/3377/3375
f 3419/3419/3417 3380/3380/3378 3387/3387/3385
f 3387/3387/3385 6954/6954/6951 3422/3422/3420
f 3360/3360/3358 6959/6959/6956 3342/3342/3340
f 3397/3397/3395 3399/3399/3397 3424/3424/3422
f 3427/3427/3425 3404/3404/3402 3403/3403/3401
f 3428/3428/3426 6960/6960/6957 3429/3429/3427
f 3433/3433/3431 3436/3436/3434 3434/3434/3432
f 3436/3436/3434 3442/3442/3440 3437/3437/3435
f 3438/3438/3436 3439/3439/3437 3434/3434/3432
f 3439/3439/3437 3444/3444/3442 3435/3435/3433
f 3437/3437/3435 6961/6961/6958 3440/3440/3438
f 3441/3441/3439 6961/6961/6958 3437/3437/3435
f 3443/3443/3441 3446/3446/3444 3435/3435/3433
f 3445/3445/3443 3433/3433/3431 3435/3435/3433
f 3060/3060/3058 3059/3059/3057 3449/3449/3447
f 3402/3402/3400 3407/3407/3405 3450/3450/3448
f 3452/3452/3450 3506/3506/3504 2308/2308/2306
f 3452/3452/3450 2306/2306/2304 2296/2296/2294
f 3348/3348/3346 3457/3457/3455 3453/3453/3451
f 3453/3453/3451 3456/3456/3454 3351/3351/3349
f 3455/3455/3453 3509/3509/3507 3456/3456/3454
f 3455/3455/3453 3453/3453/3451 3457/3457/3455
f 3462/3462/3460 3466/3466/3464 3463/3463/3461
f 3462/3462/3460 3468/3468/3466 3465/3465/3463
f 3467/3467/3465 3470/3470/3468 3465/3465/3463
f 3467/3467/3465 3472/3472/3470 3469/3469/3467
f 3467/3467/3465 6962/6962/6959 3471/3471/3469
f 3473/3473/3471 6962/6962/6959 3467/3467/3465
f 3474/3474/3472 3473/3473/3471 3468/3468/3466
f 3474/3474/3472 3462/3462/3460 3464/3464/3462
f 3059/3059/3057 3481/3481/3479 3479/3479/3477
f 3107/3107/3105 3492/3492/3490 3489/3489/3487
f 3491/3491/3489 3493/3493/3491 3489/3489/3487
f 3356/3356/3354 3353/3353/3351 3493/3493/3491
f 3494/3494/3492 3491/3491/3489 3492/3492/3490
f 3494/3494/3492 3358/3358/3356 3356/3356/3354
f 3495/3495/3493 3492/3492/3490 3107/3107/3105
f 3495/3495/3493 6963/6963/6960 3496/3496/3494
f 3111/3111/3109 6963/6963/6960 3495/3495/3493
f 3358/3358/3356 3494/3494/3492 3496/3496/3494
f 3118/3118/3116 6964/6964/6961 3116/3116/3114
f 3497/3497/3495 3499/3499/3497 3498/3498/3496
f 3499/3499/3497 6964/6964/6961 3118/3118/3116
f 3488/3488/3486 3498/3498/3496 3500/3500/3498
f 3500/3500/3498 3498/3498/3496 3118/3118/3116
f 3501/3501/3499 3115/3115/3113 3502/3502/3500
f 3120/3120/3118 3503/3503/3501 3117/3117/3115
f 3503/3503/3501 3504/3504/3502 3500/3500/3498
f 3504/3504/3502 3487/3487/3485 3486/3486/3484
f 3505/3505/3503 2327/2327/2325 2308/2308/2306
f 3505/3505/3503 6965/6965/6962 3122/3122/3120
f 3105/3105/3103 6966/6966/6963 3507/3507/3505
f 3510/3510/3508 3512/3512/3510 3470/3470/3468
f 3511/3511/3509 3465/3465/3463 3470/3470/3468
f 3513/3513/3511 3466/3466/3464 3465/3465/3463
f 3517/3517/3515 3463/3463/3461 3466/3466/3464
f 2339/2339/2337 3074/3074/3072 3075/3075/3073
f 2353/2353/2351 3094/3094/3092 3521/3521/3519
f 2326/2326/2324 3075/3075/3073 2351/2351/2349
f 3522/3522/3520 3563/3563/3561 1986/1986/1985
f 3523/3523/3521 1986/1986/1985 1989/1989/1988
f 3525/3525/3523 3527/3527/3525 1992/1992/1991
f 3527/3527/3525 3529/3529/3527 1994/1994/1993
f 3528/3528/3526 3530/3530/3528 1994/1994/1993
f 3528/3528/3526 3535/3535/3533 1997/1997/1996
f 3531/3531/3529 3524/3524/3522 1989/1989/1988
f 3532/3532/3530 3531/3531/3529 2001/2001/2000
f 3534/3534/3532 6896/6896/6893 1997/1997/1996
f 3525/3525/3523 3526/3526/3524 2003/2003/2002
f 3219/3219/3217 6943/6943/6940 2005/2005/2004
f 3538/3538/3536 6897/6897/6894 2006/2006/2005
f 3242/3242/3240 6898/6898/6895 2009/2009/2008
f 3250/3250/3248 3252/3252/3250 2013/2013/2012
f 3217/3217/3215 6944/6944/6941 2017/2017/2016
f 3544/3544/3542 6899/6899/6896 2018/2018/2017
f 3546/3546/3544 3547/3547/3545 2023/2023/2022
f 3546/3546/3544 3291/3291/3289 2025/2025/2024
f 3271/3271/3269 6946/6946/6943 2026/2026/2025
f 3549/3549/3547 6900/6900/6897 2027/2027/2026
f 3245/3245/3243 3552/3552/3550 2030/2030/2029
f 3552/3552/3550 3244/3244/3242 2032/2032/2031
f 3553/3553/3551 6901/6901/6898 2033/2033/2032
f 3555/3555/3553 6967/6967/6964 2037/2037/2036
f 3100/3100/3098 2039/2039/2038 1536/1536/1535
f 2040/2040/2039 2039/2039/2038 3100/3100/3098
f 3135/3135/3133 3134/3134/3132 2041/2041/2040
f 3134/3134/3132 3138/3138/3136 2042/2042/2041
f 3558/3558/3556 6902/6902/6899 2043/2043/2042
f 3276/3276/3274 6947/6947/6944 2046/2046/2045
f 3268/3268/3266 3273/3273/3271 2047/2047/2046
f 3561/3561/3559 6903/6903/6900 2048/2048/2047
f 3090/3090/3088 6904/6904/6901 2051/2051/2050
f 3097/3097/3095 2052/2052/2051 2040/2040/2039
f 3041/3041/3039 6930/6930/6927 2053/2053/2052
f 3271/3271/3269 3548/3548/3546 2054/2054/2053
f 3522/3522/3520 6968/6968/6965 2056/2056/2055
f 3564/3564/3562 1605/1605/1604 1434/1434/1433
f 2289/2289/2287 2611/2611/2609 1022/1022/1021
f 2289/2289/2287 3566/3566/3564 2059/2059/2058
f 3567/3567/3565 6905/6905/6902 2060/2060/2059
f 2917/2917/2915 2918/2918/2916 2768/2768/2766
f 3574/3574/3572 3748/3748/3746 3575/3575/3573
f 3577/3577/3575 3705/3705/3703 3578/3578/3576
f 3583/3583/3581 3695/3695/3693 3584/3584/3582
f 3592/3592/3590 3597/3597/3595 3593/3593/3591
f 3595/3595/3593 3654/3654/3652 3594/3594/3592
f 3596/3596/3594 3598/3598/3596 3593/3593/3591
f 3606/3606/3604 3612/3612/3610 3607/3607/3605
f 3609/3609/3607 3752/3752/3750 3610/3610/3608
f 3611/3611/3609 3609/3609/3607 3607/3607/3605
f 3613/3613/3611 3592/3592/3590 3614/3614/3612
f 3616/3616/3614 3756/3756/3754 3609/3609/3607
f 3585/3585/3583 3622/3622/3620 3621/3621/3619
f 3585/3585/3583 3574/3574/3572 3576/3576/3574
f 3623/3623/3621 3629/3629/3627 3624/3624/3622
f 3623/3623/3621 3625/3625/3623 3626/3626/3624
f 3635/3635/3633 6969/6969/6966 3634/3634/3632
f 3637/3637/3635 3698/3698/3696 3638/3638/3636
f 3640/3640/3638 3644/3644/3642 3641/3641/3639
f 3640/3640/3638 3645/3645/3643 3643/3643/3641
f 3640/3640/3638 3642/3642/3640 3635/3635/3633
f 3647/3647/3645 3693/3693/3691 3648/3648/3646
f 3646/3646/3644 3648/3648/3646 3628/3628/3626
f 3649/3649/3647 3687/3687/3685 3650/3650/3648
f 3652/3652/3650 3657/3657/3655 3653/3653/3651
f 3652/3652/3650 3654/3654/3652 3595/3595/3593
f 3652/3652/3650 3655/3655/3653 3656/3656/3654
f 3664/3664/3662 3729/3729/3727 3665/3665/3663
f 3665/3665/3663 3670/3670/3668 3667/3667/3665
f 3665/3665/3663 3729/3729/3727 3668/3668/3666
f 3671/3671/3669 3586/3586/3584 3670/3670/3668
f 3669/3669/3667 3723/3723/3721 3672/3672/3670
f 3671/3671/3669 3672/3672/3670 3673/3673/3671
f 3675/3675/3673 3678/3678/3676 3637/3637/3635
f 3672/3672/3670 3731/3731/3729 3676/3676/3674
f 3677/3677/3675 3637/3637/3635 3678/3678/3676
f 3679/3679/3677 3733/3733/3731 3680/3680/3678
f 3680/3680/3678 3682/3682/3680 3681/3681/3679
f 3682/3682/3680 3680/3680/3678 3624/3624/3622
f 3682/3682/3680 3684/3684/3682 3683/3683/3681
f 3684/3684/3682 3682/3682/3680 3629/3629/3627
f 3685/3685/3683 3631/3631/3629 3686/3686/3684
f 3650/3650/3648 3632/3632/3630 3631/3631/3629
f 3632/3632/3630 3650/3650/3648 3687/3687/3685
f 3641/3641/3639 3644/3644/3642 3689/3689/3687
f 3689/3689/3687 3621/3621/3619 3691/3691/3689
f 3692/3692/3690 3688/3688/3686 3687/3687/3685
f 3694/3694/3692 6969/6969/6966 3635/3635/3633
f 3644/3644/3642 3643/3643/3641 3695/3695/3693
f 3689/3689/3687 3695/3695/3693 3583/3583/3581
f 3696/3696/3694 3683/3683/3681 3684/3684/3682
f 3697/3697/3695 3698/3698/3696 3681/3681/3679
f 3698/3698/3696 3637/3637/3635 3677/3677/3675
f 3587/3587/3585 3586/3586/3584 3671/3671/3669
f 3636/3636/3634 3705/3705/3703 3577/3577/3575
f 3701/3701/3699 3588/3588/3586 3587/3587/3585
f 3700/3700/3698 6970/6970/6967 3580/3580/3578
f 3659/3659/3657 3658/3658/3656 3703/3703/3701
f 3662/3662/3660 3661/3661/3659 3659/3659/3657
f 3589/3589/3587 3743/3743/3741 3661/3661/3659
f 3663/3663/3661 3707/3707/3705 3590/3590/3588
f 3707/3707/3705 3741/3741/3739 3708/3708/3706
f 3712/3712/3710 3740/3740/3738 3710/3710/3708
f 3713/3713/3711 3725/3725/3723 3714/3714/3712
f 3714/3714/3712 3742/3742/3740 3716/3716/3714
f 3717/3717/3715 3722/3722/3720 3715/3715/3713
f 3716/3716/3714 3735/3735/3733 3718/3718/3716
f 3719/3719/3717 3721/3721/3719 3717/3717/3715
f 3718/3718/3716 3598/3598/3596 3596/3596/3594
f 3600/3600/3598 3720/3720/3718 3719/3719/3717
f 3596/3596/3594 3597/3597/3595 3601/3601/3599
f 3601/3601/3599 3597/3597/3595 3613/3613/3611
f 3720/3720/3718 3731/3731/3729 3721/3721/3719
f 3721/3721/3719 3723/3723/3721 3722/3722/3720
f 3713/3713/3711 3715/3715/3713 3722/3722/3720
f 3668/3668/3666 3722/3722/3720 3723/3723/3721
f 3724/3724/3722 3728/3728/3726 3725/3725/3723
f 3727/3727/3725 6971/6971/6968 3728/3728/3726
f 3729/3729/3727 3664/3664/3662 3726/3726/3724
f 3724/3724/3722 3713/3713/3711 3668/3668/3666
f 3730/3730/3728 3697/3697/3695 3712/3712/3710
f 3723/3723/3721 3721/3721/3719 3731/3731/3729
f 3731/3731/3729 3720/3720/3718 3732/3732/3730
f 3733/3733/3731 3603/3603/3601 3624/3624/3622
f 3603/3603/3601 3602/3602/3600 3734/3734/3732
f 3732/3732/3730 3720/3720/3718 3600/3600/3598
f 3735/3735/3733 3619/3619/3617 3598/3598/3596
f 3619/3619/3617 3655/3655/3653 3595/3595/3593
f 3619/3619/3617 3735/3735/3733 3736/3736/3734
f 3738/3738/3736 3696/3696/3694 3686/3686/3684
f 3696/3696/3694 3738/3738/3736 3740/3740/3738
f 3712/3712/3710 3697/3697/3695 3683/3683/3681
f 3638/3638/3636 3698/3698/3696 3697/3697/3695
f 3741/3741/3739 3707/3707/3705 3582/3582/3580
f 3742/3742/3740 3736/3736/3734 3735/3735/3733
f 3743/3743/3741 3660/3660/3658 3659/3659/3657
f 3578/3578/3576 3704/3704/3702 3703/3703/3701
f 3685/3685/3683 3629/3629/3627 3628/3628/3626
f 3667/3667/3665 3670/3670/3668 3586/3586/3584
f 3686/3686/3684 3631/3631/3629 3737/3737/3735
f 3744/3744/3742 3633/3633/3631 3576/3576/3574
f 3575/3575/3573 3746/3746/3744 3745/3745/3743
f 3746/3746/3744 3750/3750/3748 3747/3747/3745
f 3746/3746/3744 3575/3575/3573 3748/3748/3746
f 3749/3749/3747 3752/3752/3750 3750/3750/3748
f 3749/3749/3747 3748/3748/3746 3584/3584/3582
f 3751/3751/3749 3610/3610/3608 3752/3752/3750
f 3584/3584/3582 3695/3695/3693 3643/3643/3641
f 3751/3751/3749 3643/3643/3641 3645/3645/3643
f 3750/3750/3748 3756/3756/3754 3753/3753/3751
f 3754/3754/3752 3614/3614/3612 3592/3592/3590
f 3594/3594/3592 3654/3654/3652 3653/3653/3651
f 3753/3753/3751 3756/3756/3754 3616/3616/3614
f 3752/3752/3750 3609/3609/3607 3756/3756/3754
f 3628/3628/3626 3648/3648/3646 3649/3649/3647
f 3649/3649/3647 3648/3648/3646 3693/3693/3691
f 3607/3607/3605 3610/3610/3608 3645/3645/3643
f 3584/3584/3582 3748/3748/3746 3574/3574/3572
f 3758/3758/3756 3806/3806/3804 3759/3759/3757
f 3761/3761/3759 3892/3892/3890 3762/3762/3760
f 3767/3767/3765 3882/3882/3880 3768/3768/3766
f 3776/3776/3774 3779/3779/3777 3777/3777/3775
f 3779/3779/3777 3840/3840/3838 3780/3780/3778
f 3781/3781/3779 3778/3778/3776 3777/3777/3775
f 3790/3790/3788 3796/3796/3794 3791/3791/3789
f 3793/3793/3791 3935/3935/3933 3794/3794/3792
f 3790/3790/3788 3794/3794/3792 3795/3795/3793
f 3797/3797/3795 6972/6972/6969 3798/3798/3796
f 3799/3799/3797 3795/3795/3793 3794/3794/3792
f 3805/3805/3803 3816/3816/3814 3769/3769/3767
f 3769/3769/3767 3816/3816/3814 3806/3806/3804
f 3807/3807/3805 3811/3811/3809 3808/3808/3806
f 3807/3807/3805 3831/3831/3829 3810/3810/3808
f 3818/3818/3816 6973/6973/6970 3819/3819/3817
f 3821/3821/3819 3862/3862/3860 3822/3822/3820
f 3824/3824/3822 3829/3829/3827 3825/3825/3823
f 3824/3824/3822 3826/3826/3824 3827/3827/3825
f 3824/3824/3822 3828/3828/3826 3819/3819/3817
f 3832/3832/3830 3880/3880/3878 3833/3833/3831
f 3830/3830/3828 3807/3807/3805 3812/3812/3810
f 3834/3834/3832 3874/3874/3872 3835/3835/3833
f 3837/3837/3835 3840/3840/3838 3838/3838/3836
f 3837/3837/3835 3842/3842/3840 3780/3780/3778
f 3837/3837/3835 3839/3839/3837 3841/3841/3839
f 3849/3849/3847 6974/6974/6971 3850/3850/3848
f 3850/3850/3848 6974/6974/6971 3852/3852/3850
f 3850/3850/3848 3855/3855/3853 3854/3854/3852
f 3853/3853/3851 3770/3770/3768 3856/3856/3854
f 3855/3855/3853 3856/3856/3854 3857/3857/3855
f 3859/3859/3857 3857/3857/3855 3856/3856/3854
f 3821/3821/3819 3864/3864/3862 3861/3861/3859
f 3863/3863/3861 3910/3910/3908 3857/3857/3855
f 3864/3864/3862 3821/3821/3819 3865/3865/3863
f 3867/3867/3865 3918/3918/3916 3866/3866/3864
f 3867/3867/3865 3865/3865/3863 3868/3868/3866
f 3869/3869/3867 3809/3809/3807 3808/3808/3806
f 3869/3869/3867 3868/3868/3866 3870/3870/3868
f 3871/3871/3869 3872/3872/3870 3809/3809/3807
f 3872/3872/3870 3871/3871/3869 3873/3873/3871
f 3815/3815/3813 3814/3814/3812 3835/3835/3833
f 3814/3814/3812 3879/3879/3877 3836/3836/3834
f 3875/3875/3873 3826/3826/3824 3825/3825/3823
f 3877/3877/3875 3805/3805/3803 3875/3875/3873
f 3878/3878/3876 3880/3880/3878 3836/3836/3834
f 3819/3819/3817 6973/6973/6970 3881/3881/3879
f 3882/3882/3880 3827/3827/3825 3826/3826/3824
f 3875/3875/3873 3805/3805/3803 3768/3768/3766
f 3871/3871/3869 3870/3870/3868 3883/3883/3881
f 3868/3868/3866 3823/3823/3821 3884/3884/3882
f 3865/3865/3863 3821/3821/3819 3823/3823/3821
f 3856/3856/3854 3770/3770/3768 3772/3772/3770
f 3761/3761/3759 3763/3763/3761 3820/3820/3818
f 3772/3772/3770 3771/3771/3769 3887/3887/3885
f 3886/3886/3884 3820/3820/3818 3764/3764/3762
f 3845/3845/3843 3891/3891/3889 3890/3890/3888
f 3845/3845/3843 3846/3846/3844 3848/3848/3846
f 3846/3846/3844 3928/3928/3926 3773/3773/3771
f 3847/3847/3845 3773/3773/3771 3775/3775/3773
f 3895/3895/3893 3926/3926/3924 3894/3894/3892
f 3898/3898/3896 3925/3925/3923 3899/3899/3897
f 3900/3900/3898 3904/3904/3902 3901/3901/3899
f 3903/3903/3901 3927/3927/3925 3901/3901/3899
f 3904/3904/3902 3911/3911/3909 3905/3905/3903
f 3906/3906/3904 3920/3920/3918 3903/3903/3901
f 3905/3905/3903 3909/3909/3907 3907/3907/3905
f 3781/3781/3779 3782/3782/3780 3906/3906/3904
f 3907/3907/3905 3908/3908/3906 3785/3785/3783
f 3781/3781/3779 3785/3785/3783 3784/3784/3782
f 3784/3784/3782 6972/6972/6969 3797/3797/3795
f 3908/3908/3906 3907/3907/3905 3909/3909/3907
f 3909/3909/3907 3905/3905/3903 3911/3911/3909
f 3911/3911/3909 3904/3904/3902 3900/3900/3898
f 3854/3854/3852 3855/3855/3853 3858/3858/3856
f 3902/3902/3900 3915/3915/3913 3912/3912/3910
f 3915/3915/3913 6975/6975/6972 3913/3913/3911
f 3914/3914/3912 3849/3849/3847 3851/3851/3849
f 3912/3912/3910 3851/3851/3849 3854/3854/3852
f 3899/3899/3897 3884/3884/3882 3916/3916/3914
f 3858/3858/3856 3857/3857/3855 3910/3910/3908
f 3910/3910/3908 3863/3863/3861 3917/3917/3915
f 3918/3918/3916 3867/3867/3865 3808/3808/3806
f 3919/3919/3917 3786/3786/3784 3788/3788/3786
f 3917/3917/3915 3783/3783/3781 3785/3785/3783
f 3782/3782/3780 3804/3804/3802 3920/3920/3918
f 3804/3804/3802 3782/3782/3780 3780/3780/3778
f 3804/3804/3802 3803/3803/3801 3921/3921/3919
f 3873/3873/3871 3883/3883/3881 3923/3923/3921
f 3883/3883/3881 3899/3899/3897 3925/3925/3923
f 3899/3899/3897 3883/3883/3881 3870/3870/3868
f 3884/3884/3882 3823/3823/3821 3822/3822/3820
f 3765/3765/3763 3894/3894/3892 3926/3926/3924
f 3927/3927/3925 3903/3903/3901 3920/3920/3918
f 3928/3928/3926 3846/3846/3844 3845/3845/3843
f 3762/3762/3760 3893/3893/3891 3890/3890/3888
f 3872/3872/3870 3874/3874/3872 3812/3812/3810
f 3852/3852/3850 3771/3771/3769 3770/3770/3768
f 3922/3922/3920 3815/3815/3813 3873/3873/3871
f 3929/3929/3927 3759/3759/3757 3806/3806/3804
f 3930/3930/3928 3931/3931/3929 3759/3759/3757
f 3931/3931/3929 3930/3930/3928 3932/3932/3930
f 3931/3931/3929 3934/3934/3932 3760/3760/3758
f 3933/3933/3931 3935/3935/3933 3934/3934/3932
f 3934/3934/3932 3936/3936/3934 3767/3767/3765
f 3935/3935/3933 3793/3793/3791 3936/3936/3934
f 3827/3827/3825 3882/3882/3880 3767/3767/3765
f 3936/3936/3934 3793/3793/3791 3828/3828/3826
f 3937/3937/3935 3800/3800/3798 3933/3933/3931
f 3938/3938/3936 3779/3779/3777 3776/3776/3774
f 3838/3838/3836 3840/3840/3838 3779/3779/3777
f 3937/3937/3935 6976/6976/6973 3799/3799/3797
f 3800/3800/3798 3794/3794/3792 3935/3935/3933
f 3834/3834/3832 3832/3832/3830 3812/3812/3810
f 3880/3880/3878 3832/3832/3830 3834/3834/3832
f 3828/3828/3826 3793/3793/3791 3790/3790/3788
f 3767/3767/3765 3769/3769/3767 3758/3758/3756
f 3940/3940/3938 4005/4005/4003 3941/3941/3939
f 3943/3943/3941 4220/4220/4218 3944/3944/3942
f 3952/3952/3950 4196/4196/4194 3953/3953/3951
f 3955/3955/3953 3951/3951/3949 3950/3950/3948
f 3957/3957/3955 3955/3955/3953 3956/3956/3954
f 3973/3973/3971 4161/4161/4159 3971/3971/3969
f 3974/3974/3972 3979/3979/3977 3975/3975/3973
f 3978/3978/3976 3977/3977/3975 3975/3975/3973
f 3967/3967/3965 3971/3971/3969 3970/3970/3968
f 3982/3982/3980 3986/3986/3984 3983/3983/3981
f 3976/3976/3974 4217/4217/4215 3985/3985/3983
f 3986/3986/3984 4219/4219/4217 3987/3987/3985
f 3971/3971/3969 4129/4129/4127 3988/3988/3986
f 3989/3989/3987 4104/4104/4102 3990/3990/3988
f 3992/3992/3990 4146/4146/4144 3993/3993/3991
f 3994/3994/3992 4147/4147/4145 3995/3995/3993
f 4000/4000/3998 4029/4029/4027 4001/4001/3999
f 4006/4006/4004 3963/3963/3961 4007/4007/4005
f 4013/4013/4011 4017/4017/4015 4014/4014/4012
f 4016/4016/4014 4038/4038/4036 4017/4017/4015
f 4015/4015/4013 4107/4107/4105 4016/4016/4014
f 4018/4018/4016 4089/4089/4087 4019/4019/4017
f 4029/4029/4027 6977/6977/6974 4030/4030/4028
f 4031/4031/4029 4186/4186/4184 4026/4026/4024
f 4033/4033/4031 4088/4088/4086 4011/4011/4009
f 4034/4034/4032 4118/4118/4116 4033/4033/4031
f 4035/4035/4033 4039/4039/4037 4036/4036/4034
f 4038/4038/4036 4016/4016/4014 4039/4039/4037
f 4040/4040/4038 4043/4043/4041 4036/4036/4034
f 4044/4044/4042 4047/4047/4045 4045/4045/4043
f 4024/4024/4022 4023/4023/4021 4047/4047/4045
f 4044/4044/4042 4046/4046/4044 4048/4048/4046
f 4028/4028/4026 4193/4193/4191 4050/4050/4048
f 3951/3951/3949 4054/4054/4052 4052/4052/4050
f 3955/3955/3953 4175/4175/4173 4054/4054/4052
f 4055/4055/4053 6978/6978/6975 4056/4056/4054
f 3945/3945/3943 3944/3944/3942 4059/4059/4057
f 4064/4064/4062 6979/6979/6976 4065/4065/4063
f 4067/4067/4065 6980/6980/6977 3964/3964/3962
f 4068/4068/4066 6981/6981/6978 4069/4069/4067
f 4070/4070/4068 4172/4172/4170 4071/4071/4069
f 4056/4056/4054 4072/4072/4070 4045/4045/4043
f 4072/4072/4070 4164/4164/4162 4073/4073/4071
f 4073/4073/4071 4075/4075/4073 4046/4046/4044
f 4074/4074/4072 4048/4048/4046 4046/4046/4044
f 4075/4075/4073 4168/4168/4166 4076/4076/4074
f 4076/4076/4074 4079/4079/4077 4077/4077/4075
f 4022/4022/4020 4021/4021/4019 4078/4078/4076
f 4080/4080/4078 4085/4085/4083 4081/4081/4079
f 4083/4083/4081 4077/4077/4075 4079/4079/4077
f 4080/4080/4078 4198/4198/4196 4084/4084/4082
f 4085/4085/4083 4084/4084/4082 4086/4086/4084
f 4086/4086/4084 4084/4084/4082 4019/4019/4017
f 4088/4088/4086 4019/4019/4017 4089/4089/4087
f 4090/4090/4088 4089/4089/4087 4091/4091/4089
f 4092/4092/4090 4012/4012/4010 4011/4011/4009
f 4092/4092/4090 4091/4091/4089 4093/4093/4091
f 4089/4089/4087 4018/4018/4016 4095/4095/4093
f 4096/4096/4094 4099/4099/4097 4097/4097/4095
f 4099/4099/4097 4096/4096/4094 4100/4100/4098
f 4101/4101/4099 4111/4111/4109 4102/4102/4100
f 4099/4099/4097 4102/4102/4100 4103/4103/4101
f 4102/4102/4100 4111/4111/4109 4104/4104/4102
f 4104/4104/4102 3989/3989/3987 4106/4106/4104
f 4039/4039/4037 4016/4016/4014 4107/4107/4105
f 4108/4108/4106 4111/4111/4109 4101/4101/4099
f 4110/4110/4108 4109/4109/4107 4101/4101/4099
f 4108/4108/4106 3990/3990/3988 4104/4104/4102
f 4087/4087/4085 4086/4086/4084 4112/4112/4110
f 4112/4112/4110 4115/4115/4113 4114/4114/4112
f 4112/4112/4110 4086/4086/4084 4088/4088/4086
f 4033/4033/4031 4118/4118/4116 4115/4115/4113
f 4115/4115/4113 4117/4117/4115 4116/4116/4114
f 4117/4117/4115 4115/4115/4113 4118/4118/4116
f 4120/4120/4118 3988/3988/3986 4121/4121/4119
f 4125/4125/4123 4043/4043/4041 4042/4042/4040
f 4123/4123/4121 4119/4119/4117 4118/4118/4116
f 4037/4037/4035 4036/4036/4034 4043/4043/4041
f 4121/4121/4119 4130/4130/4128 4127/4127/4125
f 4128/4128/4126 4132/4132/4130 4122/4122/4120
f 4121/4121/4119 3988/3988/3986 4129/4129/4127
f 4128/4128/4126 4155/4155/4153 4131/4131/4129
f 4133/4133/4131 4114/4114/4112 4116/4116/4114
f 4135/4135/4133 4113/4113/4111 4114/4114/4112
f 4136/4136/4134 4087/4087/4085 4113/4113/4111
f 4081/4081/4079 4085/4085/4083 4087/4087/4085
f 4136/4136/4134 4148/4148/4146 4137/4137/4135
f 4081/4081/4079 4137/4137/4135 4138/4138/4136
f 4083/4083/4081 4145/4145/4143 4139/4139/4137
f 4139/4139/4137 4048/4048/4046 4074/4074/4072
f 4139/4139/4137 4141/4141/4139 4024/4024/4022
f 4140/4140/4138 4144/4144/4142 4142/4142/4140
f 4141/4141/4139 4142/4142/4140 4025/4025/4023
f 4143/4143/4141 6982/6982/6979 4144/4144/4142
f 4140/4140/4138 4139/4139/4137 4145/4145/4143
f 4138/4138/4136 4137/4137/4135 3993/3993/3991
f 4137/4137/4135 4148/4148/4146 4147/4147/4145
f 4148/4148/4146 4136/4136/4134 4135/4135/4133
f 4149/4149/4147 4151/4151/4149 4150/4150/4148
f 4149/4149/4147 3995/3995/3993 4147/4147/4145
f 4151/4151/4149 4149/4149/4147 4135/4135/4133
f 4133/4133/4131 4134/4134/4132 4152/4152/4150
f 4153/4153/4151 4150/4150/4148 4151/4151/4149
f 4154/4154/4152 4131/4131/4129 4155/4155/4153
f 4157/4157/4155 4174/4174/4172 4156/4156/4154
f 4155/4155/4153 4128/4128/4126 4127/4127/4125
f 4157/4157/4155 4127/4127/4125 4158/4158/4156
f 4160/4160/4158 4165/4165/4163 4159/4159/4157
f 4160/4160/4158 4158/4158/4156 4161/4161/4159
f 3973/3973/3971 4216/4216/4214 4162/4162/4160
f 4163/4163/4161 4166/4166/4164 4073/4073/4071
f 4162/4162/4160 4171/4171/4169 4165/4165/4163
f 4166/4166/4164 4163/4163/4161 3978/3978/3976
f 4166/4166/4164 3979/3979/3977 4167/4167/4165
f 4169/4169/4167 4076/4076/4074 4168/4168/4166
f 3979/3979/3977 3974/3974/3972 4170/4170/4168
f 4167/4167/4165 4170/4170/4168 3982/3982/3980
f 4022/4022/4020 4079/4079/4077 4076/4076/4074
f 4169/4169/4167 3982/3982/3980 3984/3984/3982
f 4171/4171/4169 4071/4071/4069 4172/4172/4170
f 4165/4165/4163 4172/4172/4170 4173/4173/4171
f 4174/4174/4172 4157/4157/4155 4159/4159/4157
f 4173/4173/4171 4052/4052/4050 4054/4054/4052
f 4174/4174/4172 4054/4054/4052 4175/4175/4173
f 4172/4172/4170 4070/4070/4068 4052/4052/4050
f 4168/4168/4166 4075/4075/4073 4073/4073/4071
f 4158/4158/4156 4127/4127/4125 4130/4130/4128
f 4156/4156/4154 4175/4175/4173 4176/4176/4174
f 4177/4177/4175 4178/4178/4176 4150/4150/4148
f 4178/4178/4176 4177/4177/4175 4179/4179/4177
f 4178/4178/4176 4180/4180/4178 4181/4181/4179
f 3996/3996/3994 3995/3995/3993 4150/4150/4148
f 4180/4180/4178 4207/4207/4205 4182/4182/4180
f 4181/4181/4179 4182/4182/4180 3998/3998/3996
f 4181/4181/4179 3997/3997/3995 3994/3994/3992
f 4183/4183/4181 4187/4187/4185 4184/4184/4182
f 4185/4185/4183 4184/4184/4182 4026/4026/4024
f 4027/4027/4025 4188/4188/4186 4189/4189/4187
f 4007/4007/4005 3963/3963/3961 3962/3962/3960
f 4193/4193/4191 4028/4028/4026 4027/4027/4025
f 4194/4194/4192 4197/4197/4195 4195/4195/4193
f 4192/4192/4190 4195/4195/4193 4008/4008/4006
f 4191/4191/4189 3953/3953/3951 4194/4194/4192
f 4196/4196/4194 6983/6983/6980 4197/4197/4195
f 4176/4176/4174 4175/4175/4173 3955/3955/3953
f 4129/4129/4127 3971/3971/3969 4161/4161/4159
f 4198/4198/4196 4020/4020/4018 4019/4019/4017
f 4070/4070/4068 4069/4069/4067 4053/4053/4051
f 3948/3948/3946 4211/4211/4209 4199/4199/4197
f 4200/4200/4198 3946/3946/3944 4199/4199/4197
f 4004/4004/4002 4062/4062/4060 3941/3941/3939
f 3946/3946/3944 4200/4200/4198 4202/4202/4200
f 4188/4188/4186 3959/3959/3957 4203/4203/4201
f 4205/4205/4203 6983/6983/6980 4196/4196/4194
f 4180/4180/4178 4179/4179/4177 4206/4206/4204
f 4002/4002/4000 4001/4001/3999 4032/4032/4030
f 4030/4030/4028 4031/4031/4029 4032/4032/4030
f 4202/4202/4200 4200/4200/4198 3989/3989/3987
f 4210/4210/4208 4212/4212/4210 4199/4199/4197
f 3989/3989/3987 4201/4201/4199 4212/4212/4210
f 4213/4213/4211 6984/6984/6981 4214/4214/4212
f 3988/3988/3986 4120/4120/4118 4215/4215/4213
f 4214/4214/4212 6984/6984/6981 3972/3972/3970
f 3967/3967/3965 3969/3969/3967 4216/4216/4214
f 3974/3974/3972 3985/3985/3983 4218/4218/4216
f 4170/4170/4168 4218/4218/4216 3986/3986/3984
f 4065/4065/4063 6979/6979/6976 4220/4220/4218
f 4221/4221/4219 4479/4479/4477 4222/4222/4220
f 4224/4224/4222 4495/4495/4493 4225/4225/4223
f 4233/4233/4231 6985/6985/6982 4234/4234/4232
f 4232/4232/4230 4231/4231/4229 4236/4236/4234
f 4238/4238/4236 6986/6986/6983 4237/4237/4235
f 4252/4252/4250 4435/4435/4433 4253/4253/4251
f 4254/4254/4252 4259/4259/4257 4255/4255/4253
f 4254/4254/4252 4257/4257/4255 4258/4258/4256
f 4247/4247/4245 4249/4249/4247 4250/4250/4248
f 4262/4262/4260 4299/4299/4297 4263/4263/4261
f 4265/4265/4263 4492/4492/4490 4256/4256/4254
f 4266/4266/4264 4494/4494/4492 4264/4264/4262
f 4252/4252/4250 4251/4251/4249 4267/4267/4265
f 4269/4269/4267 4378/4378/4376 4270/4270/4268
f 4272/4272/4270 6987/6987/6984 4273/4273/4271
f 4274/4274/4272 4455/4455/4453 4275/4275/4273
f 4280/4280/4278 4478/4478/4476 4281/4281/4279
f 4285/4285/4283 4469/4469/4467 4286/4286/4284
f 4291/4291/4289 4295/4295/4293 4292/4292/4290
f 4293/4293/4291 4317/4317/4315 4294/4294/4292
f 4294/4294/4292 4382/4382/4380 4295/4295/4293
f 4296/4296/4294 6988/6988/6985 4297/4297/4295
f 4282/4282/4280 4281/4281/4279 4308/4308/4306
f 4305/4305/4303 6989/6989/6986 4310/4310/4308
f 4290/4290/4288 4363/4363/4361 4312/4312/4310
f 4312/4312/4310 4393/4393/4391 4313/4313/4311
f 4314/4314/4312 4401/4401/4399 4315/4315/4313
f 4316/4316/4314 4294/4294/4292 4317/4317/4315
f 4318/4318/4316 4383/4383/4381 4315/4315/4313
f 4321/4321/4319 4325/4325/4323 4322/4322/4320
f 4323/4323/4321 4302/4302/4300 4304/4304/4302
f 4321/4321/4319 4304/4304/4302 4324/4324/4322
f 4328/4328/4326 4465/4465/4463 4306/4306/4304
f 4231/4231/4229 4472/4472/4470 4329/4329/4327
f 4330/4330/4328 4448/4448/4446 4236/4236/4234
f 4331/4331/4329 6990/6990/6987 4332/4332/4330
f 4226/4226/4224 6991/6991/6988 4335/4335/4333
f 4339/4339/4337 4496/4496/4494 4340/4340/4338
f 4342/4342/4340 4287/4287/4285 4243/4243/4241
f 4344/4344/4342 4348/4348/4346 4345/4345/4343
f 4347/4347/4345 4445/4445/4443 4348/4348/4346
f 4331/4331/4329 4323/4323/4321 4322/4322/4320
f 4350/4350/4348 6992/6992/6989 4349/4349/4347
f 4325/4325/4323 4352/4352/4350 4350/4350/4348
f 4325/4325/4323 4324/4324/4322 4351/4351/4349
f 4353/4353/4351 4442/4442/4440 4352/4352/4350
f 4354/4354/4352 4356/4356/4354 4353/4353/4351
f 4355/4355/4353 4301/4301/4299 4300/4300/4298
f 4357/4357/4355 6993/6993/6990 4358/4358/4356
f 4356/4356/4354 4354/4354/4352 4360/4360/4358
f 4361/4361/4359 4471/4471/4469 4357/4357/4355
f 4359/4359/4357 4387/4387/4385 4362/4362/4360
f 4362/4362/4360 4363/4363/4361 4297/4297/4295
f 4363/4363/4361 4364/4364/4362 4298/4298/4296
f 4364/4364/4362 4366/4366/4364 4365/4365/4363
f 4290/4290/4288 4289/4289/4287 4366/4366/4364
f 4366/4366/4364 4368/4368/4366 4367/4367/4365
f 4369/4369/4367 4296/4296/4294 4298/4298/4296
f 4370/4370/4368 4373/4373/4371 4371/4371/4369
f 4373/4373/4371 4376/4376/4374 4374/4374/4372
f 4375/4375/4373 4379/4379/4377 4376/4376/4374
f 4373/4373/4371 4370/4370/4368 4377/4377/4375
f 4375/4375/4373 4380/4380/4378 4378/4378/4376
f 4381/4381/4379 4270/4270/4268 4378/4378/4376
f 4382/4382/4380 4294/4294/4292 4316/4316/4314
f 4376/4376/4374 4379/4379/4377 4384/4384/4382
f 4376/4376/4374 4385/4385/4383 4386/4386/4384
f 4384/4384/4382 4379/4379/4377 4378/4378/4376
f 4387/4387/4385 4411/4411/4409 4388/4388/4386
f 4388/4388/4386 4411/4411/4409 4389/4389/4387
f 4388/4388/4386 4312/4312/4310 4363/4363/4361
f 4390/4390/4388 4393/4393/4391 4312/4312/4310
f 4391/4391/4389 4392/4392/4390 4390/4390/4388
f 4392/4392/4390 4396/4396/4394 4393/4393/4391
f 4394/4394/4392 4404/4404/4402 4395/4395/4393
f 4320/4320/4318 4319/4319/4317 4399/4399/4397
f 4398/4398/4396 4313/4313/4311 4393/4393/4391
f 4319/4319/4317 4315/4315/4313 4401/4401/4399
f 4395/4395/4393 4405/4405/4403 4402/4402/4400
f 4404/4404/4402 4407/4407/4405 4405/4405/4403
f 4395/4395/4393 4403/4403/4401 4268/4268/4266
f 4406/4406/4404 4429/4429/4427 4405/4405/4403
f 4391/4391/4389 4389/4389/4387 4408/4408/4406
f 4389/4389/4387 4411/4411/4409 4410/4410/4408
f 4411/4411/4409 4387/4387/4385 4412/4412/4410
f 4387/4387/4385 4359/4359/4357 4358/4358/4356
f 4413/4413/4411 4422/4422/4420 4412/4412/4410
f 4358/4358/4356 6993/6993/6990 4414/4414/4412
f 4360/4360/4358 4354/4354/4352 4415/4415/4413
f 4415/4415/4413 4354/4354/4352 4351/4351/4349
f 4415/4415/4413 4324/4324/4322 4304/4304/4302
f 4419/4419/4417 4420/4420/4418 4418/4418/4416
f 4417/4417/4415 4304/4304/4302 4303/4303/4301
f 4420/4420/4418 6994/6994/6991 4421/4421/4419
f 4418/4418/4416 4421/4421/4419 4416/4416/4414
f 4414/4414/4412 6987/6987/6984 4272/4272/4270
f 4413/4413/4411 4272/4272/4270 4276/4276/4274
f 4422/4422/4420 4423/4423/4421 4410/4410/4408
f 4423/4423/4421 4275/4275/4273 4424/4424/4422
f 4423/4423/4421 4422/4422/4420 4276/4276/4274
f 4425/4425/4423 4408/4408/4406 4410/4410/4408
f 4426/4426/4424 4409/4409/4407 4408/4408/4406
f 4425/4425/4423 4424/4424/4422 4427/4427/4425
f 4428/4428/4426 4430/4430/4428 4429/4429/4427
f 4430/4430/4428 4447/4447/4445 4431/4431/4429
f 4402/4402/4400 4405/4405/4403 4429/4429/4427
f 4431/4431/4429 4433/4433/4431 4432/4432/4430
f 4433/4433/4431 4439/4439/4437 4434/4434/4432
f 4434/4434/4432 4253/4253/4251 4435/4435/4433
f 4436/4436/4434 4491/4491/4489 4253/4253/4251
f 4437/4437/4435 6992/6992/6989 4350/4350/4348
f 4436/4436/4434 4434/4434/4432 4439/4439/4437
f 4438/4438/4436 4259/4259/4257 4258/4258/4256
f 4438/4438/4436 4442/4442/4440 4441/4441/4439
f 4442/4442/4440 4353/4353/4351 4443/4443/4441
f 4444/4444/4442 4255/4255/4253 4259/4259/4257
f 4441/4441/4439 4443/4443/4441 4262/4262/4260
f 4353/4353/4351 4356/4356/4354 4300/4300/4298
f 4443/4443/4441 4300/4300/4298 4299/4299/4297
f 4445/4445/4443 4347/4347/4345 4440/4440/4438
f 4439/4439/4437 4433/4433/4431 4446/4446/4444
f 4433/4433/4431 4431/4431/4429 4447/4447/4445
f 4330/4330/4328 4329/4329/4327 4446/4446/4444
f 4447/4447/4445 4430/4430/4428 4448/4448/4446
f 4329/4329/4327 4348/4348/4346 4445/4445/4443
f 4350/4350/4348 4352/4352/4350 4442/4442/4440
f 4432/4432/4430 4435/4435/4433 4403/4403/4401
f 4430/4430/4428 4428/4428/4426 4449/4449/4447
f 4424/4424/4422 4451/4451/4449 4450/4450/4448
f 4451/4451/4449 4454/4454/4452 4452/4452/4450
f 4451/4451/4449 4455/4455/4453 4453/4453/4451
f 4424/4424/4422 4275/4275/4273 4455/4455/4453
f 4456/4456/4454 6995/6995/6992 4454/4454/4452
f 4453/4453/4451 4277/4277/4275 4279/4279/4277
f 4453/4453/4451 4455/4455/4453 4274/4274/4272
f 4457/4457/4455 4460/4460/4458 4458/4458/4456
f 4459/4459/4457 6989/6989/6986 4305/4305/4303
f 4307/4307/4305 4466/4466/4464 4462/4462/4460
f 4242/4242/4240 4244/4244/4242 4286/4286/4284
f 4307/4307/4305 4306/4306/4304 4465/4465/4463
f 4467/4467/4465 4470/4470/4468 4468/4468/4466
f 4464/4464/4462 4286/4286/4284 4469/4469/4467
f 4468/4468/4466 4234/4234/4232 4463/4463/4461
f 4470/4470/4468 6996/6996/6993 4235/4235/4233
f 4449/4449/4447 4238/4238/4236 4236/4236/4234
f 4435/4435/4433 4252/4252/4250 4268/4268/4266
f 4297/4297/4295 6988/6988/6985 4471/4471/4469
f 4348/4348/4346 4329/4329/4327 4472/4472/4470
f 4473/4473/4471 6997/6997/6994 4228/4228/4226
f 4474/4474/4472 4486/4486/4484 4473/4473/4471
f 4222/4222/4220 4337/4337/4335 4284/4284/4282
f 4227/4227/4225 4229/4229/4227 4475/4475/4473
f 4461/4461/4459 4462/4462/4460 4476/4476/4474
f 4235/4235/4233 6996/6996/6993 4480/4480/4478
f 4454/4454/4452 6995/6995/6992 4481/4481/4479
f 4478/4478/4476 4306/4306/4304 4311/4311/4309
f 4311/4311/4309 4310/4310/4308 4308/4308/4306
f 4475/4475/4473 4271/4271/4269 4270/4270/4268
f 4484/4484/4482 6997/6997/6994 4473/4473/4471
f 4270/4270/4268 4381/4381/4379 4485/4485/4483
f 4487/4487/4485 4490/4490/4488 4488/4488/4486
f 4267/4267/4265 4488/4488/4486 4490/4490/4488
f 4251/4251/4249 4489/4489/4487 4488/4488/4486
f 4247/4247/4245 4253/4253/4251 4491/4491/4489
f 4493/4493/4491 4265/4265/4263 4255/4255/4253
f 4264/4264/4262 4493/4493/4491 4444/4444/4442
f 4339/4339/4337 4225/4225/4223 4495/4495/4493
f 4497/4497/4495 4511/4511/4509 4498/4498/4496
f 4500/4500/4498 4502/4502/4500 4501/4501/4499
f 4502/4502/4500 4500/4500/4498 4503/4503/4501
f 4506/4506/4504 4509/4509/4507 4508/4508/4506
f 4509/4509/4507 4514/4514/4512 4510/4510/4508
f 4511/4511/4509 4497/4497/4495 4512/4512/4510
f 4512/4512/4510 4516/4516/4514 4514/4514/4512
f 4515/4515/4513 4514/4514/4512 4516/4516/4514
f 4518/4518/4516 4591/4591/4589 4519/4519/4517
f 4523/4523/4521 4524/4524/4522 4525/4525/4523
f 4526/4526/4524 6998/6998/6995 4521/4521/4519
f 4515/4515/4513 4517/4517/4515 4527/4527/4525
f 4528/4528/4526 4527/4527/4525 4529/4529/4527
f 4510/4510/4508 4528/4528/4526 4530/4530/4528
f 4531/4531/4529 4835/4835/4833 4507/4507/4505
f 4535/4535/4533 4534/4534/4532 4536/4536/4534
f 4534/4534/4532 4542/4542/4540 4539/4539/4537
f 4536/4536/4534 4539/4539/4537 4540/4540/4538
f 4539/4539/4537 4543/4543/4541 4541/4541/4539
f 4542/4542/4540 4544/4544/4542 4543/4543/4541
f 4544/4544/4542 4546/4546/4544 4545/4545/4543
f 4546/4546/4544 6999/6999/6996 4547/4547/4545
f 4548/4548/4546 4550/4550/4548 4549/4549/4547
f 4550/4550/4548 4552/4552/4550 4551/4551/4549
f 4552/4552/4550 4623/4623/4621 4553/4553/4551
f 4545/4545/4543 4547/4547/4545 4549/4549/4547
f 4543/4543/4541 4545/4545/4543 4555/4555/4553
f 4541/4541/4539 4555/4555/4553 4557/4557/4555
f 4549/4549/4547 4551/4551/4549 4558/4558/4556
f 4558/4558/4556 4566/4566/4564 4559/4559/4557
f 4559/4559/4557 4566/4566/4564 4560/4560/4558
f 4555/4555/4553 4554/4554/4552 4559/4559/4557
f 4561/4561/4559 4562/4562/4560 4557/4557/4555
f 4556/4556/4554 4557/4557/4555 4562/4562/4560
f 4540/4540/4538 4556/4556/4554 4563/4563/4561
f 4551/4551/4549 4553/4553/4551 4564/4564/4562
f 4558/4558/4556 4564/4564/4562 4565/4565/4563
f 4566/4566/4564 4565/4565/4563 4567/4567/4565
f 4509/4509/4507 4568/4568/4566 4513/4513/4511
f 4498/4498/4496 4511/4511/4509 4568/4568/4566
f 4569/4569/4567 4833/4833/4831 4570/4570/4568
f 4574/4574/4572 4832/4832/4830 4575/4575/4573
f 4575/4575/4573 4579/4579/4577 4577/4577/4575
f 4578/4578/4576 4577/4577/4575 4579/4579/4577
f 4578/4578/4576 4580/4580/4578 4581/4581/4579
f 4582/4582/4580 4581/4581/4579 4583/4583/4581
f 4584/4584/4582 4583/4583/4581 4585/4585/4583
f 4585/4585/4583 4589/4589/4587 4587/4587/4585
f 4580/4580/4578 4590/4590/4588 4588/4588/4586
f 4589/4589/4587 4585/4585/4583 4583/4583/4581
f 4591/4591/4589 4593/4593/4591 4594/4594/4592
f 4520/4520/4518 4595/4595/4593 4522/4522/4520
f 4595/4595/4593 4520/4520/4518 4596/4596/4594
f 4597/4597/4595 4596/4596/4594 4598/4598/4596
f 4596/4596/4594 4520/4520/4518 4519/4519/4517
f 4598/4598/4596 4596/4596/4594 4600/4600/4598
f 4519/4519/4517 4594/4594/4592 4602/4602/4600
f 4600/4600/4598 4602/4602/4600 4603/4603/4601
f 4593/4593/4591 4650/4650/4648 4604/4604/4602
f 4602/4602/4600 4594/4594/4592 4604/4604/4602
f 4603/4603/4601 4602/4602/4600 4605/4605/4603
f 4606/4606/4604 4609/4609/4607 4607/4607/4605
f 4603/4603/4601 4607/4607/4605 4608/4608/4606
f 4610/4610/4608 4612/4612/4610 4608/4608/4606
f 4601/4601/4599 4608/4608/4606 4611/4611/4609
f 4612/4612/4610 4617/4617/4615 4611/4611/4609
f 4595/4595/4593 4615/4615/4613 4613/4613/4611
f 4595/4595/4593 4597/4597/4595 4614/4614/4612
f 4599/4599/4597 4616/4616/4614 4614/4614/4612
f 4617/4617/4615 4621/4621/4619 4616/4616/4614
f 4524/4524/4522 4613/4613/4611 4618/4618/4616
f 4615/4615/4613 4619/4619/4617 4618/4618/4616
f 4614/4614/4612 4620/4620/4618 4619/4619/4617
f 4616/4616/4614 4622/4622/4620 4620/4620/4618
f 4621/4621/4619 4669/4669/4667 4622/4622/4620
f 4623/4623/4621 7000/7000/6997 4624/4624/4622
f 4625/4625/4623 4671/4671/4669 4626/4626/4624
f 4553/4553/4551 4624/4624/4622 4628/4628/4626
f 4627/4627/4625 4626/4626/4624 4629/4629/4627
f 4564/4564/4562 4628/4628/4626 4631/4631/4629
f 4630/4630/4628 4629/4629/4627 4632/4632/4630
f 4631/4631/4629 7001/7001/6998 4567/4567/4565
f 4633/4633/4631 4632/4632/4630 4634/4634/4632
f 4570/4570/4568 4680/4680/4678 4637/4637/4635
f 4638/4638/4636 4636/4636/4634 4637/4637/4635
f 4638/4638/4636 4639/4639/4637 4640/4640/4638
f 4642/4642/4640 7002/7002/6999 4643/4643/4641
f 4645/4645/4643 4647/4647/4645 4648/4648/4646
f 4650/4650/4648 4593/4593/4591 4592/4592/4590
f 4651/4651/4649 4592/4592/4590 4644/4644/4642
f 4653/4653/4651 4687/4687/4685 4654/4654/4652
f 4647/4647/4645 4646/4646/4644 4656/4656/4654
f 4604/4604/4602 4650/4650/4648 4658/4658/4656
f 4648/4648/4646 4690/4690/4688 4660/4660/4658
f 4605/4605/4603 4662/4662/4660 4661/4661/4659
f 4662/4662/4660 4605/4605/4603 4604/4604/4602
f 4609/4609/4607 4606/4606/4604 4661/4661/4659
f 4609/4609/4607 4663/4663/4661 4664/4664/4662
f 4665/4665/4663 4666/4666/4664 4612/4612/4610
f 4666/4666/4664 4667/4667/4665 4617/4617/4615
f 4667/4667/4665 4668/4668/4666 4621/4621/4619
f 4668/4668/4666 4806/4806/4804 4669/4669/4667
f 4670/4670/4668 4672/4672/4670 4626/4626/4624
f 4672/4672/4670 4673/4673/4671 4629/4629/4627
f 4673/4673/4671 4802/4802/4800 4632/4632/4630
f 4632/4632/4630 4802/4802/4800 4674/4674/4672
f 4675/4675/4673 5000/5000/4998 4676/4676/4674
f 4675/4675/4673 4677/4677/4675 4678/4678/4676
f 4680/4680/4678 7003/7003/7000 4681/4681/4679
f 4682/4682/4680 4679/4679/4677 4678/4678/4676
f 4639/4639/4637 4637/4637/4635 4681/4681/4679
f 4685/4685/4683 4682/4682/4680 4683/4683/4681
f 4687/4687/4685 4685/4685/4683 4688/4688/4686
f 4685/4685/4683 4686/4686/4684 4689/4689/4687
f 4690/4690/4688 4657/4657/4655 4691/4691/4689
f 4693/4693/4691 7004/7004/7001 4694/4694/4692
f 4696/4696/4694 4693/4693/4691 4695/4695/4693
f 4698/4698/4696 4696/4696/4694 4697/4697/4695
f 4702/4702/4700 4700/4700/4698 4699/4699/4697
f 4704/4704/4702 4703/4703/4701 4705/4705/4703
f 4705/4705/4703 4703/4703/4701 4708/4708/4706
f 4703/4703/4701 4699/4699/4697 4710/4710/4708
f 4710/4710/4708 4699/4699/4697 4697/4697/4695
f 4697/4697/4695 4695/4695/4693 4712/4712/4710
f 4688/4688/4686 4689/4689/4687 4714/4714/4712
f 4715/4715/4713 4714/4714/4712 4716/4716/4714
f 4714/4714/4712 4722/4722/4720 4720/4720/4718
f 4714/4714/4712 4689/4689/4687 4721/4721/4719
f 4721/4721/4719 4726/4726/4724 4723/4723/4721
f 4678/4678/4676 7005/7005/7002 4725/4725/4723
f 4686/4686/4684 4728/4728/4726 4726/4726/4724
f 4683/4683/4681 4725/4725/4723 4728/4728/4726
f 4729/4729/4727 4758/4758/4756 4730/4730/4728
f 4732/4732/4730 4738/4738/4736 4733/4733/4731
f 4742/4742/4740 4746/4746/4744 4743/4743/4741
f 4745/4745/4743 4759/4759/4757 4746/4746/4744
f 4736/4736/4734 4744/4744/4742 4747/4747/4745
f 4735/4735/4733 4737/4737/4735 4747/4747/4745
f 4749/4749/4747 4735/4735/4733 4748/4748/4746
f 4751/4751/4749 4749/4749/4747 4750/4750/4748
f 4753/4753/4751 4751/4751/4749 4752/4752/4750
f 4755/4755/4753 4753/4753/4751 4754/4754/4752
f 4743/4743/4741 4746/4746/4744 4732/4732/4730
f 4747/4747/4745 4743/4743/4741 4758/4758/4756
f 4752/4752/4750 4750/4750/4748 4748/4748/4746
f 4756/4756/4754 4754/4754/4752 4760/4760/4758
f 4760/4760/4758 4754/4754/4752 4752/4752/4750
f 4761/4761/4759 4763/4763/4761 4762/4762/4760
f 4766/4766/4764 4715/4715/4713 4717/4717/4715
f 4766/4766/4764 4655/4655/4653 4654/4654/4652
f 4677/4677/4675 4676/4676/4674 4771/4771/4769
f 4772/4772/4770 4771/4771/4769 4773/4773/4771
f 4775/4775/4773 7005/7005/7002 4772/4772/4770
f 4761/4761/4759 4789/4789/4787 4776/4776/4774
f 4759/4759/4757 4777/4777/4775 4738/4738/4736
f 4777/4777/4775 5093/5093/5091 4739/4739/4737
f 4774/4774/4772 4773/4773/4771 4778/4778/4776
f 4780/4780/4778 7006/7006/7003 4781/4781/4779
f 4758/4758/4756 4732/4732/4730 4734/4734/4732
f 4725/4725/4723 7005/7005/7002 4775/4775/4773
f 4726/4726/4724 4728/4728/4726 4740/4740/4738
f 4729/4729/4727 4731/4731/4729 4784/4784/4782
f 4728/4728/4726 4725/4725/4723 4781/4781/4779
f 4710/4710/4708 4711/4711/4709 4785/4785/4783
f 4785/4785/4783 4711/4711/4709 4718/4718/4716
f 4708/4708/4706 4710/4710/4708 4786/4786/4784
f 4761/4761/4759 4760/4760/4758 4784/4784/4782
f 4790/4790/4788 4709/4709/4707 4708/4708/4706
f 4791/4791/4789 4794/4794/4792 4709/4709/4707
f 4792/4792/4790 4706/4706/4704 4707/4707/4705
f 4794/4794/4792 4793/4793/4791 4707/4707/4705
f 4795/4795/4793 4704/4704/4702 4706/4706/4704
f 4796/4796/4794 4702/4702/4700 4704/4704/4702
f 4667/4667/4665 4666/4666/4664 4798/4798/4796
f 4668/4668/4666 4667/4667/4665 4799/4799/4797
f 4801/4801/4799 4816/4816/4814 4674/4674/4672
f 4803/4803/4801 4801/4801/4799 4802/4802/4800
f 4804/4804/4802 4803/4803/4801 4673/4673/4671
f 4805/4805/4803 4804/4804/4802 4672/4672/4670
f 4800/4800/4798 7007/7007/7004 4806/4806/4804
f 4807/4807/4805 4811/4811/4809 4808/4808/4806
f 4810/4810/4808 7008/7008/7005 4808/4808/4806
f 4812/4812/4810 4804/4804/4802 4805/4805/4803
f 4814/4814/4812 4803/4803/4801 4804/4804/4802
f 4814/4814/4812 4815/4815/4813 4801/4801/4799
f 4794/4794/4792 4791/4791/4789 4817/4817/4815
f 4793/4793/4791 4794/4794/4792 4818/4818/4816
f 4792/4792/4790 4818/4818/4816 4819/4819/4817
f 4820/4820/4818 4821/4821/4819 4807/4807/4805
f 4823/4823/4821 4825/4825/4823 4815/4815/4813
f 4824/4824/4822 5130/5130/5128 4825/4825/4823
f 4826/4826/4824 4830/4830/4828 4827/4827/4825
f 4829/4829/4827 5133/5133/5131 4830/4830/4828
f 4817/4817/4815 7009/7009/7006 4831/4831/4829
f 4829/4829/4827 4826/4826/4824 4807/4807/4805
f 4824/4824/4822 4823/4823/4821 4812/4812/4810
f 4811/4811/4809 4826/4826/4824 4828/4828/4826
f 4579/4579/4577 4575/4575/4573 4832/4832/4830
f 4772/4772/4770 7005/7005/7002 4678/4678/4676
f 4835/4835/4833 4532/4532/4530 4505/4505/4503
f 4503/4503/4501 4506/4506/4504 4505/4505/4503
f 4836/4836/4834 4849/4849/4847 4837/4837/4835
f 4839/4839/4837 4841/4841/4839 4840/4840/4838
f 4841/4841/4839 4869/4869/4867 4842/4842/4840
f 4846/4846/4844 4848/4848/4846 4845/4845/4843
f 4847/4847/4845 4851/4851/4849 4848/4848/4846
f 4849/4849/4847 4852/4852/4850 4850/4850/4848
f 4851/4851/4849 4854/4854/4852 4850/4850/4848
f 4853/4853/4851 7010/7010/7007 4854/4854/4852
f 4855/4855/4853 4920/4920/4918 4856/4856/4854
f 4859/4859/4857 4863/4863/4861 4862/4862/4860
f 4858/4858/4856 7011/7011/7008 4863/4863/4861
f 4864/4864/4862 7010/7010/7007 4853/4853/4851
f 4865/4865/4863 4867/4867/4865 4866/4866/4864
f 4867/4867/4865 4865/4865/4863 4847/4847/4845
f 4844/4844/4842 5138/5138/5136 4868/4868/4866
f 4872/4872/4870 4537/4537/4535 4874/4874/4872
f 4873/4873/4871 4874/4874/4872 4875/4875/4873
f 4874/4874/4872 4538/4538/4536 4877/4877/4875
f 4878/4878/4876 4879/4879/4877 4875/4875/4873
f 4879/4879/4877 4880/4880/4878 4876/4876/4874
f 4880/4880/4878 4879/4879/4877 4881/4881/4879
f 4882/4882/4880 4881/4881/4879 4883/4883/4881
f 4885/4885/4883 4888/4888/4886 4886/4886/4884
f 4887/4887/4885 4890/4890/4888 4888/4888/4886
f 4889/4889/4887 4949/4949/4947 4890/4890/4888
f 4881/4881/4879 4892/4892/4890 4885/4885/4883
f 4879/4879/4877 4878/4878/4876 4891/4891/4889
f 4878/4878/4876 4893/4893/4891 4894/4894/4892
f 4885/4885/4883 4892/4892/4890 4895/4895/4893
f 4896/4896/4894 4897/4897/4895 4895/4895/4893
f 4896/4896/4894 4561/4561/4559 4560/4560/4558
f 4896/4896/4894 4892/4892/4890 4891/4891/4889
f 4894/4894/4892 4562/4562/4560 4561/4561/4559
f 4893/4893/4891 4563/4563/4561 4562/4562/4560
f 4563/4563/4561 4893/4893/4891 4877/4877/4875
f 4887/4887/4885 4895/4895/4893 4898/4898/4896
f 4895/4895/4893 4897/4897/4895 4899/4899/4897
f 4897/4897/4895 4560/4560/4558 4567/4567/4565
f 4852/4852/4850 4900/4900/4898 4848/4848/4846
f 4900/4900/4898 4849/4849/4847 4836/4836/4834
f 4901/4901/4899 5136/5136/5134 4902/4902/4900
f 4905/4905/4903 4832/4832/4830 4574/4574/4572
f 4907/4907/4905 4909/4909/4907 4905/4905/4903
f 4908/4908/4906 4911/4911/4909 4909/4909/4907
f 4908/4908/4906 4912/4912/4910 4910/4910/4908
f 4912/4912/4910 4914/4914/4912 4913/4913/4911
f 4914/4914/4912 4916/4916/4914 4915/4915/4913
f 4587/4587/4585 4589/4589/4587 4915/4915/4913
f 4588/4588/4586 4590/4590/4588 4911/4911/4909
f 4589/4589/4587 4588/4588/4586 4913/4913/4911
f 4857/4857/4855 4856/4856/4854 4919/4919/4917
f 4860/4860/4858 4921/4921/4919 4920/4920/4918
f 4921/4921/4919 4923/4923/4921 4922/4922/4920
f 4923/4923/4921 4938/4938/4936 4924/4924/4922
f 4922/4922/4920 4925/4925/4923 4856/4856/4854
f 4924/4924/4922 4928/4928/4926 4925/4925/4923
f 4926/4926/4924 4919/4919/4917 4856/4856/4854
f 4927/4927/4925 4926/4926/4924 4925/4925/4923
f 4929/4929/4927 4974/4974/4972 4917/4917/4915
f 4926/4926/4924 4930/4930/4928 4929/4929/4927
f 4927/4927/4925 4932/4932/4930 4930/4930/4928
f 4931/4931/4929 4935/4935/4933 4932/4932/4930
f 4927/4927/4925 4928/4928/4926 4933/4933/4931
f 4933/4933/4931 4937/4937/4935 4934/4934/4932
f 4928/4928/4926 4924/4924/4922 4936/4936/4934
f 4936/4936/4934 4942/4942/4940 4937/4937/4935
f 4939/4939/4937 4944/4944/4942 4921/4921/4919
f 4921/4921/4919 4944/4944/4942 4940/4940/4938
f 4940/4940/4938 4941/4941/4939 4938/4938/4936
f 4941/4941/4939 4948/4948/4946 4942/4942/4940
f 4943/4943/4941 4939/4939/4937 4861/4861/4859
f 4943/4943/4941 4945/4945/4943 4944/4944/4942
f 4945/4945/4943 4946/4946/4944 4940/4940/4938
f 4946/4946/4944 4947/4947/4945 4941/4941/4939
f 4947/4947/4945 4993/4993/4991 4948/4948/4946
f 4949/4949/4947 4889/4889/4887 4950/4950/4948
f 4952/4952/4950 4956/4956/4954 4953/4953/4951
f 4889/4889/4887 4898/4898/4896 4955/4955/4953
f 4956/4956/4954 4959/4959/4957 4957/4957/4955
f 4898/4898/4896 4899/4899/4897 4958/4958/4956
f 4959/4959/4957 4961/4961/4959 4960/4960/4958
f 4567/4567/4565 7001/7001/6998 4958/4958/4956
f 4961/4961/4959 4635/4635/4633 4634/4634/4632
f 4963/4963/4961 5004/5004/5002 4901/4901/4899
f 4964/4964/4962 5006/5006/5004 4963/4963/4961
f 4965/4965/4963 5006/5006/5004 4964/4964/4962
f 4967/4967/4965 7012/7012/7009 4968/4968/4966
f 4970/4970/4968 4976/4976/4974 4973/4973/4971
f 4918/4918/4916 4917/4917/4915 4974/4974/4972
f 4969/4969/4967 4918/4918/4916 4975/4975/4973
f 4978/4978/4976 5085/5085/5083 4979/4979/4977
f 4971/4971/4969 4982/4982/4980 4981/4981/4979
f 4929/4929/4927 4988/4988/4986 4983/4983/4981
f 4973/4973/4971 4977/4977/4975 4984/4984/4982
f 4986/4986/4984 4987/4987/4985 4930/4930/4928
f 4929/4929/4927 4930/4930/4928 4987/4987/4985
f 4935/4935/4933 7013/7013/7010 4986/4986/4984
f 4989/4989/4987 7013/7013/7010 4935/4935/4933
f 4937/4937/4935 4991/4991/4989 4990/4990/4988
f 4942/4942/4940 4992/4992/4990 4991/4991/4989
f 4948/4948/4946 4994/4994/4992 4992/4992/4990
f 4993/4993/4991 5114/5114/5112 4994/4994/4992
f 4953/4953/4951 4996/4996/4994 4995/4995/4993
f 4957/4957/4955 4997/4997/4995 4996/4996/4994
f 4960/4960/4958 4998/4998/4996 4997/4997/4995
f 4960/4960/4958 4634/4634/4632 4674/4674/4672
f 4999/4999/4997 5088/5088/5086 4676/4676/4674
f 5001/5001/4999 5088/5088/5086 4999/4999/4997
f 5003/5003/5001 7014/7014/7011 5004/5004/5002
f 5005/5005/5003 5008/5008/5006 5001/5001/4999
f 5006/5006/5004 5009/5009/5007 5003/5003/5001
f 5007/5007/5005 5048/5048/5046 5008/5008/5006
f 5010/5010/5008 5007/5007/5005 4980/4980/4978
f 5011/5011/5009 5048/5048/5046 5007/5007/5005
f 4985/4985/4983 5013/5013/5011 5012/5012/5010
f 5014/5014/5012 5018/5018/5016 5015/5015/5013
f 5017/5017/5015 5020/5020/5018 5018/5018/5016
f 5019/5019/5017 5021/5021/5019 5020/5020/5018
f 5024/5024/5022 5026/5026/5024 5021/5021/5019
f 5025/5025/5023 5029/5029/5027 5027/5027/5025
f 5030/5030/5028 5026/5026/5024 5027/5027/5025
f 5032/5032/5030 5021/5021/5019 5026/5026/5024
f 5032/5032/5030 5034/5034/5032 5020/5020/5018
f 5033/5033/5031 5018/5018/5016 5020/5020/5018
f 5036/5036/5034 5011/5011/5009 5010/5010/5008
f 5038/5038/5036 5036/5036/5034 5037/5037/5035
f 5042/5042/5040 5099/5099/5097 5036/5036/5034
f 5036/5036/5034 5099/5099/5097 5043/5043/5041
f 5044/5044/5042 5047/5047/5045 5043/5043/5041
f 5046/5046/5044 5091/5091/5089 5001/5001/4999
f 5047/5047/5045 5050/5050/5048 5048/5048/5046
f 5050/5050/5048 5046/5046/5044 5008/5008/5006
f 5051/5051/5049 4731/4731/4729 4730/4730/4728
f 5053/5053/5051 4734/4734/4732 4733/4733/4731
f 5060/5060/5058 5064/5064/5062 5061/5061/5059
f 5063/5063/5061 5061/5061/5059 5064/5064/5062
f 5066/5066/5064 5062/5062/5060 5057/5057/5055
f 5055/5055/5053 5068/5068/5066 5066/5066/5064
f 5067/5067/5065 5070/5070/5068 5068/5068/5066
f 5069/5069/5067 5072/5072/5070 5070/5070/5068
f 5071/5071/5069 5074/5074/5072 5072/5072/5070
f 5073/5073/5071 5076/5076/5074 5074/5074/5072
f 5060/5060/5058 5052/5052/5050 5053/5053/5051
f 5066/5066/5064 5051/5051/5049 5052/5052/5050
f 5068/5068/5066 5070/5070/5068 5072/5072/5070
f 5076/5076/5074 5079/5079/5077 5077/5077/5075
f 5077/5077/5075 5051/5051/5049 5072/5072/5070
f 5078/5078/5076 5080/5080/5078 5079/5079/5077
f 5083/5083/5081 7015/7015/7012 5039/5039/5037
f 5083/5083/5081 5037/5037/5035 4979/4979/4977
f 5088/5088/5086 5089/5089/5087 4771/4771/4769
f 5089/5089/5087 5094/5094/5092 4773/4773/4771
f 5090/5090/5088 5094/5094/5092 5089/5089/5087
f 4776/4776/4774 4789/4789/4787 5079/5079/5077
f 5065/5065/5063 5053/5053/5051 5054/5054/5052
f 5092/5092/5090 5054/5054/5052 4739/4739/4737
f 5094/5094/5092 5095/5095/5093 4778/4778/4776
f 5096/5096/5094 7016/7016/7013 5097/5097/5095
f 4734/4734/4732 5053/5053/5051 5052/5052/5050
f 5046/5046/5044 5098/5098/5096 5090/5090/5088
f 5047/5047/5045 5049/5049/5047 5058/5058/5056
f 4784/4784/4782 4731/4731/4729 5051/5051/5049
f 5050/5050/5048 5100/5100/5098 5096/5096/5094
f 4785/4785/4783 5034/5034/5032 5032/5032/5030
f 4785/4785/4783 4787/4787/4785 5040/5040/5038
f 4786/4786/4784 5032/5032/5030 5030/5030/5028
f 4784/4784/4782 5077/5077/5075 5079/5079/5077
f 4790/4790/4788 4788/4788/4786 5030/5030/5028
f 4791/4791/4789 4790/4790/4788 5031/5031/5029
f 5028/5028/5026 5029/5029/5027 5102/5102/5100
f 5101/5101/5099 5031/5031/5029 5028/5028/5026
f 5104/5104/5102 5102/5102/5100 5029/5029/5027
f 5025/5025/5023 5024/5024/5022 5105/5105/5103
f 5107/5107/5105 4991/4991/4989 4992/4992/4990
f 5108/5108/5106 4992/4992/4990 4994/4994/4992
f 4674/4674/4672 4816/4816/4814 5110/5110/5108
f 4998/4998/4996 5110/5110/5108 5111/5111/5109
f 4997/4997/4995 5111/5111/5109 5112/5112/5110
f 4996/4996/4994 5112/5112/5110 5113/5113/5111
f 5114/5114/5112 7017/7017/7014 5109/5109/5107
f 5115/5115/5113 5119/5119/5117 5116/5116/5114
f 5115/5115/5113 7018/7018/7015 5118/5118/5116
f 5113/5113/5111 5112/5112/5110 5120/5120/5118
f 5112/5112/5110 5111/5111/5109 5122/5122/5120
f 5122/5122/5120 5111/5111/5109 5110/5110/5108
f 5101/5101/5099 5123/5123/5121 4817/4817/4815
f 5123/5123/5121 5101/5101/5099 5103/5103/5101
f 5124/5124/5122 5123/5123/5121 5102/5102/5100
f 5125/5125/5123 5117/5117/5115 5116/5116/5114
f 5128/5128/5126 5122/5122/5120 4815/4815/4813
f 5129/5129/5127 5128/5128/5126 4825/4825/4823
f 5131/5131/5129 5135/5135/5133 4827/4827/4825
f 5132/5132/5130 5131/5131/5129 4830/4830/4828
f 5134/5134/5132 7009/7009/7006 4817/4817/4815
f 5116/5116/5114 5131/5131/5129 5132/5132/5130
f 5120/5120/5118 5128/5128/5126 5129/5129/5127
f 5119/5119/5117 5118/5118/5116 5135/5135/5133
f 4832/4832/4830 4905/4905/4903 4909/4909/4907
f 5089/5089/5087 5088/5088/5086 5001/5001/4999
f 4843/4843/4841 4870/4870/4868 5138/5138/5136
f 4843/4843/4841 4845/4845/4843 4842/4842/4840
f 5139/5139/5137 5307/5307/5305 5140/5140/5138
f 5142/5142/5140 5298/5298/5296 5143/5143/5141
f 5145/5145/5143 5148/5148/5146 5146/5146/5144
f 5148/5148/5146 7019/7019/7016 5149/5149/5147
f 5146/5146/5144 5149/5149/5147 5150/5150/5148
f 5152/5152/5150 5219/5219/5217 5153/5153/5151
f 5154/5154/5152 5158/5158/5156 5156/5156/5154
f 5154/5154/5152 5153/5153/5151 5157/5157/5155
f 5155/5155/5153 5156/5156/5154 5159/5159/5157
f 5160/5160/5158 5159/5159/5157 5161/5161/5159
f 5159/5159/5157 5164/5164/5162 5163/5163/5161
f 5156/5156/5154 5165/5165/5163 5164/5164/5162
f 5158/5158/5156 5166/5166/5164 5165/5165/5163
f 5157/5157/5155 5421/5421/5419 5166/5166/5164
f 5167/5167/5165 7020/7020/7017 5168/5168/5166
f 5170/5170/5168 5169/5169/5167 5168/5168/5166
f 5172/5172/5170 5215/5215/5213 5167/5167/5165
f 5172/5172/5170 5169/5169/5167 5170/5170/5168
f 5174/5174/5172 5177/5177/5175 5175/5175/5173
f 5177/5177/5175 5214/5214/5212 5178/5178/5176
f 5180/5180/5178 5182/5182/5180 5175/5175/5173
f 5173/5173/5171 5170/5170/5168 5183/5183/5181
f 5185/5185/5183 7021/7021/7018 5186/5186/5184
f 5186/5186/5184 5190/5190/5188 5188/5188/5186
f 5189/5189/5187 5188/5188/5186 5190/5190/5188
f 5192/5192/5190 5196/5196/5194 5193/5193/5191
f 5192/5192/5190 5210/5210/5208 5195/5195/5193
f 5197/5197/5195 5210/5210/5208 5198/5198/5196
f 5179/5179/5177 5178/5178/5176 5200/5200/5198
f 5196/5196/5194 5195/5195/5193 5202/5202/5200
f 5180/5180/5178 5181/5181/5179 5204/5204/5202
f 5206/5206/5204 5202/5202/5200 5195/5195/5193
f 5181/5181/5179 5179/5179/5177 5201/5201/5199
f 5207/5207/5205 5195/5195/5193 5210/5210/5208
f 5211/5211/5209 5198/5198/5196 5210/5210/5208
f 5211/5211/5209 5192/5192/5190 5194/5194/5192
f 5175/5175/5173 5177/5177/5175 5179/5179/5177
f 5213/5213/5211 5214/5214/5212 5177/5177/5175
f 5199/5199/5197 5198/5198/5196 5188/5188/5186
f 5187/5187/5185 5188/5188/5186 5198/5198/5196
f 5212/5212/5210 5185/5185/5183 5187/5187/5185
f 5178/5178/5176 5173/5173/5171 5184/5184/5182
f 5214/5214/5212 5172/5172/5170 5173/5173/5171
f 5214/5214/5212 5213/5213/5211 5215/5215/5213
f 5216/5216/5214 5418/5418/5416 5217/5217/5215
f 5219/5219/5217 5218/5218/5216 5217/5217/5215
f 5220/5220/5218 5272/5272/5270 5221/5221/5219
f 5223/5223/5221 5222/5222/5220 5221/5221/5219
f 5225/5225/5223 5242/5242/5240 5220/5220/5218
f 5225/5225/5223 5222/5222/5220 5223/5223/5221
f 5227/5227/5225 5232/5232/5230 5228/5228/5226
f 5230/5230/5228 5252/5252/5250 5231/5231/5229
f 5237/5237/5235 5241/5241/5239 5238/5238/5236
f 5240/5240/5238 5245/5245/5243 5238/5238/5236
f 5242/5242/5240 5268/5268/5266 5243/5243/5241
f 5244/5244/5242 5278/5278/5276 5245/5245/5243
f 5246/5246/5244 5254/5254/5252 5247/5247/5245
f 5249/5249/5247 5246/5246/5244 5248/5248/5246
f 5230/5230/5228 5264/5264/5262 5251/5251/5249
f 5253/5253/5251 5267/5267/5265 5247/5247/5245
f 5255/5255/5253 5265/5265/5263 5256/5256/5254
f 5259/5259/5257 5263/5263/5261 5258/5258/5256
f 5235/5235/5233 5262/5262/5260 5260/5260/5258
f 5263/5263/5261 5253/5253/5251 5254/5254/5252
f 5234/5234/5232 5260/5260/5258 5264/5264/5262
f 5265/5265/5263 5255/5255/5253 5246/5246/5244
f 5255/5255/5253 5258/5258/5256 5254/5254/5252
f 5234/5234/5232 5230/5230/5228 5229/5229/5227
f 5266/5266/5264 5227/5227/5225 5229/5229/5227
f 5267/5267/5265 5244/5244/5242 5240/5240/5238
f 5252/5252/5250 5251/5251/5249 5268/5268/5266
f 5247/5247/5245 5240/5240/5238 5241/5241/5239
f 5248/5248/5246 5241/5241/5239 5237/5237/5235
f 5266/5266/5264 5231/5231/5229 5225/5225/5223
f 5252/5252/5250 5242/5242/5240 5225/5225/5223
f 5238/5238/5236 5245/5245/5243 5269/5269/5267
f 5239/5239/5237 5238/5238/5236 5270/5270/5268
f 5243/5243/5241 5273/5273/5271 5272/5272/5270
f 5273/5273/5271 7022/7022/7019 5274/5274/5272
f 5270/5270/5268 5277/5277/5275 5275/5275/5273
f 5270/5270/5268 5269/5269/5267 5276/5276/5274
f 5269/5269/5267 5245/5245/5243 5278/5278/5276
f 5280/5280/5278 7023/7023/7020 5281/5281/5279
f 5281/5281/5279 7023/7023/7020 5283/5283/5281
f 5285/5285/5283 5289/5289/5287 5286/5286/5284
f 5288/5288/5286 5322/5322/5320 5285/5285/5283
f 5289/5289/5287 7024/7024/7021 5290/5290/5288
f 5291/5291/5289 5304/5304/5302 5292/5292/5290
f 5140/5140/5138 5307/5307/5305 5294/5294/5292
f 5296/5296/5294 5291/5291/5289 5142/5142/5140
f 5283/5283/5281 5310/5310/5308 5297/5297/5295
f 5298/5298/5296 5142/5142/5140 5299/5299/5297
f 5296/5296/5294 5144/5144/5142 5302/5302/5300
f 5304/5304/5302 5291/5291/5289 5296/5296/5294
f 5305/5305/5303 5296/5296/5294 5303/5303/5301
f 5307/5307/5305 5287/5287/5285 5286/5286/5284
f 5299/5299/5297 5142/5142/5140 5291/5291/5289
f 5286/5286/5284 5290/5290/5288 5301/5301/5299
f 5288/5288/5286 5287/5287/5285 5307/5307/5305
f 5310/5310/5308 7025/7025/7022 5311/5311/5309
f 5312/5312/5310 7026/7026/7023 5162/5162/5160
f 5190/5190/5188 5186/5186/5184 5313/5313/5311
f 5186/5186/5184 7021/7021/7018 5315/5315/5313
f 5170/5170/5168 5171/5171/5169 5316/5316/5314
f 5190/5190/5188 5314/5314/5312 5317/5317/5315
f 5318/5318/5316 5324/5324/5322 5319/5319/5317
f 5321/5321/5319 5318/5318/5316 5285/5285/5283
f 5145/5145/5143 5334/5334/5332 5292/5292/5290
f 5323/5323/5321 7024/7024/7021 5289/5289/5287
f 5324/5324/5322 5327/5327/5325 5325/5325/5323
f 5151/5151/5149 5333/5333/5331 5328/5328/5326
f 5319/5319/5317 5325/5325/5323 5329/5329/5327
f 5330/5330/5328 5323/5323/5321 5320/5320/5318
f 5147/5147/5145 5328/5328/5326 5334/5334/5332
f 5326/5326/5324 5324/5324/5322 5318/5318/5316
f 5289/5289/5287 5285/5285/5283 5318/5318/5316
f 5306/5306/5304 7019/7019/7016 5148/5148/5146
f 5304/5304/5302 5305/5305/5303 5148/5148/5146
f 5144/5144/5142 5143/5143/5141 5308/5308/5306
f 5337/5337/5335 5349/5349/5347 5338/5338/5336
f 5337/5337/5335 5339/5339/5337 5340/5340/5338
f 5342/5342/5340 5346/5346/5344 5343/5343/5341
f 5345/5345/5343 5348/5348/5346 5343/5343/5341
f 5347/5347/5345 5351/5351/5349 5348/5348/5346
f 5349/5349/5347 5390/5390/5388 5350/5350/5348
f 5351/5351/5349 7027/7027/7024 5352/5352/5350
f 5340/5340/5338 5339/5339/5337 5353/5353/5351
f 5339/5339/5337 5338/5338/5336 5355/5355/5353
f 5350/5350/5348 7028/7028/7025 5355/5355/5353
f 5343/5343/5341 5358/5358/5356 5356/5356/5354
f 5343/5343/5341 5348/5348/5346 5357/5357/5355
f 5359/5359/5357 5372/5372/5370 5360/5360/5358
f 5362/5362/5360 5361/5361/5359 5360/5360/5358
f 5364/5364/5362 7029/7029/7026 5365/5365/5363
f 5367/5367/5365 5364/5364/5362 5366/5366/5364
f 5369/5369/5367 5367/5367/5365 5368/5368/5366
f 5359/5359/5357 5382/5382/5380 5371/5371/5369
f 5373/5373/5371 5376/5376/5374 5374/5374/5372
f 5376/5376/5374 5392/5392/5390 5377/5377/5375
f 5378/5378/5376 7029/7029/7026 5364/5364/5362
f 5380/5380/5378 5379/5379/5377 5364/5364/5362
f 5381/5381/5379 5380/5380/5378 5367/5367/5365
f 5373/5373/5371 5391/5391/5389 5382/5382/5380
f 5372/5372/5370 5371/5371/5369 5390/5390/5388
f 5366/5366/5364 5365/5365/5363 5347/5347/5345
f 5368/5368/5366 5366/5366/5364 5345/5345/5343
f 5368/5368/5366 5346/5346/5344 5342/5342/5340
f 5360/5360/5358 5337/5337/5335 5341/5341/5339
f 5360/5360/5358 5372/5372/5370 5349/5349/5347
f 5375/5375/5373 5389/5389/5387 5391/5391/5389
f 5384/5384/5382 5383/5383/5381 5380/5380/5378
f 5383/5383/5381 5386/5386/5384 5379/5379/5377
f 5388/5388/5386 5378/5378/5376 5379/5379/5377
f 5361/5361/5359 5362/5362/5360 5392/5392/5390
f 5359/5359/5357 5361/5361/5359 5376/5376/5374
f 5393/5393/5391 5429/5429/5427 5394/5394/5392
f 5394/5394/5392 5429/5429/5427 5396/5396/5394
f 5396/5396/5394 5399/5399/5397 5398/5398/5396
f 5399/5399/5397 5476/5476/5474 5400/5400/5398
f 5401/5401/5399 5409/5409/5407 5402/5402/5400
f 5404/5404/5402 7030/7030/7027 5405/5405/5403
f 5407/5407/5405 5404/5404/5402 5406/5406/5404
f 5409/5409/5407 5407/5407/5405 5408/5408/5406
f 5406/5406/5404 5405/5405/5403 5410/5410/5408
f 5408/5408/5406 5406/5406/5404 5411/5411/5409
f 5402/5402/5400 5408/5408/5406 5412/5412/5410
f 5414/5414/5412 5403/5403/5401 5402/5402/5400
f 5413/5413/5411 5412/5412/5410 5416/5416/5414
f 5414/5414/5412 5413/5413/5411 5417/5417/5415
f 5418/5418/5416 5417/5417/5415 5419/5419/5417
f 5217/5217/5215 5419/5419/5417 5157/5157/5155
f 5417/5417/5415 5416/5416/5414 5420/5420/5418
f 5419/5419/5417 5420/5420/5418 5421/5421/5419
f 5161/5161/5159 5163/5163/5161 5422/5422/5420
f 5423/5423/5421 5427/5427/5425 5297/5297/5295
f 5282/5282/5280 5281/5281/5279 5424/5424/5422
f 5281/5281/5279 5284/5284/5282 5426/5426/5424
f 5284/5284/5282 5297/5297/5295 5427/5427/5425
f 5393/5393/5391 5430/5430/5428 5428/5428/5426
f 5430/5430/5428 5433/5433/5431 5431/5431/5429
f 5432/5432/5430 5434/5434/5432 5431/5431/5429
f 5282/5282/5280 5425/5425/5423 5434/5434/5432
f 5428/5428/5426 5431/5431/5429 5435/5435/5433
f 5431/5431/5429 5434/5434/5432 5436/5436/5434
f 5425/5425/5423 5424/5424/5422 5437/5437/5435
f 5426/5426/5424 5427/5427/5425 5438/5438/5436
f 5439/5439/5437 5422/5422/5420 5163/5163/5161
f 5423/5423/5421 7031/7031/7028 5438/5438/5436
f 5164/5164/5162 5441/5441/5439 5440/5440/5438
f 5165/5165/5163 5442/5442/5440 5441/5441/5439
f 5421/5421/5419 5443/5443/5441 5442/5442/5440
f 5416/5416/5414 5411/5411/5409 5443/5443/5441
f 5435/5435/5433 5445/5445/5443 5399/5399/5397
f 5436/5436/5434 5437/5437/5435 5444/5444/5442
f 5437/5437/5435 5438/5438/5436 5446/5446/5444
f 5438/5438/5436 7031/7031/7028 5447/5447/5445
f 5440/5440/5438 5450/5450/5448 5448/5448/5446
f 5440/5440/5438 5441/5441/5439 5449/5449/5447
f 5441/5441/5439 5442/5442/5440 5451/5451/5449
f 5443/5443/5441 5452/5452/5450 5451/5451/5449
f 5411/5411/5409 5415/5415/5413 5452/5452/5450
f 5450/5450/5448 5449/5449/5447 5453/5453/5451
f 5455/5455/5453 5470/5470/5468 5456/5456/5454
f 5452/5452/5450 5459/5459/5457 5458/5458/5456
f 5458/5458/5456 5453/5453/5451 5449/5449/5447
f 5460/5460/5458 5462/5462/5460 5463/5463/5461
f 5465/5465/5463 5464/5464/5462 5463/5463/5461
f 5467/5467/5465 5466/5466/5464 5468/5468/5466
f 5470/5470/5468 5472/5472/5470 5471/5471/5469
f 5472/5472/5470 5478/5478/5476 5473/5473/5471
f 5445/5445/5443 5444/5444/5442 5474/5474/5472
f 5445/5445/5443 5475/5475/5473 5476/5476/5474
f 5461/5461/5459 5479/5479/5477 5477/5477/5475
f 5478/5478/5476 5472/5472/5470 5477/5477/5475
f 5477/5477/5475 5472/5472/5470 5480/5480/5478
f 5470/5470/5468 5455/5455/5453 5468/5468/5466
f 5481/5481/5479 7032/7032/7029 5482/5482/5480
f 5484/5484/5482 5488/5488/5486 5485/5485/5483
f 5487/5487/5485 5489/5489/5487 5488/5488/5486
f 5483/5483/5481 5492/5492/5490 5491/5491/5489
f 5492/5492/5490 5494/5494/5492 5493/5493/5491
f 5489/5489/5487 5504/5504/5502 5496/5496/5494
f 5488/5488/5486 5496/5496/5494 5497/5497/5495
f 5482/5482/5480 5509/5509/5507 5498/5498/5496
f 5483/5483/5481 5498/5498/5496 5499/5499/5497
f 5492/5492/5490 5499/5499/5497 5500/5500/5498
f 5494/5494/5492 5500/5500/5498 5501/5501/5499
f 5495/5495/5493 5501/5501/5499 5502/5502/5500
f 5504/5504/5502 5489/5489/5487 5490/5490/5488
f 5506/5506/5504 5499/5499/5497 5498/5498/5496
f 5508/5508/5506 5507/5507/5505 5498/5498/5496
f 5510/5510/5508 7033/7033/7030 5497/5497/5495
f 5511/5511/5509 5510/5510/5508 5496/5496/5494
f 5512/5512/5510 5511/5511/5509 5504/5504/5502
f 5513/5513/5511 5515/5515/5513 5501/5501/5499
f 5514/5514/5512 5502/5502/5500 5501/5501/5499
f 5506/5506/5504 5513/5513/5511 5500/5500/5498
f 5516/5516/5514 5519/5519/5517 5517/5517/5515
f 5519/5519/5517 5506/5506/5504 5507/5507/5505
f 5520/5520/5518 5507/5507/5505 5508/5508/5506
f 5522/5522/5520 7033/7033/7030 5510/5510/5508
f 5510/5510/5508 5511/5511/5509 5524/5524/5522
f 5511/5511/5509 5512/5512/5510 5525/5525/5523
f 5514/5514/5512 5515/5515/5513 5526/5526/5524
f 5516/5516/5514 5526/5526/5524 5515/5515/5513
f 5518/5518/5516 5528/5528/5526 5526/5526/5524
f 5527/5527/5525 5526/5526/5524 5528/5528/5526
f 5530/5530/5528 5524/5524/5522 5525/5525/5523
f 5523/5523/5521 5524/5524/5522 5530/5530/5528
f 5533/5533/5531 5522/5522/5520 5523/5523/5521
f 5534/5534/5532 5520/5520/5518 5521/5521/5519
f 5517/5517/5515 5519/5519/5517 5520/5520/5518
f 5513/5513/5511 5506/5506/5504 5519/5519/5517
f 5528/5528/5526 5518/5518/5516 5536/5536/5534
f 5538/5538/5536 7034/7034/7031 5539/5539/5537
f 5531/5531/5529 7035/7035/7032 5542/5542/5540
f 5534/5534/5532 5543/5543/5541 5536/5536/5534
f 5544/5544/5542 5697/5697/5695 5545/5545/5543
f 5547/5547/5545 5702/5702/5700 5548/5548/5546
f 5550/5550/5548 5556/5556/5554 5551/5551/5549
f 5552/5552/5550 5551/5551/5549 5553/5553/5551
f 5551/5551/5549 5557/5557/5555 5555/5555/5553
f 5558/5558/5556 5562/5562/5560 5559/5559/5557
f 5563/5563/5561 5571/5571/5569 5562/5562/5560
f 5562/5562/5560 5571/5571/5569 5564/5564/5562
f 5561/5561/5559 5566/5566/5564 5565/5565/5563
f 5566/5566/5564 5716/5716/5714 5567/5567/5565
f 5568/5568/5566 5569/5569/5567 5565/5565/5563
f 5569/5569/5567 5570/5570/5568 5563/5563/5561
f 5570/5570/5568 5572/5572/5570 5571/5571/5569
f 5572/5572/5570 5827/5827/5825 5564/5564/5562
f 5573/5573/5571 7036/7036/7033 5574/5574/5572
f 5576/5576/5574 5721/5721/5719 5573/5573/5571
f 5577/5577/5575 5575/5575/5573 5574/5574/5572
f 5576/5576/5574 5575/5575/5573 5577/5577/5575
f 5580/5580/5578 5587/5587/5585 5581/5581/5579
f 5583/5583/5581 5618/5618/5616 5582/5582/5580
f 5585/5585/5583 5613/5613/5611 5581/5581/5579
f 5579/5579/5577 5620/5620/5618 5588/5588/5586
f 5589/5589/5587 5593/5593/5591 5590/5590/5588
f 5592/5592/5590 5595/5595/5593 5590/5590/5588
f 5594/5594/5592 7037/7037/7034 5595/5595/5593
f 5596/5596/5594 5605/5605/5603 5597/5597/5595
f 5597/5597/5595 5605/5605/5603 5599/5599/5597
f 5601/5601/5599 5619/5619/5617 5602/5602/5600
f 5603/5603/5601 5583/5583/5581 5584/5584/5582
f 5605/5605/5603 5607/5607/5605 5606/5606/5604
f 5608/5608/5606 5613/5613/5611 5585/5585/5583
f 5610/5610/5608 5614/5614/5612 5599/5599/5597
f 5604/5604/5602 5584/5584/5582 5613/5613/5611
f 5614/5614/5612 5601/5601/5599 5600/5600/5598
f 5615/5615/5613 5597/5597/5595 5600/5600/5598
f 5598/5598/5596 5597/5597/5595 5615/5615/5613
f 5584/5584/5582 5582/5582/5580 5581/5581/5579
f 5617/5617/5615 5580/5580/5578 5582/5582/5580
f 5619/5619/5617 5594/5594/5592 5592/5592/5590
f 5602/5602/5600 5592/5592/5590 5593/5593/5591
f 5616/5616/5614 5615/5615/5613 5593/5593/5591
f 5583/5583/5581 5603/5603/5601 5620/5620/5618
f 5579/5579/5577 5577/5577/5575 5618/5618/5616
f 5618/5618/5616 5577/5577/5575 5578/5578/5576
f 5621/5621/5619 5824/5824/5822 5622/5622/5620
f 5560/5560/5558 5559/5559/5557 5621/5621/5619
f 5624/5624/5622 5674/5674/5672 5625/5625/5623
f 5627/5627/5625 7038/7038/7035 5624/5624/5622
f 5628/5628/5626 5626/5626/5624 5625/5625/5623
f 5627/5627/5625 5626/5626/5624 5628/5628/5626
f 5631/5631/5629 5637/5637/5635 5632/5632/5630
f 5634/5634/5632 5669/5669/5667 5635/5635/5633
f 5641/5641/5639 5672/5672/5670 5642/5642/5640
f 5642/5642/5640 5647/5647/5645 5644/5644/5642
f 5629/5629/5627 5625/5625/5623 5645/5645/5643
f 5647/5647/5645 5680/5680/5678 5648/5648/5646
f 5649/5649/5647 5653/5653/5651 5650/5650/5648
f 5652/5652/5650 5670/5670/5668 5653/5653/5651
f 5635/5635/5633 5669/5669/5667 5654/5654/5652
f 5650/5650/5648 5668/5668/5666 5656/5656/5654
f 5657/5657/5655 5661/5661/5659 5658/5658/5656
f 5660/5660/5658 5666/5666/5664 5662/5662/5660
f 5639/5639/5637 5638/5638/5636 5663/5663/5661
f 5651/5651/5649 5656/5656/5654 5666/5666/5664
f 5638/5638/5636 5635/5635/5633 5655/5655/5653
f 5659/5659/5657 5652/5652/5650 5649/5649/5647
f 5657/5657/5655 5649/5649/5647 5651/5651/5649
f 5633/5633/5631 5635/5635/5633 5638/5638/5636
f 5633/5633/5631 5632/5632/5630 5667/5667/5665
f 5644/5644/5642 5648/5648/5646 5668/5668/5666
f 5669/5669/5667 5629/5629/5627 5646/5646/5644
f 5643/5643/5641 5644/5644/5642 5650/5650/5648
f 5641/5641/5639 5643/5643/5641 5653/5653/5651
f 5667/5667/5665 5630/5630/5628 5628/5628/5626
f 5628/5628/5626 5629/5629/5627 5669/5669/5667
f 5642/5642/5640 5673/5673/5671 5671/5671/5669
f 5672/5672/5670 5678/5678/5676 5673/5673/5671
f 5674/5674/5672 5676/5676/5674 5645/5645/5643
f 5675/5675/5673 7039/7039/7036 5676/5676/5674
f 5677/5677/5675 7040/7040/7037 5673/5673/5671
f 5673/5673/5671 7040/7040/7037 5679/5679/5677
f 5671/5671/5669 7041/7041/7038 5680/5680/5678
f 5681/5681/5679 5685/5685/5683 5682/5682/5680
f 5681/5681/5679 5700/5700/5698 5684/5684/5682
f 5686/5686/5684 5692/5692/5690 5687/5687/5685
f 5689/5689/5687 5688/5688/5686 5687/5687/5685
f 5691/5691/5689 7042/7042/7039 5692/5692/5690
f 5693/5693/5691 5708/5708/5706 5694/5694/5692
f 5544/5544/5542 5704/5704/5702 5696/5696/5694
f 5698/5698/5696 5549/5549/5547 5548/5548/5546
f 5699/5699/5697 5714/5714/5712 5684/5684/5682
f 5701/5701/5699 5548/5548/5546 5702/5702/5700
f 5706/5706/5704 5549/5549/5547 5698/5698/5696
f 5698/5698/5696 5694/5694/5692 5708/5708/5706
f 5707/5707/5705 5698/5698/5696 5709/5709/5707
f 5697/5697/5695 5696/5696/5694 5686/5686/5684
f 5701/5701/5699 5695/5695/5693 5694/5694/5692
f 5705/5705/5703 5691/5691/5689 5686/5686/5684
f 5697/5697/5695 5688/5688/5686 5689/5689/5687
f 5713/5713/5711 7043/7043/7040 5714/5714/5712
f 5715/5715/5713 5567/5567/5565 5716/5716/5714
f 5595/5595/5593 5723/5723/5721 5718/5718/5716
f 5590/5590/5588 5718/5718/5716 5719/5719/5717
f 5576/5576/5574 5588/5588/5586 5720/5720/5718
f 5595/5595/5593 7037/7037/7034 5722/5722/5720
f 5724/5724/5722 5731/5731/5729 5725/5725/5723
f 5727/5727/5725 5690/5690/5688 5687/5687/5685
f 5550/5550/5548 5708/5708/5706 5693/5693/5691
f 5692/5692/5690 7042/7042/7039 5729/5729/5727
f 5730/5730/5728 5732/5732/5730 5731/5731/5729
f 5557/5557/5555 5556/5556/5554 5734/5734/5732
f 5724/5724/5722 5739/5739/5737 5736/5736/5734
f 5726/5726/5724 5729/5729/5727 5739/5739/5737
f 5556/5556/5554 5550/5550/5548 5728/5728/5726
f 5733/5733/5731 5727/5727/5725 5725/5725/5723
f 5692/5692/5690 5726/5726/5724 5725/5725/5723
f 5552/5552/5550 5554/5554/5552 5710/5710/5708
f 5708/5708/5706 5550/5550/5548 5552/5552/5550
f 5711/5711/5709 5547/5547/5545 5549/5549/5547
f 5742/5742/5740 5758/5758/5756 5743/5743/5741
f 5745/5745/5743 5758/5758/5756 5742/5742/5740
f 5747/5747/5745 5761/5761/5759 5748/5748/5746
f 5748/5748/5746 5751/5751/5749 5750/5750/5748
f 5751/5751/5749 5756/5756/5754 5752/5752/5750
f 5744/5744/5742 5743/5743/5741 5753/5753/5751
f 5755/5755/5753 7044/7044/7041 5756/5756/5754
f 5745/5745/5743 7045/7045/7042 5757/5757/5755
f 5758/5758/5756 5757/5757/5755 5759/5759/5757
f 5759/5759/5757 7046/7046/7043 5753/5753/5751
f 5760/5760/5758 7047/7047/7044 5748/5748/5746
f 5748/5748/5746 7047/7047/7044 5762/5762/5760
f 5763/5763/5761 5794/5794/5792 5764/5764/5762
f 5766/5766/5764 5796/5796/5794 5763/5763/5761
f 5767/5767/5765 5771/5771/5769 5768/5768/5766
f 5770/5770/5768 5773/5773/5771 5771/5771/5769
f 5772/5772/5770 5795/5795/5793 5773/5773/5771
f 5764/5764/5762 5794/5794/5792 5774/5774/5772
f 5776/5776/5774 5790/5790/5788 5777/5777/5775
f 5778/5778/5776 5777/5777/5775 5779/5779/5777
f 5767/5767/5765 5769/5769/5767 5781/5781/5779
f 5783/5783/5781 5770/5770/5768 5767/5767/5765
f 5784/5784/5782 5772/5772/5770 5770/5770/5768
f 5776/5776/5774 5764/5764/5762 5775/5775/5773
f 5794/5794/5792 5744/5744/5742 5754/5754/5752
f 5771/5771/5769 5750/5750/5748 5752/5752/5750
f 5773/5773/5771 5749/5749/5747 5750/5750/5748
f 5747/5747/5745 5749/5749/5747 5773/5773/5771
f 5746/5746/5744 5742/5742/5740 5763/5763/5761
f 5763/5763/5761 5742/5742/5740 5744/5744/5742
f 5790/5790/5788 5776/5776/5774 5785/5785/5783
f 5788/5788/5786 5784/5784/5782 5783/5783/5781
f 5786/5786/5784 5783/5783/5781 5782/5782/5780
f 5782/5782/5780 5781/5781/5779 5792/5792/5790
f 5765/5765/5763 5778/5778/5776 5780/5780/5778
f 5764/5764/5762 5776/5776/5774 5778/5778/5776
f 5797/5797/5795 5801/5801/5799 5798/5798/5796
f 5797/5797/5795 5803/5803/5801 5800/5800/5798
f 5802/5802/5800 5805/5805/5803 5800/5800/5798
f 5804/5804/5802 5880/5880/5878 5805/5805/5803
f 5806/5806/5804 5820/5820/5818 5807/5807/5805
f 5809/5809/5807 5812/5812/5810 5810/5810/5808
f 5812/5812/5810 5809/5809/5807 5813/5813/5811
f 5814/5814/5812 5813/5813/5811 5808/5808/5806
f 5815/5815/5813 5810/5810/5808 5812/5812/5810
f 5816/5816/5814 5812/5812/5810 5814/5814/5812
f 5817/5817/5815 5814/5814/5812 5807/5807/5805
f 5819/5819/5817 5818/5818/5816 5807/5807/5805
f 5822/5822/5820 5817/5817/5815 5818/5818/5816
f 5823/5823/5821 5818/5818/5816 5819/5819/5817
f 5825/5825/5823 5823/5823/5821 5824/5824/5822
f 5564/5564/5562 5825/5825/5823 5621/5621/5619
f 5826/5826/5824 5822/5822/5820 5823/5823/5821
f 5827/5827/5825 5826/5826/5824 5825/5825/5823
f 5567/5567/5565 5715/5715/5713 5828/5828/5826
f 5699/5699/5697 5832/5832/5830 5829/5829/5827
f 5683/5683/5681 5841/5841/5839 5830/5830/5828
f 5831/5831/5829 5700/5700/5698 5681/5681/5679
f 5832/5832/5830 5699/5699/5697 5700/5700/5698
f 5798/5798/5796 5801/5801/5799 5833/5833/5831
f 5834/5834/5832 5833/5833/5831 5835/5835/5833
f 5835/5835/5833 5838/5838/5836 5837/5837/5835
f 5838/5838/5836 5841/5841/5839 5683/5683/5681
f 5833/5833/5831 5800/5800/5798 5839/5839/5837
f 5835/5835/5833 5839/5839/5837 5840/5840/5838
f 5841/5841/5839 5840/5840/5838 5842/5842/5840
f 5831/5831/5829 5842/5842/5840 5843/5843/5841
f 5844/5844/5842 5845/5845/5843 5568/5568/5566
f 5843/5843/5841 5853/5853/5851 5829/5829/5827
f 5845/5845/5843 5846/5846/5844 5569/5569/5567
f 5846/5846/5844 5847/5847/5845 5570/5570/5568
f 5847/5847/5845 5848/5848/5846 5827/5827/5825
f 5848/5848/5846 5816/5816/5814 5822/5822/5820
f 5805/5805/5803 5850/5850/5848 5839/5839/5837
f 5840/5840/5838 5850/5850/5848 5849/5849/5847
f 5842/5842/5840 5849/5849/5847 5851/5851/5849
f 5843/5843/5841 5851/5851/5849 5852/5852/5850
f 5854/5854/5852 5858/5858/5856 5845/5845/5843
f 5845/5845/5843 5858/5858/5856 5855/5855/5853
f 5846/5846/5844 5855/5855/5853 5856/5856/5854
f 5856/5856/5854 5857/5857/5855 5848/5848/5846
f 5857/5857/5855 5821/5821/5819 5816/5816/5814
f 5858/5858/5856 7048/7048/7045 5859/5859/5857
f 5860/5860/5858 5876/5876/5874 5861/5861/5859
f 5863/5863/5861 5864/5864/5862 5857/5857/5855
f 5863/5863/5861 5856/5856/5854 5855/5855/5853
f 5868/5868/5866 5866/5866/5864 5865/5865/5863
f 5870/5870/5868 5872/5872/5870 5868/5868/5866
f 5873/5873/5871 5872/5872/5870 5871/5871/5869
f 5875/5875/5873 5878/5878/5876 5876/5876/5874
f 5877/5877/5875 5884/5884/5882 5878/5878/5876
f 5850/5850/5848 5881/5881/5879 5879/5879/5877
f 5850/5850/5848 5805/5805/5803 5880/5880/5878
f 5867/5867/5865 5866/5866/5864 5882/5882/5880
f 5882/5882/5880 5878/5878/5876 5884/5884/5882
f 5885/5885/5883 5878/5878/5876 5882/5882/5880
f 5873/5873/5871 5861/5861/5859 5876/5876/5874
f 5886/5886/5884 5897/5897/5895 5887/5887/5885
f 5889/5889/5887 5892/5892/5890 5890/5890/5888
f 5892/5892/5890 5894/5894/5892 5893/5893/5891
f 5896/5896/5894 5899/5899/5897 5897/5897/5895
f 5898/5898/5896 5901/5901/5899 5899/5899/5897
f 5902/5902/5900 5911/5911/5909 5894/5894/5892
f 5892/5892/5890 5889/5889/5887 5903/5903/5901
f 5887/5887/5885 5897/5897/5895 5904/5904/5902
f 5897/5897/5895 5899/5899/5897 5906/5906/5904
f 5907/5907/5905 5906/5906/5904 5899/5899/5897
f 5908/5908/5906 5907/5907/5905 5901/5901/5899
f 5909/5909/5907 5908/5908/5906 5900/5900/5898
f 5911/5911/5909 7049/7049/7046 5895/5895/5893
f 5904/5904/5902 5906/5906/5904 5912/5912/5910
f 5914/5914/5912 5905/5905/5903 5904/5904/5902
f 5915/5915/5913 5902/5902/5900 5903/5903/5901
f 5917/5917/5915 5911/5911/5909 5902/5902/5900
f 5918/5918/5916 7049/7049/7046 5911/5911/5909
f 5919/5919/5917 5907/5907/5905 5908/5908/5906
f 5908/5908/5906 5909/5909/5907 5921/5921/5919
f 5912/5912/5910 5906/5906/5904 5907/5907/5905
f 5922/5922/5920 5932/5932/5930 5923/5923/5921
f 5913/5913/5911 5912/5912/5910 5924/5924/5922
f 5925/5925/5923 5939/5939/5937 5914/5914/5912
f 5926/5926/5924 5928/5928/5926 5915/5915/5913
f 5927/5927/5925 5917/5917/5915 5915/5915/5913
f 5929/5929/5927 5918/5918/5916 5917/5917/5915
f 5930/5930/5928 5920/5920/5918 5921/5921/5919
f 5922/5922/5920 5919/5919/5917 5920/5920/5918
f 5932/5932/5930 5922/5922/5920 5930/5930/5928
f 5933/5933/5931 5930/5930/5928 5931/5931/5929
f 5935/5935/5933 5946/5946/5943 5929/5929/5927
f 5935/5935/5933 5927/5927/5925 5928/5928/5926
f 5937/5937/5935 5936/5936/5934 5928/5928/5926
f 5938/5938/5936 5950/5950/5947 5939/5939/5937
f 5925/5925/5923 5924/5924/5922 5923/5923/5921
f 5919/5919/5917 5922/5922/5920 5924/5924/5922
f 5933/5933/5931 5948/5948/5945 5940/5940/5938
f 5941/5941/5939 7050/7050/7047 5942/5942/5939
f 5946/5946/5943 5935/5935/5933 5945/5945/5942
f 5940/5940/5938 5949/5949/5946 5938/5938/5936
f 5954/5954/5951 5989/5989/5986 5955/5955/5952
f 5957/5957/5954 6126/6126/6123 5954/5954/5951
f 5958/5958/5955 5961/5961/5958 5959/5959/5956
f 5961/5961/5958 5971/5971/5968 5962/5962/5959
f 5965/5965/5962 6010/6010/6007 5966/5966/5963
f 5968/5968/5965 5972/5972/5969 5969/5969/5966
f 5968/5968/5965 5962/5962/5959 5971/5971/5968
f 5973/5973/5970 5979/5979/5976 5974/5974/5971
f 5976/5976/5973 5973/5973/5970 5977/5977/5974
f 5976/5976/5973 6132/6132/6129 5979/5979/5976
f 5980/5980/5977 5986/5986/5983 5981/5981/5978
f 5980/5980/5977 5982/5982/5979 5983/5983/5980
f 5980/5980/5977 5984/5984/5981 5985/5985/5982
f 5987/5987/5984 5990/5990/5987 5988/5988/5985
f 5990/5990/5987 7051/7051/7048 5991/5991/5988
f 5992/5992/5989 6077/6077/6074 5997/5997/5994
f 5998/5998/5995 6049/6049/6046 5999/5999/5996
f 6000/6000/5997 5999/5999/5996 6004/6004/6001
f 6006/6006/6003 6034/6034/6031 6007/6007/6004
f 6010/6010/6007 5965/5965/5962 6011/6011/6008
f 6014/6014/6011 6017/6017/6014 5961/5961/5958
f 6018/6018/6015 6141/6141/6138 6019/6019/6016
f 6021/6021/6018 6027/6027/6024 6022/6022/6019
f 6021/6021/6018 6023/6023/6020 6024/6024/6021
f 6021/6021/6018 6025/6025/6022 6026/6026/6023
f 6031/6031/6028 6070/6070/6067 6032/6032/6029
f 6033/6033/6030 6007/6007/6004 6034/6034/6031
f 6028/6028/6025 6037/6037/6034 6035/6035/6032
f 6037/6037/6034 6028/6028/6025 6030/6030/6027
f 6038/6038/6035 6042/6042/6039 6039/6039/6036
f 6041/6041/6038 5997/5997/5994 6040/6040/6037
f 6042/6042/6039 6121/6121/6118 6043/6043/6040
f 6039/6039/6036 6043/6043/6040 6044/6044/6041
f 6045/6045/6042 6131/6131/6128 6041/6041/6038
f 6046/6046/6043 6120/6120/6117 6047/6047/6044
f 6048/6048/6045 5999/5999/5996 6049/6049/6046
f 6048/6048/6045 6047/6047/6044 6050/6050/6047
f 6051/6051/6048 6004/6004/6001 5999/5999/5996
f 6051/6051/6048 6050/6050/6047 6052/6052/6049
f 6053/6053/6050 6009/6009/6006 6004/6004/6001
f 6053/6053/6050 6052/6052/6049 6054/6054/6051
f 6055/6055/6052 6057/6057/6054 6009/6009/6006
f 6056/6056/6053 6005/6005/6002 6009/6009/6006
f 6059/6059/6056 6144/6144/6141 6034/6034/6031
f 6062/6062/6059 6065/6065/6062 6064/6064/6061
f 6065/6065/6062 6101/6101/6098 6066/6066/6063
f 6066/6066/6063 6102/6102/6099 6067/6067/6064
f 6064/6064/6061 6067/6067/6064 6068/6068/6065
f 6067/6067/6064 6072/6072/6069 6069/6069/6066
f 6070/6070/6067 6074/6074/6071 6071/6071/6068
f 5951/5951/5948 5953/5953/5950 6032/6032/6029
f 6072/6072/6069 6076/6076/6073 6073/6073/6070
f 6074/6074/6071 7051/7051/7048 5990/5990/5987
f 6035/6035/6032 6037/6037/6034 6075/6075/6072
f 6037/6037/6034 6038/6038/6035 6040/6040/6037
f 6075/6075/6072 6077/6077/6074 6073/6073/6070
f 6075/6075/6072 6040/6040/6037 5997/5997/5994
f 6078/6078/6075 6105/6105/6102 6036/6036/6033
f 6036/6036/6033 6105/6105/6102 6016/6016/6013
f 6082/6082/6079 6083/6083/6080 6029/6029/6026
f 6083/6083/6080 6082/6082/6079 6084/6084/6081
f 6085/6085/6082 6087/6087/6084 6086/6086/6083
f 6086/6086/6083 6088/6088/6085 6030/6030/6027
f 6087/6087/6084 6122/6122/6119 6088/6088/6085
f 6090/6090/6087 6089/6089/6086 6091/6091/6088
f 6092/6092/6089 6095/6095/6092 6093/6093/6090
f 6094/6094/6091 6096/6096/6093 6095/6095/6092
f 6096/6096/6093 6050/6050/6047 6047/6047/6044
f 6096/6096/6093 6094/6094/6091 6097/6097/6094
f 6098/6098/6095 6052/6052/6049 6050/6050/6047
f 6098/6098/6095 6097/6097/6094 6099/6099/6096
f 6100/6100/6097 6054/6054/6051 6052/6052/6049
f 6101/6101/6098 6113/6113/6110 6020/6020/6017
f 6066/6066/6063 6020/6020/6017 6019/6019/6016
f 6102/6102/6099 6019/6019/6016 6103/6103/6100
f 6104/6104/6101 6072/6072/6069 6067/6067/6064
f 6104/6104/6101 6103/6103/6100 6105/6105/6102
f 6105/6105/6102 6103/6103/6100 6014/6014/6011
f 6106/6106/6103 5967/5967/5964 6107/6107/6104
f 6110/6110/6107 6109/6109/6106 6018/6018/6015
f 6111/6111/6108 6018/6018/6015 6020/6020/6017
f 6114/6114/6111 6011/6011/6008 5965/5965/5962
f 6114/6114/6111 6091/6091/6088 6022/6022/6019
f 6011/6011/6008 6022/6022/6019 6027/6027/6024
f 6027/6027/6024 6118/6118/6115 6115/6115/6112
f 6116/6116/6113 6117/6117/6114 5963/5963/5960
f 6116/6116/6113 6119/6119/6116 6081/6081/6078
f 6117/6117/6114 6081/6081/6078 6080/6080/6077
f 6015/6015/6012 6080/6080/6077 6079/6079/6076
f 6119/6119/6116 6084/6084/6081 6082/6082/6079
f 6094/6094/6091 6092/6092/6089 6091/6091/6088
f 6094/6094/6091 6114/6114/6111 6106/6106/6103
f 6106/6106/6103 6108/6108/6105 6099/6099/6096
f 6093/6093/6090 6095/6095/6092 6047/6047/6044
f 6121/6121/6118 6042/6042/6039 6088/6088/6085
f 6042/6042/6039 6038/6038/6035 6030/6030/6027
f 6078/6078/6075 6035/6035/6032 6076/6076/6073
f 5952/5952/5949 6033/6033/6030 6032/6032/6029
f 6123/6123/6120 6134/6134/6131 6124/6124/6121
f 5952/5952/5949 6126/6126/6123 6007/6007/6004
f 6126/6126/6123 5957/5957/5954 6008/6008/6005
f 6127/6127/6124 7052/7052/7049 6128/6128/6125
f 6128/6128/6125 6131/6131/6128 6045/6045/6042
f 6128/6128/6125 7052/7052/7049 6130/6130/6127
f 5994/5994/5991 5993/5993/5990 6131/6131/6128
f 5997/5997/5994 6041/6041/6038 6131/6131/6128
f 6003/6003/6000 6002/6002/5999 6134/6134/6131
f 6015/6015/6012 6014/6014/6011 5958/5958/5955
f 6125/6125/6122 6124/6124/6121 5982/5982/5979
f 5957/5957/5954 5956/5956/5953 5977/5977/5974
f 6001/6001/5998 5984/5984/5981 5983/5983/5980
f 5996/5996/5993 5976/5976/5973 5978/5978/5975
f 5989/5989/5986 5988/5988/5985 5978/5978/5975
f 5977/5977/5974 5956/5956/5953 5955/5955/5952
f 5952/5952/5949 5951/5951/5948 5954/5954/5951
f 5954/5954/5951 5951/5951/5948 5987/5987/5984
f 5968/5968/5965 5970/5970/5967 6137/6137/6134
f 5966/5966/5963 6140/6140/6137 6138/6138/6135
f 6141/6141/6138 6142/6142/6139 6103/6103/6100
f 6141/6141/6138 6109/6109/6106 6017/6017/6014
f 6109/6109/6106 5972/5972/5969 5971/5971/5968
f 6148/6148/6145 6180/6180/6177 6149/6149/6146
f 6149/6149/6146 6320/6320/6317 6151/6151/6148
f 6152/6152/6149 6156/6156/6153 6153/6153/6150
f 6155/6155/6152 6165/6165/6162 6156/6156/6153
f 6159/6159/6156 6205/6205/6202 6160/6160/6157
f 6162/6162/6159 7053/7053/7050 6163/6163/6160
f 6162/6162/6159 6164/6164/6161 6165/6165/6162
f 6166/6166/6163 6201/6201/6198 6167/6167/6164
f 6169/6169/6166 6331/6331/6328 6170/6170/6167
f 6168/6168/6165 6327/6327/6324 6169/6169/6166
f 6171/6171/6168 6175/6175/6172 6172/6172/6169
f 6171/6171/6168 6177/6177/6174 6174/6174/6171
f 6171/6171/6168 6173/6173/6170 6176/6176/6173
f 6178/6178/6175 6181/6181/6178 6179/6179/6176
f 6181/6181/6178 6178/6178/6175 6182/6182/6179
f 6184/6184/6181 6186/6186/6183 6189/6189/6186
f 6191/6191/6188 6243/6243/6240 6192/6192/6189
f 6193/6193/6190 6203/6203/6200 6197/6197/6194
f 6198/6198/6195 6202/6202/6199 6199/6199/6196
f 6205/6205/6202 6208/6208/6205 6206/6206/6203
f 6156/6156/6153 6212/6212/6209 6209/6209/6206
f 6213/6213/6210 6298/6298/6295 6214/6214/6211
f 6216/6216/6213 6220/6220/6217 6217/6217/6214
f 6216/6216/6213 6222/6222/6219 6219/6219/6216
f 6216/6216/6213 6218/6218/6215 6221/6221/6218
f 6226/6226/6223 6229/6229/6226 6227/6227/6224
f 6200/6200/6197 6199/6199/6196 6229/6229/6226
f 6223/6223/6220 6272/6272/6269 6230/6230/6227
f 6231/6231/6228 6232/6232/6229 6224/6224/6221
f 6232/6232/6229 6235/6235/6232 6233/6233/6230
f 6235/6235/6232 6189/6189/6186 6236/6236/6233
f 6237/6237/6234 6316/6316/6313 6234/6234/6231
f 6233/6233/6230 6236/6236/6233 6238/6238/6235
f 6236/6236/6233 6326/6326/6323 6239/6239/6236
f 6240/6240/6237 6244/6244/6241 6241/6241/6238
f 6243/6243/6240 6191/6191/6188 6244/6244/6241
f 6244/6244/6241 6246/6246/6243 6245/6245/6242
f 6191/6191/6188 6197/6197/6194 6246/6246/6243
f 6246/6246/6243 6248/6248/6245 6247/6247/6244
f 6197/6197/6194 6204/6204/6201 6248/6248/6245
f 6248/6248/6245 6250/6250/6247 6249/6249/6246
f 6204/6204/6201 6252/6252/6249 6250/6250/6247
f 6204/6204/6201 6203/6203/6200 6251/6251/6248
f 6254/6254/6251 6198/6198/6195 6200/6200/6197
f 6259/6259/6256 6258/6258/6255 6260/6260/6257
f 6262/6262/6259 6297/6297/6294 6261/6261/6258
f 6263/6263/6260 6300/6300/6297 6262/6262/6259
f 6260/6260/6257 6258/6258/6255 6264/6264/6261
f 6265/6265/6262 6269/6269/6266 6263/6263/6260
f 6228/6228/6225 6227/6227/6224 6266/6266/6263
f 6227/6227/6224 6146/6146/6143 6145/6145/6142
f 6268/6268/6265 6271/6271/6268 6269/6269/6266
f 6267/6267/6264 6266/6266/6263 6181/6181/6178
f 6230/6230/6227 6271/6271/6268 6270/6270/6267
f 6235/6235/6232 6232/6232/6229 6231/6231/6228
f 6268/6268/6265 6190/6190/6187 6270/6270/6267
f 6270/6270/6267 6190/6190/6187 6189/6189/6186
f 6272/6272/6269 6274/6274/6271 6273/6273/6270
f 6272/6272/6269 6275/6275/6272 6210/6210/6207
f 6225/6225/6222 6279/6279/6276 6277/6277/6274
f 6279/6279/6276 6282/6282/6279 6280/6280/6277
f 6281/6281/6278 6284/6284/6281 6282/6282/6279
f 6281/6281/6278 6225/6225/6222 6224/6224/6221
f 6283/6283/6280 7054/7054/7051 6284/6284/6281
f 6286/6286/6283 6288/6288/6285 6287/6287/6284
f 6288/6288/6285 6286/6286/6283 6289/6289/6286
f 6290/6290/6287 6292/6292/6289 6291/6291/6288
f 6292/6292/6289 6290/6290/6287 6241/6241/6238
f 6292/6292/6289 6294/6294/6291 6293/6293/6290
f 6245/6245/6242 6247/6247/6244 6294/6294/6291
f 6294/6294/6291 6296/6296/6293 6295/6295/6292
f 6247/6247/6244 6249/6249/6246 6296/6296/6293
f 6297/6297/6294 6262/6262/6259 6298/6298/6295
f 6262/6262/6259 6300/6300/6297 6214/6214/6211
f 6300/6300/6297 6302/6302/6299 6301/6301/6298
f 6302/6302/6299 6300/6300/6297 6263/6263/6260
f 6274/6274/6271 6301/6301/6298 6302/6302/6299
f 6274/6274/6271 6210/6210/6207 6209/6209/6206
f 6303/6303/6300 6315/6315/6312 6304/6304/6301
f 6306/6306/6303 6308/6308/6305 6213/6213/6210
f 6298/6298/6295 6213/6213/6210 6308/6308/6305
f 6160/6160/6157 6206/6206/6203 6309/6309/6306
f 6217/6217/6214 6287/6287/6284 6309/6309/6306
f 6206/6206/6203 6208/6208/6205 6218/6218/6215
f 6310/6310/6307 6314/6314/6311 6218/6218/6215
f 6311/6311/6308 6158/6158/6155 6157/6157/6154
f 6311/6311/6308 6312/6312/6309 6278/6278/6275
f 6312/6312/6309 6211/6211/6208 6276/6276/6273
f 6211/6211/6208 6210/6210/6207 6275/6275/6272
f 6313/6313/6310 6278/6278/6275 6277/6277/6274
f 6287/6287/6284 6288/6288/6285 6291/6291/6288
f 6291/6291/6288 6293/6293/6290 6303/6303/6300
f 6303/6303/6300 6293/6293/6290 6295/6295/6292
f 6289/6289/6286 6242/6242/6239 6241/6241/6238
f 6316/6316/6313 7054/7054/7051 6283/6283/6280
f 6224/6224/6221 6232/6232/6229 6234/6234/6231
f 6273/6273/6270 6269/6269/6266 6271/6271/6268
f 6227/6227/6224 6229/6229/6226 6147/6147/6144
f 6317/6317/6314 6329/6329/6326 6318/6318/6315
f 6147/6147/6144 6229/6229/6226 6199/6199/6196
f 6320/6320/6317 6199/6199/6196 6202/6202/6199
f 6321/6321/6318 6325/6325/6322 6322/6322/6319
f 6239/6239/6236 6326/6326/6323 6321/6321/6318
f 6321/6321/6318 6185/6185/6182 6324/6324/6321
f 6326/6326/6323 6186/6186/6183 6185/6185/6182
f 6326/6326/6323 6236/6236/6233 6189/6189/6186
f 6319/6319/6316 6196/6196/6193 6195/6195/6192
f 6211/6211/6208 6157/6157/6154 6153/6153/6150
f 6329/6329/6326 6172/6172/6169 6175/6175/6172
f 6170/6170/6167 6150/6150/6147 6151/6151/6148
f 6194/6194/6191 6196/6196/6193 6174/6174/6171
f 6188/6188/6185 6178/6178/6175 6331/6331/6328
f 6180/6180/6177 6148/6148/6145 6331/6331/6328
f 6148/6148/6145 6150/6150/6147 6170/6170/6167
f 6149/6149/6146 6145/6145/6142 6147/6147/6144
f 6179/6179/6176 6145/6145/6142 6149/6149/6146
f 6333/6333/6330 7053/7053/7050 6162/6162/6159
f 6334/6334/6331 6335/6335/6332 6159/6159/6156
f 6301/6301/6298 6337/6337/6334 6215/6215/6212
f 6215/6215/6212 6337/6337/6334 6212/6212/6209
f 6305/6305/6302 6212/6212/6209 6165/6165/6162
f 6343/6343/6340 6572/6572/6569 6344/6344/6341
f 6344/6344/6341 6572/6572/6569 6346/6346/6343
f 6348/6348/6345 6345/6345/6342 6344/6344/6341
f 6349/6349/6346 6354/6354/6351 6350/6350/6347
f 6352/6352/6349 7055/7055/7052 6349/6349/6346
f 6349/6349/6346 7055/7055/7052 6353/6353/6350
f 6355/6355/6352 6516/6516/6513 6356/6356/6353
f 6356/6356/6353 6516/6516/6513 6358/6358/6355
f 6360/6360/6357 6357/6357/6354 6356/6356/6353
f 6361/6361/6358 6365/6365/6362 6362/6362/6359
f 6361/6361/6358 6385/6385/6382 6364/6364/6361
f 6366/6366/6363 6369/6369/6366 6367/6367/6364
f 6369/6369/6366 6366/6366/6363 6373/6373/6370
f 6374/6374/6371 6477/6477/6474 6375/6375/6372
f 6377/6377/6374 6512/6512/6509 6378/6378/6375
f 6374/6374/6371 6376/6376/6373 6380/6380/6377
f 6382/6382/6379 6514/6514/6511 6383/6383/6380
f 6385/6385/6382 6382/6382/6379 6384/6384/6381
f 6386/6386/6383 6580/6580/6577 6364/6364/6361
f 6387/6387/6384 6473/6473/6470 6388/6388/6385
f 6390/6390/6387 7056/7056/7053 6387/6387/6384
f 6346/6346/6343 6572/6572/6569 6391/6391/6388
f 6393/6393/6390 6494/6494/6491 6346/6346/6343
f 6394/6394/6391 6569/6569/6566 6395/6395/6392
f 6397/6397/6394 6488/6488/6485 6398/6398/6395
f 6399/6399/6396 6405/6405/6402 6400/6400/6397
f 6399/6399/6396 6401/6401/6398 6402/6402/6399
f 6399/6399/6396 6403/6403/6400 6404/6404/6401
f 6404/6404/6401 6403/6403/6400 6406/6406/6403
f 6407/6407/6404 6476/6476/6473 6408/6408/6405
f 6409/6409/6406 6412/6412/6409 6410/6410/6407
f 6414/6414/6411 6472/6472/6469 6415/6415/6412
f 6414/6414/6411 6416/6416/6413 6417/6417/6414
f 6418/6418/6415 6468/6468/6465 6419/6419/6416
f 6420/6420/6417 6422/6422/6419 6421/6421/6418
f 6421/6421/6418 6423/6423/6420 6424/6424/6421
f 6421/6421/6418 6425/6425/6422 6372/6372/6369
f 6425/6425/6422 6424/6424/6421 6426/6426/6423
f 6427/6427/6424 6428/6428/6425 6372/6372/6369
f 6370/6370/6367 6369/6369/6366 6372/6372/6369
f 6428/6428/6425 7057/7057/7054 6429/6429/6426
f 6370/6370/6367 6429/6429/6426 6430/6430/6427
f 6430/6430/6427 6439/6439/6436 6431/6431/6428
f 6432/6432/6429 6339/6339/6336 6433/6433/6430
f 6436/6436/6433 6458/6458/6455 6437/6437/6434
f 6438/6438/6435 6437/6437/6434 6431/6431/6428
f 6440/6440/6437 6435/6435/6432 6433/6433/6430
f 6443/6443/6440 6449/6449/6446 6442/6442/6439
f 6444/6444/6441 6446/6446/6443 6447/6447/6444
f 6450/6450/6447 6566/6566/6563 6451/6451/6448
f 6451/6451/6448 6454/6454/6451 6453/6453/6450
f 6456/6456/6453 6458/6458/6455 6436/6436/6433
f 6458/6458/6455 6456/6456/6453 6459/6459/6456
f 6437/6437/6434 6460/6460/6457 6461/6461/6458
f 6431/6431/6428 6461/6461/6458 6368/6368/6365
f 6462/6462/6459 6524/6524/6521 6463/6463/6460
f 6464/6464/6461 6463/6463/6460 6465/6465/6462
f 6467/6467/6464 6469/6469/6466 6466/6466/6463
f 6467/6467/6464 6419/6419/6416 6468/6468/6465
f 6470/6470/6467 6471/6471/6468 6419/6419/6416
f 6471/6471/6468 6472/6472/6469 6414/6414/6411
f 6472/6472/6469 6471/6471/6468 6473/6473/6470
f 6387/6387/6384 7056/7056/7053 6415/6415/6412
f 6474/6474/6471 6475/6475/6472 6411/6411/6408
f 6475/6475/6472 6474/6474/6471 6376/6376/6373
f 6475/6475/6472 6408/6408/6405 6476/6476/6473
f 6478/6478/6475 6483/6483/6480 6405/6405/6402
f 6405/6405/6402 6404/6404/6401 6408/6408/6405
f 6479/6479/6476 7058/7058/7055 6480/6480/6477
f 6481/6481/6478 6484/6484/6481 6482/6482/6479
f 6484/6484/6481 6481/6481/6478 6485/6485/6482
f 6487/6487/6484 6398/6398/6395 6488/6488/6485
f 6489/6489/6486 6488/6488/6485 6490/6490/6487
f 6485/6485/6482 6502/6502/6499 6492/6492/6489
f 6493/6493/6490 6496/6496/6493 6494/6494/6491
f 6492/6492/6489 6502/6502/6499 6357/6357/6354
f 6495/6495/6492 6497/6497/6494 6494/6494/6491
f 6497/6497/6494 6495/6495/6492 6498/6498/6495
f 6499/6499/6496 6348/6348/6345 6347/6347/6344
f 6497/6497/6494 6347/6347/6344 6346/6346/6343
f 6500/6500/6497 7059/7059/7056 6352/6352/6349
f 6351/6351/6348 6350/6350/6347 6501/6501/6498
f 6502/6502/6499 6504/6504/6501 6355/6355/6352
f 6502/6502/6499 6485/6485/6482 6503/6503/6500
f 6503/6503/6500 6506/6506/6503 6505/6505/6502
f 6485/6485/6482 6481/6481/6478 6480/6480/6477
f 6503/6503/6500 6480/6480/6477 6378/6378/6375
f 6505/6505/6502 6509/6509/6506 6507/6507/6504
f 6508/6508/6505 6355/6355/6352 6504/6504/6501
f 6506/6506/6503 6513/6513/6510 6509/6509/6506
f 6382/6382/6379 6385/6385/6382 6510/6510/6507
f 6506/6506/6503 6378/6378/6375 6512/6512/6509
f 6511/6511/6508 7060/7060/7057 6514/6514/6511
f 6507/6507/6504 6517/6517/6514 6515/6515/6512
f 6508/6508/6505 6515/6515/6512 6516/6516/6513
f 6517/6517/6514 7061/7061/7058 6518/6518/6515
f 6515/6515/6512 6518/6518/6515 6358/6358/6355
f 6510/6510/6507 6385/6385/6382 6361/6361/6358
f 6480/6480/6477 7058/7058/7055 6379/6379/6376
f 6519/6519/6516 6388/6388/6385 6473/6473/6470
f 6521/6521/6518 6569/6569/6566 6522/6522/6519
f 6523/6523/6520 6465/6465/6462 6463/6463/6460
f 6521/6521/6518 6463/6463/6460 6524/6524/6521
f 6462/6462/6459 7062/7062/7059 6526/6526/6523
f 6527/6527/6524 6560/6560/6557 6528/6528/6525
f 6526/6526/6523 6562/6562/6559 6525/6525/6522
f 6527/6527/6524 6529/6529/6526 6530/6530/6527
f 6527/6527/6524 6531/6531/6528 6532/6532/6529
f 6534/6534/6531 6455/6455/6452 6535/6535/6532
f 6537/6537/6534 6540/6540/6537 6538/6538/6535
f 6535/6535/6532 6566/6566/6563 6539/6539/6536
f 6539/6539/6536 6541/6541/6538 6540/6540/6537
f 6541/6541/6538 6545/6545/6542 6542/6542/6539
f 6539/6539/6536 6567/6567/6564 6543/6543/6540
f 6541/6541/6538 6543/6543/6540 6544/6544/6541
f 6546/6546/6543 6426/6426/6423 6424/6424/6421
f 6445/6445/6442 6444/6444/6441 6548/6548/6545
f 6549/6549/6546 6548/6548/6545 6342/6342/6339
f 6551/6551/6548 7057/7057/7054 6428/6428/6425
f 6444/6444/6441 6443/6443/6440 6339/6339/6336
f 6423/6423/6420 6422/6422/6419 6552/6552/6549
f 6554/6554/6551 6538/6538/6535 6540/6540/6537
f 6547/6547/6544 6424/6424/6421 6423/6423/6420
f 6556/6556/6553 6413/6413/6410 6557/6557/6554
f 6533/6533/6530 6532/6532/6529 6558/6558/6555
f 6557/6557/6554 6565/6565/6562 6559/6559/6556
f 6559/6559/6556 6560/6560/6557 6527/6527/6524
f 6559/6559/6556 6407/6407/6404 6406/6406/6403
f 6560/6560/6557 6406/6406/6403 6561/6561/6558
f 6562/6562/6559 6564/6564/6561 6395/6395/6392
f 6561/6561/6558 6406/6406/6403 6403/6403/6400
f 6563/6563/6560 6397/6397/6394 6395/6395/6392
f 6557/6557/6554 6413/6413/6410 6409/6409/6406
f 6566/6566/6563 6450/6450/6447 6567/6567/6564
f 6455/6455/6452 6451/6451/6448 6566/6566/6563
f 6568/6568/6565 6454/6454/6451 6455/6455/6452
f 6470/6470/6467 6467/6467/6464 6465/6465/6462
f 6569/6569/6566 6394/6394/6391 6570/6570/6567
f 6522/6522/6519 6570/6570/6567 6519/6519/6516
f 6571/6571/6568 6391/6391/6388 6572/6572/6569
f 6573/6573/6570 7063/7063/7060 6574/6574/6571
f 6574/6574/6571 7063/7063/7060 6576/6576/6573
f 6577/6577/6574 6579/6579/6576 6578/6578/6575
f 6579/6579/6576 6581/6581/6578 6580/6580/6577
f 6578/6578/6575 6580/6580/6577 6386/6386/6383
f 6581/6581/6578 6579/6579/6576 6354/6354/6351
f 6353/6353/6350 6362/6362/6359 6365/6365/6362
f 6365/6365/6362 6364/6364/6361 6580/6580/6577
f 6577/6577/6574 6350/6350/6347 6354/6354/6351
f 6576/6576/6573 6501/6501/6498 6350/6350/6347
f 6441/6441/6438 6433/6433/6430 6339/6339/6336
f 6563/6563/6560 6490/6490/6487 6488/6488/6485
f 6569/6569/6566 6521/6521/6518 6525/6525/6522
f 6520/6520/6517 6470/6470/6467 6523/6523/6520
f 6471/6471/6468 6470/6470/6467 6520/6520/6517
f 6565/6565/6562 6409/6409/6406 6411/6411/6408
f 6476/6476/6473 6407/6407/6404 6559/6559/6556
f 6586/6586/6583 6591/6591/6588 6587/6587/6584
f 6587/6587/6584 6742/6742/6739 6589/6589/6586
f 6590/6590/6587 6742/6742/6739 6587/6587/6584
f 6592/6592/6589 6596/6596/6593 6593/6593/6590
f 6592/6592/6589 6598/6598/6595 6595/6595/6592
f 6592/6592/6589 6594/6594/6591 6597/6597/6594
f 6599/6599/6596 6603/6603/6600 6600/6600/6597
f 6599/6599/6596 6605/6605/6602 6602/6602/6599
f 6599/6599/6596 6601/6601/6598 6604/6604/6601
f 6606/6606/6603 6824/6824/6821 6607/6607/6604
f 6607/6607/6604 6824/6824/6821 6609/6609/6606
f 6611/6611/6608 6615/6615/6612 6612/6612/6609
f 6618/6618/6615 6612/6612/6609 6615/6615/6612
f 6619/6619/6616 6626/6626/6623 6620/6620/6617
f 6622/6622/6619 6762/6762/6759 6623/6623/6620
f 6619/6619/6616 7064/7064/7061 6625/6625/6622
f 6627/6627/6624 6757/6757/6754 6628/6628/6625
f 6629/6629/6626 6628/6628/6625 6610/6610/6607
f 6630/6630/6627 6629/6629/6626 6609/6609/6606
f 6632/6632/6629 6716/6716/6713 6633/6633/6630
f 6633/6633/6630 7065/7065/7062 6635/6635/6632
f 6589/6589/6586 6638/6638/6635 6636/6636/6633
f 6589/6589/6586 6736/6736/6733 6637/6637/6634
f 6639/6639/6636 6813/6813/6810 6640/6640/6637
f 6642/6642/6639 6729/6729/6726 6643/6643/6640
f 6644/6644/6641 6648/6648/6645 6645/6645/6642
f 6644/6644/6641 6650/6650/6647 6647/6647/6644
f 6644/6644/6641 6646/6646/6643 6649/6649/6646
f 6649/6649/6646 6652/6652/6649 6651/6651/6648
f 6652/6652/6649 6649/6649/6646 6653/6653/6650
f 6655/6655/6652 6717/6717/6714 6656/6656/6653
f 6659/6659/6656 6715/6715/6712 6660/6660/6657
f 6660/6660/6657 6664/6664/6661 6662/6662/6659
f 6663/6663/6660 6712/6712/6709 6664/6664/6661
f 6665/6665/6662 6616/6616/6613 6666/6666/6663
f 6666/6666/6663 6670/6670/6667 6669/6669/6666
f 6666/6666/6663 6616/6616/6613 6617/6617/6614
f 6670/6670/6667 6672/6672/6669 6671/6671/6668
f 6617/6617/6614 6673/6673/6670 6672/6672/6669
f 6617/6617/6614 6615/6615/6612 6614/6614/6611
f 6674/6674/6671 6794/6794/6791 6673/6673/6670
f 6614/6614/6611 6611/6611/6608 6675/6675/6672
f 6675/6675/6672 6611/6611/6608 6676/6676/6673
f 6678/6678/6675 6582/6582/6579 6679/6679/6676
f 6682/6682/6679 6702/6702/6699 6683/6683/6680
f 6684/6684/6681 6677/6677/6674 6676/6676/6673
f 6685/6685/6682 6687/6687/6684 6678/6678/6675
f 6686/6686/6683 6694/6694/6691 6688/6688/6685
f 6689/6689/6686 6688/6688/6685 6692/6692/6689
f 6695/6695/6692 6810/6810/6807 6696/6696/6693
f 6698/6698/6695 6699/6699/6696 6695/6695/6692
f 6701/6701/6698 7066/7066/7063 6683/6683/6680
f 6702/6702/6699 6704/6704/6701 6703/6703/6700
f 6682/6682/6679 6676/6676/6673 6705/6705/6702
f 6676/6676/6673 6611/6611/6608 6613/6613/6610
f 6706/6706/6703 6768/6768/6765 6707/6707/6704
f 6708/6708/6705 6710/6710/6707 6709/6709/6706
f 6710/6710/6707 7067/7067/7064 6711/6711/6708
f 6711/6711/6708 7067/7067/7064 6712/6712/6709
f 6663/6663/6660 6714/6714/6711 6713/6713/6710
f 6714/6714/6711 6663/6663/6660 6660/6660/6657
f 6715/6715/6712 6633/6633/6630 6716/6716/6713
f 6659/6659/6656 7065/7065/7062 6633/6633/6630
f 6717/6717/6714 6719/6719/6716 6718/6718/6715
f 6719/6719/6716 6620/6620/6617 6626/6626/6623
f 6719/6719/6716 6717/6717/6714 6654/6654/6651
f 6646/6646/6643 6726/6726/6723 6720/6720/6717
f 6653/6653/6650 6649/6649/6646 6646/6646/6643
f 6721/6721/6718 6725/6725/6722 6722/6722/6719
f 6724/6724/6721 6727/6727/6724 6725/6725/6722
f 6727/6727/6724 6734/6734/6731 6728/6728/6725
f 6729/6729/6726 6642/6642/6639 6730/6730/6727
f 6731/6731/6728 7068/7068/7065 6732/6732/6729
f 6733/6733/6730 6738/6738/6735 6728/6728/6725
f 6735/6735/6732 6637/6637/6634 6736/6736/6733
f 6733/6733/6730 6604/6604/6601 6601/6601/6598
f 6736/6736/6733 6740/6740/6737 6739/6739/6736
f 6740/6740/6737 6743/6743/6740 6741/6741/6738
f 6742/6742/6739 6590/6590/6587 6743/6743/6740
f 6740/6740/6737 6736/6736/6733 6589/6589/6586
f 6744/6744/6741 6596/6596/6593 6595/6595/6592
f 6746/6746/6743 6593/6593/6590 6596/6596/6593
f 6738/6738/6735 6601/6601/6598 6600/6600/6597
f 6738/6738/6735 6747/6747/6744 6748/6748/6745
f 6748/6748/6745 6747/6747/6744 6749/6749/6746
f 6722/6722/6719 6725/6725/6722 6728/6728/6725
f 6748/6748/6745 6750/6750/6747 6623/6623/6620
f 6749/6749/6746 6753/6753/6750 6751/6751/6748
f 6747/6747/6744 6600/6600/6597 6753/6753/6750
f 6752/6752/6749 6756/6756/6753 6750/6750/6747
f 6754/6754/6751 6610/6610/6607 6628/6628/6625
f 6624/6624/6621 6623/6623/6620 6750/6750/6747
f 6755/6755/6752 6628/6628/6625 6757/6757/6754
f 6759/6759/6756 6761/6761/6758 6751/6751/6748
f 6753/6753/6750 6600/6600/6597 6603/6603/6600
f 6760/6760/6757 7069/7069/7066 6761/6761/6758
f 6759/6759/6756 6603/6603/6600 6602/6602/6599
f 6754/6754/6751 6608/6608/6605 6607/6607/6604
f 6722/6722/6719 6623/6623/6620 6762/6762/6759
f 6716/6716/6713 6632/6632/6629 6763/6763/6760
f 6765/6765/6762 6813/6813/6810 6766/6766/6763
f 6706/6706/6703 6709/6709/6706 6767/6767/6764
f 6766/6766/6763 6773/6773/6770 6768/6768/6765
f 6769/6769/6766 7070/7070/7067 6707/6707/6704
f 6770/6770/6767 6805/6805/6802 6771/6771/6768
f 6769/6769/6766 6768/6768/6765 6773/6773/6770
f 6771/6771/6768 6777/6777/6774 6775/6775/6772
f 6771/6771/6768 6803/6803/6800 6776/6776/6773
f 6778/6778/6775 6700/6700/6697 6779/6779/6776
f 6781/6781/6778 6780/6780/6777 6782/6782/6779
f 6784/6784/6781 6810/6810/6807 6778/6778/6775
f 6783/6783/6780 6785/6785/6782 6784/6784/6781
f 6785/6785/6782 6783/6783/6780 6786/6786/6783
f 6788/6788/6785 6809/6809/6806 6784/6784/6781
f 6785/6785/6782 6787/6787/6784 6789/6789/6786
f 6790/6790/6787 6798/6798/6795 6669/6669/6666
f 6791/6791/6788 6689/6689/6686 6691/6691/6688
f 6792/6792/6789 7071/7071/7068 6585/6585/6582
f 6793/6793/6790 6672/6672/6669 6673/6673/6670
f 6582/6582/6579 6688/6688/6685 6689/6689/6686
f 6795/6795/6792 6667/6667/6664 6668/6668/6665
f 6783/6783/6780 6782/6782/6779 6797/6797/6794
f 6668/6668/6665 6669/6669/6666 6798/6798/6795
f 6800/6800/6797 6802/6802/6799 6801/6801/6798
f 6802/6802/6799 6776/6776/6773 6803/6803/6800
f 6804/6804/6801 6825/6825/6822 6801/6801/6798
f 6804/6804/6801 6803/6803/6800 6771/6771/6768
f 6651/6651/6648 6652/6652/6649 6804/6804/6801
f 6805/6805/6802 6770/6770/6767 6806/6806/6803
f 6774/6774/6771 6773/6773/6770 6639/6639/6636
f 6806/6806/6803 6647/6647/6644 6650/6650/6647
f 6639/6639/6636 6643/6643/6640 6808/6808/6805
f 6801/6801/6798 6825/6825/6822 6655/6655/6652
f 6809/6809/6806 6696/6696/6693 6810/6810/6807
f 6810/6810/6807 6695/6695/6692 6700/6700/6697
f 6700/6700/6697 6699/6699/6696 6811/6811/6808
f 6709/6709/6706 6711/6711/6708 6713/6713/6710
f 6812/6812/6809 6640/6640/6637 6813/6813/6810
f 6765/6765/6762 6764/6764/6761 6763/6763/6760
f 6814/6814/6811 6586/6586/6583 6588/6588/6585
f 6815/6815/6812 6821/6821/6818 6816/6816/6813
f 6816/6816/6813 6820/6820/6817 6818/6818/6815
f 6819/6819/6816 6822/6822/6819 6820/6820/6817
f 6631/6631/6628 6823/6823/6820 6822/6822/6819
f 6819/6819/6816 6821/6821/6818 6630/6630/6627
f 6823/6823/6820 6597/6597/6594 6594/6594/6591
f 6824/6824/6821 6606/6606/6603 6597/6597/6594
f 6631/6631/6628 6609/6609/6606 6824/6824/6821
f 6594/6594/6591 6593/6593/6590 6820/6820/6817
f 6593/6593/6590 6746/6746/6743 6818/6818/6815
f 6687/6687/6684 6688/6688/6685 6582/6582/6579
f 6808/6808/6805 6643/6643/6640 6729/6729/6726
f 6773/6773/6770 6766/6766/6763 6813/6813/6810
f 6764/6764/6761 6765/6765/6762 6767/6767/6764
f 6764/6764/6761 6713/6713/6710 6714/6714/6711
f 6717/6717/6714 6655/6655/6652 6825/6825/6822
f 6654/6654/6651 6825/6825/6822 6804/6804/6801
