# Blender 5.0.1
# www.blender.org
mtllib piano.mtl
o piano
v 15.376620 23.505072 7.095020
v -15.347004 23.499084 20.651617
v 5.573079 15.712058 1.086763
v 6.291417 23.494926 -2.294373
v -15.347484 23.496412 -2.323749
v 3.947538 23.512476 -15.737502
v 5.403879 16.252365 1.086013
v -14.762836 16.272348 9.461443
v -14.913336 23.432417 -14.733401
v 15.374901 15.763794 7.078163
v 15.401780 23.499292 20.651579
v 6.572521 15.763804 -1.028279
v 7.198456 23.496248 -0.073328
v 9.032402 23.496662 1.930123
v 14.465205 15.744016 5.059444
v 13.121444 23.496443 3.994564
v 14.794639 23.495560 5.432175
v 3.921532 15.763178 -15.773246
v -14.772045 23.514940 -16.695679
v 2.555063 23.503805 -18.956760
v -13.716096 23.497229 -19.014143
v -12.344099 23.517269 -20.780733
v 0.565575 23.507711 -21.349785
v -10.722919 23.507744 -22.161375
v -1.141161 23.496429 -22.581724
v -2.568123 23.513031 -23.256844
v -8.286535 23.506763 -23.391354
v -4.761412 15.714023 -23.743734
v -6.476954 15.713811 -23.781109
v 14.708068 23.455360 9.338821
v -14.773297 23.457884 9.298893
v 5.958236 23.461876 -2.322282
v -5.986011 16.231581 -23.527962
v 6.232455 16.374657 -1.110202
v 12.952430 16.297270 4.248325
v 14.273253 16.371946 5.308220
v 15.007216 16.374496 6.658799
v -15.038745 16.374809 6.881465
v -14.808552 16.294020 -16.062025
v -1.295202 23.433474 -22.315220
v 0.352564 23.438406 -21.127079
v 2.301774 23.429087 -18.780909
v 3.618113 23.433447 -15.738947
v 8.854315 23.466032 2.175382
v 15.012006 23.428595 6.656026
v -14.270649 23.433636 -17.246262
v -12.576265 23.429361 -20.097363
v -11.065399 23.433464 -21.508724
v -9.195827 23.433828 -22.688459
v -6.874740 23.400848 -23.436985
v -2.870549 23.450575 -23.040535
v -15.357509 15.749837 23.960936
v 15.403504 15.734385 23.961721
v 14.709498 16.272507 9.465351
v -5.781529 23.513021 -23.814329
v 15.051485 15.763316 5.990923
v 9.096484 15.763277 1.964852
v -15.165900 15.726607 -15.108813
v 1.901295 15.740340 -20.061827
v -13.034039 15.750270 -20.186106
v -1.822381 15.723475 -22.966490
v -9.426844 15.762334 -22.918549
v -15.049051 23.468271 6.586092
v 6.941293 23.468216 0.094247
v 13.887032 23.470213 4.846576
v -1.456340 16.344952 -22.503235
v 1.413961 16.281857 -19.940256
v 3.380054 16.371620 -16.692104
v 8.816173 16.369722 2.157415
v -12.496283 16.371925 -20.188963
v -9.784006 16.332859 -22.383238
v -15.230638 23.515793 -14.545952
v 15.403925 18.585321 23.934681
v 14.728260 18.642189 23.893553
v -14.790612 18.642172 23.893591
v -15.347631 18.597853 23.916733
v 14.748110 23.471445 20.652128
v 14.723032 16.394859 23.961105
v -14.785197 16.399939 23.961134
v -14.811333 23.479210 20.651884
v 15.403723 19.125486 20.776176
v 14.728579 19.155058 20.786924
v -14.792616 19.172785 20.759579
v -15.347476 19.109352 20.805653
v 15.183973 23.429321 19.671316
v 15.196569 23.441166 19.938948
v -14.992738 23.477476 19.789421
v 15.200985 21.591890 19.948557
v 15.186808 21.592705 19.665207
v -14.970088 21.592373 19.664757
v -14.984028 21.592152 19.949566
v -14.961372 17.598734 19.665991
v -14.978364 17.580458 19.929634
v 15.200871 21.578457 19.948984
v 15.189851 21.577740 19.665970
v -14.984030 21.577620 19.949425
v 15.176914 17.613804 19.663574
v 15.199411 17.579376 19.923182
v -14.973664 21.578123 19.666245
v 12.253087 16.932413 23.197008
v 12.761141 16.348961 17.777876
v 12.256892 16.348728 17.778576
v 12.768896 16.960005 23.291428
v 12.254601 16.993988 17.783756
v 12.245826 16.985357 23.345808
v 12.761138 16.995983 17.790497
v 12.759371 16.347408 23.196342
v 12.255230 16.345839 23.192421
v 11.740004 16.932339 23.197035
v 11.740957 16.993864 17.784014
v 11.743652 16.348728 17.778576
v 12.255142 16.960041 23.291586
v 12.250044 16.995701 17.791937
v 12.242498 16.347439 17.777363
v 11.732586 16.985357 23.345808
v 12.246131 16.347408 23.196342
v 11.741990 16.345839 23.192421
v 11.226626 16.932404 23.197012
v 11.734735 16.349073 17.777889
v 11.734182 16.347700 23.196203
v 11.230412 16.348728 17.778576
v 11.742416 16.960005 23.291428
v 11.228046 16.993965 17.783804
v 11.219346 16.985357 23.345808
v 11.730614 16.996565 17.788809
v 11.228750 16.345839 23.192421
v 10.713674 16.932266 23.197058
v 10.717414 16.349180 17.778463
v 11.228531 16.960051 23.291626
v 11.223485 16.995710 17.791885
v 11.216018 16.347439 17.777363
v 10.706107 16.985357 23.345808
v 10.714299 16.993811 17.784128
v 11.219651 16.347408 23.196342
v 10.715616 16.345930 23.192516
v 10.200109 16.932423 23.197004
v 10.203933 16.348728 17.778578
v 10.714076 16.959633 23.291945
v 10.201720 16.994013 17.783705
v 10.702779 16.347439 17.777363
v 10.708980 16.995817 17.790953
v 10.192865 16.985357 23.345808
v 10.706411 16.347408 23.196342
v 10.202270 16.345839 23.192421
v 9.687322 16.932205 23.197079
v 10.201927 16.960058 23.291662
v 9.688734 16.349136 17.778963
v 10.196916 16.995724 17.791826
v 10.189538 16.347439 17.777363
v 9.688192 16.993925 17.783888
v 9.679626 16.985357 23.345808
v 10.193171 16.347408 23.196342
v 9.689030 16.345839 23.192421
v 9.173475 16.932495 23.196981
v 9.681701 16.348961 17.777876
v 9.177452 16.348728 17.778576
v 9.689456 16.960005 23.291428
v 9.177091 16.994581 17.782526
v 9.166386 16.985357 23.345808
v 9.681698 16.995983 17.790495
v 9.679931 16.347408 23.196342
v 9.175790 16.345839 23.192421
v 8.661555 16.931866 23.197191
v 9.167727 16.348753 17.777807
v 8.657622 16.985571 23.346548
v 8.662422 16.349482 17.778881
v 9.175614 16.960049 23.291613
v 8.663851 16.994581 17.782526
v 9.168459 16.995983 17.790495
v 9.166691 16.347408 23.196342
v 8.662657 16.345930 23.192516
v 8.147853 16.932085 23.197119
v 8.664717 16.959732 23.290882
v 8.657304 16.348461 23.195944
v 8.143330 16.985485 23.346373
v 8.148252 16.349621 17.779072
v 8.151899 16.994574 17.781584
v 8.657537 16.995579 17.791918
v 8.649818 16.347439 17.777363
v 8.149416 16.345930 23.192516
v 7.634662 16.932062 23.197126
v 7.635003 16.349297 17.779116
v 7.630050 16.985489 23.346367
v 8.149624 16.960012 23.291464
v 7.638289 16.994587 17.781858
v 8.141878 16.348932 17.777868
v 8.141977 16.995983 17.790495
v 8.140211 16.347408 23.196342
v 7.636070 16.345839 23.192421
v 7.121153 16.932190 23.197083
v 7.627684 16.348661 17.777777
v 7.114764 16.985367 23.346029
v 7.121676 16.349636 17.779091
v 7.123728 16.994293 17.782734
v 7.635727 16.960060 23.291662
v 7.628737 16.995983 17.790495
v 7.626971 16.347408 23.196342
v 7.122936 16.345930 23.192516
v 6.607560 16.932360 23.197027
v 7.114262 16.348612 17.777760
v 6.608635 16.993887 17.783964
v 6.611252 16.348728 17.778576
v 6.600186 16.985357 23.345808
v 7.122410 16.960066 23.291687
v 7.115498 16.995983 17.790495
v 7.113730 16.347408 23.196342
v 6.609590 16.345839 23.192421
v 6.094848 16.932108 23.197111
v 6.095282 16.349297 17.779116
v 6.601931 16.348867 17.777845
v 6.090001 16.985483 23.346312
v 6.609693 16.960028 23.291527
v 6.098116 16.994591 17.782188
v 6.602258 16.995983 17.790495
v 6.600491 16.347408 23.196342
v 6.096350 16.345839 23.192421
v 5.581432 16.932192 23.197083
v 5.582692 16.994055 17.783621
v 6.096007 16.960058 23.291662
v 5.582303 16.349241 17.779064
v 6.090995 16.995724 17.791824
v 6.083618 16.347439 17.777363
v 5.573704 16.985357 23.345808
v 6.087250 16.347408 23.196342
v 5.583109 16.345839 23.192421
v 5.068297 16.932142 23.197100
v 5.577931 16.995607 17.791817
v 5.068802 16.349297 17.779116
v 5.069937 16.994150 17.783297
v 5.582957 16.959845 23.291584
v 5.570378 16.347439 17.777363
v 5.574011 16.347408 23.196342
v 5.061308 16.985363 23.345945
v 5.069870 16.345839 23.192421
v 4.555173 16.932087 23.197119
v 4.556090 16.994017 17.783699
v 4.555744 16.349596 17.779036
v 5.070296 16.960005 23.291428
v 5.062541 16.348961 17.777876
v 4.547225 16.985357 23.345808
v 5.062538 16.995983 17.790497
v 5.060771 16.347408 23.196342
v 4.556736 16.345930 23.192516
v 4.041419 16.932331 23.197035
v 4.045053 16.348728 17.778576
v 4.555373 16.959898 23.291920
v 4.543898 16.347439 17.777363
v 4.042332 16.993856 17.784029
v 4.033986 16.985357 23.345808
v 4.549768 16.995909 17.790794
v 4.547531 16.347408 23.196342
v 4.043389 16.345839 23.192421
v 3.529350 16.931772 23.197224
v 4.036061 16.348961 17.777876
v 3.524303 16.985525 23.346395
v 3.529093 16.349621 17.779072
v 4.043816 16.960005 23.291428
v 3.531451 16.994581 17.782526
v 4.036058 16.995983 17.790497
v 4.034291 16.347408 23.196342
v 3.530256 16.345930 23.192516
v 3.016109 16.931772 23.197224
v 3.522821 16.348961 17.777876
v 3.015842 16.349297 17.779116
v 3.011063 16.985525 23.346395
v 3.530576 16.960005 23.291428
v 3.018211 16.994581 17.782526
v 3.522818 16.995983 17.790497
v 3.521051 16.347408 23.196342
v 3.016909 16.345839 23.192421
v 2.502869 16.931772 23.197224
v 3.009581 16.348961 17.777876
v 2.502602 16.349297 17.779116
v 2.497823 16.985525 23.346395
v 3.017336 16.960005 23.291428
v 2.504971 16.994581 17.782526
v 3.009578 16.995983 17.790497
v 3.007811 16.347408 23.196342
v 2.503669 16.345839 23.192421
v 1.988785 16.932175 23.197088
v 1.989363 16.349297 17.779116
v 2.496341 16.348961 17.777876
v 1.982364 16.985367 23.346029
v 2.504097 16.960005 23.291428
v 1.990811 16.994179 17.783077
v 2.496339 16.995983 17.790497
v 2.494571 16.347408 23.196342
v 1.990430 16.345839 23.192421
v 1.476389 16.931772 23.197224
v 1.476122 16.349297 17.779116
v 1.471343 16.985525 23.346395
v 1.990087 16.960058 23.291662
v 1.985075 16.995724 17.791826
v 1.977698 16.347439 17.777363
v 1.478490 16.994581 17.782526
v 1.981330 16.347408 23.196342
v 1.477189 16.345839 23.192421
v 0.963149 16.931772 23.197224
v 1.469861 16.348961 17.777876
v 0.958103 16.985525 23.346395
v 0.962893 16.349621 17.779072
v 1.477616 16.960005 23.291430
v 0.965251 16.994581 17.782526
v 1.469858 16.995983 17.790495
v 1.468091 16.347408 23.196342
v 0.964056 16.345930 23.192516
v 0.448653 16.932371 23.197021
v 0.956621 16.348961 17.777876
v 0.452372 16.348728 17.778578
v 0.964376 16.960005 23.291428
v 0.449811 16.993906 17.783928
v 0.441305 16.985357 23.345808
v 0.956618 16.995983 17.790497
v 0.954851 16.347408 23.196342
v 0.450709 16.345839 23.192421
v -0.063331 16.931772 23.197224
v 0.450610 16.959604 23.291544
v 0.445592 16.995489 17.791710
v -0.063598 16.349297 17.779116
v -0.061230 16.994581 17.782526
v 0.437978 16.347439 17.777363
v -0.068377 16.985525 23.346395
v 0.441611 16.347408 23.196342
v -0.062531 16.345839 23.192421
v -0.577995 16.932455 23.196997
v -0.069859 16.348961 17.777876
v -0.573866 16.349180 17.778463
v -0.062103 16.960005 23.291428
v -0.575928 16.994133 17.783455
v -0.585176 16.985357 23.345806
v -0.069862 16.995983 17.790497
v -0.071629 16.347408 23.196342
v -0.575664 16.345930 23.192516
v -1.089810 16.931772 23.197224
v -1.090077 16.349297 17.779116
v -0.583098 16.348961 17.777876
v -1.094856 16.985525 23.346395
v -0.575342 16.960005 23.291428
v -1.087709 16.994581 17.782526
v -0.583102 16.995983 17.790497
v -0.584869 16.347408 23.196342
v -1.089010 16.345839 23.192421
v -1.603052 16.931772 23.197224
v -1.603318 16.349297 17.779116
v -1.096340 16.348961 17.777876
v -1.088584 16.960005 23.291428
v -1.600950 16.994581 17.782526
v -1.096343 16.995983 17.790497
v -1.098111 16.347408 23.196342
v -1.602252 16.345839 23.192421
v -1.608097 16.985525 23.346395
v -2.117136 16.932175 23.197088
v -2.116559 16.349297 17.779116
v -1.609580 16.348961 17.777876
v -2.123558 16.985367 23.346029
v -1.601825 16.960005 23.291430
v -2.115110 16.994179 17.783077
v -1.609582 16.995983 17.790497
v -1.611349 16.347408 23.196342
v -2.115491 16.345839 23.192421
v -2.629531 16.931772 23.197224
v -2.122820 16.348961 17.777876
v -2.634578 16.985525 23.346395
v -2.629788 16.349621 17.779072
v -2.115065 16.960005 23.291430
v -2.627429 16.994581 17.782526
v -2.122822 16.995983 17.790497
v -2.124589 16.347408 23.196342
v -2.628624 16.345930 23.192516
v -3.142770 16.931772 23.197224
v -3.143037 16.349297 17.779116
v -2.635623 16.349083 17.777918
v -3.147816 16.985525 23.346395
v -2.627634 16.959957 23.291224
v -3.140669 16.994581 17.782526
v -2.636062 16.995983 17.790497
v -2.637830 16.347408 23.196342
v -3.141970 16.345839 23.192421
v -3.656711 16.932106 23.197111
v -3.661431 16.985481 23.346334
v -3.656267 16.349621 17.779072
v -3.141866 16.960028 23.291527
v -3.653154 16.994589 17.781977
v -3.149629 16.348867 17.777845
v -3.149302 16.995983 17.790497
v -3.151069 16.347408 23.196342
v -3.655104 16.345930 23.192516
v -4.170331 16.932287 23.197050
v -3.655058 16.960024 23.291512
v -4.169354 16.349262 17.779083
v -3.660287 16.995687 17.792013
v -3.667942 16.347439 17.777363
v -4.177855 16.985357 23.345808
v -4.168206 16.994257 17.783199
v -3.664309 16.347408 23.196342
v -4.168452 16.345839 23.192421
v -4.683505 16.932257 23.197062
v -4.680027 16.348728 17.778576
v -4.167780 16.959986 23.291355
v -4.682922 16.993803 17.784140
v -4.175591 16.349014 17.777895
v -4.691097 16.985357 23.345806
v -4.175783 16.995983 17.790497
v -4.177549 16.347408 23.196342
v -4.681691 16.345839 23.192421
v -5.196867 16.932316 23.197042
v -4.689019 16.348961 17.777876
v -5.193267 16.348728 17.778576
v -4.681263 16.960005 23.291428
v -5.196034 16.993841 17.784058
v -5.204334 16.985357 23.345808
v -4.689023 16.995983 17.790497
v -4.690790 16.347408 23.196342
v -5.194930 16.345839 23.192421
v -5.709073 16.931822 23.197206
v -5.194293 16.959589 23.291321
v -5.199886 16.995453 17.791796
v -5.713264 16.985563 23.346519
v -5.706869 16.994581 17.782526
v -5.708629 16.349531 17.778948
v -5.207662 16.347439 17.777363
v -5.204030 16.347408 23.196342
v -5.708064 16.345930 23.192516
v -6.222210 16.931772 23.197224
v -5.715498 16.348961 17.777876
v -6.222399 16.349279 17.779100
v -6.227081 16.985535 23.346426
v -5.707744 16.960005 23.291430
v -6.220109 16.994581 17.782526
v -5.715501 16.995983 17.790497
v -5.717268 16.347408 23.196342
v -6.221410 16.345839 23.192421
v -6.736261 16.932158 23.197094
v -6.229071 16.348867 17.777845
v -6.740824 16.985472 23.346342
v -6.735682 16.349617 17.779066
v -6.221309 16.960028 23.291529
v -6.732064 16.994574 17.781584
v -6.228743 16.995983 17.790497
v -6.230509 16.347408 23.196342
v -6.734545 16.345930 23.192516
v -7.249865 16.932333 23.197035
v -6.742310 16.348867 17.777845
v -7.245986 16.349180 17.778463
v -6.734547 16.960028 23.291527
v -7.248942 16.993858 17.784025
v -7.257295 16.985357 23.345808
v -6.741982 16.995983 17.790497
v -6.743750 16.347408 23.196342
v -7.247784 16.345930 23.192516
v -7.761931 16.931772 23.197224
v -7.255742 16.348814 17.777828
v -7.766976 16.985525 23.346395
v -7.247932 16.960037 23.291571
v -7.762198 16.349297 17.779116
v -7.759830 16.994581 17.782526
v -7.255223 16.995983 17.790497
v -7.256990 16.347408 23.196342
v -7.761131 16.345839 23.192421
v -8.275872 16.932106 23.197111
v -8.274728 16.994072 17.783583
v -7.769896 16.348557 17.777740
v -8.275346 16.349607 17.779055
v -8.283774 16.985357 23.345808
v -7.761625 16.960072 23.291708
v -7.768463 16.995983 17.790495
v -7.770230 16.347408 23.196342
v -8.274264 16.345930 23.192516
v -8.789835 16.932453 23.196997
v -8.273275 16.959955 23.291225
v -8.785948 16.348728 17.778578
v -8.279212 16.995657 17.792170
v -8.287102 16.347439 17.777363
v -8.787768 16.994133 17.783457
v -8.797015 16.985357 23.345808
v -8.283468 16.347408 23.196342
v -8.787611 16.345839 23.192421
v -9.302354 16.932110 23.197111
v -9.306902 16.985479 23.346363
v -9.301910 16.349621 17.779072
v -8.787873 16.960052 23.291639
v -9.298262 16.994576 17.781584
v -8.792905 16.995716 17.791866
v -8.800343 16.347439 17.777363
v -8.796710 16.347408 23.196342
v -9.300745 16.345930 23.192516
v -9.814891 16.931772 23.197224
v -9.815106 16.349287 17.779104
v -9.819818 16.985533 23.346416
v -9.301273 16.959860 23.291664
v -9.313583 16.347439 17.777363
v -9.306175 16.995634 17.791729
v -9.812790 16.994581 17.782526
v -9.309951 16.347408 23.196342
v -9.814091 16.345839 23.192421
v -10.329067 16.932219 23.197073
v -10.326729 16.994249 17.782936
v -10.335552 16.985365 23.346003
v -10.328387 16.349621 17.779072
v -9.815525 16.959633 23.291943
v -9.820621 16.995817 17.790953
v -9.826823 16.347439 17.777363
v -9.823191 16.347408 23.196342
v -10.327225 16.345930 23.192516
v -10.842809 16.932461 23.196993
v -10.334816 16.348917 17.777861
v -10.838666 16.349180 17.778463
v -10.327073 16.960014 23.291481
v -10.840607 16.994169 17.783377
v -10.849977 16.985357 23.345806
v -10.334661 16.995983 17.790497
v -10.336427 16.347408 23.196342
v -10.840464 16.345930 23.192516
v -11.355782 16.932333 23.197035
v -10.847503 16.349073 17.777914
v -11.352147 16.348728 17.778576
v -10.839553 16.959961 23.291250
v -11.363216 16.985357 23.345806
v -10.847901 16.995983 17.790497
v -11.354868 16.993856 17.784029
v -10.849668 16.347408 23.196342
v -11.353809 16.345839 23.192421
v -11.868931 16.932289 23.197050
v -11.362576 16.348557 17.777740
v -11.865147 16.349180 17.778463
v -11.354305 16.960072 23.291708
v -11.868221 16.993822 17.784100
v -11.876456 16.985357 23.345806
v -11.361143 16.995983 17.790497
v -11.362911 16.347408 23.196342
v -11.866943 16.345930 23.192516
v -12.382028 16.932219 23.197073
v -12.381131 16.349249 17.779072
v -11.876146 16.348463 17.777708
v -12.380560 16.994101 17.783527
v -12.389694 16.985357 23.345808
v -11.867650 16.960079 23.291740
v -11.874382 16.995983 17.790497
v -11.876151 16.347408 23.196342
v -12.380293 16.345839 23.192421
v -12.895516 16.932337 23.197035
v -12.894547 16.349285 17.779104
v -12.387619 16.348961 17.777876
v -12.901314 16.985371 23.346077
v -12.379865 16.960005 23.291430
v -12.890944 16.994574 17.781584
v -12.387623 16.995983 17.790495
v -12.389389 16.347408 23.196342
v -12.893532 16.345839 23.192421
v -13.408229 16.932083 23.197119
v -13.407840 16.349295 17.779116
v -13.412860 16.985487 23.346357
v -12.893106 16.960005 23.291430
v -13.404554 16.994585 17.781858
v -12.900862 16.348961 17.777876
v -12.900864 16.995983 17.790497
v -12.902630 16.347408 23.196342
v -13.406773 16.345839 23.192421
v 12.766427 16.932365 23.197025
v 12.767543 16.993896 17.783947
v 12.770133 16.348728 17.778578
v 13.281813 16.960028 23.291529
v 13.274050 16.348867 17.777845
v 12.759066 16.985357 23.345808
v 13.274378 16.995983 17.790495
v 13.272612 16.347408 23.196342
v 12.768470 16.345839 23.192421
v 12.376689 17.226044 19.527725
v 12.114402 17.013418 19.521200
v 12.105599 16.989737 22.403736
v 12.393519 16.990803 22.401731
v 12.373133 17.249882 22.325281
v 12.107282 17.233217 22.328238
v 11.863043 17.226044 19.527725
v 11.600756 17.013418 19.521200
v 11.879873 16.990803 22.401731
v 11.859487 17.249882 22.325281
v 11.591041 16.989840 22.403517
v 11.594351 17.233725 22.328213
v 11.353642 17.226044 19.527725
v 11.091355 17.013418 19.521200
v 11.082552 16.989737 22.403736
v 11.370473 16.990803 22.401731
v 11.350085 17.249882 22.325281
v 11.084234 17.233217 22.328238
v 8.781630 17.226044 19.527725
v 8.519341 17.013420 19.521200
v 8.510539 16.989737 22.403736
v 8.798460 16.990803 22.401731
v 8.778072 17.249882 22.325281
v 8.512221 17.233217 22.328238
v 8.267983 17.226044 19.527725
v 8.005695 17.013420 19.521200
v 7.996893 16.989737 22.403736
v 8.284814 16.990803 22.401731
v 8.264426 17.249882 22.325281
v 7.998576 17.233217 22.328238
v 7.758582 17.226044 19.527725
v 7.496294 17.013418 19.521200
v 7.487492 16.989737 22.403736
v 7.775413 16.990803 22.401731
v 7.755025 17.249882 22.325281
v 7.489174 17.233217 22.328238
v 10.324477 17.226044 19.527725
v 10.062189 17.013420 19.521200
v 10.053388 16.989737 22.403736
v 10.341308 16.990803 22.401731
v 10.320921 17.249882 22.325281
v 10.055070 17.233217 22.328238
v 9.809126 17.226044 19.527725
v 9.546839 17.013418 19.521200
v 9.825956 16.990803 22.401731
v 9.805569 17.249882 22.325281
v 9.537123 16.989840 22.403517
v 9.540433 17.233725 22.328213
v 6.729956 17.226044 19.527725
v 6.467669 17.013418 19.521200
v 6.746787 16.990803 22.401731
v 6.726399 17.249882 22.325281
v 6.457953 16.989840 22.403517
v 6.461263 17.233725 22.328213
v 6.214603 17.226044 19.527725
v 5.952316 17.013418 19.521200
v 5.943513 16.989737 22.403736
v 6.231433 16.990803 22.401731
v 6.211046 17.249882 22.325281
v 5.945196 17.233217 22.328238
v 5.190537 17.226044 19.527725
v 4.928250 17.013418 19.521200
v 4.919448 16.989737 22.403736
v 5.207368 16.990803 22.401731
v 5.186981 17.249882 22.325281
v 4.921130 17.233217 22.328238
v 4.676892 17.226044 19.527725
v 4.414604 17.013418 19.521200
v 4.405802 16.989737 22.403736
v 4.693722 16.990803 22.401731
v 4.673335 17.249882 22.325281
v 4.407485 17.233217 22.328238
v 4.167490 17.226044 19.527725
v 3.905203 17.013418 19.521200
v 3.896401 16.989737 22.403736
v 4.184321 16.990803 22.401731
v 4.163934 17.249882 22.325281
v 3.898083 17.233217 22.328238
v 3.138326 17.226044 19.527725
v 2.876039 17.013418 19.521200
v 2.867237 16.989737 22.403736
v 3.155157 16.990803 22.401731
v 3.134770 17.249882 22.325281
v 2.868919 17.233217 22.328238
v 2.622974 17.226044 19.527725
v 2.360687 17.013418 19.521200
v 2.351884 16.989737 22.403736
v 2.639804 16.990803 22.401731
v 2.619417 17.249882 22.325281
v 2.353567 17.233217 22.328238
v 1.595478 17.226044 19.527725
v 1.333191 17.013418 19.521200
v 1.324389 16.989737 22.403736
v 1.612309 16.990803 22.401731
v 1.591922 17.249882 22.325281
v 1.326071 17.233217 22.328238
v 1.081832 17.226044 19.527725
v 0.819545 17.013418 19.521200
v 0.810743 16.989737 22.403736
v 1.098663 16.990803 22.401731
v 1.078276 17.249882 22.325281
v 0.812425 17.233217 22.328238
v 0.446575 16.979658 19.522976
v 0.572432 17.226044 19.527725
v 0.314417 17.219183 19.528381
v 0.301342 16.989737 22.403736
v 0.589262 16.990803 22.401731
v 0.568875 17.249882 22.325281
v 0.303024 17.233217 22.328238
v -0.199016 1.262711 18.610231
v -0.319379 1.442858 18.590553
v -0.172365 1.352638 15.377967
v 0.542700 1.365189 18.482412
v 0.216297 1.351959 15.374392
v 0.317286 1.262507 17.147055
v -0.620010 1.312359 18.270042
v -0.504990 1.439518 17.445789
v 0.535947 1.429620 17.427681
v -0.453321 1.273689 17.365959
v 0.718400 1.272468 17.700644
v -2.016667 1.262711 18.610231
v -2.137030 1.442858 18.590553
v -1.990016 1.352638 15.377967
v -1.274951 1.365189 18.482412
v -1.601353 1.351959 15.374392
v -1.500365 1.262507 17.147055
v -2.437661 1.312359 18.270041
v -2.322640 1.439518 17.445789
v -1.281703 1.429620 17.427681
v -2.270971 1.273689 17.365959
v -1.099250 1.272468 17.700644
v -2.092316 2.377518 14.750885
v -2.095430 2.381909 13.937490
v -2.261824 15.743955 14.937751
v -2.260017 15.739604 13.745928
v -1.211845 15.739097 14.940063
v -1.213402 15.744346 13.748149
v -1.379757 2.381446 14.749885
v -1.379460 2.377951 13.936485
v -15.717894 23.530931 11.156970
v 5.997324 23.513538 0.728984
v 13.644027 23.540720 3.836112
v -15.509647 23.547901 -16.310276
v -8.084148 23.514420 -23.916529
v -4.932083 23.509264 -24.098303
v 15.981230 23.573372 11.157211
v 6.628077 23.612108 -2.399740
v 4.003472 23.552427 -17.090330
v -12.896310 23.554760 -21.147810
v 15.794124 23.615427 6.277976
v -15.709256 23.836872 -9.847099
v 7.632600 23.644768 -0.102900
v 9.023017 23.578457 1.422241
v 9.708026 24.046038 1.947534
v 14.250974 24.036119 4.370930
v 15.312738 23.837561 5.384260
v 3.490767 23.836834 -18.165607
v -15.382630 23.837132 -16.635653
v -13.831926 23.836664 -19.831894
v 1.546793 23.836447 -20.953058
v -11.908316 23.833239 -21.906897
v 0.706757 23.566017 -21.836573
v -2.101598 23.675133 -23.511755
v -8.681799 23.836527 -23.727215
v -5.510682 23.836729 -24.187490
v -15.714888 23.836586 11.157232
v 15.452685 24.110031 6.165726
v 15.640888 24.120344 11.157181
v 3.973186 24.082197 -16.449869
v 6.593496 24.081079 -1.889794
v 5.953096 24.159586 0.842513
v -13.208756 24.160130 11.157179
v -15.409943 24.067158 11.157189
v 8.130944 24.097942 0.765425
v 12.813052 24.100651 3.497964
v -15.156129 24.064917 -16.176851
v 2.277250 24.116949 -19.765326
v -13.666872 24.115873 -19.385695
v 0.319970 24.058508 -21.770582
v -2.032722 24.115232 -23.139425
v -9.074005 24.060535 -23.146059
v -6.799649 24.160627 -23.750187
v -15.399236 24.036837 -10.121231
v -11.755716 24.064434 -21.547625
v -5.279864 24.142868 -23.815929
v 15.955290 23.595091 21.074820
v -15.398870 24.106102 20.680529
v 15.644121 24.099438 20.694004
v 15.634217 24.115320 11.157218
v -15.388118 24.120472 11.157217
v -15.728947 23.580889 21.060720
v 15.981268 23.562126 11.157238
v -15.733780 23.564329 11.157233
v 1.992567 1.335716 15.378150
v 1.598516 1.363180 15.374434
v 1.281597 1.429379 17.428457
v 1.500043 1.263855 17.147291
v 2.270956 1.273839 17.366034
v 2.223843 1.262574 18.569021
v 2.090592 1.443122 17.150579
v 1.099260 1.272928 17.700644
v 2.138163 1.442776 18.590456
v 1.273322 1.375090 18.478407
v 2.499933 1.415756 17.756077
v 3.298363 1.677629 15.861811
v -3.376757 1.675861 15.861345
v 3.295445 1.679307 12.836802
v -3.008170 2.072671 15.690045
v -2.967040 2.300956 13.036760
v 2.897708 2.241301 13.026308
v -3.374278 1.680221 12.839955
v -3.374077 0.956466 15.852455
v 2.882492 2.278807 15.674109
v 3.295832 0.957170 12.841059
v -2.973691 2.376737 15.672423
v 3.292871 0.956665 15.858733
v -3.370482 0.953510 12.847053
v 2.092314 2.377518 14.750885
v 2.095429 2.381909 13.937490
v 2.261823 15.743955 14.937751
v 2.260016 15.739604 13.745928
v 1.211843 15.739097 14.940063
v 1.213401 15.744346 13.748149
v 1.379756 2.381446 14.749885
v 1.379459 2.377951 13.936485
v 0.102783 15.758182 -17.480265
v 0.013108 14.982585 -17.566261
v 0.130388 15.663612 -20.019138
v -7.095502 13.092224 -23.341139
v -7.068053 13.091329 -20.705444
v -4.051785 13.897272 -23.229496
v -3.813652 15.758182 -20.566290
v -3.979383 13.940532 -20.618597
v -4.261106 15.758182 -23.284588
v -0.826746 15.758182 -21.290609
v -1.728211 15.758182 -19.480894
v -2.590193 15.758182 -22.706337
v -2.538939 14.197730 -22.671335
v -4.688907 13.092400 -20.689228
v -0.507847 14.622487 -20.944328
v -1.474966 14.396117 -19.301809
v -4.687689 13.092694 -23.336264
v -11.916686 15.622141 -17.388634
v -11.860255 14.953653 -20.181875
v -11.888773 15.758182 -20.141180
v -9.531149 14.252440 -22.550955
v -7.782161 15.758182 -23.314718
v -7.782276 13.916724 -23.249762
v -8.734015 15.758182 -20.307272
v -7.811096 13.945300 -20.636404
v -11.419943 14.682779 -18.079416
v -10.594805 15.758182 -19.006529
v -9.852343 15.758182 -22.288040
v -9.856367 14.324831 -19.637426
v -6.900445 15.758182 -20.721319
v -0.456196 17.226044 19.527725
v -0.718483 17.013418 19.521200
v -0.727285 16.989737 22.403736
v -0.439365 16.990803 22.401731
v -0.459752 17.249882 22.325281
v -0.725603 17.233217 22.328238
v -0.971547 17.226044 19.527725
v -1.233835 17.013418 19.521200
v -1.242637 16.989737 22.403736
v -0.954717 16.990803 22.401731
v -0.975104 17.249882 22.325281
v -1.240955 17.233217 22.328238
v -1.996752 17.226044 19.527725
v -2.259040 17.013418 19.521200
v -2.267842 16.989737 22.403736
v -1.979922 16.990803 22.401731
v -2.000309 17.249882 22.325281
v -2.266159 17.233217 22.328238
v -2.510398 17.226044 19.527725
v -2.772686 17.013418 19.521200
v -2.781488 16.989737 22.403736
v -2.493567 16.990803 22.401731
v -2.513955 17.249882 22.325281
v -2.779805 17.233217 22.328238
v -3.019799 17.226044 19.527725
v -3.282086 17.013418 19.521200
v -3.290889 16.989737 22.403736
v -3.002969 16.990803 22.401731
v -3.023356 17.249882 22.325281
v -3.289206 17.233217 22.328238
v -4.048964 17.226044 19.527725
v -4.311251 17.013418 19.521200
v -4.320053 16.989737 22.403736
v -4.032133 16.990803 22.401731
v -4.052520 17.249882 22.325281
v -4.318370 17.233217 22.328238
v -4.564316 17.226044 19.527725
v -4.826604 17.013418 19.521200
v -4.835406 16.989737 22.403736
v -4.547486 16.990803 22.401731
v -4.567873 17.249882 22.325281
v -4.833724 17.233217 22.328238
v -5.591811 17.226044 19.527725
v -5.854099 17.013418 19.521200
v -5.862901 16.989737 22.403736
v -5.574981 16.990803 22.401731
v -5.595368 17.249882 22.325281
v -5.861219 17.233217 22.328238
v -6.105457 17.226044 19.527725
v -6.367745 17.013418 19.521200
v -6.376547 16.989737 22.403736
v -6.088627 16.990803 22.401731
v -6.109014 17.249882 22.325281
v -6.374865 17.233217 22.328238
v -6.614859 17.226044 19.527725
v -6.877146 17.013418 19.521200
v -6.885949 16.989737 22.403736
v -6.598028 16.990803 22.401731
v -6.618415 17.249882 22.325281
v -6.884266 17.233217 22.328238
v -7.643486 17.226044 19.527725
v -7.905773 17.013418 19.521200
v -7.914575 16.989737 22.403736
v -7.626655 16.990803 22.401731
v -7.647042 17.249882 22.325281
v -7.912892 17.233217 22.328238
v -8.158840 17.226044 19.527725
v -8.421127 17.013418 19.521200
v -8.429931 16.989737 22.403736
v -8.142010 16.990803 22.401731
v -8.162397 17.249882 22.325281
v -8.428248 17.233217 22.328238
v -9.178093 17.226044 19.527725
v -9.440380 17.013418 19.521200
v -9.449182 16.989737 22.403736
v -9.161263 16.990803 22.401731
v -9.181649 17.249882 22.325281
v -9.447499 17.233217 22.328238
v -9.691738 17.226044 19.527725
v -9.954025 17.013418 19.521200
v -9.962829 16.989737 22.403736
v -9.674908 16.990803 22.401731
v -9.695295 17.249882 22.325281
v -9.961146 17.233217 22.328238
v -10.201139 17.226044 19.527725
v -10.463427 17.013418 19.521200
v -10.472229 16.989737 22.403736
v -10.184309 16.990803 22.401731
v -10.204697 17.249882 22.325281
v -10.470547 17.233217 22.328238
v -11.355623 16.979658 19.522976
v -11.229767 17.226044 19.527725
v -11.487781 17.219183 19.528381
v -11.212936 16.990803 22.401731
v -11.233323 17.249882 22.325281
v -11.501770 16.989840 22.403517
v -11.498459 17.233725 22.328213
v -11.745120 17.226044 19.527725
v -12.007407 17.013418 19.521200
v -11.728290 16.990803 22.401731
v -11.748676 17.249882 22.325281
v -12.017123 16.989840 22.403517
v -12.013813 17.233725 22.328213
v -12.899084 16.979658 19.522976
v -12.773227 17.226044 19.527725
v -13.031240 17.219183 19.528381
v -13.044315 16.989737 22.403736
v -12.756396 16.990803 22.401731
v -12.776783 17.249882 22.325281
v -13.042634 17.233217 22.328238
v 13.323780 17.239990 23.546913
v 14.895212 17.228924 8.515537
v 14.900054 16.214109 8.528994
v 13.300207 16.223896 23.558975
v 13.310625 17.236460 8.536148
v 13.306836 16.221247 8.522839
v 14.890951 17.247263 23.567917
v 14.896364 16.218014 23.556990
v 13.369328 16.359732 19.858938
v 13.369328 17.612333 19.858940
v -13.481361 17.612333 19.858940
v -13.481361 16.359732 19.235014
v -13.481361 17.612333 19.235014
v 13.369328 16.359732 19.235014
v 13.369328 17.612333 19.235014
v -13.481361 16.359732 19.858940
v -14.806103 21.585985 19.988195
v 14.754317 21.638891 20.012775
v 14.754317 21.533079 19.963614
v -15.410525 24.096069 11.159036
v 15.652256 24.215324 11.195221
v 15.652312 24.113028 11.135057
v -15.410469 24.215467 11.150427
v 13.877445 0.746148 14.629011
v 13.877290 0.745875 13.944858
v 13.193249 0.746277 14.629314
v 13.193316 0.745744 13.944908
v 12.696940 0.870137 15.126026
v 13.194139 -0.001676 14.627447
v 13.194129 -0.001101 13.946356
v 13.876089 -0.000831 13.946015
v 13.875505 -0.001111 14.628045
v 14.373350 0.869992 13.449182
v 12.696864 0.870241 13.448655
v 14.374015 0.870166 15.123851
v 14.387374 2.086454 13.435908
v 12.683151 2.085033 13.433363
v 12.683228 2.084984 15.140170
v 14.386595 2.090142 15.136226
v 14.545701 12.665668 15.297018
v 14.545165 12.661063 13.277062
v 12.525421 12.665347 13.276025
v 12.524874 12.661139 15.297326
v 12.316185 12.686696 13.066921
v 12.314880 12.684971 15.506494
v 14.725674 13.003766 15.466090
v 12.326947 13.000304 13.108677
v 12.353003 13.002787 15.480293
v 14.675429 13.841837 13.111242
v 12.396342 13.731577 13.122816
v 12.398849 13.979239 15.496331
v 14.669767 13.919782 15.489639
v 12.397353 14.241196 12.796585
v 12.395957 14.667032 11.556756
v 12.396244 14.591440 16.636698
v 14.672339 14.491686 12.367495
v 14.678654 15.209694 20.157969
v 12.396430 15.115651 8.787495
v 14.673795 15.149947 8.655553
v 12.394419 15.132194 19.866570
v 12.404003 15.473175 8.198871
v 12.392467 15.047519 14.191422
v 14.693422 13.007747 13.091644
v 14.677731 14.504601 16.324802
v 14.667974 15.822047 8.090369
v 14.670500 15.828673 20.471291
v 12.395628 15.825381 8.104072
v 12.399065 15.810134 20.490179
v 14.757798 12.686488 15.506947
v 14.755423 12.684505 13.069365
v 14.385509 2.097235 13.435618
v 12.682766 2.100776 15.138924
v 12.683664 2.102312 13.434663
v 14.387804 2.100727 15.138668
v -13.436578 17.239990 23.546913
v -15.008066 17.228848 8.515500
v -13.413006 16.223896 23.558975
v -13.423396 17.236403 8.536190
v -13.419632 16.221247 8.522837
v -15.003749 17.247263 23.567917
v -15.009163 16.218014 23.556990
v -15.012856 16.214119 8.528901
v -12.245565 12.659733 15.296801
v -12.245597 12.661570 13.277114
v -14.264517 12.660064 13.276946
v -14.265585 12.660986 15.296698
v -14.477069 12.684644 15.504609
v -12.051991 12.997284 15.475862
v -14.457187 12.999458 13.090944
v -14.428640 13.004912 15.478312
v -14.393161 13.729270 13.122847
v -14.391937 13.979739 15.495667
v -12.120972 13.919044 15.489953
v -14.393379 14.239224 12.800378
v -12.119321 14.500048 16.317581
v -14.394566 14.667032 11.556754
v -14.394371 14.592130 16.638561
v -12.116203 14.605186 11.890586
v -12.112307 15.210639 20.161299
v -14.394092 15.115651 8.787493
v -12.116727 15.149947 8.655553
v -14.388031 15.184209 20.067553
v -14.386484 15.473470 8.198556
v -14.391388 15.825240 20.474508
v -12.114361 14.007545 13.070881
v -14.398054 15.077082 14.770919
v -12.122846 15.822078 8.088706
v -12.113753 15.827994 20.469923
v -12.038751 12.684370 15.508055
v -14.394895 15.825381 8.104069
v -12.036587 12.684743 13.068711
v -14.472652 12.684246 13.066918
v -12.058364 13.001727 13.107560
v -12.402989 2.100771 13.435813
v -12.403912 2.100470 15.138952
v -14.105090 2.097038 15.138498
v -14.108335 2.102272 13.434330
v -12.912975 0.746199 14.628977
v -12.913568 0.746053 13.944685
v -13.596937 0.746098 14.629313
v -13.597401 0.745929 13.945232
v -14.093573 0.870132 15.126062
v -13.596157 -0.001145 13.946275
v -14.093553 0.870218 13.448075
v -12.417387 0.869949 13.449327
v -12.914150 -0.000901 14.627898
v -13.596350 -0.001670 14.627460
v -12.914665 -0.000832 13.945959
v -12.416325 0.870153 15.123510
v -12.402790 2.085529 13.435400
v -14.107407 2.085660 13.434317
v -14.107293 2.084984 15.140168
v -12.404342 2.090646 15.136189
v -4.885470 12.661181 -20.988964
v -4.886274 12.659630 -23.008848
v -6.904607 12.665649 -23.009682
v -6.905968 12.660638 -20.989113
v -7.072646 13.035105 -20.833519
v -4.716886 13.044036 -20.846083
v -7.104450 13.000359 -23.169241
v -4.708281 13.035776 -23.146166
v -4.676701 12.684456 -20.780508
v -4.680034 12.684321 -23.220430
v -7.112205 12.684906 -20.775951
v -7.113338 12.686020 -23.221216
v -5.045867 2.097020 -22.849598
v -6.747805 2.101257 -21.146051
v -6.746342 2.101863 -22.851933
v -5.042490 2.100300 -21.148085
v -7.036986 13.112401 -23.136976
v -5.553318 0.745520 -21.657120
v -5.553429 0.746287 -22.340866
v -6.237470 0.746344 -21.656904
v -6.237088 0.745838 -22.340979
v -6.235848 -0.001692 -22.339548
v -5.554630 -0.000853 -21.657255
v -5.554288 -0.000570 -22.340593
v -6.236401 -0.001087 -21.658144
v -5.057422 0.870067 -22.836672
v -6.733227 0.870018 -22.837366
v -6.734158 0.870436 -21.160324
v -5.056774 0.870102 -21.160835
v -5.043080 2.089808 -22.849030
v -6.747512 2.085032 -22.852522
v -6.747748 2.083663 -21.145615
v -5.045241 2.087403 -21.147772
vn 0.5158 -0.6621 -0.5437
vn 0.6885 -0.6600 -0.3006
vn 0.7408 -0.6612 -0.1181
vn 0.5782 -0.5755 0.5784
vn 0.0086 -0.9999 -0.0053
vn 0.5889 -0.6664 -0.4573
vn 0.7001 -0.6801 -0.2178
vn 0.5990 -0.7550 -0.2667
vn 0.6184 0.7592 -0.2030
vn 0.6196 0.7660 -0.1711
vn -0.7288 -0.6686 -0.1479
vn -0.5755 -0.5751 0.5814
vn -0.6384 0.7665 -0.0703
vn 0.3126 -0.6798 -0.6635
vn 0.5202 0.7849 -0.3366
vn 0.4131 -0.7398 -0.5311
vn -0.3739 0.7598 -0.5320
vn -0.3276 -0.6530 -0.6829
vn -0.6077 -0.6477 -0.4595
vn -0.0758 -0.6686 -0.7398
vn 0.3993 0.6500 -0.6466
vn 0.1984 0.7424 -0.6399
vn -0.2129 0.7745 -0.5957
vn -0.7321 0.6505 0.2022
vn 0.7265 0.6865 -0.0301
vn 0.7710 0.6289 0.0998
vn 0.6658 0.7359 -0.1233
vn 0.6085 0.6721 -0.4219
vn -0.4777 0.7195 0.5042
vn -0.4511 0.7794 -0.4348
vn -0.6561 0.6560 -0.3732
vn -0.6151 0.7589 -0.2139
vn -0.8277 0.4746 0.2993
vn -0.7476 0.6630 -0.0400
vn -0.6519 0.6458 0.3975
vn 0.5678 0.7489 -0.3416
vn -0.5271 0.6255 0.5752
vn 0.4522 0.7634 -0.4612
vn 0.1063 0.6261 0.7724
vn -0.1862 0.6589 0.7288
vn -0.0131 0.7486 -0.6629
vn -0.2980 0.3084 0.9034
vn -0.6930 0.7203 -0.0318
vn 0.6927 0.7202 -0.0371
vn -0.5617 0.6858 0.4628
vn 0.0417 0.6668 0.7440
vn -0.0236 0.9996 0.0166
vn -0.3322 0.6222 0.7089
vn -0.4121 0.5879 0.6961
vn -0.7152 0.6475 0.2630
vn -0.4452 0.6617 0.6033
vn -0.3994 0.6790 0.6160
vn -0.4773 0.6397 0.6024
vn -0.7813 0.5991 0.1751
vn 0.7280 0.6582 0.1919
vn 0.3903 0.6448 0.6571
vn 0.5806 0.6379 0.5060
vn 0.3005 0.3119 0.9013
vn 0.1012 -0.6839 -0.7226
vn 0.4042 0.7034 -0.5847
vn -0.5561 -0.5647 -0.6098
vn 0.5689 0.5536 -0.6081
vn 0.5622 -0.5780 -0.5915
vn -0.5529 0.8329 -0.0228
vn -0.5876 -0.5542 0.5896
vn 0.5929 -0.5735 0.5653
vn -0.5544 -0.5725 -0.6041
vn 0.5914 -0.6101 0.5274
vn -0.5904 -0.5943 0.5462
vn 0.5935 0.5784 0.5596
vn -0.5917 0.5756 0.5645
vn 0.5621 -0.5195 -0.6436
vn -0.5637 0.5770 -0.5910
vn 0.5611 0.5744 -0.5960
vn -0.8510 -0.3523 0.3895
vn -0.5760 -0.5762 -0.5798
vn -0.5819 -0.5812 0.5688
vn 0.5768 -0.5733 -0.5819
vn 0.5652 -0.6065 0.5592
vn 0.5823 0.5567 -0.5924
vn 0.5442 0.4994 0.6742
vn -0.5126 0.1561 0.8444
vn -0.5693 0.6040 -0.5577
vn -0.8506 -0.3534 0.3894
vn -0.6028 0.5603 -0.5680
vn -0.5769 -0.5753 -0.5798
vn -0.5820 -0.5811 0.5688
vn 0.5723 -0.5768 -0.5829
vn 0.5658 -0.6062 0.5589
vn 0.5441 0.4994 0.6743
vn 0.6136 0.5583 -0.5583
vn -0.5128 0.1563 0.8441
vn -0.6039 0.5593 -0.5679
vn -0.5759 -0.5763 -0.5798
vn -0.8511 -0.3523 0.3894
vn -0.5817 -0.5814 0.5689
vn 0.5785 -0.5720 -0.5815
vn 0.5662 -0.6058 0.5589
vn 0.5788 0.5579 -0.5947
vn 0.5436 0.4997 0.6744
vn -0.5126 0.1561 0.8443
vn -0.8498 -0.3551 0.3896
vn -0.5769 -0.5751 -0.5800
vn -0.5821 -0.5810 0.5689
vn 0.5722 -0.5770 -0.5828
vn 0.5659 -0.6062 0.5589
vn 0.5440 0.4994 0.6743
vn 0.6135 0.5584 -0.5585
vn -0.5132 0.1564 0.8439
vn -0.5694 0.6041 -0.5576
vn -0.8513 -0.3520 0.3891
vn -0.5772 -0.5753 -0.5796
vn -0.5819 -0.5812 0.5689
vn 0.5730 -0.5765 -0.5825
vn 0.5666 -0.6056 0.5588
vn 0.5432 0.4992 0.6750
vn 0.6126 0.5585 -0.5593
vn -0.5127 0.1565 0.8442
vn -0.5690 0.6043 -0.5577
vn -0.5729 -0.5826 0.5765
vn 0.5721 -0.5770 -0.5829
vn 0.5660 -0.6060 0.5589
vn 0.5439 0.4994 0.6744
vn 0.6136 0.5583 -0.5584
vn -0.5133 0.1565 0.8438
vn -0.5680 0.6050 -0.5580
vn -0.5784 -0.5745 -0.5792
vn -0.8493 -0.3559 0.3899
vn -0.8521 -0.3500 0.3891
vn -0.6012 0.5611 -0.5690
vn -0.5769 -0.5760 -0.5791
vn -0.5818 -0.5813 0.5688
vn 0.5770 -0.5735 -0.5815
vn 0.5833 0.5566 -0.5916
vn 0.5441 0.4994 0.6742
vn -0.5124 0.1559 0.8445
vn -0.5034 0.1596 0.8492
vn -0.6075 0.5626 -0.5606
vn -0.5784 -0.5748 -0.5788
vn -0.5732 -0.5824 0.5764
vn 0.5760 -0.5744 -0.5816
vn 0.5656 -0.6063 0.5590
vn 0.5836 0.5563 -0.5916
vn 0.5442 0.4991 0.6744
vn -0.8534 -0.3309 0.4028
vn -0.5722 -0.5830 0.5768
vn 0.5719 -0.5779 -0.5822
vn 0.5679 -0.6031 0.5601
vn 0.6107 0.5658 -0.5539
vn -0.5039 0.1588 0.8490
vn -0.5554 0.6139 -0.5610
vn -0.5805 -0.5735 -0.5779
vn -0.8498 -0.3404 0.4025
vn 0.5443 0.4998 0.6738
vn -0.5730 -0.5826 0.5764
vn 0.5765 -0.5741 -0.5814
vn 0.5653 -0.6065 0.5591
vn 0.5837 0.5566 -0.5912
vn 0.5444 0.4991 0.6742
vn -0.5043 0.1587 0.8488
vn -0.5564 0.6134 -0.5606
vn -0.5792 -0.5747 -0.5782
vn -0.8495 -0.3412 0.4024
vn -0.8536 -0.3384 0.3959
vn -0.5102 0.1576 0.8455
vn -0.5667 0.6055 -0.5588
vn -0.5728 -0.5826 0.5766
vn 0.5756 -0.5746 -0.5818
vn 0.5657 -0.6062 0.5590
vn 0.6103 0.5604 -0.5599
vn 0.5437 0.4994 0.6745
vn -0.5791 -0.5744 -0.5785
vn -0.8508 -0.3530 0.3893
vn -0.6034 0.5600 -0.5678
vn -0.5761 -0.5760 -0.5799
vn -0.5820 -0.5812 0.5688
vn 0.5760 -0.5739 -0.5821
vn 0.6096 0.5604 -0.5606
vn 0.5436 0.4995 0.6746
vn -0.5128 0.1563 0.8442
vn 0.5764 -0.5741 -0.5816
vn 0.5654 -0.6063 0.5591
vn 0.5837 0.5563 -0.5914
vn 0.5442 0.4992 0.6743
vn -0.5047 0.1586 0.8486
vn -0.5568 0.6133 -0.5602
vn -0.5790 -0.5747 -0.5784
vn -0.8482 -0.3445 0.4023
vn -0.5743 -0.5855 0.5722
vn 0.5720 -0.5771 -0.5829
vn 0.5660 -0.6061 0.5589
vn 0.6138 0.5582 -0.5582
vn -0.5134 0.1565 0.8438
vn -0.5673 0.6053 -0.5583
vn -0.5790 -0.5742 -0.5789
vn -0.8494 -0.3558 0.3897
vn 0.5719 -0.5773 -0.5828
vn 0.5659 -0.6061 0.5589
vn 0.6142 0.5580 -0.5580
vn -0.5112 0.1577 0.8449
vn -0.5667 0.6057 -0.5586
vn -0.5794 -0.5740 -0.5786
vn -0.8522 -0.3485 0.3903
vn 0.5762 -0.5738 -0.5820
vn 0.5652 -0.6066 0.5591
vn 0.5824 0.5566 -0.5924
vn 0.5442 0.4993 0.6742
vn -0.5136 0.1567 0.8436
vn -0.5781 -0.5748 -0.5792
vn -0.8485 -0.3577 0.3899
vn -0.8504 -0.3538 0.3894
vn -0.5770 -0.5753 -0.5798
vn 0.5730 -0.5764 -0.5826
vn 0.5665 -0.6057 0.5588
vn 0.5433 0.4994 0.6749
vn 0.6122 0.5585 -0.5597
vn -0.5130 0.1564 0.8440
vn -0.5696 0.6040 -0.5574
vn -0.5733 -0.5823 0.5764
vn 0.5833 0.5564 -0.5917
vn 0.5446 0.4990 0.6741
vn -0.5047 0.1594 0.8484
vn -0.5572 0.6132 -0.5599
vn -0.5788 -0.5746 -0.5786
vn -0.8469 -0.3464 0.4034
vn -0.5733 -0.5824 0.5763
vn 0.5765 -0.5739 -0.5816
vn 0.5652 -0.6065 0.5591
vn 0.5446 0.4991 0.6741
vn -0.5787 -0.5748 -0.5785
vn -0.8469 -0.3464 0.4035
vn -0.8534 -0.3389 0.3961
vn -0.5102 0.1575 0.8455
vn -0.5672 0.6053 -0.5585
vn -0.5729 -0.5827 0.5764
vn 0.5764 -0.5738 -0.5818
vn 0.5828 0.5566 -0.5921
vn 0.5443 0.4993 0.6742
vn -0.5785 -0.5749 -0.5787
vn -0.5734 -0.5823 0.5763
vn 0.5721 -0.5774 -0.5825
vn 0.5442 0.4991 0.6743
vn 0.6147 0.5580 -0.5575
vn -0.5048 0.1594 0.8484
vn -0.5566 0.6135 -0.5601
vn -0.5798 -0.5739 -0.5784
vn -0.8470 -0.3463 0.4034
vn -0.8506 -0.3531 0.3895
vn -0.5760 -0.5762 -0.5799
vn 0.5768 -0.5732 -0.5820
vn 0.5822 0.5566 -0.5926
vn -0.5127 0.1561 0.8443
vn -0.5696 0.6039 -0.5576
vn 0.5720 -0.5775 -0.5825
vn 0.5446 0.4987 0.6743
vn 0.6147 0.5578 -0.5576
vn -0.5047 0.1598 0.8484
vn -0.5565 0.6137 -0.5600
vn -0.8470 -0.3463 0.4032
vn -0.8516 -0.3513 0.3891
vn -0.6027 0.5602 -0.5682
vn -0.5763 -0.5759 -0.5799
vn -0.5818 -0.5812 0.5689
vn 0.5767 -0.5736 -0.5818
vn 0.5826 0.5567 -0.5922
vn -0.5124 0.1560 0.8444
vn -0.5734 -0.5824 0.5763
vn 0.5834 0.5564 -0.5917
vn -0.8469 -0.3463 0.4035
vn 0.5829 0.5567 -0.5919
vn 0.5833 0.5565 -0.5916
vn 0.5768 -0.5736 -0.5816
vn 0.5648 -0.6068 0.5592
vn 0.5830 0.5567 -0.5917
vn 0.5451 0.4990 0.6738
vn -0.5046 0.1594 0.8485
vn -0.5786 -0.5749 -0.5785
vn 0.5762 -0.5743 -0.5815
vn 0.5654 -0.6064 0.5591
vn 0.5837 0.5565 -0.5913
vn -0.5045 0.1586 0.8487
vn -0.5565 0.6133 -0.5604
vn -0.5793 -0.5745 -0.5783
vn -0.8489 -0.3428 0.4023
vn -0.5728 -0.5827 0.5765
vn 0.5720 -0.5773 -0.5827
vn 0.5442 0.4993 0.6741
vn 0.6143 0.5582 -0.5577
vn -0.5130 0.1563 0.8440
vn -0.5665 0.6057 -0.5587
vn -0.5794 -0.5741 -0.5786
vn -0.8503 -0.3539 0.3895
vn -0.8496 -0.3553 0.3898
vn -0.5757 -0.5763 -0.5800
vn -0.5821 -0.5811 0.5687
vn 0.5769 -0.5731 -0.5820
vn 0.5651 -0.6066 0.5592
vn 0.5820 0.5568 -0.5926
vn 0.5444 0.4992 0.6741
vn -0.5699 0.6038 -0.5574
vn -0.6034 0.5596 -0.5681
vn -0.5759 -0.5762 -0.5799
vn 0.5821 0.5568 -0.5926
vn -0.5129 0.1563 0.8441
vn -0.5035 0.1600 0.8490
vn -0.6067 0.5633 -0.5609
vn -0.5796 -0.5739 -0.5786
vn -0.5733 -0.5823 0.5765
vn 0.5719 -0.5777 -0.5825
vn 0.5655 -0.6065 0.5589
vn 0.5452 0.4986 0.6738
vn 0.6148 0.5577 -0.5576
vn -0.8524 -0.3403 0.3971
vn -0.5045 0.1595 0.8486
vn -0.5573 0.6131 -0.5599
vn -0.8479 -0.3439 0.4034
vn 0.5763 -0.5744 -0.5813
vn 0.5840 0.5565 -0.5909
vn -0.5043 0.1585 0.8489
vn -0.5561 0.6134 -0.5608
vn -0.5795 -0.5744 -0.5781
vn -0.8499 -0.3407 0.4021
vn -0.8503 -0.3539 0.3896
vn -0.5760 -0.5759 -0.5801
vn -0.5820 -0.5811 0.5689
vn 0.5764 -0.5737 -0.5820
vn 0.5823 0.5565 -0.5926
vn 0.5439 0.4994 0.6743
vn -0.5128 0.1562 0.8441
vn -0.5698 0.6038 -0.5574
vn 0.5762 -0.5742 -0.5817
vn 0.5655 -0.6063 0.5591
vn 0.5836 0.5563 -0.5915
vn -0.5048 0.1595 0.8484
vn -0.5788 -0.5747 -0.5785
vn 0.5753 -0.5746 -0.5821
vn 0.5658 -0.6062 0.5590
vn 0.6101 0.5601 -0.5604
vn -0.5137 0.1566 0.8435
vn -0.5678 0.6051 -0.5581
vn -0.5785 -0.5745 -0.5790
vn -0.8488 -0.3572 0.3898
vn -0.8515 -0.3513 0.3893
vn -0.6019 0.5607 -0.5686
vn -0.5773 -0.5752 -0.5795
vn 0.5449 0.4992 0.6737
vn -0.5124 0.1560 0.8445
vn -0.5728 -0.5825 0.5766
vn 0.5721 -0.5777 -0.5822
vn 0.6151 0.5581 -0.5569
vn -0.5043 0.1586 0.8488
vn -0.5554 0.6138 -0.5610
vn -0.8499 -0.3404 0.4022
vn 0.5721 -0.5774 -0.5824
vn 0.5661 -0.6060 0.5588
vn 0.5443 0.4990 0.6744
vn 0.6145 0.5579 -0.5578
vn -0.5046 0.1597 0.8485
vn -0.5567 0.6136 -0.5601
vn -0.8481 -0.3504 0.3975
vn -0.8535 -0.3394 0.3955
vn -0.5105 0.1578 0.8453
vn -0.5668 0.6056 -0.5586
vn 0.5724 -0.5772 -0.5823
vn 0.5666 -0.6057 0.5587
vn 0.5433 0.4992 0.6750
vn 0.6132 0.5582 -0.5589
vn -0.5798 -0.5737 -0.5785
vn -0.8516 -0.3511 0.3891
vn -0.6026 0.5602 -0.5683
vn -0.5765 -0.5758 -0.5798
vn 0.5766 -0.5737 -0.5818
vn 0.5653 -0.6064 0.5592
vn -0.8504 -0.3537 0.3895
vn -0.6035 0.5600 -0.5677
vn -0.5758 -0.5763 -0.5799
vn 0.5770 -0.5730 -0.5820
vn 0.5649 -0.6067 0.5593
vn 0.5819 0.5569 -0.5927
vn 0.5446 0.4993 0.6739
vn -0.5120 0.1569 0.8446
vn -0.8500 -0.3547 0.3896
vn -0.5761 -0.5758 -0.5802
vn 0.5756 -0.5742 -0.5821
vn 0.6096 0.5604 -0.5607
vn 0.5435 0.4995 0.6746
vn -0.5700 0.6037 -0.5573
vn 0.5753 -0.5746 -0.5822
vn 0.5659 -0.6061 0.5590
vn -0.5134 0.1564 0.8438
vn 0.5748 0.6129 -0.5421
vn -0.5783 -0.5748 -0.5789
vn -0.8495 -0.3555 0.3898
vn 0.5434 0.4995 0.6747
vn -0.5727 -0.5828 0.5765
vn 0.5767 -0.5740 -0.5813
vn 0.5837 0.5566 -0.5911
vn -0.5056 0.2149 0.8356
vn -0.5580 0.6104 -0.5622
vn -0.5780 -0.5777 -0.5764
vn -0.8714 -0.2892 0.3964
vn 0.5766 -0.5740 -0.5814
vn 0.5445 0.4991 0.6742
vn -0.5791 -0.5747 -0.5782
vn -0.8494 -0.3415 0.4024
vn -0.8508 -0.3529 0.3894
vn -0.6033 0.5600 -0.5678
vn 0.5766 -0.5734 -0.5820
vn 0.5824 0.5566 -0.5925
vn -0.5127 0.1563 0.8442
vn 0.7814 0.3782 -0.4964
vn -0.5654 -0.4946 0.6601
vn -0.7089 0.5566 0.4333
vn 0.7992 0.5121 -0.3146
vn 0.5886 -0.4811 0.6497
vn 0.4358 0.7349 0.5197
vn 0.7816 0.3782 -0.4960
vn -0.5675 -0.4934 0.6592
vn -0.7067 0.5589 0.4338
vn 0.7994 0.5120 -0.3144
vn 0.5883 -0.4812 0.6499
vn 0.4358 0.7345 0.5202
vn 0.5886 -0.4810 0.6497
vn -0.7090 0.5565 0.4333
vn 0.5887 -0.4810 0.6497
vn 0.5883 -0.4811 0.6499
vn 0.5887 -0.4809 0.6497
vn 0.5885 -0.4811 0.6497
vn 0.6832 0.4527 -0.5730
vn 0.5884 -0.4765 0.6532
vn 0.0478 -0.7465 -0.6636
vn 0.5567 0.6840 0.4714
vn -0.6538 0.5390 0.5310
vn -0.5187 -0.5895 0.6193
vn -0.6983 0.4915 -0.5204
vn -0.3908 0.5841 0.7114
vn 0.7287 0.0624 0.6820
vn 0.6677 0.6716 -0.3212
vn -0.0889 -0.6258 0.7749
vn -0.9493 -0.1850 0.2541
vn -0.6140 -0.7824 -0.1043
vn 0.3942 -0.0204 -0.9188
vn -0.7546 0.6407 -0.1420
vn 0.9483 -0.3150 -0.0381
vn 0.3235 -0.9422 -0.0871
vn 0.4221 -0.6291 -0.6527
vn 0.8956 -0.4019 -0.1908
vn 0.7390 -0.3906 0.5489
vn -0.5806 -0.5748 0.5766
vn 0.0211 -0.9997 -0.0128
vn 0.7938 -0.5791 -0.1861
vn 0.6318 -0.6689 -0.3917
vn 0.4210 -0.6703 -0.6111
vn -0.1597 -0.5970 -0.7862
vn 0.1184 -0.6804 -0.7233
vn 0.8006 -0.5391 -0.2616
vn -0.9685 0.2487 -0.0102
vn -0.7920 -0.5999 -0.1133
vn 0.3211 0.7283 -0.6054
vn -0.0070 0.2257 -0.9742
vn 0.0138 0.9999 -0.0078
vn -0.0141 0.7119 0.7021
vn 0.3879 0.6963 0.6039
vn 0.5071 0.8410 -0.1886
vn 0.4155 0.8384 -0.3528
vn 0.5107 0.8480 -0.1414
vn 0.3130 0.7389 -0.5967
vn 0.5914 0.5057 -0.6281
vn 0.0513 0.9011 -0.4306
vn -0.0495 0.9113 -0.4087
vn 0.3290 0.8166 -0.4742
vn 0.2139 0.8619 -0.4598
vn 0.4931 0.7972 -0.3484
vn -0.2222 0.9385 -0.2643
vn -0.2766 0.9468 -0.1647
vn -0.3879 0.9217 -0.0104
vn -0.2571 0.7190 0.6457
vn -0.3640 0.9301 -0.0501
vn -0.7008 0.3527 0.6201
vn 0.7468 0.2140 -0.6297
vn 0.6089 0.7816 -0.1359
vn 0.8544 0.1676 -0.4919
vn 0.7620 0.1441 -0.6314
vn 0.5358 -0.4677 -0.7030
vn 0.3939 0.8494 0.3511
vn -0.3837 0.6914 -0.6121
vn -0.3909 0.8472 0.3598
vn 0.3835 0.6911 -0.6126
vn -0.7279 -0.4052 -0.5532
vn -0.6655 -0.2939 0.6861
vn 0.7292 -0.4057 -0.5510
vn -0.7117 0.0640 0.6996
vn 0.2415 0.6167 0.7493
vn -0.6424 0.6900 -0.3335
vn 0.5438 -0.5316 0.6493
vn 0.6827 -0.6485 -0.3367
vn 0.9686 0.2395 -0.0665
vn 0.3618 0.9279 -0.0904
vn -0.9451 -0.3247 -0.0359
vn -0.3303 -0.9399 -0.0871
vn 0.7450 0.0141 -0.6669
vn -0.1267 -0.0095 -0.9919
vn 0.6980 0.2738 0.6617
vn 0.5785 -0.5783 -0.5752
vn 0.6960 0.2773 -0.6624
vn -0.5751 -0.5843 -0.5726
vn 0.5757 -0.5807 0.5756
vn 0.3604 0.7886 0.4983
vn -0.5556 0.4714 0.6849
vn -0.6861 0.3247 0.6511
vn -0.5783 -0.5784 0.5754
vn -0.3827 0.7815 -0.4927
vn 0.3597 0.7889 -0.4983
vn -0.7002 0.2716 -0.6602
vn -0.5372 0.6346 0.5556
vn 0.0508 0.7286 0.6830
vn 0.1307 0.6754 -0.7258
vn -0.1637 0.6601 -0.7331
vn -0.3110 -0.7175 0.6232
vn 0.3139 -0.7175 0.6218
vn 0.3498 -0.6924 -0.6311
vn 0.4913 -0.4441 -0.7493
vn 0.5192 0.6816 -0.5155
vn 0.8721 0.4415 -0.2111
vn 0.6895 -0.6021 -0.4026
vn -0.5102 -0.6156 -0.6006
vn -0.4531 0.6754 -0.5818
vn -0.3378 -0.6999 -0.6293
vn -0.4896 -0.4647 -0.7378
vn -0.1461 -0.6189 0.7718
vn -0.3579 0.2680 0.8945
vn -0.7296 0.6253 -0.2770
vn -0.8071 -0.5187 -0.2820
vn -0.0282 -0.7502 0.6606
vn 0.4423 0.7426 0.5029
vn 0.2110 -0.7827 0.5856
vn 0.2710 0.7476 0.6064
vn -0.1815 0.7579 0.6266
vn 0.3662 0.6669 -0.6489
vn -0.3938 0.7457 0.5374
vn 0.3318 0.4919 0.8049
vn 0.2713 -0.5341 0.8007
vn -0.2196 -0.7903 0.5720
vn 0.4647 -0.6317 -0.6205
vn 0.1493 -0.6244 0.7667
vn -0.7090 0.5564 0.4332
vn -0.5653 -0.4945 0.6602
vn 0.6836 0.4525 -0.5727
vn 0.5882 -0.4765 0.6534
vn 0.0469 -0.7451 -0.6653
vn 0.5569 0.6836 0.4718
vn -0.6521 0.5403 0.5318
vn -0.5203 -0.5897 0.6176
vn -0.6975 0.4931 -0.5199
vn 0.5885 -0.4764 0.6532
vn 0.5723 0.5782 0.5815
vn -0.5751 0.5881 0.5686
vn -0.5863 -0.5683 0.5773
vn 0.5760 0.5664 -0.5894
vn 0.5761 -0.5801 -0.5758
vn -0.5801 -0.5730 -0.5789
vn -0.5824 0.5820 -0.5676
vn 0.5800 -0.5661 0.5857
vn 0.5773 -0.5774 -0.5774
vn 0.5773 0.5774 0.5774
vn 0.5774 -0.5774 0.5774
vn 0.5774 0.5774 -0.5774
vn -0.8430 0.5366 -0.0384
vn -0.8430 -0.5363 0.0409
vn 0.8389 0.4679 0.2780
vn 0.8473 -0.4584 -0.2682
vn 0.3913 -0.8329 0.3914
vn 0.5786 -0.5743 0.5791
vn 0.5771 -0.5779 -0.5770
vn -0.5726 -0.5804 0.5790
vn -0.5748 -0.5837 -0.5736
vn 0.5978 -0.5345 -0.5974
vn 0.5982 -0.5344 0.5972
vn -0.5972 -0.5345 0.5981
vn -0.3911 -0.8331 0.3912
vn -0.3915 -0.8326 -0.3917
vn -0.5976 -0.5349 -0.5973
vn 0.3916 -0.8327 -0.3914
vn -0.5804 0.5704 -0.5811
vn 0.5806 0.5712 -0.5801
vn -0.5805 0.5704 0.5811
vn 0.5799 0.5730 0.5790
vn -0.9999 0.0114 0.0007
vn -0.7047 0.0851 0.7043
vn -0.8323 -0.2611 0.4890
vn 0.8117 -0.2110 -0.5447
vn -0.7801 -0.4937 -0.3844
vn 0.7664 -0.5755 -0.2854
vn -0.7227 -0.6740 -0.1531
vn -0.7309 -0.6483 0.2133
vn -0.6590 -0.6609 0.3592
vn -0.6094 -0.4796 -0.6314
vn 0.6663 -0.6425 -0.3784
vn -0.6663 -0.6989 -0.2600
vn 0.5658 0.4036 -0.7190
vn -0.5706 0.3401 0.7475
vn 0.6220 -0.6245 0.4723
vn 0.5527 0.4397 0.7080
vn 0.6378 -0.4857 -0.5978
vn 0.6141 -0.4963 0.6136
vn 0.3327 -0.8822 0.3333
vn 0.7575 -0.6022 0.2521
vn -0.5685 0.5006 -0.6529
vn 0.3382 -0.8779 -0.3389
vn -0.3341 -0.8813 -0.3343
vn -0.6150 -0.5024 0.6078
vn -0.3387 -0.8776 0.3391
vn 0.7229 0.0983 0.6839
vn 0.6842 0.1095 -0.7210
vn 0.7995 -0.2796 0.5316
vn -0.5738 -0.5850 0.5732
vn -0.5739 -0.5840 -0.5741
vn 0.5724 -0.5864 -0.5731
vn 0.5739 -0.5846 0.5735
vn 0.5723 -0.5782 -0.5815
vn -0.5763 -0.5859 -0.5697
vn -0.5863 0.5683 -0.5773
vn 0.5788 -0.5758 0.5775
vn 0.5822 0.5801 0.5697
vn -0.5801 0.5730 0.5789
vn -0.5774 -0.5833 0.5712
vn 0.5702 0.5790 -0.5828
vn -1.0000 0.0098 0.0018
vn -0.6973 0.0936 0.7106
vn -0.8279 -0.2581 0.4979
vn -0.7832 -0.4950 -0.3763
vn 0.8356 -0.2634 -0.4821
vn -0.7645 -0.1499 -0.6269
vn 0.5583 0.4380 0.7046
vn 0.7522 -0.6049 0.2615
vn 0.7388 -0.6370 -0.2199
vn -0.7228 -0.6728 -0.1578
vn -0.7326 -0.6462 0.2141
vn 0.6278 -0.6265 0.4619
vn -0.6356 -0.6369 0.4363
vn -0.6094 -0.4795 -0.6315
vn 0.6667 -0.6431 -0.3766
vn -0.6650 -0.7007 -0.2585
vn 0.6047 0.3808 -0.6996
vn -0.5644 0.3993 0.7225
vn -0.3376 -0.8780 0.3394
vn -0.6236 -0.4936 0.6062
vn -0.3393 -0.8772 -0.3397
vn -0.5980 -0.5213 -0.6089
vn 0.7218 0.0722 0.6883
vn 0.6128 -0.5037 -0.6089
vn 0.7220 0.0833 -0.6868
vn -0.5687 0.5008 -0.6525
vn 0.3392 -0.8781 -0.3376
vn -0.7139 0.0605 -0.6977
vn 0.5949 -0.5161 0.6162
vn 0.8130 -0.2395 0.5307
vn 0.5738 -0.5849 -0.5733
vn 0.5738 -0.5847 0.5735
vn -0.5723 -0.5864 0.5732
vn -0.5741 -0.5839 -0.5740
vn -0.3919 -0.8326 -0.3913
vn -0.5776 -0.5709 -0.5836
vn -0.5793 -0.5800 0.5728
vn 0.5754 -0.5802 -0.5765
vn 0.5773 -0.5777 0.5770
vn 0.3913 -0.8330 0.3913
vn 0.5983 -0.5343 0.5971
vn 0.3910 -0.8328 -0.3918
vn -0.5971 -0.5345 0.5981
vn -0.3907 -0.8329 0.3919
vn -0.5974 -0.5346 -0.5978
vn 0.5974 -0.5350 -0.5975
vn 0.5808 0.5704 -0.5808
vn -0.5804 0.5708 -0.5807
vn -0.5806 0.5702 0.5812
vn 0.5794 0.5734 0.5791
vn -0.7053 0.3172 -0.6340
vn -0.6083 -0.4792 0.6327
vn -0.5464 0.6386 0.5419
vn 0.5711 0.6407 -0.5133
vn 0.6158 -0.4728 0.6302
vn 0.6004 -0.4771 -0.6418
vn -0.3788 0.7808 -0.4968
vn -0.5869 -0.5052 -0.6328
vn -0.3329 -0.8825 -0.3321
vn 0.5490 0.6469 0.5293
vn -0.5737 -0.5847 0.5736
vn -0.5736 -0.5842 -0.5742
vn 0.5726 -0.5866 -0.5727
vn 0.5741 -0.5846 0.5732
vn -0.5771 -0.5795 -0.5755
vn 0.5767 -0.5777 0.5776
vn -0.5775 -0.5780 0.5765
vn 0.5774 -0.5771 -0.5775
vn -0.3912 -0.8329 0.3914
vn 0.3917 -0.8322 0.3923
vn 0.5980 -0.5341 0.5975
vn -0.3915 -0.8325 -0.3920
vn -0.5977 -0.5348 0.5974
vn 0.5975 -0.5346 -0.5976
vn 0.5803 0.5730 -0.5787
vn -0.5806 0.5704 -0.5809
vn -0.5972 -0.5351 -0.5975
vn -0.5807 0.5702 0.5811
vn 0.5792 0.5724 0.5804
vn -0.7053 0.7089 -0.0050
vn 0.3944 0.7783 -0.4886
vn -0.6476 0.6440 0.4072
vn -0.5557 0.6039 0.5714
vn 0.7324 0.6799 -0.0365
vn 0.7643 0.5353 0.3596
vn 0.6634 0.5534 0.5037
vn 0.4703 0.6336 0.6143
vn 0.3227 0.6425 0.6951
vn -0.7407 0.6359 0.2171
vn -0.6272 0.7255 0.2832
vn 0.8294 0.5577 -0.0311
vn -0.6037 0.6139 0.5086
vn 0.8895 0.3024 0.3425
vn -0.8705 0.3217 0.3725
vn -0.5860 0.5578 0.5878
vn 0.5874 0.5052 0.6322
vn -0.5852 0.5741 0.5728
vn 0.5626 0.5634 0.6050
vn 0.8757 0.2993 0.3790
vn -0.8847 0.3266 0.3327
vn -0.6064 0.4989 0.6192
vn 0.5712 0.5966 0.5638
vn 0.6004 0.5684 0.5625
vn 0.5900 0.5899 0.5513
vn -0.5914 -0.0576 -0.8043
vn 0.5734 0.5860 -0.5725
vn -0.5742 0.5839 -0.5738
vn -0.5740 0.5848 0.5732
vn 0.5749 0.5826 0.5745
vn 0.5802 -0.5713 -0.5805
vn 0.5808 -0.5695 0.5817
vn -0.5798 -0.5721 0.5801
vn -0.5812 -0.5685 -0.5822
vn 0.3656 -0.2865 -0.8856
vn -0.6603 -0.4256 -0.6187
vn -0.8151 0.2916 -0.5005
vn -0.8824 0.3254 -0.3398
vn -0.3879 0.3163 -0.8657
vn -0.5267 0.2836 -0.8014
vn -0.1780 0.9303 -0.3208
vn 0.6608 -0.2883 0.6930
vn 0.5734 -0.5860 0.5725
vn -0.5742 -0.5839 0.5738
vn -0.5740 -0.5848 -0.5732
vn 0.5749 -0.5826 -0.5745
vn 0.5802 0.5713 0.5805
vn 0.5808 0.5695 -0.5817
vn -0.5798 0.5721 -0.5801
vn -0.5812 0.5685 0.5822
vn -0.5774 0.5774 0.5774
vn -0.5774 -0.5774 0.5774
vn -0.5774 -0.5774 -0.5774
vn -0.5773 0.5774 -0.5773
vn -0.0000 -0.0000 -0.0000
vn -0.7658 -0.1468 -0.6261
vn -0.7264 0.0815 -0.6824
vn -0.5922 -0.5125 -0.6219
vn 0.3393 -0.8775 0.3390
vn 0.3393 -0.8780 0.3376
vn 0.3385 -0.8768 -0.3414
vn -0.3421 -0.8772 0.3370
vt 0.526771 0.791862
vt 0.534955 0.800101
vt 0.534817 0.809857
vt 0.535510 0.961614
vt 0.452646 0.752024
vt 0.412439 0.569602
vt 0.427587 0.605955
vt 0.460133 0.734374
vt 0.484565 0.589044
vt 0.519627 0.704054
vt 0.259235 0.611112
vt 0.259232 0.961802
vt 0.195836 0.616321
vt 0.383840 0.541852
vt 0.525372 0.722903
vt 0.474343 0.761082
vt 0.195836 0.548030
vt 0.259225 0.538570
vt 0.259225 0.566873
vt 0.281521 0.566849
vt 0.312194 0.541162
vt 0.338479 0.533184
vt 0.195835 0.464347
vt 0.259225 0.470757
vt 0.195835 0.477200
vt 0.195836 0.528418
vt 0.259225 0.512279
vt 0.669580 0.720587
vt 0.683635 0.599012
vt 0.669629 0.719637
vt 0.866216 0.787784
vt 0.852145 0.596943
vt 0.855140 0.598521
vt 0.596157 0.809867
vt 0.598506 0.795122
vt 0.606409 0.789588
vt 0.826050 0.544198
vt 0.838915 0.559535
vt 0.850137 0.579398
vt 0.597384 0.805991
vt 0.600994 0.829526
vt 0.696949 0.563715
vt 0.694056 0.569399
vt 0.713162 0.549079
vt 0.710355 0.546868
vt 0.774730 0.525079
vt 0.740353 0.534280
vt 0.765483 0.521307
vt 0.550145 0.470839
vt 0.549538 0.340321
vt 0.814702 0.339064
vt 0.667420 0.075841
vt 0.733097 0.044455
vt 0.627730 0.257161
vt 0.750689 0.597318
vt 0.726802 0.540489
vt 0.715614 0.610997
vt 0.726185 0.606856
vt 0.716641 0.768719
vt 0.710351 0.803325
vt 0.657736 0.759259
vt 0.564637 0.293807
vt 0.547255 0.315668
vt 0.810083 0.111040
vt 0.766406 0.054477
vt 0.791403 0.073256
vt 0.787875 0.583120
vt 0.195836 0.505848
vt 0.259453 0.611051
vt 0.529411 0.966857
vt 0.264461 0.967206
vt 0.490304 0.340262
vt 0.259231 0.496928
vt 0.605648 0.781385
vt 0.534920 0.791850
vt 0.371813 0.960791
vt 0.355156 0.694083
vt 0.371817 0.695866
vt 0.355909 0.960851
vt 0.374049 0.960822
vt 0.374042 0.695835
vt 0.386471 0.701452
vt 0.384515 0.955632
vt 0.384429 0.701437
vt 0.449943 0.701295
vt 0.419449 0.955692
vt 0.419454 0.701347
vt 0.386548 0.955594
vt 0.417077 0.701400
vt 0.417765 0.956183
vt 0.076150 0.987593
vt 0.082212 0.894330
vt 0.082283 0.987522
vt 0.090921 0.894335
vt 0.091061 0.987418
vt 0.059363 0.894329
vt 0.066417 0.894575
vt 0.065800 0.989359
vt 0.075186 0.990068
vt 0.075064 0.894431
vt 0.125226 0.987594
vt 0.124145 0.894436
vt 0.131292 0.894330
vt 0.131363 0.987522
vt 0.139992 0.894312
vt 0.140141 0.987418
vt 0.114882 0.989375
vt 0.108443 0.894290
vt 0.115496 0.894566
vt 0.124260 0.990074
vt 0.108287 0.987485
vt 0.174450 0.894432
vt 0.181599 0.894330
vt 0.175537 0.987595
vt 0.181670 0.987522
vt 0.190307 0.894335
vt 0.190440 0.987536
vt 0.158749 0.894329
vt 0.165808 0.894529
vt 0.165185 0.989357
vt 0.174572 0.990068
vt 0.225840 0.987595
vt 0.231895 0.894313
vt 0.231973 0.987523
vt 0.240606 0.894312
vt 0.240755 0.987418
vt 0.215496 0.989376
vt 0.209056 0.894290
vt 0.216109 0.894565
vt 0.224873 0.990074
vt 0.224758 0.894438
vt 0.208900 0.987485
vt 0.277373 0.987594
vt 0.283439 0.894330
vt 0.283510 0.987522
vt 0.292140 0.894312
vt 0.292288 0.987418
vt 0.267024 0.989389
vt 0.260590 0.894290
vt 0.267649 0.894559
vt 0.276413 0.990068
vt 0.276291 0.894430
vt 0.260434 0.987485
vt 0.333817 0.987522
vt 0.342446 0.894312
vt 0.342595 0.987418
vt 0.317338 0.989376
vt 0.310897 0.894290
vt 0.317950 0.894564
vt 0.326720 0.990068
vt 0.326598 0.894433
vt 0.310741 0.987485
vt 0.333745 0.894349
vt 0.327681 0.987596
vt 0.371856 0.987592
vt 0.370768 0.894406
vt 0.377918 0.894330
vt 0.377989 0.987522
vt 0.386626 0.894336
vt 0.386767 0.987418
vt 0.355068 0.894329
vt 0.362122 0.894575
vt 0.361505 0.989359
vt 0.370891 0.990068
vt 0.423697 0.990084
vt 0.423528 0.894406
vt 0.430667 0.894322
vt 0.430746 0.987523
vt 0.439386 0.894332
vt 0.439528 0.987418
vt 0.407829 0.894323
vt 0.414883 0.894575
vt 0.414270 0.989375
vt 0.424606 0.987588
vt 0.479825 0.987523
vt 0.488459 0.894312
vt 0.488602 0.987532
vt 0.456746 0.987456
vt 0.456909 0.894290
vt 0.463962 0.894567
vt 0.472772 0.990089
vt 0.472605 0.894386
vt 0.479746 0.894327
vt 0.473694 0.987598
vt 0.463398 0.989424
vt 0.532652 0.987522
vt 0.541289 0.894335
vt 0.541430 0.987418
vt 0.509731 0.894328
vt 0.516785 0.894575
vt 0.516168 0.989357
vt 0.525594 0.990089
vt 0.525428 0.894391
vt 0.532580 0.894355
vt 0.526517 0.987598
vt 0.579268 0.987597
vt 0.578340 0.990099
vt 0.578182 0.894407
vt 0.585400 0.987523
vt 0.594040 0.894331
vt 0.594182 0.987418
vt 0.562484 0.894321
vt 0.569538 0.894575
vt 0.568921 0.989357
vt 0.585321 0.894327
vt 0.630555 0.987594
vt 0.629473 0.894435
vt 0.636621 0.894330
vt 0.636692 0.987522
vt 0.645327 0.894330
vt 0.645470 0.987418
vt 0.613771 0.894320
vt 0.620825 0.894575
vt 0.620207 0.989356
vt 0.629588 0.990074
vt 0.679187 0.987522
vt 0.687824 0.894334
vt 0.687965 0.987418
vt 0.656266 0.894326
vt 0.663321 0.894575
vt 0.662702 0.989356
vt 0.672129 0.990090
vt 0.671964 0.894399
vt 0.679115 0.894355
vt 0.673052 0.987599
vt 0.736336 0.987522
vt 0.744965 0.894312
vt 0.745114 0.987418
vt 0.719855 0.989376
vt 0.713415 0.894290
vt 0.720469 0.894564
vt 0.729238 0.990068
vt 0.729116 0.894428
vt 0.736264 0.894353
vt 0.730200 0.987596
vt 0.713259 0.987485
vt 0.784693 0.987522
vt 0.793321 0.894312
vt 0.793471 0.987418
vt 0.768221 0.989386
vt 0.761772 0.894290
vt 0.768826 0.894565
vt 0.777595 0.990068
vt 0.777472 0.894421
vt 0.784621 0.894355
vt 0.778557 0.987597
vt 0.761616 0.987485
vt 0.834511 0.987523
vt 0.843152 0.894335
vt 0.843293 0.987418
vt 0.811594 0.894329
vt 0.818648 0.894575
vt 0.818030 0.989357
vt 0.827417 0.990068
vt 0.827295 0.894430
vt 0.834432 0.894326
vt 0.828380 0.987597
vt 0.875269 0.987594
vt 0.881335 0.894330
vt 0.881406 0.987522
vt 0.890035 0.894312
vt 0.890184 0.987418
vt 0.864936 0.989390
vt 0.858485 0.894290
vt 0.865542 0.894583
vt 0.874308 0.990068
vt 0.874187 0.894436
vt 0.858330 0.987485
vt 0.935620 0.987523
vt 0.944262 0.894335
vt 0.944402 0.987418
vt 0.912704 0.894329
vt 0.919758 0.894575
vt 0.919142 0.989361
vt 0.928568 0.990087
vt 0.928403 0.894406
vt 0.935541 0.894327
vt 0.929482 0.987588
vt 0.982516 0.987522
vt 0.991153 0.894335
vt 0.991294 0.987418
vt 0.959595 0.894329
vt 0.966649 0.894575
vt 0.966033 0.989361
vt 0.975459 0.990087
vt 0.975294 0.894406
vt 0.982444 0.894355
vt 0.976373 0.987588
vt 0.034431 0.799956
vt 0.043068 0.706770
vt 0.043209 0.799853
vt 0.011510 0.706763
vt 0.018564 0.707010
vt 0.017948 0.801796
vt 0.027374 0.802522
vt 0.027209 0.706841
vt 0.034359 0.706790
vt 0.028288 0.800023
vt 0.072256 0.798565
vt 0.071327 0.801068
vt 0.071170 0.705384
vt 0.078391 0.798491
vt 0.087029 0.705305
vt 0.087169 0.798388
vt 0.055471 0.705298
vt 0.062525 0.705545
vt 0.061909 0.800330
vt 0.078319 0.705325
vt 0.135540 0.798491
vt 0.144169 0.705282
vt 0.144318 0.798388
vt 0.119059 0.800345
vt 0.112620 0.705259
vt 0.119673 0.705533
vt 0.128484 0.801056
vt 0.128319 0.705376
vt 0.135468 0.705325
vt 0.129398 0.798558
vt 0.112464 0.798454
vt 0.180962 0.795561
vt 0.189603 0.702374
vt 0.189744 0.795457
vt 0.158046 0.702367
vt 0.165100 0.702614
vt 0.164481 0.797395
vt 0.173910 0.798126
vt 0.173745 0.702445
vt 0.180883 0.702366
vt 0.174824 0.795627
vt 0.230513 0.795632
vt 0.236579 0.702369
vt 0.236650 0.795560
vt 0.245287 0.702374
vt 0.245428 0.795457
vt 0.213729 0.702367
vt 0.220783 0.702614
vt 0.220165 0.797395
vt 0.229552 0.798106
vt 0.229431 0.702473
vt 0.277680 0.797025
vt 0.286309 0.703816
vt 0.286457 0.796922
vt 0.261237 0.798936
vt 0.254759 0.703794
vt 0.261813 0.704067
vt 0.270623 0.799591
vt 0.270458 0.703910
vt 0.277608 0.703859
vt 0.271537 0.797092
vt 0.254603 0.796989
vt 0.327225 0.798562
vt 0.326144 0.705394
vt 0.333281 0.705283
vt 0.333359 0.798492
vt 0.342000 0.705305
vt 0.342141 0.798388
vt 0.310443 0.705298
vt 0.317497 0.705545
vt 0.316878 0.800326
vt 0.326266 0.801037
vt 0.383185 0.792629
vt 0.391823 0.699443
vt 0.391963 0.792526
vt 0.360265 0.699437
vt 0.367319 0.699683
vt 0.366701 0.794464
vt 0.376129 0.795195
vt 0.375964 0.699514
vt 0.383113 0.699463
vt 0.377043 0.792696
vt 0.435938 0.798491
vt 0.444575 0.705305
vt 0.444716 0.798388
vt 0.413017 0.705298
vt 0.420072 0.705545
vt 0.419453 0.800326
vt 0.428882 0.801056
vt 0.428717 0.705376
vt 0.435866 0.705325
vt 0.429796 0.798558
vt 0.475229 0.789773
vt 0.474300 0.792276
vt 0.474143 0.696591
vt 0.481364 0.789699
vt 0.490001 0.696512
vt 0.490142 0.789595
vt 0.458443 0.696506
vt 0.465498 0.696752
vt 0.464879 0.791534
vt 0.481292 0.696532
vt 0.534113 0.794096
vt 0.542754 0.700908
vt 0.542895 0.793992
vt 0.511196 0.700902
vt 0.518250 0.701149
vt 0.517632 0.795930
vt 0.527061 0.796660
vt 0.526896 0.700979
vt 0.534034 0.700901
vt 0.527974 0.794161
vt 0.579543 0.792629
vt 0.588181 0.699445
vt 0.588321 0.792526
vt 0.556622 0.699440
vt 0.563676 0.699683
vt 0.563058 0.794465
vt 0.572487 0.795195
vt 0.572322 0.699514
vt 0.579471 0.699463
vt 0.573400 0.792696
vt 0.636688 0.794096
vt 0.645328 0.700907
vt 0.645470 0.793992
vt 0.613771 0.700899
vt 0.620825 0.701149
vt 0.620207 0.795929
vt 0.629634 0.796663
vt 0.629469 0.700968
vt 0.636609 0.700901
vt 0.630556 0.794172
vt 0.682118 0.795560
vt 0.690747 0.702351
vt 0.690895 0.795457
vt 0.665637 0.797412
vt 0.659197 0.702328
vt 0.666250 0.702606
vt 0.675020 0.798106
vt 0.674897 0.702458
vt 0.682046 0.702393
vt 0.675981 0.795633
vt 0.659041 0.795524
vt 0.774161 0.797099
vt 0.780226 0.703834
vt 0.780297 0.797025
vt 0.788934 0.703840
vt 0.789074 0.796922
vt 0.757376 0.703834
vt 0.764430 0.704079
vt 0.763802 0.798855
vt 0.773199 0.799572
vt 0.773078 0.703943
vt 0.929871 0.703941
vt 0.937019 0.703834
vt 0.930953 0.797098
vt 0.937090 0.797025
vt 0.945727 0.703839
vt 0.945867 0.796922
vt 0.914169 0.703833
vt 0.921223 0.704079
vt 0.920605 0.798860
vt 0.929992 0.799572
vt 0.976928 0.798123
vt 0.976760 0.702445
vt 0.983898 0.702363
vt 0.983977 0.795561
vt 0.992610 0.702351
vt 0.992759 0.795457
vt 0.967537 0.797468
vt 0.961060 0.702328
vt 0.968114 0.702604
vt 0.960904 0.795524
vt 0.977838 0.795627
vt 0.030035 0.597737
vt 0.038672 0.504551
vt 0.038812 0.597634
vt 0.007114 0.504544
vt 0.014168 0.504791
vt 0.013552 0.599576
vt 0.022979 0.600302
vt 0.022813 0.504622
vt 0.029963 0.504571
vt 0.023892 0.597804
vt 0.079853 0.594807
vt 0.088494 0.501619
vt 0.088634 0.594703
vt 0.056936 0.501611
vt 0.063990 0.501860
vt 0.063372 0.596641
vt 0.072798 0.597375
vt 0.072632 0.501671
vt 0.079774 0.501612
vt 0.073721 0.594883
vt 0.230513 0.594879
vt 0.236568 0.501598
vt 0.236646 0.594807
vt 0.245287 0.501619
vt 0.245427 0.594703
vt 0.213729 0.501611
vt 0.220783 0.501860
vt 0.220169 0.596659
vt 0.229552 0.597353
vt 0.229431 0.501721
vt 0.182432 0.593341
vt 0.191068 0.500153
vt 0.191209 0.593238
vt 0.159511 0.500144
vt 0.166565 0.500395
vt 0.165951 0.595194
vt 0.175375 0.595907
vt 0.175210 0.500226
vt 0.182360 0.500175
vt 0.176289 0.593408
vt 0.835976 0.797026
vt 0.844615 0.703833
vt 0.844758 0.796922
vt 0.813059 0.703822
vt 0.820114 0.704079
vt 0.819497 0.798860
vt 0.828883 0.799572
vt 0.828760 0.703931
vt 0.835897 0.703831
vt 0.829845 0.797102
vt 0.875268 0.794167
vt 0.874186 0.700998
vt 0.881335 0.700904
vt 0.881406 0.794095
vt 0.890035 0.700885
vt 0.890184 0.793992
vt 0.864969 0.795990
vt 0.858485 0.700863
vt 0.865539 0.701144
vt 0.874308 0.796641
vt 0.858330 0.794058
vt 0.331894 0.593342
vt 0.340527 0.500132
vt 0.340676 0.593238
vt 0.315418 0.595195
vt 0.308977 0.500109
vt 0.316030 0.500384
vt 0.324840 0.595909
vt 0.324673 0.500206
vt 0.331815 0.500147
vt 0.325762 0.593418
vt 0.308821 0.593305
vt 0.378789 0.596272
vt 0.387418 0.503062
vt 0.387567 0.596169
vt 0.362318 0.598137
vt 0.355869 0.503040
vt 0.362923 0.503313
vt 0.371734 0.598837
vt 0.371568 0.503156
vt 0.355713 0.596235
vt 0.378717 0.503106
vt 0.372647 0.596339
vt 0.431267 0.599276
vt 0.430339 0.601781
vt 0.430182 0.506092
vt 0.437399 0.599203
vt 0.446033 0.505993
vt 0.446181 0.599099
vt 0.420911 0.601078
vt 0.414483 0.505971
vt 0.421542 0.506240
vt 0.437320 0.506008
vt 0.414327 0.599166
vt 0.475231 0.599273
vt 0.474144 0.506104
vt 0.481282 0.505994
vt 0.481360 0.599203
vt 0.490001 0.506016
vt 0.490142 0.599099
vt 0.458443 0.506009
vt 0.465498 0.506256
vt 0.464880 0.601037
vt 0.474267 0.601749
vt 0.529445 0.596344
vt 0.528364 0.503186
vt 0.535511 0.503081
vt 0.535582 0.596272
vt 0.544220 0.503087
vt 0.544360 0.596169
vt 0.512662 0.503082
vt 0.519716 0.503326
vt 0.519097 0.598108
vt 0.528485 0.598818
vt 0.671585 0.597810
vt 0.677640 0.504529
vt 0.677718 0.597738
vt 0.686357 0.504545
vt 0.686500 0.597634
vt 0.654801 0.504534
vt 0.661855 0.504791
vt 0.661240 0.599575
vt 0.670624 0.600284
vt 0.670503 0.504654
vt 0.739267 0.593341
vt 0.747901 0.500147
vt 0.748044 0.593238
vt 0.732169 0.595887
vt 0.723400 0.500395
vt 0.732047 0.500246
vt 0.739195 0.500174
vt 0.733131 0.593415
vt 0.722782 0.595175
vt 0.781762 0.596272
vt 0.790399 0.503085
vt 0.790540 0.596169
vt 0.758841 0.503079
vt 0.765896 0.503326
vt 0.765279 0.598111
vt 0.774699 0.598848
vt 0.774537 0.503136
vt 0.781690 0.503106
vt 0.775625 0.596345
vt 0.969327 0.596272
vt 0.977965 0.503085
vt 0.978105 0.596169
vt 0.946407 0.503079
vt 0.953461 0.503326
vt 0.952843 0.598107
vt 0.962269 0.598839
vt 0.962104 0.503141
vt 0.969255 0.503106
vt 0.963192 0.596348
vt 0.028294 0.987594
vt 0.027212 0.894435
vt 0.034360 0.894330
vt 0.034431 0.987522
vt 0.043068 0.894334
vt 0.043208 0.987418
vt 0.011510 0.894326
vt 0.018564 0.894575
vt 0.017947 0.989357
vt 0.027327 0.990074
vt 0.036880 0.312471
vt 0.039339 0.385329
vt 0.033948 0.383135
vt 0.027127 0.312538
vt 0.021461 0.385354
vt 0.017338 0.310688
vt 0.027487 0.383246
vt 0.021030 0.390536
vt 0.015054 0.390552
vt 0.014656 0.385391
vt 0.084502 0.215062
vt 0.086962 0.287905
vt 0.081564 0.285728
vt 0.074749 0.215129
vt 0.069083 0.287945
vt 0.064960 0.213279
vt 0.075109 0.285837
vt 0.068652 0.293127
vt 0.062676 0.293143
vt 0.062272 0.287967
vt 0.138618 0.206403
vt 0.141078 0.279262
vt 0.135686 0.277068
vt 0.128865 0.206471
vt 0.123199 0.279286
vt 0.119076 0.204620
vt 0.129225 0.277178
vt 0.122768 0.284468
vt 0.116792 0.284485
vt 0.116394 0.279324
vt 0.344259 0.210733
vt 0.346719 0.283591
vt 0.341327 0.281397
vt 0.334506 0.210800
vt 0.328840 0.283615
vt 0.324717 0.208950
vt 0.334866 0.281508
vt 0.328409 0.288797
vt 0.322433 0.288814
vt 0.322035 0.283653
vt 0.383223 0.206403
vt 0.385682 0.279262
vt 0.380290 0.277068
vt 0.373469 0.206471
vt 0.367804 0.279286
vt 0.363680 0.204620
vt 0.373830 0.277178
vt 0.367372 0.284468
vt 0.361397 0.284485
vt 0.360999 0.279324
vt 0.437339 0.210733
vt 0.439798 0.283591
vt 0.434406 0.281397
vt 0.427585 0.210800
vt 0.421920 0.283615
vt 0.417797 0.208950
vt 0.427946 0.281508
vt 0.421488 0.288797
vt 0.415513 0.288814
vt 0.415115 0.283653
vt 0.240356 0.208568
vt 0.242816 0.281426
vt 0.237424 0.279233
vt 0.230603 0.208635
vt 0.224937 0.281451
vt 0.220814 0.206785
vt 0.230963 0.279343
vt 0.224506 0.286633
vt 0.218530 0.286649
vt 0.218133 0.281488
vt 0.283649 0.212897
vt 0.286109 0.285741
vt 0.280711 0.283563
vt 0.273896 0.212965
vt 0.268230 0.285780
vt 0.264107 0.211114
vt 0.274256 0.283672
vt 0.267799 0.290962
vt 0.261823 0.290979
vt 0.261419 0.285802
vt 0.582370 0.212897
vt 0.584829 0.285741
vt 0.579432 0.283563
vt 0.572617 0.212965
vt 0.566951 0.285780
vt 0.562828 0.211114
vt 0.572977 0.283672
vt 0.566519 0.290962
vt 0.560544 0.290979
vt 0.560140 0.285802
vt 0.658132 0.208568
vt 0.660592 0.281426
vt 0.655200 0.279233
vt 0.648379 0.208635
vt 0.642714 0.281451
vt 0.638590 0.206785
vt 0.648739 0.279343
vt 0.642282 0.286633
vt 0.636306 0.286649
vt 0.635909 0.281488
vt 0.740389 0.212897
vt 0.742848 0.285756
vt 0.737456 0.283562
vt 0.730635 0.212965
vt 0.724970 0.285780
vt 0.720846 0.211114
vt 0.730996 0.283672
vt 0.724538 0.290962
vt 0.718563 0.290979
vt 0.718165 0.285817
vt 0.883255 0.215062
vt 0.885715 0.287920
vt 0.880323 0.285727
vt 0.873502 0.215129
vt 0.867836 0.287945
vt 0.863713 0.213279
vt 0.873862 0.285837
vt 0.867405 0.293127
vt 0.861429 0.293143
vt 0.861031 0.287982
vt 0.935207 0.215062
vt 0.937666 0.287920
vt 0.932274 0.285727
vt 0.925453 0.215129
vt 0.919788 0.287945
vt 0.915664 0.213279
vt 0.925814 0.285837
vt 0.919356 0.293127
vt 0.913380 0.293143
vt 0.912983 0.287982
vt 0.982829 0.212897
vt 0.985288 0.285756
vt 0.979896 0.283562
vt 0.973075 0.212965
vt 0.967410 0.285780
vt 0.963286 0.211114
vt 0.973436 0.283672
vt 0.966978 0.290962
vt 0.961003 0.290979
vt 0.960605 0.285817
vt 0.032551 0.113324
vt 0.035010 0.186182
vt 0.029618 0.183988
vt 0.022797 0.113391
vt 0.017132 0.186207
vt 0.013008 0.111541
vt 0.023158 0.184099
vt 0.016700 0.191388
vt 0.010725 0.191405
vt 0.010327 0.186244
vt 0.088831 0.115488
vt 0.091291 0.188347
vt 0.085899 0.186153
vt 0.079078 0.115556
vt 0.073413 0.188371
vt 0.069289 0.113705
vt 0.079438 0.186263
vt 0.072981 0.193553
vt 0.067005 0.193570
vt 0.066608 0.188409
vt 0.134289 0.115488
vt 0.136748 0.188347
vt 0.131357 0.186153
vt 0.124535 0.115556
vt 0.118870 0.188371
vt 0.114747 0.113705
vt 0.124896 0.186263
vt 0.118438 0.193553
vt 0.112463 0.193570
vt 0.112065 0.188409
vt 0.176487 0.115556
vt 0.170821 0.188371
vt 0.167753 0.115483
vt 0.176847 0.186263
vt 0.170390 0.193553
vt 0.164414 0.193570
vt 0.164016 0.188409
vt 0.170647 0.110333
vt 0.164727 0.110384
vt 0.878936 0.270984
vt 0.932827 0.263748
vt 0.936247 0.195370
vt 0.820966 0.271815
vt 0.845553 0.270653
vt 0.838475 0.190705
vt 0.914539 0.052259
vt 0.860550 0.195239
vt 0.760985 0.192789
vt 0.765070 0.214680
vt 0.780721 0.175169
vt 0.851148 0.194683
vt 0.856400 0.243026
vt 0.878936 0.544453
vt 0.932827 0.537218
vt 0.936247 0.468839
vt 0.820966 0.545285
vt 0.845553 0.544122
vt 0.838475 0.464174
vt 0.914539 0.325729
vt 0.860551 0.468708
vt 0.760985 0.466259
vt 0.765069 0.488149
vt 0.780721 0.448638
vt 0.851148 0.468152
vt 0.856400 0.516496
vt 0.731970 0.718972
vt 0.711287 0.702118
vt 0.678092 0.697838
vt 0.685518 0.956586
vt 0.771061 0.770951
vt 0.794286 0.768677
vt 0.775938 0.759804
vt 0.761139 0.750045
vt 0.970889 0.890423
vt 0.973966 0.865550
vt 0.917380 0.795084
vt 0.856793 0.956748
vt 0.909216 0.950943
vt 0.756390 0.743810
vt 0.976479 0.870114
vt 0.765722 0.455788
vt 0.674539 0.623471
vt 0.674685 0.378033
vt 0.786662 0.453722
vt 0.764151 0.441171
vt 0.753828 0.428198
vt 0.716532 0.379296
vt 0.739654 0.401538
vt 0.732751 0.388170
vt 0.974190 0.557096
vt 0.973478 0.570298
vt 0.956568 0.509237
vt 0.968306 0.529369
vt 0.939052 0.493076
vt 0.954455 0.612461
vt 0.936006 0.628981
vt 0.856701 0.644232
vt 0.674794 0.643474
vt 0.908524 0.641298
vt 0.854365 0.647336
vt 0.673599 0.646363
vt 0.724039 0.379345
vt 0.760104 0.434487
vt 0.771119 0.443951
vt 0.911034 0.478246
vt 0.905381 0.473838
vt 0.926005 0.481707
vt 0.950152 0.498221
vt 0.963176 0.513004
vt 0.566218 0.698225
vt 0.645395 0.958844
vt 0.566615 0.958677
vt 0.645420 0.698049
vt 0.646572 0.961900
vt 0.563032 0.961939
vt 0.646611 0.695000
vt 0.694812 0.537218
vt 0.640642 0.544434
vt 0.698165 0.468915
vt 0.594174 0.541734
vt 0.600444 0.464176
vt 0.619684 0.491154
vt 0.642501 0.448417
vt 0.619943 0.493315
vt 0.527047 0.488155
vt 0.542524 0.448289
vt 0.650048 0.325731
vt 0.676526 0.325711
vt 0.555302 0.326650
vt 0.522936 0.466397
vt 0.608514 0.446309
vt 0.614737 0.475646
vt 0.099910 0.703464
vt 0.088551 0.655400
vt 0.099905 0.655349
vt 0.211107 0.771175
vt 0.104816 0.771219
vt 0.104852 0.723208
vt 0.110295 0.701415
vt 0.206381 0.704397
vt 0.104824 0.711731
vt 0.211099 0.711742
vt 0.211113 0.723195
vt 0.205839 0.658234
vt 0.110346 0.656746
vt 0.211113 0.647061
vt 0.204755 0.700527
vt 0.088541 0.703457
vt 0.191452 0.326317
vt 0.153687 0.289448
vt 0.203720 0.290676
vt 0.193878 0.262063
vt 0.159752 0.262063
vt 0.191452 0.223818
vt 0.194337 0.093503
vt 0.150352 0.055258
vt 0.200385 0.055258
vt 0.203758 0.082593
vt 0.245951 0.055259
vt 0.263502 0.056616
vt 0.250928 0.071000
vt 0.125750 0.076881
vt 0.120633 0.055258
vt 0.159794 0.093503
vt 0.149679 0.082249
vt 0.149679 0.126209
vt 0.159794 0.124746
vt 0.149258 0.164507
vt 0.052819 0.057230
vt 0.091590 0.055258
vt 0.092800 0.064769
vt 0.256053 0.238900
vt 0.244076 0.223818
vt 0.263162 0.225783
vt 0.233519 0.244458
vt 0.217405 0.223818
vt 0.204814 0.251155
vt 0.125750 0.137369
vt 0.092800 0.169338
vt 0.098019 0.200272
vt 0.090794 0.210022
vt 0.244076 0.350857
vt 0.262481 0.334571
vt 0.147539 0.329260
vt 0.130143 0.298250
vt 0.117676 0.344141
vt 0.104794 0.318068
vt 0.091481 0.372674
vt 0.298467 0.065335
vt 0.253635 0.159474
vt 0.239616 0.183556
vt 0.224714 0.135070
vt 0.204735 0.164808
vt 0.203758 0.126456
vt 0.194337 0.124748
vt 0.160195 0.162702
vt 0.120553 0.178314
vt 0.263119 0.373376
vt 0.217405 0.332596
vt 0.194320 0.162721
vt 0.301477 0.055260
vt 0.238192 0.113324
vt 0.240651 0.186182
vt 0.235259 0.183988
vt 0.228438 0.113391
vt 0.222773 0.186207
vt 0.218649 0.111541
vt 0.228799 0.184099
vt 0.222341 0.191388
vt 0.216366 0.191405
vt 0.215968 0.186244
vt 0.283649 0.115488
vt 0.286109 0.188347
vt 0.280717 0.186153
vt 0.273896 0.115556
vt 0.268230 0.188371
vt 0.264107 0.113705
vt 0.274256 0.186263
vt 0.267799 0.193553
vt 0.261823 0.193570
vt 0.261425 0.188409
vt 0.435174 0.115488
vt 0.437634 0.188347
vt 0.432242 0.186153
vt 0.425421 0.115556
vt 0.419755 0.188371
vt 0.415632 0.113705
vt 0.425781 0.186263
vt 0.419324 0.193553
vt 0.413348 0.193570
vt 0.412950 0.188409
vt 0.588864 0.113324
vt 0.591323 0.186182
vt 0.585931 0.183988
vt 0.579110 0.113391
vt 0.573445 0.186207
vt 0.569321 0.111541
vt 0.579471 0.184099
vt 0.573013 0.191388
vt 0.567038 0.191405
vt 0.566640 0.186244
vt 0.640815 0.108994
vt 0.643275 0.181853
vt 0.637883 0.179659
vt 0.631062 0.109062
vt 0.625396 0.181877
vt 0.621273 0.107212
vt 0.631422 0.179769
vt 0.624965 0.187059
vt 0.618989 0.187076
vt 0.618591 0.181915
vt 0.792340 0.111159
vt 0.794800 0.184017
vt 0.789408 0.181824
vt 0.782587 0.111226
vt 0.776921 0.184042
vt 0.772798 0.109376
vt 0.782947 0.181934
vt 0.776490 0.189224
vt 0.770514 0.189240
vt 0.770116 0.184079
vt 0.839962 0.111159
vt 0.842422 0.184017
vt 0.837030 0.181824
vt 0.830209 0.111226
vt 0.824543 0.184042
vt 0.820420 0.109376
vt 0.830569 0.181934
vt 0.824112 0.189224
vt 0.818136 0.189240
vt 0.817738 0.184079
vt 0.935207 0.111159
vt 0.937666 0.184017
vt 0.932274 0.181824
vt 0.925453 0.111226
vt 0.919788 0.184042
vt 0.915664 0.109376
vt 0.925814 0.181934
vt 0.919356 0.189224
vt 0.913380 0.189240
vt 0.912983 0.184079
vt 0.984993 0.113324
vt 0.987453 0.186182
vt 0.982061 0.183988
vt 0.975240 0.113391
vt 0.969575 0.186207
vt 0.965451 0.111541
vt 0.975600 0.184099
vt 0.969143 0.191388
vt 0.963167 0.191405
vt 0.962770 0.186244
vt 0.034715 0.011585
vt 0.037175 0.084444
vt 0.031783 0.082250
vt 0.024962 0.011653
vt 0.019296 0.084468
vt 0.015173 0.009803
vt 0.025322 0.082360
vt 0.018865 0.089650
vt 0.012889 0.089667
vt 0.012491 0.084506
vt 0.082337 0.013750
vt 0.084797 0.086608
vt 0.079405 0.084415
vt 0.072584 0.013818
vt 0.066919 0.086633
vt 0.062795 0.011967
vt 0.072945 0.084525
vt 0.066487 0.091815
vt 0.060511 0.091832
vt 0.060114 0.086670
vt 0.136454 0.013750
vt 0.138913 0.086608
vt 0.133521 0.084415
vt 0.126700 0.013818
vt 0.121035 0.086633
vt 0.116911 0.011967
vt 0.127061 0.084525
vt 0.120603 0.091815
vt 0.114627 0.091832
vt 0.114230 0.086670
vt 0.238192 0.015915
vt 0.240651 0.088773
vt 0.235259 0.086580
vt 0.228438 0.015982
vt 0.222773 0.088798
vt 0.218649 0.014132
vt 0.228799 0.086690
vt 0.222341 0.093980
vt 0.216366 0.093996
vt 0.215968 0.088835
vt 0.381058 0.013750
vt 0.383518 0.086608
vt 0.378126 0.084415
vt 0.371305 0.013818
vt 0.365639 0.086633
vt 0.361516 0.011967
vt 0.371665 0.084525
vt 0.365208 0.091815
vt 0.359232 0.091832
vt 0.358834 0.086670
vt 0.534748 0.015915
vt 0.537207 0.088773
vt 0.531815 0.086580
vt 0.524994 0.015982
vt 0.519329 0.088798
vt 0.515205 0.014132
vt 0.525355 0.086690
vt 0.518897 0.093980
vt 0.512922 0.093996
vt 0.512524 0.088835
vt 0.633226 0.013818
vt 0.627561 0.086633
vt 0.624493 0.013745
vt 0.633587 0.084525
vt 0.627129 0.091815
vt 0.621154 0.091832
vt 0.620750 0.086655
vt 0.627386 0.008595
vt 0.621466 0.008646
vt 0.859444 0.013750
vt 0.861904 0.086593
vt 0.856506 0.084416
vt 0.849691 0.013818
vt 0.844025 0.086633
vt 0.839902 0.011967
vt 0.850051 0.084525
vt 0.843594 0.091815
vt 0.837618 0.091832
vt 0.837214 0.086655
vt 0.951429 0.015982
vt 0.945763 0.088798
vt 0.942695 0.015910
vt 0.951789 0.086690
vt 0.945332 0.093980
vt 0.939356 0.093996
vt 0.938958 0.088835
vt 0.945589 0.010759
vt 0.939669 0.010811
vt 0.279839 0.770465
vt 0.275564 0.771180
vt 0.275515 0.769078
vt 0.279678 0.732857
vt 0.279178 0.734416
vt 0.275514 0.734414
vt 0.287055 0.769057
vt 0.284953 0.734464
vt 0.287056 0.734438
vt 0.284943 0.769045
vt 0.279168 0.769088
vt 0.312606 0.702662
vt 0.322866 0.708255
vt 0.312606 0.708255
vt 0.322866 0.702662
vt 0.679028 0.194049
vt 0.679029 0.196536
vt 0.047539 0.198011
vt 0.679027 0.198550
vt 0.047540 0.198011
vt 0.047538 0.196916
vt 0.290309 0.758380
vt 0.290178 0.706750
vt 0.342038 0.706858
vt 0.238579 0.706805
vt 0.290160 0.655019
vt 0.238598 0.655066
vt 0.120708 0.858308
vt 0.157999 0.768627
vt 0.157799 0.895353
vt 0.030904 0.895458
vt 0.068008 0.858350
vt 0.068017 0.805619
vt 0.030905 0.768511
vt 0.120701 0.805651
vt 0.342075 0.758375
vt 0.186855 0.706790
vt 0.274927 0.758398
vt 0.030082 0.683997
vt 0.158529 0.683906
vt 0.372058 0.767764
vt 0.456287 0.768680
vt 0.456287 0.895303
vt 0.372068 0.896217
vt 0.242623 0.767921
vt 0.242801 0.895998
vt 0.574053 0.519945
vt 0.608816 0.543041
vt 0.593464 0.546120
vt 0.629452 0.491365
vt 0.588206 0.492929
vt 0.626561 0.476492
vt 0.581673 0.470237
vt 0.582553 0.565942
vt 0.571876 0.626206
vt 0.566904 0.408371
vt 0.613259 0.408950
vt 0.572321 0.418916
vt 0.610494 0.395308
vt 0.560646 0.637736
vt 0.467639 0.647826
vt 0.509279 0.630498
vt 0.509130 0.640088
vt 0.336480 0.648242
vt 0.300561 0.648341
vt 0.294684 0.644397
vt 0.494271 0.560486
vt 0.483563 0.498853
vt 0.493325 0.485082
vt 0.507149 0.416428
vt 0.518167 0.405949
vt 0.518231 0.637753
vt 0.560488 0.405660
vt 0.332483 0.644342
vt 0.332575 0.606490
vt 0.302453 0.602574
vt 0.294692 0.606522
vt 0.464877 0.633487
vt 0.453453 0.574249
vt 0.449487 0.553410
vt 0.387040 0.603235
vt 0.386974 0.647610
vt 0.336271 0.653703
vt 0.469770 0.500503
vt 0.485031 0.545514
vt 0.469770 0.543026
vt 0.315856 0.590281
vt 0.316736 0.558519
vt 0.348467 0.559670
vt 0.347333 0.591301
vt 0.357335 0.378674
vt 0.380489 0.561583
vt 0.395026 0.381094
vt 0.432647 0.384720
vt 0.412288 0.564646
vt 0.319534 0.377461
vt 0.284787 0.558507
vt 0.281321 0.714319
vt 0.277046 0.715035
vt 0.276997 0.712932
vt 0.281229 0.676778
vt 0.280660 0.678270
vt 0.276996 0.678268
vt 0.288537 0.712911
vt 0.286435 0.678319
vt 0.288538 0.678292
vt 0.286425 0.712899
vt 0.280650 0.712942
vt 0.613778 0.213624
vt 0.649048 0.225827
vt 0.633661 0.228912
vt 0.628489 0.175791
vt 0.669293 0.172143
vt 0.628205 0.184033
vt 0.558458 0.320507
vt 0.534487 0.243157
vt 0.525768 0.179956
vt 0.665174 0.151025
vt 0.621905 0.153031
vt 0.622776 0.248777
vt 0.549545 0.313341
vt 0.493692 0.257081
vt 0.610515 0.312239
vt 0.607129 0.091160
vt 0.653492 0.091744
vt 0.612554 0.101710
vt 0.650724 0.078094
vt 0.600703 0.320594
vt 0.507903 0.330782
vt 0.549363 0.322882
vt 0.334931 0.289321
vt 0.342270 0.285366
vt 0.372766 0.289330
vt 0.376671 0.285397
vt 0.331164 0.336466
vt 0.376719 0.331042
vt 0.376482 0.336513
vt 0.536528 0.159452
vt 0.547382 0.099222
vt 0.558408 0.088740
vt 0.600721 0.088454
vt 0.372714 0.327137
vt 0.382497 0.285866
vt 0.505725 0.319437
vt 0.489728 0.236271
vt 0.340848 0.331098
vt 0.427167 0.286127
vt 0.525249 0.228297
vt 0.510003 0.225826
vt 0.388743 0.242384
vt 0.387585 0.274072
vt 0.356098 0.273089
vt 0.356977 0.241326
vt 0.717525 0.758389
vt 0.704418 0.706778
vt 0.756092 0.706804
vt 0.807694 0.655019
vt 0.807741 0.706746
vt 0.807769 0.758385
vt 0.756147 0.655079
vt 0.675351 0.895338
vt 0.638267 0.858343
vt 0.638275 0.805653
vt 0.548440 0.895459
vt 0.585538 0.858336
vt 0.585549 0.805597
vt 0.548462 0.768268
vt 0.675323 0.768618
vt 0.756081 0.758394
vt 0.859659 0.758384
vt 0.898106 0.758388
vt 0.859583 0.706857
vt 0.760061 0.767891
vt 0.889540 0.767790
vt 0.973822 0.768681
vt 0.973822 0.895303
vt 0.889603 0.896217
vt 0.760401 0.895948
vt 0.757294 0.275929
vt 0.731113 0.281292
vt 0.711820 0.275918
vt 0.757182 0.332370
vt 0.717520 0.327018
vt 0.757478 0.326890
vt 0.905374 0.238245
vt 0.907481 0.243071
vt 0.866166 0.181563
vt 0.757418 0.281286
vt 0.788562 0.281337
vt 0.753532 0.285180
vt 0.799752 0.326923
vt 0.808141 0.326500
vt 0.807777 0.282113
vt 0.763381 0.281895
vt 0.763541 0.326267
vt 0.736807 0.268959
vt 0.737704 0.237210
vt 0.769412 0.238350
vt 0.768297 0.269963
vt 0.903679 0.253738
vt 0.873070 0.116671
vt 0.239463 0.269458
vt 0.291036 0.321154
vt 0.239384 0.321202
vt 0.342856 0.321257
vt 0.342950 0.372784
vt 0.239348 0.372777
vt 0.186989 0.321243
vt 0.290985 0.269417
vt 0.121553 0.472654
vt 0.158655 0.509710
vt 0.068821 0.472752
vt 0.068852 0.420002
vt 0.031708 0.509829
vt 0.291042 0.372792
vt 0.207655 0.372789
vt 0.158830 0.383022
vt 0.243520 0.382403
vt 0.030912 0.298397
vt 0.159268 0.298191
vt 0.372889 0.382164
vt 0.457118 0.383057
vt 0.457118 0.509690
vt 0.373015 0.510655
vt 0.030805 0.594251
vt 0.159319 0.594484
vt 0.243525 0.510444
vt 0.195835 0.725771
vt 0.353881 0.533770
vt 0.534744 0.750573
vt 0.598132 0.750289
vt 0.476085 0.561230
vt 0.195836 0.596790
vt 0.195836 0.576202
vt 0.466518 0.529847
vt 0.469837 0.540734
vt 0.195836 0.560095
vt 0.662419 0.740804
vt 0.663855 0.741298
vt 0.871458 0.829987
vt 0.865317 0.812291
vt 0.863576 0.707838
vt 0.647216 0.759540
vt 0.654187 0.760131
vt 0.844845 0.575006
vt 0.828157 0.550513
vt 0.814154 0.538416
vt 0.810484 0.533156
vt 0.724622 0.534553
vt 0.737085 0.527943
vt 0.794962 0.523798
vt 0.788075 0.523559
vt 0.687395 0.599897
vt 0.721920 0.739685
vt 0.746705 0.603377
vt 0.693301 0.054114
vt 0.622554 0.244473
vt 0.650996 0.105757
vt 0.873122 0.121840
vt 0.873123 0.312818
vt 0.815621 0.315794
vt 0.601156 0.274168
vt 0.547875 0.315663
vt 0.552763 0.303348
vt 0.873122 0.073963
vt 0.873122 0.099479
vt 0.814722 0.111226
vt 0.815195 0.073117
vt 0.873122 0.060990
vt 0.815195 0.057938
vt 0.814820 0.572404
vt 0.873122 0.053761
vt 0.564099 0.934141
vt 0.568007 0.935993
vt 0.565770 0.959534
vt 0.558426 0.960622
vt 0.607132 0.931093
vt 0.814675 0.469256
vt 0.535550 0.984570
vt 0.833435 0.468253
vt 0.838899 0.441767
vt 0.841561 0.444351
vt 0.839332 0.467355
vt 0.264442 0.985385
vt 0.259442 0.985076
vt 0.230784 0.934472
vt 0.236293 0.961017
vt 0.598964 0.931447
vt 0.872228 0.913999
vt 0.525680 0.448481
vt 0.491163 0.447307
vt 0.491727 0.441610
vt 0.526191 0.443452
vt 0.531953 0.470127
vt 0.529482 0.985035
vt 0.489974 0.316535
vt 0.489737 0.300893
vt 0.547709 0.303381
vt 0.873098 0.337364
vt 0.547567 0.293817
vt 0.653356 0.792964
vt 0.230033 0.938010
vt 0.195920 0.936200
vt 0.196443 0.931507
vt 0.873124 0.439531
vt 0.354697 0.695771
vt 0.340001 0.695770
vt 0.340006 0.693481
vt 0.449998 0.955960
vt 0.449914 0.957935
vt 0.340004 0.963185
vt 0.340001 0.960908
vt 0.450015 0.699478
vt 0.059207 0.987485
vt 0.056570 0.989982
vt 0.056523 0.987673
vt 0.082196 0.996340
vt 0.076154 0.996358
vt 0.059376 0.885746
vt 0.066322 0.885753
vt 0.105656 0.989992
vt 0.105602 0.987673
vt 0.125233 0.996358
vt 0.108455 0.885746
vt 0.115402 0.885753
vt 0.158583 0.987471
vt 0.155957 0.989982
vt 0.155909 0.987673
vt 0.175540 0.996358
vt 0.158762 0.885746
vt 0.165708 0.885753
vt 0.206269 0.989992
vt 0.206216 0.987673
vt 0.231889 0.996340
vt 0.225847 0.996358
vt 0.209069 0.885746
vt 0.216015 0.885753
vt 0.257797 0.989982
vt 0.257750 0.987673
vt 0.283423 0.996340
vt 0.277381 0.996358
vt 0.260603 0.885746
vt 0.267549 0.885753
vt 0.308104 0.989982
vt 0.308056 0.987673
vt 0.327687 0.996358
vt 0.310909 0.885746
vt 0.317856 0.885753
vt 0.354912 0.987485
vt 0.352276 0.989982
vt 0.352228 0.987673
vt 0.371859 0.996358
vt 0.355081 0.885746
vt 0.362027 0.885753
vt 0.407673 0.987485
vt 0.405037 0.989982
vt 0.404989 0.987673
vt 0.430662 0.996340
vt 0.424620 0.996358
vt 0.407842 0.885746
vt 0.414788 0.885753
vt 0.454116 0.989982
vt 0.454069 0.987673
vt 0.479742 0.996347
vt 0.473700 0.996358
vt 0.456922 0.885746
vt 0.463868 0.885753
vt 0.509575 0.987485
vt 0.506938 0.989982
vt 0.506891 0.987673
vt 0.532564 0.996340
vt 0.526522 0.996358
vt 0.509744 0.885746
vt 0.516690 0.885753
vt 0.562328 0.987485
vt 0.559691 0.989982
vt 0.559644 0.987673
vt 0.585316 0.996340
vt 0.579274 0.996358
vt 0.562496 0.885746
vt 0.569443 0.885753
vt 0.613615 0.987485
vt 0.610984 0.989992
vt 0.610931 0.987673
vt 0.636604 0.996340
vt 0.630562 0.996358
vt 0.613784 0.885746
vt 0.620730 0.885753
vt 0.656111 0.987485
vt 0.653474 0.989982
vt 0.653426 0.987673
vt 0.679099 0.996340
vt 0.673057 0.996358
vt 0.656279 0.885746
vt 0.663225 0.885753
vt 0.710623 0.989982
vt 0.710575 0.987673
vt 0.736248 0.996340
vt 0.730206 0.996358
vt 0.713428 0.885746
vt 0.720374 0.885753
vt 0.758980 0.989982
vt 0.758932 0.987673
vt 0.784605 0.996340
vt 0.778563 0.996358
vt 0.761785 0.885746
vt 0.768731 0.885753
vt 0.811438 0.987485
vt 0.808802 0.989982
vt 0.808754 0.987673
vt 0.834427 0.996340
vt 0.828385 0.996358
vt 0.811607 0.885746
vt 0.818553 0.885753
vt 0.855693 0.989982
vt 0.855645 0.987673
vt 0.881318 0.996340
vt 0.875276 0.996358
vt 0.858498 0.885746
vt 0.865444 0.885753
vt 0.912548 0.987485
vt 0.909911 0.989982
vt 0.909863 0.987673
vt 0.935536 0.996340
vt 0.929494 0.996358
vt 0.912716 0.885746
vt 0.919663 0.885753
vt 0.959439 0.987485
vt 0.956803 0.989982
vt 0.956755 0.987673
vt 0.982428 0.996340
vt 0.976386 0.996358
vt 0.959608 0.885746
vt 0.966554 0.885753
vt 0.011354 0.799920
vt 0.008718 0.802416
vt 0.008670 0.800108
vt 0.034343 0.808774
vt 0.028301 0.808793
vt 0.011523 0.698181
vt 0.018469 0.698188
vt 0.055315 0.798454
vt 0.052678 0.800951
vt 0.052631 0.798642
vt 0.078303 0.807309
vt 0.072261 0.807327
vt 0.055483 0.696715
vt 0.062430 0.696723
vt 0.109827 0.800951
vt 0.109779 0.798642
vt 0.129410 0.807327
vt 0.112632 0.696715
vt 0.119579 0.696723
vt 0.157890 0.795524
vt 0.155253 0.798020
vt 0.155205 0.795712
vt 0.174836 0.804397
vt 0.158058 0.693785
vt 0.165005 0.693792
vt 0.213573 0.795524
vt 0.210937 0.798020
vt 0.210889 0.795712
vt 0.236562 0.804378
vt 0.230520 0.804397
vt 0.213742 0.693785
vt 0.220688 0.693792
vt 0.251967 0.799486
vt 0.251919 0.797177
vt 0.271550 0.805862
vt 0.254772 0.695250
vt 0.261718 0.695257
vt 0.310287 0.798454
vt 0.307650 0.800951
vt 0.307602 0.798642
vt 0.327233 0.807327
vt 0.310455 0.696715
vt 0.317402 0.696723
vt 0.360109 0.792593
vt 0.357472 0.795090
vt 0.357424 0.792781
vt 0.377055 0.801466
vt 0.360277 0.690854
vt 0.367224 0.690861
vt 0.412862 0.798454
vt 0.410225 0.800951
vt 0.410177 0.798642
vt 0.435850 0.807309
vt 0.429808 0.807327
vt 0.413030 0.696715
vt 0.419976 0.696723
vt 0.458288 0.789662
vt 0.455651 0.792159
vt 0.455603 0.789850
vt 0.481276 0.798517
vt 0.475234 0.798535
vt 0.458456 0.687923
vt 0.465402 0.687931
vt 0.511040 0.794058
vt 0.508404 0.796555
vt 0.508356 0.794246
vt 0.527987 0.802931
vt 0.511209 0.692319
vt 0.518155 0.692327
vt 0.556466 0.792593
vt 0.553830 0.795090
vt 0.553782 0.792781
vt 0.573413 0.801466
vt 0.556635 0.690854
vt 0.563581 0.690861
vt 0.613615 0.794058
vt 0.610979 0.796555
vt 0.610931 0.794246
vt 0.636604 0.802913
vt 0.630562 0.802931
vt 0.613784 0.692319
vt 0.620730 0.692327
vt 0.656405 0.798020
vt 0.656357 0.795712
vt 0.675988 0.804397
vt 0.659210 0.693785
vt 0.666156 0.693792
vt 0.757220 0.796989
vt 0.754583 0.799486
vt 0.754536 0.797177
vt 0.774167 0.805862
vt 0.757389 0.695250
vt 0.764335 0.695257
vt 0.914013 0.796989
vt 0.911377 0.799486
vt 0.911329 0.797177
vt 0.930960 0.805862
vt 0.914182 0.695250
vt 0.921128 0.695257
vt 0.958268 0.798020
vt 0.958220 0.795712
vt 0.983893 0.804378
vt 0.977851 0.804397
vt 0.961073 0.693785
vt 0.968019 0.693792
vt 0.006958 0.597701
vt 0.004321 0.600197
vt 0.004274 0.597889
vt 0.023905 0.606574
vt 0.007127 0.495962
vt 0.014073 0.495969
vt 0.056780 0.594770
vt 0.054144 0.597267
vt 0.054096 0.594958
vt 0.073727 0.603643
vt 0.056949 0.493031
vt 0.063895 0.493038
vt 0.213573 0.594770
vt 0.210937 0.597267
vt 0.210889 0.594958
vt 0.230520 0.603643
vt 0.213742 0.493031
vt 0.220688 0.493038
vt 0.159355 0.593305
vt 0.156719 0.595801
vt 0.156671 0.593493
vt 0.176302 0.602178
vt 0.159524 0.491565
vt 0.166470 0.491573
vt 0.812904 0.796989
vt 0.810267 0.799486
vt 0.810219 0.797177
vt 0.835892 0.805843
vt 0.829850 0.805862
vt 0.813072 0.695250
vt 0.820018 0.695257
vt 0.855693 0.796555
vt 0.855645 0.794246
vt 0.881318 0.802913
vt 0.875276 0.802931
vt 0.858498 0.692319
vt 0.865444 0.692327
vt 0.306185 0.595801
vt 0.306137 0.593493
vt 0.325768 0.602178
vt 0.308990 0.491565
vt 0.315936 0.491573
vt 0.353076 0.598732
vt 0.353028 0.596423
vt 0.372659 0.605108
vt 0.355881 0.494496
vt 0.362828 0.494504
vt 0.411690 0.601663
vt 0.411643 0.599354
vt 0.431274 0.608039
vt 0.414496 0.497427
vt 0.421442 0.497434
vt 0.458288 0.599166
vt 0.455651 0.601663
vt 0.455603 0.599354
vt 0.475234 0.608039
vt 0.458456 0.497427
vt 0.465402 0.497434
vt 0.512506 0.596235
vt 0.509869 0.598732
vt 0.509821 0.596423
vt 0.529452 0.605108
vt 0.512674 0.494496
vt 0.519621 0.494504
vt 0.654645 0.597701
vt 0.652009 0.600197
vt 0.651961 0.597889
vt 0.677634 0.606555
vt 0.671592 0.606574
vt 0.654814 0.495962
vt 0.661760 0.495969
vt 0.716346 0.500135
vt 0.716190 0.593305
vt 0.713554 0.595801
vt 0.713506 0.593493
vt 0.733137 0.602178
vt 0.716359 0.491565
vt 0.723305 0.491573
vt 0.758685 0.596235
vt 0.756049 0.598732
vt 0.756001 0.596423
vt 0.781674 0.605090
vt 0.775632 0.605108
vt 0.758854 0.494496
vt 0.765800 0.494504
vt 0.946251 0.596235
vt 0.943614 0.598732
vt 0.943567 0.596423
vt 0.963198 0.605108
vt 0.946420 0.494496
vt 0.953366 0.494504
vt 0.011354 0.987485
vt 0.008723 0.989992
vt 0.008670 0.987673
vt 0.028301 0.996358
vt 0.011523 0.885746
vt 0.018469 0.885753
vt 0.188700 0.188347
vt 0.183308 0.186153
vt 0.182873 0.115593
vt 0.188043 0.115432
vt 0.819186 0.047826
vt 0.792594 0.047903
vt 0.774264 0.274529
vt 0.887983 0.052261
vt 0.819186 0.321295
vt 0.792594 0.321372
vt 0.828367 0.278816
vt 0.750335 0.243942
vt 0.793760 0.053228
vt 0.817991 0.053235
vt 0.848695 0.253372
vt 0.774264 0.547999
vt 0.887983 0.325731
vt 0.133961 0.409505
vt 0.124397 0.410042
vt 0.123806 0.398893
vt 0.133398 0.398369
vt 0.828367 0.552285
vt 0.750335 0.517411
vt 0.793760 0.326697
vt 0.817991 0.326704
vt 0.848695 0.526841
vt 0.146174 0.592633
vt 0.146716 0.608799
vt 0.132752 0.609541
vt 0.131866 0.593374
vt 0.115494 0.593848
vt 0.113333 0.410440
vt 0.101516 0.594017
vt 0.103811 0.410441
vt 0.145122 0.408731
vt 0.162279 0.591316
vt 0.717900 0.704579
vt 0.727712 0.712993
vt 0.956282 0.820925
vt 0.970217 0.842546
vt 0.947588 0.928772
vt 0.939207 0.939416
vt 0.912431 0.952595
vt 0.927617 0.797022
vt 0.950964 0.812709
vt 0.971565 0.896099
vt 0.956540 0.923174
vt 0.684559 0.959900
vt 0.977855 0.559220
vt 0.973323 0.586409
vt 0.968408 0.589729
vt 0.958106 0.614305
vt 0.940286 0.630867
vt 0.912638 0.644043
vt 0.712337 0.374574
vt 0.673315 0.375086
vt 0.791252 0.453179
vt 0.743807 0.404118
vt 0.971945 0.529901
vt 0.562756 0.695041
vt 0.554621 0.320583
vt 0.581129 0.322511
vt 0.546580 0.959121
vt 0.466967 0.698635
vt 0.547838 0.698742
vt 0.467083 0.959568
vt 0.536236 0.548536
vt 0.610284 0.552285
vt 0.590605 0.552285
vt 0.512315 0.517413
vt 0.227360 0.655507
vt 0.227312 0.703369
vt 0.216003 0.703393
vt 0.215837 0.655490
vt 0.104890 0.635682
vt 0.211071 0.635766
vt 0.104842 0.647114
vt 0.212036 0.409495
vt 0.202455 0.410042
vt 0.201881 0.398883
vt 0.211475 0.398369
vt 0.208367 0.701968
vt 0.224251 0.592633
vt 0.224792 0.608799
vt 0.210828 0.609541
vt 0.209942 0.593374
vt 0.193571 0.593848
vt 0.191400 0.410440
vt 0.179593 0.594017
vt 0.181887 0.410441
vt 0.223198 0.408731
vt 0.240356 0.591316
vt 0.224060 0.077605
vt 0.223286 0.055258
vt 0.149337 0.251098
vt 0.147539 0.223818
vt 0.092923 0.233894
vt 0.091481 0.223818
vt 0.114456 0.243194
vt 0.117676 0.223818
vt 0.233439 0.303862
vt 0.090794 0.335619
vt 0.257733 0.202183
vt 0.645439 0.086593
vt 0.640042 0.084416
vt 0.639613 0.013855
vt 0.644782 0.013694
vt 0.530556 0.739906
vt 0.963642 0.088773
vt 0.958250 0.086580
vt 0.957815 0.016020
vt 0.962985 0.015859
vt 0.322866 0.948971
vt 0.312606 0.948971
vt 0.275550 0.732324
vt 0.307013 0.948971
vt 0.307013 0.708255
vt 0.296753 0.948971
vt 0.296753 0.708255
vt 0.312606 0.954564
vt 0.322866 0.954564
vt 0.328459 0.948971
vt 0.328459 0.708255
vt 0.677133 0.095538
vt 0.052954 0.097163
vt 0.052954 0.095185
vt 0.052955 0.093526
vt 0.238505 0.758402
vt 0.394494 0.706870
vt 0.158407 0.980165
vt 0.030053 0.979927
vt 0.587965 0.501203
vt 0.491205 0.544878
vt 0.596717 0.499598
vt 0.608816 0.500443
vt 0.446598 0.538241
vt 0.488479 0.530255
vt 0.336296 0.597218
vt 0.336453 0.602573
vt 0.342673 0.647394
vt 0.342339 0.603112
vt 0.290886 0.653665
vt 0.290854 0.597252
vt 0.631874 0.505004
vt 0.590236 0.513096
vt 0.569946 0.408526
vt 0.569066 0.403378
vt 0.281805 0.377458
vt 0.277032 0.676178
vt 0.382705 0.330441
vt 0.531436 0.227665
vt 0.334956 0.327150
vt 0.376506 0.279987
vt 0.510003 0.183235
vt 0.637040 0.182421
vt 0.486824 0.221035
vt 0.528691 0.213053
vt 0.427364 0.330556
vt 0.331081 0.280049
vt 0.649048 0.183241
vt 0.672304 0.187759
vt 0.630487 0.195887
vt 0.397572 0.061468
vt 0.435260 0.063888
vt 0.420696 0.244380
vt 0.610178 0.091315
vt 0.609299 0.086172
vt 0.452469 0.247497
vt 0.472879 0.067514
vt 0.547632 0.683956
vt 0.676114 0.683976
vt 0.322039 0.060252
vt 0.325061 0.241363
vt 0.359777 0.060255
vt 0.912029 0.706870
vt 0.675945 0.980214
vt 0.547588 0.979927
vt 0.715685 0.323036
vt 0.753450 0.323017
vt 0.711849 0.332350
vt 0.815968 0.059771
vt 0.801420 0.240267
vt 0.778269 0.057351
vt 0.715651 0.285200
vt 0.705735 0.237175
vt 0.702760 0.056136
vt 0.740501 0.056138
vt 0.833247 0.243315
vt 0.853600 0.063399
vt 0.868966 0.087029
vt 0.894864 0.224512
vt 0.121543 0.420000
vt 0.031752 0.382649
vt 0.374517 0.372789
s 1
usemtl blinn4SG
f 15/1/1 56/2/2 10/3/3
f 15/1/1 53/4/4 3/5/5
f 59/6/6 18/7/7 12/8/8
f 6/9/9 12/8/8 18/7/7
f 4/10/10 12/8/8 6/9/9
f 58/11/11 52/12/12 72/13/13
f 59/6/6 3/5/5 61/14/14
f 13/15/15 12/8/8 4/10/10
f 57/16/16 15/1/1 3/5/5
f 24/17/17 62/18/18 60/19/19
f 60/20/19 62/21/18 29/22/20
f 25/23/21 61/24/14 26/25/22
f 27/26/23 29/27/20 62/18/18
f 4/28/10 6/29/9 32/30/24
f 63/31/25 9/32/26 72/33/13
f 1/34/27 17/35/28 65/36/29
f 22/37/30 21/38/31 19/39/32
f 45/40/33 30/41/34 1/34/27
f 65/36/29 45/40/33 1/34/27
f 42/42/35 6/29/9 20/43/36
f 41/44/37 20/43/36 23/45/38
f 50/46/39 51/47/40 55/48/41
f 78/49/42 54/50/43 8/51/44
f 67/52/45 33/53/46 7/54/47
f 8/51/44 7/54/47 33/53/46
f 66/55/48 41/44/37 40/56/49
f 68/57/50 42/42/35 67/58/45
f 69/59/51 35/60/52 44/61/53
f 35/62/52 54/50/43 37/63/54
f 39/64/55 71/65/56 70/66/57
f 66/55/48 51/47/40 33/67/46
f 27/26/23 55/68/41 29/27/20
f 8/51/44 33/53/46 39/64/55
f 3/5/5 52/12/12 58/69/11
f 78/70/42 52/12/12 53/4/4
f 79/71/58 52/12/12 78/70/42
f 37/63/54 54/50/43 30/72/34
f 30/72/34 54/50/43 78/49/42
f 29/27/20 55/68/41 28/73/59
f 55/68/41 26/25/22 28/73/59
f 16/74/60 17/35/28 15/75/1
f 3/5/5 59/6/6 12/8/8
f 5/1372/707 72/13/13 52/12/12
f 3/5/5 28/1373/59 61/14/14
f 12/8/8 57/16/16 3/5/5
f 57/1374/16 14/1375/708 16/74/60 15/75/1
f 59/6/6 20/1376/36 6/9/9 18/7/7
f 60/19/19 58/11/11 19/1377/32 21/1378/31
f 61/14/14 25/1379/21 23/1380/38 59/6/6
f 23/1380/38 20/1376/36 59/6/6
f 21/1378/31 22/1381/30 60/19/19
f 22/1381/30 24/17/17 60/19/19
f 13/1382/15 4/28/10 32/30/24 64/1383/709
f 24/17/17 27/26/23 62/18/18
f 28/73/59 26/25/22 61/24/14
f 2/1384/710 31/1385/711 63/31/25
f 5/1386/707 63/31/25 72/33/13
f 14/1387/708 13/1382/15 64/1383/709 44/1388/53
f 14/1387/708 44/1388/53 65/36/29 16/74/60
f 46/1389/712 19/39/32 72/33/13 9/32/26
f 65/36/29 17/35/28 16/74/60
f 63/31/25 5/1386/707 2/1384/710
f 47/1390/713 22/37/30 19/39/32 46/1389/712
f 47/1390/713 48/1391/714 24/1392/17 22/37/30
f 23/45/38 25/1393/21 26/1394/22
f 48/1391/714 49/1395/715 27/1396/23 24/1392/17
f 49/1395/715 50/46/39 55/48/41 27/1396/23
f 55/48/41 51/47/40 26/1394/22
f 23/45/38 26/1394/22 40/56/49 41/44/37
f 43/1397/716 32/30/24 6/29/9
f 42/42/35 43/1397/716 6/29/9
f 20/43/36 41/44/37 42/42/35
f 34/1398/717 32/30/24 43/1397/716 68/1399/50
f 51/47/40 40/56/49 26/1394/22
f 51/47/40 50/46/39 33/67/46
f 8/51/44 54/50/43 7/54/47
f 54/50/43 35/62/52 7/54/47
f 33/53/46 67/52/45 66/1400/48
f 40/56/49 51/47/40 66/55/48
f 66/55/48 67/58/45 41/44/37
f 67/58/45 42/42/35 41/44/37
f 68/1399/50 43/1397/716 42/42/35
f 7/54/47 34/1401/717 68/1402/50 67/52/45
f 64/1383/709 34/1398/717 69/59/51 44/1388/53
f 34/1398/717 64/1383/709 32/30/24
f 39/64/55 9/1403/26 63/1404/25 38/1405/718
f 7/54/47 69/1406/51 34/1401/717
f 7/54/47 35/62/52 69/1406/51
f 35/62/52 37/1407/54 36/1408/719
f 47/1409/713 46/1410/712 39/1411/55 70/1412/57
f 38/1405/718 8/51/44 39/64/55
f 39/1411/55 46/1410/712 9/1403/26
f 48/1413/714 47/1409/713 70/1412/57 71/1414/56
f 49/1395/715 71/1415/56 33/67/46 50/46/39
f 71/1414/56 49/1416/715 48/1413/714
f 81/1417/720 82/1418/721 74/1419/722 73/1420/723
f 53/4/4 15/1/1 10/3/3
f 1/34/27 30/41/34 77/1421/724
f 39/64/55 33/53/46 71/65/56
f 8/51/44 79/1422/58 78/49/42
f 28/1373/59 3/5/5 58/69/11
f 58/69/11 60/20/19 29/22/20
f 28/1373/59 58/69/11 29/22/20
f 78/70/42 53/4/4 73/1423/723
f 75/1424/725 83/1425/726 84/1426/727 76/1427/728
f 79/71/58 75/1428/725 76/1429/728 52/12/12
f 84/1430/727 52/12/12 76/1431/728
f 73/1420/723 10/3/3 81/1417/720
f 77/1421/724 11/1432/729 1/34/27
f 80/1433/730 31/1385/711 2/1384/710
f 10/3/3 73/1420/723 53/4/4
f 53/4/4 52/12/12 3/5/5
f 83/1425/726 75/1424/725 8/51/44
f 81/1434/720 11/1435/729 77/1436/724 82/1437/721
f 75/1424/725 79/1422/58 8/51/44
f 78/49/42 82/1437/721 30/72/34
f 78/49/42 74/1438/722 82/1437/721
f 73/1423/723 74/1439/722 78/70/42
f 10/3/3 1/34/27 81/1417/720
f 52/12/12 84/1430/727 5/1372/707
f 81/1417/720 1/34/27 11/1432/729
f 45/1440/33 65/1441/29 36/1442/719 37/1407/54
f 30/72/34 82/1437/721 77/1436/724
f 45/1440/33 37/63/54 30/72/34
f 63/1404/25 31/1443/711 8/51/44 38/1405/718
f 35/1444/52 36/1442/719 65/1441/29
f 44/61/53 35/60/52 65/1445/29
f 83/1446/726 80/1447/730 2/1448/710 84/1430/727
f 80/1449/730 8/51/44 31/1443/711
f 83/1425/726 8/51/44 80/1449/730
f 17/35/28 1/34/27 10/3/3 56/2/2
f 2/1448/710 5/1372/707 84/1430/727
f 58/11/11 72/13/13 19/1377/32
f 56/2/2 15/75/1 17/35/28
f 12/8/8 13/15/15 14/1888/708 57/16/16
usemtl blinn2SG.001
f 90/76/61 85/77/62 89/78/63
f 85/77/62 90/76/61 87/79/64
f 91/80/65 90/76/61 88/81/66
f 92/82/67 98/83/68 93/84/69
f 93/85/69 94/86/70 96/87/71
f 97/88/72 99/89/73 95/90/74
f 709/831/446 717/832/447 713/833/448
f 707/834/449 708/835/450 713/833/448
f 709/831/446 713/833/448 708/835/450
f 708/835/450 714/836/451 719/837/452
f 708/835/450 719/837/452 720/838/453
f 708/835/450 720/838/453 709/831/446
f 711/839/454 712/840/455 708/835/450
f 715/841/456 708/835/450 712/840/455
f 707/834/449 718/842/457 710/843/458
f 720/838/453 721/844/459 709/831/446
f 711/839/454 732/845/460 712/840/455
f 738/846/461 739/847/462 735/848/463
f 737/849/464 738/846/461 741/850/465
f 741/850/465 738/846/461 721/851/459
f 734/852/466 742/853/467 738/846/461
f 742/853/467 734/852/466 722/854/468
f 752/855/469 739/847/462 738/846/461
f 739/847/462 752/855/469 749/856/470
f 746/857/471 747/858/472 744/859/473
f 751/860/474 745/861/475 749/856/470
f 750/862/476 740/863/477 743/864/478
f 750/862/476 718/865/457 740/863/477
f 740/863/477 718/865/457 733/866/479
f 734/852/466 723/867/480 722/854/468
f 721/851/459 720/868/453 741/850/465
f 741/850/465 719/869/452 737/849/464
f 736/870/481 715/871/456 724/872/482
f 744/859/473 724/872/482 727/873/483
f 746/857/471 727/873/483 729/874/484
f 755/875/485 757/876/486 754/877/487
f 756/878/488 757/876/486 755/875/485
f 757/876/486 760/879/489 758/880/490
f 759/881/491 757/876/486 756/878/488
f 772/898/503 781/899/504 774/900/505
f 784/901/506 781/902/504 783/903/507
f 780/904/508 775/905/509 772/906/503
f 773/907/510 783/903/507 772/906/503
f 783/903/507 773/907/510 779/908/511
f 776/909/512 777/910/513 778/911/514
f 775/905/509 780/904/508 782/912/515
f 772/898/503 783/913/507 781/899/504
f 784/901/506 783/903/507 779/908/511
f 822/914/516 801/915/517 814/916/518
f 797/917/519 806/918/520 822/919/516
f 809/920/521 814/921/518 801/922/517
f 801/922/517 798/923/522 809/920/521
f 802/924/523 795/925/524 807/926/525
f 814/921/518 813/927/526 820/928/527
f 796/929/528 815/930/529 814/921/518
f 815/931/529 796/932/528 817/933/530
f 815/930/529 813/927/526 814/921/518
f 810/934/531 812/935/532 811/936/533
f 818/937/534 819/938/535 810/939/531
f 821/940/536 816/941/537 819/938/535
f 816/941/537 821/940/536 817/942/530
f 817/942/530 822/919/516 816/941/537
f 813/943/526 815/931/529 817/933/530
f 811/944/533 818/945/534 810/946/531
f 819/947/535 814/916/518 812/948/532
f 801/915/517 799/949/538 804/950/539
f 804/950/539 799/949/538 803/951/540
f 802/952/523 803/951/540 793/953/541
f 795/925/524 794/954/542 807/926/525
f 807/955/525 808/956/543 805/957/544
f 805/957/544 800/958/545 798/959/522
f 809/960/521 797/961/519 796/932/528
f 813/943/526 817/933/530 821/962/536
f 819/947/535 812/948/532 810/963/531
f 822/914/516 814/916/518 816/964/537
f 800/958/545 806/965/520 809/960/521
f 799/949/538 801/915/517 822/914/516
f 793/966/541 794/954/542 795/925/524
f 809/920/521 796/929/528 814/921/518
f 939/1145/556 933/1146/557 936/1147/558
f 934/1148/559 935/1149/560 938/1150/561
f 936/1151/558 937/1152/562 938/1153/561
f 939/1145/556 934/1148/559 937/1152/562
f 939/1145/556 937/1152/562 933/1154/557
f 935/1149/560 939/1145/556 940/1155/563
f 935/1149/560 940/1155/563 936/1147/558
f 935/1149/560 936/1147/558 938/1150/561
f 936/1151/558 933/1154/557 937/1152/562
f 946/1156/564 942/1157/565 941/1158/566
f 946/1156/564 947/1159/567 942/1157/565
f 994/1191/588 980/1192/589 983/1193/590
f 981/1194/591 985/1195/592 988/1196/593
f 986/1197/594 988/1196/593 985/1195/592
f 994/1191/588 983/1193/590 987/1198/595
f 994/1191/588 987/1198/595 992/1199/596
f 993/1200/597 991/1201/598 990/1202/599
f 993/1200/597 997/1203/600 991/1201/598
f 994/1191/588 992/1199/596 1000/1204/601
f 1000/1205/601 989/1206/602 998/1207/603
f 1002/1208/604 1001/1209/605 972/1210/606
f 996/1211/607 981/1212/591 988/1213/593
f 996/1211/607 988/1213/593 991/1214/598
f 996/1211/607 991/1214/598 997/1215/600
f 998/1216/603 997/1215/600 999/1217/608
f 999/1217/608 993/1200/597 990/1202/599
f 986/1197/594 994/1191/588 990/1202/599
f 973/1218/609 974/1219/610 1002/1208/604
f 1001/1209/605 977/1220/611 972/1210/606
f 975/1221/612 972/1210/606 977/1220/611
f 998/1216/603 999/1217/608 1000/1204/601
f 989/1206/602 1000/1205/601 992/1222/596
f 989/1206/602 992/1222/596 987/1223/595
f 996/1211/607 987/1223/595 983/1224/590
f 980/1225/589 1001/1209/605 978/1226/613
f 1001/1209/605 1002/1208/604 995/1227/614
f 995/1228/614 984/1229/615 978/1230/613
f 1004/1231/616 1005/1232/617 1003/1233/618
f 1006/1234/619 1004/1231/616 1003/1233/618
f 1003/1233/618 973/1235/609 1006/1236/619
f 1006/1236/619 973/1235/609 972/1237/606
f 975/1238/612 1006/1236/619 972/1237/606
f 975/1238/612 1004/1239/616 1006/1236/619
f 974/1240/610 1005/1232/617 1004/1241/616
f 1005/1232/617 973/1235/609 1003/1233/618
f 1012/1242/620 1007/1243/621 1009/1244/622
f 1008/1245/623 1014/1246/624 1011/1247/625
f 1009/1248/622 1010/1249/626 1011/1250/625
f 1012/1242/620 1008/1245/623 1010/1249/626
f 1012/1242/620 1010/1249/626 1007/1251/621
f 1014/1246/624 1012/1242/620 1013/1252/627
f 1014/1246/624 1013/1252/627 1009/1244/622
f 1014/1246/624 1009/1244/622 1011/1247/625
f 1009/1248/622 1007/1251/621 1010/1249/626
f 1038/1253/628 1022/1254/629 1024/1255/630
f 1026/1256/631 1037/1257/632 1023/1258/633
f 1040/1259/634 1027/1260/635 1037/1261/632
f 1026/1256/631 1030/1262/636 1037/1257/632
f 1028/1263/637 1030/1262/636 1026/1256/631
f 1038/1253/628 1024/1255/630 1029/1264/638
f 1031/1265/639 1029/1266/638 1027/1260/635
f 1027/1260/635 1040/1259/634 1031/1265/639
f 1038/1253/628 1029/1264/638 1034/1267/640
f 1035/1268/641 1033/1269/642 1032/1270/643
f 1035/1268/641 1039/1271/644 1033/1269/642
f 1038/1253/628 1034/1267/640 1036/1272/645
f 1036/1273/645 1031/1265/639 1040/1274/634
f 1018/1275/646 1019/1276/647 1017/1277/648
f 1017/1277/648 1019/1276/647 1044/1278/649
f 1020/1279/650 1043/1280/651 1045/1281/652
f 1040/1259/634 1037/1261/632 1030/1282/636
f 1040/1259/634 1030/1282/636 1033/1283/642
f 1040/1259/634 1033/1283/642 1039/1284/644
f 1040/1259/634 1039/1284/644 1042/1285/653
f 1042/1285/653 1035/1268/641 1032/1270/643
f 1028/1263/637 1038/1253/628 1032/1270/643
f 1016/1286/654 1044/1278/649 1043/1280/651
f 1017/1277/648 1044/1278/649 1016/1286/654
f 1021/1287/655 1043/1280/651 1044/1278/649
f 1040/1259/634 1042/1285/653 1036/1272/645
f 1031/1265/639 1034/1288/640 1029/1266/638
f 1027/1260/635 1029/1266/638 1024/1289/630
f 1041/1290/656 1022/1291/629 1019/1276/647
f 1037/1261/632 1025/1292/657 1020/1293/650
f 1046/1294/658 1047/1295/659 1048/1296/660
f 1049/1297/661 1046/1294/658 1048/1296/660
f 1072/1323/678 1076/1324/679 1070/1325/680
f 1073/1326/681 1074/1327/682 1075/1328/683
f 1082/1329/684 1072/1330/678 1070/1331/680
f 1072/1323/678 1077/1332/685 1076/1324/679
f 1076/1333/679 1077/1332/685 1068/1334/686
f 1068/1334/686 1077/1332/685 1075/1328/683
f 1076/1333/679 1074/1335/682 1071/1336/687
f 1076/1333/679 1071/1336/687 1070/1337/680
f 1075/1328/683 1072/1338/678 1073/1339/681
f 1077/1332/685 1072/1338/678 1075/1328/683
f 1079/1340/688 1080/1341/689 1078/1342/690
f 1081/1343/691 1079/1340/688 1078/1342/690
f 1073/1344/681 1082/1329/684 1071/1345/687
f 86/1450/731 88/1451/66 89/1452/63 85/77/62
f 98/1453/68 97/1454/72 95/90/74 94/86/70
f 90/1455/61 91/1456/65 87/79/64
f 91/1456/65 88/1451/66 86/1450/731
f 85/77/62 87/79/64 86/1450/731
f 91/1456/65 86/1450/731 87/79/64
f 88/81/66 90/76/61 89/78/63
f 92/82/67 97/88/72 98/83/68
f 94/86/70 93/85/69 98/1453/68
f 93/85/69 96/87/71 99/89/73 92/1457/67
f 99/89/73 97/88/72 92/82/67
f 94/86/70 95/90/74 99/89/73
f 96/87/71 94/86/70 99/89/73
f 699/1798/733 705/1799/734 706/1800/735 700/1801/736
f 701/1807/737 702/1808/738 704/1809/739 703/1810/740
f 699/1798/733 701/1807/737 703/1810/740 705/1799/734
f 703/1810/740 704/1811/739 706/1812/735 705/1799/734
f 702/1813/738 700/1814/736 706/1812/735 704/1811/739
f 701/1807/737 699/1798/733 700/1815/736 702/1816/738
f 723/1817/480 717/832/447 709/831/446 722/1818/468
f 708/835/450 715/841/456 714/836/451
f 707/834/449 711/839/454 708/835/450
f 729/1819/484 715/841/456 712/840/455
f 729/1819/484 712/840/455 730/1820/741
f 707/834/449 710/843/458 711/839/454
f 711/839/454 710/843/458 716/1821/742
f 726/1822/743 716/1821/742 710/843/458 725/1823/744
f 710/843/458 718/842/457 725/1823/744
f 724/1824/482 715/841/456 729/1819/484 727/1825/483
f 731/1826/745 711/839/454 716/1821/742 728/1827/746
f 716/1821/742 726/1822/743 728/1827/746
f 739/847/462 745/861/475 743/864/478 740/863/477
f 712/840/455 732/845/460 730/1820/741
f 711/839/454 731/1826/745 732/845/460
f 707/834/449 733/1828/479 718/842/457
f 707/834/449 713/833/448 733/1828/479
f 734/852/466 738/846/461 735/848/463
f 744/859/473 737/849/464 736/870/481
f 737/849/464 744/859/473 738/846/461
f 732/1829/460 731/1830/745 749/856/470 752/855/469
f 738/846/461 742/853/467 721/851/459
f 744/859/473 752/855/469 738/846/461
f 752/855/469 744/859/473 747/858/472
f 748/1831/747 751/860/474 749/856/470
f 749/856/470 745/861/475 739/847/462
f 731/1830/745 728/1832/746 751/860/474 748/1831/747
f 748/1831/747 749/856/470 731/1830/745
f 726/1833/743 745/861/475 751/860/474 728/1832/746
f 725/1834/744 743/864/478 745/861/475 726/1833/743
f 718/865/457 750/862/476 743/864/478 725/1834/744
f 717/1835/447 734/852/466 735/848/463 713/1836/448
f 714/1837/451 715/871/456 736/870/481 737/849/464
f 734/852/466 717/1835/447 723/867/480
f 742/853/467 722/854/468 709/1838/446
f 742/853/467 709/1838/446 721/851/459
f 741/850/465 720/868/453 719/869/452
f 737/849/464 719/869/452 714/1837/451
f 729/874/484 730/1839/741 747/858/472 746/857/471
f 744/859/473 736/870/481 724/872/482
f 746/857/471 744/859/473 727/873/483
f 730/1839/741 732/1829/460 752/855/469 747/858/472
f 735/848/463 740/863/477 733/866/479 713/1836/448
f 759/881/491 756/878/488 755/875/485 753/1840/748
f 739/847/462 740/863/477 735/848/463
f 754/877/487 757/876/486 758/880/490
f 754/877/487 758/880/490 753/1840/748
f 755/875/485 754/877/487 753/1840/748
f 759/881/491 760/879/489 757/876/486
f 758/1843/490 759/1844/491 753/1845/748
f 760/1846/489 759/1844/491 758/1843/490
f 780/904/508 777/910/513 776/909/512 782/912/515
f 784/1851/506 779/1852/511 773/1853/510 778/1854/514
f 781/1855/504 784/1856/506 778/911/514 774/1857/505
f 774/1857/505 778/911/514 777/910/513
f 773/907/510 772/906/503 775/905/509
f 772/898/503 774/900/505 777/910/513 780/904/508
f 776/909/512 775/905/509 782/912/515
f 785/1858/749 791/1859/750 792/1860/751 786/1861/752
f 776/909/512 778/1854/514 775/1862/509
f 778/1854/514 773/1853/510 775/1862/509
f 787/1863/753 788/1864/754 790/1865/755 789/1866/756
f 785/1858/749 787/1863/753 789/1866/756 791/1859/750
f 789/1866/756 790/1867/755 792/1868/751 791/1859/750
f 788/1869/754 786/1870/752 792/1868/751 790/1867/755
f 787/1863/753 785/1858/749 786/1871/752 788/1872/754
f 805/1873/544 798/923/522 801/922/517 804/1874/539
f 800/1875/545 799/1876/538 806/918/520
f 798/959/522 800/958/545 809/960/521
f 794/1877/542 793/1878/541 808/1879/543
f 807/926/525 805/1873/544 804/1874/539 802/924/523
f 799/1876/538 800/1875/545 808/1879/543 803/1880/540
f 808/1879/543 793/1878/541 803/1880/540
f 821/962/536 818/945/534 811/944/533 813/943/526
f 822/919/516 806/918/520 799/1876/538
f 817/942/530 797/917/519 822/919/516
f 814/916/518 820/1881/527 812/948/532
f 811/936/533 812/935/532 820/928/527 813/927/526
f 818/937/534 821/940/536 819/938/535
f 802/952/523 804/950/539 803/951/540
f 795/1882/524 802/952/523 793/953/541
f 807/955/525 794/1883/542 808/956/543
f 817/933/530 796/932/528 797/961/519
f 816/964/537 814/916/518 819/947/535
f 805/957/544 808/956/543 800/958/545
f 809/960/521 806/965/520 797/961/519
f 943/1893/757 948/1894/758 941/1158/566 942/1157/565
f 934/1148/559 938/1150/561 937/1895/562
f 939/1145/556 936/1147/558 940/1155/563
f 939/1145/556 935/1149/560 934/1148/559
f 941/1158/566 948/1894/758 944/1896/759 946/1897/564
f 945/1898/760 947/1899/567 946/1897/564 944/1896/759
f 944/1900/759 948/1894/758 943/1893/757 945/1901/760
f 942/1157/565 945/1902/760 943/1893/757
f 942/1157/565 947/1903/567 945/1902/760
f 991/1201/598 988/1196/593 986/1197/594 990/1202/599
f 982/1912/762 985/1195/592 981/1194/591
f 984/1913/615 995/1228/614 996/1211/607
f 996/1211/607 983/1224/590 984/1913/615
f 989/1206/602 987/1223/595 996/1211/607
f 980/1192/589 994/1191/588 982/1914/762 979/1915/763
f 996/1211/607 998/1216/603 989/1206/602
f 973/1218/609 1002/1208/604 972/1210/606
f 995/1228/614 981/1212/591 996/1211/607
f 984/1913/615 983/1224/590 980/1916/589 978/1917/613
f 979/1918/763 976/1919/764 977/1220/611
f 975/1221/612 977/1220/611 974/1219/610
f 977/1220/611 976/1919/764 974/1219/610
f 994/1191/588 999/1217/608 990/1202/599
f 994/1191/588 986/1197/594 985/1195/592
f 994/1191/588 985/1195/592 982/1914/762
f 974/1219/610 976/1919/764 1002/1208/604
f 995/1920/614 1002/1208/604 976/1919/764
f 1001/1209/605 980/1225/589 977/1220/611
f 995/1920/614 976/1919/764 979/1921/763
f 1001/1209/605 995/1227/614 978/1922/613
f 979/1918/763 977/1220/611 980/1923/589
f 1033/1269/642 1030/1262/636 1028/1263/637 1032/1270/643
f 995/1924/614 979/1925/763 982/1912/762
f 995/1924/614 982/1912/762 981/1194/591
f 998/1216/603 996/1211/607 997/1215/600
f 999/1217/608 994/1191/588 1000/1204/601
f 993/1926/597 999/1927/608 997/1203/600
f 975/1928/612 974/1240/610 1004/1241/616
f 1005/1232/617 974/1240/610 973/1235/609
f 1008/1245/623 1011/1247/625 1010/1929/626
f 1012/1242/620 1009/1244/622 1013/1252/627
f 1012/1242/620 1014/1246/624 1008/1245/623
f 1021/1287/655 1045/1930/652 1043/1280/651
f 1037/1261/632 1027/1260/635 1025/1931/657
f 1027/1260/635 1024/1289/630 1025/1931/657
f 1041/1290/656 1015/1932/765 1016/1286/654 1043/1280/651
f 1041/1290/656 1019/1276/647 1018/1275/646 1015/1932/765
f 1020/1279/650 1041/1290/656 1043/1280/651
f 1021/1933/655 1044/1278/649 1019/1276/647
f 1037/1261/632 1020/1293/650 1045/1934/652
f 1038/1253/628 1042/1285/653 1032/1270/643
f 1038/1253/628 1028/1263/637 1026/1256/631
f 1038/1253/628 1026/1256/631 1023/1935/633
f 1025/1931/657 1024/1289/630 1022/1936/629 1020/1937/650
f 1031/1265/639 1036/1273/645 1034/1288/640
f 1022/1291/629 1041/1290/656 1020/1938/650
f 1019/1276/647 1022/1939/629 1021/1933/655
f 1023/1935/633 1021/1940/655 1022/1254/629 1038/1253/628
f 1037/1257/632 1045/1941/652 1021/1942/655 1023/1258/633
f 1016/1943/654 1015/1944/765 1047/1945/659 1046/1294/658
f 1042/1285/653 1038/1253/628 1036/1272/645
f 1035/1946/641 1042/1947/653 1039/1271/644
f 1048/1948/660 1047/1945/659 1015/1944/765 1018/1949/646
f 1018/1952/646 1049/1297/661 1048/1953/660
f 1018/1952/646 1017/1954/648 1049/1297/661
f 1049/1297/661 1017/1954/648 1016/1943/654
f 1046/1294/658 1049/1297/661 1016/1943/654
f 1075/1328/683 1074/1335/682 1066/1958/766 1067/1959/767
f 1073/1326/681 1071/1960/687 1074/1327/682
f 1066/1961/766 1081/1962/691 1078/1342/690 1067/1963/767
f 1069/1964/768 1076/1333/679 1068/1334/686
f 1067/1959/767 1068/1334/686 1075/1328/683
f 1066/1958/766 1074/1335/682 1076/1333/679
f 1069/1964/768 1066/1958/766 1076/1333/679
f 1080/1341/689 1079/1965/688 1069/1966/768 1068/1967/686
f 1066/1961/766 1079/1968/688 1081/1962/691
f 1066/1961/766 1069/1969/768 1079/1968/688
f 1080/1341/689 1068/1967/686 1067/1963/767
f 1078/1342/690 1080/1341/689 1067/1963/767
f 1071/1345/687 1082/1329/684 1070/1970/680
f 1082/1329/684 1073/1344/681 1072/1971/678
usemtl blinn1SG
f 100/91/75 102/92/76 108/93/77
f 108/93/77 101/94/78 107/95/79
f 101/96/78 106/97/80 103/98/81
f 105/99/82 106/97/80 104/100/83
f 100/91/75 105/99/82 104/100/83
f 105/99/82 103/98/81 106/97/80
f 108/93/77 102/92/76 101/94/78
f 109/101/84 110/102/85 111/103/86
f 109/101/84 111/103/86 117/104/87
f 117/104/87 114/105/88 116/106/89
f 112/107/90 114/108/88 113/109/91
f 115/110/92 113/109/91 110/102/85
f 112/107/90 116/111/89 114/108/88
f 115/110/92 112/107/90 113/109/91
f 117/104/87 111/103/86 114/105/88
f 123/112/93 121/113/94 118/114/95
f 118/114/95 121/113/94 126/115/96
f 126/115/96 119/116/97 120/117/98
f 119/118/97 125/119/99 122/120/100
f 124/121/101 125/119/99 123/112/93
f 118/114/95 124/121/101 123/112/93
f 124/121/101 122/120/100 125/119/99
f 126/115/96 121/113/94 119/116/97
f 127/122/102 128/123/103 135/124/104
f 135/124/104 131/125/105 134/126/106
f 129/127/107 131/128/105 130/129/108
f 132/130/109 130/129/108 133/131/110
f 129/127/107 134/132/106 131/128/105
f 132/130/109 129/127/107 130/129/108
f 135/124/104 128/123/103 131/125/105
f 136/133/111 137/134/112 144/135/113
f 144/135/113 140/136/114 143/137/115
f 138/138/116 140/139/114 141/140/117
f 142/141/118 141/140/117 139/142/119
f 138/138/116 143/143/115 140/139/114
f 136/133/111 142/141/118 139/142/119
f 142/141/118 138/138/116 141/140/117
f 144/135/113 137/134/112 140/136/114
f 153/144/120 149/145/121 152/146/122
f 146/147/123 149/148/121 148/149/124
f 151/150/125 148/149/124 150/151/126
f 146/147/123 152/152/122 149/148/121
f 147/153/127 153/144/120 145/154/128
f 145/154/128 151/150/125 150/151/126
f 151/150/125 146/147/123 148/149/124
f 153/144/120 147/153/127 149/145/121
f 154/155/129 158/156/130 156/157/131
f 154/155/129 156/157/131 162/158/132
f 162/158/132 155/159/133 161/160/79
f 155/161/133 160/162/134 157/163/135
f 159/164/136 160/162/134 158/156/130
f 154/155/129 159/164/136 158/156/130
f 159/164/136 157/163/135 160/162/134
f 162/158/132 156/157/131 155/159/133
f 165/165/137 168/166/138 166/167/139
f 171/168/140 164/169/141 170/170/142
f 164/171/141 169/172/143 167/173/144
f 165/165/137 169/172/143 168/166/138
f 166/167/139 163/174/145 165/165/137
f 166/167/139 171/168/140 163/174/145
f 165/165/137 167/173/144 169/172/143
f 171/168/140 166/167/139 164/169/141
f 180/175/146 179/176/147 174/177/148
f 174/178/148 179/179/147 178/180/149
f 175/181/150 178/180/149 177/182/151
f 176/183/152 172/184/153 175/181/150
f 176/183/152 175/181/150 177/182/151
f 176/183/152 180/175/146 172/184/153
f 175/181/150 173/185/154 178/180/149
f 180/175/146 176/183/152 179/176/147
f 189/186/155 186/187/156 188/188/157
f 186/189/156 187/190/158 184/191/159
f 183/192/160 187/190/158 185/193/161
f 182/194/162 181/195/163 183/192/160
f 182/194/162 189/186/155 181/195/163
f 183/192/160 184/191/159 187/190/158
f 189/186/155 182/194/162 186/187/156
f 190/196/164 192/197/165 194/198/166
f 198/199/167 191/200/168 197/201/169
f 191/202/168 196/203/170 195/204/171
f 192/197/165 196/203/170 194/198/166
f 193/205/172 198/199/167 190/196/164
f 192/197/165 195/204/171 196/203/170
f 198/199/167 193/205/172 191/200/168
f 199/206/173 201/207/174 202/208/175
f 199/206/173 202/208/175 207/209/176
f 207/209/176 200/210/177 206/211/169
f 200/212/177 205/213/178 204/214/179
f 203/215/180 205/213/178 201/207/174
f 203/215/180 204/214/179 205/213/178
f 207/209/176 202/208/175 200/210/177
f 216/216/155 210/217/181 215/218/182
f 210/219/181 214/220/183 212/221/184
f 211/222/185 214/220/183 213/223/186
f 209/224/187 208/225/188 211/222/185
f 209/224/187 216/216/155 208/225/188
f 211/222/185 212/221/184 214/220/183
f 216/216/155 209/224/187 210/217/181
f 225/226/189 222/227/190 224/228/191
f 219/229/123 222/230/190 221/231/192
f 223/232/193 221/231/192 218/233/194
f 220/234/195 217/235/196 218/233/194
f 219/229/123 224/236/191 222/230/190
f 217/235/196 223/232/193 218/233/194
f 223/232/193 219/229/123 221/231/192
f 225/226/189 220/234/195 222/227/190
f 234/237/120 231/238/197 232/239/198
f 230/240/184 231/241/197 227/242/199
f 233/243/200 227/242/199 229/244/201
f 228/245/202 226/246/203 229/244/201
f 230/240/184 232/247/198 231/241/197
f 228/245/202 234/237/120 226/246/203
f 226/246/203 233/243/200 229/244/201
f 233/243/200 230/240/184 227/242/199
f 234/237/120 228/245/202 231/238/197
f 243/248/120 239/249/204 242/250/205
f 239/251/204 241/252/206 238/253/207
f 240/254/208 241/252/206 236/255/126
f 237/256/209 235/257/210 236/255/126
f 237/256/209 243/248/120 235/257/210
f 235/257/210 240/254/208 236/255/126
f 240/254/208 238/253/207 241/252/206
f 243/248/120 237/256/209 239/249/204
f 244/258/211 245/259/212 252/260/87
f 252/260/87 247/261/213 251/262/214
f 246/263/215 247/264/213 250/265/216
f 249/266/217 250/265/216 248/267/218
f 246/263/215 251/268/214 247/264/213
f 244/258/211 249/266/217 248/267/218
f 249/266/217 246/263/215 250/265/216
f 252/260/87 245/259/212 247/261/213
f 261/269/219 254/270/181 260/271/205
f 254/272/181 259/273/220 257/274/221
f 255/275/222 259/273/220 258/276/223
f 256/277/224 253/278/225 255/275/222
f 256/277/224 261/269/219 253/278/225
f 255/275/222 257/274/221 259/273/220
f 261/269/219 256/277/224 254/270/181
f 270/279/226 263/280/227 269/281/228
f 263/282/227 268/283/220 266/284/229
f 265/285/222 268/283/220 267/286/223
f 264/287/230 262/288/231 265/285/222
f 264/287/230 270/279/226 262/288/231
f 265/285/222 266/284/229 268/283/220
f 270/279/226 264/287/230 263/280/227
f 279/289/226 272/290/227 278/291/228
f 272/292/227 277/293/220 275/294/229
f 274/295/222 277/293/220 276/296/223
f 273/297/230 271/298/231 274/295/222
f 273/297/230 279/289/226 271/298/231
f 274/295/222 275/294/229 277/293/220
f 279/289/226 273/297/230 272/290/227
f 280/299/232 283/300/233 285/301/234
f 288/302/235 282/303/236 287/304/79
f 282/305/236 286/306/237 284/307/238
f 283/300/233 286/306/237 285/301/234
f 281/308/239 280/299/232 285/301/234
f 281/308/239 288/302/235 280/299/232
f 283/300/233 284/307/238 286/306/237
f 288/302/235 281/308/239 282/303/236
f 297/309/240 294/310/241 296/311/122
f 292/312/242 294/313/241 293/314/243
f 291/315/244 293/314/243 295/316/245
f 290/317/246 289/318/247 291/315/244
f 292/312/242 296/319/122 294/313/241
f 290/317/246 297/309/240 289/318/247
f 291/315/244 292/312/242 293/314/243
f 297/309/240 290/317/246 294/310/241
f 306/320/219 299/321/181 305/322/205
f 299/323/181 304/324/134 302/325/229
f 300/326/222 304/324/134 303/327/223
f 301/328/224 298/329/225 300/326/222
f 301/328/224 306/320/219 298/329/225
f 300/326/222 302/325/229 304/324/134
f 306/320/219 301/328/224 299/321/181
f 307/330/248 309/331/249 315/332/176
f 315/332/176 308/333/250 314/334/79
f 308/335/250 313/336/251 310/337/207
f 312/338/252 313/336/251 311/339/253
f 307/330/248 312/338/252 311/339/253
f 312/338/252 310/337/207 313/336/251
f 315/332/176 309/331/249 308/333/250
f 324/340/240 321/341/254 323/342/198
f 317/343/255 321/344/254 318/345/256
f 322/346/257 318/345/256 320/347/258
f 319/348/246 316/349/259 322/346/257
f 317/343/255 323/350/198 321/344/254
f 319/348/246 324/340/240 316/349/259
f 322/346/257 317/343/255 318/345/256
f 324/340/240 319/348/246 321/341/254
f 325/351/260 329/352/261 327/353/262
f 325/351/260 327/353/262 333/354/263
f 333/354/263 326/355/264 332/356/205
f 326/357/264 331/358/265 328/359/135
f 330/360/266 331/358/265 329/352/261
f 325/351/260 330/360/266 329/352/261
f 330/360/266 328/359/135 331/358/265
f 333/354/263 327/353/262 326/355/264
f 342/361/267 336/362/227 341/363/228
f 336/364/227 340/365/268 338/366/229
f 337/367/222 340/365/268 339/368/223
f 335/369/230 334/370/225 337/367/222
f 335/369/230 342/361/267 334/370/225
f 337/367/222 338/366/229 340/365/268
f 342/361/267 335/369/230 336/362/227
f 350/371/226 345/372/227 349/373/228
f 345/374/227 348/375/134 346/376/229
f 351/377/222 348/375/134 347/378/223
f 344/379/230 343/380/269 351/377/222
f 344/379/230 350/371/226 343/380/269
f 351/377/222 346/376/229 348/375/134
f 350/371/226 344/379/230 345/372/227
f 352/381/232 355/382/165 357/383/234
f 360/384/235 354/385/236 359/386/79
f 354/387/236 358/388/270 356/389/238
f 355/382/165 358/388/270 357/383/234
f 353/390/239 352/381/232 357/383/234
f 353/390/239 360/384/235 352/381/232
f 355/382/165 356/389/238 358/388/270
f 360/384/235 353/390/239 354/385/236
f 369/391/219 362/392/181 368/393/228
f 362/394/181 367/395/271 365/396/229
f 363/397/222 367/395/271 366/398/223
f 364/399/224 361/400/225 363/397/222
f 364/399/224 369/391/219 361/400/225
f 363/397/222 365/396/229 367/395/271
f 369/391/219 364/399/224 362/392/181
f 378/401/226 372/402/272 377/403/273
f 372/404/272 376/405/274 374/406/275
f 373/407/276 376/405/274 375/408/223
f 371/409/277 370/410/231 373/407/276
f 371/409/277 378/401/226 370/410/231
f 373/407/276 374/406/275 376/405/274
f 378/401/226 371/409/277 372/402/272
f 387/411/120 384/412/278 386/413/279
f 384/414/278 385/415/280 382/416/184
f 380/417/281 385/415/280 383/418/282
f 381/419/283 379/420/284 380/417/281
f 381/419/283 387/411/120 379/420/284
f 380/417/281 382/416/184 385/415/280
f 387/411/120 381/419/283 384/412/278
f 396/421/285 392/422/286 395/423/169
f 389/424/287 392/425/286 391/426/288
f 393/427/289 391/426/288 394/428/290
f 390/429/291 388/430/292 394/428/290
f 389/424/287 395/431/169 392/425/286
f 390/429/291 396/421/285 388/430/292
f 388/430/292 393/427/289 394/428/290
f 393/427/289 389/424/287 391/426/288
f 396/421/285 390/429/291 392/422/286
f 397/432/293 398/433/294 405/434/295
f 405/434/295 401/435/296 404/436/297
f 401/437/296 403/438/298 399/439/299
f 402/440/217 403/438/298 400/441/300
f 397/432/293 402/440/217 400/441/300
f 402/440/217 399/439/299 403/438/298
f 405/434/295 398/433/294 401/435/296
f 410/442/301 408/443/302 406/444/292
f 406/444/292 408/443/302 414/445/176
f 414/445/176 407/446/250 413/447/79
f 407/448/250 412/449/303 409/450/207
f 411/451/304 412/449/303 410/442/301
f 406/444/292 411/451/304 410/442/301
f 411/451/304 409/450/207 412/449/303
f 414/445/176 408/443/302 407/446/250
f 418/452/305 419/453/306 420/454/307
f 423/455/308 421/456/309 422/457/310
f 416/458/311 421/459/309 417/460/312
f 418/452/305 417/460/312 419/453/306
f 416/458/311 422/461/310 421/459/309
f 420/454/307 423/455/308 415/462/313
f 418/452/305 416/458/311 417/460/312
f 423/455/308 420/454/307 421/456/309
f 432/463/267 425/464/227 431/465/228
f 425/466/227 430/467/271 428/468/221
f 427/469/314 430/467/271 429/470/315
f 426/471/230 424/472/316 427/469/314
f 426/471/230 432/463/267 424/472/316
f 427/469/314 428/468/221 430/467/271
f 432/463/267 426/471/230 425/464/227
f 441/473/167 434/474/317 440/475/279
f 434/476/317 439/477/318 437/478/184
f 435/479/319 439/477/318 438/480/320
f 436/481/321 433/482/322 435/479/319
f 436/481/321 435/479/319 438/480/320
f 436/481/321 441/473/167 433/482/322
f 435/479/319 437/478/184 439/477/318
f 441/473/167 436/481/321 434/474/317
f 442/483/323 444/484/324 450/485/325
f 450/485/325 443/486/326 449/487/279
f 443/488/326 448/489/327 445/490/328
f 447/491/329 448/489/327 446/492/330
f 442/483/323 447/491/329 446/492/330
f 447/491/329 445/490/328 448/489/327
f 450/485/325 444/484/324 443/486/326
f 459/493/226 452/494/331 458/495/332
f 452/496/331 457/497/333 454/498/242
f 453/499/334 457/497/333 456/500/223
f 455/501/335 451/502/247 453/499/334
f 455/501/335 459/493/226 451/502/247
f 453/499/334 454/498/242 457/497/333
f 459/493/226 455/501/335 452/494/331
f 468/503/120 462/504/336 467/505/337
f 462/506/336 466/507/338 465/508/179
f 464/509/339 466/507/338 461/510/340
f 463/511/341 460/512/342 461/510/340
f 463/511/341 468/503/120 460/512/342
f 460/512/342 464/509/339 461/510/340
f 464/509/339 465/508/179 466/507/338
f 468/503/120 463/511/341 462/504/336
f 469/513/343 474/514/344 471/515/345
f 469/513/343 471/515/345 477/516/113
f 477/516/113 473/517/105 476/518/205
f 470/519/346 473/520/105 472/521/288
f 475/522/347 472/521/288 474/514/344
f 470/519/346 476/523/205 473/520/105
f 469/513/343 475/522/347 474/514/344
f 475/522/347 470/519/346 472/521/288
f 477/516/113 471/515/345 473/517/105
f 486/524/348 484/525/349 485/526/198
f 481/527/184 484/528/349 483/529/350
f 479/530/351 483/529/350 482/531/352
f 480/532/152 478/533/353 479/530/351
f 480/532/152 479/530/351 482/531/352
f 481/527/184 485/534/198 484/528/349
f 480/532/152 486/524/348 478/533/353
f 479/530/351 481/527/184 483/529/350
f 486/524/348 480/532/152 484/525/349
f 495/535/219 491/536/354 494/537/355
f 490/538/356 491/539/354 492/540/357
f 489/541/358 492/540/357 493/542/359
f 490/538/356 494/543/355 491/539/354
f 488/544/246 495/535/219 487/545/360
f 489/541/358 490/538/356 492/540/357
f 495/535/219 488/544/246 491/536/354
f 496/546/361 498/547/362 497/548/363
f 504/549/167 502/550/364 503/551/365
f 500/552/366 502/553/364 501/554/367
f 498/547/362 501/554/367 497/548/363
f 499/555/368 496/546/361 497/548/363
f 500/552/366 503/556/365 502/553/364
f 499/555/368 504/549/167 496/546/361
f 498/547/362 500/552/366 501/554/367
f 504/549/167 499/555/368 502/550/364
f 505/557/369 509/558/370 507/559/371
f 505/557/369 507/559/371 513/560/263
f 513/560/263 506/561/372 512/562/373
f 506/563/372 511/564/237 508/565/107
f 510/566/266 511/564/237 509/558/370
f 505/557/369 510/566/266 509/558/370
f 510/566/266 508/565/107 511/564/237
f 513/560/263 507/559/371 506/561/372
f 514/567/374 520/568/375 516/569/376
f 514/567/374 516/569/376 522/570/176
f 522/570/176 515/571/377 521/572/378
f 515/573/377 519/574/379 517/575/380
f 518/576/381 519/574/379 520/568/375
f 514/567/374 518/576/381 520/568/375
f 518/576/381 517/575/380 519/574/379
f 522/570/176 516/569/376 515/571/377
f 523/577/382 525/578/383 531/579/325
f 531/579/325 524/580/384 530/581/337
f 524/582/384 529/583/385 526/584/386
f 528/585/217 529/583/385 527/586/387
f 523/577/382 528/585/217 527/586/387
f 528/585/217 526/584/386 529/583/385
f 531/579/325 525/578/383 524/580/384
f 540/587/285 534/588/388 539/589/389
f 536/590/390 538/591/391 535/592/340
f 533/593/392 540/587/285 532/594/393
f 532/594/393 536/590/390 535/592/340
f 536/590/390 537/595/394 538/591/391
f 540/587/285 533/593/392 534/588/388
f 549/596/395 543/597/396 548/598/79
f 543/599/396 547/600/397 545/601/207
f 544/602/398 547/600/397 546/603/399
f 542/604/400 549/596/395 541/605/401
f 544/602/398 545/601/207 547/600/397
f 549/596/395 542/604/400 543/597/396
f 558/606/155 555/607/402 557/608/79
f 555/609/402 556/610/158 553/611/403
f 552/612/351 556/610/158 554/613/161
f 551/614/404 550/615/405 552/612/351
f 551/614/404 558/606/155 550/615/405
f 552/612/351 553/611/403 556/610/158
f 558/606/155 551/614/404 555/607/402
f 559/616/406 560/617/407 561/618/249
f 559/616/406 561/618/249 567/619/176
f 567/619/176 563/620/408 566/621/279
f 563/622/408 565/623/409 562/624/123
f 564/625/410 565/623/409 560/617/407
f 564/625/410 562/624/123 565/623/409
f 567/619/176 561/618/249 563/620/408
f 569/626/411 570/627/412 573/628/413
f 568/629/414 571/630/415 569/631/411
f 568/629/414 572/632/416 571/630/415
f 572/633/416 573/634/413 570/635/412
f 575/636/417 578/637/418 579/638/419
f 574/639/420 576/640/421 575/641/417
f 574/639/420 577/642/422 576/640/421
f 577/643/422 579/644/419 578/645/418
f 581/646/411 582/647/412 585/648/413
f 580/649/414 583/650/423 581/651/411
f 580/649/414 584/652/416 583/650/423
f 584/653/416 585/654/413 582/655/412
f 587/656/411 588/657/412 591/658/424
f 586/659/414 589/660/423 587/661/411
f 586/659/414 590/662/416 589/660/423
f 590/663/416 591/664/424 588/665/412
f 593/666/411 594/667/412 597/668/413
f 592/669/414 595/670/425 593/671/411
f 592/669/414 596/672/416 595/670/425
f 596/673/416 597/674/413 594/675/412
f 599/676/411 600/677/412 603/678/413
f 598/679/414 601/680/415 599/681/411
f 598/679/414 602/682/416 601/680/415
f 602/683/416 603/684/413 600/685/412
f 605/686/411 606/687/412 609/688/413
f 604/689/414 607/690/415 605/691/411
f 604/689/414 608/692/416 607/690/415
f 608/693/416 609/694/413 606/695/412
f 611/696/417 614/697/418 615/698/419
f 610/699/420 612/700/421 611/701/417
f 610/699/420 613/702/422 612/700/421
f 613/703/422 615/704/419 614/705/418
f 617/706/417 620/707/418 621/708/419
f 616/709/420 618/710/426 617/711/417
f 616/709/420 619/712/422 618/710/426
f 619/713/422 621/714/419 620/715/418
f 623/716/411 624/717/412 627/718/413
f 622/719/414 625/720/427 623/721/411
f 622/719/414 626/722/416 625/720/427
f 626/723/416 627/724/413 624/725/412
f 629/726/411 630/727/412 633/728/413
f 628/729/414 631/730/423 629/731/411
f 628/729/414 632/732/416 631/730/423
f 632/733/416 633/734/413 630/735/412
f 635/736/411 636/737/412 639/738/413
f 634/739/414 637/740/415 635/741/411
f 634/739/414 638/742/416 637/740/415
f 638/743/416 639/744/413 636/745/412
f 641/746/411 642/747/412 645/748/413
f 640/749/414 643/750/423 641/751/411
f 640/749/414 644/752/416 643/750/423
f 644/753/416 645/754/413 642/755/412
f 647/756/411 648/757/412 651/758/413
f 646/759/414 649/760/423 647/761/411
f 646/759/414 650/762/416 649/760/423
f 650/763/416 651/764/413 648/765/412
f 653/766/411 654/767/412 657/768/413
f 652/769/414 655/770/415 653/771/411
f 652/769/414 656/772/416 655/770/415
f 656/773/416 657/774/413 654/775/412
f 659/776/411 660/777/412 663/778/413
f 658/779/414 661/780/428 659/781/411
f 658/779/414 662/782/416 661/780/428
f 662/783/416 663/784/413 660/785/412
f 665/786/411 666/787/412 669/788/413
f 664/789/414 667/790/423 665/791/411
f 664/789/414 668/792/416 667/790/423
f 668/793/416 669/794/413 666/795/412
f 671/796/429 674/797/430 670/798/431
f 671/796/429 675/799/432 674/797/430
f 675/800/432 676/801/433 673/802/434
f 671/803/429 670/798/431 672/804/435
f 824/967/411 825/968/412 828/969/546
f 823/970/414 826/971/415 824/972/411
f 823/970/414 827/973/416 826/971/415
f 827/974/416 828/975/546 825/976/412
f 830/977/411 831/978/412 834/979/413
f 829/980/414 832/981/415 830/982/411
f 829/980/414 833/983/416 832/981/415
f 833/984/416 834/985/413 831/986/412
f 836/987/411 837/988/412 840/989/413
f 835/990/414 838/991/423 836/992/411
f 835/990/414 839/993/416 838/991/423
f 839/994/416 840/995/413 837/996/412
f 842/997/411 843/998/412 846/999/413
f 841/1000/414 844/1001/423 842/1002/411
f 841/1000/414 845/1003/416 844/1001/423
f 845/1004/416 846/1005/413 843/1006/412
f 848/1007/411 849/1008/412 852/1009/413
f 847/1010/414 850/1011/415 848/1012/411
f 847/1010/414 851/1013/416 850/1011/415
f 851/1014/416 852/1015/413 849/1016/412
f 854/1017/411 855/1018/412 858/1019/546
f 853/1020/414 856/1021/423 854/1022/411
f 853/1020/414 857/1023/416 856/1021/423
f 857/1024/416 858/1025/546 855/1026/412
f 860/1027/411 861/1028/412 864/1029/546
f 859/1030/414 862/1031/423 860/1032/411
f 859/1030/414 863/1033/416 862/1031/423
f 863/1034/416 864/1035/546 861/1036/412
f 866/1037/411 867/1038/412 870/1039/413
f 865/1040/414 868/1041/425 866/1042/411
f 865/1040/414 869/1043/416 868/1041/425
f 869/1044/416 870/1045/413 867/1046/412
f 872/1047/411 873/1048/412 876/1049/413
f 871/1050/414 874/1051/415 872/1052/411
f 871/1050/414 875/1053/416 874/1051/415
f 875/1054/416 876/1055/413 873/1056/412
f 878/1057/411 879/1058/412 882/1059/413
f 877/1060/414 880/1061/423 878/1062/411
f 877/1060/414 881/1063/416 880/1061/423
f 881/1064/416 882/1065/413 879/1066/412
f 884/1067/411 885/1068/412 888/1069/413
f 883/1070/414 886/1071/415 884/1072/411
f 883/1070/414 887/1073/416 886/1071/415
f 887/1074/416 888/1075/413 885/1076/412
f 890/1077/411 891/1078/547 894/1079/413
f 889/1080/414 892/1081/423 890/1082/411
f 889/1080/414 893/1083/416 892/1081/423
f 893/1084/416 894/1085/413 891/1086/547
f 896/1087/411 897/1088/412 900/1089/413
f 895/1090/414 898/1091/423 896/1092/411
f 895/1090/414 899/1093/416 898/1091/423
f 899/1094/416 900/1095/413 897/1096/412
f 902/1097/411 903/1098/412 906/1099/413
f 901/1100/414 904/1101/415 902/1102/411
f 901/1100/414 905/1103/416 904/1101/415
f 905/1104/416 906/1105/413 903/1106/412
f 908/1107/411 909/1108/412 912/1109/413
f 907/1110/414 910/1111/415 908/1112/411
f 907/1110/414 911/1113/416 910/1111/415
f 911/1114/416 912/1115/413 909/1116/412
f 914/1117/548 916/1118/549 913/1119/550
f 914/1117/548 917/1120/551 916/1118/549
f 917/1121/551 919/1122/552 918/1123/553
f 914/1124/548 913/1119/550 915/1125/554
f 921/1126/417 924/1127/418 925/1128/419
f 920/1129/420 922/1130/421 921/1131/417
f 920/1129/420 923/1132/422 922/1130/421
f 923/1133/422 925/1134/419 924/1135/418
f 927/1136/429 930/1137/555 926/1138/431
f 927/1136/429 931/1139/432 930/1137/555
f 931/1140/432 932/1141/433 929/1142/434
f 927/1143/429 926/1138/431 928/1144/435
f 544/602/398 546/603/399 542/604/400 541/605/401
f 101/96/78 104/100/83 106/97/80
f 100/91/75 104/100/83 102/92/76
f 101/96/78 103/98/81 107/1458/79
f 103/98/81 105/1459/82 100/1460/75
f 107/1461/79 103/1462/81 100/91/75
f 107/1461/79 100/91/75 108/93/77
f 101/96/78 102/1463/76 104/1464/83
f 114/108/88 110/102/85 113/109/91
f 110/102/85 109/101/84 115/110/92
f 112/107/90 115/1465/92 109/1466/84
f 116/106/89 112/1467/90 109/101/84
f 116/106/89 109/101/84 117/104/87
f 114/108/88 111/1468/86 110/1469/85
f 119/118/97 123/112/93 125/119/99
f 119/118/97 122/120/100 120/1470/98
f 122/120/100 124/1471/101 118/1472/95
f 120/117/98 122/1473/100 118/114/95
f 120/117/98 118/114/95 126/115/96
f 119/118/97 121/1474/94 123/1475/93
f 131/128/105 133/131/110 130/129/108
f 127/122/102 133/131/110 128/123/103
f 133/131/110 127/122/102 132/130/109
f 129/127/107 132/1476/109 127/1477/102
f 134/1478/106 129/1479/107 127/122/102
f 134/1478/106 127/122/102 135/124/104
f 131/128/105 128/1480/103 133/1481/110
f 140/139/114 139/142/119 141/140/117
f 136/133/111 139/142/119 137/134/112
f 138/138/116 142/1482/118 136/1483/111
f 143/1484/115 138/1485/116 136/133/111
f 143/1484/115 136/133/111 144/135/113
f 140/139/114 137/1486/112 139/1487/119
f 149/148/121 150/151/126 148/149/124
f 150/151/126 147/153/127 145/154/128
f 146/147/123 151/1488/125 145/1489/128
f 152/146/122 146/1490/123 145/154/128
f 152/146/122 145/154/128 153/144/120
f 149/148/121 147/1491/127 150/1492/126
f 155/161/133 158/156/130 160/162/134
f 155/161/133 157/163/135 161/1493/79
f 157/163/135 159/1494/136 154/1495/129
f 161/160/79 157/1496/135 154/155/129
f 161/160/79 154/155/129 162/158/132
f 155/161/133 156/1497/131 158/1498/130
f 164/171/141 168/166/138 169/172/143
f 164/171/141 167/173/144 170/1499/142
f 167/173/144 165/1500/137 163/1501/145
f 170/1502/142 167/1503/144 163/174/145
f 170/1502/142 163/174/145 171/168/140
f 164/171/141 166/1504/139 168/1505/138
f 179/179/147 177/182/151 178/180/149
f 173/185/154 174/178/148 178/180/149
f 173/185/154 175/1506/150 172/1507/153
f 174/1508/148 173/1509/154 172/184/153
f 174/1508/148 172/184/153 180/175/146
f 179/179/147 176/1510/152 177/1511/151
f 186/189/156 185/193/161 187/190/158
f 182/194/162 183/192/160 185/193/161
f 186/189/156 184/191/159 188/1512/157
f 184/191/159 183/1513/160 181/1514/163
f 188/1515/157 184/1516/159 181/195/163
f 188/1515/157 181/195/163 189/186/155
f 186/189/156 182/1517/162 185/1518/161
f 191/202/168 194/198/166 196/203/170
f 194/198/166 193/205/172 190/196/164
f 191/202/168 195/204/171 197/1519/169
f 195/204/171 192/1520/165 190/1521/164
f 197/1522/169 195/1523/171 190/196/164
f 197/1522/169 190/196/164 198/199/167
f 191/202/168 193/1524/172 194/1525/166
f 200/212/177 201/207/174 205/213/178
f 200/212/177 204/214/179 206/1526/169
f 201/207/174 199/206/173 203/215/180
f 204/214/179 203/1527/180 199/1528/173
f 206/1529/169 204/1530/179 199/206/173
f 206/1529/169 199/206/173 207/209/176
f 200/212/177 202/1531/175 201/1532/174
f 210/219/181 213/223/186 214/220/183
f 209/224/187 211/222/185 213/223/186
f 210/219/181 212/221/184 215/1533/182
f 212/221/184 211/1534/185 208/1535/188
f 215/1536/182 212/1537/184 208/225/188
f 215/1536/182 208/225/188 216/216/155
f 210/219/181 209/1538/187 213/1539/186
f 222/230/190 218/233/194 221/231/192
f 217/235/196 220/234/195 225/226/189
f 219/229/123 223/1540/193 217/1541/196
f 224/1542/191 219/1543/123 217/235/196
f 224/1542/191 217/235/196 225/226/189
f 222/230/190 220/1544/195 218/1545/194
f 231/241/197 229/244/201 227/242/199
f 230/240/184 233/1546/200 226/1547/203
f 232/1548/198 230/1549/184 226/246/203
f 232/1548/198 226/246/203 234/237/120
f 231/241/197 228/1550/202 229/1551/201
f 239/251/204 236/255/126 241/252/206
f 239/251/204 238/253/207 242/1552/205
f 238/253/207 240/1553/208 235/1554/210
f 242/1555/205 238/1556/207 235/257/210
f 242/1555/205 235/257/210 243/248/120
f 239/251/204 237/1557/209 236/1558/126
f 247/264/213 248/267/218 250/265/216
f 244/258/211 248/267/218 245/259/212
f 246/263/215 249/1559/217 244/1560/211
f 251/1561/214 246/1562/215 244/258/211
f 251/1561/214 244/258/211 252/260/87
f 247/264/213 245/1563/212 248/1564/218
f 254/272/181 258/276/223 259/273/220
f 256/277/224 255/275/222 258/276/223
f 254/272/181 257/274/221 260/1565/205
f 257/274/221 255/1566/222 253/1567/225
f 260/1568/205 257/1569/221 253/278/225
f 260/1568/205 253/278/225 261/269/219
f 254/272/181 256/1570/224 258/1571/223
f 263/282/227 267/286/223 268/283/220
f 264/287/230 265/285/222 267/286/223
f 263/282/227 266/284/229 269/1572/228
f 266/284/229 265/1573/222 262/1574/231
f 269/1575/228 266/1576/229 262/288/231
f 269/1575/228 262/288/231 270/279/226
f 263/282/227 264/1577/230 267/1578/223
f 272/292/227 276/296/223 277/293/220
f 273/297/230 274/295/222 276/296/223
f 272/292/227 275/294/229 278/1579/228
f 275/294/229 274/1580/222 271/1581/231
f 278/1582/228 275/1583/229 271/298/231
f 278/1582/228 271/298/231 279/289/226
f 272/292/227 273/1584/230 276/1585/223
f 282/305/236 285/301/234 286/306/237
f 282/305/236 284/307/238 287/1586/79
f 284/307/238 283/1587/233 280/1588/232
f 287/1589/79 284/1590/238 280/299/232
f 287/1589/79 280/299/232 288/302/235
f 282/305/236 281/1591/239 285/1592/234
f 294/313/241 295/316/245 293/314/243
f 290/317/246 291/315/244 295/316/245
f 292/312/242 291/1593/244 289/1594/247
f 296/311/122 292/1595/242 289/318/247
f 296/311/122 289/318/247 297/309/240
f 294/313/241 290/1596/246 295/1597/245
f 299/323/181 303/327/223 304/324/134
f 301/328/224 300/326/222 303/327/223
f 299/323/181 302/325/229 305/1598/205
f 302/325/229 300/1599/222 298/1600/225
f 305/322/205 302/1601/229 298/329/225
f 305/322/205 298/329/225 306/320/219
f 299/323/181 301/1602/224 303/1603/223
f 308/335/250 311/339/253 313/336/251
f 307/330/248 311/339/253 309/331/249
f 308/335/250 310/337/207 314/1604/79
f 310/337/207 312/1605/252 307/1606/248
f 314/1607/79 310/1608/207 307/330/248
f 314/1607/79 307/330/248 315/332/176
f 308/335/250 309/1609/249 311/1610/253
f 321/344/254 320/347/258 318/345/256
f 319/348/246 322/346/257 320/347/258
f 317/343/255 322/1611/257 316/1612/259
f 323/342/198 317/1613/255 316/349/259
f 323/342/198 316/349/259 324/340/240
f 321/344/254 319/1614/246 320/1615/258
f 326/357/264 329/352/261 331/358/265
f 326/357/264 328/359/135 332/1616/205
f 328/359/135 330/1617/266 325/1618/260
f 332/356/205 328/1619/135 325/351/260
f 332/356/205 325/351/260 333/354/263
f 326/357/264 327/1620/262 329/1621/261
f 336/364/227 339/368/223 340/365/268
f 335/369/230 337/367/222 339/368/223
f 336/364/227 338/366/229 341/1622/228
f 338/366/229 337/1623/222 334/1624/225
f 341/363/228 338/1625/229 334/370/225
f 341/363/228 334/370/225 342/361/267
f 336/364/227 335/1626/230 339/1627/223
f 345/374/227 347/378/223 348/375/134
f 344/379/230 351/377/222 347/378/223
f 345/374/227 346/376/229 349/1628/228
f 346/376/229 351/1629/222 343/1630/269
f 349/1631/228 346/1632/229 343/380/269
f 349/1631/228 343/380/269 350/371/226
f 345/374/227 344/1633/230 347/1634/223
f 354/387/236 357/383/234 358/388/270
f 354/387/236 356/389/238 359/1635/79
f 356/389/238 355/1636/165 352/1637/232
f 359/1638/79 356/1639/238 352/381/232
f 359/1638/79 352/381/232 360/384/235
f 354/387/236 353/1640/239 357/1641/234
f 362/394/181 366/398/223 367/395/271
f 364/399/224 363/397/222 366/398/223
f 362/394/181 365/396/229 368/1642/228
f 365/396/229 363/1643/222 361/1644/225
f 368/393/228 365/1645/229 361/400/225
f 368/393/228 361/400/225 369/391/219
f 362/394/181 364/1646/224 366/1647/223
f 372/404/272 375/408/223 376/405/274
f 371/409/277 373/407/276 375/408/223
f 372/404/272 374/406/275 377/1648/273
f 374/406/275 373/1649/276 370/1650/231
f 377/403/273 374/1651/275 370/410/231
f 377/403/273 370/410/231 378/401/226
f 372/404/272 371/1652/277 375/1653/223
f 384/414/278 383/418/282 385/415/280
f 381/419/283 380/417/281 383/418/282
f 384/414/278 382/416/184 386/1654/279
f 382/416/184 380/1655/281 379/1656/284
f 386/1657/279 382/1658/184 379/420/284
f 386/1657/279 379/420/284 387/411/120
f 384/414/278 381/1659/283 383/1660/282
f 392/425/286 394/428/290 391/426/288
f 389/424/287 393/1661/289 388/1662/292
f 395/423/169 389/1663/287 388/430/292
f 395/423/169 388/430/292 396/421/285
f 392/425/286 390/1664/291 394/1665/290
f 401/437/296 400/441/300 403/438/298
f 397/432/293 400/441/300 398/433/294
f 401/437/296 399/439/299 404/1666/297
f 399/439/299 402/1667/217 397/1668/293
f 404/436/297 399/1669/299 397/432/293
f 404/436/297 397/432/293 405/434/295
f 401/437/296 398/1670/294 400/1671/300
f 407/448/250 410/442/301 412/449/303
f 407/448/250 409/450/207 413/1672/79
f 409/450/207 411/1673/304 406/1674/292
f 413/447/79 409/1675/207 406/444/292
f 413/447/79 406/444/292 414/445/176
f 407/448/250 408/1676/302 410/1677/301
f 421/459/309 419/453/306 417/460/312
f 418/452/305 420/454/307 415/462/313
f 416/458/311 418/1678/305 415/1679/313
f 422/1680/310 416/1681/311 415/462/313
f 422/1680/310 415/462/313 423/455/308
f 421/459/309 420/1682/307 419/1683/306
f 425/466/227 429/470/315 430/467/271
f 426/471/230 427/469/314 429/470/315
f 425/466/227 428/468/221 431/1684/228
f 428/468/221 427/1685/314 424/1686/316
f 431/465/228 428/1687/221 424/472/316
f 431/465/228 424/472/316 432/463/267
f 425/466/227 426/1688/230 429/1689/315
f 434/476/317 438/480/320 439/477/318
f 434/476/317 437/478/184 440/1690/279
f 437/478/184 435/1691/319 433/1692/322
f 440/475/279 437/1693/184 433/482/322
f 440/475/279 433/482/322 441/473/167
f 434/476/317 436/1694/321 438/1695/320
f 443/488/326 446/492/330 448/489/327
f 442/483/323 446/492/330 444/484/324
f 443/488/326 445/490/328 449/1696/279
f 445/490/328 447/1697/329 442/1698/323
f 449/487/279 445/1699/328 442/483/323
f 449/487/279 442/483/323 450/485/325
f 443/488/326 444/1700/324 446/1701/330
f 452/496/331 456/500/223 457/497/333
f 455/501/335 453/499/334 456/500/223
f 452/496/331 454/498/242 458/1702/332
f 454/498/242 453/1703/334 451/1704/247
f 458/495/332 454/1705/242 451/502/247
f 458/495/332 451/502/247 459/493/226
f 452/496/331 455/1706/335 456/1707/223
f 462/506/336 461/510/340 466/507/338
f 462/506/336 465/508/179 467/1708/337
f 465/508/179 464/1709/339 460/1710/342
f 467/1711/337 465/1712/179 460/512/342
f 467/1711/337 460/512/342 468/503/120
f 462/506/336 463/1713/341 461/1714/340
f 473/520/105 474/514/344 472/521/288
f 470/519/346 475/1715/347 469/1716/343
f 476/1717/205 470/1718/346 469/513/343
f 476/1717/205 469/513/343 477/516/113
f 473/520/105 471/1719/345 474/1720/344
f 484/528/349 482/531/352 483/529/350
f 481/527/184 479/1721/351 478/1722/353
f 485/526/198 481/1723/184 478/533/353
f 485/526/198 478/533/353 486/524/348
f 484/528/349 480/1724/152 482/1725/352
f 491/539/354 493/542/359 492/540/357
f 489/541/358 488/544/246 487/545/360
f 488/544/246 489/541/358 493/542/359
f 490/538/356 489/1726/358 487/1727/360
f 494/537/355 490/1728/356 487/545/360
f 494/537/355 487/545/360 495/535/219
f 491/539/354 488/1729/246 493/1730/359
f 502/553/364 497/548/363 501/554/367
f 500/552/366 498/1731/362 496/1732/361
f 503/551/365 500/1733/366 496/546/361
f 503/551/365 496/546/361 504/549/167
f 502/553/364 499/1734/368 497/1735/363
f 506/563/372 509/558/370 511/564/237
f 506/563/372 508/565/107 512/1736/373
f 508/565/107 510/1737/266 505/1738/369
f 512/562/373 508/1739/107 505/557/369
f 512/562/373 505/557/369 513/560/263
f 506/563/372 507/1740/371 509/1741/370
f 515/573/377 520/568/375 519/574/379
f 515/573/377 517/575/380 521/1742/378
f 517/575/380 518/1743/381 514/1744/374
f 521/572/378 517/1745/380 514/567/374
f 521/572/378 514/567/374 522/570/176
f 515/573/377 516/1746/376 520/1747/375
f 524/582/384 527/586/387 529/583/385
f 523/577/382 527/586/387 525/578/383
f 524/582/384 526/584/386 530/1748/337
f 526/584/386 528/1749/217 523/1750/382
f 530/1751/337 526/1752/386 523/577/382
f 530/1751/337 523/577/382 531/579/325
f 524/582/384 525/1753/383 527/1754/387
f 534/1755/388 535/592/340 538/591/391
f 537/595/394 534/1755/388 538/591/391
f 535/592/340 533/593/392 532/594/393
f 534/1755/388 537/595/394 539/1756/389
f 537/595/394 536/1757/390 532/1758/393
f 539/589/389 537/1759/394 532/594/393
f 539/589/389 532/594/393 540/587/285
f 534/1755/388 533/1760/392 535/1761/340
f 543/599/396 546/603/399 547/600/397
f 573/628/413 572/632/416 568/629/414 569/626/411
f 543/599/396 545/601/207 548/1762/79
f 545/601/207 544/1763/398 541/1764/401
f 548/1765/79 545/1766/207 541/605/401
f 548/1765/79 541/605/401 549/596/395
f 543/599/396 542/1767/400 546/1768/399
f 555/609/402 554/613/161 556/610/158
f 551/614/404 552/612/351 554/613/161
f 555/609/402 553/611/403 557/1769/79
f 553/611/403 552/1770/351 550/1771/405
f 557/608/79 553/1772/403 550/615/405
f 557/608/79 550/615/405 558/606/155
f 555/609/402 551/1773/404 554/1774/161
f 563/622/408 560/617/407 565/623/409
f 563/622/408 562/624/123 566/1775/279
f 560/617/407 559/616/406 564/625/410
f 562/624/123 564/1776/410 559/1777/406
f 566/621/279 562/1778/123 559/616/406
f 566/621/279 559/616/406 567/619/176
f 563/622/408 561/1779/249 560/1780/407
f 570/635/412 571/630/415 572/633/416
f 569/631/411 571/630/415 570/635/412
f 579/638/419 577/642/422 574/639/420 575/636/417
f 578/645/418 576/640/421 577/643/422
f 575/641/417 576/640/421 578/645/418
f 585/648/413 584/652/416 580/649/414 581/646/411
f 582/655/412 583/650/423 584/653/416
f 581/651/411 583/650/423 582/655/412
f 591/658/424 590/662/416 586/659/414 587/656/411
f 588/665/412 589/660/423 590/663/416
f 587/661/411 589/660/423 588/665/412
f 597/668/413 596/672/416 592/669/414 593/666/411
f 594/675/412 595/670/425 596/673/416
f 593/671/411 595/670/425 594/675/412
f 603/678/413 602/682/416 598/679/414 599/676/411
f 600/685/412 601/680/415 602/683/416
f 599/681/411 601/680/415 600/685/412
f 609/688/413 608/692/416 604/689/414 605/686/411
f 606/695/412 607/690/415 608/693/416
f 605/691/411 607/690/415 606/695/412
f 615/698/419 613/702/422 610/699/420 611/696/417
f 614/705/418 612/700/421 613/703/422
f 611/701/417 612/700/421 614/705/418
f 621/708/419 619/712/422 616/709/420 617/706/417
f 620/715/418 618/710/426 619/713/422
f 617/711/417 618/710/426 620/715/418
f 627/718/413 626/722/416 622/719/414 623/716/411
f 624/725/412 625/720/427 626/723/416
f 623/721/411 625/720/427 624/725/412
f 633/728/413 632/732/416 628/729/414 629/726/411
f 630/735/412 631/730/423 632/733/416
f 629/731/411 631/730/423 630/735/412
f 639/738/413 638/742/416 634/739/414 635/736/411
f 636/745/412 637/740/415 638/743/416
f 635/741/411 637/740/415 636/745/412
f 645/748/413 644/752/416 640/749/414 641/746/411
f 642/755/412 643/750/423 644/753/416
f 641/751/411 643/750/423 642/755/412
f 651/758/413 650/762/416 646/759/414 647/756/411
f 648/765/412 649/760/423 650/763/416
f 647/761/411 649/760/423 648/765/412
f 657/768/413 656/772/416 652/769/414 653/766/411
f 654/775/412 655/770/415 656/773/416
f 653/771/411 655/770/415 654/775/412
f 663/778/413 662/782/416 658/779/414 659/776/411
f 660/785/412 661/780/428 662/783/416
f 659/781/411 661/780/428 660/785/412
f 669/788/413 668/792/416 664/789/414 665/786/411
f 666/795/412 667/790/423 668/793/416
f 665/791/411 667/790/423 666/795/412
f 673/1781/434 676/1782/433 672/1783/435 670/1784/431
f 673/802/434 674/797/430 675/800/432
f 676/1782/433 675/799/432 671/796/429 672/1783/435
f 670/798/431 674/797/430 673/802/434
f 828/969/546 827/973/416 823/970/414 824/967/411
f 825/976/412 826/971/415 827/974/416
f 824/972/411 826/971/415 825/976/412
f 834/979/413 833/983/416 829/980/414 830/977/411
f 831/986/412 832/981/415 833/984/416
f 830/982/411 832/981/415 831/986/412
f 840/989/413 839/993/416 835/990/414 836/987/411
f 837/996/412 838/991/423 839/994/416
f 836/992/411 838/991/423 837/996/412
f 846/999/413 845/1003/416 841/1000/414 842/997/411
f 843/1006/412 844/1001/423 845/1004/416
f 842/1002/411 844/1001/423 843/1006/412
f 852/1009/413 851/1013/416 847/1010/414 848/1007/411
f 849/1016/412 850/1011/415 851/1014/416
f 848/1012/411 850/1011/415 849/1016/412
f 858/1019/546 857/1023/416 853/1020/414 854/1017/411
f 855/1026/412 856/1021/423 857/1024/416
f 854/1022/411 856/1021/423 855/1026/412
f 864/1029/546 863/1033/416 859/1030/414 860/1027/411
f 861/1036/412 862/1031/423 863/1034/416
f 860/1032/411 862/1031/423 861/1036/412
f 870/1039/413 869/1043/416 865/1040/414 866/1037/411
f 867/1046/412 868/1041/425 869/1044/416
f 866/1042/411 868/1041/425 867/1046/412
f 876/1049/413 875/1053/416 871/1050/414 872/1047/411
f 873/1056/412 874/1051/415 875/1054/416
f 872/1052/411 874/1051/415 873/1056/412
f 882/1059/413 881/1063/416 877/1060/414 878/1057/411
f 879/1066/412 880/1061/423 881/1064/416
f 878/1062/411 880/1061/423 879/1066/412
f 888/1069/413 887/1073/416 883/1070/414 884/1067/411
f 885/1076/412 886/1071/415 887/1074/416
f 884/1072/411 886/1071/415 885/1076/412
f 894/1079/413 893/1083/416 889/1080/414 890/1077/411
f 891/1086/547 892/1081/423 893/1084/416
f 890/1082/411 892/1081/423 891/1086/547
f 900/1089/413 899/1093/416 895/1090/414 896/1087/411
f 897/1096/412 898/1091/423 899/1094/416
f 896/1092/411 898/1091/423 897/1096/412
f 906/1099/413 905/1103/416 901/1100/414 902/1097/411
f 903/1106/412 904/1101/415 905/1104/416
f 902/1102/411 904/1101/415 903/1106/412
f 912/1109/413 911/1113/416 907/1110/414 908/1107/411
f 909/1116/412 910/1111/415 911/1114/416
f 908/1112/411 910/1111/415 909/1116/412
f 918/1884/553 919/1885/552 915/1886/554 913/1887/550
f 918/1123/553 916/1118/549 917/1121/551
f 919/1885/552 917/1120/551 914/1117/548 915/1886/554
f 913/1119/550 916/1118/549 918/1123/553
f 925/1128/419 923/1132/422 920/1129/420 921/1126/417
f 924/1135/418 922/1130/421 923/1133/422
f 921/1131/417 922/1130/421 924/1135/418
f 929/1889/434 932/1890/433 928/1891/435 926/1892/431
f 929/1142/434 930/1137/555 931/1140/432
f 932/1890/433 931/1139/432 927/1136/429 928/1891/435
f 926/1138/431 930/1137/555 929/1142/434
usemtl blinn3SG
f 678/805/436 680/806/437 685/807/438
f 677/808/439 683/809/440 686/810/441
f 681/811/442 684/812/443 685/807/438
f 685/813/438 687/814/444 682/815/445
f 684/816/443 683/817/440 678/805/436
f 689/818/436 691/819/437 696/820/438
f 688/821/439 694/822/440 697/823/441
f 692/824/442 695/825/443 696/820/438
f 696/826/438 698/827/444 693/828/445
f 695/829/443 694/830/440 689/818/436
f 770/882/492 769/883/493 763/884/494
f 766/885/495 765/886/496 771/887/497
f 763/884/494 769/883/493 767/888/498
f 769/883/493 771/889/497 767/888/498
f 766/885/495 768/890/499 764/891/500
f 765/886/496 766/885/495 764/891/500
f 767/888/498 761/892/501 762/893/502
f 762/894/502 764/891/500 763/895/494
f 765/886/496 767/896/498 771/897/497
f 955/1160/568 952/1161/569 953/1162/570
f 955/1163/568 953/1164/570 954/1165/571
f 955/1163/568 954/1165/571 952/1161/569
f 952/1161/569 954/1165/571 953/1162/570
f 956/1166/572 964/1167/573 963/1168/574
f 961/1169/575 963/1170/574 964/1167/573
f 956/1166/572 961/1169/575 964/1167/573
f 961/1169/575 962/1171/576 963/1170/574
f 956/1172/572 965/1173/577 967/1174/578
f 960/1175/579 956/1172/572 967/1174/578
f 960/1175/579 958/1176/580 956/1172/572
f 965/1173/577 959/1177/581 966/1178/582
f 959/1177/581 965/1173/577 957/1179/583
f 956/1172/572 957/1179/583 965/1173/577
f 957/1180/583 962/1181/576 959/1182/581
f 965/1173/577 969/1183/584 968/1184/585
f 969/1185/584 966/1186/582 960/1187/579
f 969/1185/584 960/1187/579 970/1188/586
f 968/1189/585 969/1185/584 971/1190/587
f 969/1185/584 970/1188/586 971/1190/587
f 1053/1298/662 1055/1299/663 1059/1300/664
f 1059/1300/664 1060/1301/665 1058/1302/666
f 1050/1303/667 1059/1300/664 1058/1302/666
f 1059/1300/664 1055/1304/663 1060/1301/665
f 1061/1305/668 1050/1306/667 1051/1307/669
f 1054/1308/670 1050/1306/667 1061/1305/668
f 1054/1308/670 1052/1309/671 1050/1306/667
f 1054/1308/670 1053/1310/662 1052/1309/671
f 1054/1308/670 1056/1311/672 1053/1310/662
f 1057/1312/673 1053/1310/662 1056/1311/672
f 1053/1310/662 1057/1312/673 1051/1307/669
f 1061/1305/668 1051/1307/669 1057/1312/673
f 1053/1298/662 1059/1300/664 1052/1313/671
f 1051/1314/669 1055/1299/663 1053/1315/662
f 1050/1303/667 1060/1316/665 1051/1314/669
f 1057/1312/673 1062/1317/674 1061/1305/668
f 1063/1318/675 1056/1319/672 1054/1320/670
f 1063/1318/675 1054/1320/670 1064/1321/676
f 1061/1305/668 1062/1317/674 1065/1322/677
f 1062/1317/674 1063/1318/675 1065/1322/677
f 1063/1318/675 1064/1321/676 1065/1322/677
f 1087/1346/692 1088/1347/693 1090/1348/694
f 1088/1347/693 1089/1349/695 1084/1350/669
f 1085/1351/696 1087/1352/692 1090/1348/694
f 1087/1346/692 1089/1353/695 1088/1347/693
f 1083/1354/697 1094/1355/698 1085/1356/696
f 1086/1357/699 1085/1356/696 1093/1358/700
f 1085/1351/696 1088/1347/693 1083/1359/697
f 1085/1351/696 1090/1348/694 1088/1347/693
f 1085/1351/696 1086/1360/699 1087/1352/692
f 1091/1361/701 1095/1362/702 1094/1355/698
f 1091/1361/701 1096/1363/703 1095/1364/702
f 1096/1365/703 1092/1366/704 1093/1367/700
f 1096/1365/703 1093/1367/700 1097/1368/705
f 1097/1369/705 1093/1358/700 1094/1355/698
f 1097/1369/705 1094/1355/698 1098/1370/706
f 1096/1365/703 1097/1368/705 1095/1362/702
f 1097/1368/705 1098/1371/706 1095/1362/702
f 682/815/445 686/810/441 679/1785/732 681/1786/442
f 677/808/439 687/814/444 680/1787/437
f 685/807/438 684/812/443 678/805/436
f 677/808/439 682/815/445 687/814/444
f 686/810/441 682/815/445 677/808/439
f 684/812/443 681/811/442 679/1788/732
f 693/828/445 697/823/441 690/1789/732 692/1790/442
f 678/1791/436 683/809/440 677/808/439
f 678/1791/436 677/808/439 680/1787/437
f 685/813/438 680/1792/437 687/814/444
f 681/1793/442 685/813/438 682/815/445
f 686/810/441 684/816/443 679/1794/732
f 684/816/443 686/810/441 683/1795/440
f 688/821/439 698/827/444 691/1796/437
f 696/820/438 695/825/443 689/818/436
f 688/821/439 693/828/445 698/827/444
f 697/823/441 693/828/445 688/821/439
f 695/825/443 692/824/442 690/1797/732
f 689/1802/436 694/822/440 688/821/439
f 689/1802/436 688/821/439 691/1796/437
f 696/826/438 691/1803/437 698/827/444
f 692/1804/442 696/826/438 693/828/445
f 697/823/441 695/829/443 690/1805/732
f 695/829/443 697/823/441 694/1806/440
f 764/891/500 762/1841/502 761/1842/501 765/886/496
f 761/1842/501 767/896/498 765/886/496
f 770/1847/492 768/890/499 766/885/495
f 762/893/502 763/884/494 767/888/498
f 766/885/495 771/1848/497 769/1849/493
f 770/1847/492 766/885/495 769/1849/493
f 768/890/499 770/1850/492 763/895/494
f 763/895/494 764/891/500 768/890/499
f 959/1177/581 958/1176/580 960/1175/579 966/1178/582
f 949/1904/761 950/1905/761 951/1906/761
f 949/1904/761 951/1906/761 950/1907/761
f 961/1169/575 958/1908/580 962/1181/576
f 957/1180/583 956/1166/572 963/1168/574
f 957/1180/583 963/1168/574 962/1909/576
f 967/1174/578 971/1910/587 970/1911/586 960/1175/579
f 956/1166/572 958/1908/580 961/1169/575
f 958/1908/580 959/1182/581 962/1181/576
f 968/1189/585 971/1190/587 967/1174/578 965/1173/577
f 965/1173/577 966/1178/582 969/1183/584
f 1063/1950/675 1062/1951/674 1057/1312/673 1056/1311/672
f 1050/1303/667 1058/1302/666 1060/1316/665
f 1051/1314/669 1060/1316/665 1055/1955/663
f 1050/1303/667 1052/1313/671 1059/1300/664
f 1061/1305/668 1065/1956/677 1064/1957/676 1054/1308/670
f 1083/1354/697 1084/1972/669 1091/1361/701
f 1091/1361/701 1094/1355/698 1083/1354/697
f 1094/1355/698 1093/1358/700 1085/1356/696
f 1092/1973/704 1086/1357/699 1093/1358/700
f 1086/1357/699 1092/1973/704 1084/1972/669
f 1092/1973/704 1091/1361/701 1084/1972/669
f 1088/1347/693 1084/1350/669 1083/1359/697
f 1086/1974/699 1089/1349/695 1087/1352/692
f 1086/1974/699 1084/1350/669 1089/1349/695
f 1095/1362/702 1098/1371/706 1094/1355/698
f 1091/1361/701 1092/1973/704 1096/1363/703
