# Blender 5.0.1
# www.blender.org
mtllib standardDoor.mtl
o Door_2_Flat
v -0.799813 -0.702342 1.145592
v -0.801342 -0.699802 1.290621
v -0.802850 -0.697296 1.399243
v -0.805198 -0.693395 1.485431
v -0.808159 -0.688478 1.540780
v -0.781000 -0.694964 1.145592
v -0.785004 -0.693395 1.290621
v -0.788952 -0.691846 1.399243
v -0.795101 -0.689434 1.485431
v -0.802850 -0.686396 1.540780
v -0.773814 -0.683027 1.145592
v -0.778763 -0.683027 1.290621
v -0.783644 -0.683027 1.399243
v -0.791243 -0.683027 1.485431
v -0.800821 -0.683027 1.540780
v -0.781000 -0.671090 1.145592
v -0.785004 -0.672660 1.290621
v -0.788952 -0.674209 1.399243
v -0.795101 -0.676620 1.485431
v -0.802850 -0.679659 1.540780
v -0.799813 -0.663712 1.145592
v -0.801342 -0.666252 1.290621
v -0.802850 -0.668757 1.399243
v -0.805198 -0.672660 1.485431
v -0.808159 -0.677576 1.540780
v -0.823066 -0.663712 1.145592
v -0.821536 -0.666252 1.290621
v -0.820028 -0.668757 1.399243
v -0.817680 -0.672660 1.485431
v -0.814720 -0.677576 1.540780
v -0.841878 -0.671090 1.145592
v -0.837874 -0.672660 1.290621
v -0.833927 -0.674209 1.399243
v -0.827777 -0.676620 1.485431
v -0.820028 -0.679659 1.540780
v -0.811439 -0.683027 1.572297
v -0.849064 -0.683027 1.145592
v -0.844115 -0.683027 1.290621
v -0.839235 -0.683027 1.399243
v -0.831633 -0.683027 1.485431
v -0.822056 -0.683027 1.540780
v -0.841878 -0.694964 1.145592
v -0.837874 -0.693395 1.290621
v -0.833927 -0.691846 1.399243
v -0.827777 -0.689434 1.485431
v -0.820028 -0.686396 1.540780
v -0.823066 -0.702342 1.145592
v -0.821536 -0.699802 1.290621
v -0.820028 -0.697296 1.399243
v -0.817680 -0.693395 1.485431
v -0.814720 -0.688478 1.540780
v -0.474213 -0.702342 1.145592
v -0.475742 -0.699802 1.290621
v -0.477250 -0.697296 1.399243
v -0.479598 -0.693395 1.485431
v -0.482559 -0.688478 1.540780
v -0.455400 -0.694964 1.145592
v -0.459404 -0.693395 1.290621
v -0.463352 -0.691846 1.399243
v -0.469501 -0.689434 1.485431
v -0.477250 -0.686396 1.540780
v -0.448214 -0.683027 1.145592
v -0.453163 -0.683027 1.290621
v -0.458044 -0.683027 1.399243
v -0.465643 -0.683027 1.485431
v -0.475221 -0.683027 1.540780
v -0.455400 -0.671090 1.145592
v -0.459404 -0.672660 1.290621
v -0.463352 -0.674209 1.399243
v -0.469501 -0.676620 1.485431
v -0.477250 -0.679659 1.540780
v -0.474213 -0.663712 1.145592
v -0.475742 -0.666252 1.290621
v -0.477250 -0.668757 1.399243
v -0.479598 -0.672660 1.485431
v -0.482559 -0.677576 1.540780
v -0.497466 -0.663712 1.145592
v -0.495936 -0.666252 1.290621
v -0.494428 -0.668757 1.399243
v -0.492080 -0.672660 1.485431
v -0.489120 -0.677576 1.540780
v -0.516278 -0.671090 1.145592
v -0.512274 -0.672660 1.290621
v -0.508327 -0.674209 1.399243
v -0.502177 -0.676620 1.485431
v -0.494428 -0.679659 1.540780
v -0.485839 -0.683027 1.572297
v -0.523465 -0.683027 1.145592
v -0.518515 -0.683027 1.290621
v -0.513635 -0.683027 1.399243
v -0.506033 -0.683027 1.485431
v -0.496456 -0.683027 1.540780
v -0.516278 -0.694964 1.145592
v -0.512274 -0.693395 1.290621
v -0.508327 -0.691846 1.399243
v -0.502177 -0.689434 1.485431
v -0.494428 -0.686396 1.540780
v -0.497466 -0.702342 1.145592
v -0.495936 -0.699802 1.290621
v -0.494428 -0.697296 1.399243
v -0.492080 -0.693395 1.485431
v -0.489120 -0.688478 1.540780
v -0.148613 -0.702342 1.145592
v -0.150142 -0.699802 1.290621
v -0.151650 -0.697296 1.399243
v -0.153998 -0.693395 1.485431
v -0.156959 -0.688478 1.540780
v -0.129800 -0.694964 1.145592
v -0.133804 -0.693395 1.290621
v -0.137752 -0.691846 1.399243
v -0.143901 -0.689434 1.485431
v -0.151650 -0.686396 1.540780
v -0.122614 -0.683027 1.145592
v -0.127563 -0.683027 1.290621
v -0.132444 -0.683027 1.399243
v -0.140043 -0.683027 1.485431
v -0.149621 -0.683027 1.540780
v -0.129800 -0.671090 1.145592
v -0.133804 -0.672660 1.290621
v -0.137752 -0.674209 1.399243
v -0.143901 -0.676620 1.485431
v -0.151650 -0.679659 1.540780
v -0.148613 -0.663712 1.145592
v -0.150142 -0.666252 1.290621
v -0.151650 -0.668757 1.399243
v -0.153998 -0.672660 1.485431
v -0.156959 -0.677576 1.540780
v -0.171866 -0.663712 1.145592
v -0.170336 -0.666252 1.290621
v -0.168828 -0.668757 1.399243
v -0.166480 -0.672660 1.485431
v -0.163520 -0.677576 1.540780
v -0.190678 -0.671090 1.145592
v -0.186674 -0.672660 1.290621
v -0.182727 -0.674209 1.399243
v -0.176577 -0.676620 1.485431
v -0.168828 -0.679659 1.540780
v -0.160239 -0.683027 1.572297
v -0.197864 -0.683027 1.145592
v -0.192915 -0.683027 1.290621
v -0.188035 -0.683027 1.399243
v -0.180433 -0.683027 1.485431
v -0.170856 -0.683027 1.540780
v -0.190678 -0.694964 1.145592
v -0.186674 -0.693395 1.290621
v -0.182727 -0.691846 1.399243
v -0.176577 -0.689434 1.485431
v -0.168828 -0.686396 1.540780
v -0.171866 -0.702342 1.145592
v -0.170336 -0.699802 1.290621
v -0.168828 -0.697296 1.399243
v -0.166480 -0.693395 1.485431
v -0.163520 -0.688478 1.540780
v 0.176987 -0.702342 1.145592
v 0.175458 -0.699802 1.290621
v 0.173950 -0.697296 1.399243
v 0.171602 -0.693395 1.485431
v 0.168641 -0.688478 1.540780
v 0.195800 -0.694964 1.145592
v 0.191796 -0.693395 1.290621
v 0.187848 -0.691846 1.399243
v 0.181699 -0.689434 1.485431
v 0.173950 -0.686396 1.540780
v 0.202986 -0.683027 1.145592
v 0.198037 -0.683027 1.290621
v 0.193156 -0.683027 1.399243
v 0.185557 -0.683027 1.485431
v 0.175979 -0.683027 1.540780
v 0.195800 -0.671090 1.145592
v 0.191796 -0.672660 1.290621
v 0.187848 -0.674209 1.399243
v 0.181699 -0.676620 1.485431
v 0.173950 -0.679659 1.540780
v 0.176987 -0.663712 1.145592
v 0.175458 -0.666252 1.290621
v 0.173950 -0.668757 1.399243
v 0.171602 -0.672660 1.485431
v 0.168641 -0.677576 1.540780
v 0.153734 -0.663712 1.145592
v 0.155264 -0.666252 1.290621
v 0.156772 -0.668757 1.399243
v 0.159120 -0.672660 1.485431
v 0.162080 -0.677576 1.540780
v 0.134922 -0.671090 1.145592
v 0.138926 -0.672660 1.290621
v 0.142873 -0.674209 1.399243
v 0.149023 -0.676620 1.485431
v 0.156772 -0.679659 1.540780
v 0.165361 -0.683027 1.572297
v 0.127736 -0.683027 1.145592
v 0.132685 -0.683027 1.290621
v 0.137565 -0.683027 1.399243
v 0.145167 -0.683027 1.485431
v 0.154744 -0.683027 1.540780
v 0.134922 -0.694964 1.145592
v 0.138926 -0.693395 1.290621
v 0.142873 -0.691846 1.399243
v 0.149023 -0.689434 1.485431
v 0.156772 -0.686396 1.540780
v 0.153734 -0.702342 1.145592
v 0.155264 -0.699802 1.290621
v 0.156772 -0.697296 1.399243
v 0.159120 -0.693395 1.485431
v 0.162080 -0.688478 1.540780
v 0.502587 -0.702342 1.145592
v 0.501058 -0.699802 1.290621
v 0.499550 -0.697296 1.399243
v 0.497202 -0.693395 1.485431
v 0.494241 -0.688478 1.540780
v 0.521400 -0.694964 1.145592
v 0.517396 -0.693395 1.290621
v 0.513448 -0.691846 1.399243
v 0.507299 -0.689434 1.485431
v 0.499550 -0.686396 1.540780
v 0.528586 -0.683027 1.145592
v 0.523637 -0.683027 1.290621
v 0.518757 -0.683027 1.399243
v 0.511157 -0.683027 1.485431
v 0.501579 -0.683027 1.540780
v 0.521400 -0.671090 1.145592
v 0.517396 -0.672660 1.290621
v 0.513448 -0.674209 1.399243
v 0.507299 -0.676620 1.485431
v 0.499550 -0.679659 1.540780
v 0.502587 -0.663712 1.145592
v 0.501058 -0.666252 1.290621
v 0.499550 -0.668757 1.399243
v 0.497202 -0.672660 1.485431
v 0.494241 -0.677576 1.540780
v 0.479334 -0.663712 1.145592
v 0.480864 -0.666252 1.290621
v 0.482372 -0.668757 1.399243
v 0.484720 -0.672660 1.485431
v 0.487680 -0.677576 1.540780
v 0.460522 -0.671090 1.145592
v 0.464526 -0.672660 1.290621
v 0.468473 -0.674209 1.399243
v 0.474623 -0.676620 1.485431
v 0.482372 -0.679659 1.540780
v 0.490961 -0.683027 1.572297
v 0.453336 -0.683027 1.145592
v 0.458285 -0.683027 1.290621
v 0.463165 -0.683027 1.399243
v 0.470765 -0.683027 1.485431
v 0.480344 -0.683027 1.540780
v 0.460522 -0.694964 1.145592
v 0.464526 -0.693395 1.290621
v 0.468473 -0.691846 1.399243
v 0.474623 -0.689434 1.485431
v 0.482372 -0.686396 1.540780
v 0.479334 -0.702342 1.145592
v 0.480864 -0.699802 1.290621
v 0.482372 -0.697296 1.399243
v 0.484720 -0.693395 1.485431
v 0.487680 -0.688478 1.540780
v 0.828187 -0.702342 1.145592
v 0.826658 -0.699802 1.290621
v 0.825150 -0.697296 1.399243
v 0.822802 -0.693395 1.485431
v 0.819841 -0.688478 1.540780
v 0.847000 -0.694964 1.145592
v 0.842996 -0.693395 1.290621
v 0.839048 -0.691846 1.399243
v 0.832899 -0.689434 1.485431
v 0.825150 -0.686396 1.540780
v 0.854186 -0.683027 1.145592
v 0.849237 -0.683027 1.290621
v 0.844356 -0.683027 1.399243
v 0.836755 -0.683027 1.485431
v 0.827179 -0.683027 1.540780
v 0.847000 -0.671090 1.145592
v 0.842996 -0.672660 1.290621
v 0.839048 -0.674209 1.399243
v 0.832899 -0.676620 1.485431
v 0.825150 -0.679659 1.540780
v 0.828187 -0.663712 1.145592
v 0.826658 -0.666252 1.290621
v 0.825150 -0.668757 1.399243
v 0.822802 -0.672660 1.485431
v 0.819841 -0.677576 1.540780
v 0.804934 -0.663712 1.145592
v 0.806464 -0.666252 1.290621
v 0.807972 -0.668757 1.399243
v 0.810320 -0.672660 1.485431
v 0.813280 -0.677576 1.540780
v 0.786122 -0.671090 1.145592
v 0.790126 -0.672660 1.290621
v 0.794073 -0.674209 1.399243
v 0.800223 -0.676620 1.485431
v 0.807972 -0.679659 1.540780
v 0.816561 -0.683027 1.572297
v 0.778936 -0.683027 1.145592
v 0.783885 -0.683027 1.290621
v 0.788765 -0.683027 1.399243
v 0.796367 -0.683027 1.485431
v 0.805944 -0.683027 1.540780
v 0.786122 -0.694964 1.145592
v 0.790126 -0.693395 1.290621
v 0.794073 -0.691846 1.399243
v 0.800223 -0.689434 1.485431
v 0.807972 -0.686396 1.540780
v 0.804934 -0.702342 1.145592
v 0.806464 -0.699802 1.290621
v 0.807972 -0.697296 1.399243
v 0.810320 -0.693395 1.485431
v 0.813280 -0.688478 1.540780
v -0.799813 -0.300593 1.145592
v -0.801342 -0.298052 1.290621
v -0.802850 -0.295547 1.399243
v -0.805198 -0.291645 1.485431
v -0.808159 -0.286728 1.540780
v -0.781000 -0.293216 1.145592
v -0.785004 -0.291645 1.290621
v -0.788952 -0.290097 1.399243
v -0.795101 -0.287686 1.485431
v -0.802850 -0.284647 1.540780
v -0.773814 -0.281278 1.145592
v -0.778763 -0.281278 1.290621
v -0.783644 -0.281278 1.399243
v -0.791243 -0.281278 1.485431
v -0.800821 -0.281278 1.540780
v -0.781000 -0.269340 1.145592
v -0.785004 -0.270911 1.290621
v -0.788952 -0.272459 1.399243
v -0.795101 -0.274870 1.485431
v -0.802850 -0.277909 1.540780
v -0.799813 -0.261964 1.145592
v -0.801342 -0.264504 1.290621
v -0.802850 -0.267009 1.399243
v -0.805198 -0.270911 1.485431
v -0.808159 -0.275828 1.540780
v -0.823066 -0.261964 1.145592
v -0.821536 -0.264504 1.290621
v -0.820028 -0.267009 1.399243
v -0.817680 -0.270911 1.485431
v -0.814720 -0.275828 1.540780
v -0.841878 -0.269340 1.145592
v -0.837874 -0.270911 1.290621
v -0.833927 -0.272459 1.399243
v -0.827777 -0.274870 1.485431
v -0.820028 -0.277909 1.540780
v -0.811439 -0.281278 1.572297
v -0.849064 -0.281278 1.145592
v -0.844115 -0.281278 1.290621
v -0.839235 -0.281278 1.399243
v -0.831633 -0.281278 1.485431
v -0.822056 -0.281278 1.540780
v -0.841878 -0.293216 1.145592
v -0.837874 -0.291645 1.290621
v -0.833927 -0.290097 1.399243
v -0.827777 -0.287686 1.485431
v -0.820028 -0.284647 1.540780
v -0.823066 -0.300593 1.145592
v -0.821536 -0.298052 1.290621
v -0.820028 -0.295547 1.399243
v -0.817680 -0.291645 1.485431
v -0.814720 -0.286728 1.540780
v -0.474213 -0.300593 1.145592
v -0.475742 -0.298052 1.290621
v -0.477250 -0.295547 1.399243
v -0.479598 -0.291645 1.485431
v -0.482559 -0.286728 1.540780
v -0.455400 -0.293216 1.145592
v -0.459404 -0.291645 1.290621
v -0.463352 -0.290097 1.399243
v -0.469501 -0.287686 1.485431
v -0.477250 -0.284647 1.540780
v -0.448214 -0.281278 1.145592
v -0.453163 -0.281278 1.290621
v -0.458044 -0.281278 1.399243
v -0.465643 -0.281278 1.485431
v -0.475221 -0.281278 1.540780
v -0.455400 -0.269340 1.145592
v -0.459404 -0.270911 1.290621
v -0.463352 -0.272459 1.399243
v -0.469501 -0.274870 1.485431
v -0.477250 -0.277909 1.540780
v -0.474213 -0.261964 1.145592
v -0.475742 -0.264504 1.290621
v -0.477250 -0.267009 1.399243
v -0.479598 -0.270911 1.485431
v -0.482559 -0.275828 1.540780
v -0.497466 -0.261964 1.145592
v -0.495936 -0.264504 1.290621
v -0.494428 -0.267009 1.399243
v -0.492080 -0.270911 1.485431
v -0.489120 -0.275828 1.540780
v -0.516278 -0.269340 1.145592
v -0.512274 -0.270911 1.290621
v -0.508327 -0.272459 1.399243
v -0.502177 -0.274870 1.485431
v -0.494428 -0.277909 1.540780
v -0.485839 -0.281278 1.572297
v -0.523465 -0.281278 1.145592
v -0.518515 -0.281278 1.290621
v -0.513635 -0.281278 1.399243
v -0.506033 -0.281278 1.485431
v -0.496456 -0.281278 1.540780
v -0.516278 -0.293216 1.145592
v -0.512274 -0.291645 1.290621
v -0.508327 -0.290097 1.399243
v -0.502177 -0.287686 1.485431
v -0.494428 -0.284647 1.540780
v -0.497466 -0.300593 1.145592
v -0.495936 -0.298052 1.290621
v -0.494428 -0.295547 1.399243
v -0.492080 -0.291645 1.485431
v -0.489120 -0.286728 1.540780
v -0.148613 -0.300593 1.145592
v -0.150142 -0.298052 1.290621
v -0.151650 -0.295547 1.399243
v -0.153998 -0.291645 1.485431
v -0.156959 -0.286728 1.540780
v -0.129800 -0.293216 1.145592
v -0.133804 -0.291645 1.290621
v -0.137752 -0.290097 1.399243
v -0.143901 -0.287686 1.485431
v -0.151650 -0.284647 1.540780
v -0.122614 -0.281278 1.145592
v -0.127563 -0.281278 1.290621
v -0.132444 -0.281278 1.399243
v -0.140043 -0.281278 1.485431
v -0.149621 -0.281278 1.540780
v -0.129800 -0.269340 1.145592
v -0.133804 -0.270911 1.290621
v -0.137752 -0.272459 1.399243
v -0.143901 -0.274870 1.485431
v -0.151650 -0.277909 1.540780
v -0.148613 -0.261964 1.145592
v -0.150142 -0.264504 1.290621
v -0.151650 -0.267009 1.399243
v -0.153998 -0.270911 1.485431
v -0.156959 -0.275828 1.540780
v -0.171866 -0.261964 1.145592
v -0.170336 -0.264504 1.290621
v -0.168828 -0.267009 1.399243
v -0.166480 -0.270911 1.485431
v -0.163520 -0.275828 1.540780
v -0.190678 -0.269340 1.145592
v -0.186674 -0.270911 1.290621
v -0.182727 -0.272459 1.399243
v -0.176577 -0.274870 1.485431
v -0.168828 -0.277909 1.540780
v -0.160239 -0.281278 1.572297
v -0.197864 -0.281278 1.145592
v -0.192915 -0.281278 1.290621
v -0.188035 -0.281278 1.399243
v -0.180433 -0.281278 1.485431
v -0.170856 -0.281278 1.540780
v -0.190678 -0.293216 1.145592
v -0.186674 -0.291645 1.290621
v -0.182727 -0.290097 1.399243
v -0.176577 -0.287686 1.485431
v -0.168828 -0.284647 1.540780
v -0.171866 -0.300593 1.145592
v -0.170336 -0.298052 1.290621
v -0.168828 -0.295547 1.399243
v -0.166480 -0.291645 1.485431
v -0.163520 -0.286728 1.540780
v 0.176987 -0.300593 1.145592
v 0.175458 -0.298052 1.290621
v 0.173950 -0.295547 1.399243
v 0.171602 -0.291645 1.485431
v 0.168641 -0.286728 1.540780
v 0.195800 -0.293216 1.145592
v 0.191796 -0.291645 1.290621
v 0.187848 -0.290097 1.399243
v 0.181699 -0.287686 1.485431
v 0.173950 -0.284647 1.540780
v 0.202986 -0.281278 1.145592
v 0.198037 -0.281278 1.290621
v 0.193156 -0.281278 1.399243
v 0.185557 -0.281278 1.485431
v 0.175979 -0.281278 1.540780
v 0.195800 -0.269340 1.145592
v 0.191796 -0.270911 1.290621
v 0.187848 -0.272459 1.399243
v 0.181699 -0.274870 1.485431
v 0.173950 -0.277909 1.540780
v 0.176987 -0.261964 1.145592
v 0.175458 -0.264504 1.290621
v 0.173950 -0.267009 1.399243
v 0.171602 -0.270911 1.485431
v 0.168641 -0.275828 1.540780
v 0.153734 -0.261964 1.145592
v 0.155264 -0.264504 1.290621
v 0.156772 -0.267009 1.399243
v 0.159120 -0.270911 1.485431
v 0.162080 -0.275828 1.540780
v 0.134922 -0.269340 1.145592
v 0.138926 -0.270911 1.290621
v 0.142873 -0.272459 1.399243
v 0.149023 -0.274870 1.485431
v 0.156772 -0.277909 1.540780
v 0.165361 -0.281278 1.572297
v 0.127736 -0.281278 1.145592
v 0.132685 -0.281278 1.290621
v 0.137565 -0.281278 1.399243
v 0.145167 -0.281278 1.485431
v 0.154744 -0.281278 1.540780
v 0.134922 -0.293216 1.145592
v 0.138926 -0.291645 1.290621
v 0.142873 -0.290097 1.399243
v 0.149023 -0.287686 1.485431
v 0.156772 -0.284647 1.540780
v 0.153734 -0.300593 1.145592
v 0.155264 -0.298052 1.290621
v 0.156772 -0.295547 1.399243
v 0.159120 -0.291645 1.485431
v 0.162080 -0.286728 1.540780
v 0.502587 -0.300593 1.145592
v 0.501058 -0.298052 1.290621
v 0.499550 -0.295547 1.399243
v 0.497202 -0.291645 1.485431
v 0.494241 -0.286728 1.540780
v 0.521400 -0.293216 1.145592
v 0.517396 -0.291645 1.290621
v 0.513448 -0.290097 1.399243
v 0.507299 -0.287686 1.485431
v 0.499550 -0.284647 1.540780
v 0.528586 -0.281278 1.145592
v 0.523637 -0.281278 1.290621
v 0.518757 -0.281278 1.399243
v 0.511157 -0.281278 1.485431
v 0.501579 -0.281278 1.540780
v 0.521400 -0.269340 1.145592
v 0.517396 -0.270911 1.290621
v 0.513448 -0.272459 1.399243
v 0.507299 -0.274870 1.485431
v 0.499550 -0.277909 1.540780
v 0.502587 -0.261964 1.145592
v 0.501058 -0.264504 1.290621
v 0.499550 -0.267009 1.399243
v 0.497202 -0.270911 1.485431
v 0.494241 -0.275828 1.540780
v 0.479334 -0.261964 1.145592
v 0.480864 -0.264504 1.290621
v 0.482372 -0.267009 1.399243
v 0.484720 -0.270911 1.485431
v 0.487680 -0.275828 1.540780
v 0.460522 -0.269340 1.145592
v 0.464526 -0.270911 1.290621
v 0.468473 -0.272459 1.399243
v 0.474623 -0.274870 1.485431
v 0.482372 -0.277909 1.540780
v 0.490961 -0.281278 1.572297
v 0.453336 -0.281278 1.145592
v 0.458285 -0.281278 1.290621
v 0.463165 -0.281278 1.399243
v 0.470765 -0.281278 1.485431
v 0.480344 -0.281278 1.540780
v 0.460522 -0.293216 1.145592
v 0.464526 -0.291645 1.290621
v 0.468473 -0.290097 1.399243
v 0.474623 -0.287686 1.485431
v 0.482372 -0.284647 1.540780
v 0.479334 -0.300593 1.145592
v 0.480864 -0.298052 1.290621
v 0.482372 -0.295547 1.399243
v 0.484720 -0.291645 1.485431
v 0.487680 -0.286728 1.540780
v 0.828187 -0.300593 1.145592
v 0.826658 -0.298052 1.290621
v 0.825150 -0.295547 1.399243
v 0.822802 -0.291645 1.485431
v 0.819841 -0.286728 1.540780
v 0.847000 -0.293216 1.145592
v 0.842996 -0.291645 1.290621
v 0.839048 -0.290097 1.399243
v 0.832899 -0.287686 1.485431
v 0.825150 -0.284647 1.540780
v 0.854186 -0.281278 1.145592
v 0.849237 -0.281278 1.290621
v 0.844356 -0.281278 1.399243
v 0.836755 -0.281278 1.485431
v 0.827179 -0.281278 1.540780
v 0.847000 -0.269340 1.145592
v 0.842996 -0.270911 1.290621
v 0.839048 -0.272459 1.399243
v 0.832899 -0.274870 1.485431
v 0.825150 -0.277909 1.540780
v 0.828187 -0.261964 1.145592
v 0.826658 -0.264504 1.290621
v 0.825150 -0.267009 1.399243
v 0.822802 -0.270911 1.485431
v 0.819841 -0.275828 1.540780
v 0.804934 -0.261964 1.145592
v 0.806464 -0.264504 1.290621
v 0.807972 -0.267009 1.399243
v 0.810320 -0.270911 1.485431
v 0.813280 -0.275828 1.540780
v 0.786122 -0.269340 1.145592
v 0.790126 -0.270911 1.290621
v 0.794073 -0.272459 1.399243
v 0.800223 -0.274870 1.485431
v 0.807972 -0.277909 1.540780
v 0.816561 -0.281278 1.572297
v 0.778936 -0.281278 1.145592
v 0.783885 -0.281278 1.290621
v 0.788765 -0.281278 1.399243
v 0.796367 -0.281278 1.485431
v 0.805944 -0.281278 1.540780
v 0.786122 -0.293216 1.145592
v 0.790126 -0.291645 1.290621
v 0.794073 -0.290097 1.399243
v 0.800223 -0.287686 1.485431
v 0.807972 -0.284647 1.540780
v 0.804934 -0.300593 1.145592
v 0.806464 -0.298052 1.290621
v 0.807972 -0.295547 1.399243
v 0.810320 -0.291645 1.485431
v 0.813280 -0.286728 1.540780
v -0.799813 0.101156 1.145592
v -0.801342 0.103696 1.290621
v -0.802850 0.106201 1.399243
v -0.805198 0.110104 1.485431
v -0.808159 0.115020 1.540780
v -0.781000 0.108533 1.145592
v -0.785004 0.110104 1.290621
v -0.788952 0.111652 1.399243
v -0.795101 0.114064 1.485431
v -0.802850 0.117103 1.540780
v -0.773814 0.120471 1.145592
v -0.778763 0.120471 1.290621
v -0.783644 0.120471 1.399243
v -0.791243 0.120471 1.485431
v -0.800821 0.120471 1.540780
v -0.781000 0.132408 1.145592
v -0.785004 0.130839 1.290621
v -0.788952 0.129290 1.399243
v -0.795101 0.126878 1.485431
v -0.802850 0.123839 1.540780
v -0.799813 0.139786 1.145592
v -0.801342 0.137245 1.290621
v -0.802850 0.134740 1.399243
v -0.805198 0.130839 1.485431
v -0.808159 0.125921 1.540780
v -0.823066 0.139786 1.145592
v -0.821536 0.137245 1.290621
v -0.820028 0.134740 1.399243
v -0.817680 0.130839 1.485431
v -0.814720 0.125921 1.540780
v -0.841878 0.132408 1.145592
v -0.837874 0.130839 1.290621
v -0.833927 0.129290 1.399243
v -0.827777 0.126878 1.485431
v -0.820028 0.123839 1.540780
v -0.811439 0.120471 1.572297
v -0.849064 0.120471 1.145592
v -0.844115 0.120471 1.290621
v -0.839235 0.120471 1.399243
v -0.831633 0.120471 1.485431
v -0.822056 0.120471 1.540780
v -0.841878 0.108533 1.145592
v -0.837874 0.110104 1.290621
v -0.833927 0.111652 1.399243
v -0.827777 0.114064 1.485431
v -0.820028 0.117103 1.540780
v -0.823066 0.101156 1.145592
v -0.821536 0.103696 1.290621
v -0.820028 0.106201 1.399243
v -0.817680 0.110104 1.485431
v -0.814720 0.115020 1.540780
v -0.474213 0.101156 1.145592
v -0.475742 0.103696 1.290621
v -0.477250 0.106201 1.399243
v -0.479598 0.110104 1.485431
v -0.482559 0.115020 1.540780
v -0.455400 0.108533 1.145592
v -0.459404 0.110104 1.290621
v -0.463352 0.111652 1.399243
v -0.469501 0.114064 1.485431
v -0.477250 0.117103 1.540780
v -0.448214 0.120471 1.145592
v -0.453163 0.120471 1.290621
v -0.458044 0.120471 1.399243
v -0.465643 0.120471 1.485431
v -0.475221 0.120471 1.540780
v -0.455400 0.132408 1.145592
v -0.459404 0.130839 1.290621
v -0.463352 0.129290 1.399243
v -0.469501 0.126878 1.485431
v -0.477250 0.123839 1.540780
v -0.474213 0.139786 1.145592
v -0.475742 0.137245 1.290621
v -0.477250 0.134740 1.399243
v -0.479598 0.130839 1.485431
v -0.482559 0.125921 1.540780
v -0.497466 0.139786 1.145592
v -0.495936 0.137245 1.290621
v -0.494428 0.134740 1.399243
v -0.492080 0.130839 1.485431
v -0.489120 0.125921 1.540780
v -0.516278 0.132408 1.145592
v -0.512274 0.130839 1.290621
v -0.508327 0.129290 1.399243
v -0.502177 0.126878 1.485431
v -0.494428 0.123839 1.540780
v -0.485839 0.120471 1.572297
v -0.523465 0.120471 1.145592
v -0.518515 0.120471 1.290621
v -0.513635 0.120471 1.399243
v -0.506033 0.120471 1.485431
v -0.496456 0.120471 1.540780
v -0.516278 0.108533 1.145592
v -0.512274 0.110104 1.290621
v -0.508327 0.111652 1.399243
v -0.502177 0.114064 1.485431
v -0.494428 0.117103 1.540780
v -0.497466 0.101156 1.145592
v -0.495936 0.103696 1.290621
v -0.494428 0.106201 1.399243
v -0.492080 0.110104 1.485431
v -0.489120 0.115020 1.540780
v -0.148613 0.101156 1.145592
v -0.150142 0.103696 1.290621
v -0.151650 0.106201 1.399243
v -0.153998 0.110104 1.485431
v -0.156959 0.115020 1.540780
v -0.129800 0.108533 1.145592
v -0.133804 0.110104 1.290621
v -0.137752 0.111652 1.399243
v -0.143901 0.114064 1.485431
v -0.151650 0.117103 1.540780
v -0.122614 0.120471 1.145592
v -0.127563 0.120471 1.290621
v -0.132444 0.120471 1.399243
v -0.140043 0.120471 1.485431
v -0.149621 0.120471 1.540780
v -0.129800 0.132408 1.145592
v -0.133804 0.130839 1.290621
v -0.137752 0.129290 1.399243
v -0.143901 0.126878 1.485431
v -0.151650 0.123839 1.540780
v -0.148613 0.139786 1.145592
v -0.150142 0.137245 1.290621
v -0.151650 0.134740 1.399243
v -0.153998 0.130839 1.485431
v -0.156959 0.125921 1.540780
v -0.171866 0.139786 1.145592
v -0.170336 0.137245 1.290621
v -0.168828 0.134740 1.399243
v -0.166480 0.130839 1.485431
v -0.163520 0.125921 1.540780
v -0.190678 0.132408 1.145592
v -0.186674 0.130839 1.290621
v -0.182727 0.129290 1.399243
v -0.176577 0.126878 1.485431
v -0.168828 0.123839 1.540780
v -0.160239 0.120471 1.572297
v -0.197864 0.120471 1.145592
v -0.192915 0.120471 1.290621
v -0.188035 0.120471 1.399243
v -0.180433 0.120471 1.485431
v -0.170856 0.120471 1.540780
v -0.190678 0.108533 1.145592
v -0.186674 0.110104 1.290621
v -0.182727 0.111652 1.399243
v -0.176577 0.114064 1.485431
v -0.168828 0.117103 1.540780
v -0.171866 0.101156 1.145592
v -0.170336 0.103696 1.290621
v -0.168828 0.106201 1.399243
v -0.166480 0.110104 1.485431
v -0.163520 0.115020 1.540780
v 0.176987 0.101156 1.145592
v 0.175458 0.103696 1.290621
v 0.173950 0.106201 1.399243
v 0.171602 0.110104 1.485431
v 0.168641 0.115020 1.540780
v 0.195800 0.108533 1.145592
v 0.191796 0.110104 1.290621
v 0.187848 0.111652 1.399243
v 0.181699 0.114064 1.485431
v 0.173950 0.117103 1.540780
v 0.202986 0.120471 1.145592
v 0.198037 0.120471 1.290621
v 0.193156 0.120471 1.399243
v 0.185557 0.120471 1.485431
v 0.175979 0.120471 1.540780
v 0.195800 0.132408 1.145592
v 0.191796 0.130839 1.290621
v 0.187848 0.129290 1.399243
v 0.181699 0.126878 1.485431
v 0.173950 0.123839 1.540780
v 0.176987 0.139786 1.145592
v 0.175458 0.137245 1.290621
v 0.173950 0.134740 1.399243
v 0.171602 0.130839 1.485431
v 0.168641 0.125921 1.540780
v 0.153734 0.139786 1.145592
v 0.155264 0.137245 1.290621
v 0.156772 0.134740 1.399243
v 0.159120 0.130839 1.485431
v 0.162080 0.125921 1.540780
v 0.134922 0.132408 1.145592
v 0.138926 0.130839 1.290621
v 0.142873 0.129290 1.399243
v 0.149023 0.126878 1.485431
v 0.156772 0.123839 1.540780
v 0.165361 0.120471 1.572297
v 0.127736 0.120471 1.145592
v 0.132685 0.120471 1.290621
v 0.137565 0.120471 1.399243
v 0.145167 0.120471 1.485431
v 0.154744 0.120471 1.540780
v 0.134922 0.108533 1.145592
v 0.138926 0.110104 1.290621
v 0.142873 0.111652 1.399243
v 0.149023 0.114064 1.485431
v 0.156772 0.117103 1.540780
v 0.153734 0.101156 1.145592
v 0.155264 0.103696 1.290621
v 0.156772 0.106201 1.399243
v 0.159120 0.110104 1.485431
v 0.162080 0.115020 1.540780
v 0.502587 0.101156 1.145592
v 0.501058 0.103696 1.290621
v 0.499550 0.106201 1.399243
v 0.497202 0.110104 1.485431
v 0.494241 0.115020 1.540780
v 0.521400 0.108533 1.145592
v 0.517396 0.110104 1.290621
v 0.513448 0.111652 1.399243
v 0.507299 0.114064 1.485431
v 0.499550 0.117103 1.540780
v 0.528586 0.120471 1.145592
v 0.523637 0.120471 1.290621
v 0.518757 0.120471 1.399243
v 0.511157 0.120471 1.485431
v 0.501579 0.120471 1.540780
v 0.521400 0.132408 1.145592
v 0.517396 0.130839 1.290621
v 0.513448 0.129290 1.399243
v 0.507299 0.126878 1.485431
v 0.499550 0.123839 1.540780
v 0.502587 0.139786 1.145592
v 0.501058 0.137245 1.290621
v 0.499550 0.134740 1.399243
v 0.497202 0.130839 1.485431
v 0.494241 0.125921 1.540780
v 0.479334 0.139786 1.145592
v 0.480864 0.137245 1.290621
v 0.482372 0.134740 1.399243
v 0.484720 0.130839 1.485431
v 0.487680 0.125921 1.540780
v 0.460522 0.132408 1.145592
v 0.464526 0.130839 1.290621
v 0.468473 0.129290 1.399243
v 0.474623 0.126878 1.485431
v 0.482372 0.123839 1.540780
v 0.490961 0.120471 1.572297
v 0.453336 0.120471 1.145592
v 0.458285 0.120471 1.290621
v 0.463165 0.120471 1.399243
v 0.470765 0.120471 1.485431
v 0.480344 0.120471 1.540780
v 0.460522 0.108533 1.145592
v 0.464526 0.110104 1.290621
v 0.468473 0.111652 1.399243
v 0.474623 0.114064 1.485431
v 0.482372 0.117103 1.540780
v 0.479334 0.101156 1.145592
v 0.480864 0.103696 1.290621
v 0.482372 0.106201 1.399243
v 0.484720 0.110104 1.485431
v 0.487680 0.115020 1.540780
v 0.828187 0.101156 1.145592
v 0.826658 0.103696 1.290621
v 0.825150 0.106201 1.399243
v 0.822802 0.110104 1.485431
v 0.819841 0.115020 1.540780
v 0.847000 0.108533 1.145592
v 0.842996 0.110104 1.290621
v 0.839048 0.111652 1.399243
v 0.832899 0.114064 1.485431
v 0.825150 0.117103 1.540780
v 0.854186 0.120471 1.145592
v 0.849237 0.120471 1.290621
v 0.844356 0.120471 1.399243
v 0.836755 0.120471 1.485431
v 0.827179 0.120471 1.540780
v 0.847000 0.132408 1.145592
v 0.842996 0.130839 1.290621
v 0.839048 0.129290 1.399243
v 0.832899 0.126878 1.485431
v 0.825150 0.123839 1.540780
v 0.828187 0.139786 1.145592
v 0.826658 0.137245 1.290621
v 0.825150 0.134740 1.399243
v 0.822802 0.130839 1.485431
v 0.819841 0.125921 1.540780
v 0.804934 0.139786 1.145592
v 0.806464 0.137245 1.290621
v 0.807972 0.134740 1.399243
v 0.810320 0.130839 1.485431
v 0.813280 0.125921 1.540780
v 0.786122 0.132408 1.145592
v 0.790126 0.130839 1.290621
v 0.794073 0.129290 1.399243
v 0.800223 0.126878 1.485431
v 0.807972 0.123839 1.540780
v 0.816561 0.120471 1.572297
v 0.778936 0.120471 1.145592
v 0.783885 0.120471 1.290621
v 0.788765 0.120471 1.399243
v 0.796367 0.120471 1.485431
v 0.805944 0.120471 1.540780
v 0.786122 0.108533 1.145592
v 0.790126 0.110104 1.290621
v 0.794073 0.111652 1.399243
v 0.800223 0.114064 1.485431
v 0.807972 0.117103 1.540780
v 0.804934 0.101156 1.145592
v 0.806464 0.103696 1.290621
v 0.807972 0.106201 1.399243
v 0.810320 0.110104 1.485431
v 0.813280 0.115020 1.540780
v -0.799813 0.502905 1.145592
v -0.801342 0.505445 1.290621
v -0.802850 0.507951 1.399243
v -0.805198 0.511852 1.485431
v -0.808159 0.516770 1.540780
v -0.781000 0.510283 1.145592
v -0.785004 0.511852 1.290621
v -0.788952 0.513401 1.399243
v -0.795101 0.515813 1.485431
v -0.802850 0.518852 1.540780
v -0.773814 0.522220 1.145592
v -0.778763 0.522220 1.290621
v -0.783644 0.522220 1.399243
v -0.791243 0.522220 1.485431
v -0.800821 0.522220 1.540780
v -0.781000 0.534157 1.145592
v -0.785004 0.532587 1.290621
v -0.788952 0.531039 1.399243
v -0.795101 0.528627 1.485431
v -0.802850 0.525588 1.540780
v -0.799813 0.541535 1.145592
v -0.801342 0.538995 1.290621
v -0.802850 0.536490 1.399243
v -0.805198 0.532587 1.485431
v -0.808159 0.527671 1.540780
v -0.823066 0.541535 1.145592
v -0.821536 0.538995 1.290621
v -0.820028 0.536490 1.399243
v -0.817680 0.532587 1.485431
v -0.814720 0.527671 1.540780
v -0.841878 0.534157 1.145592
v -0.837874 0.532587 1.290621
v -0.833927 0.531039 1.399243
v -0.827777 0.528627 1.485431
v -0.820028 0.525588 1.540780
v -0.811439 0.522220 1.572297
v -0.849064 0.522220 1.145592
v -0.844115 0.522220 1.290621
v -0.839235 0.522220 1.399243
v -0.831633 0.522220 1.485431
v -0.822056 0.522220 1.540780
v -0.841878 0.510283 1.145592
v -0.837874 0.511852 1.290621
v -0.833927 0.513401 1.399243
v -0.827777 0.515813 1.485431
v -0.820028 0.518852 1.540780
v -0.823066 0.502905 1.145592
v -0.821536 0.505445 1.290621
v -0.820028 0.507951 1.399243
v -0.817680 0.511852 1.485431
v -0.814720 0.516770 1.540780
v -0.474213 0.502905 1.145592
v -0.475742 0.505445 1.290621
v -0.477250 0.507951 1.399243
v -0.479598 0.511852 1.485431
v -0.482559 0.516770 1.540780
v -0.455400 0.510283 1.145592
v -0.459404 0.511852 1.290621
v -0.463352 0.513401 1.399243
v -0.469501 0.515813 1.485431
v -0.477250 0.518852 1.540780
v -0.448214 0.522220 1.145592
v -0.453163 0.522220 1.290621
v -0.458044 0.522220 1.399243
v -0.465643 0.522220 1.485431
v -0.475221 0.522220 1.540780
v -0.455400 0.534157 1.145592
v -0.459404 0.532587 1.290621
v -0.463352 0.531039 1.399243
v -0.469501 0.528627 1.485431
v -0.477250 0.525588 1.540780
v -0.474213 0.541535 1.145592
v -0.475742 0.538995 1.290621
v -0.477250 0.536490 1.399243
v -0.479598 0.532587 1.485431
v -0.482559 0.527671 1.540780
v -0.497466 0.541535 1.145592
v -0.495936 0.538995 1.290621
v -0.494428 0.536490 1.399243
v -0.492080 0.532587 1.485431
v -0.489120 0.527671 1.540780
v -0.516278 0.534157 1.145592
v -0.512274 0.532587 1.290621
v -0.508327 0.531039 1.399243
v -0.502177 0.528627 1.485431
v -0.494428 0.525588 1.540780
v -0.485839 0.522220 1.572297
v -0.523465 0.522220 1.145592
v -0.518515 0.522220 1.290621
v -0.513635 0.522220 1.399243
v -0.506033 0.522220 1.485431
v -0.496456 0.522220 1.540780
v -0.516278 0.510283 1.145592
v -0.512274 0.511852 1.290621
v -0.508327 0.513401 1.399243
v -0.502177 0.515813 1.485431
v -0.494428 0.518852 1.540780
v -0.497466 0.502905 1.145592
v -0.495936 0.505445 1.290621
v -0.494428 0.507951 1.399243
v -0.492080 0.511852 1.485431
v -0.489120 0.516770 1.540780
v 0.502587 0.502905 1.145592
v 0.501058 0.505445 1.290621
v 0.499550 0.507951 1.399243
v 0.497202 0.511852 1.485431
v 0.494241 0.516770 1.540780
v 0.521400 0.510283 1.145592
v 0.517396 0.511852 1.290621
v 0.513448 0.513401 1.399243
v 0.507299 0.515813 1.485431
v 0.499550 0.518852 1.540780
v 0.528586 0.522220 1.145592
v 0.523637 0.522220 1.290621
v 0.518757 0.522220 1.399243
v 0.511157 0.522220 1.485431
v 0.501579 0.522220 1.540780
v 0.521400 0.534157 1.145592
v 0.517396 0.532587 1.290621
v 0.513448 0.531039 1.399243
v 0.507299 0.528627 1.485431
v 0.499550 0.525588 1.540780
v 0.502587 0.541535 1.145592
v 0.501058 0.538995 1.290621
v 0.499550 0.536490 1.399243
v 0.497202 0.532587 1.485431
v 0.494241 0.527671 1.540780
v 0.479334 0.541535 1.145592
v 0.480864 0.538995 1.290621
v 0.482372 0.536490 1.399243
v 0.484720 0.532587 1.485431
v 0.487680 0.527671 1.540780
v 0.460522 0.534157 1.145592
v 0.464526 0.532587 1.290621
v 0.468473 0.531039 1.399243
v 0.474623 0.528627 1.485431
v 0.482372 0.525588 1.540780
v 0.490961 0.522220 1.572297
v 0.453336 0.522220 1.145592
v 0.458285 0.522220 1.290621
v 0.463165 0.522220 1.399243
v 0.470765 0.522220 1.485431
v 0.480344 0.522220 1.540780
v 0.460522 0.510283 1.145592
v 0.464526 0.511852 1.290621
v 0.468473 0.513401 1.399243
v 0.474623 0.515813 1.485431
v 0.482372 0.518852 1.540780
v 0.479334 0.502905 1.145592
v 0.480864 0.505445 1.290621
v 0.482372 0.507951 1.399243
v 0.484720 0.511852 1.485431
v 0.487680 0.516770 1.540780
v 0.828187 0.502905 1.145592
v 0.826658 0.505445 1.290621
v 0.825150 0.507951 1.399243
v 0.822802 0.511852 1.485431
v 0.819841 0.516770 1.540780
v 0.847000 0.510283 1.145592
v 0.842996 0.511852 1.290621
v 0.839048 0.513401 1.399243
v 0.832899 0.515813 1.485431
v 0.825150 0.518852 1.540780
v 0.854186 0.522220 1.145592
v 0.849237 0.522220 1.290621
v 0.844356 0.522220 1.399243
v 0.836755 0.522220 1.485431
v 0.827179 0.522220 1.540780
v 0.847000 0.534157 1.145592
v 0.842996 0.532587 1.290621
v 0.839048 0.531039 1.399243
v 0.832899 0.528627 1.485431
v 0.825150 0.525588 1.540780
v 0.828187 0.541535 1.145592
v 0.826658 0.538995 1.290621
v 0.825150 0.536490 1.399243
v 0.822802 0.532587 1.485431
v 0.819841 0.527671 1.540780
v 0.804934 0.541535 1.145592
v 0.806464 0.538995 1.290621
v 0.807972 0.536490 1.399243
v 0.810320 0.532587 1.485431
v 0.813280 0.527671 1.540780
v 0.786122 0.534157 1.145592
v 0.790126 0.532587 1.290621
v 0.794073 0.531039 1.399243
v 0.800223 0.528627 1.485431
v 0.807972 0.525588 1.540780
v 0.816561 0.522220 1.572297
v 0.778936 0.522220 1.145592
v 0.783885 0.522220 1.290621
v 0.788765 0.522220 1.399243
v 0.796367 0.522220 1.485431
v 0.805944 0.522220 1.540780
v 0.786122 0.510283 1.145592
v 0.790126 0.511852 1.290621
v 0.794073 0.513401 1.399243
v 0.800223 0.515813 1.485431
v 0.807972 0.518852 1.540780
v 0.804934 0.502905 1.145592
v 0.806464 0.505445 1.290621
v 0.807972 0.507951 1.399243
v 0.810320 0.511852 1.485431
v 0.813280 0.516770 1.540780
v -0.799813 0.888101 1.145592
v -0.801342 0.890640 1.290621
v -0.802850 0.893146 1.399243
v -0.805198 0.897048 1.485430
v -0.808159 0.901965 1.540780
v -0.781000 0.895478 1.145591
v -0.785004 0.897048 1.290621
v -0.788952 0.898596 1.399243
v -0.795101 0.901008 1.485430
v -0.802850 0.904046 1.540780
v -0.773814 0.907415 1.145591
v -0.778763 0.907415 1.290621
v -0.783644 0.907415 1.399243
v -0.791243 0.907415 1.485430
v -0.800821 0.907415 1.540780
v -0.781000 0.919352 1.145591
v -0.785004 0.917783 1.290621
v -0.788952 0.916234 1.399243
v -0.795101 0.913823 1.485430
v -0.802850 0.910784 1.540780
v -0.799813 0.926731 1.145591
v -0.801342 0.924189 1.290621
v -0.802850 0.921685 1.399243
v -0.805198 0.917783 1.485430
v -0.808159 0.912865 1.540780
v -0.823066 0.926731 1.145591
v -0.821536 0.924189 1.290621
v -0.820028 0.921685 1.399243
v -0.817680 0.917783 1.485430
v -0.814720 0.912865 1.540780
v -0.841878 0.919352 1.145591
v -0.837874 0.917783 1.290621
v -0.833927 0.916234 1.399243
v -0.827777 0.913823 1.485430
v -0.820028 0.910784 1.540780
v -0.811439 0.907415 1.572296
v -0.849064 0.907415 1.145591
v -0.844115 0.907415 1.290621
v -0.839235 0.907415 1.399243
v -0.831633 0.907415 1.485430
v -0.822056 0.907415 1.540780
v -0.841878 0.895478 1.145591
v -0.837874 0.897048 1.290621
v -0.833927 0.898596 1.399243
v -0.827777 0.901008 1.485430
v -0.820028 0.904046 1.540780
v -0.823066 0.888101 1.145592
v -0.821536 0.890640 1.290621
v -0.820028 0.893146 1.399243
v -0.817680 0.897048 1.485430
v -0.814720 0.901965 1.540780
v -0.474213 0.888101 1.145592
v -0.475742 0.890640 1.290621
v -0.477250 0.893146 1.399243
v -0.479598 0.897048 1.485430
v -0.482559 0.901965 1.540780
v -0.455400 0.895478 1.145591
v -0.459404 0.897048 1.290621
v -0.463352 0.898596 1.399243
v -0.469501 0.901008 1.485430
v -0.477250 0.904046 1.540780
v -0.448214 0.907415 1.145591
v -0.453163 0.907415 1.290621
v -0.458044 0.907415 1.399243
v -0.465643 0.907415 1.485430
v -0.475221 0.907415 1.540780
v -0.455400 0.919352 1.145591
v -0.459404 0.917783 1.290621
v -0.463352 0.916234 1.399243
v -0.469501 0.913823 1.485430
v -0.477250 0.910784 1.540780
v -0.474213 0.926731 1.145591
v -0.475742 0.924189 1.290621
v -0.477250 0.921685 1.399243
v -0.479598 0.917783 1.485430
v -0.482559 0.912865 1.540780
v -0.497466 0.926731 1.145591
v -0.495936 0.924189 1.290621
v -0.494428 0.921685 1.399243
v -0.492080 0.917783 1.485430
v -0.489120 0.912865 1.540780
v -0.516278 0.919352 1.145591
v -0.512274 0.917783 1.290621
v -0.508327 0.916234 1.399243
v -0.502177 0.913823 1.485430
v -0.494428 0.910784 1.540780
v -0.485839 0.907415 1.572296
v -0.523465 0.907415 1.145591
v -0.518515 0.907415 1.290621
v -0.513635 0.907415 1.399243
v -0.506033 0.907415 1.485430
v -0.496456 0.907415 1.540780
v -0.516278 0.895478 1.145591
v -0.512274 0.897048 1.290621
v -0.508327 0.898596 1.399243
v -0.502177 0.901008 1.485430
v -0.494428 0.904046 1.540780
v -0.497466 0.888101 1.145592
v -0.495936 0.890640 1.290621
v -0.494428 0.893146 1.399243
v -0.492080 0.897048 1.485430
v -0.489120 0.901965 1.540780
v -0.148613 0.888101 1.145592
v -0.150142 0.890640 1.290621
v -0.151650 0.893146 1.399243
v -0.153998 0.897048 1.485430
v -0.156959 0.901965 1.540780
v -0.129800 0.895478 1.145591
v -0.133804 0.897048 1.290621
v -0.137752 0.898596 1.399243
v -0.143901 0.901008 1.485430
v -0.151650 0.904046 1.540780
v -0.122614 0.907415 1.145591
v -0.127563 0.907415 1.290621
v -0.132444 0.907415 1.399243
v -0.140043 0.907415 1.485430
v -0.149621 0.907415 1.540780
v -0.129800 0.919352 1.145591
v -0.133804 0.917783 1.290621
v -0.137752 0.916234 1.399243
v -0.143901 0.913823 1.485430
v -0.151650 0.910784 1.540780
v -0.148613 0.926731 1.145591
v -0.150142 0.924189 1.290621
v -0.151650 0.921685 1.399243
v -0.153998 0.917783 1.485430
v -0.156959 0.912865 1.540780
v -0.171866 0.926731 1.145591
v -0.170336 0.924189 1.290621
v -0.168828 0.921685 1.399243
v -0.166480 0.917783 1.485430
v -0.163520 0.912865 1.540780
v -0.190678 0.919352 1.145591
v -0.186674 0.917783 1.290621
v -0.182727 0.916234 1.399243
v -0.176577 0.913823 1.485430
v -0.168828 0.910784 1.540780
v -0.160239 0.907415 1.572296
v -0.197864 0.907415 1.145591
v -0.192915 0.907415 1.290621
v -0.188035 0.907415 1.399243
v -0.180433 0.907415 1.485430
v -0.170856 0.907415 1.540780
v -0.190678 0.895478 1.145591
v -0.186674 0.897048 1.290621
v -0.182727 0.898596 1.399243
v -0.176577 0.901008 1.485430
v -0.168828 0.904046 1.540780
v -0.171866 0.888101 1.145592
v -0.170336 0.890640 1.290621
v -0.168828 0.893146 1.399243
v -0.166480 0.897048 1.485430
v -0.163520 0.901965 1.540780
v 0.176987 0.888101 1.145592
v 0.175458 0.890640 1.290621
v 0.173950 0.893146 1.399243
v 0.171602 0.897048 1.485430
v 0.168641 0.901965 1.540780
v 0.195800 0.895478 1.145591
v 0.191796 0.897048 1.290621
v 0.187848 0.898596 1.399243
v 0.181699 0.901008 1.485430
v 0.173950 0.904046 1.540780
v 0.202986 0.907415 1.145591
v 0.198037 0.907415 1.290621
v 0.193156 0.907415 1.399243
v 0.185557 0.907415 1.485430
v 0.175979 0.907415 1.540780
v 0.195800 0.919352 1.145591
v 0.191796 0.917783 1.290621
v 0.187848 0.916234 1.399243
v 0.181699 0.913823 1.485430
v 0.173950 0.910784 1.540780
v 0.176987 0.926731 1.145591
v 0.175458 0.924189 1.290621
v 0.173950 0.921685 1.399243
v 0.171602 0.917783 1.485430
v 0.168641 0.912865 1.540780
v 0.153734 0.926731 1.145591
v 0.155264 0.924189 1.290621
v 0.156772 0.921685 1.399243
v 0.159120 0.917783 1.485430
v 0.162080 0.912865 1.540780
v 0.134922 0.919352 1.145591
v 0.138926 0.917783 1.290621
v 0.142873 0.916234 1.399243
v 0.149023 0.913823 1.485430
v 0.156772 0.910784 1.540780
v 0.165361 0.907415 1.572296
v 0.127736 0.907415 1.145591
v 0.132685 0.907415 1.290621
v 0.137565 0.907415 1.399243
v 0.145167 0.907415 1.485430
v 0.154744 0.907415 1.540780
v 0.134922 0.895478 1.145591
v 0.138926 0.897048 1.290621
v 0.142873 0.898596 1.399243
v 0.149023 0.901008 1.485430
v 0.156772 0.904046 1.540780
v 0.153734 0.888101 1.145592
v 0.155264 0.890640 1.290621
v 0.156772 0.893146 1.399243
v 0.159120 0.897048 1.485430
v 0.162080 0.901965 1.540780
v 0.502587 0.888101 1.145592
v 0.501058 0.890640 1.290621
v 0.499550 0.893146 1.399243
v 0.497202 0.897048 1.485430
v 0.494241 0.901965 1.540780
v 0.521400 0.895478 1.145591
v 0.517396 0.897048 1.290621
v 0.513448 0.898596 1.399243
v 0.507299 0.901008 1.485430
v 0.499550 0.904046 1.540780
v 0.528586 0.907415 1.145591
v 0.523637 0.907415 1.290621
v 0.518757 0.907415 1.399243
v 0.511157 0.907415 1.485430
v 0.501579 0.907415 1.540780
v 0.521400 0.919352 1.145591
v 0.517396 0.917783 1.290621
v 0.513448 0.916234 1.399243
v 0.507299 0.913823 1.485430
v 0.499550 0.910784 1.540780
v 0.502587 0.926731 1.145591
v 0.501058 0.924189 1.290621
v 0.499550 0.921685 1.399243
v 0.497202 0.917783 1.485430
v 0.494241 0.912865 1.540780
v 0.479334 0.926731 1.145591
v 0.480864 0.924189 1.290621
v 0.482372 0.921685 1.399243
v 0.484720 0.917783 1.485430
v 0.487680 0.912865 1.540780
v 0.460522 0.919352 1.145591
v 0.464526 0.917783 1.290621
v 0.468473 0.916234 1.399243
v 0.474623 0.913823 1.485430
v 0.482372 0.910784 1.540780
v 0.490961 0.907415 1.572296
v 0.453336 0.907415 1.145591
v 0.458285 0.907415 1.290621
v 0.463165 0.907415 1.399243
v 0.470765 0.907415 1.485430
v 0.480344 0.907415 1.540780
v 0.460522 0.895478 1.145591
v 0.464526 0.897048 1.290621
v 0.468473 0.898596 1.399243
v 0.474623 0.901008 1.485430
v 0.482372 0.904046 1.540780
v 0.479334 0.888101 1.145592
v 0.480864 0.890640 1.290621
v 0.482372 0.893146 1.399243
v 0.484720 0.897048 1.485430
v 0.487680 0.901965 1.540780
v 0.828187 0.888101 1.145592
v 0.826658 0.890640 1.290621
v 0.825150 0.893146 1.399243
v 0.822802 0.897048 1.485430
v 0.819841 0.901965 1.540780
v 0.847000 0.895478 1.145591
v 0.842996 0.897048 1.290621
v 0.839048 0.898596 1.399243
v 0.832899 0.901008 1.485430
v 0.825150 0.904046 1.540780
v 0.854186 0.907415 1.145591
v 0.849237 0.907415 1.290621
v 0.844356 0.907415 1.399243
v 0.836755 0.907415 1.485430
v 0.827179 0.907415 1.540780
v 0.847000 0.919352 1.145591
v 0.842996 0.917783 1.290621
v 0.839048 0.916234 1.399243
v 0.832899 0.913823 1.485430
v 0.825150 0.910784 1.540780
v 0.828187 0.926731 1.145591
v 0.826658 0.924189 1.290621
v 0.825150 0.921685 1.399243
v 0.822802 0.917783 1.485430
v 0.819841 0.912865 1.540780
v 0.804934 0.926731 1.145591
v 0.806464 0.924189 1.290621
v 0.807972 0.921685 1.399243
v 0.810320 0.917783 1.485430
v 0.813280 0.912865 1.540780
v 0.786122 0.919352 1.145591
v 0.790126 0.917783 1.290621
v 0.794073 0.916234 1.399243
v 0.800223 0.913823 1.485430
v 0.807972 0.910784 1.540780
v 0.816561 0.907415 1.572296
v 0.778936 0.907415 1.145591
v 0.783885 0.907415 1.290621
v 0.788765 0.907415 1.399243
v 0.796367 0.907415 1.485430
v 0.805944 0.907415 1.540780
v 0.786122 0.895478 1.145591
v 0.790126 0.897048 1.290621
v 0.794073 0.898596 1.399243
v 0.800223 0.901008 1.485430
v 0.807972 0.904046 1.540780
v 0.804934 0.888101 1.145592
v 0.806464 0.890640 1.290621
v 0.807972 0.893146 1.399243
v 0.810320 0.897048 1.485430
v 0.813280 0.901965 1.540780
v -0.799813 -0.702342 -1.152363
v -0.801342 -0.699802 -1.297392
v -0.802850 -0.697297 -1.406015
v -0.805198 -0.693395 -1.492202
v -0.808159 -0.688478 -1.547551
v -0.781000 -0.694964 -1.152363
v -0.785004 -0.693395 -1.297392
v -0.788952 -0.691846 -1.406015
v -0.795101 -0.689434 -1.492202
v -0.802850 -0.686396 -1.547551
v -0.773814 -0.683028 -1.152363
v -0.778763 -0.683028 -1.297392
v -0.783644 -0.683028 -1.406015
v -0.791243 -0.683028 -1.492202
v -0.800821 -0.683028 -1.547551
v -0.781000 -0.671090 -1.152363
v -0.785004 -0.672660 -1.297392
v -0.788952 -0.674209 -1.406015
v -0.795101 -0.676620 -1.492202
v -0.802850 -0.679659 -1.547551
v -0.799813 -0.663712 -1.152363
v -0.801342 -0.666252 -1.297392
v -0.802850 -0.668758 -1.406015
v -0.805198 -0.672660 -1.492202
v -0.808159 -0.677577 -1.547551
v -0.823066 -0.663712 -1.152363
v -0.821536 -0.666252 -1.297392
v -0.820028 -0.668758 -1.406015
v -0.817680 -0.672660 -1.492202
v -0.814720 -0.677577 -1.547551
v -0.841878 -0.671090 -1.152363
v -0.837874 -0.672660 -1.297392
v -0.833927 -0.674209 -1.406015
v -0.827777 -0.676620 -1.492202
v -0.820028 -0.679659 -1.547551
v -0.811439 -0.683028 -1.579068
v -0.849064 -0.683028 -1.152363
v -0.844115 -0.683028 -1.297392
v -0.839235 -0.683028 -1.406015
v -0.831633 -0.683028 -1.492202
v -0.822056 -0.683028 -1.547551
v -0.841878 -0.694964 -1.152363
v -0.837874 -0.693395 -1.297392
v -0.833927 -0.691846 -1.406015
v -0.827777 -0.689434 -1.492202
v -0.820028 -0.686396 -1.547551
v -0.823066 -0.702342 -1.152363
v -0.821536 -0.699802 -1.297392
v -0.820028 -0.697297 -1.406015
v -0.817680 -0.693395 -1.492202
v -0.814720 -0.688478 -1.547551
v -0.474213 -0.702342 -1.152363
v -0.475742 -0.699802 -1.297392
v -0.477250 -0.697297 -1.406015
v -0.479598 -0.693395 -1.492202
v -0.482559 -0.688478 -1.547551
v -0.455400 -0.694964 -1.152363
v -0.459404 -0.693395 -1.297392
v -0.463352 -0.691846 -1.406015
v -0.469501 -0.689434 -1.492202
v -0.477250 -0.686396 -1.547551
v -0.448214 -0.683028 -1.152363
v -0.453163 -0.683028 -1.297392
v -0.458044 -0.683028 -1.406015
v -0.465643 -0.683028 -1.492202
v -0.475221 -0.683028 -1.547551
v -0.455400 -0.671090 -1.152363
v -0.459404 -0.672660 -1.297392
v -0.463352 -0.674209 -1.406015
v -0.469501 -0.676620 -1.492202
v -0.477250 -0.679659 -1.547551
v -0.474213 -0.663712 -1.152363
v -0.475742 -0.666252 -1.297392
v -0.477250 -0.668758 -1.406015
v -0.479598 -0.672660 -1.492202
v -0.482559 -0.677577 -1.547551
v -0.497466 -0.663712 -1.152363
v -0.495936 -0.666252 -1.297392
v -0.494428 -0.668758 -1.406015
v -0.492080 -0.672660 -1.492202
v -0.489120 -0.677577 -1.547551
v -0.516278 -0.671090 -1.152363
v -0.512274 -0.672660 -1.297392
v -0.508327 -0.674209 -1.406015
v -0.502177 -0.676620 -1.492202
v -0.494428 -0.679659 -1.547551
v -0.485839 -0.683028 -1.579068
v -0.523465 -0.683028 -1.152363
v -0.518515 -0.683028 -1.297392
v -0.513635 -0.683028 -1.406015
v -0.506033 -0.683028 -1.492202
v -0.496456 -0.683028 -1.547551
v -0.516278 -0.694964 -1.152363
v -0.512274 -0.693395 -1.297392
v -0.508327 -0.691846 -1.406015
v -0.502177 -0.689434 -1.492202
v -0.494428 -0.686396 -1.547551
v -0.497466 -0.702342 -1.152363
v -0.495936 -0.699802 -1.297392
v -0.494428 -0.697297 -1.406015
v -0.492080 -0.693395 -1.492202
v -0.489120 -0.688478 -1.547551
v -0.148613 -0.702342 -1.152363
v -0.150142 -0.699802 -1.297392
v -0.151650 -0.697297 -1.406015
v -0.153998 -0.693395 -1.492202
v -0.156959 -0.688478 -1.547551
v -0.129800 -0.694964 -1.152363
v -0.133804 -0.693395 -1.297392
v -0.137752 -0.691846 -1.406015
v -0.143901 -0.689434 -1.492202
v -0.151650 -0.686396 -1.547551
v -0.122614 -0.683028 -1.152363
v -0.127563 -0.683028 -1.297392
v -0.132444 -0.683028 -1.406015
v -0.140043 -0.683028 -1.492202
v -0.149621 -0.683028 -1.547551
v -0.129800 -0.671090 -1.152363
v -0.133804 -0.672660 -1.297392
v -0.137752 -0.674209 -1.406015
v -0.143901 -0.676620 -1.492202
v -0.151650 -0.679659 -1.547551
v -0.148613 -0.663712 -1.152363
v -0.150142 -0.666252 -1.297392
v -0.151650 -0.668758 -1.406015
v -0.153998 -0.672660 -1.492202
v -0.156959 -0.677577 -1.547551
v -0.171866 -0.663712 -1.152363
v -0.170336 -0.666252 -1.297392
v -0.168828 -0.668758 -1.406015
v -0.166480 -0.672660 -1.492202
v -0.163520 -0.677577 -1.547551
v -0.190678 -0.671090 -1.152363
v -0.186674 -0.672660 -1.297392
v -0.182727 -0.674209 -1.406015
v -0.176577 -0.676620 -1.492202
v -0.168828 -0.679659 -1.547551
v -0.160239 -0.683028 -1.579068
v -0.197864 -0.683028 -1.152363
v -0.192915 -0.683028 -1.297392
v -0.188035 -0.683028 -1.406015
v -0.180433 -0.683028 -1.492202
v -0.170856 -0.683028 -1.547551
v -0.190678 -0.694964 -1.152363
v -0.186674 -0.693395 -1.297392
v -0.182727 -0.691846 -1.406015
v -0.176577 -0.689434 -1.492202
v -0.168828 -0.686396 -1.547551
v -0.171866 -0.702342 -1.152363
v -0.170336 -0.699802 -1.297392
v -0.168828 -0.697297 -1.406015
v -0.166480 -0.693395 -1.492202
v -0.163520 -0.688478 -1.547551
v 0.176987 -0.702342 -1.152363
v 0.175458 -0.699802 -1.297392
v 0.173950 -0.697297 -1.406015
v 0.171602 -0.693395 -1.492202
v 0.168641 -0.688478 -1.547551
v 0.195800 -0.694964 -1.152363
v 0.191796 -0.693395 -1.297392
v 0.187848 -0.691846 -1.406015
v 0.181699 -0.689434 -1.492202
v 0.173950 -0.686396 -1.547551
v 0.202986 -0.683028 -1.152363
v 0.198037 -0.683028 -1.297392
v 0.193156 -0.683028 -1.406015
v 0.185557 -0.683028 -1.492202
v 0.175979 -0.683028 -1.547551
v 0.195800 -0.671090 -1.152363
v 0.191796 -0.672660 -1.297392
v 0.187848 -0.674209 -1.406015
v 0.181699 -0.676620 -1.492202
v 0.173950 -0.679659 -1.547551
v 0.176987 -0.663712 -1.152363
v 0.175458 -0.666252 -1.297392
v 0.173950 -0.668758 -1.406015
v 0.171602 -0.672660 -1.492202
v 0.168641 -0.677577 -1.547551
v 0.153734 -0.663712 -1.152363
v 0.155264 -0.666252 -1.297392
v 0.156772 -0.668758 -1.406015
v 0.159120 -0.672660 -1.492202
v 0.162080 -0.677577 -1.547551
v 0.134922 -0.671090 -1.152363
v 0.138926 -0.672660 -1.297392
v 0.142873 -0.674209 -1.406015
v 0.149023 -0.676620 -1.492202
v 0.156772 -0.679659 -1.547551
v 0.165361 -0.683028 -1.579068
v 0.127736 -0.683028 -1.152363
v 0.132685 -0.683028 -1.297392
v 0.137565 -0.683028 -1.406015
v 0.145167 -0.683028 -1.492202
v 0.154744 -0.683028 -1.547551
v 0.134922 -0.694964 -1.152363
v 0.138926 -0.693395 -1.297392
v 0.142873 -0.691846 -1.406015
v 0.149023 -0.689434 -1.492202
v 0.156772 -0.686396 -1.547551
v 0.153734 -0.702342 -1.152363
v 0.155264 -0.699802 -1.297392
v 0.156772 -0.697297 -1.406015
v 0.159120 -0.693395 -1.492202
v 0.162080 -0.688478 -1.547551
v 0.502587 -0.702342 -1.152363
v 0.501058 -0.699802 -1.297392
v 0.499550 -0.697297 -1.406015
v 0.497202 -0.693395 -1.492202
v 0.494241 -0.688478 -1.547551
v 0.521400 -0.694964 -1.152363
v 0.517396 -0.693395 -1.297392
v 0.513448 -0.691846 -1.406015
v 0.507299 -0.689434 -1.492202
v 0.499550 -0.686396 -1.547551
v 0.528586 -0.683028 -1.152363
v 0.523637 -0.683028 -1.297392
v 0.518757 -0.683028 -1.406015
v 0.511157 -0.683028 -1.492202
v 0.501579 -0.683028 -1.547551
v 0.521400 -0.671090 -1.152363
v 0.517396 -0.672660 -1.297392
v 0.513448 -0.674209 -1.406015
v 0.507299 -0.676620 -1.492202
v 0.499550 -0.679659 -1.547551
v 0.502587 -0.663712 -1.152363
v 0.501058 -0.666252 -1.297392
v 0.499550 -0.668758 -1.406015
v 0.497202 -0.672660 -1.492202
v 0.494241 -0.677577 -1.547551
v 0.479334 -0.663712 -1.152363
v 0.480864 -0.666252 -1.297392
v 0.482372 -0.668758 -1.406015
v 0.484720 -0.672660 -1.492202
v 0.487680 -0.677577 -1.547551
v 0.460522 -0.671090 -1.152363
v 0.464526 -0.672660 -1.297392
v 0.468473 -0.674209 -1.406015
v 0.474623 -0.676620 -1.492202
v 0.482372 -0.679659 -1.547551
v 0.490961 -0.683028 -1.579068
v 0.453336 -0.683028 -1.152363
v 0.458285 -0.683028 -1.297392
v 0.463165 -0.683028 -1.406015
v 0.470765 -0.683028 -1.492202
v 0.480344 -0.683028 -1.547551
v 0.460522 -0.694964 -1.152363
v 0.464526 -0.693395 -1.297392
v 0.468473 -0.691846 -1.406015
v 0.474623 -0.689434 -1.492202
v 0.482372 -0.686396 -1.547551
v 0.479334 -0.702342 -1.152363
v 0.480864 -0.699802 -1.297392
v 0.482372 -0.697297 -1.406015
v 0.484720 -0.693395 -1.492202
v 0.487680 -0.688478 -1.547551
v 0.828187 -0.702342 -1.152363
v 0.826658 -0.699802 -1.297392
v 0.825150 -0.697297 -1.406015
v 0.822802 -0.693395 -1.492202
v 0.819841 -0.688478 -1.547551
v 0.847000 -0.694964 -1.152363
v 0.842996 -0.693395 -1.297392
v 0.839048 -0.691846 -1.406015
v 0.832899 -0.689434 -1.492202
v 0.825150 -0.686396 -1.547551
v 0.854186 -0.683028 -1.152363
v 0.849237 -0.683028 -1.297392
v 0.844356 -0.683028 -1.406015
v 0.836755 -0.683028 -1.492202
v 0.827179 -0.683028 -1.547551
v 0.847000 -0.671090 -1.152363
v 0.842996 -0.672660 -1.297392
v 0.839048 -0.674209 -1.406015
v 0.832899 -0.676620 -1.492202
v 0.825150 -0.679659 -1.547551
v 0.828187 -0.663712 -1.152363
v 0.826658 -0.666252 -1.297392
v 0.825150 -0.668758 -1.406015
v 0.822802 -0.672660 -1.492202
v 0.819841 -0.677577 -1.547551
v 0.804934 -0.663712 -1.152363
v 0.806464 -0.666252 -1.297392
v 0.807972 -0.668758 -1.406015
v 0.810320 -0.672660 -1.492202
v 0.813280 -0.677577 -1.547551
v 0.786122 -0.671090 -1.152363
v 0.790126 -0.672660 -1.297392
v 0.794073 -0.674209 -1.406015
v 0.800223 -0.676620 -1.492202
v 0.807972 -0.679659 -1.547551
v 0.816561 -0.683028 -1.579068
v 0.778936 -0.683028 -1.152363
v 0.783885 -0.683028 -1.297392
v 0.788765 -0.683028 -1.406015
v 0.796367 -0.683028 -1.492202
v 0.805944 -0.683028 -1.547551
v 0.786122 -0.694964 -1.152363
v 0.790126 -0.693395 -1.297392
v 0.794073 -0.691846 -1.406015
v 0.800223 -0.689434 -1.492202
v 0.807972 -0.686396 -1.547551
v 0.804934 -0.702342 -1.152363
v 0.806464 -0.699802 -1.297392
v 0.807972 -0.697297 -1.406015
v 0.810320 -0.693395 -1.492202
v 0.813280 -0.688478 -1.547551
v -0.799813 -0.300593 -1.152363
v -0.801342 -0.298052 -1.297392
v -0.802850 -0.295547 -1.406015
v -0.805198 -0.291646 -1.492202
v -0.808159 -0.286728 -1.547551
v -0.781000 -0.293216 -1.152363
v -0.785004 -0.291646 -1.297392
v -0.788952 -0.290097 -1.406015
v -0.795101 -0.287686 -1.492202
v -0.802850 -0.284647 -1.547551
v -0.773814 -0.281278 -1.152363
v -0.778763 -0.281278 -1.297392
v -0.783644 -0.281278 -1.406015
v -0.791243 -0.281278 -1.492202
v -0.800821 -0.281278 -1.547551
v -0.781000 -0.269341 -1.152363
v -0.785004 -0.270911 -1.297392
v -0.788952 -0.272459 -1.406015
v -0.795101 -0.274871 -1.492202
v -0.802850 -0.277910 -1.547551
v -0.799813 -0.261964 -1.152363
v -0.801342 -0.264504 -1.297392
v -0.802850 -0.267009 -1.406015
v -0.805198 -0.270911 -1.492202
v -0.808159 -0.275828 -1.547551
v -0.823066 -0.261964 -1.152363
v -0.821536 -0.264504 -1.297392
v -0.820028 -0.267009 -1.406015
v -0.817680 -0.270911 -1.492202
v -0.814720 -0.275828 -1.547551
v -0.841878 -0.269341 -1.152363
v -0.837874 -0.270911 -1.297392
v -0.833927 -0.272459 -1.406015
v -0.827777 -0.274871 -1.492202
v -0.820028 -0.277910 -1.547551
v -0.811439 -0.281278 -1.579068
v -0.849064 -0.281278 -1.152363
v -0.844115 -0.281278 -1.297392
v -0.839235 -0.281278 -1.406015
v -0.831633 -0.281278 -1.492202
v -0.822056 -0.281278 -1.547551
v -0.841878 -0.293216 -1.152363
v -0.837874 -0.291646 -1.297392
v -0.833927 -0.290097 -1.406015
v -0.827777 -0.287686 -1.492202
v -0.820028 -0.284647 -1.547551
v -0.823066 -0.300593 -1.152363
v -0.821536 -0.298052 -1.297392
v -0.820028 -0.295547 -1.406015
v -0.817680 -0.291646 -1.492202
v -0.814720 -0.286728 -1.547551
v -0.474213 -0.300593 -1.152363
v -0.475742 -0.298052 -1.297392
v -0.477250 -0.295547 -1.406015
v -0.479598 -0.291646 -1.492202
v -0.482559 -0.286728 -1.547551
v -0.455400 -0.293216 -1.152363
v -0.459404 -0.291646 -1.297392
v -0.463352 -0.290097 -1.406015
v -0.469501 -0.287686 -1.492202
v -0.477250 -0.284647 -1.547551
v -0.448214 -0.281278 -1.152363
v -0.453163 -0.281278 -1.297392
v -0.458044 -0.281278 -1.406015
v -0.465643 -0.281278 -1.492202
v -0.475221 -0.281278 -1.547551
v -0.455400 -0.269341 -1.152363
v -0.459404 -0.270911 -1.297392
v -0.463352 -0.272459 -1.406015
v -0.469501 -0.274871 -1.492202
v -0.477250 -0.277910 -1.547551
v -0.474213 -0.261964 -1.152363
v -0.475742 -0.264504 -1.297392
v -0.477250 -0.267009 -1.406015
v -0.479598 -0.270911 -1.492202
v -0.482559 -0.275828 -1.547551
v -0.497466 -0.261964 -1.152363
v -0.495936 -0.264504 -1.297392
v -0.494428 -0.267009 -1.406015
v -0.492080 -0.270911 -1.492202
v -0.489120 -0.275828 -1.547551
v -0.516278 -0.269341 -1.152363
v -0.512274 -0.270911 -1.297392
v -0.508327 -0.272459 -1.406015
v -0.502177 -0.274871 -1.492202
v -0.494428 -0.277910 -1.547551
v -0.485839 -0.281278 -1.579068
v -0.523465 -0.281278 -1.152363
v -0.518515 -0.281278 -1.297392
v -0.513635 -0.281278 -1.406015
v -0.506033 -0.281278 -1.492202
v -0.496456 -0.281278 -1.547551
v -0.516278 -0.293216 -1.152363
v -0.512274 -0.291646 -1.297392
v -0.508327 -0.290097 -1.406015
v -0.502177 -0.287686 -1.492202
v -0.494428 -0.284647 -1.547551
v -0.497466 -0.300593 -1.152363
v -0.495936 -0.298052 -1.297392
v -0.494428 -0.295547 -1.406015
v -0.492080 -0.291646 -1.492202
v -0.489120 -0.286728 -1.547551
v -0.148613 -0.300593 -1.152363
v -0.150142 -0.298052 -1.297392
v -0.151650 -0.295547 -1.406015
v -0.153998 -0.291646 -1.492202
v -0.156959 -0.286728 -1.547551
v -0.129800 -0.293216 -1.152363
v -0.133804 -0.291646 -1.297392
v -0.137752 -0.290097 -1.406015
v -0.143901 -0.287686 -1.492202
v -0.151650 -0.284647 -1.547551
v -0.122614 -0.281278 -1.152363
v -0.127563 -0.281278 -1.297392
v -0.132444 -0.281278 -1.406015
v -0.140043 -0.281278 -1.492202
v -0.149621 -0.281278 -1.547551
v -0.129800 -0.269341 -1.152363
v -0.133804 -0.270911 -1.297392
v -0.137752 -0.272459 -1.406015
v -0.143901 -0.274871 -1.492202
v -0.151650 -0.277910 -1.547551
v -0.148613 -0.261964 -1.152363
v -0.150142 -0.264504 -1.297392
v -0.151650 -0.267009 -1.406015
v -0.153998 -0.270911 -1.492202
v -0.156959 -0.275828 -1.547551
v -0.171866 -0.261964 -1.152363
v -0.170336 -0.264504 -1.297392
v -0.168828 -0.267009 -1.406015
v -0.166480 -0.270911 -1.492202
v -0.163520 -0.275828 -1.547551
v -0.190678 -0.269341 -1.152363
v -0.186674 -0.270911 -1.297392
v -0.182727 -0.272459 -1.406015
v -0.176577 -0.274871 -1.492202
v -0.168828 -0.277910 -1.547551
v -0.160239 -0.281278 -1.579068
v -0.197864 -0.281278 -1.152363
v -0.192915 -0.281278 -1.297392
v -0.188035 -0.281278 -1.406015
v -0.180433 -0.281278 -1.492202
v -0.170856 -0.281278 -1.547551
v -0.190678 -0.293216 -1.152363
v -0.186674 -0.291646 -1.297392
v -0.182727 -0.290097 -1.406015
v -0.176577 -0.287686 -1.492202
v -0.168828 -0.284647 -1.547551
v -0.171866 -0.300593 -1.152363
v -0.170336 -0.298052 -1.297392
v -0.168828 -0.295547 -1.406015
v -0.166480 -0.291646 -1.492202
v -0.163520 -0.286728 -1.547551
v 0.176987 -0.300593 -1.152363
v 0.175458 -0.298052 -1.297392
v 0.173950 -0.295547 -1.406015
v 0.171602 -0.291646 -1.492202
v 0.168641 -0.286728 -1.547551
v 0.195800 -0.293216 -1.152363
v 0.191796 -0.291646 -1.297392
v 0.187848 -0.290097 -1.406015
v 0.181699 -0.287686 -1.492202
v 0.173950 -0.284647 -1.547551
v 0.202986 -0.281278 -1.152363
v 0.198037 -0.281278 -1.297392
v 0.193156 -0.281278 -1.406015
v 0.185557 -0.281278 -1.492202
v 0.175979 -0.281278 -1.547551
v 0.195800 -0.269341 -1.152363
v 0.191796 -0.270911 -1.297392
v 0.187848 -0.272459 -1.406015
v 0.181699 -0.274871 -1.492202
v 0.173950 -0.277910 -1.547551
v 0.176987 -0.261964 -1.152363
v 0.175458 -0.264504 -1.297392
v 0.173950 -0.267009 -1.406015
v 0.171602 -0.270911 -1.492202
v 0.168641 -0.275828 -1.547551
v 0.153734 -0.261964 -1.152363
v 0.155264 -0.264504 -1.297392
v 0.156772 -0.267009 -1.406015
v 0.159120 -0.270911 -1.492202
v 0.162080 -0.275828 -1.547551
v 0.134922 -0.269341 -1.152363
v 0.138926 -0.270911 -1.297392
v 0.142873 -0.272459 -1.406015
v 0.149023 -0.274871 -1.492202
v 0.156772 -0.277910 -1.547551
v 0.165361 -0.281278 -1.579068
v 0.127736 -0.281278 -1.152363
v 0.132685 -0.281278 -1.297392
v 0.137565 -0.281278 -1.406015
v 0.145167 -0.281278 -1.492202
v 0.154744 -0.281278 -1.547551
v 0.134922 -0.293216 -1.152363
v 0.138926 -0.291646 -1.297392
v 0.142873 -0.290097 -1.406015
v 0.149023 -0.287686 -1.492202
v 0.156772 -0.284647 -1.547551
v 0.153734 -0.300593 -1.152363
v 0.155264 -0.298052 -1.297392
v 0.156772 -0.295547 -1.406015
v 0.159120 -0.291646 -1.492202
v 0.162080 -0.286728 -1.547551
v 0.502587 -0.300593 -1.152363
v 0.501058 -0.298052 -1.297392
v 0.499550 -0.295547 -1.406015
v 0.497202 -0.291646 -1.492202
v 0.494241 -0.286728 -1.547551
v 0.521400 -0.293216 -1.152363
v 0.517396 -0.291646 -1.297392
v 0.513448 -0.290097 -1.406015
v 0.507299 -0.287686 -1.492202
v 0.499550 -0.284647 -1.547551
v 0.528586 -0.281278 -1.152363
v 0.523637 -0.281278 -1.297392
v 0.518757 -0.281278 -1.406015
v 0.511157 -0.281278 -1.492202
v 0.501579 -0.281278 -1.547551
v 0.521400 -0.269341 -1.152363
v 0.517396 -0.270911 -1.297392
v 0.513448 -0.272459 -1.406015
v 0.507299 -0.274871 -1.492202
v 0.499550 -0.277910 -1.547551
v 0.502587 -0.261964 -1.152363
v 0.501058 -0.264504 -1.297392
v 0.499550 -0.267009 -1.406015
v 0.497202 -0.270911 -1.492202
v 0.494241 -0.275828 -1.547551
v 0.479334 -0.261964 -1.152363
v 0.480864 -0.264504 -1.297392
v 0.482372 -0.267009 -1.406015
v 0.484720 -0.270911 -1.492202
v 0.487680 -0.275828 -1.547551
v 0.460522 -0.269341 -1.152363
v 0.464526 -0.270911 -1.297392
v 0.468473 -0.272459 -1.406015
v 0.474623 -0.274871 -1.492202
v 0.482372 -0.277910 -1.547551
v 0.490961 -0.281278 -1.579068
v 0.453336 -0.281278 -1.152363
v 0.458285 -0.281278 -1.297392
v 0.463165 -0.281278 -1.406015
v 0.470765 -0.281278 -1.492202
v 0.480344 -0.281278 -1.547551
v 0.460522 -0.293216 -1.152363
v 0.464526 -0.291646 -1.297392
v 0.468473 -0.290097 -1.406015
v 0.474623 -0.287686 -1.492202
v 0.482372 -0.284647 -1.547551
v 0.479334 -0.300593 -1.152363
v 0.480864 -0.298052 -1.297392
v 0.482372 -0.295547 -1.406015
v 0.484720 -0.291646 -1.492202
v 0.487680 -0.286728 -1.547551
v 0.828187 -0.300593 -1.152363
v 0.826658 -0.298052 -1.297392
v 0.825150 -0.295547 -1.406015
v 0.822802 -0.291646 -1.492202
v 0.819841 -0.286728 -1.547551
v 0.847000 -0.293216 -1.152363
v 0.842996 -0.291646 -1.297392
v 0.839048 -0.290097 -1.406015
v 0.832899 -0.287686 -1.492202
v 0.825150 -0.284647 -1.547551
v 0.854186 -0.281278 -1.152363
v 0.849237 -0.281278 -1.297392
v 0.844356 -0.281278 -1.406015
v 0.836755 -0.281278 -1.492202
v 0.827179 -0.281278 -1.547551
v 0.847000 -0.269341 -1.152363
v 0.842996 -0.270911 -1.297392
v 0.839048 -0.272459 -1.406015
v 0.832899 -0.274871 -1.492202
v 0.825150 -0.277910 -1.547551
v 0.828187 -0.261964 -1.152363
v 0.826658 -0.264504 -1.297392
v 0.825150 -0.267009 -1.406015
v 0.822802 -0.270911 -1.492202
v 0.819841 -0.275828 -1.547551
v 0.804934 -0.261964 -1.152363
v 0.806464 -0.264504 -1.297392
v 0.807972 -0.267009 -1.406015
v 0.810320 -0.270911 -1.492202
v 0.813280 -0.275828 -1.547551
v 0.786122 -0.269341 -1.152363
v 0.790126 -0.270911 -1.297392
v 0.794073 -0.272459 -1.406015
v 0.800223 -0.274871 -1.492202
v 0.807972 -0.277910 -1.547551
v 0.816561 -0.281278 -1.579068
v 0.778936 -0.281278 -1.152363
v 0.783885 -0.281278 -1.297392
v 0.788765 -0.281278 -1.406015
v 0.796367 -0.281278 -1.492202
v 0.805944 -0.281278 -1.547551
v 0.786122 -0.293216 -1.152363
v 0.790126 -0.291646 -1.297392
v 0.794073 -0.290097 -1.406015
v 0.800223 -0.287686 -1.492202
v 0.807972 -0.284647 -1.547551
v 0.804934 -0.300593 -1.152363
v 0.806464 -0.298052 -1.297392
v 0.807972 -0.295547 -1.406015
v 0.810320 -0.291646 -1.492202
v 0.813280 -0.286728 -1.547551
v -0.799813 0.101156 -1.152363
v -0.801342 0.103696 -1.297392
v -0.802850 0.106201 -1.406015
v -0.805198 0.110104 -1.492202
v -0.808159 0.115020 -1.547551
v -0.781000 0.108533 -1.152363
v -0.785004 0.110104 -1.297392
v -0.788952 0.111652 -1.406015
v -0.795101 0.114063 -1.492202
v -0.802850 0.117102 -1.547551
v -0.773814 0.120471 -1.152363
v -0.778763 0.120471 -1.297392
v -0.783644 0.120471 -1.406015
v -0.791243 0.120471 -1.492202
v -0.800821 0.120471 -1.547551
v -0.781000 0.132408 -1.152363
v -0.785004 0.130838 -1.297392
v -0.788952 0.129290 -1.406015
v -0.795101 0.126878 -1.492202
v -0.802850 0.123839 -1.547551
v -0.799813 0.139785 -1.152363
v -0.801342 0.137245 -1.297392
v -0.802850 0.134740 -1.406015
v -0.805198 0.130838 -1.492202
v -0.808159 0.125921 -1.547551
v -0.823066 0.139785 -1.152363
v -0.821536 0.137245 -1.297392
v -0.820028 0.134740 -1.406015
v -0.817680 0.130838 -1.492202
v -0.814720 0.125921 -1.547551
v -0.841878 0.132408 -1.152363
v -0.837874 0.130838 -1.297392
v -0.833927 0.129290 -1.406015
v -0.827777 0.126878 -1.492202
v -0.820028 0.123839 -1.547551
v -0.811439 0.120471 -1.579068
v -0.849064 0.120471 -1.152363
v -0.844115 0.120471 -1.297392
v -0.839235 0.120471 -1.406015
v -0.831633 0.120471 -1.492202
v -0.822056 0.120471 -1.547551
v -0.841878 0.108533 -1.152363
v -0.837874 0.110104 -1.297392
v -0.833927 0.111652 -1.406015
v -0.827777 0.114063 -1.492202
v -0.820028 0.117102 -1.547551
v -0.823066 0.101156 -1.152363
v -0.821536 0.103696 -1.297392
v -0.820028 0.106201 -1.406015
v -0.817680 0.110104 -1.492202
v -0.814720 0.115020 -1.547551
v -0.474213 0.101156 -1.152363
v -0.475742 0.103696 -1.297392
v -0.477250 0.106201 -1.406015
v -0.479598 0.110104 -1.492202
v -0.482559 0.115020 -1.547551
v -0.455400 0.108533 -1.152363
v -0.459404 0.110104 -1.297392
v -0.463352 0.111652 -1.406015
v -0.469501 0.114063 -1.492202
v -0.477250 0.117102 -1.547551
v -0.448214 0.120471 -1.152363
v -0.453163 0.120471 -1.297392
v -0.458044 0.120471 -1.406015
v -0.465643 0.120471 -1.492202
v -0.475221 0.120471 -1.547551
v -0.455400 0.132408 -1.152363
v -0.459404 0.130838 -1.297392
v -0.463352 0.129290 -1.406015
v -0.469501 0.126878 -1.492202
v -0.477250 0.123839 -1.547551
v -0.474213 0.139785 -1.152363
v -0.475742 0.137245 -1.297392
v -0.477250 0.134740 -1.406015
v -0.479598 0.130838 -1.492202
v -0.482559 0.125921 -1.547551
v -0.497466 0.139785 -1.152363
v -0.495936 0.137245 -1.297392
v -0.494428 0.134740 -1.406015
v -0.492080 0.130838 -1.492202
v -0.489120 0.125921 -1.547551
v -0.516278 0.132408 -1.152363
v -0.512274 0.130838 -1.297392
v -0.508327 0.129290 -1.406015
v -0.502177 0.126878 -1.492202
v -0.494428 0.123839 -1.547551
v -0.485839 0.120471 -1.579068
v -0.523465 0.120471 -1.152363
v -0.518515 0.120471 -1.297392
v -0.513635 0.120471 -1.406015
v -0.506033 0.120471 -1.492202
v -0.496456 0.120471 -1.547551
v -0.516278 0.108533 -1.152363
v -0.512274 0.110104 -1.297392
v -0.508327 0.111652 -1.406015
v -0.502177 0.114063 -1.492202
v -0.494428 0.117102 -1.547551
v -0.497466 0.101156 -1.152363
v -0.495936 0.103696 -1.297392
v -0.494428 0.106201 -1.406015
v -0.492080 0.110104 -1.492202
v -0.489120 0.115020 -1.547551
v -0.148613 0.101156 -1.152363
v -0.150142 0.103696 -1.297392
v -0.151650 0.106201 -1.406015
v -0.153998 0.110104 -1.492202
v -0.156959 0.115020 -1.547551
v -0.129800 0.108533 -1.152363
v -0.133804 0.110104 -1.297392
v -0.137752 0.111652 -1.406015
v -0.143901 0.114063 -1.492202
v -0.151650 0.117102 -1.547551
v -0.122614 0.120471 -1.152363
v -0.127563 0.120471 -1.297392
v -0.132444 0.120471 -1.406015
v -0.140043 0.120471 -1.492202
v -0.149621 0.120471 -1.547551
v -0.129800 0.132408 -1.152363
v -0.133804 0.130838 -1.297392
v -0.137752 0.129290 -1.406015
v -0.143901 0.126878 -1.492202
v -0.151650 0.123839 -1.547551
v -0.148613 0.139785 -1.152363
v -0.150142 0.137245 -1.297392
v -0.151650 0.134740 -1.406015
v -0.153998 0.130838 -1.492202
v -0.156959 0.125921 -1.547551
v -0.171866 0.139785 -1.152363
v -0.170336 0.137245 -1.297392
v -0.168828 0.134740 -1.406015
v -0.166480 0.130838 -1.492202
v -0.163520 0.125921 -1.547551
v -0.190678 0.132408 -1.152363
v -0.186674 0.130838 -1.297392
v -0.182727 0.129290 -1.406015
v -0.176577 0.126878 -1.492202
v -0.168828 0.123839 -1.547551
v -0.160239 0.120471 -1.579068
v -0.197864 0.120471 -1.152363
v -0.192915 0.120471 -1.297392
v -0.188035 0.120471 -1.406015
v -0.180433 0.120471 -1.492202
v -0.170856 0.120471 -1.547551
v -0.190678 0.108533 -1.152363
v -0.186674 0.110104 -1.297392
v -0.182727 0.111652 -1.406015
v -0.176577 0.114063 -1.492202
v -0.168828 0.117102 -1.547551
v -0.171866 0.101156 -1.152363
v -0.170336 0.103696 -1.297392
v -0.168828 0.106201 -1.406015
v -0.166480 0.110104 -1.492202
v -0.163520 0.115020 -1.547551
v 0.176987 0.101156 -1.152363
v 0.175458 0.103696 -1.297392
v 0.173950 0.106201 -1.406015
v 0.171602 0.110104 -1.492202
v 0.168641 0.115020 -1.547551
v 0.195800 0.108533 -1.152363
v 0.191796 0.110104 -1.297392
v 0.187848 0.111652 -1.406015
v 0.181699 0.114063 -1.492202
v 0.173950 0.117102 -1.547551
v 0.202986 0.120471 -1.152363
v 0.198037 0.120471 -1.297392
v 0.193156 0.120471 -1.406015
v 0.185557 0.120471 -1.492202
v 0.175979 0.120471 -1.547551
v 0.195800 0.132408 -1.152363
v 0.191796 0.130838 -1.297392
v 0.187848 0.129290 -1.406015
v 0.181699 0.126878 -1.492202
v 0.173950 0.123839 -1.547551
v 0.176987 0.139785 -1.152363
v 0.175458 0.137245 -1.297392
v 0.173950 0.134740 -1.406015
v 0.171602 0.130838 -1.492202
v 0.168641 0.125921 -1.547551
v 0.153734 0.139785 -1.152363
v 0.155264 0.137245 -1.297392
v 0.156772 0.134740 -1.406015
v 0.159120 0.130838 -1.492202
v 0.162080 0.125921 -1.547551
v 0.134922 0.132408 -1.152363
v 0.138926 0.130838 -1.297392
v 0.142873 0.129290 -1.406015
v 0.149023 0.126878 -1.492202
v 0.156772 0.123839 -1.547551
v 0.165361 0.120471 -1.579068
v 0.127736 0.120471 -1.152363
v 0.132685 0.120471 -1.297392
v 0.137565 0.120471 -1.406015
v 0.145167 0.120471 -1.492202
v 0.154744 0.120471 -1.547551
v 0.134922 0.108533 -1.152363
v 0.138926 0.110104 -1.297392
v 0.142873 0.111652 -1.406015
v 0.149023 0.114063 -1.492202
v 0.156772 0.117102 -1.547551
v 0.153734 0.101156 -1.152363
v 0.155264 0.103696 -1.297392
v 0.156772 0.106201 -1.406015
v 0.159120 0.110104 -1.492202
v 0.162080 0.115020 -1.547551
v 0.502587 0.101156 -1.152363
v 0.501058 0.103696 -1.297392
v 0.499550 0.106201 -1.406015
v 0.497202 0.110104 -1.492202
v 0.494241 0.115020 -1.547551
v 0.521400 0.108533 -1.152363
v 0.517396 0.110104 -1.297392
v 0.513448 0.111652 -1.406015
v 0.507299 0.114063 -1.492202
v 0.499550 0.117102 -1.547551
v 0.528586 0.120471 -1.152363
v 0.523637 0.120471 -1.297392
v 0.518757 0.120471 -1.406015
v 0.511157 0.120471 -1.492202
v 0.501579 0.120471 -1.547551
v 0.521400 0.132408 -1.152363
v 0.517396 0.130838 -1.297392
v 0.513448 0.129290 -1.406015
v 0.507299 0.126878 -1.492202
v 0.499550 0.123839 -1.547551
v 0.502587 0.139785 -1.152363
v 0.501058 0.137245 -1.297392
v 0.499550 0.134740 -1.406015
v 0.497202 0.130838 -1.492202
v 0.494241 0.125921 -1.547551
v 0.479334 0.139785 -1.152363
v 0.480864 0.137245 -1.297392
v 0.482372 0.134740 -1.406015
v 0.484720 0.130838 -1.492202
v 0.487680 0.125921 -1.547551
v 0.460522 0.132408 -1.152363
v 0.464526 0.130838 -1.297392
v 0.468473 0.129290 -1.406015
v 0.474623 0.126878 -1.492202
v 0.482372 0.123839 -1.547551
v 0.490961 0.120471 -1.579068
v 0.453336 0.120471 -1.152363
v 0.458285 0.120471 -1.297392
v 0.463165 0.120471 -1.406015
v 0.470765 0.120471 -1.492202
v 0.480344 0.120471 -1.547551
v 0.460522 0.108533 -1.152363
v 0.464526 0.110104 -1.297392
v 0.468473 0.111652 -1.406015
v 0.474623 0.114063 -1.492202
v 0.482372 0.117102 -1.547551
v 0.479334 0.101156 -1.152363
v 0.480864 0.103696 -1.297392
v 0.482372 0.106201 -1.406015
v 0.484720 0.110104 -1.492202
v 0.487680 0.115020 -1.547551
v -0.799813 0.502905 -1.152363
v -0.801342 0.505445 -1.297392
v -0.802850 0.507950 -1.406015
v -0.805198 0.511852 -1.492202
v -0.808159 0.516769 -1.547551
v -0.781000 0.510283 -1.152363
v -0.785004 0.511852 -1.297392
v -0.788952 0.513401 -1.406015
v -0.795101 0.515813 -1.492202
v -0.802850 0.518852 -1.547551
v -0.773814 0.522219 -1.152363
v -0.778763 0.522219 -1.297392
v -0.783644 0.522219 -1.406015
v -0.791243 0.522219 -1.492202
v -0.800821 0.522219 -1.547551
v -0.781000 0.534157 -1.152363
v -0.785004 0.532587 -1.297392
v -0.788952 0.531038 -1.406015
v -0.795101 0.528627 -1.492202
v -0.802850 0.525588 -1.547551
v -0.799813 0.541535 -1.152363
v -0.801342 0.538994 -1.297392
v -0.802850 0.536489 -1.406015
v -0.805198 0.532587 -1.492202
v -0.808159 0.527671 -1.547551
v -0.823066 0.541535 -1.152363
v -0.821536 0.538994 -1.297392
v -0.820028 0.536489 -1.406015
v -0.817680 0.532587 -1.492202
v -0.814720 0.527671 -1.547551
v -0.841878 0.534157 -1.152363
v -0.837874 0.532587 -1.297392
v -0.833927 0.531038 -1.406015
v -0.827777 0.528627 -1.492202
v -0.820028 0.525588 -1.547551
v -0.811439 0.522219 -1.579068
v -0.849064 0.522219 -1.152363
v -0.844115 0.522219 -1.297392
v -0.839235 0.522219 -1.406015
v -0.831633 0.522219 -1.492202
v -0.822056 0.522219 -1.547551
v -0.841878 0.510283 -1.152363
v -0.837874 0.511852 -1.297392
v -0.833927 0.513401 -1.406015
v -0.827777 0.515813 -1.492202
v -0.820028 0.518852 -1.547551
v -0.823066 0.502905 -1.152363
v -0.821536 0.505445 -1.297392
v -0.820028 0.507950 -1.406015
v -0.817680 0.511852 -1.492202
v -0.814720 0.516769 -1.547551
v -0.474213 0.502905 -1.152363
v -0.475742 0.505445 -1.297392
v -0.477250 0.507950 -1.406015
v -0.479598 0.511852 -1.492202
v -0.482559 0.516769 -1.547551
v -0.455400 0.510283 -1.152363
v -0.459404 0.511852 -1.297392
v -0.463352 0.513401 -1.406015
v -0.469501 0.515813 -1.492202
v -0.477250 0.518852 -1.547551
v -0.448214 0.522219 -1.152363
v -0.453163 0.522219 -1.297392
v -0.458044 0.522219 -1.406015
v -0.465643 0.522219 -1.492202
v -0.475221 0.522219 -1.547551
v -0.455400 0.534157 -1.152363
v -0.459404 0.532587 -1.297392
v -0.463352 0.531038 -1.406015
v -0.469501 0.528627 -1.492202
v -0.477250 0.525588 -1.547551
v -0.474213 0.541535 -1.152363
v -0.475742 0.538994 -1.297392
v -0.477250 0.536489 -1.406015
v -0.479598 0.532587 -1.492202
v -0.482559 0.527671 -1.547551
v -0.497466 0.541535 -1.152363
v -0.495936 0.538994 -1.297392
v -0.494428 0.536489 -1.406015
v -0.492080 0.532587 -1.492202
v -0.489120 0.527671 -1.547551
v -0.516278 0.534157 -1.152363
v -0.512274 0.532587 -1.297392
v -0.508327 0.531038 -1.406015
v -0.502177 0.528627 -1.492202
v -0.494428 0.525588 -1.547551
v -0.485839 0.522219 -1.579068
v -0.523465 0.522219 -1.152363
v -0.518515 0.522219 -1.297392
v -0.513635 0.522219 -1.406015
v -0.506033 0.522219 -1.492202
v -0.496456 0.522219 -1.547551
v -0.516278 0.510283 -1.152363
v -0.512274 0.511852 -1.297392
v -0.508327 0.513401 -1.406015
v -0.502177 0.515813 -1.492202
v -0.494428 0.518852 -1.547551
v -0.497466 0.502905 -1.152363
v -0.495936 0.505445 -1.297392
v -0.494428 0.507950 -1.406015
v -0.492080 0.511852 -1.492202
v -0.489120 0.516769 -1.547551
v 0.502587 0.502905 -1.152363
v 0.501058 0.505445 -1.297392
v 0.499550 0.507950 -1.406015
v 0.497202 0.511852 -1.492202
v 0.494241 0.516769 -1.547551
v 0.521400 0.510283 -1.152363
v 0.517396 0.511852 -1.297392
v 0.513448 0.513401 -1.406015
v 0.507299 0.515813 -1.492202
v 0.499550 0.518852 -1.547551
v 0.528586 0.522219 -1.152363
v 0.523637 0.522219 -1.297392
v 0.518757 0.522219 -1.406015
v 0.511157 0.522219 -1.492202
v 0.501579 0.522219 -1.547551
v 0.521400 0.534157 -1.152363
v 0.517396 0.532587 -1.297392
v 0.513448 0.531038 -1.406015
v 0.507299 0.528627 -1.492202
v 0.499550 0.525588 -1.547551
v 0.502587 0.541535 -1.152363
v 0.501058 0.538994 -1.297392
v 0.499550 0.536489 -1.406015
v 0.497202 0.532587 -1.492202
v 0.494241 0.527671 -1.547551
v 0.479334 0.541535 -1.152363
v 0.480864 0.538994 -1.297392
v 0.482372 0.536489 -1.406015
v 0.484720 0.532587 -1.492202
v 0.487680 0.527671 -1.547551
v 0.460522 0.534157 -1.152363
v 0.464526 0.532587 -1.297392
v 0.468473 0.531038 -1.406015
v 0.474623 0.528627 -1.492202
v 0.482372 0.525588 -1.547551
v 0.490961 0.522219 -1.579068
v 0.453336 0.522219 -1.152363
v 0.458285 0.522219 -1.297392
v 0.463165 0.522219 -1.406015
v 0.470765 0.522219 -1.492202
v 0.480344 0.522219 -1.547551
v 0.460522 0.510283 -1.152363
v 0.464526 0.511852 -1.297392
v 0.468473 0.513401 -1.406015
v 0.474623 0.515813 -1.492202
v 0.482372 0.518852 -1.547551
v 0.479334 0.502905 -1.152363
v 0.480864 0.505445 -1.297392
v 0.482372 0.507950 -1.406015
v 0.484720 0.511852 -1.492202
v 0.487680 0.516769 -1.547551
v 0.828187 0.502905 -1.152363
v 0.826658 0.505445 -1.297392
v 0.825150 0.507950 -1.406015
v 0.822802 0.511852 -1.492202
v 0.819841 0.516769 -1.547551
v 0.847000 0.510283 -1.152363
v 0.842996 0.511852 -1.297392
v 0.839048 0.513401 -1.406015
v 0.832899 0.515813 -1.492202
v 0.825150 0.518852 -1.547551
v 0.854186 0.522219 -1.152363
v 0.849237 0.522219 -1.297392
v 0.844356 0.522219 -1.406015
v 0.836755 0.522219 -1.492202
v 0.827179 0.522219 -1.547551
v 0.847000 0.534157 -1.152363
v 0.842996 0.532587 -1.297392
v 0.839048 0.531038 -1.406015
v 0.832899 0.528627 -1.492202
v 0.825150 0.525588 -1.547551
v 0.828187 0.541535 -1.152363
v 0.826658 0.538994 -1.297392
v 0.825150 0.536489 -1.406015
v 0.822802 0.532587 -1.492202
v 0.819841 0.527671 -1.547551
v 0.804934 0.541535 -1.152363
v 0.806464 0.538994 -1.297392
v 0.807972 0.536489 -1.406015
v 0.810320 0.532587 -1.492202
v 0.813280 0.527671 -1.547551
v 0.786122 0.534157 -1.152363
v 0.790126 0.532587 -1.297392
v 0.794073 0.531038 -1.406015
v 0.800223 0.528627 -1.492202
v 0.807972 0.525588 -1.547551
v 0.816561 0.522219 -1.579068
v 0.778936 0.522219 -1.152363
v 0.783885 0.522219 -1.297392
v 0.788765 0.522219 -1.406015
v 0.796367 0.522219 -1.492202
v 0.805944 0.522219 -1.547551
v 0.786122 0.510283 -1.152363
v 0.790126 0.511852 -1.297392
v 0.794073 0.513401 -1.406015
v 0.800223 0.515813 -1.492202
v 0.807972 0.518852 -1.547551
v 0.804934 0.502905 -1.152363
v 0.806464 0.505445 -1.297392
v 0.807972 0.507950 -1.406015
v 0.810320 0.511852 -1.492202
v 0.813280 0.516769 -1.547551
v -0.799813 0.888101 -1.152363
v -0.801342 0.890640 -1.297392
v -0.802850 0.893146 -1.406015
v -0.805198 0.897048 -1.492202
v -0.808159 0.901965 -1.547551
v -0.781000 0.895478 -1.152363
v -0.785004 0.897048 -1.297392
v -0.788952 0.898596 -1.406015
v -0.795101 0.901007 -1.492202
v -0.802850 0.904046 -1.547551
v -0.773814 0.907415 -1.152363
v -0.778763 0.907415 -1.297392
v -0.783644 0.907415 -1.406015
v -0.791243 0.907415 -1.492202
v -0.800821 0.907415 -1.547551
v -0.781000 0.919352 -1.152363
v -0.785004 0.917782 -1.297392
v -0.788952 0.916234 -1.406015
v -0.795101 0.913823 -1.492202
v -0.802850 0.910784 -1.547551
v -0.799813 0.926730 -1.152363
v -0.801342 0.924189 -1.297392
v -0.802850 0.921685 -1.406015
v -0.805198 0.917782 -1.492202
v -0.808159 0.912865 -1.547551
v -0.823066 0.926730 -1.152363
v -0.821536 0.924189 -1.297392
v -0.820028 0.921685 -1.406015
v -0.817680 0.917782 -1.492202
v -0.814720 0.912865 -1.547551
v -0.841878 0.919352 -1.152363
v -0.837874 0.917782 -1.297392
v -0.833927 0.916234 -1.406015
v -0.827777 0.913823 -1.492202
v -0.820028 0.910784 -1.547551
v -0.811439 0.907415 -1.579068
v -0.849064 0.907415 -1.152363
v -0.844115 0.907415 -1.297392
v -0.839235 0.907415 -1.406015
v -0.831633 0.907415 -1.492202
v -0.822056 0.907415 -1.547551
v -0.841878 0.895478 -1.152363
v -0.837874 0.897048 -1.297392
v -0.833927 0.898596 -1.406015
v -0.827777 0.901007 -1.492202
v -0.820028 0.904046 -1.547551
v -0.823066 0.888101 -1.152363
v -0.821536 0.890640 -1.297392
v -0.820028 0.893146 -1.406015
v -0.817680 0.897048 -1.492202
v -0.814720 0.901965 -1.547551
v -0.474213 0.888101 -1.152363
v -0.475742 0.890640 -1.297392
v -0.477250 0.893146 -1.406015
v -0.479598 0.897048 -1.492202
v -0.482559 0.901965 -1.547551
v -0.455400 0.895478 -1.152363
v -0.459404 0.897048 -1.297392
v -0.463352 0.898596 -1.406015
v -0.469501 0.901007 -1.492202
v -0.477250 0.904046 -1.547551
v -0.448214 0.907415 -1.152363
v -0.453163 0.907415 -1.297392
v -0.458044 0.907415 -1.406015
v -0.465643 0.907415 -1.492202
v -0.475221 0.907415 -1.547551
v -0.455400 0.919352 -1.152363
v -0.459404 0.917782 -1.297392
v -0.463352 0.916234 -1.406015
v -0.469501 0.913823 -1.492202
v -0.477250 0.910784 -1.547551
v -0.474213 0.926730 -1.152363
v -0.475742 0.924189 -1.297392
v -0.477250 0.921685 -1.406015
v -0.479598 0.917782 -1.492202
v -0.482559 0.912865 -1.547551
v -0.497466 0.926730 -1.152363
v -0.495936 0.924189 -1.297392
v -0.494428 0.921685 -1.406015
v -0.492080 0.917782 -1.492202
v -0.489120 0.912865 -1.547551
v -0.516278 0.919352 -1.152363
v -0.512274 0.917782 -1.297392
v -0.508327 0.916234 -1.406015
v -0.502177 0.913823 -1.492202
v -0.494428 0.910784 -1.547551
v -0.485839 0.907415 -1.579068
v -0.523465 0.907415 -1.152363
v -0.518515 0.907415 -1.297392
v -0.513635 0.907415 -1.406015
v -0.506033 0.907415 -1.492202
v -0.496456 0.907415 -1.547551
v -0.516278 0.895478 -1.152363
v -0.512274 0.897048 -1.297392
v -0.508327 0.898596 -1.406015
v -0.502177 0.901007 -1.492202
v -0.494428 0.904046 -1.547551
v -0.497466 0.888101 -1.152363
v -0.495936 0.890640 -1.297392
v -0.494428 0.893146 -1.406015
v -0.492080 0.897048 -1.492202
v -0.489120 0.901965 -1.547551
v -0.148613 0.888101 -1.152363
v -0.150142 0.890640 -1.297392
v -0.151650 0.893146 -1.406015
v -0.153998 0.897048 -1.492202
v -0.156959 0.901965 -1.547551
v -0.129800 0.895478 -1.152363
v -0.133804 0.897048 -1.297392
v -0.137752 0.898596 -1.406015
v -0.143901 0.901007 -1.492202
v -0.151650 0.904046 -1.547551
v -0.122614 0.907415 -1.152363
v -0.127563 0.907415 -1.297392
v -0.132444 0.907415 -1.406015
v -0.140043 0.907415 -1.492202
v -0.149621 0.907415 -1.547551
v -0.129800 0.919352 -1.152363
v -0.133804 0.917782 -1.297392
v -0.137752 0.916234 -1.406015
v -0.143901 0.913823 -1.492202
v -0.151650 0.910784 -1.547551
v -0.148613 0.926730 -1.152363
v -0.150142 0.924189 -1.297392
v -0.151650 0.921685 -1.406015
v -0.153998 0.917782 -1.492202
v -0.156959 0.912865 -1.547551
v -0.171866 0.926730 -1.152363
v -0.170336 0.924189 -1.297392
v -0.168828 0.921685 -1.406015
v -0.166480 0.917782 -1.492202
v -0.163520 0.912865 -1.547551
v -0.190678 0.919352 -1.152363
v -0.186674 0.917782 -1.297392
v -0.182727 0.916234 -1.406015
v -0.176577 0.913823 -1.492202
v -0.168828 0.910784 -1.547551
v -0.160239 0.907415 -1.579068
v -0.197864 0.907415 -1.152363
v -0.192915 0.907415 -1.297392
v -0.188035 0.907415 -1.406015
v -0.180433 0.907415 -1.492202
v -0.170856 0.907415 -1.547551
v -0.190678 0.895478 -1.152363
v -0.186674 0.897048 -1.297392
v -0.182727 0.898596 -1.406015
v -0.176577 0.901007 -1.492202
v -0.168828 0.904046 -1.547551
v -0.171866 0.888101 -1.152363
v -0.170336 0.890640 -1.297392
v -0.168828 0.893146 -1.406015
v -0.166480 0.897048 -1.492202
v -0.163520 0.901965 -1.547551
v 0.176987 0.888101 -1.152363
v 0.175458 0.890640 -1.297392
v 0.173950 0.893146 -1.406015
v 0.171602 0.897048 -1.492202
v 0.168641 0.901965 -1.547551
v 0.195800 0.895478 -1.152363
v 0.191796 0.897048 -1.297392
v 0.187848 0.898596 -1.406015
v 0.181699 0.901007 -1.492202
v 0.173950 0.904046 -1.547551
v 0.202986 0.907415 -1.152363
v 0.198037 0.907415 -1.297392
v 0.193156 0.907415 -1.406015
v 0.185557 0.907415 -1.492202
v 0.175979 0.907415 -1.547551
v 0.195800 0.919352 -1.152363
v 0.191796 0.917782 -1.297392
v 0.187848 0.916234 -1.406015
v 0.181699 0.913823 -1.492202
v 0.173950 0.910784 -1.547551
v 0.176987 0.926730 -1.152363
v 0.175458 0.924189 -1.297392
v 0.173950 0.921685 -1.406015
v 0.171602 0.917782 -1.492202
v 0.168641 0.912865 -1.547551
v 0.153734 0.926730 -1.152363
v 0.155264 0.924189 -1.297392
v 0.156772 0.921685 -1.406015
v 0.159120 0.917782 -1.492202
v 0.162080 0.912865 -1.547551
v 0.134922 0.919352 -1.152363
v 0.138926 0.917782 -1.297392
v 0.142873 0.916234 -1.406015
v 0.149023 0.913823 -1.492202
v 0.156772 0.910784 -1.547551
v 0.165361 0.907415 -1.579068
v 0.127736 0.907415 -1.152363
v 0.132685 0.907415 -1.297392
v 0.137565 0.907415 -1.406015
v 0.145167 0.907415 -1.492202
v 0.154744 0.907415 -1.547551
v 0.134922 0.895478 -1.152363
v 0.138926 0.897048 -1.297392
v 0.142873 0.898596 -1.406015
v 0.149023 0.901007 -1.492202
v 0.156772 0.904046 -1.547551
v 0.153734 0.888101 -1.152363
v 0.155264 0.890640 -1.297392
v 0.156772 0.893146 -1.406015
v 0.159120 0.897048 -1.492202
v 0.162080 0.901965 -1.547551
v 0.502587 0.888101 -1.152363
v 0.501058 0.890640 -1.297392
v 0.499550 0.893146 -1.406015
v 0.497202 0.897048 -1.492202
v 0.494241 0.901965 -1.547551
v 0.521400 0.895478 -1.152363
v 0.517396 0.897048 -1.297392
v 0.513448 0.898596 -1.406015
v 0.507299 0.901007 -1.492202
v 0.499550 0.904046 -1.547551
v 0.528586 0.907415 -1.152363
v 0.523637 0.907415 -1.297392
v 0.518757 0.907415 -1.406015
v 0.511157 0.907415 -1.492202
v 0.501579 0.907415 -1.547551
v 0.521400 0.919352 -1.152363
v 0.517396 0.917782 -1.297392
v 0.513448 0.916234 -1.406015
v 0.507299 0.913823 -1.492202
v 0.499550 0.910784 -1.547551
v 0.502587 0.926730 -1.152363
v 0.501058 0.924189 -1.297392
v 0.499550 0.921685 -1.406015
v 0.497202 0.917782 -1.492202
v 0.494241 0.912865 -1.547551
v 0.479334 0.926730 -1.152363
v 0.480864 0.924189 -1.297392
v 0.482372 0.921685 -1.406015
v 0.484720 0.917782 -1.492202
v 0.487680 0.912865 -1.547551
v 0.460522 0.919352 -1.152363
v 0.464526 0.917782 -1.297392
v 0.468473 0.916234 -1.406015
v 0.474623 0.913823 -1.492202
v 0.482372 0.910784 -1.547551
v 0.490961 0.907415 -1.579068
v 0.453336 0.907415 -1.152363
v 0.458285 0.907415 -1.297392
v 0.463165 0.907415 -1.406015
v 0.470765 0.907415 -1.492202
v 0.480344 0.907415 -1.547551
v 0.460522 0.895478 -1.152363
v 0.464526 0.897048 -1.297392
v 0.468473 0.898596 -1.406015
v 0.474623 0.901007 -1.492202
v 0.482372 0.904046 -1.547551
v 0.479334 0.888101 -1.152363
v 0.480864 0.890640 -1.297392
v 0.482372 0.893146 -1.406015
v 0.484720 0.897048 -1.492202
v 0.487680 0.901965 -1.547551
v 0.828187 0.888101 -1.152363
v 0.826658 0.890640 -1.297392
v 0.825150 0.893146 -1.406015
v 0.822802 0.897048 -1.492202
v 0.819841 0.901965 -1.547551
v 0.847000 0.895478 -1.152363
v 0.842996 0.897048 -1.297392
v 0.839048 0.898596 -1.406015
v 0.832899 0.901007 -1.492202
v 0.825150 0.904046 -1.547551
v 0.854186 0.907415 -1.152363
v 0.849237 0.907415 -1.297392
v 0.844356 0.907415 -1.406015
v 0.836755 0.907415 -1.492202
v 0.827179 0.907415 -1.547551
v 0.847000 0.919352 -1.152363
v 0.842996 0.917782 -1.297392
v 0.839048 0.916234 -1.406015
v 0.832899 0.913823 -1.492202
v 0.825150 0.910784 -1.547551
v 0.828187 0.926730 -1.152363
v 0.826658 0.924189 -1.297392
v 0.825150 0.921685 -1.406015
v 0.822802 0.917782 -1.492202
v 0.819841 0.912865 -1.547551
v 0.804934 0.926730 -1.152363
v 0.806464 0.924189 -1.297392
v 0.807972 0.921685 -1.406015
v 0.810320 0.917782 -1.492202
v 0.813280 0.912865 -1.547551
v 0.786122 0.919352 -1.152363
v 0.790126 0.917782 -1.297392
v 0.794073 0.916234 -1.406015
v 0.800223 0.913823 -1.492202
v 0.807972 0.910784 -1.547551
v 0.816561 0.907415 -1.579068
v 0.778936 0.907415 -1.152363
v 0.783885 0.907415 -1.297392
v 0.788765 0.907415 -1.406015
v 0.796367 0.907415 -1.492202
v 0.805944 0.907415 -1.547551
v 0.786122 0.895478 -1.152363
v 0.790126 0.897048 -1.297392
v 0.794073 0.898596 -1.406015
v 0.800223 0.901007 -1.492202
v 0.807972 0.904046 -1.547551
v 0.804934 0.888101 -1.152363
v 0.806464 0.890640 -1.297392
v 0.807972 0.893146 -1.406015
v 0.810320 0.897048 -1.492202
v 0.813280 0.901965 -1.547551
v -0.964072 -0.985964 0.989385
v -0.637352 -0.985964 0.658867
v -0.310631 -0.985964 0.658867
v 0.016088 -0.985964 0.658867
v 0.342809 -0.985964 0.658867
v 0.669529 -0.985964 0.658867
v 0.996250 -0.985964 0.989385
v 0.996250 1.009448 0.989385
v 0.669529 1.009448 0.658867
v 0.342809 1.009448 0.658867
v 0.016088 1.009448 0.658867
v -0.310631 1.009448 0.658867
v -0.637352 1.009448 0.658867
v -0.964072 1.009448 0.989385
v -0.664580 -0.985964 0.989385
v -0.664580 1.009448 0.989385
v -0.610125 -0.985964 0.989385
v -0.610125 1.009448 0.989385
v -0.290831 -0.985964 0.989385
v -0.290831 1.009448 0.989385
v 0.031713 -0.985964 0.989385
v 0.031713 1.009448 0.989385
v 0.330083 -0.985964 0.989385
v 0.330083 1.009448 0.989385
v 0.354174 -0.985964 0.989385
v 0.354174 1.009448 0.989385
v 0.686576 -0.985964 0.989385
v 0.686576 1.009448 0.989385
v 0.655324 -0.985964 0.989385
v 0.655324 1.009448 0.989385
v -0.001619 -0.985964 0.989385
v -0.001619 1.009448 0.989385
v -0.329351 -0.985964 0.989385
v -0.329351 1.009448 0.989385
v -0.964072 0.042727 0.989385
v -0.637352 0.042727 0.658867
v -0.310631 0.042727 0.658867
v 0.016088 0.042727 0.658867
v 0.342809 0.042727 0.658867
v 0.669529 0.042727 0.658867
v 0.996250 0.042727 0.989385
v -0.664580 0.042727 0.989385
v -0.610125 0.042727 0.989385
v -0.290831 0.042727 0.989385
v 0.031713 0.042727 0.989385
v 0.330083 0.042727 0.989385
v 0.354174 0.042727 0.989385
v 0.686576 0.042727 0.989385
v 0.655324 0.042727 0.989385
v -0.001619 0.042727 0.989385
v -0.329351 0.042727 0.989385
v -0.964072 -0.985964 -0.003386
v -0.637352 -0.985964 -0.003386
v -0.310631 -0.985964 -0.003386
v 0.016088 -0.985964 -0.003386
v 0.342809 -0.985964 -0.003386
v 0.669529 -0.985964 -0.003386
v 0.996250 -0.985964 -0.003386
v 0.996250 1.009448 -0.003386
v 0.669529 1.009448 -0.003386
v 0.342809 1.009448 -0.003386
v 0.016088 1.009448 -0.003386
v -0.310631 1.009448 -0.003386
v -0.637352 1.009448 -0.003386
v -0.964072 1.009448 -0.003386
v -0.664580 -0.985964 -0.003386
v -0.664580 1.009448 -0.003386
v -0.610125 -0.985964 -0.003386
v -0.610125 1.009448 -0.003386
v -0.290831 -0.985964 -0.003386
v -0.290831 1.009448 -0.003386
v 0.031713 -0.985964 -0.003386
v 0.031713 1.009448 -0.003386
v 0.330083 -0.985964 -0.003386
v 0.330083 1.009448 -0.003386
v 0.354174 -0.985964 -0.003386
v 0.354174 1.009448 -0.003386
v 0.686576 -0.985964 -0.003386
v 0.686576 1.009448 -0.003386
v 0.655324 -0.985964 -0.003386
v 0.655324 1.009448 -0.003386
v -0.001619 -0.985964 -0.003386
v -0.001619 1.009448 -0.003386
v -0.329351 -0.985964 -0.003386
v -0.329351 1.009448 -0.003386
v -0.964072 0.042727 -0.003386
v 0.996250 0.042727 -0.003386
v -0.964072 -0.985965 -0.996156
v -0.637352 -0.985964 -0.665639
v -0.310631 -0.985964 -0.665639
v 0.016088 -0.985964 -0.665639
v 0.342809 -0.985964 -0.665639
v 0.669529 -0.985964 -0.665639
v 0.996250 -0.985965 -0.996156
v 0.996250 1.009448 -0.996156
v 0.669529 1.009448 -0.665639
v 0.342809 1.009448 -0.665639
v 0.016088 1.009448 -0.665639
v -0.310631 1.009448 -0.665639
v -0.637352 1.009448 -0.665639
v -0.964072 1.009448 -0.996156
v -0.664580 -0.985965 -0.996156
v -0.664580 1.009448 -0.996156
v -0.610125 -0.985965 -0.996156
v -0.610125 1.009448 -0.996156
v -0.290831 -0.985965 -0.996156
v -0.290831 1.009448 -0.996156
v 0.031713 -0.985965 -0.996156
v 0.031713 1.009448 -0.996156
v 0.330083 -0.985965 -0.996156
v 0.330083 1.009448 -0.996156
v 0.354174 -0.985965 -0.996156
v 0.354174 1.009448 -0.996156
v 0.686576 -0.985965 -0.996156
v 0.686576 1.009448 -0.996156
v 0.655324 -0.985965 -0.996156
v 0.655324 1.009448 -0.996156
v -0.001619 -0.985965 -0.996156
v -0.001619 1.009448 -0.996156
v -0.329351 -0.985965 -0.996156
v -0.329351 1.009448 -0.996156
v -0.964072 0.042727 -0.996156
v -0.637352 0.042727 -0.665639
v -0.310631 0.042727 -0.665639
v 0.016088 0.042727 -0.665639
v 0.342809 0.042727 -0.665639
v 0.669529 0.042727 -0.665639
v 0.996250 0.042727 -0.996156
v -0.664580 0.042727 -0.996156
v -0.610125 0.042727 -0.996156
v -0.290831 0.042727 -0.996156
v 0.031713 0.042727 -0.996156
v 0.330083 0.042727 -0.996156
v 0.354174 0.042727 -0.996156
v 0.686576 0.042727 -0.996156
v 0.655324 0.042727 -0.996156
v -0.001619 0.042727 -0.996156
v -0.329351 0.042727 -0.996156
v 0.262949 0.347584 0.989385
v 0.262949 0.621262 0.989385
v 0.262949 0.347584 -0.996156
v 0.262949 0.621262 -0.996156
v 0.262949 0.042727 -0.996156
v 0.262949 -0.985965 -0.996156
v 0.262949 1.009448 -0.996156
v 0.262949 -0.985964 -0.003386
v 0.262949 1.009448 -0.003386
v 0.262949 0.042727 0.989385
v 0.262949 -0.985964 0.989385
v 0.262949 1.009448 0.989385
v -0.235213 0.347584 0.989385
v -0.235213 0.621262 0.989385
v -0.235213 0.347584 -0.996156
v -0.235213 0.621262 -0.996156
v -0.235213 0.042727 -0.996156
v -0.235213 -0.985965 -0.996156
v -0.235213 1.009448 -0.996156
v -0.235213 -0.985964 -0.003386
v -0.235213 1.009448 -0.003386
v -0.235213 0.042727 0.989385
v -0.235213 -0.985964 0.989385
v -0.235213 1.009448 0.989385
v -0.964072 0.347584 0.989385
v -0.964072 0.621262 0.989385
v -0.637352 0.621262 0.658867
v -0.637352 0.347584 0.658867
v -0.310631 0.621262 0.658867
v -0.310631 0.347584 0.658867
v 0.016088 0.621262 0.658867
v 0.016088 0.347584 0.658867
v 0.342809 0.621262 0.658867
v 0.342809 0.347584 0.658867
v 0.669529 0.621262 0.658867
v 0.669529 0.347584 0.658867
v 0.996250 0.621262 0.989385
v 0.996250 0.347584 0.989385
v -0.664580 0.347584 0.989385
v -0.664580 0.621262 0.989385
v -0.610125 0.621262 0.989385
v -0.610125 0.347584 0.989385
v -0.290831 0.621262 0.989385
v -0.290831 0.347584 0.989385
v 0.031713 0.621262 0.989385
v 0.031713 0.347584 0.989385
v 0.330083 0.347584 0.989385
v 0.330083 0.621262 0.989385
v 0.354174 0.621262 0.989385
v 0.354174 0.347584 0.989385
v 0.686576 0.347584 0.989385
v 0.686576 0.621262 0.989385
v 0.655324 0.347584 0.989385
v 0.655324 0.621262 0.989385
v -0.001619 0.347584 0.989385
v -0.001619 0.621262 0.989385
v -0.329351 0.347584 0.989385
v -0.329351 0.621262 0.989385
v -0.964072 0.347584 -0.003386
v -0.964072 0.621262 -0.003386
v 0.996250 0.621262 -0.003386
v 0.996250 0.347584 -0.003386
v -0.964072 0.621262 -0.996156
v -0.964072 0.347584 -0.996156
v -0.637352 0.347584 -0.665639
v -0.637352 0.621262 -0.665639
v -0.310631 0.347584 -0.665639
v -0.310631 0.621262 -0.665639
v 0.016088 0.347584 -0.665639
v 0.016088 0.621262 -0.665639
v 0.342809 0.347584 -0.665639
v 0.342809 0.621262 -0.665639
v 0.669529 0.347584 -0.665639
v 0.669529 0.621262 -0.665639
v 0.996250 0.347584 -0.996156
v 0.996250 0.621262 -0.996156
v -0.664580 0.621262 -0.996156
v -0.664580 0.347584 -0.996156
v -0.610125 0.347584 -0.996156
v -0.610125 0.621262 -0.996156
v -0.290831 0.347584 -0.996156
v -0.290831 0.621262 -0.996156
v 0.031713 0.347584 -0.996156
v 0.031713 0.621262 -0.996156
v 0.330083 0.621262 -0.996156
v 0.330083 0.347584 -0.996156
v 0.354174 0.347584 -0.996156
v 0.354174 0.621262 -0.996156
v 0.686576 0.621262 -0.996156
v 0.686576 0.347584 -0.996156
v 0.655324 0.621262 -0.996156
v 0.655324 0.347584 -0.996156
v -0.001619 0.621262 -0.996156
v -0.001619 0.347584 -0.996156
v -0.329351 0.621262 -0.996156
v -0.329351 0.347584 -0.996156
v -0.205466 0.577750 1.501658
v -0.252917 0.577750 0.522840
v -0.221213 0.577750 1.373176
v 0.287584 0.577750 0.610045
v 0.237655 0.577750 1.501658
v 0.250003 0.577750 1.436549
v 0.237655 0.555502 1.501658
v 0.287584 0.555502 0.610045
v 0.250003 0.555502 1.436549
v -0.252917 0.555502 0.522840
v -0.205466 0.555502 1.501658
v -0.221213 0.555502 1.373176
v -0.303334 0.578879 0.707330
v -0.205466 0.578880 2.034131
v -0.271630 0.578880 1.557666
v 0.237655 0.578880 2.034131
v 0.336588 0.578880 0.828746
v 0.299006 0.578880 1.655250
v 0.336588 0.554372 0.828746
v 0.237655 0.554372 2.034131
v 0.299006 0.554372 1.655250
v -0.205466 0.554372 2.034131
v -0.303334 0.554372 0.707330
v -0.271630 0.554372 1.557666
v -0.205466 0.391095 1.501658
v -0.252917 0.391095 0.522840
v -0.221213 0.391095 1.373176
v 0.287584 0.391095 0.610045
v 0.237655 0.391095 1.501658
v 0.250003 0.391095 1.436549
v 0.237655 0.413344 1.501658
v 0.287584 0.413344 0.610045
v 0.250003 0.413344 1.436549
v -0.252917 0.413344 0.522840
v -0.205466 0.413344 1.501658
v -0.221213 0.413344 1.373176
v -0.303334 0.389966 0.707330
v -0.205466 0.389966 2.034131
v -0.271630 0.389966 1.557666
v 0.237655 0.389966 2.034131
v 0.336588 0.389966 0.828747
v 0.299006 0.389966 1.655250
v 0.336588 0.414472 0.828747
v 0.237655 0.414473 2.034131
v 0.299006 0.414473 1.655250
v -0.205466 0.414473 2.034131
v -0.303334 0.414472 0.707330
v -0.271630 0.414473 1.557666
v 0.188991 0.604012 2.003433
v 0.188991 0.633566 0.689685
v 0.188991 0.612511 1.874930
v 0.188991 0.333925 0.776891
v 0.188991 0.364827 2.003433
v 0.188991 0.358161 1.938323
v 0.147771 0.364827 2.003433
v 0.147771 0.333925 0.776891
v 0.147771 0.358161 1.938323
v 0.147771 0.633566 0.689685
v 0.147771 0.604012 2.003433
v 0.147771 0.612511 1.874930
v 0.191081 0.661516 0.874175
v 0.191081 0.604012 2.535885
v 0.191081 0.639725 2.059440
v 0.191081 0.364827 2.535885
v 0.191081 0.306759 0.995592
v 0.191081 0.331711 2.157025
v 0.145679 0.306759 0.995592
v 0.145679 0.364827 2.535885
v 0.145679 0.331711 2.157025
v 0.145679 0.604012 2.535885
v 0.145679 0.661516 0.874175
v 0.145679 0.639725 2.059440
v -0.156812 0.604012 2.003433
v -0.156812 0.633566 0.689685
v -0.156812 0.612511 1.874930
v -0.156812 0.333925 0.776891
v -0.156812 0.364827 2.003433
v -0.156812 0.358161 1.938323
v -0.115595 0.364827 2.003433
v -0.115595 0.333925 0.776891
v -0.115595 0.358161 1.938323
v -0.115595 0.633566 0.689685
v -0.115595 0.604012 2.003433
v -0.115595 0.612511 1.874930
v -0.158905 0.661516 0.874175
v -0.158905 0.604012 2.535885
v -0.158905 0.639725 2.059440
v -0.158905 0.364827 2.535885
v -0.158905 0.306759 0.995592
v -0.158905 0.331711 2.157025
v -0.113502 0.306759 0.995592
v -0.113502 0.364827 2.535885
v -0.113502 0.331711 2.157025
v -0.113502 0.604012 2.535885
v -0.113502 0.661515 0.874175
v -0.113502 0.639725 2.059440
v -0.184460 -0.015864 1.127188
v 0.011683 0.090009 1.127188
v -0.199457 -0.015864 0.545414
v 0.011683 0.098103 0.545394
v 0.011683 -0.121737 1.127188
v 0.207826 -0.015864 1.127188
v 0.011683 -0.129833 0.545394
v 0.222823 -0.015864 0.545394
v 0.192665 -0.097769 1.478445
v 0.167654 -0.097080 1.723853
v 0.146018 -0.097274 1.654851
v 0.146018 -0.098265 1.302038
v 0.167654 -0.098459 1.233016
v 0.186498 -0.072530 1.447127
v 0.162341 -0.075328 1.696867
v 0.141441 -0.078540 1.631618
v 0.141441 -0.079531 1.278785
v 0.162341 -0.076708 1.206030
v 0.168418 -0.049010 1.417946
v 0.146758 -0.055058 1.671737
v 0.128021 -0.061082 1.609961
v 0.128021 -0.062073 1.257128
v 0.146758 -0.056438 1.180901
v 0.139658 -0.028813 1.392896
v 0.121972 -0.037652 1.650141
v 0.106672 -0.046090 1.591358
v 0.106672 -0.047082 1.238545
v 0.121972 -0.039032 1.159304
v 0.102175 -0.013315 1.373675
v 0.089669 -0.024296 1.633574
v 0.078850 -0.034587 1.577087
v 0.078850 -0.035579 1.224274
v 0.089669 -0.025676 1.142737
v 0.058525 -0.003573 1.361579
v 0.052052 -0.015901 1.623155
v 0.046452 -0.027356 1.568105
v 0.046452 -0.028347 1.215292
v 0.052052 -0.017281 1.132318
v 0.011683 -0.000250 1.357467
v 0.011683 -0.013037 1.619602
v 0.011683 -0.024889 1.565051
v 0.011683 -0.025881 1.212238
v 0.011683 -0.014416 1.128765
v -0.035160 -0.003573 1.361579
v -0.028686 -0.015901 1.623155
v -0.023086 -0.027356 1.568105
v -0.023086 -0.028347 1.215292
v -0.028686 -0.017281 1.132318
v -0.078809 -0.013315 1.373675
v -0.066303 -0.024296 1.633574
v -0.055484 -0.034587 1.577087
v -0.055484 -0.035579 1.224274
v -0.066303 -0.025676 1.142737
v -0.116292 -0.028813 1.392896
v -0.098606 -0.037652 1.650141
v -0.083306 -0.046090 1.591358
v -0.083306 -0.047082 1.238545
v -0.098606 -0.039032 1.159304
v -0.145052 -0.049010 1.417946
v -0.123392 -0.055058 1.671737
v -0.104655 -0.061081 1.609961
v -0.104655 -0.062073 1.257128
v -0.123392 -0.056438 1.180901
v -0.163133 -0.072530 1.447127
v -0.138975 -0.075328 1.696867
v -0.118075 -0.078540 1.631618
v -0.118075 -0.079531 1.278785
v -0.138975 -0.076708 1.206030
v -0.169300 -0.097769 1.478445
v -0.144288 -0.097080 1.723853
v -0.122653 -0.097274 1.654851
v -0.122653 -0.098265 1.302038
v -0.144288 -0.098459 1.233016
v -0.163133 -0.123010 1.509742
v -0.138975 -0.118832 1.750839
v -0.118075 -0.116008 1.678084
v -0.118075 -0.117000 1.325271
v -0.138975 -0.120211 1.260002
v -0.145052 -0.146530 1.538923
v -0.123392 -0.139101 1.775988
v -0.104655 -0.133467 1.699741
v -0.104655 -0.134457 1.346928
v -0.123392 -0.140480 1.285152
v -0.116292 -0.166726 1.563973
v -0.098606 -0.156507 1.797585
v -0.083306 -0.148458 1.718344
v -0.083306 -0.149449 1.365531
v -0.098606 -0.157886 1.306749
v -0.078809 -0.182224 1.583215
v -0.066303 -0.169863 1.814152
v -0.055484 -0.159961 1.732615
v -0.055484 -0.160952 1.379802
v -0.066303 -0.171242 1.323315
v -0.035160 -0.191967 1.595291
v -0.028686 -0.178259 1.824571
v -0.023086 -0.167193 1.741577
v -0.023086 -0.168183 1.388764
v -0.028686 -0.179639 1.333714
v 0.011683 -0.195290 1.599422
v 0.011683 -0.181123 1.828124
v 0.011683 -0.169659 1.744651
v 0.011683 -0.170650 1.391818
v 0.011683 -0.182503 1.337267
v 0.058525 -0.191967 1.595291
v 0.052052 -0.178259 1.824571
v 0.046452 -0.167193 1.741577
v 0.046452 -0.168183 1.388764
v 0.052052 -0.179639 1.333714
v 0.102175 -0.182224 1.583215
v 0.089669 -0.169863 1.814152
v 0.078850 -0.159961 1.732615
v 0.078850 -0.160952 1.379802
v 0.089669 -0.171242 1.323315
v 0.139658 -0.166727 1.563973
v 0.121972 -0.156507 1.797585
v 0.106672 -0.148458 1.718344
v 0.106672 -0.149449 1.365531
v 0.121972 -0.157886 1.306749
v 0.168418 -0.146530 1.538923
v 0.146758 -0.139101 1.775988
v 0.128021 -0.133467 1.699741
v 0.128021 -0.134457 1.346928
v 0.146758 -0.140480 1.285152
v 0.186498 -0.123010 1.509742
v 0.162341 -0.118832 1.750839
v 0.141441 -0.116008 1.678084
v 0.141441 -0.117000 1.325271
v 0.162341 -0.120211 1.260002
v 0.032037 -0.049678 1.057768
v 0.031041 -0.048024 1.288605
v 0.028149 -0.043220 1.496828
v 0.023647 -0.035740 1.662097
v 0.017973 -0.026313 1.768204
v 0.064970 -0.036762 1.057768
v 0.062362 -0.035740 1.288605
v 0.054794 -0.032771 1.496828
v 0.043006 -0.028148 1.662097
v 0.028149 -0.022322 1.768204
v 0.077551 -0.015864 1.057768
v 0.074327 -0.015864 1.288605
v 0.064970 -0.015864 1.496828
v 0.050399 -0.015864 1.662097
v 0.032037 -0.015864 1.768204
v 0.064970 0.005033 1.057768
v 0.062362 0.004010 1.288605
v 0.054794 0.001042 1.496828
v 0.043006 -0.003582 1.662097
v 0.028149 -0.009407 1.768204
v 0.032037 0.017949 1.057768
v 0.031041 0.016293 1.288605
v 0.028149 0.011491 1.496828
v 0.023647 0.004010 1.662097
v 0.017973 -0.005416 1.768204
v -0.008671 0.017949 1.057768
v -0.007675 0.016293 1.288605
v -0.004784 0.011491 1.496828
v -0.000282 0.004010 1.662097
v 0.005393 -0.005416 1.768204
v -0.041605 0.005033 1.057768
v -0.038996 0.004010 1.288605
v -0.031428 0.001042 1.496828
v -0.019638 -0.003582 1.662097
v -0.004784 -0.009407 1.768204
v 0.011683 -0.015864 1.804751
v -0.054185 -0.015864 1.057768
v -0.050961 -0.015864 1.288605
v -0.041605 -0.015864 1.496828
v -0.027034 -0.015864 1.662097
v -0.008671 -0.015864 1.768204
v -0.041605 -0.036762 1.057768
v -0.038996 -0.035740 1.288605
v -0.031428 -0.032771 1.496828
v -0.019638 -0.028148 1.662097
v -0.004784 -0.022322 1.768204
v -0.008671 -0.049678 1.057768
v -0.007675 -0.048024 1.288605
v -0.004784 -0.043220 1.496828
v -0.000282 -0.035740 1.662097
v 0.005393 -0.026313 1.768204
v 0.262949 0.347584 1.057049
v 0.262949 0.621262 1.057049
v -0.235213 0.347584 1.057049
v -0.235213 0.621262 1.057049
v 0.255439 0.351710 0.475634
v 0.255439 0.617136 0.475634
v -0.227704 0.351710 0.475634
v -0.227704 0.617136 0.475634
v 0.335907 0.307503 1.057049
v 0.335907 0.661342 1.057049
v -0.308169 0.307503 1.057049
v -0.308169 0.661342 1.057049
v 0.335907 0.307503 0.517630
v 0.335907 0.661342 0.517630
v -0.308169 0.307503 0.517630
v -0.308169 0.661342 0.517630
v 0.262949 0.347584 -1.063821
v 0.262949 0.621262 -1.063821
v -0.235213 0.347584 -1.063821
v -0.235213 0.621262 -1.063821
v 0.255439 0.351710 -0.482406
v 0.255439 0.617136 -0.482406
v -0.227704 0.351710 -0.482406
v -0.227704 0.617136 -0.482406
v 0.335907 0.307503 -1.063821
v 0.335907 0.661342 -1.063821
v -0.308169 0.307503 -1.063821
v -0.308169 0.661342 -1.063821
v 0.335907 0.307503 -0.524402
v 0.335907 0.661342 -0.524402
v -0.308169 0.307503 -0.524402
v -0.308169 0.661342 -0.524402
v 0.861494 0.097712 -2.262199
v 0.861494 0.120440 -1.251924
v 0.861494 0.104248 -2.163397
v 0.861494 -0.075416 -1.319009
v 0.861494 -0.051652 -2.262199
v 0.861494 -0.056778 -2.212139
v 0.800156 -0.051652 -2.262199
v 0.800156 -0.075416 -1.319009
v 0.800156 -0.056778 -2.212139
v 0.800156 0.120440 -1.251924
v 0.800156 0.097712 -2.262199
v 0.800156 0.104248 -2.163397
v 0.864607 0.141933 -1.393819
v 0.864607 0.097712 -2.671679
v 0.864607 0.125175 -2.305273
v 0.864607 -0.051652 -2.671679
v 0.864607 -0.096308 -1.487172
v 0.864607 -0.077119 -2.380322
v 0.797042 -0.096308 -1.487172
v 0.797042 -0.051652 -2.671679
v 0.797042 -0.077119 -2.380322
v 0.797042 0.097712 -2.671679
v 0.797042 0.141933 -1.393819
v 0.797042 0.125175 -2.305273
v 0.929391 0.160531 -1.455196
v 0.929391 -0.095401 -1.455196
v 0.937267 0.166255 -0.873422
v 0.937267 -0.101126 -0.873422
v 0.723409 0.160531 -1.455196
v 0.723409 -0.095401 -1.455196
v 0.715533 0.166255 -0.873422
v 0.715533 -0.101125 -0.873422
vn -0.9966 -0.0000 0.0821
vn -0.9982 -0.0000 0.0598
vn -0.9989 -0.0000 0.0472
vn -0.9994 -0.0000 0.0344
vn -0.9987 -0.0000 0.0515
vn 1.0000 -0.0000 -0.0000
vn 0.9966 -0.0000 0.0821
vn 0.9984 -0.0000 0.0565
vn 0.9986 -0.0000 0.0535
vn -0.0000 -0.0000 1.0000
vn 0.9993 -0.0000 0.0385
vn 0.9991 -0.0000 0.0429
vn -0.0000 1.0000 -0.0000
vn -0.0000 -1.0000 -0.0000
vn -1.0000 -0.0000 -0.0000
vn -0.9982 -0.0000 -0.0598
vn -0.9989 -0.0000 -0.0472
vn -0.9994 -0.0000 -0.0344
vn -0.9987 -0.0000 -0.0515
vn -0.0000 -0.0000 -1.0000
vn 0.9966 -0.0000 -0.0821
vn 0.9984 -0.0000 -0.0565
vn 0.9986 -0.0000 -0.0535
vn 0.9993 -0.0000 -0.0385
vn 0.9991 -0.0000 -0.0429
vn -0.9966 -0.0000 -0.0821
vn -0.1726 -0.9844 0.0345
vn -0.1727 -0.9847 0.0218
vn 0.1727 -0.9847 0.0218
vn 0.1726 -0.9844 0.0345
vn 0.1715 -0.9777 0.1213
vn 0.5887 -0.7926 0.1591
vn -0.0001 -0.0003 1.0000
vn -0.1715 -0.9777 0.1213
vn -0.1724 -0.9829 0.0643
vn 0.1724 -0.9829 0.0643
vn 0.1727 -0.9848 0.0191
vn 0.5962 -0.8025 0.0251
vn 0.5961 -0.8024 0.0287
vn 0.5957 -0.8019 0.0455
vn 0.9769 -0.0000 0.2135
vn 0.5942 -0.7998 0.0847
vn 0.9994 -0.0000 0.0341
vn 0.9992 -0.0000 0.0389
vn 0.5962 0.8025 0.0251
vn 0.5961 0.8024 0.0287
vn 0.9981 -0.0000 0.0616
vn 0.5887 0.7925 0.1591
vn 0.9934 -0.0000 0.1146
vn 0.5958 0.8019 0.0455
vn 0.5942 0.7998 0.0847
vn 0.1727 0.9848 0.0191
vn 0.1727 0.9847 0.0218
vn 0.1715 0.9777 0.1213
vn 0.1726 0.9844 0.0345
vn -0.1715 0.9777 0.1213
vn 0.1724 0.9829 0.0643
vn -0.1727 0.9848 0.0191
vn -0.1727 0.9847 0.0218
vn -0.1724 0.9829 0.0643
vn -0.5962 0.8025 0.0251
vn -0.5961 0.8024 0.0287
vn -0.1726 0.9844 0.0345
vn -0.5888 0.7925 0.1591
vn -0.5958 0.8019 0.0455
vn -0.5942 0.7998 0.0847
vn -0.9994 -0.0000 0.0341
vn -0.9992 -0.0000 0.0389
vn -0.9769 -0.0000 0.2135
vn -0.5962 -0.8025 0.0251
vn -0.5961 -0.8024 0.0287
vn -0.9981 -0.0000 0.0616
vn -0.5888 -0.7925 0.1591
vn -0.9934 -0.0000 0.1146
vn -0.5943 -0.7998 0.0847
vn -0.1727 -0.9848 0.0191
vn -0.5957 -0.8019 0.0455
vn -0.5887 -0.7925 0.1591
vn -0.5942 -0.7998 0.0847
vn 0.5887 -0.7925 0.1591
vn 0.5888 0.7925 0.1591
vn -0.0001 -0.0000 1.0000
vn 0.5942 -0.7999 0.0847
vn 0.5957 0.8019 0.0455
vn 0.5942 0.7999 0.0847
vn -0.5957 0.8019 0.0455
vn 0.5887 0.7926 0.1591
vn -0.9769 -0.0000 0.2136
vn -0.5961 -0.8025 0.0251
vn -0.0001 0.0005 1.0000
vn 0.5958 -0.8019 0.0455
vn 0.9769 0.0001 0.2135
vn -0.5888 0.7924 0.1591
vn -0.5943 0.7998 0.0847
vn -0.9769 0.0001 0.2135
vn -0.5888 -0.7924 0.1591
vn -0.5958 -0.8019 0.0455
vn -0.0001 0.0004 1.0000
vn -0.9769 0.0001 0.2136
vn 0.5888 -0.7925 0.1591
vn -0.0001 -0.0005 1.0000
vn 0.9769 -0.0001 0.2135
vn -0.9769 -0.0001 0.2135
vn -0.9769 -0.0001 0.2136
vn 0.1714 -0.9777 0.1213
vn -0.0001 -0.0001 1.0000
vn 0.5962 0.8024 0.0251
vn -0.5962 0.8024 0.0251
vn -0.1726 -0.9844 -0.0345
vn 0.1726 -0.9844 -0.0345
vn 0.1727 -0.9847 -0.0218
vn -0.1727 -0.9847 -0.0218
vn 0.1715 -0.9777 -0.1213
vn -0.0001 -0.0003 -1.0000
vn 0.5887 -0.7926 -0.1591
vn -0.1715 -0.9777 -0.1213
vn 0.1724 -0.9829 -0.0643
vn -0.1724 -0.9829 -0.0643
vn 0.1727 -0.9848 -0.0191
vn 0.5961 -0.8024 -0.0287
vn 0.5962 -0.8025 -0.0251
vn 0.5957 -0.8019 -0.0455
vn 0.9769 -0.0000 -0.2135
vn 0.5942 -0.7998 -0.0847
vn 0.9992 -0.0000 -0.0389
vn 0.9994 -0.0000 -0.0341
vn 0.5961 0.8024 -0.0287
vn 0.5962 0.8025 -0.0251
vn 0.9981 -0.0000 -0.0616
vn 0.5887 0.7925 -0.1591
vn 0.9934 -0.0000 -0.1146
vn 0.5942 0.7998 -0.0847
vn 0.5958 0.8019 -0.0455
vn 0.1727 0.9847 -0.0218
vn 0.1727 0.9848 -0.0191
vn 0.1715 0.9777 -0.1213
vn 0.1726 0.9844 -0.0345
vn -0.1715 0.9777 -0.1213
vn 0.1724 0.9829 -0.0643
vn -0.1727 0.9847 -0.0218
vn -0.1727 0.9848 -0.0191
vn -0.1724 0.9829 -0.0643
vn -0.5961 0.8024 -0.0287
vn -0.5962 0.8025 -0.0251
vn -0.1726 0.9844 -0.0345
vn -0.5888 0.7925 -0.1591
vn -0.5942 0.7998 -0.0847
vn -0.5958 0.8019 -0.0455
vn -0.9992 -0.0000 -0.0389
vn -0.9994 -0.0000 -0.0341
vn -0.9769 -0.0000 -0.2135
vn -0.5961 -0.8024 -0.0287
vn -0.5962 -0.8025 -0.0251
vn -0.9981 -0.0000 -0.0616
vn -0.5888 -0.7925 -0.1591
vn -0.9934 -0.0000 -0.1146
vn -0.5943 -0.7998 -0.0847
vn -0.1727 -0.9848 -0.0191
vn -0.5957 -0.8019 -0.0455
vn -0.5887 -0.7925 -0.1591
vn -0.5942 -0.7998 -0.0847
vn 0.5887 -0.7925 -0.1591
vn 0.5888 0.7925 -0.1591
vn -0.0001 -0.0000 -1.0000
vn 0.5942 -0.7999 -0.0847
vn 0.5942 0.7999 -0.0847
vn 0.5957 0.8019 -0.0455
vn -0.5957 0.8019 -0.0455
vn 0.5887 0.7926 -0.1591
vn -0.9769 -0.0000 -0.2136
vn -0.5961 -0.8025 -0.0251
vn -0.0001 0.0005 -1.0000
vn 0.5958 -0.8019 -0.0455
vn 0.9769 0.0001 -0.2135
vn -0.5888 0.7924 -0.1591
vn -0.5943 0.7998 -0.0847
vn -0.9769 0.0001 -0.2135
vn -0.5888 -0.7924 -0.1591
vn -0.5958 -0.8019 -0.0455
vn -0.0001 0.0004 -1.0000
vn -0.9769 0.0001 -0.2136
vn -0.0001 -0.0005 -1.0000
vn 0.9769 -0.0001 -0.2135
vn -0.9769 -0.0001 -0.2135
vn 0.5888 -0.7925 -0.1591
vn -0.9769 -0.0001 -0.2136
vn -0.0001 -0.0001 -1.0000
vn 0.5962 0.8024 -0.0251
vn -0.5962 0.8024 -0.0251
vn -0.9569 -0.0000 0.2903
vn 0.9449 -0.0000 0.3272
vn 0.0060 -1.0000 -0.0021
vn 0.1391 -0.9896 -0.0377
vn -0.1067 -0.9934 -0.0418
vn -0.0053 -1.0000 -0.0021
vn 0.1391 0.9896 -0.0377
vn 0.0060 1.0000 -0.0021
vn -0.0053 1.0000 -0.0021
vn -0.1067 0.9934 -0.0418
vn 0.4406 0.8975 -0.0164
vn 0.0197 0.9998 -0.0007
vn 0.0182 0.9998 -0.0012
vn 0.3415 0.9396 -0.0243
vn -0.0192 0.9998 -0.0009
vn -0.4255 0.9048 -0.0193
vn -0.2943 0.9553 -0.0273
vn -0.0170 0.9999 -0.0013
vn 0.0197 -0.9998 -0.0007
vn 0.4406 -0.8975 -0.0164
vn 0.3415 -0.9396 -0.0243
vn 0.0182 -0.9998 -0.0012
vn -0.4255 -0.9048 -0.0193
vn -0.0192 -0.9998 -0.0009
vn -0.0170 -0.9999 -0.0013
vn -0.2943 -0.9553 -0.0273
vn -0.9993 -0.0000 0.0373
vn -0.9972 -0.0000 0.0744
vn 0.9990 -0.0000 0.0454
vn 0.9963 -0.0000 0.0859
vn -0.1066 0.9934 -0.0418
vn -0.1066 -0.9934 -0.0418
vn 0.4406 -0.8976 -0.0164
vn -0.0191 -0.9998 -0.0009
vn -0.0191 0.9998 -0.0009
vn -0.0000 0.9869 0.1616
vn -0.0000 -0.9830 0.1838
vn -0.9998 -0.0205 -0.0039
vn -0.8988 -0.4338 -0.0635
vn -0.9358 0.3448 -0.0729
vn -0.9998 0.0181 -0.0040
vn 0.8988 -0.4338 -0.0635
vn 0.9998 -0.0205 -0.0039
vn 0.9998 0.0181 -0.0040
vn 0.9358 0.3448 -0.0729
vn 0.4965 -0.8679 -0.0154
vn 0.9977 -0.0675 -0.0012
vn 0.9981 -0.0622 -0.0021
vn 0.6255 -0.7797 -0.0287
vn 0.9978 0.0664 -0.0014
vn 0.5036 0.8637 -0.0180
vn 0.6852 0.7276 -0.0342
vn 0.9983 0.0587 -0.0023
vn -0.9977 -0.0675 -0.0012
vn -0.4965 -0.8679 -0.0154
vn -0.6255 -0.7797 -0.0287
vn -0.9981 -0.0623 -0.0021
vn -0.5036 0.8637 -0.0180
vn -0.9978 0.0664 -0.0014
vn -0.9983 0.0588 -0.0023
vn -0.6852 0.7276 -0.0342
vn -0.0000 0.9998 0.0184
vn -0.0000 0.9992 0.0390
vn -0.0000 -0.9998 0.0215
vn -0.0000 -0.9990 0.0441
vn 0.9981 -0.0623 -0.0021
vn 0.4964 -0.8679 -0.0154
vn 0.9983 0.0588 -0.0023
vn -0.4750 0.8799 0.0122
vn 0.4750 -0.8799 0.0122
vn -0.4750 -0.8799 0.0122
vn 0.4750 0.8799 0.0122
vn 0.8960 0.4440 -0.0012
vn 0.7120 0.6580 0.2451
vn 0.8829 0.3656 0.2947
vn -0.9249 -0.3738 0.0695
vn -0.9936 0.0878 0.0708
vn -0.8607 -0.5053 -0.0623
vn -0.9936 -0.0878 -0.0708
vn 0.9429 0.0630 -0.3272
vn 0.8829 -0.3656 -0.2947
vn 0.6836 0.7299 -0.0021
vn 0.5318 0.8221 0.2034
vn -0.7180 -0.6934 0.0612
vn -0.6489 -0.7591 -0.0514
vn 0.8169 0.4817 -0.3174
vn 0.4756 0.8796 -0.0025
vn 0.3740 0.9108 0.1746
vn -0.5009 -0.8639 0.0531
vn -0.4514 -0.8913 -0.0431
vn 0.5950 0.7519 -0.2840
vn 0.2980 0.9546 -0.0027
vn 0.2378 0.9586 0.1566
vn -0.3134 -0.9484 0.0475
vn -0.2835 -0.9582 -0.0378
vn 0.3753 0.8914 -0.2540
vn 0.1434 0.9897 -0.0028
vn 0.1155 0.9824 0.1468
vn -0.1505 -0.9876 0.0443
vn -0.1367 -0.9900 -0.0350
vn 0.1801 0.9550 -0.2358
vn -0.0000 1.0000 -0.0028
vn -0.0000 0.9896 0.1437
vn -0.0000 -0.9991 0.0434
vn -0.0000 -0.9994 -0.0341
vn -0.0000 0.9732 -0.2299
vn -0.1434 0.9897 -0.0028
vn -0.1155 0.9824 0.1468
vn 0.1505 -0.9876 0.0443
vn 0.1367 -0.9900 -0.0350
vn -0.1801 0.9550 -0.2358
vn -0.2980 0.9546 -0.0027
vn -0.2378 0.9586 0.1566
vn 0.3134 -0.9484 0.0475
vn 0.2835 -0.9582 -0.0378
vn -0.3753 0.8914 -0.2540
vn -0.4756 0.8796 -0.0025
vn -0.3740 0.9108 0.1746
vn 0.5009 -0.8639 0.0531
vn 0.4514 -0.8913 -0.0431
vn -0.5950 0.7519 -0.2840
vn -0.6836 0.7299 -0.0021
vn -0.5318 0.8221 0.2034
vn 0.7180 -0.6934 0.0612
vn 0.6489 -0.7591 -0.0514
vn -0.8169 0.4817 -0.3174
vn -0.8960 0.4440 -0.0012
vn -0.7120 0.6580 0.2451
vn 0.9249 -0.3738 0.0695
vn 0.8607 -0.5053 -0.0623
vn -0.9429 0.0630 -0.3272
vn -0.8829 0.3656 0.2947
vn 0.9936 0.0878 0.0708
vn 0.9936 -0.0878 -0.0708
vn -0.8829 -0.3656 -0.2947
vn -0.8960 -0.4440 0.0012
vn -0.9429 -0.0630 0.3272
vn 0.8607 0.5053 0.0623
vn 0.9249 0.3738 -0.0695
vn -0.7120 -0.6581 -0.2451
vn -0.6836 -0.7299 0.0021
vn -0.8169 -0.4816 0.3174
vn 0.6489 0.7591 0.0514
vn 0.7180 0.6934 -0.0612
vn -0.5317 -0.8221 -0.2034
vn -0.4756 -0.8796 0.0025
vn -0.5950 -0.7519 0.2840
vn 0.4514 0.8913 0.0431
vn 0.5009 0.8639 -0.0531
vn -0.3740 -0.9108 -0.1747
vn -0.2980 -0.9546 0.0027
vn -0.3753 -0.8914 0.2540
vn 0.2835 0.9582 0.0378
vn 0.3134 0.9484 -0.0475
vn -0.2378 -0.9586 -0.1566
vn -0.1434 -0.9897 0.0028
vn -0.1801 -0.9550 0.2358
vn 0.1367 0.9900 0.0350
vn 0.1505 0.9876 -0.0443
vn -0.1156 -0.9824 -0.1468
vn -0.0000 -1.0000 0.0028
vn -0.0000 -0.9732 0.2299
vn -0.0000 0.9994 0.0341
vn -0.0000 0.9991 -0.0433
vn -0.0000 -0.9896 -0.1437
vn 0.1434 -0.9897 0.0028
vn 0.1801 -0.9550 0.2358
vn -0.1367 0.9900 0.0350
vn -0.1505 0.9876 -0.0443
vn 0.1156 -0.9824 -0.1468
vn 0.2980 -0.9546 0.0027
vn 0.3753 -0.8914 0.2540
vn -0.2835 0.9582 0.0378
vn -0.3134 0.9484 -0.0475
vn 0.2378 -0.9586 -0.1566
vn 0.4756 -0.8796 0.0025
vn 0.5950 -0.7519 0.2840
vn -0.4514 0.8913 0.0431
vn -0.5009 0.8639 -0.0531
vn 0.3740 -0.9108 -0.1747
vn 0.6836 -0.7299 0.0021
vn 0.8169 -0.4815 0.3174
vn -0.6489 0.7591 0.0514
vn -0.7180 0.6934 -0.0612
vn 0.5318 -0.8221 -0.2034
vn 0.8960 -0.4440 0.0012
vn 0.9429 -0.0630 0.3272
vn -0.8607 0.5053 0.0623
vn -0.9249 0.3738 -0.0695
vn 0.7120 -0.6581 -0.2451
vn -0.1727 -0.9848 0.0155
vn 0.1727 -0.9848 0.0155
vn 0.1711 -0.9757 0.1366
vn 0.5868 -0.7898 0.1788
vn -0.0000 0.0001 1.0000
vn -0.1711 -0.9757 0.1366
vn 0.1727 -0.9849 0.0078
vn 0.5963 -0.8027 0.0103
vn 0.5962 -0.8026 0.0205
vn 0.9709 -0.0000 0.2394
vn 0.9999 -0.0000 0.0140
vn 0.9996 -0.0000 0.0278
vn 0.5963 0.8027 0.0103
vn 0.5962 0.8025 0.0205
vn 0.5867 0.7898 0.1788
vn 0.1727 0.9849 0.0078
vn 0.1727 0.9848 0.0155
vn 0.1711 0.9757 0.1366
vn -0.1711 0.9757 0.1366
vn -0.1727 0.9849 0.0078
vn -0.1727 0.9848 0.0155
vn -0.5963 0.8027 0.0103
vn -0.5962 0.8025 0.0205
vn -0.5867 0.7898 0.1788
vn -0.9999 -0.0000 0.0140
vn -0.9996 -0.0000 0.0278
vn -0.9709 -0.0000 0.2394
vn -0.5963 -0.8027 0.0103
vn -0.5962 -0.8026 0.0205
vn -0.5868 -0.7898 0.1788
vn -0.1727 -0.9849 0.0078
vn -0.0000 -1.0000 0.0071
vn 0.9999 -0.0000 0.0129
vn -0.0000 1.0000 0.0071
vn -0.9999 -0.0000 0.0129
vn -0.0000 0.6887 -0.7250
vn -0.4627 -0.0000 -0.8865
vn -0.0000 -0.6887 -0.7250
vn 0.4627 -0.0000 -0.8865
vn -0.0000 -1.0000 -0.0071
vn 0.9999 -0.0000 -0.0129
vn -0.0000 1.0000 -0.0071
vn -0.9999 -0.0000 -0.0129
vn -0.0000 0.6887 0.7250
vn -0.4627 -0.0000 0.8865
vn -0.0000 -0.6887 0.7250
vn 0.4627 -0.0000 0.8865
vn -0.0000 0.9869 -0.1616
vn -0.0000 -0.9830 -0.1838
vn -0.9992 -0.0397 0.0075
vn -0.9994 0.0350 0.0077
vn -0.9280 0.3647 0.0760
vn -0.8878 -0.4554 0.0661
vn 0.8878 -0.4554 0.0661
vn 0.9280 0.3647 0.0760
vn 0.9994 0.0350 0.0077
vn 0.9992 -0.0397 0.0075
vn 0.4825 -0.8758 0.0156
vn 0.6079 -0.7935 0.0296
vn 0.9928 -0.1198 0.0041
vn 0.9915 -0.1299 0.0023
vn 0.9918 0.1277 0.0027
vn 0.9936 0.1132 0.0045
vn 0.6672 0.7441 0.0353
vn 0.4896 0.8718 0.0182
vn -0.9915 -0.1298 0.0023
vn -0.9928 -0.1198 0.0041
vn -0.6079 -0.7935 0.0296
vn -0.4825 -0.8758 0.0156
vn -0.4896 0.8718 0.0182
vn -0.6672 0.7441 0.0353
vn -0.9936 0.1132 0.0045
vn -0.9918 0.1277 0.0027
vn -0.0000 0.9998 -0.0184
vn -0.0000 0.9992 -0.0390
vn -0.0000 -0.9998 -0.0215
vn -0.0000 -0.9990 -0.0441
vn 0.9999 -0.0000 -0.0135
vn -0.9999 -0.0000 -0.0135
vn -0.0000 1.0000 -0.0098
vn -0.0000 -1.0000 -0.0098
vt 0.529643 0.448594
vt 0.529643 0.458250
vt 0.419446 0.458250
vt 0.419446 0.448594
vt 0.640450 0.448594
vt 0.640450 0.455616
vt 0.530253 0.455616
vt 0.530253 0.448594
vt 0.155668 0.564461
vt 0.155668 0.558919
vt 0.265865 0.558919
vt 0.265865 0.564461
vt 0.289560 0.448594
vt 0.289560 0.452624
vt 0.399757 0.452624
vt 0.399757 0.448594
vt 0.529643 0.564461
vt 0.529643 0.558416
vt 0.419446 0.558416
vt 0.419446 0.564461
vt 1.204773 0.443554
vt 0.965194 0.443554
vt 0.965194 0.413489
vt 1.204773 0.413489
vt 0.320518 0.448594
vt 0.320519 0.458250
vt 0.169864 0.458250
vt 0.169864 0.448594
vt 0.640450 0.554805
vt 0.640450 0.564461
vt 0.530253 0.564461
vt 0.530253 0.554805
vt 0.529643 0.557823
vt 0.419445 0.557823
vt 0.640450 0.558181
vt 0.530253 0.558181
vt 0.155668 0.476915
vt 0.155668 0.453107
vt 0.265865 0.453107
vt 0.265865 0.476915
vt 0.155668 0.448594
vt 0.265865 0.448594
vt 0.289560 0.559423
vt 0.289560 0.564461
vt 0.399757 0.564461
vt 0.399757 0.559423
vt 0.640450 0.475340
vt 0.530253 0.475340
vt 0.889422 0.458250
vt 0.889422 0.557823
vt 1.000229 0.475340
vt 1.000229 0.558181
vt -0.070219 0.452624
vt -0.070219 0.559423
vt 0.889422 0.564461
vt 0.889422 0.558416
vt -0.070219 0.448594
vt -0.204111 0.476915
vt -0.204111 0.453107
vt -0.204111 0.564461
vt -0.204111 0.558919
vt 1.000229 0.448594
vt 1.000229 0.455616
vt 0.889422 0.448594
vt 1.000229 0.554805
vt -0.070219 0.564461
vt -0.204111 0.448594
vt 1.000229 0.564461
vt 0.483152 0.443554
vt 0.473028 0.443554
vt 0.473028 0.418861
vt 0.483152 0.418861
vt 0.348995 0.443554
vt 0.242789 0.443554
vt 0.242789 0.418861
vt 0.348995 0.418861
vt 0.299827 0.443554
vt 0.288434 0.443554
vt 0.288434 0.414783
vt 0.299827 0.414783
vt 0.041303 0.389230
vt 0.632631 0.389230
vt 0.632631 0.412417
vt 0.041303 0.412417
vt 0.606794 0.443554
vt 0.595729 0.443554
vt 0.595729 0.418861
vt 0.606794 0.418861
vt 0.716626 0.443554
vt 0.617605 0.443554
vt 0.617605 0.418861
vt 0.716626 0.418861
vt 0.729575 0.443554
vt 0.729575 0.418861
vt 0.734541 0.443554
vt 0.725361 0.443554
vt 0.725361 0.414783
vt 0.734541 0.414783
vt 0.848146 0.443554
vt 0.742525 0.443554
vt 0.742524 0.418861
vt 0.848146 0.418861
vt 0.222528 0.443554
vt 0.113316 0.443554
vt 0.113316 0.418861
vt 0.222528 0.418861
vt 0.406194 0.443554
vt 0.396459 0.443554
vt 0.396459 0.414783
vt 0.406194 0.414783
vt 0.576114 0.443554
vt 0.493733 0.443554
vt 0.493733 0.418861
vt 0.576114 0.418861
vt 0.716715 0.443554
vt 0.623274 0.443554
vt 0.623274 0.414783
vt 0.716715 0.414783
vt 0.277041 0.443554
vt 0.277041 0.414783
vt 0.232961 0.443554
vt 0.232961 0.418861
vt 0.386946 0.443554
vt 0.386946 0.414783
vt 0.514147 0.443554
vt 0.505240 0.443554
vt 0.505240 0.414783
vt 0.514147 0.414783
vt 0.632631 0.443554
vt 0.041303 0.443554
vt 0.041303 0.413489
vt 0.632631 0.413489
vt 0.495931 0.443554
vt 0.495931 0.414783
vt 0.391479 0.443554
vt 0.367804 0.443554
vt 0.367804 0.418861
vt 0.391479 0.418861
vt 0.423451 0.443554
vt 0.423451 0.414783
vt 0.615113 0.443554
vt 0.606725 0.443554
vt 0.606725 0.414783
vt 0.615113 0.414783
vt 0.585895 0.443554
vt 0.585895 0.414783
vt 0.320518 0.558416
vt 0.169864 0.558416
vt 0.830626 0.443554
vt 0.830626 0.414783
vt 0.358270 0.443554
vt 0.358270 0.418861
vt 0.184114 0.443554
vt 0.184114 0.414783
vt 0.431326 0.448594
vt 0.280672 0.448594
vt 0.280672 0.455616
vt 0.431326 0.455616
vt 0.364792 0.564461
vt 0.515446 0.564461
vt 0.515446 0.558919
vt 0.364792 0.558919
vt 0.498684 0.448594
vt 0.649339 0.448594
vt 0.649339 0.452624
vt 0.498684 0.452624
vt 0.320518 0.564461
vt 0.169864 0.564461
vt 0.320518 0.458250
vt 0.169864 0.557823
vt 0.320518 0.557823
vt 0.483152 0.389230
vt 0.473028 0.389230
vt 0.348995 0.389230
vt 0.242789 0.389230
vt 0.299827 0.389230
vt 0.288434 0.389230
vt 0.606794 0.389230
vt 0.595729 0.389230
vt 0.716626 0.389230
vt 0.617605 0.389230
vt 0.729575 0.389230
vt 0.734541 0.389230
vt 0.725361 0.389230
vt 0.848146 0.389230
vt 0.742525 0.389230
vt 0.222528 0.389230
vt 0.113316 0.389230
vt 0.406194 0.389230
vt 0.396459 0.389230
vt 0.807874 0.412417
vt 0.807874 0.443554
vt 0.576114 0.389230
vt 0.493733 0.389230
vt 0.716715 0.389230
vt 0.623274 0.389230
vt 0.277041 0.389230
vt 0.232961 0.389230
vt 0.386946 0.389230
vt 0.514147 0.389230
vt 0.505240 0.389230
vt 0.495931 0.389230
vt 0.391479 0.389230
vt 0.367804 0.389230
vt 0.423451 0.389230
vt 0.615113 0.389230
vt 0.606725 0.389230
vt 0.585895 0.389230
vt 1.204773 0.389230
vt 0.965194 0.389230
vt 0.830626 0.389230
vt 0.358270 0.389230
vt 0.184114 0.389230
vt 0.280672 0.554805
vt 0.431326 0.554805
vt 0.807874 0.389230
vt 0.807874 0.413489
vt 0.431326 0.475340
vt 0.280672 0.475340
vt 0.280672 0.558181
vt 0.431326 0.558181
vt 0.364792 0.476915
vt 0.515446 0.476915
vt 0.515446 0.453107
vt 0.364792 0.453107
vt 0.498684 0.559423
vt 0.649339 0.559423
vt 0.649339 0.564461
vt 0.498684 0.564461
vt 0.515446 0.448594
vt 0.364792 0.448594
vt 0.280672 0.564461
vt 0.431326 0.564461
vt 0.965194 0.412417
vt 1.204773 0.412417
vt 0.286561 0.444697
vt 0.471938 0.444697
vt 0.471938 0.570278
vt 0.286561 0.570278
vt 0.496398 0.444697
vt 0.496398 0.570278
vt 0.519872 0.444697
vt 0.519872 0.570278
vt 0.703376 0.444697
vt 0.703376 0.570278
vt 0.668064 0.570278
vt 0.304385 0.570278
vt 0.304385 0.444697
vt 0.668064 0.444697
vt 0.682510 0.570278
vt 0.516649 0.570278
vt 0.516649 0.444697
vt 0.682510 0.444697
vt 0.494718 0.570278
vt 0.494718 0.444697
vt 0.263753 0.644957
vt 0.270025 0.646625
vt 0.262598 0.657202
vt 0.258565 0.652170
vt 0.252541 0.644272
vt 0.249935 0.645190
vt 0.249895 0.640697
vt 0.254175 0.642049
vt 0.258713 0.643390
vt 0.255316 0.648012
vt 0.267364 0.664093
vt 0.250289 0.669624
vt 0.250415 0.661411
vt 0.250251 0.654909
vt 0.247302 0.644336
vt 0.249992 0.649790
vt 0.233672 0.664288
vt 0.238138 0.657828
vt 0.222401 0.650468
vt 0.230598 0.647576
vt 0.241758 0.652608
vt 0.245684 0.642122
vt 0.244671 0.648146
vt 0.236623 0.645467
vt 0.241380 0.643654
vt 0.222424 0.632554
vt 0.229995 0.634739
vt 0.245664 0.639403
vt 0.236179 0.636708
vt 0.247181 0.637110
vt 0.241293 0.638130
vt 0.231925 0.617888
vt 0.237261 0.624157
vt 0.244296 0.633396
vt 0.248590 0.611196
vt 0.249270 0.619718
vt 0.241039 0.629300
vt 0.249810 0.636236
vt 0.249509 0.626110
vt 0.249685 0.631588
vt 0.266848 0.615649
vt 0.261663 0.623309
vt 0.252498 0.636995
vt 0.278044 0.631000
vt 0.269737 0.633575
vt 0.258216 0.628752
vt 0.254156 0.639258
vt 0.255198 0.633084
vt 0.258516 0.637702
vt 0.278044 0.649421
vt 0.263617 0.635966
vt 0.055171 0.586559
vt 0.023023 0.586559
vt 0.023023 0.413833
vt 0.055171 0.413832
vt 0.000392 0.586559
vt 0.000392 0.413832
vt 0.077802 0.586560
vt 0.077802 0.413832
vt 0.077802 0.657892
vt 0.055171 0.657892
vt 0.055171 0.622225
vt 0.077802 0.622226
vt 0.055171 0.342500
vt 0.077802 0.342500
vt 0.077802 0.378166
vt 0.055171 0.378166
vt 0.023023 0.657892
vt 0.000392 0.657892
vt 0.000392 0.622226
vt 0.023023 0.622226
vt 0.000392 0.342500
vt 0.023023 0.342500
vt 0.023023 0.378166
vt 0.000392 0.378166
vt 0.023898 0.413832
vt 0.054296 0.413832
vt 0.054296 0.378166
vt 0.023898 0.378166
vt 0.054296 0.342500
vt 0.023898 0.342500
vt 0.023898 0.657892
vt 0.054296 0.657892
vt 0.054296 0.622226
vt 0.023898 0.622226
vt 0.054296 0.586559
vt 0.023898 0.586559
vt 0.384771 0.803964
vt 0.304826 0.802402
vt 0.287162 0.780799
vt 0.400795 0.787862
vt 0.408416 0.901459
vt 0.287162 0.902054
vt 0.308629 0.880482
vt 0.386726 0.883901
vt 0.776806 0.658302
vt 0.776806 0.672169
vt 0.763605 0.672169
vt 0.763605 0.658302
vt 0.754640 0.672169
vt 0.754640 0.658302
vt 0.742210 0.672169
vt 0.742210 0.658302
vt 0.798973 0.658302
vt 0.798973 0.672169
vt 0.790007 0.672169
vt 0.790007 0.658302
vt 0.776806 0.686035
vt 0.763605 0.686035
vt 0.754640 0.686035
vt 0.742210 0.686035
vt 0.798973 0.686035
vt 0.790007 0.686035
vt 0.776806 0.699902
vt 0.763605 0.699902
vt 0.754640 0.699902
vt 0.742210 0.699902
vt 0.798973 0.699902
vt 0.790007 0.699902
vt 0.776806 0.713769
vt 0.763605 0.713769
vt 0.754640 0.713769
vt 0.742210 0.713769
vt 0.798973 0.713769
vt 0.790007 0.713769
vt 0.776806 0.727636
vt 0.763605 0.727636
vt 0.754640 0.727636
vt 0.742210 0.727636
vt 0.798973 0.727636
vt 0.790007 0.727636
vt 0.776806 0.741503
vt 0.763605 0.741503
vt 0.754640 0.741503
vt 0.742210 0.741503
vt 0.798973 0.741503
vt 0.790007 0.741503
vt 0.776806 0.755369
vt 0.763605 0.755369
vt 0.754640 0.755369
vt 0.742210 0.755369
vt 0.798973 0.755369
vt 0.790007 0.755369
vt 0.776806 0.769236
vt 0.763605 0.769236
vt 0.754640 0.769236
vt 0.742210 0.769236
vt 0.798973 0.769236
vt 0.790007 0.769236
vt 0.776806 0.783103
vt 0.763605 0.783103
vt 0.754640 0.783103
vt 0.742210 0.783103
vt 0.798973 0.783103
vt 0.790007 0.783103
vt 0.776806 0.796970
vt 0.763605 0.796970
vt 0.754640 0.796970
vt 0.742210 0.796970
vt 0.798973 0.796970
vt 0.790007 0.796970
vt 0.776806 0.810836
vt 0.763605 0.810836
vt 0.754640 0.810836
vt 0.742210 0.810836
vt 0.798973 0.810836
vt 0.790007 0.810836
vt 0.776806 0.824703
vt 0.763605 0.824703
vt 0.754640 0.824703
vt 0.742210 0.824703
vt 0.798973 0.824703
vt 0.790007 0.824703
vt 0.776806 0.838570
vt 0.763605 0.838570
vt 0.754640 0.838570
vt 0.742210 0.838570
vt 0.798973 0.838570
vt 0.790007 0.838570
vt 0.776806 0.852437
vt 0.763605 0.852437
vt 0.754640 0.852437
vt 0.742210 0.852437
vt 0.798973 0.852437
vt 0.790007 0.852437
vt 0.776806 0.866304
vt 0.763605 0.866304
vt 0.754640 0.866304
vt 0.742210 0.866304
vt 0.798973 0.866304
vt 0.790007 0.866304
vt 0.776806 0.880170
vt 0.763605 0.880170
vt 0.754640 0.880170
vt 0.742210 0.880170
vt 0.798973 0.880170
vt 0.790007 0.880170
vt 0.776806 0.894037
vt 0.763605 0.894037
vt 0.754640 0.894037
vt 0.742210 0.894037
vt 0.798973 0.894037
vt 0.790007 0.894037
vt 0.776806 0.907904
vt 0.763605 0.907904
vt 0.754640 0.907904
vt 0.742210 0.907904
vt 0.798973 0.907904
vt 0.790007 0.907904
vt 0.776806 0.575101
vt 0.776806 0.588968
vt 0.763605 0.588968
vt 0.763605 0.575101
vt 0.754640 0.588968
vt 0.754640 0.575101
vt 0.742210 0.588968
vt 0.742210 0.575101
vt 0.798973 0.575101
vt 0.798973 0.588968
vt 0.790007 0.588968
vt 0.790007 0.575101
vt 0.776806 0.602835
vt 0.763605 0.602835
vt 0.754640 0.602835
vt 0.742210 0.602835
vt 0.798973 0.602835
vt 0.790007 0.602835
vt 0.776806 0.616702
vt 0.763605 0.616702
vt 0.754640 0.616702
vt 0.742210 0.616702
vt 0.798973 0.616702
vt 0.790007 0.616702
vt 0.776806 0.630568
vt 0.763605 0.630568
vt 0.754640 0.630568
vt 0.742210 0.630568
vt 0.798973 0.630568
vt 0.790007 0.630568
vt 0.776806 0.644435
vt 0.763605 0.644435
vt 0.754640 0.644435
vt 0.742210 0.644435
vt 0.798973 0.644435
vt 0.790007 0.644435
vt 0.023749 0.153238
vt 0.023749 0.572288
vt 0.056344 0.572288
vt 0.056344 0.153238
vt 0.056344 0.579743
vt 0.023749 0.579743
vt 0.023749 0.651370
vt 0.056344 0.651370
vt 0.023749 0.660231
vt 0.056344 0.660231
vt 0.023749 0.611829
vt 0.023749 0.192779
vt 0.056344 0.193482
vt 0.056344 0.619987
vt 0.056344 0.192779
vt 0.056344 0.611829
vt 0.023749 0.619987
vt 0.023749 0.193482
s 1
usemtl MI_WoodTrim_Wear
f 2841/1/1 2848/2/1 2985/3/1 2971/4/1
f 2842/5/2 2849/6/2 2987/7/2 2973/8/2
f 2843/9/3 2850/10/3 2989/11/3 2975/12/3
f 2844/13/4 2852/14/4 2993/15/4 2977/16/4
f 2845/17/5 2853/18/5 2994/19/5 2979/20/5
f 2813/21/6 2980/22/6 3004/23/6 2864/24/6
f 2970/25/1 2984/26/1 2823/27/1 2818/28/1
f 2847/29/7 2841/30/7 2971/31/7 2982/32/7
f 2856/33/8 2842/17/8 2973/20/8 3000/34/8
f 2855/35/9 2843/30/9 2975/31/9 2998/36/9
f 2953/37/10 2851/38/10 2990/39/10 2944/40/10
f 2851/38/11 2844/41/11 2977/42/11 2990/39/11
f 2854/43/12 2845/44/12 2979/45/12 2996/46/12
f 2852/14/10 2854/43/10 2996/46/10 2993/15/10
f 2965/47/10 2855/35/10 2998/36/10 2956/48/10
f 2848/2/10 2856/33/10 3000/34/10 2985/3/10
f 2822/49/10 2838/50/10 2856/33/10 2848/2/10
f 2966/51/10 2836/52/10 2855/35/10 2965/47/10
f 2830/53/10 2834/54/10 2854/43/10 2852/14/10
f 2811/55/5 2832/56/5 2853/18/5 2845/17/5
f 2810/57/4 2830/53/4 2852/14/4 2844/13/4
f 2954/58/10 2828/59/10 2851/38/10 2953/37/10
f 2809/60/3 2826/61/3 2850/10/3 2843/9/3
f 2808/62/2 2824/63/2 2849/6/2 2842/5/2
f 2807/64/1 2822/49/1 2848/2/1 2841/1/1
f 2806/62/10 2820/65/10 2847/29/10 2840/5/10
f 2832/56/10 2812/64/10 2846/1/10 2853/18/10
f 2834/54/12 2811/66/12 2845/44/12 2854/43/12
f 2828/59/11 2810/67/11 2844/41/11 2851/38/11
f 2836/52/9 2809/68/9 2843/30/9 2855/35/9
f 2838/50/8 2808/55/8 2842/17/8 2856/33/8
f 2820/65/7 2807/68/7 2841/30/7 2847/29/7
f 2816/69/13 2827/70/13 2878/71/13 2867/72/13
f 2831/73/13 2835/74/13 2886/75/13 2882/76/13
f 2822/77/14 2807/78/14 2858/79/14 2873/80/14
f 2806/81/15 2840/82/15 2891/83/15 2857/84/15
f 2817/85/13 2825/86/13 2876/87/13 2868/88/13
f 2823/89/13 2839/90/13 2890/91/13 2874/92/13
f 2818/93/13 2823/89/13 2874/92/13 2869/94/13
f 2832/95/14 2811/96/14 2862/97/14 2883/98/14
f 2819/99/13 2821/100/13 2872/101/13 2870/102/13
f 2833/103/13 2813/104/13 2864/105/13 2884/106/13
f 2824/107/14 2808/108/14 2859/109/14 2875/110/14
f 2840/5/10 2847/29/10 2982/32/10 2968/8/10
f 2967/111/13 2837/112/13 2888/113/13 2964/114/13
f 2834/115/14 2830/116/14 2881/117/14 2885/118/14
f 2807/78/14 2820/119/14 2871/120/14 2858/79/14
f 2835/74/13 2814/121/13 2865/122/13 2886/75/13
f 2808/108/14 2838/123/14 2889/124/14 2859/109/14
f 2826/125/14 2809/126/14 2860/127/14 2877/128/14
f 2846/129/6 2812/130/6 2863/131/6 2892/132/6
f 2809/126/14 2836/133/14 2887/134/14 2860/127/14
f 2955/135/13 2829/136/13 2880/137/13 2952/138/13
f 2966/139/14 2824/107/14 2875/110/14 2963/140/14
f 2810/141/14 2828/142/14 2879/143/14 2861/144/14
f 2837/112/13 2816/69/13 2867/72/13 2888/113/13
f 2811/96/14 2834/115/14 2885/118/14 2862/97/14
f 2954/145/14 2826/125/14 2877/128/14 2951/146/14
f 2995/147/10 2980/25/10 2813/28/10 2833/148/10
f 2812/149/14 2832/95/14 2883/98/14 2863/150/14
f 2829/136/13 2815/151/13 2866/152/13 2880/137/13
f 2820/119/14 2806/153/14 2857/154/14 2871/120/14
f 2838/123/14 2822/77/14 2873/80/14 2889/124/14
f 2814/121/13 2833/103/13 2884/106/13 2865/122/13
f 2821/100/13 2818/93/13 2869/94/13 2872/101/13
f 2839/90/13 2817/85/13 2868/88/13 2890/91/13
f 2815/151/13 2831/73/13 2882/76/13 2866/152/13
f 2830/116/14 2810/141/14 2861/144/14 2881/117/14
f 3011/155/16 2904/156/16 2912/157/16 3025/158/16
f 3013/159/17 2903/160/17 2914/161/17 3027/162/17
f 3015/163/18 2902/164/18 2918/165/18 3031/166/18
f 3017/167/19 2901/168/19 2920/148/19 3032/147/19
f 2940/18/20 3033/19/20 3018/4/20 2933/1/20
f 3023/169/20 2910/27/20 2926/170/20 3038/171/20
f 2927/5/20 3007/8/20 3021/32/20 2934/29/20
f 2934/29/21 3021/32/21 3008/31/21 2928/30/21
f 2943/33/22 3039/34/22 3010/20/22 2929/17/22
f 2942/35/23 3037/36/23 3012/31/23 2930/30/23
f 2948/37/20 2946/40/20 3029/39/20 2938/38/20
f 2938/38/24 3029/39/24 3014/42/24 2931/41/24
f 2941/43/25 3035/46/25 3016/45/25 2932/44/25
f 2939/14/20 3030/15/20 3035/46/20 2941/43/20
f 2960/47/20 2958/48/20 3037/36/20 2942/35/20
f 2935/2/20 3022/3/20 3039/34/20 2943/33/20
f 2909/49/20 2935/2/20 2943/33/20 2925/50/20
f 2961/51/20 2960/47/20 2942/35/20 2923/52/20
f 2917/53/20 2939/14/20 2941/43/20 2921/54/20
f 2898/55/19 2932/17/19 2940/18/19 2919/56/19
f 2897/57/18 2931/13/18 2939/14/18 2917/53/18
f 2949/58/20 2948/37/20 2938/38/20 2915/59/20
f 2896/60/17 2930/9/17 2937/10/17 2913/61/17
f 2895/62/16 2929/5/16 2936/6/16 2911/63/16
f 2894/64/26 2928/1/26 2935/2/26 2909/49/26
f 2893/62/20 2927/5/20 2934/29/20 2907/65/20
f 2919/56/20 2940/18/20 2933/1/20 2899/64/20
f 2921/54/25 2941/43/25 2932/44/25 2898/66/25
f 2915/59/24 2938/38/24 2931/41/24 2897/67/24
f 2923/52/23 2942/35/23 2930/30/23 2896/68/23
f 2925/50/22 2943/33/22 2929/17/22 2895/55/22
f 2907/65/21 2934/29/21 2928/30/21 2894/68/21
f 2903/172/13 2867/72/13 2878/71/13 2914/173/13
f 2918/174/13 2882/76/13 2886/75/13 2922/175/13
f 2909/176/14 2873/80/14 2858/79/14 2894/177/14
f 2893/130/15 2857/84/15 2891/83/15 2927/129/15
f 2904/178/13 2868/88/13 2876/87/13 2912/179/13
f 2910/180/13 2874/92/13 2890/91/13 2926/181/13
f 2905/182/13 2869/94/13 2874/92/13 2910/180/13
f 2919/183/14 2883/98/14 2862/97/14 2898/184/14
f 2906/185/13 2870/102/13 2872/101/13 2908/186/13
f 2920/187/13 2884/106/13 2864/105/13 2900/188/13
f 2911/189/14 2875/110/14 2859/109/14 2895/190/14
f 2927/129/15 2891/83/15 3002/191/15 3007/192/15
f 2962/193/13 2964/114/13 2888/113/13 2924/194/13
f 2921/195/14 2885/118/14 2881/117/14 2917/196/14
f 2894/177/14 2858/79/14 2871/120/14 2907/197/14
f 2922/175/13 2886/75/13 2865/122/13 2901/198/13
f 2895/190/14 2859/109/14 2889/124/14 2925/199/14
f 2913/200/14 2877/128/14 2860/127/14 2896/201/14
f 2933/82/6 2892/132/6 2863/131/6 2899/81/6
f 2896/201/14 2860/127/14 2887/134/14 2923/202/14
f 2950/203/13 2952/138/13 2880/137/13 2916/204/13
f 2961/205/14 2963/140/14 2875/110/14 2911/189/14
f 2897/206/14 2861/144/14 2879/143/14 2915/207/14
f 2924/194/13 2888/113/13 2867/72/13 2903/172/13
f 2898/184/14 2862/97/14 2885/118/14 2921/195/14
f 2949/208/14 2951/146/14 2877/128/14 2913/200/14
f 2900/209/6 2864/24/6 3004/23/6 3019/210/6
f 2899/211/14 2863/150/14 2883/98/14 2919/183/14
f 2916/204/13 2880/137/13 2866/152/13 2902/212/13
f 2907/197/14 2871/120/14 2857/154/14 2893/213/14
f 2925/199/14 2889/124/14 2873/80/14 2909/176/14
f 2901/198/13 2865/122/13 2884/106/13 2920/187/13
f 2908/186/13 2872/101/13 2869/94/13 2905/182/13
f 2926/181/13 2890/91/13 2868/88/13 2904/178/13
f 2902/212/13 2866/152/13 2882/76/13 2918/174/13
f 2917/196/14 2881/117/14 2861/144/14 2897/206/14
f 3006/155/20 2906/156/20 2908/214/20 3020/215/20
f 3018/216/6 3005/217/6 2892/132/6 2933/82/6
f 2959/218/20 2962/219/20 2924/220/20 3036/221/20
f 2947/222/20 2950/223/20 2916/224/20 3028/225/20
f 3034/226/25 2922/227/25 2901/228/25 3017/229/25
f 3028/225/24 2916/224/24 2902/230/24 3015/231/24
f 3031/166/20 2918/165/20 2922/227/20 3034/226/20
f 3036/221/23 2924/220/23 2903/232/23 3013/233/23
f 3038/171/22 2926/170/22 2904/168/22 3011/167/22
f 3020/215/21 2908/214/21 2905/232/21 3009/233/21
f 3009/25/26 2905/28/26 2910/27/26 3023/169/26
f 3032/147/20 2920/148/20 2900/28/20 3019/25/20
f 2932/17/19 3016/20/19 3033/19/19 2940/18/19
f 2931/13/18 3014/16/18 3030/15/18 2939/14/18
f 2930/9/17 3012/12/17 3026/11/17 2937/10/17
f 2929/5/16 3010/8/16 3024/7/16 2936/6/16
f 2928/1/26 3008/4/26 3022/3/26 2935/2/26
f 2984/26/10 3001/171/10 2839/170/10 2823/27/10
f 2969/155/10 2983/215/10 2821/214/10 2819/156/10
f 2957/218/10 2999/221/10 2837/220/10 2967/219/10
f 2945/222/10 2991/225/10 2829/224/10 2955/223/10
f 3006/22/15 3003/234/15 2870/235/15 2906/21/15
f 2853/18/10 2846/1/10 2981/4/10 2994/19/10
f 2978/167/5 2995/147/5 2833/148/5 2814/168/5
f 2992/166/10 2997/226/10 2835/227/10 2831/165/10
f 2976/163/4 2992/166/4 2831/165/4 2815/164/4
f 2974/159/3 2988/162/3 2827/161/3 2816/160/3
f 2972/155/2 2986/158/2 2825/157/2 2817/156/2
f 2840/82/15 2968/216/15 3002/191/15 2891/83/15
f 2981/192/6 2846/129/6 2892/132/6 3005/217/6
f 2997/226/12 2978/229/12 2814/228/12 2835/227/12
f 2991/225/11 2976/231/11 2815/230/11 2829/224/11
f 2999/221/9 2974/233/9 2816/232/9 2837/220/9
f 3001/171/8 2972/167/8 2817/168/8 2839/170/8
f 2983/215/7 2970/233/7 2818/232/7 2821/214/7
f 3005/217/6 3018/216/6 3019/210/6 3004/23/6
f 3003/234/15 3006/22/15 3007/192/15 3002/191/15
f 3023/169/20 3038/171/20 3039/34/20 3022/3/20
f 3031/166/20 3034/226/20 3035/46/20 3030/15/20
f 3017/167/19 3032/147/19 3033/19/19 3016/20/19
f 3015/163/18 3031/166/18 3030/15/18 3014/16/18
f 2947/222/20 3028/225/20 3029/39/20 2946/40/20
f 3011/155/16 3025/158/16 3024/7/16 3010/8/16
f 3009/25/26 3023/169/26 3022/3/26 3008/4/26
f 3006/155/20 3020/215/20 3021/32/20 3007/8/20
f 3032/147/20 3019/25/20 3018/4/20 3033/19/20
f 3034/226/25 3017/229/25 3016/45/25 3035/46/25
f 3028/225/24 3015/231/24 3014/42/24 3029/39/24
f 3038/171/22 3011/167/22 3010/20/22 3039/34/22
f 3020/215/21 3009/233/21 3008/31/21 3021/32/21
f 2981/192/6 3005/217/6 3004/23/6 2980/22/6
f 2969/210/15 3003/234/15 3002/191/15 2968/216/15
f 3001/171/10 2984/26/10 2985/3/10 3000/34/10
f 2957/218/10 2986/158/10 2987/7/10 2956/48/10
f 2997/226/10 2992/166/10 2993/15/10 2996/46/10
f 2995/147/5 2978/167/5 2979/20/5 2994/19/5
f 2992/166/4 2976/163/4 2977/16/4 2993/15/4
f 2986/158/2 2972/155/2 2973/8/2 2987/7/2
f 2984/26/1 2970/25/1 2971/4/1 2985/3/1
f 2983/215/10 2969/155/10 2968/8/10 2982/32/10
f 2980/25/10 2995/147/10 2994/19/10 2981/4/10
f 2978/229/12 2997/226/12 2996/46/12 2979/45/12
f 2976/231/11 2991/225/11 2990/39/11 2977/42/11
f 2972/167/8 3001/171/8 3000/34/8 2973/20/8
f 2970/233/7 2983/215/7 2982/32/7 2971/31/7
f 2969/210/15 2819/209/15 2870/235/15 3003/234/15
f 3025/158/20 2959/218/20 2958/48/20 3024/7/20
f 2986/158/10 2957/218/10 2967/219/10 2825/157/10
f 3025/158/20 2912/157/20 2962/219/20 2959/218/20
f 2923/202/14 2887/134/14 2963/140/14 2961/205/14
f 2912/179/13 2876/87/13 2964/114/13 2962/193/13
f 2911/63/20 2936/6/20 2960/47/20 2961/51/20
f 2936/6/20 3024/7/20 2958/48/20 2960/47/20
f 2836/133/14 2966/139/14 2963/140/14 2887/134/14
f 2825/86/13 2967/111/13 2964/114/13 2876/87/13
f 2824/63/10 2966/51/10 2965/47/10 2849/6/10
f 2849/6/10 2965/47/10 2956/48/10 2987/7/10
f 2991/225/10 2945/222/10 2944/40/10 2990/39/10
f 2988/162/10 2945/222/10 2955/223/10 2827/161/10
f 3027/162/20 2914/161/20 2950/223/20 2947/222/20
f 2915/207/14 2879/143/14 2951/146/14 2949/208/14
f 2914/173/13 2878/71/13 2952/138/13 2950/203/13
f 2913/61/20 2937/10/20 2948/37/20 2949/58/20
f 2937/10/20 3026/11/20 2946/40/20 2948/37/20
f 2828/142/14 2954/145/14 2951/146/14 2879/143/14
f 2827/70/13 2955/135/13 2952/138/13 2878/71/13
f 2826/61/10 2954/58/10 2953/37/10 2850/10/10
f 2850/10/10 2953/37/10 2944/40/10 2989/11/10
f 2959/236/14 3036/237/14 2999/238/14 2957/239/14
f 3036/237/14 3013/240/14 2974/241/14 2999/238/14
f 3013/240/14 3027/242/14 2988/243/14 2974/241/14
f 3027/242/14 2947/244/14 2945/245/14 2988/243/14
f 2947/246/15 2946/247/15 2944/248/15 2945/249/15
f 2946/250/13 3026/251/13 2989/252/13 2944/253/13
f 3026/251/13 3012/254/13 2975/255/13 2989/252/13
f 3012/254/13 3037/238/13 2998/237/13 2975/255/13
f 3037/238/13 2958/247/13 2956/248/13 2998/237/13
f 2958/248/6 2959/249/6 2957/246/6 2956/247/6
usemtl MI_MetalOrnaments
f 49/256/27 48/257/28 2/258/29 3/259/30
f 5/260/31 10/261/32 36/262/33
f 51/263/34 50/264/35 4/265/36 5/260/31
f 1/266/37 6/267/38 7/268/39 2/258/29
f 36/262/33 51/263/34 5/260/31
f 2/258/29 7/268/39 8/269/40 3/259/30
f 10/261/32 15/270/41 36/262/33
f 3/259/30 8/269/40 9/271/42 4/265/36
f 4/265/36 9/271/42 10/261/32 5/260/31
f 6/267/38 11/272/43 12/273/44 7/268/39
f 11/272/43 16/274/45 17/275/46 12/273/44
f 7/268/39 12/273/44 13/276/47 8/269/40
f 15/270/41 20/277/48 36/262/33
f 8/269/40 13/276/47 14/278/49 9/271/42
f 9/271/42 14/278/49 15/270/41 10/261/32
f 13/276/47 18/279/50 19/280/51 14/278/49
f 14/278/49 19/280/51 20/277/48 15/270/41
f 16/274/45 21/281/52 22/282/53 17/275/46
f 12/273/44 17/275/46 18/279/50 13/276/47
f 20/277/48 25/283/54 36/262/33
f 17/275/46 22/282/53 23/284/55 18/279/50
f 25/283/54 30/285/56 36/262/33
f 18/279/50 23/284/55 24/286/57 19/280/51
f 19/280/51 24/286/57 25/283/54 20/277/48
f 21/281/52 26/287/58 27/288/59 22/282/53
f 24/286/57 29/289/60 30/285/56 25/283/54
f 26/287/58 31/290/61 32/291/62 27/288/59
f 22/282/53 27/288/59 28/292/63 23/284/55
f 30/285/56 35/293/64 36/262/33
f 23/284/55 28/292/63 29/289/60 24/286/57
f 28/292/63 33/294/65 34/295/66 29/289/60
f 29/289/60 34/295/66 35/293/64 30/285/56
f 31/290/61 37/296/67 38/297/68 32/291/62
f 27/288/59 32/291/62 33/294/65 28/292/63
f 35/293/64 41/298/69 36/262/33
f 37/296/67 42/299/70 43/300/71 38/297/68
f 32/291/62 38/297/68 39/301/72 33/294/65
f 41/298/69 46/302/73 36/262/33
f 33/294/65 39/301/72 40/303/74 34/295/66
f 34/295/66 40/303/74 41/298/69 35/293/64
f 40/303/74 45/304/75 46/302/73 41/298/69
f 42/299/70 47/305/76 48/257/28 43/300/71
f 38/297/68 43/300/71 44/306/77 39/301/72
f 46/302/73 51/263/34 36/262/33
f 39/301/72 44/306/77 45/304/75 40/303/74
f 44/306/77 49/256/27 50/264/35 45/304/75
f 45/304/75 50/264/35 51/263/34 46/302/73
f 48/257/28 47/305/76 1/266/37 2/258/29
f 43/300/71 48/257/28 49/256/27 44/306/77
f 50/264/35 49/256/27 3/259/30 4/265/36
f 100/256/27 99/257/28 53/258/29 54/259/30
f 56/260/31 61/261/32 87/262/33
f 102/263/34 101/264/35 55/265/36 56/260/31
f 52/266/37 57/267/38 58/268/39 53/258/29
f 87/262/33 102/263/34 56/260/31
f 53/258/29 58/268/39 59/269/40 54/259/30
f 61/261/32 66/270/41 87/262/33
f 54/259/30 59/269/40 60/271/42 55/265/36
f 55/265/36 60/271/42 61/261/32 56/260/31
f 57/267/38 62/272/43 63/273/44 58/268/39
f 62/272/43 67/274/45 68/275/46 63/273/44
f 58/268/39 63/273/44 64/276/47 59/269/40
f 66/270/41 71/277/48 87/262/33
f 59/269/40 64/276/47 65/278/49 60/271/42
f 60/271/42 65/278/49 66/270/41 61/261/32
f 64/276/47 69/279/50 70/280/51 65/278/49
f 65/278/49 70/280/51 71/277/48 66/270/41
f 67/274/45 72/281/52 73/282/53 68/275/46
f 63/273/44 68/275/46 69/279/50 64/276/47
f 71/277/48 76/283/54 87/262/33
f 68/275/46 73/282/53 74/284/55 69/279/50
f 76/283/54 81/285/56 87/262/33
f 69/279/50 74/284/55 75/286/57 70/280/51
f 70/280/51 75/286/57 76/283/54 71/277/48
f 72/281/52 77/287/58 78/288/59 73/282/53
f 75/286/57 80/289/60 81/285/56 76/283/54
f 77/287/58 82/290/61 83/291/62 78/288/59
f 73/282/53 78/288/59 79/292/63 74/284/55
f 81/285/56 86/293/64 87/262/33
f 74/284/55 79/292/63 80/289/60 75/286/57
f 79/292/63 84/294/65 85/295/66 80/289/60
f 80/289/60 85/295/66 86/293/64 81/285/56
f 82/290/61 88/296/67 89/297/68 83/291/62
f 78/288/59 83/291/62 84/294/65 79/292/63
f 86/293/64 92/298/69 87/262/33
f 88/296/67 93/299/70 94/300/71 89/297/68
f 83/291/62 89/297/68 90/301/72 84/294/65
f 92/298/69 97/302/73 87/262/33
f 84/294/65 90/301/72 91/303/74 85/295/66
f 85/295/66 91/303/74 92/298/69 86/293/64
f 91/303/74 96/304/75 97/302/73 92/298/69
f 93/299/70 98/305/76 99/257/28 94/300/71
f 89/297/68 94/300/71 95/306/77 90/301/72
f 97/302/73 102/263/34 87/262/33
f 90/301/72 95/306/77 96/304/75 91/303/74
f 95/306/77 100/256/27 101/264/35 96/304/75
f 96/304/75 101/264/35 102/263/34 97/302/73
f 99/257/28 98/305/76 52/266/37 53/258/29
f 94/300/71 99/257/28 100/256/27 95/306/77
f 101/264/35 100/256/27 54/259/30 55/265/36
f 151/256/27 150/257/28 104/258/29 105/259/30
f 107/260/31 112/261/32 138/262/33
f 153/263/34 152/264/35 106/265/36 107/260/31
f 103/266/37 108/267/38 109/268/39 104/258/29
f 138/262/33 153/263/34 107/260/31
f 104/258/29 109/268/39 110/269/40 105/259/30
f 112/261/32 117/270/41 138/262/33
f 105/259/30 110/269/40 111/271/42 106/265/36
f 106/265/36 111/271/42 112/261/32 107/260/31
f 108/267/38 113/272/43 114/273/44 109/268/39
f 113/272/43 118/274/45 119/275/46 114/273/44
f 109/268/39 114/273/44 115/276/47 110/269/40
f 117/270/41 122/277/48 138/262/33
f 110/269/40 115/276/47 116/278/49 111/271/42
f 111/271/42 116/278/49 117/270/41 112/261/32
f 115/276/47 120/279/50 121/280/51 116/278/49
f 116/278/49 121/280/51 122/277/48 117/270/41
f 118/274/45 123/281/52 124/282/53 119/275/46
f 114/273/44 119/275/46 120/279/50 115/276/47
f 122/277/48 127/283/54 138/262/33
f 119/275/46 124/282/53 125/284/55 120/279/50
f 127/283/54 132/285/56 138/262/33
f 120/279/50 125/284/55 126/286/57 121/280/51
f 121/280/51 126/286/57 127/283/54 122/277/48
f 123/281/52 128/287/58 129/288/59 124/282/53
f 126/286/57 131/289/60 132/285/56 127/283/54
f 128/287/58 133/290/61 134/291/62 129/288/59
f 124/282/53 129/288/59 130/292/63 125/284/55
f 132/285/56 137/293/64 138/262/33
f 125/284/55 130/292/63 131/289/60 126/286/57
f 130/292/63 135/294/65 136/295/66 131/289/60
f 131/289/60 136/295/66 137/293/64 132/285/56
f 133/290/61 139/296/67 140/297/68 134/291/62
f 129/288/59 134/291/62 135/294/65 130/292/63
f 137/293/64 143/298/69 138/262/33
f 139/296/67 144/299/70 145/300/71 140/297/68
f 134/291/62 140/297/68 141/301/72 135/294/65
f 143/298/69 148/302/73 138/262/33
f 135/294/65 141/301/72 142/303/74 136/295/66
f 136/295/66 142/303/74 143/298/69 137/293/64
f 142/303/74 147/304/75 148/302/73 143/298/69
f 144/299/70 149/305/76 150/257/28 145/300/71
f 140/297/68 145/300/71 146/306/77 141/301/72
f 148/302/73 153/263/34 138/262/33
f 141/301/72 146/306/77 147/304/75 142/303/74
f 146/306/77 151/256/27 152/264/35 147/304/75
f 147/304/75 152/264/35 153/263/34 148/302/73
f 150/257/28 149/305/76 103/266/37 104/258/29
f 145/300/71 150/257/28 151/256/27 146/306/77
f 152/264/35 151/256/27 105/259/30 106/265/36
f 202/256/27 201/257/28 155/258/29 156/259/30
f 158/260/31 163/261/32 189/262/33
f 204/263/34 203/264/35 157/265/36 158/260/31
f 154/266/37 159/267/38 160/268/39 155/258/29
f 189/262/33 204/263/34 158/260/31
f 155/258/29 160/268/39 161/269/40 156/259/30
f 163/261/32 168/270/41 189/262/33
f 156/259/30 161/269/40 162/271/42 157/265/36
f 157/265/36 162/271/42 163/261/32 158/260/31
f 159/267/38 164/272/43 165/273/44 160/268/39
f 164/272/43 169/274/45 170/275/46 165/273/44
f 160/268/39 165/273/44 166/276/47 161/269/40
f 168/270/41 173/277/48 189/262/33
f 161/269/40 166/276/47 167/278/49 162/271/42
f 162/271/42 167/278/49 168/270/41 163/261/32
f 166/276/47 171/279/50 172/280/51 167/278/49
f 167/278/49 172/280/51 173/277/48 168/270/41
f 169/274/45 174/281/52 175/282/53 170/275/46
f 165/273/44 170/275/46 171/279/50 166/276/47
f 173/277/48 178/283/54 189/262/33
f 170/275/46 175/282/53 176/284/55 171/279/50
f 178/283/54 183/285/56 189/262/33
f 171/279/50 176/284/55 177/286/57 172/280/51
f 172/280/51 177/286/57 178/283/54 173/277/48
f 174/281/52 179/287/58 180/288/59 175/282/53
f 177/286/57 182/289/60 183/285/56 178/283/54
f 179/287/58 184/290/61 185/291/62 180/288/59
f 175/282/53 180/288/59 181/292/63 176/284/55
f 183/285/56 188/293/64 189/262/33
f 176/284/55 181/292/63 182/289/60 177/286/57
f 181/292/63 186/294/65 187/295/66 182/289/60
f 182/289/60 187/295/66 188/293/64 183/285/56
f 184/290/61 190/296/67 191/297/68 185/291/62
f 180/288/59 185/291/62 186/294/65 181/292/63
f 188/293/64 194/298/69 189/262/33
f 190/296/67 195/299/70 196/300/71 191/297/68
f 185/291/62 191/297/68 192/301/72 186/294/65
f 194/298/69 199/302/73 189/262/33
f 186/294/65 192/301/72 193/303/74 187/295/66
f 187/295/66 193/303/74 194/298/69 188/293/64
f 193/303/74 198/304/75 199/302/73 194/298/69
f 195/299/70 200/305/76 201/257/28 196/300/71
f 191/297/68 196/300/71 197/306/77 192/301/72
f 199/302/73 204/263/34 189/262/33
f 192/301/72 197/306/77 198/304/75 193/303/74
f 197/306/77 202/256/27 203/264/35 198/304/75
f 198/304/75 203/264/35 204/263/34 199/302/73
f 201/257/28 200/305/76 154/266/37 155/258/29
f 196/300/71 201/257/28 202/256/27 197/306/77
f 203/264/35 202/256/27 156/259/30 157/265/36
f 253/256/27 252/257/28 206/258/29 207/259/30
f 209/260/31 214/261/32 240/262/33
f 255/263/34 254/264/35 208/265/36 209/260/31
f 205/266/37 210/267/38 211/268/39 206/258/29
f 240/262/33 255/263/34 209/260/31
f 206/258/29 211/268/39 212/269/40 207/259/30
f 214/261/32 219/270/41 240/262/33
f 207/259/30 212/269/40 213/271/42 208/265/36
f 208/265/36 213/271/42 214/261/32 209/260/31
f 210/267/38 215/272/43 216/273/44 211/268/39
f 215/272/43 220/274/45 221/275/46 216/273/44
f 211/268/39 216/273/44 217/276/47 212/269/40
f 219/270/41 224/277/48 240/262/33
f 212/269/40 217/276/47 218/278/49 213/271/42
f 213/271/42 218/278/49 219/270/41 214/261/32
f 217/276/47 222/279/50 223/280/51 218/278/49
f 218/278/49 223/280/51 224/277/48 219/270/41
f 220/274/45 225/281/52 226/282/53 221/275/46
f 216/273/44 221/275/46 222/279/50 217/276/47
f 224/277/48 229/283/54 240/262/33
f 221/275/46 226/282/53 227/284/55 222/279/50
f 229/283/54 234/285/56 240/262/33
f 222/279/50 227/284/55 228/286/57 223/280/51
f 223/280/51 228/286/57 229/283/54 224/277/48
f 225/281/52 230/287/58 231/288/59 226/282/53
f 228/286/57 233/289/60 234/285/56 229/283/54
f 230/287/58 235/290/61 236/291/62 231/288/59
f 226/282/53 231/288/59 232/292/63 227/284/55
f 234/285/56 239/293/64 240/262/33
f 227/284/55 232/292/63 233/289/60 228/286/57
f 232/292/63 237/294/65 238/295/66 233/289/60
f 233/289/60 238/295/66 239/293/64 234/285/56
f 235/290/61 241/296/67 242/297/68 236/291/62
f 231/288/59 236/291/62 237/294/65 232/292/63
f 239/293/64 245/298/69 240/262/33
f 241/296/67 246/299/70 247/300/71 242/297/68
f 236/291/62 242/297/68 243/301/72 237/294/65
f 245/298/69 250/302/78 240/262/33
f 237/294/65 243/301/72 244/303/74 238/295/66
f 238/295/66 244/303/74 245/298/69 239/293/64
f 244/303/74 249/304/79 250/302/78 245/298/69
f 246/299/70 251/305/76 252/257/28 247/300/71
f 242/297/68 247/300/71 248/306/77 243/301/72
f 250/302/78 255/263/34 240/262/33
f 243/301/72 248/306/77 249/304/79 244/303/74
f 248/306/77 253/256/27 254/264/35 249/304/79
f 249/304/79 254/264/35 255/263/34 250/302/78
f 252/257/28 251/305/76 205/266/37 206/258/29
f 247/300/71 252/257/28 253/256/27 248/306/77
f 254/264/35 253/256/27 207/259/30 208/265/36
f 304/256/27 303/257/28 257/258/29 258/259/30
f 260/260/31 265/261/80 291/262/33
f 306/263/34 305/264/35 259/265/36 260/260/31
f 256/266/37 261/267/38 262/268/39 257/258/29
f 291/262/33 306/263/34 260/260/31
f 257/258/29 262/268/39 263/269/40 258/259/30
f 265/261/80 270/270/41 291/262/33
f 258/259/30 263/269/40 264/271/42 259/265/36
f 259/265/36 264/271/42 265/261/80 260/260/31
f 261/267/38 266/272/43 267/273/44 262/268/39
f 266/272/43 271/274/45 272/275/46 267/273/44
f 262/268/39 267/273/44 268/276/47 263/269/40
f 270/270/41 275/277/81 291/262/33
f 263/269/40 268/276/47 269/278/49 264/271/42
f 264/271/42 269/278/49 270/270/41 265/261/80
f 268/276/47 273/279/50 274/280/51 269/278/49
f 269/278/49 274/280/51 275/277/81 270/270/41
f 271/274/45 276/281/52 277/282/53 272/275/46
f 267/273/44 272/275/46 273/279/50 268/276/47
f 275/277/81 280/283/54 291/262/33
f 272/275/46 277/282/53 278/284/55 273/279/50
f 280/283/54 285/285/56 291/262/33
f 273/279/50 278/284/55 279/286/57 274/280/51
f 274/280/51 279/286/57 280/283/54 275/277/81
f 276/281/52 281/287/58 282/288/59 277/282/53
f 279/286/57 284/289/60 285/285/56 280/283/54
f 281/287/58 286/290/61 287/291/62 282/288/59
f 277/282/53 282/288/59 283/292/63 278/284/55
f 285/285/56 290/293/64 291/262/33
f 278/284/55 283/292/63 284/289/60 279/286/57
f 283/292/63 288/294/65 289/295/66 284/289/60
f 284/289/60 289/295/66 290/293/64 285/285/56
f 286/290/61 292/296/67 293/297/68 287/291/62
f 282/288/59 287/291/62 288/294/65 283/292/63
f 290/293/64 296/298/69 291/262/33
f 292/296/67 297/299/70 298/300/71 293/297/68
f 287/291/62 293/297/68 294/301/72 288/294/65
f 296/298/69 301/302/73 291/262/33
f 288/294/65 294/301/72 295/303/74 289/295/66
f 289/295/66 295/303/74 296/298/69 290/293/64
f 295/303/74 300/304/75 301/302/73 296/298/69
f 297/299/70 302/305/76 303/257/28 298/300/71
f 293/297/68 298/300/71 299/306/77 294/301/72
f 301/302/73 306/263/34 291/262/33
f 294/301/72 299/306/77 300/304/75 295/303/74
f 299/306/77 304/256/27 305/264/35 300/304/75
f 300/304/75 305/264/35 306/263/34 301/302/73
f 303/257/28 302/305/76 256/266/37 257/258/29
f 298/300/71 303/257/28 304/256/27 299/306/77
f 305/264/35 304/256/27 258/259/30 259/265/36
f 355/256/27 354/257/28 308/258/29 309/259/30
f 311/260/31 316/261/32 342/262/82
f 357/263/34 356/264/35 310/265/36 311/260/31
f 307/266/37 312/267/38 313/268/39 308/258/29
f 342/262/82 357/263/34 311/260/31
f 308/258/29 313/268/39 314/269/40 309/259/30
f 316/261/32 321/270/41 342/262/82
f 309/259/30 314/269/40 315/271/83 310/265/36
f 310/265/36 315/271/83 316/261/32 311/260/31
f 312/267/38 317/272/43 318/273/44 313/268/39
f 317/272/43 322/274/45 323/275/46 318/273/44
f 313/268/39 318/273/44 319/276/47 314/269/40
f 321/270/41 326/277/48 342/262/82
f 314/269/40 319/276/47 320/278/49 315/271/83
f 315/271/83 320/278/49 321/270/41 316/261/32
f 319/276/47 324/279/84 325/280/85 320/278/49
f 320/278/49 325/280/85 326/277/48 321/270/41
f 322/274/45 327/281/52 328/282/53 323/275/46
f 318/273/44 323/275/46 324/279/84 319/276/47
f 326/277/48 331/283/54 342/262/82
f 323/275/46 328/282/53 329/284/55 324/279/84
f 331/283/54 336/285/56 342/262/82
f 324/279/84 329/284/55 330/286/57 325/280/85
f 325/280/85 330/286/57 331/283/54 326/277/48
f 327/281/52 332/287/58 333/288/59 328/282/53
f 330/286/57 335/289/60 336/285/56 331/283/54
f 332/287/58 337/290/61 338/291/62 333/288/59
f 328/282/53 333/288/59 334/292/63 329/284/55
f 336/285/56 341/293/64 342/262/82
f 329/284/55 334/292/63 335/289/60 330/286/57
f 334/292/63 339/294/86 340/295/66 335/289/60
f 335/289/60 340/295/66 341/293/64 336/285/56
f 337/290/61 343/296/67 344/297/68 338/291/62
f 333/288/59 338/291/62 339/294/86 334/292/63
f 341/293/64 347/298/69 342/262/82
f 343/296/67 348/299/70 349/300/71 344/297/68
f 338/291/62 344/297/68 345/301/72 339/294/86
f 347/298/69 352/302/73 342/262/82
f 339/294/86 345/301/72 346/303/74 340/295/66
f 340/295/66 346/303/74 347/298/69 341/293/64
f 346/303/74 351/304/79 352/302/73 347/298/69
f 348/299/70 353/305/76 354/257/28 349/300/71
f 344/297/68 349/300/71 350/306/77 345/301/72
f 352/302/73 357/263/34 342/262/82
f 345/301/72 350/306/77 351/304/79 346/303/74
f 350/306/77 355/256/27 356/264/35 351/304/79
f 351/304/79 356/264/35 357/263/34 352/302/73
f 354/257/28 353/305/76 307/266/37 308/258/29
f 349/300/71 354/257/28 355/256/27 350/306/77
f 356/264/35 355/256/27 309/259/30 310/265/36
f 406/256/27 405/257/28 359/258/29 360/259/30
f 362/260/31 367/261/32 393/262/82
f 408/263/34 407/264/35 361/265/36 362/260/31
f 358/266/37 363/267/38 364/268/39 359/258/29
f 393/262/82 408/263/34 362/260/31
f 359/258/29 364/268/39 365/269/40 360/259/30
f 367/261/32 372/270/41 393/262/82
f 360/259/30 365/269/40 366/271/83 361/265/36
f 361/265/36 366/271/83 367/261/32 362/260/31
f 363/267/38 368/272/43 369/273/44 364/268/39
f 368/272/43 373/274/45 374/275/46 369/273/44
f 364/268/39 369/273/44 370/276/47 365/269/40
f 372/270/41 377/277/87 393/262/82
f 365/269/40 370/276/47 371/278/49 366/271/83
f 366/271/83 371/278/49 372/270/41 367/261/32
f 370/276/47 375/279/84 376/280/85 371/278/49
f 371/278/49 376/280/85 377/277/87 372/270/41
f 373/274/45 378/281/52 379/282/53 374/275/46
f 369/273/44 374/275/46 375/279/84 370/276/47
f 377/277/87 382/283/54 393/262/82
f 374/275/46 379/282/53 380/284/55 375/279/84
f 382/283/54 387/285/56 393/262/82
f 375/279/84 380/284/55 381/286/57 376/280/85
f 376/280/85 381/286/57 382/283/54 377/277/87
f 378/281/52 383/287/58 384/288/59 379/282/53
f 381/286/57 386/289/60 387/285/56 382/283/54
f 383/287/58 388/290/61 389/291/62 384/288/59
f 379/282/53 384/288/59 385/292/63 380/284/55
f 387/285/56 392/293/64 393/262/82
f 380/284/55 385/292/63 386/289/60 381/286/57
f 385/292/63 390/294/86 391/295/66 386/289/60
f 386/289/60 391/295/66 392/293/64 387/285/56
f 388/290/61 394/296/67 395/297/68 389/291/62
f 384/288/59 389/291/62 390/294/86 385/292/63
f 392/293/64 398/298/69 393/262/82
f 394/296/67 399/299/70 400/300/71 395/297/68
f 389/291/62 395/297/68 396/301/72 390/294/86
f 398/298/69 403/302/73 393/262/82
f 390/294/86 396/301/72 397/303/74 391/295/66
f 391/295/66 397/303/74 398/298/69 392/293/64
f 397/303/74 402/304/79 403/302/73 398/298/69
f 399/299/70 404/305/76 405/257/28 400/300/71
f 395/297/68 400/300/71 401/306/77 396/301/72
f 403/302/73 408/263/34 393/262/82
f 396/301/72 401/306/77 402/304/79 397/303/74
f 401/306/77 406/256/27 407/264/35 402/304/79
f 402/304/79 407/264/35 408/263/34 403/302/73
f 405/257/28 404/305/76 358/266/37 359/258/29
f 400/300/71 405/257/28 406/256/27 401/306/77
f 407/264/35 406/256/27 360/259/30 361/265/36
f 457/256/27 456/257/28 410/258/29 411/259/30
f 413/260/31 418/261/32 444/262/82
f 459/263/34 458/264/35 412/265/36 413/260/31
f 409/266/37 414/267/38 415/268/39 410/258/29
f 444/262/82 459/263/34 413/260/31
f 410/258/29 415/268/39 416/269/40 411/259/30
f 418/261/32 423/270/41 444/262/82
f 411/259/30 416/269/40 417/271/83 412/265/36
f 412/265/36 417/271/83 418/261/32 413/260/31
f 414/267/38 419/272/43 420/273/44 415/268/39
f 419/272/43 424/274/45 425/275/46 420/273/44
f 415/268/39 420/273/44 421/276/47 416/269/40
f 423/270/41 428/277/48 444/262/82
f 416/269/40 421/276/47 422/278/49 417/271/83
f 417/271/83 422/278/49 423/270/41 418/261/32
f 421/276/47 426/279/84 427/280/85 422/278/49
f 422/278/49 427/280/85 428/277/48 423/270/41
f 424/274/45 429/281/52 430/282/53 425/275/46
f 420/273/44 425/275/46 426/279/84 421/276/47
f 428/277/48 433/283/54 444/262/82
f 425/275/46 430/282/53 431/284/55 426/279/84
f 433/283/54 438/285/56 444/262/82
f 426/279/84 431/284/55 432/286/57 427/280/85
f 427/280/85 432/286/57 433/283/54 428/277/48
f 429/281/52 434/287/58 435/288/59 430/282/53
f 432/286/57 437/289/60 438/285/56 433/283/54
f 434/287/58 439/290/61 440/291/62 435/288/59
f 430/282/53 435/288/59 436/292/63 431/284/55
f 438/285/56 443/293/64 444/262/82
f 431/284/55 436/292/63 437/289/60 432/286/57
f 436/292/63 441/294/86 442/295/66 437/289/60
f 437/289/60 442/295/66 443/293/64 438/285/56
f 439/290/61 445/296/67 446/297/68 440/291/62
f 435/288/59 440/291/62 441/294/86 436/292/63
f 443/293/64 449/298/69 444/262/82
f 445/296/67 450/299/70 451/300/71 446/297/68
f 440/291/62 446/297/68 447/301/72 441/294/86
f 449/298/69 454/302/73 444/262/82
f 441/294/86 447/301/72 448/303/74 442/295/66
f 442/295/66 448/303/74 449/298/69 443/293/64
f 448/303/74 453/304/79 454/302/73 449/298/69
f 450/299/70 455/305/76 456/257/28 451/300/71
f 446/297/68 451/300/71 452/306/77 447/301/72
f 454/302/73 459/263/34 444/262/82
f 447/301/72 452/306/77 453/304/79 448/303/74
f 452/306/77 457/256/27 458/264/35 453/304/79
f 453/304/79 458/264/35 459/263/34 454/302/73
f 456/257/28 455/305/76 409/266/37 410/258/29
f 451/300/71 456/257/28 457/256/27 452/306/77
f 458/264/35 457/256/27 411/259/30 412/265/36
f 508/256/27 507/257/28 461/258/29 462/259/30
f 464/260/31 469/261/32 495/262/82
f 510/263/34 509/264/35 463/265/36 464/260/31
f 460/266/37 465/267/38 466/268/39 461/258/29
f 495/262/82 510/263/34 464/260/31
f 461/258/29 466/268/39 467/269/40 462/259/30
f 469/261/32 474/270/41 495/262/82
f 462/259/30 467/269/40 468/271/83 463/265/36
f 463/265/36 468/271/83 469/261/32 464/260/31
f 465/267/38 470/272/43 471/273/44 466/268/39
f 470/272/43 475/274/45 476/275/46 471/273/44
f 466/268/39 471/273/44 472/276/47 467/269/40
f 474/270/41 479/277/87 495/262/82
f 467/269/40 472/276/47 473/278/49 468/271/83
f 468/271/83 473/278/49 474/270/41 469/261/32
f 472/276/47 477/279/84 478/280/85 473/278/49
f 473/278/49 478/280/85 479/277/87 474/270/41
f 475/274/45 480/281/52 481/282/53 476/275/46
f 471/273/44 476/275/46 477/279/84 472/276/47
f 479/277/87 484/283/54 495/262/82
f 476/275/46 481/282/53 482/284/55 477/279/84
f 484/283/54 489/285/56 495/262/82
f 477/279/84 482/284/55 483/286/57 478/280/85
f 478/280/85 483/286/57 484/283/54 479/277/87
f 480/281/52 485/287/58 486/288/59 481/282/53
f 483/286/57 488/289/60 489/285/56 484/283/54
f 485/287/58 490/290/61 491/291/62 486/288/59
f 481/282/53 486/288/59 487/292/63 482/284/55
f 489/285/56 494/293/64 495/262/82
f 482/284/55 487/292/63 488/289/60 483/286/57
f 487/292/63 492/294/86 493/295/66 488/289/60
f 488/289/60 493/295/66 494/293/64 489/285/56
f 490/290/61 496/296/67 497/297/68 491/291/62
f 486/288/59 491/291/62 492/294/86 487/292/63
f 494/293/64 500/298/69 495/262/82
f 496/296/67 501/299/70 502/300/71 497/297/68
f 491/291/62 497/297/68 498/301/72 492/294/86
f 500/298/69 505/302/73 495/262/82
f 492/294/86 498/301/72 499/303/74 493/295/66
f 493/295/66 499/303/74 500/298/69 494/293/64
f 499/303/74 504/304/79 505/302/73 500/298/69
f 501/299/70 506/305/76 507/257/28 502/300/71
f 497/297/68 502/300/71 503/306/77 498/301/72
f 505/302/73 510/263/34 495/262/82
f 498/301/72 503/306/77 504/304/79 499/303/74
f 503/306/77 508/256/27 509/264/35 504/304/79
f 504/304/79 509/264/35 510/263/34 505/302/73
f 507/257/28 506/305/76 460/266/37 461/258/29
f 502/300/71 507/257/28 508/256/27 503/306/77
f 509/264/35 508/256/27 462/259/30 463/265/36
f 559/256/27 558/257/28 512/258/29 513/259/30
f 515/260/31 520/261/32 546/262/82
f 561/263/34 560/264/35 514/265/36 515/260/31
f 511/266/37 516/267/38 517/268/39 512/258/29
f 546/262/82 561/263/34 515/260/31
f 512/258/29 517/268/39 518/269/40 513/259/30
f 520/261/32 525/270/41 546/262/82
f 513/259/30 518/269/40 519/271/83 514/265/36
f 514/265/36 519/271/83 520/261/32 515/260/31
f 516/267/38 521/272/43 522/273/44 517/268/39
f 521/272/43 526/274/45 527/275/46 522/273/44
f 517/268/39 522/273/44 523/276/47 518/269/40
f 525/270/41 530/277/87 546/262/82
f 518/269/40 523/276/47 524/278/49 519/271/83
f 519/271/83 524/278/49 525/270/41 520/261/32
f 523/276/47 528/279/84 529/280/85 524/278/49
f 524/278/49 529/280/85 530/277/87 525/270/41
f 526/274/45 531/281/52 532/282/53 527/275/46
f 522/273/44 527/275/46 528/279/84 523/276/47
f 530/277/87 535/283/54 546/262/82
f 527/275/46 532/282/53 533/284/55 528/279/84
f 535/283/54 540/285/56 546/262/82
f 528/279/84 533/284/55 534/286/57 529/280/85
f 529/280/85 534/286/57 535/283/54 530/277/87
f 531/281/52 536/287/58 537/288/59 532/282/53
f 534/286/57 539/289/60 540/285/56 535/283/54
f 536/287/58 541/290/61 542/291/62 537/288/59
f 532/282/53 537/288/59 538/292/63 533/284/55
f 540/285/56 545/293/64 546/262/82
f 533/284/55 538/292/63 539/289/60 534/286/57
f 538/292/63 543/294/86 544/295/66 539/289/60
f 539/289/60 544/295/66 545/293/64 540/285/56
f 541/290/61 547/296/67 548/297/68 542/291/62
f 537/288/59 542/291/62 543/294/86 538/292/63
f 545/293/64 551/298/88 546/262/82
f 547/296/67 552/299/89 553/300/71 548/297/68
f 542/291/62 548/297/68 549/301/72 543/294/86
f 551/298/88 556/302/78 546/262/82
f 543/294/86 549/301/72 550/303/74 544/295/66
f 544/295/66 550/303/74 551/298/88 545/293/64
f 550/303/74 555/304/79 556/302/78 551/298/88
f 552/299/89 557/305/76 558/257/28 553/300/71
f 548/297/68 553/300/71 554/306/77 549/301/72
f 556/302/78 561/263/34 546/262/82
f 549/301/72 554/306/77 555/304/79 550/303/74
f 554/306/77 559/256/27 560/264/35 555/304/79
f 555/304/79 560/264/35 561/263/34 556/302/78
f 558/257/28 557/305/76 511/266/37 512/258/29
f 553/300/71 558/257/28 559/256/27 554/306/77
f 560/264/35 559/256/27 513/259/30 514/265/36
f 610/256/27 609/257/28 563/258/29 564/259/30
f 566/260/31 571/261/80 597/262/82
f 612/263/34 611/264/35 565/265/36 566/260/31
f 562/266/37 567/267/38 568/268/39 563/258/29
f 597/262/82 612/263/34 566/260/31
f 563/258/29 568/268/39 569/269/40 564/259/30
f 571/261/80 576/270/41 597/262/82
f 564/259/30 569/269/40 570/271/42 565/265/36
f 565/265/36 570/271/42 571/261/80 566/260/31
f 567/267/38 572/272/43 573/273/44 568/268/39
f 572/272/43 577/274/45 578/275/46 573/273/44
f 568/268/39 573/273/44 574/276/47 569/269/40
f 576/270/41 581/277/48 597/262/82
f 569/269/40 574/276/47 575/278/49 570/271/42
f 570/271/42 575/278/49 576/270/41 571/261/80
f 574/276/47 579/279/84 580/280/51 575/278/49
f 575/278/49 580/280/51 581/277/48 576/270/41
f 577/274/45 582/281/52 583/282/53 578/275/46
f 573/273/44 578/275/46 579/279/84 574/276/47
f 581/277/48 586/283/54 597/262/82
f 578/275/46 583/282/53 584/284/55 579/279/84
f 586/283/54 591/285/56 597/262/82
f 579/279/84 584/284/55 585/286/57 580/280/51
f 580/280/51 585/286/57 586/283/54 581/277/48
f 582/281/52 587/287/58 588/288/59 583/282/53
f 585/286/57 590/289/60 591/285/56 586/283/54
f 587/287/58 592/290/61 593/291/62 588/288/59
f 583/282/53 588/288/59 589/292/63 584/284/55
f 591/285/56 596/293/64 597/262/82
f 584/284/55 589/292/63 590/289/60 585/286/57
f 589/292/63 594/294/86 595/295/66 590/289/60
f 590/289/60 595/295/66 596/293/64 591/285/56
f 592/290/61 598/296/67 599/297/68 593/291/62
f 588/288/59 593/291/62 594/294/86 589/292/63
f 596/293/64 602/298/69 597/262/82
f 598/296/67 603/299/70 604/300/71 599/297/68
f 593/291/62 599/297/68 600/301/72 594/294/86
f 602/298/69 607/302/73 597/262/82
f 594/294/86 600/301/72 601/303/74 595/295/66
f 595/295/66 601/303/74 602/298/69 596/293/64
f 601/303/74 606/304/79 607/302/73 602/298/69
f 603/299/70 608/305/76 609/257/28 604/300/71
f 599/297/68 604/300/71 605/306/77 600/301/72
f 607/302/73 612/263/34 597/262/82
f 600/301/72 605/306/77 606/304/79 601/303/74
f 605/306/77 610/256/27 611/264/35 606/304/79
f 606/304/79 611/264/35 612/263/34 607/302/73
f 609/257/28 608/305/76 562/266/37 563/258/29
f 604/300/71 609/257/28 610/256/27 605/306/77
f 611/264/35 610/256/27 564/259/30 565/265/36
f 661/256/27 660/257/28 614/258/29 615/259/30
f 617/260/31 622/261/80 648/262/90
f 663/263/34 662/264/35 616/265/36 617/260/31
f 613/266/37 618/267/38 619/268/39 614/258/29
f 648/262/90 663/263/34 617/260/31
f 614/258/29 619/268/39 620/269/91 615/259/30
f 622/261/80 627/270/92 648/262/90
f 615/259/30 620/269/91 621/271/42 616/265/36
f 616/265/36 621/271/42 622/261/80 617/260/31
f 618/267/38 623/272/43 624/273/44 619/268/39
f 623/272/43 628/274/45 629/275/46 624/273/44
f 619/268/39 624/273/44 625/276/47 620/269/91
f 627/270/92 632/277/48 648/262/90
f 620/269/91 625/276/47 626/278/49 621/271/42
f 621/271/42 626/278/49 627/270/92 622/261/80
f 625/276/47 630/279/84 631/280/51 626/278/49
f 626/278/49 631/280/51 632/277/48 627/270/92
f 628/274/45 633/281/52 634/282/53 629/275/46
f 624/273/44 629/275/46 630/279/84 625/276/47
f 632/277/48 637/283/54 648/262/90
f 629/275/46 634/282/53 635/284/55 630/279/84
f 637/283/54 642/285/56 648/262/90
f 630/279/84 635/284/55 636/286/57 631/280/51
f 631/280/51 636/286/57 637/283/54 632/277/48
f 633/281/52 638/287/58 639/288/59 634/282/53
f 636/286/57 641/289/60 642/285/56 637/283/54
f 638/287/58 643/290/61 644/291/62 639/288/59
f 634/282/53 639/288/59 640/292/63 635/284/55
f 642/285/56 647/293/93 648/262/90
f 635/284/55 640/292/63 641/289/60 636/286/57
f 640/292/63 645/294/86 646/295/94 641/289/60
f 641/289/60 646/295/94 647/293/93 642/285/56
f 643/290/61 649/296/67 650/297/68 644/291/62
f 639/288/59 644/291/62 645/294/86 640/292/63
f 647/293/93 653/298/95 648/262/90
f 649/296/67 654/299/70 655/300/71 650/297/68
f 644/291/62 650/297/68 651/301/72 645/294/86
f 653/298/95 658/302/96 648/262/90
f 645/294/86 651/301/72 652/303/74 646/295/94
f 646/295/94 652/303/74 653/298/95 647/293/93
f 652/303/74 657/304/79 658/302/96 653/298/95
f 654/299/70 659/305/76 660/257/28 655/300/71
f 650/297/68 655/300/71 656/306/97 651/301/72
f 658/302/96 663/263/34 648/262/90
f 651/301/72 656/306/97 657/304/79 652/303/74
f 656/306/97 661/256/27 662/264/35 657/304/79
f 657/304/79 662/264/35 663/263/34 658/302/96
f 660/257/28 659/305/76 613/266/37 614/258/29
f 655/300/71 660/257/28 661/256/27 656/306/97
f 662/264/35 661/256/27 615/259/30 616/265/36
f 712/256/27 711/257/28 665/258/29 666/259/30
f 668/260/31 673/261/80 699/262/90
f 714/263/34 713/264/35 667/265/36 668/260/31
f 664/266/37 669/267/38 670/268/39 665/258/29
f 699/262/90 714/263/34 668/260/31
f 665/258/29 670/268/39 671/269/91 666/259/30
f 673/261/80 678/270/92 699/262/90
f 666/259/30 671/269/91 672/271/42 667/265/36
f 667/265/36 672/271/42 673/261/80 668/260/31
f 669/267/38 674/272/43 675/273/44 670/268/39
f 674/272/43 679/274/45 680/275/46 675/273/44
f 670/268/39 675/273/44 676/276/47 671/269/91
f 678/270/92 683/277/48 699/262/90
f 671/269/91 676/276/47 677/278/49 672/271/42
f 672/271/42 677/278/49 678/270/92 673/261/80
f 676/276/47 681/279/84 682/280/51 677/278/49
f 677/278/49 682/280/51 683/277/48 678/270/92
f 679/274/45 684/281/52 685/282/53 680/275/46
f 675/273/44 680/275/46 681/279/84 676/276/47
f 683/277/48 688/283/54 699/262/90
f 680/275/46 685/282/53 686/284/55 681/279/84
f 688/283/54 693/285/56 699/262/90
f 681/279/84 686/284/55 687/286/57 682/280/51
f 682/280/51 687/286/57 688/283/54 683/277/48
f 684/281/52 689/287/58 690/288/59 685/282/53
f 687/286/57 692/289/60 693/285/56 688/283/54
f 689/287/58 694/290/61 695/291/62 690/288/59
f 685/282/53 690/288/59 691/292/63 686/284/55
f 693/285/56 698/293/64 699/262/90
f 686/284/55 691/292/63 692/289/60 687/286/57
f 691/292/63 696/294/86 697/295/94 692/289/60
f 692/289/60 697/295/94 698/293/64 693/285/56
f 694/290/61 700/296/67 701/297/68 695/291/62
f 690/288/59 695/291/62 696/294/86 691/292/63
f 698/293/64 704/298/95 699/262/90
f 700/296/67 705/299/70 706/300/71 701/297/68
f 695/291/62 701/297/68 702/301/72 696/294/86
f 704/298/95 709/302/96 699/262/90
f 696/294/86 702/301/72 703/303/74 697/295/94
f 697/295/94 703/303/74 704/298/95 698/293/64
f 703/303/74 708/304/79 709/302/96 704/298/95
f 705/299/70 710/305/76 711/257/28 706/300/71
f 701/297/68 706/300/71 707/306/97 702/301/72
f 709/302/96 714/263/34 699/262/90
f 702/301/72 707/306/97 708/304/79 703/303/74
f 707/306/97 712/256/27 713/264/35 708/304/79
f 708/304/79 713/264/35 714/263/34 709/302/96
f 711/257/28 710/305/76 664/266/37 665/258/29
f 706/300/71 711/257/28 712/256/27 707/306/97
f 713/264/35 712/256/27 666/259/30 667/265/36
f 763/256/27 762/257/28 716/258/29 717/259/30
f 719/260/31 724/261/80 750/262/90
f 765/263/34 764/264/35 718/265/36 719/260/31
f 715/266/37 720/267/38 721/268/39 716/258/29
f 750/262/90 765/263/34 719/260/31
f 716/258/29 721/268/39 722/269/91 717/259/30
f 724/261/80 729/270/92 750/262/90
f 717/259/30 722/269/91 723/271/42 718/265/36
f 718/265/36 723/271/42 724/261/80 719/260/31
f 720/267/38 725/272/43 726/273/44 721/268/39
f 725/272/43 730/274/45 731/275/46 726/273/44
f 721/268/39 726/273/44 727/276/47 722/269/91
f 729/270/92 734/277/48 750/262/90
f 722/269/91 727/276/47 728/278/49 723/271/42
f 723/271/42 728/278/49 729/270/92 724/261/80
f 727/276/47 732/279/84 733/280/51 728/278/49
f 728/278/49 733/280/51 734/277/48 729/270/92
f 730/274/45 735/281/52 736/282/53 731/275/46
f 726/273/44 731/275/46 732/279/84 727/276/47
f 734/277/48 739/283/54 750/262/90
f 731/275/46 736/282/53 737/284/55 732/279/84
f 739/283/54 744/285/56 750/262/90
f 732/279/84 737/284/55 738/286/57 733/280/51
f 733/280/51 738/286/57 739/283/54 734/277/48
f 735/281/52 740/287/58 741/288/59 736/282/53
f 738/286/57 743/289/60 744/285/56 739/283/54
f 740/287/58 745/290/61 746/291/62 741/288/59
f 736/282/53 741/288/59 742/292/63 737/284/55
f 744/285/56 749/293/64 750/262/90
f 737/284/55 742/292/63 743/289/60 738/286/57
f 742/292/63 747/294/86 748/295/94 743/289/60
f 743/289/60 748/295/94 749/293/64 744/285/56
f 745/290/61 751/296/67 752/297/68 746/291/62
f 741/288/59 746/291/62 747/294/86 742/292/63
f 749/293/64 755/298/95 750/262/90
f 751/296/67 756/299/70 757/300/71 752/297/68
f 746/291/62 752/297/68 753/301/72 747/294/86
f 755/298/95 760/302/73 750/262/90
f 747/294/86 753/301/72 754/303/74 748/295/94
f 748/295/94 754/303/74 755/298/95 749/293/64
f 754/303/74 759/304/79 760/302/73 755/298/95
f 756/299/70 761/305/76 762/257/28 757/300/71
f 752/297/68 757/300/71 758/306/97 753/301/72
f 760/302/73 765/263/34 750/262/90
f 753/301/72 758/306/97 759/304/79 754/303/74
f 758/306/97 763/256/27 764/264/35 759/304/79
f 759/304/79 764/264/35 765/263/34 760/302/73
f 762/257/28 761/305/76 715/266/37 716/258/29
f 757/300/71 762/257/28 763/256/27 758/306/97
f 764/264/35 763/256/27 717/259/30 718/265/36
f 814/256/27 813/257/28 767/258/29 768/259/30
f 770/260/31 775/261/80 801/262/98
f 816/263/34 815/264/35 769/265/36 770/260/31
f 766/266/37 771/267/38 772/268/39 767/258/29
f 801/262/98 816/263/34 770/260/31
f 767/258/29 772/268/39 773/269/91 768/259/30
f 775/261/80 780/270/92 801/262/98
f 768/259/30 773/269/91 774/271/42 769/265/36
f 769/265/36 774/271/42 775/261/80 770/260/31
f 771/267/38 776/272/43 777/273/44 772/268/39
f 776/272/43 781/274/45 782/275/46 777/273/44
f 772/268/39 777/273/44 778/276/47 773/269/91
f 780/270/92 785/277/48 801/262/98
f 773/269/91 778/276/47 779/278/49 774/271/42
f 774/271/42 779/278/49 780/270/92 775/261/80
f 778/276/47 783/279/84 784/280/51 779/278/49
f 779/278/49 784/280/51 785/277/48 780/270/92
f 781/274/45 786/281/52 787/282/53 782/275/46
f 777/273/44 782/275/46 783/279/84 778/276/47
f 785/277/48 790/283/54 801/262/98
f 782/275/46 787/282/53 788/284/55 783/279/84
f 790/283/54 795/285/56 801/262/98
f 783/279/84 788/284/55 789/286/57 784/280/51
f 784/280/51 789/286/57 790/283/54 785/277/48
f 786/281/52 791/287/58 792/288/59 787/282/53
f 789/286/57 794/289/60 795/285/56 790/283/54
f 791/287/58 796/290/61 797/291/62 792/288/59
f 787/282/53 792/288/59 793/292/63 788/284/55
f 795/285/56 800/293/93 801/262/98
f 788/284/55 793/292/63 794/289/60 789/286/57
f 793/292/63 798/294/86 799/295/94 794/289/60
f 794/289/60 799/295/94 800/293/93 795/285/56
f 796/290/61 802/296/67 803/297/68 797/291/62
f 792/288/59 797/291/62 798/294/86 793/292/63
f 800/293/93 806/298/95 801/262/98
f 802/296/67 807/299/70 808/300/71 803/297/68
f 797/291/62 803/297/68 804/301/72 798/294/86
f 806/298/95 811/302/73 801/262/98
f 798/294/86 804/301/72 805/303/74 799/295/94
f 799/295/94 805/303/74 806/298/95 800/293/93
f 805/303/74 810/304/79 811/302/73 806/298/95
f 807/299/70 812/305/76 813/257/28 808/300/71
f 803/297/68 808/300/71 809/306/97 804/301/72
f 811/302/73 816/263/34 801/262/98
f 804/301/72 809/306/97 810/304/79 805/303/74
f 809/306/97 814/256/27 815/264/35 810/304/79
f 810/304/79 815/264/35 816/263/34 811/302/73
f 813/257/28 812/305/76 766/266/37 767/258/29
f 808/300/71 813/257/28 814/256/27 809/306/97
f 815/264/35 814/256/27 768/259/30 769/265/36
f 865/256/27 864/257/28 818/258/29 819/259/30
f 821/260/31 826/261/80 852/262/90
f 867/263/34 866/264/35 820/265/36 821/260/31
f 817/266/37 822/267/38 823/268/39 818/258/29
f 852/262/90 867/263/34 821/260/31
f 818/258/29 823/268/39 824/269/91 819/259/30
f 826/261/80 831/270/92 852/262/90
f 819/259/30 824/269/91 825/271/42 820/265/36
f 820/265/36 825/271/42 826/261/80 821/260/31
f 822/267/38 827/272/43 828/273/44 823/268/39
f 827/272/43 832/274/45 833/275/46 828/273/44
f 823/268/39 828/273/44 829/276/47 824/269/91
f 831/270/92 836/277/48 852/262/90
f 824/269/91 829/276/47 830/278/49 825/271/42
f 825/271/42 830/278/49 831/270/92 826/261/80
f 829/276/47 834/279/84 835/280/51 830/278/49
f 830/278/49 835/280/51 836/277/48 831/270/92
f 832/274/45 837/281/52 838/282/53 833/275/46
f 828/273/44 833/275/46 834/279/84 829/276/47
f 836/277/48 841/283/54 852/262/90
f 833/275/46 838/282/53 839/284/55 834/279/84
f 841/283/54 846/285/56 852/262/90
f 834/279/84 839/284/55 840/286/57 835/280/51
f 835/280/51 840/286/57 841/283/54 836/277/48
f 837/281/52 842/287/58 843/288/59 838/282/53
f 840/286/57 845/289/60 846/285/56 841/283/54
f 842/287/58 847/290/61 848/291/62 843/288/59
f 838/282/53 843/288/59 844/292/63 839/284/55
f 846/285/56 851/293/64 852/262/90
f 839/284/55 844/292/63 845/289/60 840/286/57
f 844/292/63 849/294/86 850/295/66 845/289/60
f 845/289/60 850/295/66 851/293/64 846/285/56
f 847/290/61 853/296/67 854/297/68 848/291/62
f 843/288/59 848/291/62 849/294/86 844/292/63
f 851/293/64 857/298/99 852/262/90
f 853/296/67 858/299/70 859/300/71 854/297/68
f 848/291/62 854/297/68 855/301/72 849/294/86
f 857/298/99 862/302/73 852/262/90
f 849/294/86 855/301/72 856/303/74 850/295/66
f 850/295/66 856/303/74 857/298/99 851/293/64
f 856/303/74 861/304/79 862/302/73 857/298/99
f 858/299/70 863/305/76 864/257/28 859/300/71
f 854/297/68 859/300/71 860/306/97 855/301/72
f 862/302/73 867/263/34 852/262/90
f 855/301/72 860/306/97 861/304/79 856/303/74
f 860/306/97 865/256/27 866/264/35 861/304/79
f 861/304/79 866/264/35 867/263/34 862/302/73
f 864/257/28 863/305/76 817/266/37 818/258/29
f 859/300/71 864/257/28 865/256/27 860/306/97
f 866/264/35 865/256/27 819/259/30 820/265/36
f 916/256/27 915/257/28 869/258/29 870/259/30
f 872/260/31 877/261/100 903/262/90
f 918/263/34 917/264/35 871/265/36 872/260/31
f 868/266/37 873/267/38 874/268/39 869/258/29
f 903/262/90 918/263/34 872/260/31
f 869/258/29 874/268/39 875/269/91 870/259/30
f 877/261/100 882/270/92 903/262/90
f 870/259/30 875/269/91 876/271/42 871/265/36
f 871/265/36 876/271/42 877/261/100 872/260/31
f 873/267/38 878/272/43 879/273/44 874/268/39
f 878/272/43 883/274/45 884/275/46 879/273/44
f 874/268/39 879/273/44 880/276/47 875/269/91
f 882/270/92 887/277/81 903/262/90
f 875/269/91 880/276/47 881/278/49 876/271/42
f 876/271/42 881/278/49 882/270/92 877/261/100
f 880/276/47 885/279/84 886/280/51 881/278/49
f 881/278/49 886/280/51 887/277/81 882/270/92
f 883/274/45 888/281/52 889/282/53 884/275/46
f 879/273/44 884/275/46 885/279/84 880/276/47
f 887/277/81 892/283/54 903/262/90
f 884/275/46 889/282/53 890/284/55 885/279/84
f 892/283/54 897/285/56 903/262/90
f 885/279/84 890/284/55 891/286/57 886/280/51
f 886/280/51 891/286/57 892/283/54 887/277/81
f 888/281/52 893/287/58 894/288/59 889/282/53
f 891/286/57 896/289/60 897/285/56 892/283/54
f 893/287/58 898/290/61 899/291/62 894/288/59
f 889/282/53 894/288/59 895/292/63 890/284/55
f 897/285/56 902/293/64 903/262/90
f 890/284/55 895/292/63 896/289/60 891/286/57
f 895/292/63 900/294/86 901/295/94 896/289/60
f 896/289/60 901/295/94 902/293/64 897/285/56
f 898/290/61 904/296/67 905/297/68 899/291/62
f 894/288/59 899/291/62 900/294/86 895/292/63
f 902/293/64 908/298/95 903/262/90
f 904/296/67 909/299/70 910/300/71 905/297/68
f 899/291/62 905/297/68 906/301/72 900/294/86
f 908/298/95 913/302/73 903/262/90
f 900/294/86 906/301/72 907/303/74 901/295/94
f 901/295/94 907/303/74 908/298/95 902/293/64
f 907/303/74 912/304/79 913/302/73 908/298/95
f 909/299/70 914/305/76 915/257/28 910/300/71
f 905/297/68 910/300/71 911/306/97 906/301/72
f 913/302/73 918/263/34 903/262/90
f 906/301/72 911/306/97 912/304/79 907/303/74
f 911/306/97 916/256/27 917/264/35 912/304/79
f 912/304/79 917/264/35 918/263/34 913/302/73
f 915/257/28 914/305/76 868/266/37 869/258/29
f 910/300/71 915/257/28 916/256/27 911/306/97
f 917/264/35 916/256/27 870/259/30 871/265/36
f 967/256/27 966/257/28 920/258/29 921/259/30
f 923/260/31 928/261/80 954/262/101
f 969/263/34 968/264/35 922/265/36 923/260/31
f 919/266/37 924/267/38 925/268/39 920/258/29
f 954/262/101 969/263/34 923/260/31
f 920/258/29 925/268/39 926/269/40 921/259/30
f 928/261/80 933/270/102 954/262/101
f 921/259/30 926/269/40 927/271/42 922/265/36
f 922/265/36 927/271/42 928/261/80 923/260/31
f 924/267/38 929/272/43 930/273/44 925/268/39
f 929/272/43 934/274/45 935/275/46 930/273/44
f 925/268/39 930/273/44 931/276/47 926/269/40
f 933/270/102 938/277/48 954/262/101
f 926/269/40 931/276/47 932/278/49 927/271/42
f 927/271/42 932/278/49 933/270/102 928/261/80
f 931/276/47 936/279/50 937/280/51 932/278/49
f 932/278/49 937/280/51 938/277/48 933/270/102
f 934/274/45 939/281/52 940/282/53 935/275/46
f 930/273/44 935/275/46 936/279/50 931/276/47
f 938/277/48 943/283/54 954/262/101
f 935/275/46 940/282/53 941/284/55 936/279/50
f 943/283/54 948/285/56 954/262/101
f 936/279/50 941/284/55 942/286/57 937/280/51
f 937/280/51 942/286/57 943/283/54 938/277/48
f 939/281/52 944/287/58 945/288/59 940/282/53
f 942/286/57 947/289/60 948/285/56 943/283/54
f 944/287/58 949/290/61 950/291/62 945/288/59
f 940/282/53 945/288/59 946/292/63 941/284/55
f 948/285/56 953/293/93 954/262/101
f 941/284/55 946/292/63 947/289/60 942/286/57
f 946/292/63 951/294/65 952/295/66 947/289/60
f 947/289/60 952/295/66 953/293/93 948/285/56
f 949/290/61 955/296/67 956/297/68 950/291/62
f 945/288/59 950/291/62 951/294/65 946/292/63
f 953/293/93 959/298/103 954/262/101
f 955/296/67 960/299/70 961/300/71 956/297/68
f 950/291/62 956/297/68 957/301/72 951/294/65
f 959/298/103 964/302/96 954/262/101
f 951/294/65 957/301/72 958/303/74 952/295/66
f 952/295/66 958/303/74 959/298/103 953/293/93
f 958/303/74 963/304/75 964/302/96 959/298/103
f 960/299/70 965/305/76 966/257/28 961/300/71
f 956/297/68 961/300/71 962/306/77 957/301/72
f 964/302/96 969/263/34 954/262/101
f 957/301/72 962/306/77 963/304/75 958/303/74
f 962/306/77 967/256/27 968/264/35 963/304/75
f 963/304/75 968/264/35 969/263/34 964/302/96
f 966/257/28 965/305/76 919/266/37 920/258/29
f 961/300/71 966/257/28 967/256/27 962/306/77
f 968/264/35 967/256/27 921/259/30 922/265/36
f 1018/256/27 1017/257/28 971/258/29 972/259/30
f 974/260/31 979/261/80 1005/262/101
f 1020/263/34 1019/264/35 973/265/36 974/260/31
f 970/266/37 975/267/38 976/268/39 971/258/29
f 1005/262/101 1020/263/34 974/260/31
f 971/258/29 976/268/39 977/269/40 972/259/30
f 979/261/80 984/270/102 1005/262/101
f 972/259/30 977/269/40 978/271/42 973/265/36
f 973/265/36 978/271/42 979/261/80 974/260/31
f 975/267/38 980/272/43 981/273/44 976/268/39
f 980/272/43 985/274/45 986/275/46 981/273/44
f 976/268/39 981/273/44 982/276/47 977/269/40
f 984/270/102 989/277/48 1005/262/101
f 977/269/40 982/276/47 983/278/49 978/271/42
f 978/271/42 983/278/49 984/270/102 979/261/80
f 982/276/47 987/279/50 988/280/51 983/278/49
f 983/278/49 988/280/51 989/277/48 984/270/102
f 985/274/45 990/281/52 991/282/53 986/275/46
f 981/273/44 986/275/46 987/279/50 982/276/47
f 989/277/48 994/283/54 1005/262/101
f 986/275/46 991/282/53 992/284/55 987/279/50
f 994/283/54 999/285/56 1005/262/101
f 987/279/50 992/284/55 993/286/57 988/280/51
f 988/280/51 993/286/57 994/283/54 989/277/48
f 990/281/52 995/287/58 996/288/59 991/282/53
f 993/286/57 998/289/60 999/285/56 994/283/54
f 995/287/58 1000/290/61 1001/291/62 996/288/59
f 991/282/53 996/288/59 997/292/63 992/284/55
f 999/285/56 1004/293/64 1005/262/101
f 992/284/55 997/292/63 998/289/60 993/286/57
f 997/292/63 1002/294/65 1003/295/66 998/289/60
f 998/289/60 1003/295/66 1004/293/64 999/285/56
f 1000/290/61 1006/296/67 1007/297/68 1001/291/62
f 996/288/59 1001/291/62 1002/294/65 997/292/63
f 1004/293/64 1010/298/103 1005/262/101
f 1006/296/67 1011/299/70 1012/300/71 1007/297/68
f 1001/291/62 1007/297/68 1008/301/72 1002/294/65
f 1010/298/103 1015/302/96 1005/262/101
f 1002/294/65 1008/301/72 1009/303/74 1003/295/66
f 1003/295/66 1009/303/74 1010/298/103 1004/293/64
f 1009/303/74 1014/304/75 1015/302/96 1010/298/103
f 1011/299/70 1016/305/76 1017/257/28 1012/300/71
f 1007/297/68 1012/300/71 1013/306/77 1008/301/72
f 1015/302/96 1020/263/34 1005/262/101
f 1008/301/72 1013/306/77 1014/304/75 1009/303/74
f 1013/306/77 1018/256/27 1019/264/35 1014/304/75
f 1014/304/75 1019/264/35 1020/263/34 1015/302/96
f 1017/257/28 1016/305/76 970/266/37 971/258/29
f 1012/300/71 1017/257/28 1018/256/27 1013/306/77
f 1019/264/35 1018/256/27 972/259/30 973/265/36
f 1069/256/27 1068/257/28 1022/258/29 1023/259/30
f 1025/260/31 1030/261/80 1056/262/101
f 1071/263/34 1070/264/35 1024/265/36 1025/260/31
f 1021/266/37 1026/267/38 1027/268/39 1022/258/29
f 1056/262/101 1071/263/34 1025/260/31
f 1022/258/29 1027/268/39 1028/269/40 1023/259/30
f 1030/261/80 1035/270/102 1056/262/101
f 1023/259/30 1028/269/40 1029/271/42 1024/265/36
f 1024/265/36 1029/271/42 1030/261/80 1025/260/31
f 1026/267/38 1031/272/43 1032/273/44 1027/268/39
f 1031/272/43 1036/274/45 1037/275/46 1032/273/44
f 1027/268/39 1032/273/44 1033/276/47 1028/269/40
f 1035/270/102 1040/277/48 1056/262/101
f 1028/269/40 1033/276/47 1034/278/49 1029/271/42
f 1029/271/42 1034/278/49 1035/270/102 1030/261/80
f 1033/276/47 1038/279/50 1039/280/51 1034/278/49
f 1034/278/49 1039/280/51 1040/277/48 1035/270/102
f 1036/274/45 1041/281/52 1042/282/53 1037/275/46
f 1032/273/44 1037/275/46 1038/279/50 1033/276/47
f 1040/277/48 1045/283/54 1056/262/101
f 1037/275/46 1042/282/53 1043/284/55 1038/279/50
f 1045/283/54 1050/285/56 1056/262/101
f 1038/279/50 1043/284/55 1044/286/57 1039/280/51
f 1039/280/51 1044/286/57 1045/283/54 1040/277/48
f 1041/281/52 1046/287/58 1047/288/59 1042/282/53
f 1044/286/57 1049/289/60 1050/285/56 1045/283/54
f 1046/287/58 1051/290/61 1052/291/62 1047/288/59
f 1042/282/53 1047/288/59 1048/292/63 1043/284/55
f 1050/285/56 1055/293/64 1056/262/101
f 1043/284/55 1048/292/63 1049/289/60 1044/286/57
f 1048/292/63 1053/294/65 1054/295/66 1049/289/60
f 1049/289/60 1054/295/66 1055/293/64 1050/285/56
f 1051/290/61 1057/296/67 1058/297/68 1052/291/62
f 1047/288/59 1052/291/62 1053/294/65 1048/292/63
f 1055/293/64 1061/298/104 1056/262/101
f 1057/296/67 1062/299/70 1063/300/71 1058/297/68
f 1052/291/62 1058/297/68 1059/301/72 1053/294/65
f 1061/298/104 1066/302/73 1056/262/101
f 1053/294/65 1059/301/72 1060/303/74 1054/295/66
f 1054/295/66 1060/303/74 1061/298/104 1055/293/64
f 1060/303/74 1065/304/79 1066/302/73 1061/298/104
f 1062/299/70 1067/305/76 1068/257/28 1063/300/71
f 1058/297/68 1063/300/71 1064/306/77 1059/301/72
f 1066/302/73 1071/263/34 1056/262/101
f 1059/301/72 1064/306/77 1065/304/79 1060/303/74
f 1064/306/77 1069/256/27 1070/264/35 1065/304/79
f 1065/304/79 1070/264/35 1071/263/34 1066/302/73
f 1068/257/28 1067/305/76 1021/266/37 1022/258/29
f 1063/300/71 1068/257/28 1069/256/27 1064/306/77
f 1070/264/35 1069/256/27 1023/259/30 1024/265/36
f 1120/256/27 1119/257/28 1073/258/29 1074/259/30
f 1076/260/31 1081/261/100 1107/262/101
f 1122/263/34 1121/264/35 1075/265/36 1076/260/31
f 1072/266/37 1077/267/38 1078/268/39 1073/258/29
f 1107/262/101 1122/263/34 1076/260/31
f 1073/258/29 1078/268/39 1079/269/40 1074/259/30
f 1081/261/100 1086/270/102 1107/262/101
f 1074/259/30 1079/269/40 1080/271/42 1075/265/36
f 1075/265/36 1080/271/42 1081/261/100 1076/260/31
f 1077/267/38 1082/272/43 1083/273/44 1078/268/39
f 1082/272/43 1087/274/45 1088/275/46 1083/273/44
f 1078/268/39 1083/273/44 1084/276/47 1079/269/40
f 1086/270/102 1091/277/81 1107/262/101
f 1079/269/40 1084/276/47 1085/278/49 1080/271/42
f 1080/271/42 1085/278/49 1086/270/102 1081/261/100
f 1084/276/47 1089/279/50 1090/280/51 1085/278/49
f 1085/278/49 1090/280/51 1091/277/81 1086/270/102
f 1087/274/45 1092/281/52 1093/282/53 1088/275/46
f 1083/273/44 1088/275/46 1089/279/50 1084/276/47
f 1091/277/81 1096/283/54 1107/262/101
f 1088/275/46 1093/282/53 1094/284/55 1089/279/50
f 1096/283/54 1101/285/56 1107/262/101
f 1089/279/50 1094/284/55 1095/286/57 1090/280/51
f 1090/280/51 1095/286/57 1096/283/54 1091/277/81
f 1092/281/52 1097/287/58 1098/288/59 1093/282/53
f 1095/286/57 1100/289/60 1101/285/56 1096/283/54
f 1097/287/58 1102/290/61 1103/291/62 1098/288/59
f 1093/282/53 1098/288/59 1099/292/63 1094/284/55
f 1101/285/56 1106/293/64 1107/262/101
f 1094/284/55 1099/292/63 1100/289/60 1095/286/57
f 1099/292/63 1104/294/65 1105/295/66 1100/289/60
f 1100/289/60 1105/295/66 1106/293/64 1101/285/56
f 1102/290/61 1108/296/67 1109/297/68 1103/291/62
f 1098/288/59 1103/291/62 1104/294/65 1099/292/63
f 1106/293/64 1112/298/103 1107/262/101
f 1108/296/67 1113/299/70 1114/300/71 1109/297/68
f 1103/291/62 1109/297/68 1110/301/72 1104/294/65
f 1112/298/103 1117/302/73 1107/262/101
f 1104/294/65 1110/301/72 1111/303/74 1105/295/66
f 1105/295/66 1111/303/74 1112/298/103 1106/293/64
f 1111/303/74 1116/304/75 1117/302/73 1112/298/103
f 1113/299/70 1118/305/76 1119/257/28 1114/300/71
f 1109/297/68 1114/300/71 1115/306/77 1110/301/72
f 1117/302/73 1122/263/34 1107/262/101
f 1110/301/72 1115/306/77 1116/304/75 1111/303/74
f 1115/306/77 1120/256/27 1121/264/35 1116/304/75
f 1116/304/75 1121/264/35 1122/263/34 1117/302/73
f 1119/257/28 1118/305/76 1072/266/37 1073/258/29
f 1114/300/71 1119/257/28 1120/256/27 1115/306/77
f 1121/264/35 1120/256/27 1074/259/30 1075/265/36
f 1171/256/27 1170/257/28 1124/258/29 1125/259/30
f 1127/260/105 1132/261/32 1158/262/106
f 1173/263/34 1172/264/35 1126/265/36 1127/260/105
f 1123/266/37 1128/267/38 1129/268/39 1124/258/29
f 1158/262/106 1173/263/34 1127/260/105
f 1124/258/29 1129/268/39 1130/269/91 1125/259/30
f 1132/261/32 1137/270/41 1158/262/106
f 1125/259/30 1130/269/91 1131/271/83 1126/265/36
f 1126/265/36 1131/271/83 1132/261/32 1127/260/105
f 1128/267/38 1133/272/43 1134/273/44 1129/268/39
f 1133/272/43 1138/274/107 1139/275/46 1134/273/44
f 1129/268/39 1134/273/44 1135/276/47 1130/269/91
f 1137/270/41 1142/277/48 1158/262/106
f 1130/269/91 1135/276/47 1136/278/49 1131/271/83
f 1131/271/83 1136/278/49 1137/270/41 1132/261/32
f 1135/276/47 1140/279/50 1141/280/51 1136/278/49
f 1136/278/49 1141/280/51 1142/277/48 1137/270/41
f 1138/274/107 1143/281/52 1144/282/53 1139/275/46
f 1134/273/44 1139/275/46 1140/279/50 1135/276/47
f 1142/277/48 1147/283/54 1158/262/106
f 1139/275/46 1144/282/53 1145/284/55 1140/279/50
f 1147/283/54 1152/285/56 1158/262/106
f 1140/279/50 1145/284/55 1146/286/57 1141/280/51
f 1141/280/51 1146/286/57 1147/283/54 1142/277/48
f 1143/281/52 1148/287/58 1149/288/59 1144/282/53
f 1146/286/57 1151/289/60 1152/285/56 1147/283/54
f 1148/287/58 1153/290/108 1154/291/62 1149/288/59
f 1144/282/53 1149/288/59 1150/292/63 1145/284/55
f 1152/285/56 1157/293/64 1158/262/106
f 1145/284/55 1150/292/63 1151/289/60 1146/286/57
f 1150/292/63 1155/294/65 1156/295/66 1151/289/60
f 1151/289/60 1156/295/66 1157/293/64 1152/285/56
f 1153/290/108 1159/296/67 1160/297/68 1154/291/62
f 1149/288/59 1154/291/62 1155/294/65 1150/292/63
f 1157/293/64 1163/298/69 1158/262/106
f 1159/296/67 1164/299/70 1165/300/71 1160/297/68
f 1154/291/62 1160/297/68 1161/301/72 1155/294/65
f 1163/298/69 1168/302/73 1158/262/106
f 1155/294/65 1161/301/72 1162/303/74 1156/295/66
f 1156/295/66 1162/303/74 1163/298/69 1157/293/64
f 1162/303/74 1167/304/79 1168/302/73 1163/298/69
f 1164/299/70 1169/305/76 1170/257/28 1165/300/71
f 1160/297/68 1165/300/71 1166/306/97 1161/301/72
f 1168/302/73 1173/263/34 1158/262/106
f 1161/301/72 1166/306/97 1167/304/79 1162/303/74
f 1166/306/97 1171/256/27 1172/264/35 1167/304/79
f 1167/304/79 1172/264/35 1173/263/34 1168/302/73
f 1170/257/28 1169/305/76 1123/266/37 1124/258/29
f 1165/300/71 1170/257/28 1171/256/27 1166/306/97
f 1172/264/35 1171/256/27 1125/259/30 1126/265/36
f 1222/256/27 1221/257/28 1175/258/29 1176/259/30
f 1178/260/31 1183/261/32 1209/262/106
f 1224/263/34 1223/264/35 1177/265/36 1178/260/31
f 1174/266/37 1179/267/38 1180/268/39 1175/258/29
f 1209/262/106 1224/263/34 1178/260/31
f 1175/258/29 1180/268/39 1181/269/91 1176/259/30
f 1183/261/32 1188/270/41 1209/262/106
f 1176/259/30 1181/269/91 1182/271/83 1177/265/36
f 1177/265/36 1182/271/83 1183/261/32 1178/260/31
f 1179/267/38 1184/272/43 1185/273/44 1180/268/39
f 1184/272/43 1189/274/45 1190/275/46 1185/273/44
f 1180/268/39 1185/273/44 1186/276/47 1181/269/91
f 1188/270/41 1193/277/48 1209/262/106
f 1181/269/91 1186/276/47 1187/278/49 1182/271/83
f 1182/271/83 1187/278/49 1188/270/41 1183/261/32
f 1186/276/47 1191/279/50 1192/280/51 1187/278/49
f 1187/278/49 1192/280/51 1193/277/48 1188/270/41
f 1189/274/45 1194/281/52 1195/282/53 1190/275/46
f 1185/273/44 1190/275/46 1191/279/50 1186/276/47
f 1193/277/48 1198/283/54 1209/262/106
f 1190/275/46 1195/282/53 1196/284/55 1191/279/50
f 1198/283/54 1203/285/56 1209/262/106
f 1191/279/50 1196/284/55 1197/286/57 1192/280/51
f 1192/280/51 1197/286/57 1198/283/54 1193/277/48
f 1194/281/52 1199/287/58 1200/288/59 1195/282/53
f 1197/286/57 1202/289/60 1203/285/56 1198/283/54
f 1199/287/58 1204/290/108 1205/291/62 1200/288/59
f 1195/282/53 1200/288/59 1201/292/63 1196/284/55
f 1203/285/56 1208/293/64 1209/262/106
f 1196/284/55 1201/292/63 1202/289/60 1197/286/57
f 1201/292/63 1206/294/65 1207/295/66 1202/289/60
f 1202/289/60 1207/295/66 1208/293/64 1203/285/56
f 1204/290/108 1210/296/67 1211/297/68 1205/291/62
f 1200/288/59 1205/291/62 1206/294/65 1201/292/63
f 1208/293/64 1214/298/69 1209/262/106
f 1210/296/67 1215/299/70 1216/300/71 1211/297/68
f 1205/291/62 1211/297/68 1212/301/72 1206/294/65
f 1214/298/69 1219/302/73 1209/262/106
f 1206/294/65 1212/301/72 1213/303/74 1207/295/66
f 1207/295/66 1213/303/74 1214/298/69 1208/293/64
f 1213/303/74 1218/304/79 1219/302/73 1214/298/69
f 1215/299/70 1220/305/76 1221/257/28 1216/300/71
f 1211/297/68 1216/300/71 1217/306/97 1212/301/72
f 1219/302/73 1224/263/34 1209/262/106
f 1212/301/72 1217/306/97 1218/304/79 1213/303/74
f 1217/306/97 1222/256/27 1223/264/35 1218/304/79
f 1218/304/79 1223/264/35 1224/263/34 1219/302/73
f 1221/257/28 1220/305/76 1174/266/37 1175/258/29
f 1216/300/71 1221/257/28 1222/256/27 1217/306/97
f 1223/264/35 1222/256/27 1176/259/30 1177/265/36
f 1273/256/27 1272/257/28 1226/258/29 1227/259/30
f 1229/260/31 1234/261/32 1260/262/106
f 1275/263/34 1274/264/35 1228/265/36 1229/260/31
f 1225/266/37 1230/267/38 1231/268/39 1226/258/29
f 1260/262/106 1275/263/34 1229/260/31
f 1226/258/29 1231/268/39 1232/269/91 1227/259/30
f 1234/261/32 1239/270/41 1260/262/106
f 1227/259/30 1232/269/91 1233/271/83 1228/265/36
f 1228/265/36 1233/271/83 1234/261/32 1229/260/31
f 1230/267/38 1235/272/43 1236/273/44 1231/268/39
f 1235/272/43 1240/274/107 1241/275/46 1236/273/44
f 1231/268/39 1236/273/44 1237/276/47 1232/269/91
f 1239/270/41 1244/277/48 1260/262/106
f 1232/269/91 1237/276/47 1238/278/49 1233/271/83
f 1233/271/83 1238/278/49 1239/270/41 1234/261/32
f 1237/276/47 1242/279/50 1243/280/51 1238/278/49
f 1238/278/49 1243/280/51 1244/277/48 1239/270/41
f 1240/274/107 1245/281/52 1246/282/53 1241/275/46
f 1236/273/44 1241/275/46 1242/279/50 1237/276/47
f 1244/277/48 1249/283/54 1260/262/106
f 1241/275/46 1246/282/53 1247/284/55 1242/279/50
f 1249/283/54 1254/285/56 1260/262/106
f 1242/279/50 1247/284/55 1248/286/57 1243/280/51
f 1243/280/51 1248/286/57 1249/283/54 1244/277/48
f 1245/281/52 1250/287/58 1251/288/59 1246/282/53
f 1248/286/57 1253/289/60 1254/285/56 1249/283/54
f 1250/287/58 1255/290/108 1256/291/62 1251/288/59
f 1246/282/53 1251/288/59 1252/292/63 1247/284/55
f 1254/285/56 1259/293/64 1260/262/106
f 1247/284/55 1252/292/63 1253/289/60 1248/286/57
f 1252/292/63 1257/294/65 1258/295/66 1253/289/60
f 1253/289/60 1258/295/66 1259/293/64 1254/285/56
f 1255/290/108 1261/296/67 1262/297/68 1256/291/62
f 1251/288/59 1256/291/62 1257/294/65 1252/292/63
f 1259/293/64 1265/298/69 1260/262/106
f 1261/296/67 1266/299/70 1267/300/71 1262/297/68
f 1256/291/62 1262/297/68 1263/301/72 1257/294/65
f 1265/298/69 1270/302/73 1260/262/106
f 1257/294/65 1263/301/72 1264/303/74 1258/295/66
f 1258/295/66 1264/303/74 1265/298/69 1259/293/64
f 1264/303/74 1269/304/79 1270/302/73 1265/298/69
f 1266/299/70 1271/305/76 1272/257/28 1267/300/71
f 1262/297/68 1267/300/71 1268/306/97 1263/301/72
f 1270/302/73 1275/263/34 1260/262/106
f 1263/301/72 1268/306/97 1269/304/79 1264/303/74
f 1268/306/97 1273/256/27 1274/264/35 1269/304/79
f 1269/304/79 1274/264/35 1275/263/34 1270/302/73
f 1272/257/28 1271/305/76 1225/266/37 1226/258/29
f 1267/300/71 1272/257/28 1273/256/27 1268/306/97
f 1274/264/35 1273/256/27 1227/259/30 1228/265/36
f 1324/256/27 1323/257/28 1277/258/29 1278/259/30
f 1280/260/31 1285/261/32 1311/262/106
f 1326/263/34 1325/264/35 1279/265/36 1280/260/31
f 1276/266/37 1281/267/38 1282/268/39 1277/258/29
f 1311/262/106 1326/263/34 1280/260/31
f 1277/258/29 1282/268/39 1283/269/91 1278/259/30
f 1285/261/32 1290/270/41 1311/262/106
f 1278/259/30 1283/269/91 1284/271/83 1279/265/36
f 1279/265/36 1284/271/83 1285/261/32 1280/260/31
f 1281/267/38 1286/272/43 1287/273/44 1282/268/39
f 1286/272/43 1291/274/107 1292/275/46 1287/273/44
f 1282/268/39 1287/273/44 1288/276/47 1283/269/91
f 1290/270/41 1295/277/48 1311/262/106
f 1283/269/91 1288/276/47 1289/278/49 1284/271/83
f 1284/271/83 1289/278/49 1290/270/41 1285/261/32
f 1288/276/47 1293/279/50 1294/280/51 1289/278/49
f 1289/278/49 1294/280/51 1295/277/48 1290/270/41
f 1291/274/107 1296/281/52 1297/282/53 1292/275/46
f 1287/273/44 1292/275/46 1293/279/50 1288/276/47
f 1295/277/48 1300/283/54 1311/262/106
f 1292/275/46 1297/282/53 1298/284/55 1293/279/50
f 1300/283/54 1305/285/56 1311/262/106
f 1293/279/50 1298/284/55 1299/286/57 1294/280/51
f 1294/280/51 1299/286/57 1300/283/54 1295/277/48
f 1296/281/52 1301/287/58 1302/288/59 1297/282/53
f 1299/286/57 1304/289/60 1305/285/56 1300/283/54
f 1301/287/58 1306/290/108 1307/291/62 1302/288/59
f 1297/282/53 1302/288/59 1303/292/63 1298/284/55
f 1305/285/56 1310/293/64 1311/262/106
f 1298/284/55 1303/292/63 1304/289/60 1299/286/57
f 1303/292/63 1308/294/65 1309/295/66 1304/289/60
f 1304/289/60 1309/295/66 1310/293/64 1305/285/56
f 1306/290/108 1312/296/67 1313/297/68 1307/291/62
f 1302/288/59 1307/291/62 1308/294/65 1303/292/63
f 1310/293/64 1316/298/69 1311/262/106
f 1312/296/67 1317/299/70 1318/300/71 1313/297/68
f 1307/291/62 1313/297/68 1314/301/72 1308/294/65
f 1316/298/69 1321/302/73 1311/262/106
f 1308/294/65 1314/301/72 1315/303/74 1309/295/66
f 1309/295/66 1315/303/74 1316/298/69 1310/293/64
f 1315/303/74 1320/304/79 1321/302/73 1316/298/69
f 1317/299/70 1322/305/76 1323/257/28 1318/300/71
f 1313/297/68 1318/300/71 1319/306/97 1314/301/72
f 1321/302/73 1326/263/34 1311/262/106
f 1314/301/72 1319/306/97 1320/304/79 1315/303/74
f 1319/306/97 1324/256/27 1325/264/35 1320/304/79
f 1320/304/79 1325/264/35 1326/263/34 1321/302/73
f 1323/257/28 1322/305/76 1276/266/37 1277/258/29
f 1318/300/71 1323/257/28 1324/256/27 1319/306/97
f 1325/264/35 1324/256/27 1278/259/30 1279/265/36
f 1375/256/27 1374/257/28 1328/258/29 1329/259/30
f 1331/260/31 1336/261/32 1362/262/106
f 1377/263/34 1376/264/35 1330/265/36 1331/260/31
f 1327/266/37 1332/267/38 1333/268/39 1328/258/29
f 1362/262/106 1377/263/34 1331/260/31
f 1328/258/29 1333/268/39 1334/269/91 1329/259/30
f 1336/261/32 1341/270/41 1362/262/106
f 1329/259/30 1334/269/91 1335/271/83 1330/265/36
f 1330/265/36 1335/271/83 1336/261/32 1331/260/31
f 1332/267/38 1337/272/43 1338/273/44 1333/268/39
f 1337/272/43 1342/274/45 1343/275/46 1338/273/44
f 1333/268/39 1338/273/44 1339/276/47 1334/269/91
f 1341/270/41 1346/277/48 1362/262/106
f 1334/269/91 1339/276/47 1340/278/49 1335/271/83
f 1335/271/83 1340/278/49 1341/270/41 1336/261/32
f 1339/276/47 1344/279/50 1345/280/51 1340/278/49
f 1340/278/49 1345/280/51 1346/277/48 1341/270/41
f 1342/274/45 1347/281/52 1348/282/53 1343/275/46
f 1338/273/44 1343/275/46 1344/279/50 1339/276/47
f 1346/277/48 1351/283/54 1362/262/106
f 1343/275/46 1348/282/53 1349/284/55 1344/279/50
f 1351/283/54 1356/285/56 1362/262/106
f 1344/279/50 1349/284/55 1350/286/57 1345/280/51
f 1345/280/51 1350/286/57 1351/283/54 1346/277/48
f 1347/281/52 1352/287/58 1353/288/59 1348/282/53
f 1350/286/57 1355/289/60 1356/285/56 1351/283/54
f 1352/287/58 1357/290/61 1358/291/62 1353/288/59
f 1348/282/53 1353/288/59 1354/292/63 1349/284/55
f 1356/285/56 1361/293/64 1362/262/106
f 1349/284/55 1354/292/63 1355/289/60 1350/286/57
f 1354/292/63 1359/294/65 1360/295/66 1355/289/60
f 1355/289/60 1360/295/66 1361/293/64 1356/285/56
f 1357/290/61 1363/296/67 1364/297/68 1358/291/62
f 1353/288/59 1358/291/62 1359/294/65 1354/292/63
f 1361/293/64 1367/298/88 1362/262/106
f 1363/296/67 1368/299/70 1369/300/71 1364/297/68
f 1358/291/62 1364/297/68 1365/301/72 1359/294/65
f 1367/298/88 1372/302/78 1362/262/106
f 1359/294/65 1365/301/72 1366/303/74 1360/295/66
f 1360/295/66 1366/303/74 1367/298/88 1361/293/64
f 1366/303/74 1371/304/79 1372/302/78 1367/298/88
f 1368/299/70 1373/305/76 1374/257/28 1369/300/71
f 1364/297/68 1369/300/71 1370/306/97 1365/301/72
f 1372/302/78 1377/263/34 1362/262/106
f 1365/301/72 1370/306/97 1371/304/79 1366/303/74
f 1370/306/97 1375/256/27 1376/264/35 1371/304/79
f 1371/304/79 1376/264/35 1377/263/34 1372/302/78
f 1374/257/28 1373/305/76 1327/266/37 1328/258/29
f 1369/300/71 1374/257/28 1375/256/27 1370/306/97
f 1376/264/35 1375/256/27 1329/259/30 1330/265/36
f 1426/256/27 1425/257/28 1379/258/29 1380/259/30
f 1382/260/31 1387/261/80 1413/262/106
f 1428/263/34 1427/264/35 1381/265/36 1382/260/31
f 1378/266/37 1383/267/38 1384/268/39 1379/258/29
f 1413/262/106 1428/263/34 1382/260/31
f 1379/258/29 1384/268/39 1385/269/91 1380/259/30
f 1387/261/80 1392/270/41 1413/262/106
f 1380/259/30 1385/269/91 1386/271/42 1381/265/36
f 1381/265/36 1386/271/42 1387/261/80 1382/260/31
f 1383/267/38 1388/272/43 1389/273/44 1384/268/39
f 1388/272/43 1393/274/107 1394/275/46 1389/273/44
f 1384/268/39 1389/273/44 1390/276/47 1385/269/91
f 1392/270/41 1397/277/48 1413/262/106
f 1385/269/91 1390/276/47 1391/278/49 1386/271/42
f 1386/271/42 1391/278/49 1392/270/41 1387/261/80
f 1390/276/47 1395/279/50 1396/280/51 1391/278/49
f 1391/278/49 1396/280/51 1397/277/48 1392/270/41
f 1393/274/107 1398/281/52 1399/282/53 1394/275/46
f 1389/273/44 1394/275/46 1395/279/50 1390/276/47
f 1397/277/48 1402/283/54 1413/262/106
f 1394/275/46 1399/282/53 1400/284/55 1395/279/50
f 1402/283/54 1407/285/56 1413/262/106
f 1395/279/50 1400/284/55 1401/286/57 1396/280/51
f 1396/280/51 1401/286/57 1402/283/54 1397/277/48
f 1398/281/52 1403/287/58 1404/288/59 1399/282/53
f 1401/286/57 1406/289/60 1407/285/56 1402/283/54
f 1403/287/58 1408/290/108 1409/291/62 1404/288/59
f 1399/282/53 1404/288/59 1405/292/63 1400/284/55
f 1407/285/56 1412/293/64 1413/262/106
f 1400/284/55 1405/292/63 1406/289/60 1401/286/57
f 1405/292/63 1410/294/65 1411/295/66 1406/289/60
f 1406/289/60 1411/295/66 1412/293/64 1407/285/56
f 1408/290/108 1414/296/67 1415/297/68 1409/291/62
f 1404/288/59 1409/291/62 1410/294/65 1405/292/63
f 1412/293/64 1418/298/69 1413/262/106
f 1414/296/67 1419/299/70 1420/300/71 1415/297/68
f 1409/291/62 1415/297/68 1416/301/72 1410/294/65
f 1418/298/69 1423/302/73 1413/262/106
f 1410/294/65 1416/301/72 1417/303/74 1411/295/66
f 1411/295/66 1417/303/74 1418/298/69 1412/293/64
f 1417/303/74 1422/304/79 1423/302/73 1418/298/69
f 1419/299/70 1424/305/76 1425/257/28 1420/300/71
f 1415/297/68 1420/300/71 1421/306/97 1416/301/72
f 1423/302/73 1428/263/34 1413/262/106
f 1416/301/72 1421/306/97 1422/304/79 1417/303/74
f 1421/306/97 1426/256/27 1427/264/35 1422/304/79
f 1422/304/79 1427/264/35 1428/263/34 1423/302/73
f 1425/257/28 1424/305/76 1378/266/37 1379/258/29
f 1420/300/71 1425/257/28 1426/256/27 1421/306/97
f 1427/264/35 1426/256/27 1380/259/30 1381/265/36
f 1477/256/109 1431/259/110 1430/258/111 1476/257/112
f 1433/260/113 1464/262/114 1438/261/115
f 1479/263/116 1433/260/113 1432/265/117 1478/264/118
f 1429/266/119 1430/258/111 1435/268/120 1434/267/121
f 1464/262/114 1433/260/113 1479/263/116
f 1430/258/111 1431/259/110 1436/269/122 1435/268/120
f 1438/261/115 1464/262/114 1443/270/123
f 1431/259/110 1432/265/117 1437/271/124 1436/269/122
f 1432/265/117 1433/260/113 1438/261/115 1437/271/124
f 1434/267/121 1435/268/120 1440/273/125 1439/272/126
f 1439/272/126 1440/273/125 1445/275/127 1444/274/128
f 1435/268/120 1436/269/122 1441/276/129 1440/273/125
f 1443/270/123 1464/262/114 1448/277/130
f 1436/269/122 1437/271/124 1442/278/131 1441/276/129
f 1437/271/124 1438/261/115 1443/270/123 1442/278/131
f 1441/276/129 1442/278/131 1447/280/132 1446/279/133
f 1442/278/131 1443/270/123 1448/277/130 1447/280/132
f 1444/274/128 1445/275/127 1450/282/134 1449/281/135
f 1440/273/125 1441/276/129 1446/279/133 1445/275/127
f 1448/277/130 1464/262/114 1453/283/136
f 1445/275/127 1446/279/133 1451/284/137 1450/282/134
f 1453/283/136 1464/262/114 1458/285/138
f 1446/279/133 1447/280/132 1452/286/139 1451/284/137
f 1447/280/132 1448/277/130 1453/283/136 1452/286/139
f 1449/281/135 1450/282/134 1455/288/140 1454/287/141
f 1452/286/139 1453/283/136 1458/285/138 1457/289/142
f 1454/287/141 1455/288/140 1460/291/143 1459/290/144
f 1450/282/134 1451/284/137 1456/292/145 1455/288/140
f 1458/285/138 1464/262/114 1463/293/146
f 1451/284/137 1452/286/139 1457/289/142 1456/292/145
f 1456/292/145 1457/289/142 1462/295/147 1461/294/148
f 1457/289/142 1458/285/138 1463/293/146 1462/295/147
f 1459/290/144 1460/291/143 1466/297/149 1465/296/150
f 1455/288/140 1456/292/145 1461/294/148 1460/291/143
f 1463/293/146 1464/262/114 1469/298/151
f 1465/296/150 1466/297/149 1471/300/152 1470/299/153
f 1460/291/143 1461/294/148 1467/301/154 1466/297/149
f 1469/298/151 1464/262/114 1474/302/155
f 1461/294/148 1462/295/147 1468/303/156 1467/301/154
f 1462/295/147 1463/293/146 1469/298/151 1468/303/156
f 1468/303/156 1469/298/151 1474/302/155 1473/304/157
f 1470/299/153 1471/300/152 1476/257/112 1475/305/158
f 1466/297/149 1467/301/154 1472/306/159 1471/300/152
f 1474/302/155 1464/262/114 1479/263/116
f 1467/301/154 1468/303/156 1473/304/157 1472/306/159
f 1472/306/159 1473/304/157 1478/264/118 1477/256/109
f 1473/304/157 1474/302/155 1479/263/116 1478/264/118
f 1476/257/112 1430/258/111 1429/266/119 1475/305/158
f 1471/300/152 1472/306/159 1477/256/109 1476/257/112
f 1478/264/118 1432/265/117 1431/259/110 1477/256/109
f 1528/256/109 1482/259/110 1481/258/111 1527/257/112
f 1484/260/113 1515/262/114 1489/261/115
f 1530/263/116 1484/260/113 1483/265/117 1529/264/118
f 1480/266/119 1481/258/111 1486/268/120 1485/267/121
f 1515/262/114 1484/260/113 1530/263/116
f 1481/258/111 1482/259/110 1487/269/122 1486/268/120
f 1489/261/115 1515/262/114 1494/270/123
f 1482/259/110 1483/265/117 1488/271/124 1487/269/122
f 1483/265/117 1484/260/113 1489/261/115 1488/271/124
f 1485/267/121 1486/268/120 1491/273/125 1490/272/126
f 1490/272/126 1491/273/125 1496/275/127 1495/274/128
f 1486/268/120 1487/269/122 1492/276/129 1491/273/125
f 1494/270/123 1515/262/114 1499/277/130
f 1487/269/122 1488/271/124 1493/278/131 1492/276/129
f 1488/271/124 1489/261/115 1494/270/123 1493/278/131
f 1492/276/129 1493/278/131 1498/280/132 1497/279/133
f 1493/278/131 1494/270/123 1499/277/130 1498/280/132
f 1495/274/128 1496/275/127 1501/282/134 1500/281/135
f 1491/273/125 1492/276/129 1497/279/133 1496/275/127
f 1499/277/130 1515/262/114 1504/283/136
f 1496/275/127 1497/279/133 1502/284/137 1501/282/134
f 1504/283/136 1515/262/114 1509/285/138
f 1497/279/133 1498/280/132 1503/286/139 1502/284/137
f 1498/280/132 1499/277/130 1504/283/136 1503/286/139
f 1500/281/135 1501/282/134 1506/288/140 1505/287/141
f 1503/286/139 1504/283/136 1509/285/138 1508/289/142
f 1505/287/141 1506/288/140 1511/291/143 1510/290/144
f 1501/282/134 1502/284/137 1507/292/145 1506/288/140
f 1509/285/138 1515/262/114 1514/293/146
f 1502/284/137 1503/286/139 1508/289/142 1507/292/145
f 1507/292/145 1508/289/142 1513/295/147 1512/294/148
f 1508/289/142 1509/285/138 1514/293/146 1513/295/147
f 1510/290/144 1511/291/143 1517/297/149 1516/296/150
f 1506/288/140 1507/292/145 1512/294/148 1511/291/143
f 1514/293/146 1515/262/114 1520/298/151
f 1516/296/150 1517/297/149 1522/300/152 1521/299/153
f 1511/291/143 1512/294/148 1518/301/154 1517/297/149
f 1520/298/151 1515/262/114 1525/302/155
f 1512/294/148 1513/295/147 1519/303/156 1518/301/154
f 1513/295/147 1514/293/146 1520/298/151 1519/303/156
f 1519/303/156 1520/298/151 1525/302/155 1524/304/157
f 1521/299/153 1522/300/152 1527/257/112 1526/305/158
f 1517/297/149 1518/301/154 1523/306/159 1522/300/152
f 1525/302/155 1515/262/114 1530/263/116
f 1518/301/154 1519/303/156 1524/304/157 1523/306/159
f 1523/306/159 1524/304/157 1529/264/118 1528/256/109
f 1524/304/157 1525/302/155 1530/263/116 1529/264/118
f 1527/257/112 1481/258/111 1480/266/119 1526/305/158
f 1522/300/152 1523/306/159 1528/256/109 1527/257/112
f 1529/264/118 1483/265/117 1482/259/110 1528/256/109
f 1579/256/109 1533/259/110 1532/258/111 1578/257/112
f 1535/260/113 1566/262/114 1540/261/115
f 1581/263/116 1535/260/113 1534/265/117 1580/264/118
f 1531/266/119 1532/258/111 1537/268/120 1536/267/121
f 1566/262/114 1535/260/113 1581/263/116
f 1532/258/111 1533/259/110 1538/269/122 1537/268/120
f 1540/261/115 1566/262/114 1545/270/123
f 1533/259/110 1534/265/117 1539/271/124 1538/269/122
f 1534/265/117 1535/260/113 1540/261/115 1539/271/124
f 1536/267/121 1537/268/120 1542/273/125 1541/272/126
f 1541/272/126 1542/273/125 1547/275/127 1546/274/128
f 1537/268/120 1538/269/122 1543/276/129 1542/273/125
f 1545/270/123 1566/262/114 1550/277/130
f 1538/269/122 1539/271/124 1544/278/131 1543/276/129
f 1539/271/124 1540/261/115 1545/270/123 1544/278/131
f 1543/276/129 1544/278/131 1549/280/132 1548/279/133
f 1544/278/131 1545/270/123 1550/277/130 1549/280/132
f 1546/274/128 1547/275/127 1552/282/134 1551/281/135
f 1542/273/125 1543/276/129 1548/279/133 1547/275/127
f 1550/277/130 1566/262/114 1555/283/136
f 1547/275/127 1548/279/133 1553/284/137 1552/282/134
f 1555/283/136 1566/262/114 1560/285/138
f 1548/279/133 1549/280/132 1554/286/139 1553/284/137
f 1549/280/132 1550/277/130 1555/283/136 1554/286/139
f 1551/281/135 1552/282/134 1557/288/140 1556/287/141
f 1554/286/139 1555/283/136 1560/285/138 1559/289/142
f 1556/287/141 1557/288/140 1562/291/143 1561/290/144
f 1552/282/134 1553/284/137 1558/292/145 1557/288/140
f 1560/285/138 1566/262/114 1565/293/146
f 1553/284/137 1554/286/139 1559/289/142 1558/292/145
f 1558/292/145 1559/289/142 1564/295/147 1563/294/148
f 1559/289/142 1560/285/138 1565/293/146 1564/295/147
f 1561/290/144 1562/291/143 1568/297/149 1567/296/150
f 1557/288/140 1558/292/145 1563/294/148 1562/291/143
f 1565/293/146 1566/262/114 1571/298/151
f 1567/296/150 1568/297/149 1573/300/152 1572/299/153
f 1562/291/143 1563/294/148 1569/301/154 1568/297/149
f 1571/298/151 1566/262/114 1576/302/155
f 1563/294/148 1564/295/147 1570/303/156 1569/301/154
f 1564/295/147 1565/293/146 1571/298/151 1570/303/156
f 1570/303/156 1571/298/151 1576/302/155 1575/304/157
f 1572/299/153 1573/300/152 1578/257/112 1577/305/158
f 1568/297/149 1569/301/154 1574/306/159 1573/300/152
f 1576/302/155 1566/262/114 1581/263/116
f 1569/301/154 1570/303/156 1575/304/157 1574/306/159
f 1574/306/159 1575/304/157 1580/264/118 1579/256/109
f 1575/304/157 1576/302/155 1581/263/116 1580/264/118
f 1578/257/112 1532/258/111 1531/266/119 1577/305/158
f 1573/300/152 1574/306/159 1579/256/109 1578/257/112
f 1580/264/118 1534/265/117 1533/259/110 1579/256/109
f 1630/256/109 1584/259/110 1583/258/111 1629/257/112
f 1586/260/113 1617/262/114 1591/261/115
f 1632/263/116 1586/260/113 1585/265/117 1631/264/118
f 1582/266/119 1583/258/111 1588/268/120 1587/267/121
f 1617/262/114 1586/260/113 1632/263/116
f 1583/258/111 1584/259/110 1589/269/122 1588/268/120
f 1591/261/115 1617/262/114 1596/270/123
f 1584/259/110 1585/265/117 1590/271/124 1589/269/122
f 1585/265/117 1586/260/113 1591/261/115 1590/271/124
f 1587/267/121 1588/268/120 1593/273/125 1592/272/126
f 1592/272/126 1593/273/125 1598/275/127 1597/274/128
f 1588/268/120 1589/269/122 1594/276/129 1593/273/125
f 1596/270/123 1617/262/114 1601/277/130
f 1589/269/122 1590/271/124 1595/278/131 1594/276/129
f 1590/271/124 1591/261/115 1596/270/123 1595/278/131
f 1594/276/129 1595/278/131 1600/280/132 1599/279/133
f 1595/278/131 1596/270/123 1601/277/130 1600/280/132
f 1597/274/128 1598/275/127 1603/282/134 1602/281/135
f 1593/273/125 1594/276/129 1599/279/133 1598/275/127
f 1601/277/130 1617/262/114 1606/283/136
f 1598/275/127 1599/279/133 1604/284/137 1603/282/134
f 1606/283/136 1617/262/114 1611/285/138
f 1599/279/133 1600/280/132 1605/286/139 1604/284/137
f 1600/280/132 1601/277/130 1606/283/136 1605/286/139
f 1602/281/135 1603/282/134 1608/288/140 1607/287/141
f 1605/286/139 1606/283/136 1611/285/138 1610/289/142
f 1607/287/141 1608/288/140 1613/291/143 1612/290/144
f 1603/282/134 1604/284/137 1609/292/145 1608/288/140
f 1611/285/138 1617/262/114 1616/293/146
f 1604/284/137 1605/286/139 1610/289/142 1609/292/145
f 1609/292/145 1610/289/142 1615/295/147 1614/294/148
f 1610/289/142 1611/285/138 1616/293/146 1615/295/147
f 1612/290/144 1613/291/143 1619/297/149 1618/296/150
f 1608/288/140 1609/292/145 1614/294/148 1613/291/143
f 1616/293/146 1617/262/114 1622/298/151
f 1618/296/150 1619/297/149 1624/300/152 1623/299/153
f 1613/291/143 1614/294/148 1620/301/154 1619/297/149
f 1622/298/151 1617/262/114 1627/302/155
f 1614/294/148 1615/295/147 1621/303/156 1620/301/154
f 1615/295/147 1616/293/146 1622/298/151 1621/303/156
f 1621/303/156 1622/298/151 1627/302/155 1626/304/157
f 1623/299/153 1624/300/152 1629/257/112 1628/305/158
f 1619/297/149 1620/301/154 1625/306/159 1624/300/152
f 1627/302/155 1617/262/114 1632/263/116
f 1620/301/154 1621/303/156 1626/304/157 1625/306/159
f 1625/306/159 1626/304/157 1631/264/118 1630/256/109
f 1626/304/157 1627/302/155 1632/263/116 1631/264/118
f 1629/257/112 1583/258/111 1582/266/119 1628/305/158
f 1624/300/152 1625/306/159 1630/256/109 1629/257/112
f 1631/264/118 1585/265/117 1584/259/110 1630/256/109
f 1681/256/109 1635/259/110 1634/258/111 1680/257/112
f 1637/260/113 1668/262/114 1642/261/115
f 1683/263/116 1637/260/113 1636/265/117 1682/264/118
f 1633/266/119 1634/258/111 1639/268/120 1638/267/121
f 1668/262/114 1637/260/113 1683/263/116
f 1634/258/111 1635/259/110 1640/269/122 1639/268/120
f 1642/261/115 1668/262/114 1647/270/123
f 1635/259/110 1636/265/117 1641/271/124 1640/269/122
f 1636/265/117 1637/260/113 1642/261/115 1641/271/124
f 1638/267/121 1639/268/120 1644/273/125 1643/272/126
f 1643/272/126 1644/273/125 1649/275/127 1648/274/128
f 1639/268/120 1640/269/122 1645/276/129 1644/273/125
f 1647/270/123 1668/262/114 1652/277/130
f 1640/269/122 1641/271/124 1646/278/131 1645/276/129
f 1641/271/124 1642/261/115 1647/270/123 1646/278/131
f 1645/276/129 1646/278/131 1651/280/132 1650/279/133
f 1646/278/131 1647/270/123 1652/277/130 1651/280/132
f 1648/274/128 1649/275/127 1654/282/134 1653/281/135
f 1644/273/125 1645/276/129 1650/279/133 1649/275/127
f 1652/277/130 1668/262/114 1657/283/136
f 1649/275/127 1650/279/133 1655/284/137 1654/282/134
f 1657/283/136 1668/262/114 1662/285/138
f 1650/279/133 1651/280/132 1656/286/139 1655/284/137
f 1651/280/132 1652/277/130 1657/283/136 1656/286/139
f 1653/281/135 1654/282/134 1659/288/140 1658/287/141
f 1656/286/139 1657/283/136 1662/285/138 1661/289/142
f 1658/287/141 1659/288/140 1664/291/143 1663/290/144
f 1654/282/134 1655/284/137 1660/292/145 1659/288/140
f 1662/285/138 1668/262/114 1667/293/146
f 1655/284/137 1656/286/139 1661/289/142 1660/292/145
f 1660/292/145 1661/289/142 1666/295/147 1665/294/148
f 1661/289/142 1662/285/138 1667/293/146 1666/295/147
f 1663/290/144 1664/291/143 1670/297/149 1669/296/150
f 1659/288/140 1660/292/145 1665/294/148 1664/291/143
f 1667/293/146 1668/262/114 1673/298/151
f 1669/296/150 1670/297/149 1675/300/152 1674/299/153
f 1664/291/143 1665/294/148 1671/301/154 1670/297/149
f 1673/298/151 1668/262/114 1678/302/160
f 1665/294/148 1666/295/147 1672/303/156 1671/301/154
f 1666/295/147 1667/293/146 1673/298/151 1672/303/156
f 1672/303/156 1673/298/151 1678/302/160 1677/304/161
f 1674/299/153 1675/300/152 1680/257/112 1679/305/158
f 1670/297/149 1671/301/154 1676/306/159 1675/300/152
f 1678/302/160 1668/262/114 1683/263/116
f 1671/301/154 1672/303/156 1677/304/161 1676/306/159
f 1676/306/159 1677/304/161 1682/264/118 1681/256/109
f 1677/304/161 1678/302/160 1683/263/116 1682/264/118
f 1680/257/112 1634/258/111 1633/266/119 1679/305/158
f 1675/300/152 1676/306/159 1681/256/109 1680/257/112
f 1682/264/118 1636/265/117 1635/259/110 1681/256/109
f 1732/256/109 1686/259/110 1685/258/111 1731/257/112
f 1688/260/113 1719/262/114 1693/261/162
f 1734/263/116 1688/260/113 1687/265/117 1733/264/118
f 1684/266/119 1685/258/111 1690/268/120 1689/267/121
f 1719/262/114 1688/260/113 1734/263/116
f 1685/258/111 1686/259/110 1691/269/122 1690/268/120
f 1693/261/162 1719/262/114 1698/270/123
f 1686/259/110 1687/265/117 1692/271/124 1691/269/122
f 1687/265/117 1688/260/113 1693/261/162 1692/271/124
f 1689/267/121 1690/268/120 1695/273/125 1694/272/126
f 1694/272/126 1695/273/125 1700/275/127 1699/274/128
f 1690/268/120 1691/269/122 1696/276/129 1695/273/125
f 1698/270/123 1719/262/114 1703/277/163
f 1691/269/122 1692/271/124 1697/278/131 1696/276/129
f 1692/271/124 1693/261/162 1698/270/123 1697/278/131
f 1696/276/129 1697/278/131 1702/280/132 1701/279/133
f 1697/278/131 1698/270/123 1703/277/163 1702/280/132
f 1699/274/128 1700/275/127 1705/282/134 1704/281/135
f 1695/273/125 1696/276/129 1701/279/133 1700/275/127
f 1703/277/163 1719/262/114 1708/283/136
f 1700/275/127 1701/279/133 1706/284/137 1705/282/134
f 1708/283/136 1719/262/114 1713/285/138
f 1701/279/133 1702/280/132 1707/286/139 1706/284/137
f 1702/280/132 1703/277/163 1708/283/136 1707/286/139
f 1704/281/135 1705/282/134 1710/288/140 1709/287/141
f 1707/286/139 1708/283/136 1713/285/138 1712/289/142
f 1709/287/141 1710/288/140 1715/291/143 1714/290/144
f 1705/282/134 1706/284/137 1711/292/145 1710/288/140
f 1713/285/138 1719/262/114 1718/293/146
f 1706/284/137 1707/286/139 1712/289/142 1711/292/145
f 1711/292/145 1712/289/142 1717/295/147 1716/294/148
f 1712/289/142 1713/285/138 1718/293/146 1717/295/147
f 1714/290/144 1715/291/143 1721/297/149 1720/296/150
f 1710/288/140 1711/292/145 1716/294/148 1715/291/143
f 1718/293/146 1719/262/114 1724/298/151
f 1720/296/150 1721/297/149 1726/300/152 1725/299/153
f 1715/291/143 1716/294/148 1722/301/154 1721/297/149
f 1724/298/151 1719/262/114 1729/302/155
f 1716/294/148 1717/295/147 1723/303/156 1722/301/154
f 1717/295/147 1718/293/146 1724/298/151 1723/303/156
f 1723/303/156 1724/298/151 1729/302/155 1728/304/157
f 1725/299/153 1726/300/152 1731/257/112 1730/305/158
f 1721/297/149 1722/301/154 1727/306/159 1726/300/152
f 1729/302/155 1719/262/114 1734/263/116
f 1722/301/154 1723/303/156 1728/304/157 1727/306/159
f 1727/306/159 1728/304/157 1733/264/118 1732/256/109
f 1728/304/157 1729/302/155 1734/263/116 1733/264/118
f 1731/257/112 1685/258/111 1684/266/119 1730/305/158
f 1726/300/152 1727/306/159 1732/256/109 1731/257/112
f 1733/264/118 1687/265/117 1686/259/110 1732/256/109
f 1783/256/109 1737/259/110 1736/258/111 1782/257/112
f 1739/260/113 1770/262/164 1744/261/115
f 1785/263/116 1739/260/113 1738/265/117 1784/264/118
f 1735/266/119 1736/258/111 1741/268/120 1740/267/121
f 1770/262/164 1739/260/113 1785/263/116
f 1736/258/111 1737/259/110 1742/269/122 1741/268/120
f 1744/261/115 1770/262/164 1749/270/123
f 1737/259/110 1738/265/117 1743/271/165 1742/269/122
f 1738/265/117 1739/260/113 1744/261/115 1743/271/165
f 1740/267/121 1741/268/120 1746/273/125 1745/272/126
f 1745/272/126 1746/273/125 1751/275/127 1750/274/128
f 1741/268/120 1742/269/122 1747/276/129 1746/273/125
f 1749/270/123 1770/262/164 1754/277/130
f 1742/269/122 1743/271/165 1748/278/131 1747/276/129
f 1743/271/165 1744/261/115 1749/270/123 1748/278/131
f 1747/276/129 1748/278/131 1753/280/166 1752/279/167
f 1748/278/131 1749/270/123 1754/277/130 1753/280/166
f 1750/274/128 1751/275/127 1756/282/134 1755/281/135
f 1746/273/125 1747/276/129 1752/279/167 1751/275/127
f 1754/277/130 1770/262/164 1759/283/136
f 1751/275/127 1752/279/167 1757/284/137 1756/282/134
f 1759/283/136 1770/262/164 1764/285/138
f 1752/279/167 1753/280/166 1758/286/139 1757/284/137
f 1753/280/166 1754/277/130 1759/283/136 1758/286/139
f 1755/281/135 1756/282/134 1761/288/140 1760/287/141
f 1758/286/139 1759/283/136 1764/285/138 1763/289/142
f 1760/287/141 1761/288/140 1766/291/143 1765/290/144
f 1756/282/134 1757/284/137 1762/292/145 1761/288/140
f 1764/285/138 1770/262/164 1769/293/146
f 1757/284/137 1758/286/139 1763/289/142 1762/292/145
f 1762/292/145 1763/289/142 1768/295/147 1767/294/168
f 1763/289/142 1764/285/138 1769/293/146 1768/295/147
f 1765/290/144 1766/291/143 1772/297/149 1771/296/150
f 1761/288/140 1762/292/145 1767/294/168 1766/291/143
f 1769/293/146 1770/262/164 1775/298/151
f 1771/296/150 1772/297/149 1777/300/152 1776/299/153
f 1766/291/143 1767/294/168 1773/301/154 1772/297/149
f 1775/298/151 1770/262/164 1780/302/155
f 1767/294/168 1768/295/147 1774/303/156 1773/301/154
f 1768/295/147 1769/293/146 1775/298/151 1774/303/156
f 1774/303/156 1775/298/151 1780/302/155 1779/304/161
f 1776/299/153 1777/300/152 1782/257/112 1781/305/158
f 1772/297/149 1773/301/154 1778/306/159 1777/300/152
f 1780/302/155 1770/262/164 1785/263/116
f 1773/301/154 1774/303/156 1779/304/161 1778/306/159
f 1778/306/159 1779/304/161 1784/264/118 1783/256/109
f 1779/304/161 1780/302/155 1785/263/116 1784/264/118
f 1782/257/112 1736/258/111 1735/266/119 1781/305/158
f 1777/300/152 1778/306/159 1783/256/109 1782/257/112
f 1784/264/118 1738/265/117 1737/259/110 1783/256/109
f 1834/256/109 1788/259/110 1787/258/111 1833/257/112
f 1790/260/113 1821/262/164 1795/261/115
f 1836/263/116 1790/260/113 1789/265/117 1835/264/118
f 1786/266/119 1787/258/111 1792/268/120 1791/267/121
f 1821/262/164 1790/260/113 1836/263/116
f 1787/258/111 1788/259/110 1793/269/122 1792/268/120
f 1795/261/115 1821/262/164 1800/270/123
f 1788/259/110 1789/265/117 1794/271/165 1793/269/122
f 1789/265/117 1790/260/113 1795/261/115 1794/271/165
f 1791/267/121 1792/268/120 1797/273/125 1796/272/126
f 1796/272/126 1797/273/125 1802/275/127 1801/274/128
f 1792/268/120 1793/269/122 1798/276/129 1797/273/125
f 1800/270/123 1821/262/164 1805/277/169
f 1793/269/122 1794/271/165 1799/278/131 1798/276/129
f 1794/271/165 1795/261/115 1800/270/123 1799/278/131
f 1798/276/129 1799/278/131 1804/280/166 1803/279/167
f 1799/278/131 1800/270/123 1805/277/169 1804/280/166
f 1801/274/128 1802/275/127 1807/282/134 1806/281/135
f 1797/273/125 1798/276/129 1803/279/167 1802/275/127
f 1805/277/169 1821/262/164 1810/283/136
f 1802/275/127 1803/279/167 1808/284/137 1807/282/134
f 1810/283/136 1821/262/164 1815/285/138
f 1803/279/167 1804/280/166 1809/286/139 1808/284/137
f 1804/280/166 1805/277/169 1810/283/136 1809/286/139
f 1806/281/135 1807/282/134 1812/288/140 1811/287/141
f 1809/286/139 1810/283/136 1815/285/138 1814/289/142
f 1811/287/141 1812/288/140 1817/291/143 1816/290/144
f 1807/282/134 1808/284/137 1813/292/145 1812/288/140
f 1815/285/138 1821/262/164 1820/293/146
f 1808/284/137 1809/286/139 1814/289/142 1813/292/145
f 1813/292/145 1814/289/142 1819/295/147 1818/294/168
f 1814/289/142 1815/285/138 1820/293/146 1819/295/147
f 1816/290/144 1817/291/143 1823/297/149 1822/296/150
f 1812/288/140 1813/292/145 1818/294/168 1817/291/143
f 1820/293/146 1821/262/164 1826/298/151
f 1822/296/150 1823/297/149 1828/300/152 1827/299/153
f 1817/291/143 1818/294/168 1824/301/154 1823/297/149
f 1826/298/151 1821/262/164 1831/302/155
f 1818/294/168 1819/295/147 1825/303/156 1824/301/154
f 1819/295/147 1820/293/146 1826/298/151 1825/303/156
f 1825/303/156 1826/298/151 1831/302/155 1830/304/161
f 1827/299/153 1828/300/152 1833/257/112 1832/305/158
f 1823/297/149 1824/301/154 1829/306/159 1828/300/152
f 1831/302/155 1821/262/164 1836/263/116
f 1824/301/154 1825/303/156 1830/304/161 1829/306/159
f 1829/306/159 1830/304/161 1835/264/118 1834/256/109
f 1830/304/161 1831/302/155 1836/263/116 1835/264/118
f 1833/257/112 1787/258/111 1786/266/119 1832/305/158
f 1828/300/152 1829/306/159 1834/256/109 1833/257/112
f 1835/264/118 1789/265/117 1788/259/110 1834/256/109
f 1885/256/109 1839/259/110 1838/258/111 1884/257/112
f 1841/260/113 1872/262/164 1846/261/115
f 1887/263/116 1841/260/113 1840/265/117 1886/264/118
f 1837/266/119 1838/258/111 1843/268/120 1842/267/121
f 1872/262/164 1841/260/113 1887/263/116
f 1838/258/111 1839/259/110 1844/269/122 1843/268/120
f 1846/261/115 1872/262/164 1851/270/123
f 1839/259/110 1840/265/117 1845/271/165 1844/269/122
f 1840/265/117 1841/260/113 1846/261/115 1845/271/165
f 1842/267/121 1843/268/120 1848/273/125 1847/272/126
f 1847/272/126 1848/273/125 1853/275/127 1852/274/128
f 1843/268/120 1844/269/122 1849/276/129 1848/273/125
f 1851/270/123 1872/262/164 1856/277/130
f 1844/269/122 1845/271/165 1850/278/131 1849/276/129
f 1845/271/165 1846/261/115 1851/270/123 1850/278/131
f 1849/276/129 1850/278/131 1855/280/166 1854/279/167
f 1850/278/131 1851/270/123 1856/277/130 1855/280/166
f 1852/274/128 1853/275/127 1858/282/134 1857/281/135
f 1848/273/125 1849/276/129 1854/279/167 1853/275/127
f 1856/277/130 1872/262/164 1861/283/136
f 1853/275/127 1854/279/167 1859/284/137 1858/282/134
f 1861/283/136 1872/262/164 1866/285/138
f 1854/279/167 1855/280/166 1860/286/139 1859/284/137
f 1855/280/166 1856/277/130 1861/283/136 1860/286/139
f 1857/281/135 1858/282/134 1863/288/140 1862/287/141
f 1860/286/139 1861/283/136 1866/285/138 1865/289/142
f 1862/287/141 1863/288/140 1868/291/143 1867/290/144
f 1858/282/134 1859/284/137 1864/292/145 1863/288/140
f 1866/285/138 1872/262/164 1871/293/146
f 1859/284/137 1860/286/139 1865/289/142 1864/292/145
f 1864/292/145 1865/289/142 1870/295/147 1869/294/168
f 1865/289/142 1866/285/138 1871/293/146 1870/295/147
f 1867/290/144 1868/291/143 1874/297/149 1873/296/150
f 1863/288/140 1864/292/145 1869/294/168 1868/291/143
f 1871/293/146 1872/262/164 1877/298/151
f 1873/296/150 1874/297/149 1879/300/152 1878/299/153
f 1868/291/143 1869/294/168 1875/301/154 1874/297/149
f 1877/298/151 1872/262/164 1882/302/155
f 1869/294/168 1870/295/147 1876/303/156 1875/301/154
f 1870/295/147 1871/293/146 1877/298/151 1876/303/156
f 1876/303/156 1877/298/151 1882/302/155 1881/304/161
f 1878/299/153 1879/300/152 1884/257/112 1883/305/158
f 1874/297/149 1875/301/154 1880/306/159 1879/300/152
f 1882/302/155 1872/262/164 1887/263/116
f 1875/301/154 1876/303/156 1881/304/161 1880/306/159
f 1880/306/159 1881/304/161 1886/264/118 1885/256/109
f 1881/304/161 1882/302/155 1887/263/116 1886/264/118
f 1884/257/112 1838/258/111 1837/266/119 1883/305/158
f 1879/300/152 1880/306/159 1885/256/109 1884/257/112
f 1886/264/118 1840/265/117 1839/259/110 1885/256/109
f 1936/256/109 1890/259/110 1889/258/111 1935/257/112
f 1892/260/113 1923/262/164 1897/261/115
f 1938/263/116 1892/260/113 1891/265/117 1937/264/118
f 1888/266/119 1889/258/111 1894/268/120 1893/267/121
f 1923/262/164 1892/260/113 1938/263/116
f 1889/258/111 1890/259/110 1895/269/122 1894/268/120
f 1897/261/115 1923/262/164 1902/270/123
f 1890/259/110 1891/265/117 1896/271/165 1895/269/122
f 1891/265/117 1892/260/113 1897/261/115 1896/271/165
f 1893/267/121 1894/268/120 1899/273/125 1898/272/126
f 1898/272/126 1899/273/125 1904/275/127 1903/274/128
f 1894/268/120 1895/269/122 1900/276/129 1899/273/125
f 1902/270/123 1923/262/164 1907/277/169
f 1895/269/122 1896/271/165 1901/278/131 1900/276/129
f 1896/271/165 1897/261/115 1902/270/123 1901/278/131
f 1900/276/129 1901/278/131 1906/280/166 1905/279/167
f 1901/278/131 1902/270/123 1907/277/169 1906/280/166
f 1903/274/128 1904/275/127 1909/282/134 1908/281/135
f 1899/273/125 1900/276/129 1905/279/167 1904/275/127
f 1907/277/169 1923/262/164 1912/283/136
f 1904/275/127 1905/279/167 1910/284/137 1909/282/134
f 1912/283/136 1923/262/164 1917/285/138
f 1905/279/167 1906/280/166 1911/286/139 1910/284/137
f 1906/280/166 1907/277/169 1912/283/136 1911/286/139
f 1908/281/135 1909/282/134 1914/288/140 1913/287/141
f 1911/286/139 1912/283/136 1917/285/138 1916/289/142
f 1913/287/141 1914/288/140 1919/291/143 1918/290/144
f 1909/282/134 1910/284/137 1915/292/145 1914/288/140
f 1917/285/138 1923/262/164 1922/293/146
f 1910/284/137 1911/286/139 1916/289/142 1915/292/145
f 1915/292/145 1916/289/142 1921/295/147 1920/294/168
f 1916/289/142 1917/285/138 1922/293/146 1921/295/147
f 1918/290/144 1919/291/143 1925/297/149 1924/296/150
f 1914/288/140 1915/292/145 1920/294/168 1919/291/143
f 1922/293/146 1923/262/164 1928/298/151
f 1924/296/150 1925/297/149 1930/300/152 1929/299/153
f 1919/291/143 1920/294/168 1926/301/154 1925/297/149
f 1928/298/151 1923/262/164 1933/302/155
f 1920/294/168 1921/295/147 1927/303/156 1926/301/154
f 1921/295/147 1922/293/146 1928/298/151 1927/303/156
f 1927/303/156 1928/298/151 1933/302/155 1932/304/161
f 1929/299/153 1930/300/152 1935/257/112 1934/305/158
f 1925/297/149 1926/301/154 1931/306/159 1930/300/152
f 1933/302/155 1923/262/164 1938/263/116
f 1926/301/154 1927/303/156 1932/304/161 1931/306/159
f 1931/306/159 1932/304/161 1937/264/118 1936/256/109
f 1932/304/161 1933/302/155 1938/263/116 1937/264/118
f 1935/257/112 1889/258/111 1888/266/119 1934/305/158
f 1930/300/152 1931/306/159 1936/256/109 1935/257/112
f 1937/264/118 1891/265/117 1890/259/110 1936/256/109
f 1987/256/109 1941/259/110 1940/258/111 1986/257/112
f 1943/260/113 1974/262/164 1948/261/115
f 1989/263/116 1943/260/113 1942/265/117 1988/264/118
f 1939/266/119 1940/258/111 1945/268/120 1944/267/121
f 1974/262/164 1943/260/113 1989/263/116
f 1940/258/111 1941/259/110 1946/269/122 1945/268/120
f 1948/261/115 1974/262/164 1953/270/123
f 1941/259/110 1942/265/117 1947/271/165 1946/269/122
f 1942/265/117 1943/260/113 1948/261/115 1947/271/165
f 1944/267/121 1945/268/120 1950/273/125 1949/272/126
f 1949/272/126 1950/273/125 1955/275/127 1954/274/128
f 1945/268/120 1946/269/122 1951/276/129 1950/273/125
f 1953/270/123 1974/262/164 1958/277/169
f 1946/269/122 1947/271/165 1952/278/131 1951/276/129
f 1947/271/165 1948/261/115 1953/270/123 1952/278/131
f 1951/276/129 1952/278/131 1957/280/166 1956/279/167
f 1952/278/131 1953/270/123 1958/277/169 1957/280/166
f 1954/274/128 1955/275/127 1960/282/134 1959/281/135
f 1950/273/125 1951/276/129 1956/279/167 1955/275/127
f 1958/277/169 1974/262/164 1963/283/136
f 1955/275/127 1956/279/167 1961/284/137 1960/282/134
f 1963/283/136 1974/262/164 1968/285/138
f 1956/279/167 1957/280/166 1962/286/139 1961/284/137
f 1957/280/166 1958/277/169 1963/283/136 1962/286/139
f 1959/281/135 1960/282/134 1965/288/140 1964/287/141
f 1962/286/139 1963/283/136 1968/285/138 1967/289/142
f 1964/287/141 1965/288/140 1970/291/143 1969/290/144
f 1960/282/134 1961/284/137 1966/292/145 1965/288/140
f 1968/285/138 1974/262/164 1973/293/146
f 1961/284/137 1962/286/139 1967/289/142 1966/292/145
f 1966/292/145 1967/289/142 1972/295/147 1971/294/168
f 1967/289/142 1968/285/138 1973/293/146 1972/295/147
f 1969/290/144 1970/291/143 1976/297/149 1975/296/150
f 1965/288/140 1966/292/145 1971/294/168 1970/291/143
f 1973/293/146 1974/262/164 1979/298/170
f 1975/296/150 1976/297/149 1981/300/152 1980/299/171
f 1970/291/143 1971/294/168 1977/301/154 1976/297/149
f 1979/298/170 1974/262/164 1984/302/160
f 1971/294/168 1972/295/147 1978/303/156 1977/301/154
f 1972/295/147 1973/293/146 1979/298/170 1978/303/156
f 1978/303/156 1979/298/170 1984/302/160 1983/304/161
f 1980/299/171 1981/300/152 1986/257/112 1985/305/158
f 1976/297/149 1977/301/154 1982/306/159 1981/300/152
f 1984/302/160 1974/262/164 1989/263/116
f 1977/301/154 1978/303/156 1983/304/161 1982/306/159
f 1982/306/159 1983/304/161 1988/264/118 1987/256/109
f 1983/304/161 1984/302/160 1989/263/116 1988/264/118
f 1986/257/112 1940/258/111 1939/266/119 1985/305/158
f 1981/300/152 1982/306/159 1987/256/109 1986/257/112
f 1988/264/118 1942/265/117 1941/259/110 1987/256/109
f 2038/256/109 1992/259/110 1991/258/111 2037/257/112
f 1994/260/113 2025/262/164 1999/261/162
f 2040/263/116 1994/260/113 1993/265/117 2039/264/118
f 1990/266/119 1991/258/111 1996/268/120 1995/267/121
f 2025/262/164 1994/260/113 2040/263/116
f 1991/258/111 1992/259/110 1997/269/122 1996/268/120
f 1999/261/162 2025/262/164 2004/270/123
f 1992/259/110 1993/265/117 1998/271/124 1997/269/122
f 1993/265/117 1994/260/113 1999/261/162 1998/271/124
f 1995/267/121 1996/268/120 2001/273/125 2000/272/126
f 2000/272/126 2001/273/125 2006/275/127 2005/274/128
f 1996/268/120 1997/269/122 2002/276/129 2001/273/125
f 2004/270/123 2025/262/164 2009/277/130
f 1997/269/122 1998/271/124 2003/278/131 2002/276/129
f 1998/271/124 1999/261/162 2004/270/123 2003/278/131
f 2002/276/129 2003/278/131 2008/280/132 2007/279/167
f 2003/278/131 2004/270/123 2009/277/130 2008/280/132
f 2005/274/128 2006/275/127 2011/282/134 2010/281/135
f 2001/273/125 2002/276/129 2007/279/167 2006/275/127
f 2009/277/130 2025/262/164 2014/283/136
f 2006/275/127 2007/279/167 2012/284/137 2011/282/134
f 2014/283/136 2025/262/164 2019/285/138
f 2007/279/167 2008/280/132 2013/286/139 2012/284/137
f 2008/280/132 2009/277/130 2014/283/136 2013/286/139
f 2010/281/135 2011/282/134 2016/288/140 2015/287/141
f 2013/286/139 2014/283/136 2019/285/138 2018/289/142
f 2015/287/141 2016/288/140 2021/291/143 2020/290/144
f 2011/282/134 2012/284/137 2017/292/145 2016/288/140
f 2019/285/138 2025/262/164 2024/293/146
f 2012/284/137 2013/286/139 2018/289/142 2017/292/145
f 2017/292/145 2018/289/142 2023/295/147 2022/294/168
f 2018/289/142 2019/285/138 2024/293/146 2023/295/147
f 2020/290/144 2021/291/143 2027/297/149 2026/296/150
f 2016/288/140 2017/292/145 2022/294/168 2021/291/143
f 2024/293/146 2025/262/164 2030/298/151
f 2026/296/150 2027/297/149 2032/300/152 2031/299/153
f 2021/291/143 2022/294/168 2028/301/154 2027/297/149
f 2030/298/151 2025/262/164 2035/302/155
f 2022/294/168 2023/295/147 2029/303/156 2028/301/154
f 2023/295/147 2024/293/146 2030/298/151 2029/303/156
f 2029/303/156 2030/298/151 2035/302/155 2034/304/161
f 2031/299/153 2032/300/152 2037/257/112 2036/305/158
f 2027/297/149 2028/301/154 2033/306/159 2032/300/152
f 2035/302/155 2025/262/164 2040/263/116
f 2028/301/154 2029/303/156 2034/304/161 2033/306/159
f 2033/306/159 2034/304/161 2039/264/118 2038/256/109
f 2034/304/161 2035/302/155 2040/263/116 2039/264/118
f 2037/257/112 1991/258/111 1990/266/119 2036/305/158
f 2032/300/152 2033/306/159 2038/256/109 2037/257/112
f 2039/264/118 1993/265/117 1992/259/110 2038/256/109
f 2089/256/109 2043/259/110 2042/258/111 2088/257/112
f 2045/260/113 2076/262/172 2050/261/162
f 2091/263/116 2045/260/113 2044/265/117 2090/264/118
f 2041/266/119 2042/258/111 2047/268/120 2046/267/121
f 2076/262/172 2045/260/113 2091/263/116
f 2042/258/111 2043/259/110 2048/269/173 2047/268/120
f 2050/261/162 2076/262/172 2055/270/174
f 2043/259/110 2044/265/117 2049/271/124 2048/269/173
f 2044/265/117 2045/260/113 2050/261/162 2049/271/124
f 2046/267/121 2047/268/120 2052/273/125 2051/272/126
f 2051/272/126 2052/273/125 2057/275/127 2056/274/128
f 2047/268/120 2048/269/173 2053/276/129 2052/273/125
f 2055/270/174 2076/262/172 2060/277/130
f 2048/269/173 2049/271/124 2054/278/131 2053/276/129
f 2049/271/124 2050/261/162 2055/270/174 2054/278/131
f 2053/276/129 2054/278/131 2059/280/132 2058/279/167
f 2054/278/131 2055/270/174 2060/277/130 2059/280/132
f 2056/274/128 2057/275/127 2062/282/134 2061/281/135
f 2052/273/125 2053/276/129 2058/279/167 2057/275/127
f 2060/277/130 2076/262/172 2065/283/136
f 2057/275/127 2058/279/167 2063/284/137 2062/282/134
f 2065/283/136 2076/262/172 2070/285/138
f 2058/279/167 2059/280/132 2064/286/139 2063/284/137
f 2059/280/132 2060/277/130 2065/283/136 2064/286/139
f 2061/281/135 2062/282/134 2067/288/140 2066/287/141
f 2064/286/139 2065/283/136 2070/285/138 2069/289/142
f 2066/287/141 2067/288/140 2072/291/143 2071/290/144
f 2062/282/134 2063/284/137 2068/292/145 2067/288/140
f 2070/285/138 2076/262/172 2075/293/175
f 2063/284/137 2064/286/139 2069/289/142 2068/292/145
f 2068/292/145 2069/289/142 2074/295/176 2073/294/168
f 2069/289/142 2070/285/138 2075/293/175 2074/295/176
f 2071/290/144 2072/291/143 2078/297/149 2077/296/150
f 2067/288/140 2068/292/145 2073/294/168 2072/291/143
f 2075/293/175 2076/262/172 2081/298/177
f 2077/296/150 2078/297/149 2083/300/152 2082/299/153
f 2072/291/143 2073/294/168 2079/301/154 2078/297/149
f 2081/298/177 2076/262/172 2086/302/178
f 2073/294/168 2074/295/176 2080/303/156 2079/301/154
f 2074/295/176 2075/293/175 2081/298/177 2080/303/156
f 2080/303/156 2081/298/177 2086/302/178 2085/304/161
f 2082/299/153 2083/300/152 2088/257/112 2087/305/158
f 2078/297/149 2079/301/154 2084/306/179 2083/300/152
f 2086/302/178 2076/262/172 2091/263/116
f 2079/301/154 2080/303/156 2085/304/161 2084/306/179
f 2084/306/179 2085/304/161 2090/264/118 2089/256/109
f 2085/304/161 2086/302/178 2091/263/116 2090/264/118
f 2088/257/112 2042/258/111 2041/266/119 2087/305/158
f 2083/300/152 2084/306/179 2089/256/109 2088/257/112
f 2090/264/118 2044/265/117 2043/259/110 2089/256/109
f 2140/256/109 2094/259/110 2093/258/111 2139/257/112
f 2096/260/113 2127/262/172 2101/261/162
f 2142/263/116 2096/260/113 2095/265/117 2141/264/118
f 2092/266/119 2093/258/111 2098/268/120 2097/267/121
f 2127/262/172 2096/260/113 2142/263/116
f 2093/258/111 2094/259/110 2099/269/173 2098/268/120
f 2101/261/162 2127/262/172 2106/270/174
f 2094/259/110 2095/265/117 2100/271/124 2099/269/173
f 2095/265/117 2096/260/113 2101/261/162 2100/271/124
f 2097/267/121 2098/268/120 2103/273/125 2102/272/126
f 2102/272/126 2103/273/125 2108/275/127 2107/274/128
f 2098/268/120 2099/269/173 2104/276/129 2103/273/125
f 2106/270/174 2127/262/172 2111/277/130
f 2099/269/173 2100/271/124 2105/278/131 2104/276/129
f 2100/271/124 2101/261/162 2106/270/174 2105/278/131
f 2104/276/129 2105/278/131 2110/280/132 2109/279/167
f 2105/278/131 2106/270/174 2111/277/130 2110/280/132
f 2107/274/128 2108/275/127 2113/282/134 2112/281/135
f 2103/273/125 2104/276/129 2109/279/167 2108/275/127
f 2111/277/130 2127/262/172 2116/283/136
f 2108/275/127 2109/279/167 2114/284/137 2113/282/134
f 2116/283/136 2127/262/172 2121/285/138
f 2109/279/167 2110/280/132 2115/286/139 2114/284/137
f 2110/280/132 2111/277/130 2116/283/136 2115/286/139
f 2112/281/135 2113/282/134 2118/288/140 2117/287/141
f 2115/286/139 2116/283/136 2121/285/138 2120/289/142
f 2117/287/141 2118/288/140 2123/291/143 2122/290/144
f 2113/282/134 2114/284/137 2119/292/145 2118/288/140
f 2121/285/138 2127/262/172 2126/293/175
f 2114/284/137 2115/286/139 2120/289/142 2119/292/145
f 2119/292/145 2120/289/142 2125/295/176 2124/294/168
f 2120/289/142 2121/285/138 2126/293/175 2125/295/176
f 2122/290/144 2123/291/143 2129/297/149 2128/296/150
f 2118/288/140 2119/292/145 2124/294/168 2123/291/143
f 2126/293/175 2127/262/172 2132/298/177
f 2128/296/150 2129/297/149 2134/300/152 2133/299/153
f 2123/291/143 2124/294/168 2130/301/154 2129/297/149
f 2132/298/177 2127/262/172 2137/302/178
f 2124/294/168 2125/295/176 2131/303/156 2130/301/154
f 2125/295/176 2126/293/175 2132/298/177 2131/303/156
f 2131/303/156 2132/298/177 2137/302/178 2136/304/161
f 2133/299/153 2134/300/152 2139/257/112 2138/305/158
f 2129/297/149 2130/301/154 2135/306/179 2134/300/152
f 2137/302/178 2127/262/172 2142/263/116
f 2130/301/154 2131/303/156 2136/304/161 2135/306/179
f 2135/306/179 2136/304/161 2141/264/118 2140/256/109
f 2136/304/161 2137/302/178 2142/263/116 2141/264/118
f 2139/257/112 2093/258/111 2092/266/119 2138/305/158
f 2134/300/152 2135/306/179 2140/256/109 2139/257/112
f 2141/264/118 2095/265/117 2094/259/110 2140/256/109
f 2191/256/109 2145/259/110 2144/258/111 2190/257/112
f 2147/260/113 2178/262/172 2152/261/162
f 2193/263/116 2147/260/113 2146/265/117 2192/264/118
f 2143/266/119 2144/258/111 2149/268/120 2148/267/121
f 2178/262/172 2147/260/113 2193/263/116
f 2144/258/111 2145/259/110 2150/269/173 2149/268/120
f 2152/261/162 2178/262/172 2157/270/174
f 2145/259/110 2146/265/117 2151/271/124 2150/269/173
f 2146/265/117 2147/260/113 2152/261/162 2151/271/124
f 2148/267/121 2149/268/120 2154/273/125 2153/272/126
f 2153/272/126 2154/273/125 2159/275/127 2158/274/128
f 2149/268/120 2150/269/173 2155/276/129 2154/273/125
f 2157/270/174 2178/262/172 2162/277/130
f 2150/269/173 2151/271/124 2156/278/131 2155/276/129
f 2151/271/124 2152/261/162 2157/270/174 2156/278/131
f 2155/276/129 2156/278/131 2161/280/132 2160/279/167
f 2156/278/131 2157/270/174 2162/277/130 2161/280/132
f 2158/274/128 2159/275/127 2164/282/134 2163/281/135
f 2154/273/125 2155/276/129 2160/279/167 2159/275/127
f 2162/277/130 2178/262/172 2167/283/136
f 2159/275/127 2160/279/167 2165/284/137 2164/282/134
f 2167/283/136 2178/262/172 2172/285/138
f 2160/279/167 2161/280/132 2166/286/139 2165/284/137
f 2161/280/132 2162/277/130 2167/283/136 2166/286/139
f 2163/281/135 2164/282/134 2169/288/140 2168/287/141
f 2166/286/139 2167/283/136 2172/285/138 2171/289/142
f 2168/287/141 2169/288/140 2174/291/143 2173/290/144
f 2164/282/134 2165/284/137 2170/292/145 2169/288/140
f 2172/285/138 2178/262/172 2177/293/175
f 2165/284/137 2166/286/139 2171/289/142 2170/292/145
f 2170/292/145 2171/289/142 2176/295/176 2175/294/168
f 2171/289/142 2172/285/138 2177/293/175 2176/295/176
f 2173/290/144 2174/291/143 2180/297/149 2179/296/150
f 2169/288/140 2170/292/145 2175/294/168 2174/291/143
f 2177/293/175 2178/262/172 2183/298/177
f 2179/296/150 2180/297/149 2185/300/152 2184/299/153
f 2174/291/143 2175/294/168 2181/301/154 2180/297/149
f 2183/298/177 2178/262/172 2188/302/155
f 2175/294/168 2176/295/176 2182/303/156 2181/301/154
f 2176/295/176 2177/293/175 2183/298/177 2182/303/156
f 2182/303/156 2183/298/177 2188/302/155 2187/304/161
f 2184/299/153 2185/300/152 2190/257/112 2189/305/158
f 2180/297/149 2181/301/154 2186/306/179 2185/300/152
f 2188/302/155 2178/262/172 2193/263/116
f 2181/301/154 2182/303/156 2187/304/161 2186/306/179
f 2186/306/179 2187/304/161 2192/264/118 2191/256/109
f 2187/304/161 2188/302/155 2193/263/116 2192/264/118
f 2190/257/112 2144/258/111 2143/266/119 2189/305/158
f 2185/300/152 2186/306/179 2191/256/109 2190/257/112
f 2192/264/118 2146/265/117 2145/259/110 2191/256/109
f 2242/256/109 2196/259/110 2195/258/111 2241/257/112
f 2198/260/113 2229/262/180 2203/261/162
f 2244/263/116 2198/260/113 2197/265/117 2243/264/118
f 2194/266/119 2195/258/111 2200/268/120 2199/267/121
f 2229/262/180 2198/260/113 2244/263/116
f 2195/258/111 2196/259/110 2201/269/173 2200/268/120
f 2203/261/162 2229/262/180 2208/270/174
f 2196/259/110 2197/265/117 2202/271/124 2201/269/173
f 2197/265/117 2198/260/113 2203/261/162 2202/271/124
f 2199/267/121 2200/268/120 2205/273/125 2204/272/126
f 2204/272/126 2205/273/125 2210/275/127 2209/274/128
f 2200/268/120 2201/269/173 2206/276/129 2205/273/125
f 2208/270/174 2229/262/180 2213/277/130
f 2201/269/173 2202/271/124 2207/278/131 2206/276/129
f 2202/271/124 2203/261/162 2208/270/174 2207/278/131
f 2206/276/129 2207/278/131 2212/280/132 2211/279/167
f 2207/278/131 2208/270/174 2213/277/130 2212/280/132
f 2209/274/128 2210/275/127 2215/282/134 2214/281/135
f 2205/273/125 2206/276/129 2211/279/167 2210/275/127
f 2213/277/130 2229/262/180 2218/283/136
f 2210/275/127 2211/279/167 2216/284/137 2215/282/134
f 2218/283/136 2229/262/180 2223/285/138
f 2211/279/167 2212/280/132 2217/286/139 2216/284/137
f 2212/280/132 2213/277/130 2218/283/136 2217/286/139
f 2214/281/135 2215/282/134 2220/288/140 2219/287/141
f 2217/286/139 2218/283/136 2223/285/138 2222/289/142
f 2219/287/141 2220/288/140 2225/291/143 2224/290/144
f 2215/282/134 2216/284/137 2221/292/145 2220/288/140
f 2223/285/138 2229/262/180 2228/293/175
f 2216/284/137 2217/286/139 2222/289/142 2221/292/145
f 2221/292/145 2222/289/142 2227/295/176 2226/294/168
f 2222/289/142 2223/285/138 2228/293/175 2227/295/176
f 2224/290/144 2225/291/143 2231/297/149 2230/296/150
f 2220/288/140 2221/292/145 2226/294/168 2225/291/143
f 2228/293/175 2229/262/180 2234/298/177
f 2230/296/150 2231/297/149 2236/300/152 2235/299/153
f 2225/291/143 2226/294/168 2232/301/154 2231/297/149
f 2234/298/177 2229/262/180 2239/302/178
f 2226/294/168 2227/295/176 2233/303/156 2232/301/154
f 2227/295/176 2228/293/175 2234/298/177 2233/303/156
f 2233/303/156 2234/298/177 2239/302/178 2238/304/161
f 2235/299/153 2236/300/152 2241/257/112 2240/305/158
f 2231/297/149 2232/301/154 2237/306/179 2236/300/152
f 2239/302/178 2229/262/180 2244/263/116
f 2232/301/154 2233/303/156 2238/304/161 2237/306/179
f 2237/306/179 2238/304/161 2243/264/118 2242/256/109
f 2238/304/161 2239/302/178 2244/263/116 2243/264/118
f 2241/257/112 2195/258/111 2194/266/119 2240/305/158
f 2236/300/152 2237/306/179 2242/256/109 2241/257/112
f 2243/264/118 2197/265/117 2196/259/110 2242/256/109
f 2293/256/109 2247/259/110 2246/258/111 2292/257/112
f 2249/260/113 2280/262/172 2254/261/162
f 2295/263/116 2249/260/113 2248/265/117 2294/264/118
f 2245/266/119 2246/258/111 2251/268/120 2250/267/121
f 2280/262/172 2249/260/113 2295/263/116
f 2246/258/111 2247/259/110 2252/269/173 2251/268/120
f 2254/261/162 2280/262/172 2259/270/174
f 2247/259/110 2248/265/117 2253/271/124 2252/269/173
f 2248/265/117 2249/260/113 2254/261/162 2253/271/124
f 2250/267/121 2251/268/120 2256/273/125 2255/272/126
f 2255/272/126 2256/273/125 2261/275/127 2260/274/128
f 2251/268/120 2252/269/173 2257/276/129 2256/273/125
f 2259/270/174 2280/262/172 2264/277/130
f 2252/269/173 2253/271/124 2258/278/131 2257/276/129
f 2253/271/124 2254/261/162 2259/270/174 2258/278/131
f 2257/276/129 2258/278/131 2263/280/132 2262/279/167
f 2258/278/131 2259/270/174 2264/277/130 2263/280/132
f 2260/274/128 2261/275/127 2266/282/134 2265/281/135
f 2256/273/125 2257/276/129 2262/279/167 2261/275/127
f 2264/277/130 2280/262/172 2269/283/136
f 2261/275/127 2262/279/167 2267/284/137 2266/282/134
f 2269/283/136 2280/262/172 2274/285/138
f 2262/279/167 2263/280/132 2268/286/139 2267/284/137
f 2263/280/132 2264/277/130 2269/283/136 2268/286/139
f 2265/281/135 2266/282/134 2271/288/140 2270/287/141
f 2268/286/139 2269/283/136 2274/285/138 2273/289/142
f 2270/287/141 2271/288/140 2276/291/143 2275/290/144
f 2266/282/134 2267/284/137 2272/292/145 2271/288/140
f 2274/285/138 2280/262/172 2279/293/146
f 2267/284/137 2268/286/139 2273/289/142 2272/292/145
f 2272/292/145 2273/289/142 2278/295/147 2277/294/168
f 2273/289/142 2274/285/138 2279/293/146 2278/295/147
f 2275/290/144 2276/291/143 2282/297/149 2281/296/150
f 2271/288/140 2272/292/145 2277/294/168 2276/291/143
f 2279/293/146 2280/262/172 2285/298/181
f 2281/296/150 2282/297/149 2287/300/152 2286/299/153
f 2276/291/143 2277/294/168 2283/301/154 2282/297/149
f 2285/298/181 2280/262/172 2290/302/155
f 2277/294/168 2278/295/147 2284/303/156 2283/301/154
f 2278/295/147 2279/293/146 2285/298/181 2284/303/156
f 2284/303/156 2285/298/181 2290/302/155 2289/304/161
f 2286/299/153 2287/300/152 2292/257/112 2291/305/158
f 2282/297/149 2283/301/154 2288/306/179 2287/300/152
f 2290/302/155 2280/262/172 2295/263/116
f 2283/301/154 2284/303/156 2289/304/161 2288/306/179
f 2288/306/179 2289/304/161 2294/264/118 2293/256/109
f 2289/304/161 2290/302/155 2295/263/116 2294/264/118
f 2292/257/112 2246/258/111 2245/266/119 2291/305/158
f 2287/300/152 2288/306/179 2293/256/109 2292/257/112
f 2294/264/118 2248/265/117 2247/259/110 2293/256/109
f 2344/256/109 2298/259/110 2297/258/111 2343/257/112
f 2300/260/113 2331/262/182 2305/261/162
f 2346/263/116 2300/260/113 2299/265/117 2345/264/118
f 2296/266/119 2297/258/111 2302/268/120 2301/267/121
f 2331/262/182 2300/260/113 2346/263/116
f 2297/258/111 2298/259/110 2303/269/122 2302/268/120
f 2305/261/162 2331/262/182 2310/270/183
f 2298/259/110 2299/265/117 2304/271/124 2303/269/122
f 2299/265/117 2300/260/113 2305/261/162 2304/271/124
f 2301/267/121 2302/268/120 2307/273/125 2306/272/126
f 2306/272/126 2307/273/125 2312/275/127 2311/274/128
f 2302/268/120 2303/269/122 2308/276/129 2307/273/125
f 2310/270/183 2331/262/182 2315/277/130
f 2303/269/122 2304/271/124 2309/278/131 2308/276/129
f 2304/271/124 2305/261/162 2310/270/183 2309/278/131
f 2308/276/129 2309/278/131 2314/280/132 2313/279/133
f 2309/278/131 2310/270/183 2315/277/130 2314/280/132
f 2311/274/128 2312/275/127 2317/282/134 2316/281/135
f 2307/273/125 2308/276/129 2313/279/133 2312/275/127
f 2315/277/130 2331/262/182 2320/283/136
f 2312/275/127 2313/279/133 2318/284/137 2317/282/134
f 2320/283/136 2331/262/182 2325/285/138
f 2313/279/133 2314/280/132 2319/286/139 2318/284/137
f 2314/280/132 2315/277/130 2320/283/136 2319/286/139
f 2316/281/135 2317/282/134 2322/288/140 2321/287/141
f 2319/286/139 2320/283/136 2325/285/138 2324/289/142
f 2321/287/141 2322/288/140 2327/291/143 2326/290/144
f 2317/282/134 2318/284/137 2323/292/145 2322/288/140
f 2325/285/138 2331/262/182 2330/293/175
f 2318/284/137 2319/286/139 2324/289/142 2323/292/145
f 2323/292/145 2324/289/142 2329/295/147 2328/294/148
f 2324/289/142 2325/285/138 2330/293/175 2329/295/147
f 2326/290/144 2327/291/143 2333/297/149 2332/296/150
f 2322/288/140 2323/292/145 2328/294/148 2327/291/143
f 2330/293/175 2331/262/182 2336/298/184
f 2332/296/150 2333/297/149 2338/300/152 2337/299/153
f 2327/291/143 2328/294/148 2334/301/154 2333/297/149
f 2336/298/184 2331/262/182 2341/302/178
f 2328/294/148 2329/295/147 2335/303/156 2334/301/154
f 2329/295/147 2330/293/175 2336/298/184 2335/303/156
f 2335/303/156 2336/298/184 2341/302/178 2340/304/157
f 2337/299/153 2338/300/152 2343/257/112 2342/305/158
f 2333/297/149 2334/301/154 2339/306/159 2338/300/152
f 2341/302/178 2331/262/182 2346/263/116
f 2334/301/154 2335/303/156 2340/304/157 2339/306/159
f 2339/306/159 2340/304/157 2345/264/118 2344/256/109
f 2340/304/157 2341/302/178 2346/263/116 2345/264/118
f 2343/257/112 2297/258/111 2296/266/119 2342/305/158
f 2338/300/152 2339/306/159 2344/256/109 2343/257/112
f 2345/264/118 2299/265/117 2298/259/110 2344/256/109
f 2395/256/109 2349/259/110 2348/258/111 2394/257/112
f 2351/260/113 2382/262/182 2356/261/185
f 2397/263/116 2351/260/113 2350/265/117 2396/264/118
f 2347/266/119 2348/258/111 2353/268/120 2352/267/121
f 2382/262/182 2351/260/113 2397/263/116
f 2348/258/111 2349/259/110 2354/269/122 2353/268/120
f 2356/261/185 2382/262/182 2361/270/183
f 2349/259/110 2350/265/117 2355/271/124 2354/269/122
f 2350/265/117 2351/260/113 2356/261/185 2355/271/124
f 2352/267/121 2353/268/120 2358/273/125 2357/272/126
f 2357/272/126 2358/273/125 2363/275/127 2362/274/128
f 2353/268/120 2354/269/122 2359/276/129 2358/273/125
f 2361/270/183 2382/262/182 2366/277/130
f 2354/269/122 2355/271/124 2360/278/131 2359/276/129
f 2355/271/124 2356/261/185 2361/270/183 2360/278/131
f 2359/276/129 2360/278/131 2365/280/132 2364/279/133
f 2360/278/131 2361/270/183 2366/277/130 2365/280/132
f 2362/274/128 2363/275/127 2368/282/134 2367/281/135
f 2358/273/125 2359/276/129 2364/279/133 2363/275/127
f 2366/277/130 2382/262/182 2371/283/136
f 2363/275/127 2364/279/133 2369/284/137 2368/282/134
f 2371/283/136 2382/262/182 2376/285/138
f 2364/279/133 2365/280/132 2370/286/139 2369/284/137
f 2365/280/132 2366/277/130 2371/283/136 2370/286/139
f 2367/281/135 2368/282/134 2373/288/140 2372/287/141
f 2370/286/139 2371/283/136 2376/285/138 2375/289/142
f 2372/287/141 2373/288/140 2378/291/143 2377/290/144
f 2368/282/134 2369/284/137 2374/292/145 2373/288/140
f 2376/285/138 2382/262/182 2381/293/175
f 2369/284/137 2370/286/139 2375/289/142 2374/292/145
f 2374/292/145 2375/289/142 2380/295/147 2379/294/148
f 2375/289/142 2376/285/138 2381/293/175 2380/295/147
f 2377/290/144 2378/291/143 2384/297/149 2383/296/150
f 2373/288/140 2374/292/145 2379/294/148 2378/291/143
f 2381/293/175 2382/262/182 2387/298/184
f 2383/296/150 2384/297/149 2389/300/152 2388/299/153
f 2378/291/143 2379/294/148 2385/301/154 2384/297/149
f 2387/298/184 2382/262/182 2392/302/178
f 2379/294/148 2380/295/147 2386/303/156 2385/301/154
f 2380/295/147 2381/293/175 2387/298/184 2386/303/156
f 2386/303/156 2387/298/184 2392/302/178 2391/304/157
f 2388/299/153 2389/300/152 2394/257/112 2393/305/158
f 2384/297/149 2385/301/154 2390/306/159 2389/300/152
f 2392/302/178 2382/262/182 2397/263/116
f 2385/301/154 2386/303/156 2391/304/157 2390/306/159
f 2390/306/159 2391/304/157 2396/264/118 2395/256/109
f 2391/304/157 2392/302/178 2397/263/116 2396/264/118
f 2394/257/112 2348/258/111 2347/266/119 2393/305/158
f 2389/300/152 2390/306/159 2395/256/109 2394/257/112
f 2396/264/118 2350/265/117 2349/259/110 2395/256/109
f 2446/256/109 2400/259/110 2399/258/111 2445/257/112
f 2402/260/113 2433/262/182 2407/261/162
f 2448/263/116 2402/260/113 2401/265/117 2447/264/118
f 2398/266/119 2399/258/111 2404/268/120 2403/267/121
f 2433/262/182 2402/260/113 2448/263/116
f 2399/258/111 2400/259/110 2405/269/122 2404/268/120
f 2407/261/162 2433/262/182 2412/270/183
f 2400/259/110 2401/265/117 2406/271/124 2405/269/122
f 2401/265/117 2402/260/113 2407/261/162 2406/271/124
f 2403/267/121 2404/268/120 2409/273/125 2408/272/126
f 2408/272/126 2409/273/125 2414/275/127 2413/274/128
f 2404/268/120 2405/269/122 2410/276/129 2409/273/125
f 2412/270/183 2433/262/182 2417/277/130
f 2405/269/122 2406/271/124 2411/278/131 2410/276/129
f 2406/271/124 2407/261/162 2412/270/183 2411/278/131
f 2410/276/129 2411/278/131 2416/280/132 2415/279/133
f 2411/278/131 2412/270/183 2417/277/130 2416/280/132
f 2413/274/128 2414/275/127 2419/282/134 2418/281/135
f 2409/273/125 2410/276/129 2415/279/133 2414/275/127
f 2417/277/130 2433/262/182 2422/283/136
f 2414/275/127 2415/279/133 2420/284/137 2419/282/134
f 2422/283/136 2433/262/182 2427/285/138
f 2415/279/133 2416/280/132 2421/286/139 2420/284/137
f 2416/280/132 2417/277/130 2422/283/136 2421/286/139
f 2418/281/135 2419/282/134 2424/288/140 2423/287/141
f 2421/286/139 2422/283/136 2427/285/138 2426/289/142
f 2423/287/141 2424/288/140 2429/291/143 2428/290/144
f 2419/282/134 2420/284/137 2425/292/145 2424/288/140
f 2427/285/138 2433/262/182 2432/293/146
f 2420/284/137 2421/286/139 2426/289/142 2425/292/145
f 2425/292/145 2426/289/142 2431/295/147 2430/294/148
f 2426/289/142 2427/285/138 2432/293/146 2431/295/147
f 2428/290/144 2429/291/143 2435/297/149 2434/296/150
f 2424/288/140 2425/292/145 2430/294/148 2429/291/143
f 2432/293/146 2433/262/182 2438/298/186
f 2434/296/150 2435/297/149 2440/300/152 2439/299/153
f 2429/291/143 2430/294/148 2436/301/154 2435/297/149
f 2438/298/186 2433/262/182 2443/302/155
f 2430/294/148 2431/295/147 2437/303/156 2436/301/154
f 2431/295/147 2432/293/146 2438/298/186 2437/303/156
f 2437/303/156 2438/298/186 2443/302/155 2442/304/161
f 2439/299/153 2440/300/152 2445/257/112 2444/305/158
f 2435/297/149 2436/301/154 2441/306/159 2440/300/152
f 2443/302/155 2433/262/182 2448/263/116
f 2436/301/154 2437/303/156 2442/304/161 2441/306/159
f 2441/306/159 2442/304/161 2447/264/118 2446/256/109
f 2442/304/161 2443/302/155 2448/263/116 2447/264/118
f 2445/257/112 2399/258/111 2398/266/119 2444/305/158
f 2440/300/152 2441/306/159 2446/256/109 2445/257/112
f 2447/264/118 2401/265/117 2400/259/110 2446/256/109
f 2497/256/109 2451/259/110 2450/258/111 2496/257/112
f 2453/260/113 2484/262/182 2458/261/185
f 2499/263/116 2453/260/113 2452/265/117 2498/264/118
f 2449/266/119 2450/258/111 2455/268/120 2454/267/121
f 2484/262/182 2453/260/113 2499/263/116
f 2450/258/111 2451/259/110 2456/269/122 2455/268/120
f 2458/261/185 2484/262/182 2463/270/183
f 2451/259/110 2452/265/117 2457/271/124 2456/269/122
f 2452/265/117 2453/260/113 2458/261/185 2457/271/124
f 2454/267/121 2455/268/120 2460/273/125 2459/272/126
f 2459/272/126 2460/273/125 2465/275/127 2464/274/128
f 2455/268/120 2456/269/122 2461/276/129 2460/273/125
f 2463/270/183 2484/262/182 2468/277/163
f 2456/269/122 2457/271/124 2462/278/131 2461/276/129
f 2457/271/124 2458/261/185 2463/270/183 2462/278/131
f 2461/276/129 2462/278/131 2467/280/132 2466/279/133
f 2462/278/131 2463/270/183 2468/277/163 2467/280/132
f 2464/274/128 2465/275/127 2470/282/134 2469/281/135
f 2460/273/125 2461/276/129 2466/279/133 2465/275/127
f 2468/277/163 2484/262/182 2473/283/136
f 2465/275/127 2466/279/133 2471/284/137 2470/282/134
f 2473/283/136 2484/262/182 2478/285/138
f 2466/279/133 2467/280/132 2472/286/139 2471/284/137
f 2467/280/132 2468/277/163 2473/283/136 2472/286/139
f 2469/281/135 2470/282/134 2475/288/140 2474/287/141
f 2472/286/139 2473/283/136 2478/285/138 2477/289/142
f 2474/287/141 2475/288/140 2480/291/143 2479/290/144
f 2470/282/134 2471/284/137 2476/292/145 2475/288/140
f 2478/285/138 2484/262/182 2483/293/146
f 2471/284/137 2472/286/139 2477/289/142 2476/292/145
f 2476/292/145 2477/289/142 2482/295/147 2481/294/148
f 2477/289/142 2478/285/138 2483/293/146 2482/295/147
f 2479/290/144 2480/291/143 2486/297/149 2485/296/150
f 2475/288/140 2476/292/145 2481/294/148 2480/291/143
f 2483/293/146 2484/262/182 2489/298/184
f 2485/296/150 2486/297/149 2491/300/152 2490/299/153
f 2480/291/143 2481/294/148 2487/301/154 2486/297/149
f 2489/298/184 2484/262/182 2494/302/155
f 2481/294/148 2482/295/147 2488/303/156 2487/301/154
f 2482/295/147 2483/293/146 2489/298/184 2488/303/156
f 2488/303/156 2489/298/184 2494/302/155 2493/304/157
f 2490/299/153 2491/300/152 2496/257/112 2495/305/158
f 2486/297/149 2487/301/154 2492/306/159 2491/300/152
f 2494/302/155 2484/262/182 2499/263/116
f 2487/301/154 2488/303/156 2493/304/157 2492/306/159
f 2492/306/159 2493/304/157 2498/264/118 2497/256/109
f 2493/304/157 2494/302/155 2499/263/116 2498/264/118
f 2496/257/112 2450/258/111 2449/266/119 2495/305/158
f 2491/300/152 2492/306/159 2497/256/109 2496/257/112
f 2498/264/118 2452/265/117 2451/259/110 2497/256/109
f 2548/256/109 2502/259/110 2501/258/111 2547/257/112
f 2504/260/113 2535/262/187 2509/261/115
f 2550/263/116 2504/260/113 2503/265/117 2549/264/118
f 2500/266/119 2501/258/111 2506/268/120 2505/267/121
f 2535/262/187 2504/260/113 2550/263/116
f 2501/258/111 2502/259/110 2507/269/173 2506/268/120
f 2509/261/115 2535/262/187 2514/270/123
f 2502/259/110 2503/265/117 2508/271/165 2507/269/173
f 2503/265/117 2504/260/113 2509/261/115 2508/271/165
f 2505/267/121 2506/268/120 2511/273/125 2510/272/126
f 2510/272/126 2511/273/125 2516/275/127 2515/274/188
f 2506/268/120 2507/269/173 2512/276/129 2511/273/125
f 2514/270/123 2535/262/187 2519/277/130
f 2507/269/173 2508/271/165 2513/278/131 2512/276/129
f 2508/271/165 2509/261/115 2514/270/123 2513/278/131
f 2512/276/129 2513/278/131 2518/280/132 2517/279/133
f 2513/278/131 2514/270/123 2519/277/130 2518/280/132
f 2515/274/188 2516/275/127 2521/282/134 2520/281/135
f 2511/273/125 2512/276/129 2517/279/133 2516/275/127
f 2519/277/130 2535/262/187 2524/283/136
f 2516/275/127 2517/279/133 2522/284/137 2521/282/134
f 2524/283/136 2535/262/187 2529/285/138
f 2517/279/133 2518/280/132 2523/286/139 2522/284/137
f 2518/280/132 2519/277/130 2524/283/136 2523/286/139
f 2520/281/135 2521/282/134 2526/288/140 2525/287/141
f 2523/286/139 2524/283/136 2529/285/138 2528/289/142
f 2525/287/141 2526/288/140 2531/291/143 2530/290/189
f 2521/282/134 2522/284/137 2527/292/145 2526/288/140
f 2529/285/138 2535/262/187 2534/293/146
f 2522/284/137 2523/286/139 2528/289/142 2527/292/145
f 2527/292/145 2528/289/142 2533/295/147 2532/294/148
f 2528/289/142 2529/285/138 2534/293/146 2533/295/147
f 2530/290/189 2531/291/143 2537/297/149 2536/296/150
f 2526/288/140 2527/292/145 2532/294/148 2531/291/143
f 2534/293/146 2535/262/187 2540/298/151
f 2536/296/150 2537/297/149 2542/300/152 2541/299/153
f 2531/291/143 2532/294/148 2538/301/154 2537/297/149
f 2540/298/151 2535/262/187 2545/302/155
f 2532/294/148 2533/295/147 2539/303/156 2538/301/154
f 2533/295/147 2534/293/146 2540/298/151 2539/303/156
f 2539/303/156 2540/298/151 2545/302/155 2544/304/161
f 2541/299/153 2542/300/152 2547/257/112 2546/305/158
f 2537/297/149 2538/301/154 2543/306/179 2542/300/152
f 2545/302/155 2535/262/187 2550/263/116
f 2538/301/154 2539/303/156 2544/304/161 2543/306/179
f 2543/306/179 2544/304/161 2549/264/118 2548/256/109
f 2544/304/161 2545/302/155 2550/263/116 2549/264/118
f 2547/257/112 2501/258/111 2500/266/119 2546/305/158
f 2542/300/152 2543/306/179 2548/256/109 2547/257/112
f 2549/264/118 2503/265/117 2502/259/110 2548/256/109
f 2599/256/109 2553/259/110 2552/258/111 2598/257/112
f 2555/260/113 2586/262/187 2560/261/115
f 2601/263/116 2555/260/113 2554/265/117 2600/264/118
f 2551/266/119 2552/258/111 2557/268/120 2556/267/121
f 2586/262/187 2555/260/113 2601/263/116
f 2552/258/111 2553/259/110 2558/269/173 2557/268/120
f 2560/261/115 2586/262/187 2565/270/123
f 2553/259/110 2554/265/117 2559/271/165 2558/269/173
f 2554/265/117 2555/260/113 2560/261/115 2559/271/165
f 2556/267/121 2557/268/120 2562/273/125 2561/272/126
f 2561/272/126 2562/273/125 2567/275/127 2566/274/128
f 2557/268/120 2558/269/173 2563/276/129 2562/273/125
f 2565/270/123 2586/262/187 2570/277/130
f 2558/269/173 2559/271/165 2564/278/131 2563/276/129
f 2559/271/165 2560/261/115 2565/270/123 2564/278/131
f 2563/276/129 2564/278/131 2569/280/132 2568/279/133
f 2564/278/131 2565/270/123 2570/277/130 2569/280/132
f 2566/274/128 2567/275/127 2572/282/134 2571/281/135
f 2562/273/125 2563/276/129 2568/279/133 2567/275/127
f 2570/277/130 2586/262/187 2575/283/136
f 2567/275/127 2568/279/133 2573/284/137 2572/282/134
f 2575/283/136 2586/262/187 2580/285/138
f 2568/279/133 2569/280/132 2574/286/139 2573/284/137
f 2569/280/132 2570/277/130 2575/283/136 2574/286/139
f 2571/281/135 2572/282/134 2577/288/140 2576/287/141
f 2574/286/139 2575/283/136 2580/285/138 2579/289/142
f 2576/287/141 2577/288/140 2582/291/143 2581/290/144
f 2572/282/134 2573/284/137 2578/292/145 2577/288/140
f 2580/285/138 2586/262/187 2585/293/146
f 2573/284/137 2574/286/139 2579/289/142 2578/292/145
f 2578/292/145 2579/289/142 2584/295/147 2583/294/148
f 2579/289/142 2580/285/138 2585/293/146 2584/295/147
f 2581/290/144 2582/291/143 2588/297/149 2587/296/150
f 2577/288/140 2578/292/145 2583/294/148 2582/291/143
f 2585/293/146 2586/262/187 2591/298/151
f 2587/296/150 2588/297/149 2593/300/152 2592/299/153
f 2582/291/143 2583/294/148 2589/301/154 2588/297/149
f 2591/298/151 2586/262/187 2596/302/155
f 2583/294/148 2584/295/147 2590/303/156 2589/301/154
f 2584/295/147 2585/293/146 2591/298/151 2590/303/156
f 2590/303/156 2591/298/151 2596/302/155 2595/304/161
f 2592/299/153 2593/300/152 2598/257/112 2597/305/158
f 2588/297/149 2589/301/154 2594/306/179 2593/300/152
f 2596/302/155 2586/262/187 2601/263/116
f 2589/301/154 2590/303/156 2595/304/161 2594/306/179
f 2594/306/179 2595/304/161 2600/264/118 2599/256/109
f 2595/304/161 2596/302/155 2601/263/116 2600/264/118
f 2598/257/112 2552/258/111 2551/266/119 2597/305/158
f 2593/300/152 2594/306/179 2599/256/109 2598/257/112
f 2600/264/118 2554/265/117 2553/259/110 2599/256/109
f 2650/256/109 2604/259/110 2603/258/111 2649/257/112
f 2606/260/113 2637/262/187 2611/261/115
f 2652/263/116 2606/260/113 2605/265/117 2651/264/118
f 2602/266/119 2603/258/111 2608/268/120 2607/267/121
f 2637/262/187 2606/260/113 2652/263/116
f 2603/258/111 2604/259/110 2609/269/173 2608/268/120
f 2611/261/115 2637/262/187 2616/270/123
f 2604/259/110 2605/265/117 2610/271/165 2609/269/173
f 2605/265/117 2606/260/113 2611/261/115 2610/271/165
f 2607/267/121 2608/268/120 2613/273/125 2612/272/126
f 2612/272/126 2613/273/125 2618/275/127 2617/274/188
f 2608/268/120 2609/269/173 2614/276/129 2613/273/125
f 2616/270/123 2637/262/187 2621/277/130
f 2609/269/173 2610/271/165 2615/278/131 2614/276/129
f 2610/271/165 2611/261/115 2616/270/123 2615/278/131
f 2614/276/129 2615/278/131 2620/280/132 2619/279/133
f 2615/278/131 2616/270/123 2621/277/130 2620/280/132
f 2617/274/188 2618/275/127 2623/282/134 2622/281/135
f 2613/273/125 2614/276/129 2619/279/133 2618/275/127
f 2621/277/130 2637/262/187 2626/283/136
f 2618/275/127 2619/279/133 2624/284/137 2623/282/134
f 2626/283/136 2637/262/187 2631/285/138
f 2619/279/133 2620/280/132 2625/286/139 2624/284/137
f 2620/280/132 2621/277/130 2626/283/136 2625/286/139
f 2622/281/135 2623/282/134 2628/288/140 2627/287/141
f 2625/286/139 2626/283/136 2631/285/138 2630/289/142
f 2627/287/141 2628/288/140 2633/291/143 2632/290/189
f 2623/282/134 2624/284/137 2629/292/145 2628/288/140
f 2631/285/138 2637/262/187 2636/293/146
f 2624/284/137 2625/286/139 2630/289/142 2629/292/145
f 2629/292/145 2630/289/142 2635/295/147 2634/294/148
f 2630/289/142 2631/285/138 2636/293/146 2635/295/147
f 2632/290/189 2633/291/143 2639/297/149 2638/296/150
f 2628/288/140 2629/292/145 2634/294/148 2633/291/143
f 2636/293/146 2637/262/187 2642/298/151
f 2638/296/150 2639/297/149 2644/300/152 2643/299/153
f 2633/291/143 2634/294/148 2640/301/154 2639/297/149
f 2642/298/151 2637/262/187 2647/302/155
f 2634/294/148 2635/295/147 2641/303/156 2640/301/154
f 2635/295/147 2636/293/146 2642/298/151 2641/303/156
f 2641/303/156 2642/298/151 2647/302/155 2646/304/161
f 2643/299/153 2644/300/152 2649/257/112 2648/305/158
f 2639/297/149 2640/301/154 2645/306/179 2644/300/152
f 2647/302/155 2637/262/187 2652/263/116
f 2640/301/154 2641/303/156 2646/304/161 2645/306/179
f 2645/306/179 2646/304/161 2651/264/118 2650/256/109
f 2646/304/161 2647/302/155 2652/263/116 2651/264/118
f 2649/257/112 2603/258/111 2602/266/119 2648/305/158
f 2644/300/152 2645/306/179 2650/256/109 2649/257/112
f 2651/264/118 2605/265/117 2604/259/110 2650/256/109
f 2701/256/109 2655/259/110 2654/258/111 2700/257/112
f 2657/260/113 2688/262/187 2662/261/115
f 2703/263/116 2657/260/113 2656/265/117 2702/264/118
f 2653/266/119 2654/258/111 2659/268/120 2658/267/121
f 2688/262/187 2657/260/113 2703/263/116
f 2654/258/111 2655/259/110 2660/269/173 2659/268/120
f 2662/261/115 2688/262/187 2667/270/123
f 2655/259/110 2656/265/117 2661/271/165 2660/269/173
f 2656/265/117 2657/260/113 2662/261/115 2661/271/165
f 2658/267/121 2659/268/120 2664/273/125 2663/272/126
f 2663/272/126 2664/273/125 2669/275/127 2668/274/188
f 2659/268/120 2660/269/173 2665/276/129 2664/273/125
f 2667/270/123 2688/262/187 2672/277/130
f 2660/269/173 2661/271/165 2666/278/131 2665/276/129
f 2661/271/165 2662/261/115 2667/270/123 2666/278/131
f 2665/276/129 2666/278/131 2671/280/132 2670/279/133
f 2666/278/131 2667/270/123 2672/277/130 2671/280/132
f 2668/274/188 2669/275/127 2674/282/134 2673/281/135
f 2664/273/125 2665/276/129 2670/279/133 2669/275/127
f 2672/277/130 2688/262/187 2677/283/136
f 2669/275/127 2670/279/133 2675/284/137 2674/282/134
f 2677/283/136 2688/262/187 2682/285/138
f 2670/279/133 2671/280/132 2676/286/139 2675/284/137
f 2671/280/132 2672/277/130 2677/283/136 2676/286/139
f 2673/281/135 2674/282/134 2679/288/140 2678/287/141
f 2676/286/139 2677/283/136 2682/285/138 2681/289/142
f 2678/287/141 2679/288/140 2684/291/143 2683/290/189
f 2674/282/134 2675/284/137 2680/292/145 2679/288/140
f 2682/285/138 2688/262/187 2687/293/146
f 2675/284/137 2676/286/139 2681/289/142 2680/292/145
f 2680/292/145 2681/289/142 2686/295/147 2685/294/148
f 2681/289/142 2682/285/138 2687/293/146 2686/295/147
f 2683/290/189 2684/291/143 2690/297/149 2689/296/150
f 2679/288/140 2680/292/145 2685/294/148 2684/291/143
f 2687/293/146 2688/262/187 2693/298/151
f 2689/296/150 2690/297/149 2695/300/152 2694/299/153
f 2684/291/143 2685/294/148 2691/301/154 2690/297/149
f 2693/298/151 2688/262/187 2698/302/155
f 2685/294/148 2686/295/147 2692/303/156 2691/301/154
f 2686/295/147 2687/293/146 2693/298/151 2692/303/156
f 2692/303/156 2693/298/151 2698/302/155 2697/304/161
f 2694/299/153 2695/300/152 2700/257/112 2699/305/158
f 2690/297/149 2691/301/154 2696/306/179 2695/300/152
f 2698/302/155 2688/262/187 2703/263/116
f 2691/301/154 2692/303/156 2697/304/161 2696/306/179
f 2696/306/179 2697/304/161 2702/264/118 2701/256/109
f 2697/304/161 2698/302/155 2703/263/116 2702/264/118
f 2700/257/112 2654/258/111 2653/266/119 2699/305/158
f 2695/300/152 2696/306/179 2701/256/109 2700/257/112
f 2702/264/118 2656/265/117 2655/259/110 2701/256/109
f 2752/256/109 2706/259/110 2705/258/111 2751/257/112
f 2708/260/113 2739/262/187 2713/261/115
f 2754/263/116 2708/260/113 2707/265/117 2753/264/118
f 2704/266/119 2705/258/111 2710/268/120 2709/267/121
f 2739/262/187 2708/260/113 2754/263/116
f 2705/258/111 2706/259/110 2711/269/173 2710/268/120
f 2713/261/115 2739/262/187 2718/270/123
f 2706/259/110 2707/265/117 2712/271/165 2711/269/173
f 2707/265/117 2708/260/113 2713/261/115 2712/271/165
f 2709/267/121 2710/268/120 2715/273/125 2714/272/126
f 2714/272/126 2715/273/125 2720/275/127 2719/274/128
f 2710/268/120 2711/269/173 2716/276/129 2715/273/125
f 2718/270/123 2739/262/187 2723/277/130
f 2711/269/173 2712/271/165 2717/278/131 2716/276/129
f 2712/271/165 2713/261/115 2718/270/123 2717/278/131
f 2716/276/129 2717/278/131 2722/280/132 2721/279/133
f 2717/278/131 2718/270/123 2723/277/130 2722/280/132
f 2719/274/128 2720/275/127 2725/282/134 2724/281/135
f 2715/273/125 2716/276/129 2721/279/133 2720/275/127
f 2723/277/130 2739/262/187 2728/283/136
f 2720/275/127 2721/279/133 2726/284/137 2725/282/134
f 2728/283/136 2739/262/187 2733/285/138
f 2721/279/133 2722/280/132 2727/286/139 2726/284/137
f 2722/280/132 2723/277/130 2728/283/136 2727/286/139
f 2724/281/135 2725/282/134 2730/288/140 2729/287/141
f 2727/286/139 2728/283/136 2733/285/138 2732/289/142
f 2729/287/141 2730/288/140 2735/291/143 2734/290/144
f 2725/282/134 2726/284/137 2731/292/145 2730/288/140
f 2733/285/138 2739/262/187 2738/293/146
f 2726/284/137 2727/286/139 2732/289/142 2731/292/145
f 2731/292/145 2732/289/142 2737/295/147 2736/294/148
f 2732/289/142 2733/285/138 2738/293/146 2737/295/147
f 2734/290/144 2735/291/143 2741/297/149 2740/296/150
f 2730/288/140 2731/292/145 2736/294/148 2735/291/143
f 2738/293/146 2739/262/187 2744/298/151
f 2740/296/150 2741/297/149 2746/300/152 2745/299/153
f 2735/291/143 2736/294/148 2742/301/154 2741/297/149
f 2744/298/151 2739/262/187 2749/302/160
f 2736/294/148 2737/295/147 2743/303/156 2742/301/154
f 2737/295/147 2738/293/146 2744/298/151 2743/303/156
f 2743/303/156 2744/298/151 2749/302/160 2748/304/161
f 2745/299/153 2746/300/152 2751/257/112 2750/305/158
f 2741/297/149 2742/301/154 2747/306/179 2746/300/152
f 2749/302/160 2739/262/187 2754/263/116
f 2742/301/154 2743/303/156 2748/304/161 2747/306/179
f 2747/306/179 2748/304/161 2753/264/118 2752/256/109
f 2748/304/161 2749/302/160 2754/263/116 2753/264/118
f 2751/257/112 2705/258/111 2704/266/119 2750/305/158
f 2746/300/152 2747/306/179 2752/256/109 2751/257/112
f 2753/264/118 2707/265/117 2706/259/110 2752/256/109
f 2803/256/109 2757/259/110 2756/258/111 2802/257/112
f 2759/260/113 2790/262/187 2764/261/162
f 2805/263/116 2759/260/113 2758/265/117 2804/264/118
f 2755/266/119 2756/258/111 2761/268/120 2760/267/121
f 2790/262/187 2759/260/113 2805/263/116
f 2756/258/111 2757/259/110 2762/269/173 2761/268/120
f 2764/261/162 2790/262/187 2769/270/123
f 2757/259/110 2758/265/117 2763/271/124 2762/269/173
f 2758/265/117 2759/260/113 2764/261/162 2763/271/124
f 2760/267/121 2761/268/120 2766/273/125 2765/272/126
f 2765/272/126 2766/273/125 2771/275/127 2770/274/188
f 2761/268/120 2762/269/173 2767/276/129 2766/273/125
f 2769/270/123 2790/262/187 2774/277/130
f 2762/269/173 2763/271/124 2768/278/131 2767/276/129
f 2763/271/124 2764/261/162 2769/270/123 2768/278/131
f 2767/276/129 2768/278/131 2773/280/132 2772/279/133
f 2768/278/131 2769/270/123 2774/277/130 2773/280/132
f 2770/274/188 2771/275/127 2776/282/134 2775/281/135
f 2766/273/125 2767/276/129 2772/279/133 2771/275/127
f 2774/277/130 2790/262/187 2779/283/136
f 2771/275/127 2772/279/133 2777/284/137 2776/282/134
f 2779/283/136 2790/262/187 2784/285/138
f 2772/279/133 2773/280/132 2778/286/139 2777/284/137
f 2773/280/132 2774/277/130 2779/283/136 2778/286/139
f 2775/281/135 2776/282/134 2781/288/140 2780/287/141
f 2778/286/139 2779/283/136 2784/285/138 2783/289/142
f 2780/287/141 2781/288/140 2786/291/143 2785/290/189
f 2776/282/134 2777/284/137 2782/292/145 2781/288/140
f 2784/285/138 2790/262/187 2789/293/146
f 2777/284/137 2778/286/139 2783/289/142 2782/292/145
f 2782/292/145 2783/289/142 2788/295/147 2787/294/148
f 2783/289/142 2784/285/138 2789/293/146 2788/295/147
f 2785/290/189 2786/291/143 2792/297/149 2791/296/150
f 2781/288/140 2782/292/145 2787/294/148 2786/291/143
f 2789/293/146 2790/262/187 2795/298/151
f 2791/296/150 2792/297/149 2797/300/152 2796/299/153
f 2786/291/143 2787/294/148 2793/301/154 2792/297/149
f 2795/298/151 2790/262/187 2800/302/155
f 2787/294/148 2788/295/147 2794/303/156 2793/301/154
f 2788/295/147 2789/293/146 2795/298/151 2794/303/156
f 2794/303/156 2795/298/151 2800/302/155 2799/304/161
f 2796/299/153 2797/300/152 2802/257/112 2801/305/158
f 2792/297/149 2793/301/154 2798/306/179 2797/300/152
f 2800/302/155 2790/262/187 2805/263/116
f 2793/301/154 2794/303/156 2799/304/161 2798/306/179
f 2798/306/179 2799/304/161 2804/264/118 2803/256/109
f 2799/304/161 2800/302/155 2805/263/116 2804/264/118
f 2802/257/112 2756/258/111 2755/266/119 2801/305/158
f 2797/300/152 2798/306/179 2803/256/109 2802/257/112
f 2804/264/118 2758/265/117 2757/259/110 2803/256/109
f 3053/307/190 3061/308/190 3059/309/191 3055/310/191
f 3061/308/192 3050/311/193 3046/312/194 3059/309/195
f 3040/313/196 3053/307/197 3055/310/198 3044/314/199
f 3041/315/200 3052/316/201 3054/317/202 3042/318/203
f 3042/318/203 3054/317/202 3053/307/197 3040/313/196
f 3056/319/204 3043/320/205 3045/321/206 3057/322/207
f 3057/322/207 3045/321/206 3044/314/199 3055/310/198
f 3062/323/208 3049/324/209 3051/325/210 3063/326/211
f 3063/326/211 3051/325/210 3050/311/193 3061/308/192
f 3047/327/212 3058/328/213 3060/329/214 3048/330/215
f 3048/330/215 3060/329/214 3059/309/195 3046/312/194
f 3052/316/216 3062/323/216 3063/326/217 3054/317/217
f 3054/317/217 3063/326/217 3061/308/190 3053/307/190
f 3058/328/218 3056/319/218 3057/322/219 3060/329/219
f 3060/329/219 3057/322/219 3055/310/191 3059/309/191
f 3046/331/194 3044/332/199 3045/333/206 3048/334/215
f 3048/334/215 3045/333/206 3043/335/205 3047/336/212
f 3049/337/209 3041/338/200 3042/339/203 3051/340/210
f 3051/340/210 3042/339/203 3040/341/196 3050/342/193
f 3046/331/194 3050/342/193 3040/341/196 3044/332/199
f 3077/307/190 3079/310/191 3083/309/191 3085/308/190
f 3085/308/197 3083/309/198 3070/312/220 3074/311/196
f 3064/313/193 3068/314/221 3079/310/195 3077/307/192
f 3065/315/222 3066/318/210 3078/317/211 3076/316/208
f 3066/318/210 3064/313/193 3077/307/192 3078/317/211
f 3080/319/223 3081/322/214 3069/321/215 3067/320/212
f 3081/322/214 3079/310/195 3068/314/221 3069/321/215
f 3086/323/201 3087/326/202 3075/325/203 3073/324/200
f 3087/326/202 3085/308/197 3074/311/196 3075/325/203
f 3071/327/205 3072/330/206 3084/329/207 3082/328/224
f 3072/330/206 3070/312/220 3083/309/198 3084/329/207
f 3076/316/216 3078/317/217 3087/326/217 3086/323/216
f 3078/317/217 3077/307/190 3085/308/190 3087/326/217
f 3082/328/218 3084/329/219 3081/322/219 3080/319/218
f 3084/329/219 3083/309/191 3079/310/191 3081/322/219
f 3070/331/220 3072/334/206 3069/333/215 3068/332/221
f 3072/334/206 3071/336/205 3067/335/212 3069/333/215
f 3073/337/200 3075/340/203 3066/339/210 3065/338/222
f 3075/340/203 3074/342/196 3064/341/193 3066/339/210
f 3070/331/220 3068/332/221 3064/341/193 3074/342/196
f 3101/307/225 3109/308/225 3107/309/226 3103/310/226
f 3109/308/227 3098/311/228 3094/312/229 3107/309/230
f 3088/313/231 3101/307/232 3103/310/233 3092/314/234
f 3089/315/235 3100/316/236 3102/317/237 3090/318/238
f 3090/318/238 3102/317/237 3101/307/232 3088/313/231
f 3104/319/239 3091/320/240 3093/321/241 3105/322/242
f 3105/322/242 3093/321/241 3092/314/234 3103/310/233
f 3110/323/243 3097/324/244 3099/325/245 3111/326/246
f 3111/326/246 3099/325/245 3098/311/228 3109/308/227
f 3095/327/247 3106/328/248 3108/329/249 3096/330/250
f 3096/330/250 3108/329/249 3107/309/230 3094/312/229
f 3100/316/251 3110/323/251 3111/326/252 3102/317/252
f 3102/317/252 3111/326/252 3109/308/225 3101/307/225
f 3106/328/253 3104/319/253 3105/322/254 3108/329/254
f 3108/329/254 3105/322/254 3103/310/226 3107/309/226
f 3094/331/229 3092/332/234 3093/333/241 3096/334/250
f 3096/334/250 3093/333/241 3091/335/240 3095/336/247
f 3097/337/244 3089/338/235 3090/339/238 3099/340/245
f 3099/340/245 3090/339/238 3088/341/231 3098/342/228
f 3094/331/229 3098/342/228 3088/341/231 3092/332/234
f 3125/307/225 3127/310/226 3131/309/226 3133/308/225
f 3133/308/232 3131/309/233 3118/312/234 3122/311/231
f 3112/313/228 3116/314/229 3127/310/230 3125/307/227
f 3113/315/244 3114/318/245 3126/317/246 3124/316/243
f 3114/318/245 3112/313/228 3125/307/227 3126/317/246
f 3128/319/248 3129/322/249 3117/321/250 3115/320/247
f 3129/322/249 3127/310/230 3116/314/229 3117/321/250
f 3134/323/236 3135/326/255 3123/325/238 3121/324/256
f 3135/326/255 3133/308/232 3122/311/231 3123/325/238
f 3119/327/240 3120/330/241 3132/329/257 3130/328/239
f 3120/330/241 3118/312/234 3131/309/233 3132/329/257
f 3124/316/251 3126/317/252 3135/326/252 3134/323/251
f 3126/317/252 3125/307/225 3133/308/225 3135/326/252
f 3130/328/253 3132/329/254 3129/322/254 3128/319/253
f 3132/329/254 3131/309/226 3127/310/226 3129/322/254
f 3118/331/234 3120/334/241 3117/333/250 3116/332/229
f 3120/334/241 3119/336/240 3115/335/247 3117/333/250
f 3121/337/256 3123/340/238 3114/339/245 3113/338/244
f 3123/340/238 3122/342/231 3112/341/228 3114/339/245
f 3118/331/234 3116/332/229 3112/341/228 3122/342/231
f 3136/343/258 3137/344/258 3139/345/258 3138/346/258
f 3142/347/259 3143/348/259 3141/349/259 3140/350/259
f 3140/350/10 3141/349/10 3137/344/10 3136/343/10
f 3138/346/260 3142/347/260 3140/350/260 3136/343/260
f 3143/348/261 3139/345/261 3137/344/261 3141/349/261
f 3144/351/6 3149/352/262 3150/353/263 3145/354/264
f 3145/354/264 3150/353/263 3151/355/265 3146/356/266
f 3146/356/266 3151/355/265 3152/357/267 3147/358/268
f 3147/359/268 3152/360/267 3153/361/269 3148/362/270
f 3148/362/270 3153/361/269 3149/352/262 3144/351/6
f 3149/352/262 3154/363/271 3155/364/272 3150/353/263
f 3150/353/263 3155/364/272 3156/365/273 3151/355/265
f 3151/355/265 3156/365/273 3157/366/274 3152/357/267
f 3152/360/267 3157/367/274 3158/368/275 3153/361/269
f 3153/361/269 3158/368/275 3154/363/271 3149/352/262
f 3154/363/271 3159/369/276 3160/370/277 3155/364/272
f 3155/364/272 3160/370/277 3161/371/278 3156/365/273
f 3156/365/273 3161/371/278 3162/372/279 3157/366/274
f 3157/367/274 3162/373/279 3163/374/280 3158/368/275
f 3158/368/275 3163/374/280 3159/369/276 3154/363/271
f 3159/369/276 3164/375/281 3165/376/282 3160/370/277
f 3160/370/277 3165/376/282 3166/377/283 3161/371/278
f 3161/371/278 3166/377/283 3167/378/284 3162/372/279
f 3162/373/279 3167/379/284 3168/380/285 3163/374/280
f 3163/374/280 3168/380/285 3164/375/281 3159/369/276
f 3164/375/281 3169/381/286 3170/382/287 3165/376/282
f 3165/376/282 3170/382/287 3171/383/288 3166/377/283
f 3166/377/283 3171/383/288 3172/384/289 3167/378/284
f 3167/379/284 3172/385/289 3173/386/290 3168/380/285
f 3168/380/285 3173/386/290 3169/381/286 3164/375/281
f 3169/381/286 3174/387/291 3175/388/292 3170/382/287
f 3170/382/287 3175/388/292 3176/389/293 3171/383/288
f 3171/383/288 3176/389/293 3177/390/294 3172/384/289
f 3172/385/289 3177/391/294 3178/392/295 3173/386/290
f 3173/386/290 3178/392/295 3174/387/291 3169/381/286
f 3174/387/291 3179/393/296 3180/394/297 3175/388/292
f 3175/388/292 3180/394/297 3181/395/298 3176/389/293
f 3176/389/293 3181/395/298 3182/396/299 3177/390/294
f 3177/391/294 3182/397/299 3183/398/300 3178/392/295
f 3178/392/295 3183/398/300 3179/393/296 3174/387/291
f 3179/393/296 3184/399/301 3185/400/302 3180/394/297
f 3180/394/297 3185/400/302 3186/401/303 3181/395/298
f 3181/395/298 3186/401/303 3187/402/304 3182/396/299
f 3182/397/299 3187/403/304 3188/404/305 3183/398/300
f 3183/398/300 3188/404/305 3184/399/301 3179/393/296
f 3184/399/301 3189/405/306 3190/406/307 3185/400/302
f 3185/400/302 3190/406/307 3191/407/308 3186/401/303
f 3186/401/303 3191/407/308 3192/408/309 3187/402/304
f 3187/403/304 3192/409/309 3193/410/310 3188/404/305
f 3188/404/305 3193/410/310 3189/405/306 3184/399/301
f 3189/405/306 3194/411/311 3195/412/312 3190/406/307
f 3190/406/307 3195/412/312 3196/413/313 3191/407/308
f 3191/407/308 3196/413/313 3197/414/314 3192/408/309
f 3192/409/309 3197/415/314 3198/416/315 3193/410/310
f 3193/410/310 3198/416/315 3194/411/311 3189/405/306
f 3194/411/311 3199/417/316 3200/418/317 3195/412/312
f 3195/412/312 3200/418/317 3201/419/318 3196/413/313
f 3196/413/313 3201/419/318 3202/420/319 3197/414/314
f 3197/415/314 3202/421/319 3203/422/320 3198/416/315
f 3198/416/315 3203/422/320 3199/417/316 3194/411/311
f 3199/417/316 3204/423/15 3205/424/321 3200/418/317
f 3200/418/317 3205/424/321 3206/425/322 3201/419/318
f 3201/419/318 3206/425/322 3207/426/323 3202/420/319
f 3202/421/319 3207/427/323 3208/428/324 3203/422/320
f 3203/422/320 3208/428/324 3204/423/15 3199/417/316
f 3204/423/15 3209/429/325 3210/430/326 3205/424/321
f 3205/424/321 3210/430/326 3211/431/327 3206/425/322
f 3206/425/322 3211/431/327 3212/432/328 3207/426/323
f 3207/427/323 3212/433/328 3213/434/329 3208/428/324
f 3208/428/324 3213/434/329 3209/429/325 3204/423/15
f 3209/429/325 3214/435/330 3215/436/331 3210/430/326
f 3210/430/326 3215/436/331 3216/437/332 3211/431/327
f 3211/431/327 3216/437/332 3217/438/333 3212/432/328
f 3212/433/328 3217/439/333 3218/440/334 3213/434/329
f 3213/434/329 3218/440/334 3214/435/330 3209/429/325
f 3214/435/330 3219/441/335 3220/442/336 3215/436/331
f 3215/436/331 3220/442/336 3221/443/337 3216/437/332
f 3216/437/332 3221/443/337 3222/444/338 3217/438/333
f 3217/439/333 3222/445/338 3223/446/339 3218/440/334
f 3218/440/334 3223/446/339 3219/441/335 3214/435/330
f 3219/441/335 3224/447/340 3225/448/341 3220/442/336
f 3220/442/336 3225/448/341 3226/449/342 3221/443/337
f 3221/443/337 3226/449/342 3227/450/343 3222/444/338
f 3222/445/338 3227/451/343 3228/452/344 3223/446/339
f 3223/446/339 3228/452/344 3224/447/340 3219/441/335
f 3224/447/340 3229/453/345 3230/454/346 3225/448/341
f 3225/448/341 3230/454/346 3231/455/347 3226/449/342
f 3226/449/342 3231/455/347 3232/456/348 3227/450/343
f 3227/451/343 3232/457/348 3233/458/349 3228/452/344
f 3228/452/344 3233/458/349 3229/453/345 3224/447/340
f 3229/453/345 3234/459/350 3235/460/351 3230/454/346
f 3230/454/346 3235/460/351 3236/461/352 3231/455/347
f 3231/455/347 3236/461/352 3237/462/353 3232/456/348
f 3232/457/348 3237/463/353 3238/464/354 3233/458/349
f 3233/458/349 3238/464/354 3234/459/350 3229/453/345
f 3234/465/350 3239/466/355 3240/467/356 3235/468/351
f 3235/468/351 3240/467/356 3241/469/357 3236/470/352
f 3236/470/352 3241/469/357 3242/471/358 3237/472/353
f 3237/473/353 3242/474/358 3243/475/359 3238/476/354
f 3238/476/354 3243/475/359 3239/466/355 3234/465/350
f 3239/466/355 3244/477/360 3245/478/361 3240/467/356
f 3240/467/356 3245/478/361 3246/479/362 3241/469/357
f 3241/469/357 3246/479/362 3247/480/363 3242/471/358
f 3242/474/358 3247/481/363 3248/482/364 3243/475/359
f 3243/475/359 3248/482/364 3244/477/360 3239/466/355
f 3244/477/360 3249/483/365 3250/484/366 3245/478/361
f 3245/478/361 3250/484/366 3251/485/367 3246/479/362
f 3246/479/362 3251/485/367 3252/486/368 3247/480/363
f 3247/481/363 3252/487/368 3253/488/369 3248/482/364
f 3248/482/364 3253/488/369 3249/483/365 3244/477/360
f 3249/483/365 3254/489/370 3255/490/371 3250/484/366
f 3250/484/366 3255/490/371 3256/491/372 3251/485/367
f 3251/485/367 3256/491/372 3257/492/373 3252/486/368
f 3252/487/368 3257/493/373 3258/494/374 3253/488/369
f 3253/488/369 3258/494/374 3254/489/370 3249/483/365
f 3254/489/370 3259/495/375 3260/496/376 3255/490/371
f 3255/490/371 3260/496/376 3261/497/377 3256/491/372
f 3256/491/372 3261/497/377 3262/498/378 3257/492/373
f 3257/493/373 3262/499/378 3263/500/379 3258/494/374
f 3258/494/374 3263/500/379 3259/495/375 3254/489/370
f 3259/495/375 3144/351/6 3145/354/264 3260/496/376
f 3260/496/376 3145/354/264 3146/356/266 3261/497/377
f 3261/497/377 3146/356/266 3147/358/268 3262/498/378
f 3262/499/378 3147/359/268 3148/362/270 3263/500/379
f 3263/500/379 3148/362/270 3144/351/6 3259/495/375
f 3312/256/27 3311/257/380 3265/258/381 3266/259/30
f 3268/260/382 3273/261/383 3299/262/384
f 3314/263/385 3313/264/35 3267/265/36 3268/260/382
f 3264/266/386 3269/267/387 3270/268/388 3265/258/381
f 3299/262/384 3314/263/385 3268/260/382
f 3265/258/381 3270/268/388 3271/269/91 3266/259/30
f 3273/261/383 3278/270/389 3299/262/384
f 3266/259/30 3271/269/91 3272/271/42 3267/265/36
f 3267/265/36 3272/271/42 3273/261/383 3268/260/382
f 3269/267/387 3274/272/390 3275/273/391 3270/268/388
f 3274/272/390 3279/274/392 3280/275/393 3275/273/391
f 3270/268/388 3275/273/391 3276/276/47 3271/269/91
f 3278/270/389 3283/277/394 3299/262/384
f 3271/269/91 3276/276/47 3277/278/49 3272/271/42
f 3272/271/42 3277/278/49 3278/270/389 3273/261/383
f 3276/276/47 3281/279/84 3282/280/51 3277/278/49
f 3277/278/49 3282/280/51 3283/277/394 3278/270/389
f 3279/274/392 3284/281/395 3285/282/396 3280/275/393
f 3275/273/391 3280/275/393 3281/279/84 3276/276/47
f 3283/277/394 3288/283/397 3299/262/384
f 3280/275/393 3285/282/396 3286/284/55 3281/279/84
f 3288/283/397 3293/285/398 3299/262/384
f 3281/279/84 3286/284/55 3287/286/57 3282/280/51
f 3282/280/51 3287/286/57 3288/283/397 3283/277/394
f 3284/281/395 3289/287/399 3290/288/400 3285/282/396
f 3287/286/57 3292/289/60 3293/285/398 3288/283/397
f 3289/287/399 3294/290/401 3295/291/402 3290/288/400
f 3285/282/396 3290/288/400 3291/292/63 3286/284/55
f 3293/285/398 3298/293/403 3299/262/384
f 3286/284/55 3291/292/63 3292/289/60 3287/286/57
f 3291/292/63 3296/294/86 3297/295/66 3292/289/60
f 3292/289/60 3297/295/66 3298/293/403 3293/285/398
f 3294/290/401 3300/296/404 3301/297/405 3295/291/402
f 3290/288/400 3295/291/402 3296/294/86 3291/292/63
f 3298/293/403 3304/298/406 3299/262/384
f 3300/296/404 3305/299/407 3306/300/408 3301/297/405
f 3295/291/402 3301/297/405 3302/301/72 3296/294/86
f 3304/298/406 3309/302/409 3299/262/384
f 3296/294/86 3302/301/72 3303/303/74 3297/295/66
f 3297/295/66 3303/303/74 3304/298/406 3298/293/403
f 3303/303/74 3308/304/79 3309/302/409 3304/298/406
f 3305/299/407 3310/305/410 3311/257/380 3306/300/408
f 3301/297/405 3306/300/408 3307/306/97 3302/301/72
f 3309/302/409 3314/263/385 3299/262/384
f 3302/301/72 3307/306/97 3308/304/79 3303/303/74
f 3307/306/97 3312/256/27 3313/264/35 3308/304/79
f 3308/304/79 3313/264/35 3314/263/385 3309/302/409
f 3311/257/380 3310/305/410 3264/266/386 3265/258/381
f 3306/300/408 3311/257/380 3312/256/27 3307/306/97
f 3313/264/35 3312/256/27 3266/259/30 3267/265/36
f 3316/501/411 3318/502/411 3322/503/411 3320/504/411
f 3318/505/412 3317/504/412 3321/501/412 3322/506/412
f 3315/501/413 3319/504/413 3321/503/413 3317/502/413
f 3316/505/414 3320/506/414 3319/501/414 3315/504/414
f 3324/504/13 3328/501/13 3330/507/13 3326/508/13
f 3326/509/15 3330/510/15 3329/504/15 3325/501/15
f 3323/504/14 3325/508/14 3329/507/14 3327/501/14
f 3324/509/6 3323/501/6 3327/504/6 3328/510/6
f 3322/511/415 3330/508/415 3328/504/415 3320/512/415
f 3321/513/416 3329/501/416 3330/509/416 3322/514/416
f 3316/515/10 3324/501/10 3326/507/10 3318/516/10
f 3318/517/10 3326/510/10 3325/504/10 3317/518/10
f 3321/511/417 3319/512/417 3327/504/417 3329/508/417
f 3319/513/418 3320/514/418 3328/509/418 3327/501/418
f 3315/515/10 3317/516/10 3325/507/10 3323/501/10
f 3316/517/10 3315/518/10 3323/504/10 3324/510/10
f 3332/501/419 3336/504/419 3338/503/419 3334/502/419
f 3334/505/420 3338/506/420 3337/501/420 3333/504/420
f 3331/501/421 3333/502/421 3337/503/421 3335/504/421
f 3332/505/422 3331/504/422 3335/501/422 3336/506/422
f 3340/504/13 3342/508/13 3346/507/13 3344/501/13
f 3342/509/15 3341/501/15 3345/504/15 3346/510/15
f 3339/504/14 3343/501/14 3345/507/14 3341/508/14
f 3340/509/6 3344/510/6 3343/504/6 3339/501/6
f 3338/511/423 3336/512/423 3344/504/423 3346/508/423
f 3337/513/424 3338/514/424 3346/509/424 3345/501/424
f 3332/515/20 3334/516/20 3342/507/20 3340/501/20
f 3334/517/20 3333/518/20 3341/504/20 3342/510/20
f 3337/511/425 3345/508/425 3343/504/425 3335/512/425
f 3335/513/426 3343/501/426 3344/509/426 3336/514/426
f 3331/515/20 3339/501/20 3341/507/20 3333/516/20
f 3332/517/20 3340/510/20 3339/504/20 3331/518/20
f 3360/307/427 3362/310/428 3366/309/428 3368/308/427
f 3368/308/429 3366/309/430 3353/312/431 3357/311/432
f 3347/313/433 3351/314/434 3362/310/435 3360/307/436
f 3348/315/437 3349/318/438 3361/317/439 3359/316/440
f 3349/318/438 3347/313/433 3360/307/436 3361/317/439
f 3363/319/441 3364/322/442 3352/321/443 3350/320/444
f 3364/322/442 3362/310/435 3351/314/434 3352/321/443
f 3369/323/445 3370/326/446 3358/325/447 3356/324/448
f 3370/326/446 3368/308/429 3357/311/432 3358/325/447
f 3354/327/449 3355/330/450 3367/329/451 3365/328/452
f 3355/330/450 3353/312/431 3366/309/430 3367/329/451
f 3359/316/453 3361/317/454 3370/326/454 3369/323/453
f 3361/317/454 3360/307/427 3368/308/427 3370/326/454
f 3365/328/455 3367/329/456 3364/322/456 3363/319/455
f 3367/329/456 3366/309/428 3362/310/428 3364/322/456
f 3353/331/431 3355/334/450 3352/333/443 3351/332/434
f 3355/334/450 3354/336/449 3350/335/444 3352/333/443
f 3356/337/448 3358/340/447 3349/339/438 3348/338/437
f 3358/340/447 3357/342/432 3347/341/433 3349/339/438
f 3353/331/431 3351/332/434 3347/341/433 3357/342/432
f 3371/343/457 3373/346/457 3374/345/457 3372/344/457
f 3377/347/458 3375/350/458 3376/349/458 3378/348/458
f 3375/350/20 3371/343/20 3372/344/20 3376/349/20
f 3373/346/459 3371/343/459 3375/350/459 3377/347/459
f 3378/348/460 3376/349/460 3372/344/460 3374/345/460
